0.02034,0.390879,1.5004,,0.344916
0.0403291,1.15325,4.45175,,0.384198
0.0603333,1.91777,7.34814,,0.382075
0.0803376,2.68217,10.0496,,0.382206
0.100327,3.44671,12.6773,,0.382282
0.120331,4.21128,15.1302,,0.382227
0.140335,4.97578,17.4854,,0.382365
0.160339,5.74042,19.7034,,0.382264
0.180328,6.50503,21.7889,,0.38232
0.200333,7.26954,23.7365,,0.382228
0.220337,8.03412,25.565,,0.382345
0.240326,8.79874,27.2577,,0.38231
0.26033,9.56331,28.7992,,0.382316
0.280335,10.3278,30.2066,,0.38214
0.300339,11.0923,31.4825,,0.382373
0.320328,11.857,32.6241,,0.382196
0.340332,12.6214,33.6374,,0.382247
0.360336,13.3859,34.5356,,0.382236
0.380341,14.1505,35.3205,,0.382269
0.40033,14.915,36.0329,,0.38232
0.420334,15.6797,36.6833,,0.382388
0.440338,16.4442,37.2904,,0.382206
0.460327,17.2086,37.8324,,0.382154
0.480332,17.9729,38.3069,,0.382189
0.500336,18.7376,38.7488,,0.382371
0.52034,19.502,39.1513,,0.382116
0.540329,20.2663,39.5153,,0.382325
0.560333,21.0309,39.8392,,0.382112
0.580338,21.7955,40.1338,,0.382414
0.600327,22.5601,40.3935,,0.382152
0.620331,23.3244,40.6307,,0.382276
0.640335,24.0889,40.8474,,0.382196
0.660339,24.8536,41.0407,,0.382496
0.680328,25.6182,41.2203,,0.382079
0.700333,26.3823,41.3746,,0.382221
0.720337,27.1466,41.5216,,0.382216
0.740326,27.9116,41.6549,,0.382284
0.76033,28.676,41.767,,0.382182
0.780335,29.4401,41.8745,,0.382021
0.800339,30.2044,41.9679,,0.382432
0.820328,30.9692,42.0292,,0.382212
0.840332,31.7336,42.0972,,0.382374
0.860336,32.4981,42.1691,,0.382021
0.880341,33.2625,42.2198,,0.382248
0.90033,34.0269,42.2731,,0.382214
0.920334,34.7914,42.3193,,0.38232
0.940338,35.5562,42.3615,,0.382285
0.960327,36.3204,42.4051,,0.38219
0.980331,37.085,42.447,,0.382252
1.00034,37.8491,42.4739,,0.381969
1.02034,38.6135,42.4949,,0.382448
1.04033,39.3784,42.5119,,0.382394
1.06033,40.1435,42.5315,,0.382492
1.08034,40.9067,42.5428,,0.381575
1.10033,41.6716,42.5416,,0.382249
1.12033,42.4361,42.536,,0.382378
1.14034,43.2002,42.5432,,0.382183
1.16034,43.9643,42.5464,,0.382162
1.18033,44.7294,42.5428,,0.382401
1.20033,45.4937,42.5313,,0.381893
1.22034,46.2582,42.5221,,0.382622
1.24033,47.0233,42.5135,,0.382583
1.26033,47.7879,42.5003,,0.38207
1.28033,48.5521,42.4776,,0.382248
1.30034,49.3163,42.4535,,0.382309
1.32033,50.081,42.4331,,0.381676
1.34033,50.8441,42.4127,,0.381722
1.36034,51.609,42.3903,,0.382989
1.38034,52.3746,42.3659,,0.382406
1.40033,53.1389,42.3297,,0.382018
1.42033,53.9023,42.3106,,0.381871
1.44034,54.6672,42.2809,,0.382615
1.46033,55.4319,42.2464,,0.382328
1.48033,56.1963,42.2136,,0.381846
1.50034,56.9606,42.1789,,0.382409
1.52034,57.7256,42.1395,,0.382565
1.54033,58.4902,42.1017,,0.38203
1.56033,59.2544,42.0736,,0.382057
1.58034,59.793,41.2949,,0.022155
1.60033,59.2478,37.7239,,-0.393273
1.62033,58.4733,34.5655,,-0.382072
1.64034,57.7097,31.8941,,-0.382056
1.66034,56.9452,29.5016,,-0.382278
1.68033,56.1801,27.296,,-0.382987
1.70033,55.4151,25.2523,,-0.38183
1.72034,54.651,23.3416,,-0.38236
1.74033,53.8869,21.5442,,-0.381694
1.76033,53.1221,19.8442,,-0.382926
1.78033,52.3575,18.2445,,-0.381977
1.80034,51.5928,16.7256,,-0.382187
1.82033,50.8286,15.2846,,-0.382474
1.84033,50.0637,13.9065,,-0.382502
1.86034,49.2993,12.5935,,-0.381866
1.88034,48.5355,11.3574,,-0.382093
1.90033,47.7703,10.157,,-0.382759
1.92033,47.0056,9.00444,,-0.381753
1.94034,46.2418,7.90283,,-0.382151
1.96033,45.4771,6.85313,,-0.382579
1.98033,44.7123,5.84667,,-0.382383
2.00034,43.9475,4.87624,,-0.382189
2.02034,43.1837,3.94255,,-0.381934
2.04033,42.4194,3.04521,,-0.382349
2.06033,41.6548,2.18634,,-0.382203
2.08034,40.8905,1.36409,,-0.38219
2.10033,40.1257,0.544491,,-0.382659
2.12033,39.3601,-0.246183,,-0.382367
2.14034,38.5964,-1.00823,,-0.381809
2.16034,37.8321,-1.75111,,-0.382311
2.18033,37.0677,-2.48126,,-0.382266
2.20033,36.3031,-3.1993,,-0.382289
2.22034,35.5386,-3.888,,-0.382156
2.24033,34.7743,-4.56217,,-0.382267
2.26033,34.0096,-5.22773,,-0.382307
2.28033,33.2452,-5.87534,,-0.382178
2.30034,32.4808,-6.52045,,-0.382165
2.32033,31.7162,-7.16095,,-0.382317
2.34033,30.9519,-7.77627,,-0.382213
2.36034,30.1873,-8.38022,,-0.382206
2.38034,29.4229,-8.99631,,-0.382228
2.40033,28.6586,-9.58912,,-0.381987
2.42033,27.8942,-10.1734,,-0.382329
2.44034,27.1297,-10.7588,,-0.382243
2.46033,26.3652,-11.3286,,-0.382373
2.48033,25.6008,-11.889,,-0.382256
2.50034,24.8363,-12.4543,,-0.382194
2.52034,24.0718,-13.0115,,-0.38227
2.54033,23.307,-13.5626,,-0.382287
2.56033,22.5429,-14.0996,,-0.381941
2.58034,21.7785,-14.6468,,-0.382442
2.60033,21.014,-15.1898,,-0.382088
2.62033,20.2492,-15.7129,,-0.382423
2.64034,19.4851,-16.2348,,-0.382101
2.66034,18.7206,-16.7642,,-0.382216
2.68033,17.9561,-17.2828,,-0.382212
2.70033,17.1915,-17.7905,,-0.382358
2.72034,16.4272,-18.3063,,-0.382074
2.74033,15.6627,-18.8191,,-0.382206
2.76033,14.8985,-19.317,,-0.382233
2.78033,14.1338,-19.8173,,-0.382379
2.80034,13.3693,-20.322,,-0.382188
2.82033,12.6049,-20.8198,,-0.382137
2.84033,11.8404,-21.3031,,-0.382332
2.86034,11.076,-21.7887,,-0.382202
2.88034,10.3116,-22.2774,,-0.382213
2.90033,9.54711,-22.7667,,-0.382151
2.92033,8.78274,-23.2485,,-0.382259
2.94034,8.01821,-23.7291,,-0.382242
2.96033,7.25375,-24.2008,,-0.38222
2.98033,6.48935,-24.68,,-0.382223
3.00034,5.72482,-25.1496,,-0.382222
3.02034,4.96044,-25.6078,,-0.382248
3.04033,4.19591,-26.0665,,-0.382272
3.06033,3.43143,-26.5257,,-0.38229
3.08034,2.667,-26.9723,,-0.382144
3.10033,1.90257,-27.4139,,-0.382211
3.12033,1.13813,-27.8666,,-0.382212
3.14034,0.373668,-28.3139,,-0.382235
3.16034,-0.390826,-28.7397,,-0.38228
3.18033,-1.15528,-29.1643,,-0.382221
3.20033,-1.91972,-29.6003,,-0.382171
3.22034,-2.68419,-30.0139,,-0.382235
3.24033,-3.44868,-30.4166,,-0.382273
3.26033,-4.21315,-30.819,,-0.382239
3.28033,-4.97767,-31.2185,,-0.382193
3.30034,-5.74203,-31.5975,,-0.382199
3.32033,-6.50641,-31.9715,,-0.382248
3.34033,-7.27084,-32.3502,,-0.382188
3.36034,-8.03529,-32.7234,,-0.382231
3.38034,-8.79977,-33.0651,,-0.382284
3.40033,-9.56431,-33.405,,-0.382175
3.42033,-10.3288,-33.7507,,-0.382238
3.44034,-11.093,-34.069,,-0.382265
3.46033,-11.8578,-34.3845,,-0.382179
3.48033,-12.6221,-34.6841,,-0.382297
3.50034,-13.3866,-34.9783,,-0.382254
3.52034,-14.151,-35.2724,,-0.382125
3.54033,-14.9154,-35.551,,-0.382378
3.56033,-15.68,-35.8132,,-0.382113
3.58034,-16.4443,-36.0728,,-0.382332
3.60033,-17.209,-36.3281,,-0.382022
3.62033,-17.9734,-36.575,,-0.382407
3.64034,-18.7377,-36.7994,,-0.382096
3.66034,-19.5023,-37.0122,,-0.382362
3.68033,-20.2669,-37.2344,,-0.38224
3.70033,-21.0313,-37.4407,,-0.382224
3.72034,-21.7957,-37.6317,,-0.382132
3.74033,-22.5599,-37.8264,,-0.382322
3.76033,-23.3246,-38.0116,,-0.382211
3.78033,-24.0891,-38.1775,,-0.38228
3.80034,-24.8533,-38.3404,,-0.382084
3.82033,-25.6179,-38.5096,,-0.382288
3.84033,-26.3824,-38.6608,,-0.382308
3.86034,-27.1469,-38.7861,,-0.382181
3.88034,-27.9114,-38.9249,,-0.382212
3.90033,-28.6756,-39.0691,,-0.382109
3.92033,-29.4402,-39.2021,,-0.382334
3.94034,-30.2047,-39.3094,,-0.382245
3.96033,-30.9692,-39.4174,,-0.382198
3.98033,-31.7335,-39.5372,,-0.382103
4.00034,-32.498,-39.6319,,-0.382427
4.02034,-33.2628,-39.7282,,-0.38233
4.04033,-34.0273,-39.8322,,-0.382105
4.06033,-34.7915,-39.9094,,-0.382196
4.08034,-35.5559,-39.9763,,-0.382225
4.10033,-36.3202,-40.0615,,-0.382159
4.12033,-37.0848,-40.1379,,-0.382364
4.14034,-37.8494,-40.2033,,-0.382226
4.16034,-38.6137,-40.2652,,-0.38216
4.18033,-39.3783,-40.3343,,-0.382522
4.20033,-40.1437,-40.3948,,-0.382565
4.22034,-40.9068,-40.4475,,-0.381235
4.24033,-41.6715,-40.4884,,-0.382733
4.26033,-42.436,-40.5333,,-0.381913
4.28033,-43.2005,-40.5714,,-0.382325
4.30034,-43.9644,-40.6132,,-0.382174
4.32033,-44.7293,-40.6492,,-0.382379
4.34033,-45.4937,-40.6867,,-0.382024
4.36034,-46.2581,-40.723,,-0.382486
4.38034,-47.0229,-40.7403,,-0.382166
4.40033,-47.7875,-40.7641,,-0.382579
4.42033,-48.552,-40.7917,,-0.382042
4.44034,-49.3163,-40.8124,,-0.38213
4.46033,-50.0805,-40.8244,,-0.382193
4.48033,-50.8452,-40.8381,,-0.382385
4.50034,-51.6097,-40.8541,,-0.382029
4.52034,-52.3739,-40.859,,-0.382265
4.54033,-53.1385,-40.8706,,-0.382226
4.56033,-53.9034,-40.8801,,-0.382325
4.58034,-54.6669,-40.8786,,-0.381893
4.60033,-55.4317,-40.8819,,-0.382504
4.62033,-56.1958,-40.8881,,-0.382248
4.64034,-56.9606,-40.876,,-0.382017
4.66034,-57.7245,-40.863,,-0.382197
4.68033,-58.4897,-40.8674,,-0.381869
4.70033,-59.2533,-40.86,,-0.382565
4.72034,-59.793,-40.0902,,-0.0222831
4.74033,-59.2481,-36.4933,,0.39325
4.76033,-58.4732,-33.2844,,0.382085
4.78033,-57.7094,-30.5634,,0.382281
4.80034,-56.9451,-28.1326,,0.381855
4.82033,-56.1806,-25.9034,,0.382379
4.84033,-55.4161,-23.8236,,0.382858
4.86034,-54.6506,-21.8816,,0.382006
4.88034,-53.8869,-20.0569,,0.381832
4.90033,-53.1222,-18.3384,,0.382799
4.92033,-52.3576,-16.7056,,0.382154
4.94034,-51.5928,-15.155,,0.382348
4.96033,-50.8287,-13.6849,,0.382132
4.98033,-50.0642,-12.2884,,0.38212
5.00034,-49.2998,-10.9496,,0.382266
5.02034,-48.5351,-9.66481,,0.382456
5.04033,-47.7706,-8.43429,,0.381938
5.06033,-47.006,-7.26178,,0.382615
5.08034,-46.2411,-6.13974,,0.382226
5.10033,-45.477,-5.05656,,0.382164
5.12033,-44.7123,-4.02113,,0.382328
5.14034,-43.9479,-3.02343,,0.382232
5.16034,-43.1835,-2.06787,,0.381959
5.18033,-42.4188,-1.14996,,0.38306
5.20033,-41.654,-0.266302,,0.381502
5.22034,-40.8907,0.588118,,0.38182
5.24033,-40.1258,1.41961,,0.382938
5.26033,-39.3604,2.22896,,0.382519
5.28033,-38.5963,3.01187,,0.381743
5.30034,-37.8325,3.76782,,0.382175
5.32033,-37.068,4.50861,,0.38226
5.34033,-36.3033,5.23576,,0.382317
5.36034,-35.5388,5.93812,,0.382273
5.38034,-34.7741,6.60694,,0.382279
5.40033,-34.0099,7.27802,,0.38204
5.42033,-33.2456,7.95352,,0.382324
5.44034,-32.481,8.59776,,0.382163
5.46033,-31.7165,9.21425,,0.382356
5.48033,-30.9521,9.83565,,0.382082
5.50034,-30.1876,10.4437,,0.382317
5.52034,-29.4232,11.0358,,0.382142
5.54033,-28.6587,11.612,,0.382332
5.56033,-27.8942,12.1916,,0.382178
5.58034,-27.1297,12.7521,,0.38222
5.60033,-26.3653,13.2902,,0.38229
5.62033,-25.6007,13.8317,,0.382341
5.64034,-24.8364,14.3736,,0.38218
5.66034,-24.0717,14.8959,,0.382302
5.68033,-23.3073,15.4081,,0.382168
5.70033,-22.543,15.9113,,0.381995
5.72034,-21.7788,16.4162,,0.382233
5.74033,-21.0141,16.9081,,0.382368
5.76033,-20.2496,17.3863,,0.382391
5.78033,-19.4852,17.8607,,0.381985
5.80034,-18.7206,18.325,,0.382364
5.82033,-17.9562,18.7839,,0.382295
5.84033,-17.1917,19.2363,,0.382148
5.86034,-16.4272,19.6833,,0.382237
5.88034,-15.6628,20.1228,,0.382257
5.90033,-14.8983,20.5447,,0.382191
5.92033,-14.1337,20.9699,,0.382303
5.94034,-13.3693,21.3889,,0.382173
5.96033,-12.605,21.7893,,0.382186
5.98033,-11.8405,22.1918,,0.382259
6.00034,-11.0759,22.5889,,0.382249
6.02034,-10.3116,22.9805,,0.382228
6.04033,-9.54707,23.3717,,0.382236
6.06033,-8.78266,23.7498,,0.382131
6.08034,-8.01821,24.123,,0.382333
6.10033,-7.25368,24.4957,,0.382231
6.12033,-6.48923,24.8528,,0.382217
6.14034,-5.72477,25.2078,,0.382181
6.16034,-4.96037,25.5636,,0.382217
6.18033,-4.19593,25.9051,,0.382267
6.20033,-3.4314,26.2427,,0.382243
6.22034,-2.66695,26.5765,,0.382242
6.24033,-1.90248,26.9144,,0.382252
6.26033,-1.138,27.2459,,0.382179
6.28033,-0.373567,27.5587,,0.38226
6.30034,0.390878,27.8687,,0.382214
6.32033,1.15533,28.1846,,0.38218
6.34033,1.9198,28.4958,,0.382281
6.36034,2.68425,28.7864,,0.382214
6.38034,3.44872,29.0679,,0.382219
6.40033,4.2132,29.3549,,0.382231
6.42033,4.97758,29.6516,,0.38222
6.44034,5.74214,29.931,,0.382264
6.46033,6.5066,30.2014,,0.382157
6.48033,7.27094,30.4745,,0.382258
6.50034,8.03543,30.7401,,0.38227
6.52034,8.7999,30.9954,,0.38229
6.54033,9.56443,31.2484,,0.382102
6.56033,10.3288,31.4984,,0.382294
6.58034,11.0933,31.7413,,0.382265
6.60033,11.8578,31.9697,,0.3822
6.62033,12.6223,32.2084,,0.382157
6.64034,13.3867,32.4457,,0.382303
6.66034,14.1511,32.6617,,0.382119
6.68033,14.9156,32.8917,,0.382443
6.70033,15.6801,33.1018,,0.382119
6.72034,16.4443,33.3085,,0.382083
6.74033,17.2088,33.5279,,0.382334
6.76033,17.9733,33.7274,,0.382215
6.78033,18.7378,33.9176,,0.382229
6.80034,19.5023,34.1083,,0.382194
6.82033,20.2665,34.3006,,0.382281
6.84033,21.0313,34.4929,,0.382273
6.86034,21.7957,34.6669,,0.382112
6.88034,22.5601,34.8408,,0.382319
6.90033,23.3247,35.0154,,0.382198
6.92033,24.0889,35.1765,,0.382268
6.94034,24.8536,35.3456,,0.382361
6.96033,25.6181,35.5036,,0.382145
6.98033,26.3823,35.6483,,0.382041
7.00034,27.1467,35.7986,,0.382136
7.02034,27.9112,35.9555,,0.382592
7.04033,28.676,36.0914,,0.382087
7.06033,29.4402,36.238,,0.382185
7.08034,30.2046,36.3768,,0.38214
7.10033,30.9691,36.4952,,0.382443
7.12033,31.7335,36.6221,,0.382079
7.14034,32.4981,36.7544,,0.382488
7.16034,33.2626,36.872,,0.382092
7.18033,34.027,36.984,,0.382088
7.20033,34.7913,37.0901,,0.382287
7.22034,35.5559,37.1971,,0.382104
7.24033,36.3201,37.3141,,0.38244
7.26033,37.085,37.4121,,0.382319
7.28033,37.8493,37.5121,,0.382039
7.30034,38.6138,37.603,,0.382187
7.32033,39.3783,37.6961,,0.382413
7.34033,40.1432,37.7879,,0.382143
7.36034,40.9065,37.8646,,0.381959
7.38034,41.6715,37.939,,0.382402
7.40033,42.4358,38.0162,,0.382243
7.42033,43.2002,38.0993,,0.38205
7.44034,43.9649,38.1697,,0.382741
7.46033,44.7299,38.2413,,0.381938
7.48033,45.4938,38.3076,,0.382151
7.50034,46.2583,38.371,,0.382483
7.52034,47.0231,38.4365,,0.382082
7.54033,47.7869,38.4996,,0.381983
7.56033,48.5516,38.5442,,0.382554
7.58034,49.3163,38.5964,,0.382225
7.60033,50.0812,38.6494,,0.382497
7.62033,50.8447,38.6971,,0.381444
7.64034,51.6093,38.7394,,0.382882
7.66034,52.3744,38.7812,,0.382016
7.68033,53.1382,38.8197,,0.381876
7.70033,53.9022,38.8601,,0.382334
7.72034,54.667,38.8875,,0.382242
7.74033,55.4315,38.9203,,0.382398
7.76033,56.1963,38.9541,,0.3823
7.78033,56.9606,38.9721,,0.38209
7.80034,57.7253,38.9831,,0.382531
7.82033,58.4897,39.0186,,0.382002
7.84033,59.2538,39.0417,,0.382029
7.86034,59.7928,38.2939,,0.0221803
7.88034,59.2481,34.6785,,-0.393142
7.90033,58.4737,31.4512,,-0.381669
7.92033,57.7098,28.7199,,-0.382853
7.94034,56.9447,26.2711,,-0.382029
7.96033,56.1803,24.0208,,-0.382359
7.98033,55.4156,21.9378,,-0.382179
8.00034,54.6513,19.98,,-0.382621
8.02034,53.8861,18.1371,,-0.382151
8.04033,53.1219,16.4011,,-0.382163
8.06033,52.3572,14.7679,,-0.382467
8.08034,51.5927,13.2068,,-0.381767
8.10033,50.8286,11.7241,,-0.382497
8.12033,50.064,10.2997,,-0.382422
8.14034,49.2993,8.95546,,-0.382148
8.16034,48.5353,7.6718,,-0.381836
8.18033,47.7706,6.43279,,-0.38276
8.20033,47.0056,5.23396,,-0.382179
8.22034,46.2414,4.1035,,-0.38201
8.24033,45.4771,3.02225,,-0.382257
8.26033,44.7122,1.96925,,-0.382669
8.28033,43.948,0.963992,,-0.381946
8.30034,43.1834,3.44E-03,,-0.382164
8.32033,42.4197,-0.920989,,-0.381842
8.34033,41.6549,-1.80758,,-0.382792
8.36034,40.8894,-2.66755,,-0.382476
8.38034,40.1249,-3.50413,,-0.382111
8.40033,39.361,-4.31583,,-0.382392
8.42033,38.5962,-5.10588,,-0.381849
8.44034,37.8322,-5.87151,,-0.382471
8.46033,37.0675,-6.61037,,-0.381997
8.48033,36.303,-7.33118,,-0.382472
8.50034,35.5386,-8.043,,-0.382049
8.52034,34.7741,-8.729,,-0.382275
8.54033,34.0096,-9.39052,,-0.382325
8.56033,33.2451,-10.0426,,-0.38213
8.58034,32.4806,-10.6922,,-0.382256
8.60033,31.7164,-11.3187,,-0.382351
8.62033,30.9517,-11.9264,,-0.38199
8.64034,30.1875,-12.5198,,-0.382386
8.66034,29.4229,-13.1196,,-0.382184
8.68033,28.6586,-13.6973,,-0.382212
8.70033,27.8941,-14.2555,,-0.382149
8.72034,27.1298,-14.8129,,-0.382252
8.74033,26.3651,-15.3526,,-0.382284
8.76033,25.6006,-15.8775,,-0.382376
8.78033,24.8362,-16.4,,-0.381928
8.80034,24.0717,-16.9126,,-0.382311
8.82033,23.3073,-17.4173,,-0.382378
8.84033,22.5428,-17.9044,,-0.38223
8.86034,21.7783,-18.3761,,-0.382093
8.88034,21.014,-18.8555,,-0.382181
8.90033,20.2496,-19.3286,,-0.382259
8.92033,19.485,-19.7733,,-0.38228
8.94034,18.7206,-20.2067,,-0.382254
8.96033,17.9561,-20.6466,,-0.382233
8.98033,17.1916,-21.0757,,-0.382229
9.00034,16.4273,-21.5049,,-0.382099
9.02034,15.6627,-21.9045,,-0.382402
9.04033,14.8982,-22.3144,,-0.382234
9.06033,14.1337,-22.7246,,-0.382299
9.08034,13.3692,-23.1044,,-0.38218
9.10033,12.6049,-23.487,,-0.382133
9.12033,11.8405,-23.8741,,-0.382247
9.14034,11.076,-24.244,,-0.382191
9.16034,10.3116,-24.6008,,-0.382219
9.18033,9.54707,-24.961,,-0.382238
9.20033,8.78261,-25.3185,,-0.38229
9.22034,8.01803,-25.6715,,-0.382252
9.24033,7.25371,-26.0096,,-0.382195
9.26033,6.48923,-26.3434,,-0.382277
9.28033,5.72476,-26.6744,,-0.382156
9.30034,4.96027,-27.0069,,-0.382261
9.32033,4.19583,-27.3162,,-0.382255
9.34033,3.43133,-27.6205,,-0.382247
9.36034,2.66688,-27.9225,,-0.382176
9.38034,1.90245,-28.2303,,-0.382239
9.40033,1.13797,-28.5382,,-0.382243
9.42033,0.373542,-28.822,,-0.382203
9.44034,-0.390929,-29.1045,,-0.382227
9.46033,-1.1554,-29.3925,,-0.382245
9.48033,-1.91982,-29.6781,,-0.382231
9.50034,-2.6843,-29.9446,,-0.382236
9.52034,-3.44876,-30.207,,-0.38216
9.54033,-4.21319,-30.4625,,-0.382267
9.56033,-4.97771,-30.7215,,-0.38223
9.58034,-5.74212,-30.9768,,-0.382246
9.60033,-6.50659,-31.2248,,-0.382227
9.62033,-7.27105,-31.4618,,-0.382268
9.64034,-8.03549,-31.7065,,-0.382181
9.66034,-8.79985,-31.9479,,-0.382146
9.68033,-9.56443,-32.1735,,-0.382274
9.70033,-10.3289,-32.3954,,-0.382298
9.72034,-11.0934,-32.6166,,-0.382246
9.74033,-11.8578,-32.8373,,-0.382087
9.76033,-12.6222,-33.0441,,-0.382318
9.78033,-13.3867,-33.2441,,-0.382254
9.80034,-14.1513,-33.4578,,-0.382255
9.82033,-14.9157,-33.6598,,-0.382205
9.84033,-15.6801,-33.8458,,-0.382209
9.86034,-16.4446,-34.0466,,-0.382232
9.88034,-17.209,-34.2342,,-0.382204
9.90033,-17.9734,-34.418,,-0.382216
9.92033,-18.7378,-34.5936,,-0.38218
9.94034,-19.5022,-34.7652,,-0.382196
9.96033,-20.2665,-34.9415,,-0.382228
9.98033,-21.0311,-35.1118,,-0.382263
10.0003,-21.7957,-35.2681,,-0.382415
10.0203,-22.5602,-35.4297,,-0.38215
10.0403,-23.3245,-35.5893,,-0.382275
10.0603,-24.089,-35.7387,,-0.382055
10.0803,-24.8535,-35.8896,,-0.382236
10.1003,-25.6177,-36.0363,,-0.382088
10.1203,-26.3821,-36.1707,,-0.382245
10.1403,-27.1467,-36.3004,,-0.3824
10.1603,-27.9111,-36.4408,,-0.382148
10.1803,-28.6758,-36.5785,,-0.382399
10.2003,-29.4405,-36.7053,,-0.3821
10.2203,-30.2045,-36.8266,,-0.382259
10.2403,-30.9692,-36.9467,,-0.382327
10.2603,-31.7338,-37.0733,,-0.382208
10.2803,-32.4982,-37.1808,,-0.382086
10.3003,-33.2624,-37.2951,,-0.382273
10.3203,-34.027,-37.4088,,-0.382216
10.3403,-34.7914,-37.5101,,-0.382272
10.3603,-35.5559,-37.6002,,-0.38227
10.3803,-36.3205,-37.7045,,-0.382246
10.4003,-37.0847,-37.8042,,-0.3821
10.4203,-37.8493,-37.8974,,-0.382427
10.4403,-38.6138,-37.9876,,-0.382168
10.4603,-39.3783,-38.0794,,-0.382443
10.4803,-40.1436,-38.1646,,-0.382416
10.5003,-40.9075,-38.2478,,-0.382113
10.5203,-41.6719,-38.3201,,-0.381843
10.5403,-42.4358,-38.3869,,-0.382022
10.5603,-43.2002,-38.4646,,-0.382643
10.5803,-43.9654,-38.5338,,-0.382082
10.6003,-44.7292,-38.6074,,-0.382332
10.6203,-45.4942,-38.672,,-0.382152
10.6403,-46.2585,-38.7369,,-0.382251
10.6603,-47.0226,-38.7964,,-0.38172
10.6803,-47.7869,-38.8488,,-0.382573
10.7003,-48.5517,-38.9067,,-0.382373
10.7203,-49.3159,-38.9649,,-0.382034
10.7403,-50.0807,-39.0066,,-0.382353
10.7603,-50.8448,-39.0518,,-0.382219
10.7803,-51.6092,-39.1014,,-0.382108
10.8003,-52.374,-39.1429,,-0.382372
10.8203,-53.1384,-39.1776,,-0.382152
10.8403,-53.9027,-39.2207,,-0.382302
10.8603,-54.6672,-39.2562,,-0.38199
10.8803,-55.4311,-39.2884,,-0.382069
10.9003,-56.1959,-39.322,,-0.382608
10.9203,-56.9609,-39.34,,-0.38233
10.9403,-57.7249,-39.3684,,-0.381951
10.9603,-58.4896,-39.3921,,-0.382494
10.9803,-59.2541,-39.4035,,-0.38193
11.0003,-59.7935,-38.6563,,-0.0229403
11.0203,-59.2484,-35.0328,,0.393825
11.0403,-58.4735,-31.7833,,0.381884
11.0603,-57.7095,-29.0238,,0.382489
11.0803,-56.9448,-26.5677,,0.382212
11.1003,-56.1799,-24.3274,,0.382416
11.1203,-55.4155,-22.2176,,0.38245
11.1403,-54.6509,-20.2431,,0.381665
11.1603,-53.8871,-18.4052,,0.382525
11.1803,-53.122,-16.6634,,0.382353
11.2003,-52.358,-15.0167,,0.381843
11.2203,-51.5932,-13.4464,,0.382723
11.2403,-50.8286,-11.9482,,0.382301
11.2603,-50.0641,-10.5345,,0.381952
11.2803,-49.2996,-9.17849,,0.382525
11.3003,-48.5349,-7.87565,,0.382486
11.3203,-47.7703,-6.62281,,0.382112
11.3403,-47.0058,-5.42886,,0.382214
11.3603,-46.2413,-4.29568,,0.382194
11.3803,-45.4768,-3.19026,,0.382323
11.4003,-44.7122,-2.1362,,0.382322
11.4203,-43.948,-1.12324,,0.382185
11.4403,-43.1836,-0.153435,,0.381973
11.4603,-42.4192,0.77921,,0.382595
11.4803,-41.6543,1.66941,,0.381853
11.5003,-40.8901,2.5299,,0.382829
11.5203,-40.1249,3.39127,,0.382264
11.5403,-39.3601,4.21154,,0.382255
11.5603,-38.5963,4.99034,,0.381789
11.5803,-37.8322,5.75725,,0.382216
11.6003,-37.0675,6.51125,,0.382353
11.6203,-36.3032,7.24266,,0.382136
11.6403,-35.5386,7.94097,,0.382328
11.6603,-34.7742,8.61657,,0.382117
11.6803,-34.0097,9.29619,,0.382347
11.7003,-33.2455,9.95964,,0.382131
11.7203,-32.4809,10.5949,,0.382243
11.7403,-31.7163,11.2191,,0.38222
11.7603,-30.9522,11.8341,,0.382196
11.7803,-30.1872,12.4272,,0.382378
11.8003,-29.4228,13.0114,,0.382114
11.8203,-28.6585,13.5817,,0.382316
11.8403,-27.894,14.1476,,0.382105
11.8603,-27.1297,14.6875,,0.382312
11.8803,-26.3652,15.2115,,0.382035
11.9003,-25.601,15.742,,0.382311
11.9203,-24.8362,16.2568,,0.382398
11.9403,-24.0716,16.7599,,0.382371
11.9603,-23.3073,17.2505,,0.381801
11.9803,-22.5433,17.7333,,0.382276
12.0003,-21.7785,18.2071,,0.382436
12.0203,-21.0139,18.6681,,0.382179
12.0403,-20.2494,19.1272,,0.382436
12.0603,-19.4849,19.5618,,0.381981
12.0803,-18.7207,19.9942,,0.38226
12.1003,-17.9561,20.4282,,0.382253
12.1203,-17.1917,20.8427,,0.382274
12.1403,-16.427,21.2509,,0.382265
12.1603,-15.6627,21.6611,,0.382098
12.1803,-14.8983,22.0417,,0.382337
12.2003,-14.1339,22.4261,,0.382099
12.2203,-13.3694,22.8093,,0.382319
12.2403,-12.605,23.1786,,0.382303
12.2603,-11.8403,23.5373,,0.382228
12.2803,-11.076,23.8905,,0.382025
12.3003,-10.3116,24.248,,0.382432
12.3203,-9.54694,24.601,,0.382107
12.3403,-8.78253,24.9362,,0.382322
12.3603,-8.01815,25.2679,,0.382181
12.3803,-7.25366,25.6022,,0.382211
12.4003,-6.48918,25.9175,,0.382245
12.4203,-5.7248,26.2358,,0.382214
12.4403,-4.96028,26.544,,0.382206
12.4603,-4.19588,26.8484,,0.382226
12.4803,-3.43138,27.142,,0.382299
12.5003,-2.66682,27.4393,,0.38226
12.5203,-1.90247,27.733,,0.382167
12.5403,-1.138,28.0203,,0.382203
12.5603,-0.373549,28.2992,,0.382243
12.5803,0.390909,28.5727,,0.382238
12.6003,1.15536,28.8376,,0.382246
12.6203,1.91982,29.112,,0.382221
12.6403,2.68428,29.3642,,0.382238
12.6603,3.44874,29.6103,,0.382168
12.6803,4.21314,29.8614,,0.382228
12.7003,4.97756,30.1106,,0.382258
12.7203,5.74213,30.3496,,0.38222
12.7403,6.50657,30.5847,,0.382276
12.7603,7.27106,30.8224,,0.382143
12.7803,8.03546,31.0568,,0.382298
12.8003,8.79988,31.2692,,0.382193
12.8203,9.56435,31.4843,,0.382257
12.8403,10.3288,31.7115,,0.382111
12.8603,11.0933,31.9176,,0.382339
12.8803,11.8579,32.1141,,0.382268
12.9003,12.6223,32.312,,0.382184
12.9203,13.3865,32.5205,,0.382151
12.9403,14.1511,32.7218,,0.382327
12.9603,14.9157,32.9063,,0.382222
12.9803,15.6802,33.0851,,0.382249
13.0003,16.4445,33.2801,,0.382186
13.0203,17.2089,33.4677,,0.382159
13.0403,17.9734,33.6273,,0.38231
13.0603,18.738,33.7918,,0.382241
13.0803,19.5023,33.97,,0.382219
13.1003,20.2668,34.1381,,0.382175
13.1203,21.0312,34.2933,,0.382301
13.1403,21.796,34.457,,0.382344
13.1603,22.5601,34.6096,,0.381982
13.1803,23.3245,34.7588,,0.382347
13.2003,24.089,34.9034,,0.382119
13.2203,24.8534,35.0521,,0.382209
13.2403,25.618,35.1965,,0.382262
13.2603,26.3824,35.327,,0.382262
13.2803,27.1467,35.4576,,0.382242
13.3003,27.9115,35.5958,,0.382074
13.3203,28.6755,35.7248,,0.382289
13.3403,29.4402,35.854,,0.382271
13.3603,30.2045,35.9737,,0.382317
13.3803,30.9689,36.0851,,0.382057
13.4003,31.7337,36.2028,,0.382493
13.4203,32.4983,36.3249,,0.382095
13.4403,33.2625,36.4222,,0.382197
13.4603,34.027,36.5319,,0.382453
13.4803,34.7916,36.6367,,0.382029
13.5003,35.5558,36.7309,,0.382145
13.5203,36.3202,36.8319,,0.382272
13.5403,37.0849,36.9364,,0.382397
13.5603,37.8493,37.028,,0.381984
13.5803,38.6135,37.1155,,0.382294
13.6003,39.3785,37.2031,,0.382718
13.6203,40.1439,37.2885,,0.382571
13.6403,40.9072,37.3682,,0.381358
13.6603,41.6717,37.4415,,0.382542
13.6803,42.4363,37.5139,,0.382152
13.7003,43.2006,37.5906,,0.382096
13.7203,43.9647,37.6639,,0.381947
13.7403,44.7289,37.7348,,0.382458
13.7603,45.4937,37.8042,,0.382391
13.7803,46.2583,37.8648,,0.382174
13.8003,47.0228,37.9262,,0.382176
13.8203,47.7873,37.9975,,0.382354
13.8403,48.5519,38.0486,,0.382205
13.8603,49.3163,38.0938,,0.38196
13.8803,50.0805,38.1502,,0.382552
13.9003,50.8452,38.2021,,0.382235
13.9203,51.6094,38.2477,,0.381792
13.9403,52.3739,38.2916,,0.382447
13.9603,53.1386,38.3345,,0.38218
13.9803,53.9026,38.384,,0.382296
14.0003,54.667,38.4107,,0.382181
14.0203,55.4318,38.4475,,0.382078
14.0403,56.1959,38.4908,,0.382404
14.0603,56.9607,38.5169,,0.382036
14.0803,57.7249,38.5301,,0.38256
14.1003,58.4899,38.5598,,0.382341
14.1203,59.2544,38.5942,,0.382034
14.1403,59.7933,37.8387,,0.0222699
14.1603,59.2481,34.1512,,-0.393311
14.1803,58.474,30.8751,,-0.381829
14.2003,57.7097,28.1101,,-0.38249
14.2203,56.9449,25.6307,,-0.382401
14.2403,56.1808,23.3459,,-0.381929
14.2603,55.4164,21.2306,,-0.382276
14.2803,54.6513,19.2618,,-0.38263
14.3003,53.8865,17.3999,,-0.382702
14.3203,53.1221,15.642,,-0.381736
14.3403,52.3574,13.9901,,-0.382467
14.3603,51.5927,12.41,,-0.382092
14.3803,50.8289,10.9118,,-0.382242
14.4003,50.0635,9.47524,,-0.382613
14.4203,49.2992,8.11038,,-0.38222
14.4403,48.535,6.80927,,-0.381997
14.4603,47.7702,5.55715,,-0.382215
14.4803,47.0061,4.34583,,-0.382205
14.5003,46.2418,3.19547,,-0.382116
14.5203,45.4769,2.10414,,-0.382407
14.5403,44.7127,1.04266,,-0.382532
14.5603,43.9477,0.0193801,,-0.38191
14.5803,43.1836,-0.947401,,-0.38239
14.6003,42.4191,-1.87392,,-0.38207
14.6203,41.6545,-2.77181,,-0.382401
14.6403,40.8903,-3.64983,,-0.382063
14.6603,40.1253,-4.488,,-0.382697
14.6803,39.3601,-5.29689,,-0.382302
14.7003,38.5962,-6.10008,,-0.381864
14.7203,37.8322,-6.86701,,-0.382194
14.7403,37.0675,-7.60744,,-0.38219
14.7603,36.3035,-8.33193,,-0.382252
14.7803,35.5388,-9.04509,,-0.382365
14.8003,34.7741,-9.73302,,-0.38229
14.8203,34.0098,-10.3937,,-0.382057
14.8403,33.2454,-11.0491,,-0.382233
14.8603,32.4807,-11.6938,,-0.382235
14.8803,31.7166,-12.3258,,-0.382283
14.9003,30.952,-12.9264,,-0.382304
14.9203,30.1873,-13.5162,,-0.382225
14.9403,29.4229,-14.1126,,-0.382371
14.9603,28.6583,-14.6834,,-0.382134
14.9803,27.894,-15.2323,,-0.382254
15.0003,27.1295,-15.7877,,-0.382125
15.0203,26.3651,-16.3144,,-0.382315
15.0403,25.6007,-16.8296,,-0.382044
15.0603,24.8363,-17.3474,,-0.382197
15.0803,24.0718,-17.8487,,-0.38237
15.1003,23.3074,-18.3379,,-0.382201
15.1203,22.5428,-18.8088,,-0.382201
15.1403,21.7783,-19.2773,,-0.382304
15.1603,21.014,-19.7438,,-0.382198
15.1803,20.2495,-20.1923,,-0.382214
15.2003,19.4848,-20.6291,,-0.382293
15.2203,18.7204,-21.0571,,-0.382198
15.2403,17.9562,-21.4688,,-0.382124
15.2603,17.1916,-21.8848,,-0.382414
15.2803,16.4272,-22.3006,,-0.382076
15.3003,15.6627,-22.6972,,-0.382268
15.3203,14.8983,-23.076,,-0.382277
15.3403,14.1337,-23.4626,,-0.382161
15.3603,13.3694,-23.8412,,-0.38233
15.3803,12.6048,-24.208,,-0.382187
15.4003,11.8404,-24.5667,,-0.38232
15.4203,11.0759,-24.9156,,-0.382093
15.4403,10.3115,-25.259,,-0.382218
15.4603,9.54695,-25.6065,,-0.382247
15.4803,8.78255,-25.9435,,-0.382225
15.5003,8.0181,-26.2693,,-0.382259
15.5203,7.25368,-26.5941,,-0.382307
15.5403,6.4891,-26.9084,,-0.382143
15.5603,5.7247,-27.2222,,-0.382243
15.5803,4.96023,-27.5305,,-0.382205
15.6003,4.19575,-27.8257,,-0.382286
15.6203,3.43131,-28.1079,,-0.382221
15.6403,2.66689,-28.395,,-0.382231
15.6603,1.90242,-28.6854,,-0.382217
15.6803,1.13797,-28.9649,,-0.382213
15.7003,0.37353,-29.2354,,-0.382201
15.7203,-0.390945,-29.502,,-0.382273
15.7403,-1.15539,-29.7774,,-0.382199
15.7603,-1.91986,-30.0336,,-0.382268
15.7803,-2.68432,-30.286,,-0.382204
15.8003,-3.44881,-30.5382,,-0.382229
15.8203,-4.21321,-30.779,,-0.382186
15.8403,-4.97765,-31.0125,,-0.382271
15.8603,-5.74212,-31.2482,,-0.382239
15.8803,-6.50662,-31.4854,,-0.382204
15.9003,-7.27106,-31.7121,,-0.382275
15.9203,-8.03553,-31.9347,,-0.382185
15.9403,-8.79997,-32.1485,,-0.382161
15.9603,-9.56436,-32.3685,,-0.382242
15.9803,-10.3289,-32.5803,,-0.382308
16.0003,-11.0933,-32.7794,,-0.382212
16.0203,-11.8578,-32.9779,,-0.38221
16.0403,-12.6222,-33.173,,-0.382189
16.0603,-13.3867,-33.3713,,-0.382335
16.0803,-14.1511,-33.5613,,-0.382084
16.1003,-14.9155,-33.7478,,-0.382301
16.1203,-15.68,-33.9259,,-0.382301
16.1403,-16.4446,-34.1109,,-0.382259
16.1603,-17.2091,-34.2827,,-0.382105
16.1803,-17.9734,-34.4554,,-0.382276
16.2003,-18.7379,-34.6251,,-0.382081
16.2203,-19.5023,-34.7761,,-0.382346
16.2403,-20.2666,-34.9382,,-0.382245
16.2603,-21.0311,-35.1074,,-0.382025
16.2803,-21.7953,-35.253,,-0.382323
16.3003,-22.5604,-35.3961,,-0.382365
16.3203,-23.3244,-35.5473,,-0.382071
16.3403,-24.089,-35.69,,-0.382282
16.3603,-24.8535,-35.831,,-0.382235
16.3803,-25.618,-35.965,,-0.382209
16.4003,-26.3823,-36.0915,,-0.382266
16.4203,-27.1471,-36.221,,-0.38237
16.4403,-27.9114,-36.3475,,-0.382098
16.4603,-28.6757,-36.4731,,-0.382264
16.4803,-29.4402,-36.5944,,-0.382161
16.5003,-30.2046,-36.7219,,-0.382154
16.5203,-30.9692,-36.8354,,-0.38228
16.5403,-31.7336,-36.9354,,-0.382379
16.5603,-32.498,-37.0462,,-0.382023
16.5803,-33.2624,-37.1644,,-0.382299
16.6003,-34.0268,-37.2726,,-0.382261
16.6203,-34.7914,-37.3566,,-0.382055
16.6403,-35.5557,-37.4391,,-0.382262
16.6603,-36.3204,-37.555,,-0.382431
16.6803,-37.0848,-37.6514,,-0.382043
16.7003,-37.8491,-37.7286,,-0.38232
16.7203,-38.6137,-37.819,,-0.382328
16.7403,-39.3785,-37.9087,,-0.382271
16.7603,-40.1437,-38,,-0.382797
16.7803,-40.9075,-38.0709,,-0.381622
16.8003,-41.6712,-38.1428,,-0.381883
16.8203,-42.4359,-38.2158,,-0.382449
16.8403,-43.2007,-38.2836,,-0.382497
16.8603,-43.9653,-38.3544,,-0.381906
16.8803,-44.7294,-38.4217,,-0.382312
16.9003,-45.494,-38.4948,,-0.382371
16.9203,-46.258,-38.5554,,-0.38184
16.9403,-47.0229,-38.6005,,-0.382347
16.9603,-47.7872,-38.6693,,-0.382273
16.9803,-48.5511,-38.7314,,-0.382075
17.0003,-49.3156,-38.7798,,-0.38224
17.0203,-50.0803,-38.8156,,-0.38223
17.0403,-50.8451,-38.874,,-0.382558
17.0603,-51.6094,-38.93,,-0.382135
17.0803,-52.3736,-38.9592,,-0.381982
17.1003,-53.1382,-38.9984,,-0.382413
17.1203,-53.9031,-39.0498,,-0.382111
17.1403,-54.6676,-39.0827,,-0.382427
17.1603,-55.4322,-39.1126,,-0.382565
17.1803,-56.196,-39.1462,,-0.38164
17.2003,-56.9608,-39.1766,,-0.382488
17.2203,-57.725,-39.1964,,-0.382031
17.2403,-58.489,-39.2123,,-0.381983
17.2603,-59.2533,-39.2291,,-0.382214
17.2803,-59.7929,-38.4784,,-0.022451
17.3003,-59.2483,-34.7898,,0.393025
17.3203,-58.4737,-31.4785,,0.382074
17.3403,-57.7094,-28.6926,,0.382303
17.3603,-56.9453,-26.2138,,0.382016
17.3803,-56.1801,-23.9253,,0.383227
17.4003,-55.4154,-21.7896,,0.381595
17.4203,-54.6513,-19.8133,,0.38242
17.4403,-53.8872,-17.9546,,0.382001
17.4603,-53.1221,-16.1814,,0.382474
17.4803,-52.3575,-14.5146,,0.382243
17.5003,-51.5932,-12.9355,,0.382191
17.5203,-50.8289,-11.4287,,0.382085
17.5403,-50.064,-9.99491,,0.382415
17.5603,-49.2996,-8.61456,,0.382379
17.5803,-48.5348,-7.29207,,0.382367
17.6003,-47.7707,-6.03339,,0.381931
17.6203,-47.0062,-4.83045,,0.382295
17.6403,-46.2416,-3.67003,,0.382295
17.6603,-45.4773,-2.55385,,0.382392
17.6803,-44.7126,-1.49551,,0.382003
17.7003,-43.9485,-0.47148,,0.38226
17.7203,-43.1836,0.512224,,0.382585
17.7403,-42.419,1.45442,,0.381956
17.7603,-41.6546,2.34895,,0.382283
17.7803,-40.8898,3.22235,,0.382576
17.8003,-40.1248,4.08853,,0.382602
17.8203,-39.3603,4.91125,,0.381501
17.8403,-38.5969,5.69713,,0.382457
17.8603,-37.832,6.473,,0.382038
17.8803,-37.0679,7.2388,,0.382322
17.9003,-36.3033,7.97034,,0.382096
17.9203,-35.5387,8.66883,,0.382561
17.9403,-34.774,9.35126,,0.38219
17.9603,-34.0097,10.0388,,0.382017
17.9803,-33.2453,10.7036,,0.382339
18.0003,-32.4808,11.3335,,0.382289
18.0203,-31.7162,11.962,,0.382195
18.0403,-30.9519,12.5814,,0.382292
18.0603,-30.1874,13.1735,,0.382175
18.0803,-29.4228,13.7583,,0.382259
18.1003,-28.6585,14.331,,0.382132
18.1203,-27.894,14.8881,,0.382321
18.1403,-27.1295,15.4342,,0.382163
18.1603,-26.3649,15.9573,,0.38229
18.1803,-25.6008,16.478,,0.382116
18.2003,-24.8362,16.9897,,0.382348
18.2203,-24.0715,17.4975,,0.382258
18.2403,-23.3072,17.9835,,0.382051
18.2603,-22.543,18.4581,,0.382383
18.2803,-21.7783,18.9235,,0.3821
18.3003,-21.0139,19.3836,,0.382202
18.3203,-20.2496,19.8388,,0.382277
18.3403,-19.4849,20.271,,0.382191
18.3603,-18.7206,20.6932,,0.382388
18.3803,-17.956,21.12,,0.382136
18.4003,-17.1917,21.5321,,0.382212
18.4203,-16.4271,21.9367,,0.382269
18.4403,-15.6626,22.3355,,0.382198
18.4603,-14.8983,22.7118,,0.382206
18.4803,-14.134,23.0901,,0.382148
18.5003,-13.3694,23.4666,,0.382458
18.5203,-12.6048,23.8288,,0.382175
18.5403,-11.8403,24.1814,,0.382223
18.5603,-11.076,24.5242,,0.382076
18.5803,-10.3115,24.8704,,0.38234
18.6003,-9.54707,25.2236,,0.382235
18.6203,-8.78254,25.5513,,0.382169
18.6403,-8.0181,25.8703,,0.38233
18.6603,-7.25361,26.1955,,0.382189
18.6803,-6.48922,26.5156,,0.382176
18.7003,-5.72471,26.8245,,0.382262
18.7203,-4.96029,27.1135,,0.382239
18.7403,-4.19586,27.4039,,0.382217
18.7603,-3.43135,27.7015,,0.382248
18.7803,-2.66689,27.9946,,0.382242
18.8003,-1.90246,28.27,,0.382236
18.8203,-1.13799,28.5452,,0.382197
18.8403,-0.373541,28.8245,,0.382215
18.8603,0.390911,29.0914,,0.382268
18.8803,1.15537,29.3392,,0.382208
18.9003,1.91986,29.6012,,0.382259
18.9203,2.68434,29.8535,,0.382208
18.9403,3.44876,30.0913,,0.382224
18.9603,4.21321,30.3238,,0.382226
18.9803,4.97762,30.5627,,0.382204
19.0003,5.74208,30.8086,,0.382192
19.0203,6.50647,31.0287,,0.382255
19.0403,7.27101,31.2495,,0.382219
19.0603,8.03547,31.4767,,0.382274
19.0803,8.79997,31.6935,,0.382231
19.1003,9.56438,31.8961,,0.382199
19.1203,10.3289,32.1029,,0.382308
19.1403,11.0933,32.3133,,0.382236
19.1603,11.8578,32.4989,,0.382136
19.1803,12.6223,32.6862,,0.382251
19.2003,13.3866,32.8813,,0.382234
19.2203,14.1511,33.0802,,0.382151
19.2403,14.9156,33.2574,,0.382329
19.2603,15.68,33.4273,,0.382143
19.2803,16.4444,33.609,,0.382228
19.3003,17.209,33.7937,,0.382237
19.3203,17.9734,33.9482,,0.382253
19.3403,18.7379,34.1013,,0.382277
19.3603,19.5023,34.273,,0.382157
19.3803,20.2668,34.4332,,0.382062
19.4003,21.0312,34.5815,,0.382459
19.4203,21.7959,34.7313,,0.382241
19.4403,22.56,34.8822,,0.382202
19.4603,23.3245,35.0251,,0.382088
19.4803,24.0889,35.1557,,0.38223
19.5003,24.8535,35.3019,,0.382469
19.5203,25.618,35.4473,,0.38212
19.5403,26.3825,35.56,,0.382145
19.5603,27.1468,35.6799,,0.382234
19.5803,27.9112,35.817,,0.382225
19.6003,28.6756,35.9433,,0.382252
19.6203,29.4403,36.058,,0.382278
19.6403,30.2048,36.1787,,0.382243
19.6603,30.9691,36.2864,,0.382133
19.6803,31.7335,36.3919,,0.38226
19.7003,32.498,36.5057,,0.382236
19.7203,33.2625,36.6088,,0.382209
19.7403,34.0269,36.7067,,0.382207
19.7603,34.7912,36.7951,,0.382138
19.7803,35.5558,36.9002,,0.38234
19.8003,36.3201,37.001,,0.382162
19.8203,37.0847,37.0829,,0.382372
19.8403,37.8493,37.1706,,0.382165
19.8603,38.6138,37.2628,,0.382374
19.8803,39.3786,37.3437,,0.382528
19.9003,40.1434,37.4145,,0.381623
19.9203,40.907,37.4909,,0.382309
19.9403,41.6715,37.5673,,0.382388
19.9603,42.4362,37.6272,,0.382362
19.9803,43.2005,37.7047,,0.381955
20.0003,43.9644,37.7755,,0.381965
20.0203,44.7293,37.8366,,0.382441
20.0403,45.4936,37.9007,,0.382371
20.0603,46.2581,37.9605,,0.382334
20.0803,47.0231,38.0227,,0.382311
20.1003,47.7874,38.0774,,0.382122
20.1203,48.5512,38.1226,,0.381878
20.1403,49.3163,38.1772,,0.382545
20.1603,50.0807,38.2302,,0.382
20.1803,50.8446,38.2677,,0.382281
20.2003,51.6094,38.3096,,0.382373
20.2203,52.374,38.362,,0.382264
20.2403,53.1384,38.3972,,0.381889
20.2603,53.9021,38.4294,,0.382531
20.2803,54.6682,38.4652,,0.382553
20.3003,55.4318,38.5022,,0.381609
20.3203,56.1961,38.5315,,0.382592
20.3403,56.9607,38.5533,,0.381965
20.3603,57.7251,38.5696,,0.382303
20.3803,58.4892,38.6006,,0.38229
20.4003,59.254,38.6215,,0.382025
20.4203,59.7926,37.8511,,0.0221967
20.4403,59.2478,34.1188,,-0.392996
20.4603,58.4739,30.7869,,-0.38193
20.4803,57.7096,27.9701,,-0.382526
20.5003,56.9445,25.4549,,-0.382406
20.5203,56.1802,23.153,,-0.38224
20.5403,55.4155,21.0141,,-0.382006
20.5603,54.6518,19.0108,,-0.381994
20.5803,53.8869,17.1287,,-0.382925
20.6003,53.1217,15.3677,,-0.382142
20.6203,52.3572,13.6969,,-0.382188
20.6403,51.5928,12.0955,,-0.382216
20.6603,50.8284,10.5788,,-0.382361
20.6803,50.0638,9.13873,,-0.382396
20.7003,49.2989,7.75471,,-0.382351
20.7203,48.5347,6.43903,,-0.38201
20.7403,47.7709,5.17243,,-0.381898
20.7603,47.0057,3.95368,,-0.382687
20.7803,46.2416,2.79718,,-0.381968
20.8003,45.4771,1.67952,,-0.382325
20.8203,44.7128,0.616533,,-0.382095
20.8403,43.9479,-0.406819,,-0.382667
20.8603,43.1834,-1.39722,,-0.382051
20.8803,42.419,-2.33491,,-0.382327
20.9003,41.6545,-3.23218,,-0.382092
20.9203,40.8903,-4.10762,,-0.381942
20.9403,40.1252,-4.9697,,-0.383094
20.9603,39.3602,-5.79129,,-0.382094
20.9803,38.5962,-6.57966,,-0.381863
21.0003,37.832,-7.35932,,-0.382324
21.0203,37.0676,-8.11668,,-0.382126
21.0403,36.3031,-8.85173,,-0.382324
21.0603,35.5386,-9.56062,,-0.382102
21.0803,34.7743,-10.2495,,-0.382397
21.1003,34.0099,-10.9336,,-0.382073
21.1203,33.2453,-11.5852,,-0.382224
21.1403,32.481,-12.2277,,-0.382139
21.1603,31.7166,-12.8645,,-0.382387
21.1803,30.9519,-13.4792,,-0.382196
21.2003,30.1875,-14.0697,,-0.382323
21.2203,29.423,-14.6594,,-0.382184
21.2403,28.6585,-15.236,,-0.382258
21.2603,27.894,-15.8011,,-0.382285
21.2803,27.1297,-16.3485,,-0.382119
21.3003,26.3647,-16.869,,-0.382412
21.3203,25.6007,-17.3949,,-0.382003
21.3403,24.836,-17.9168,,-0.382435
21.3603,24.0717,-18.4125,,-0.38211
21.3803,23.3071,-18.899,,-0.382251
21.4003,22.5428,-19.3854,,-0.38221
21.4203,21.7784,-19.8487,,-0.382127
21.4403,21.014,-20.3068,,-0.382311
21.4603,20.2496,-20.7568,,-0.382232
21.4803,19.485,-21.196,,-0.382147
21.5003,18.7206,-21.6214,,-0.382328
21.5203,17.9562,-22.0323,,-0.382238
21.5403,17.1916,-22.4476,,-0.382115
21.5603,16.4272,-22.8607,,-0.382409
21.5803,15.6626,-23.2556,,-0.382147
21.6003,14.8983,-23.6359,,-0.382227
21.6203,14.1337,-24.0202,,-0.382286
21.6403,13.3694,-24.3929,,-0.382104
21.6603,12.6049,-24.7613,,-0.382318
21.6803,11.8405,-25.1174,,-0.382178
21.7003,11.076,-25.4619,,-0.38222
21.7203,10.3116,-25.8021,,-0.382284
21.7403,9.547,-26.151,,-0.382188
21.7603,8.78254,-26.4777,,-0.382316
21.7803,8.01807,-26.8041,,-0.382166
21.8003,7.25369,-27.1327,,-0.382243
21.8203,6.48929,-27.4408,,-0.382196
21.8403,5.72483,-27.7505,,-0.382188
21.8603,4.96029,-28.0477,,-0.382279
21.8803,4.19581,-28.3486,,-0.382286
21.9003,3.43138,-28.6331,,-0.3822
21.9203,2.6669,-28.903,,-0.38225
21.9403,1.90247,-29.1856,,-0.382192
21.9603,1.13797,-29.4773,,-0.38224
21.9803,0.37353,-29.7372,,-0.382224
22.0003,-0.390936,-29.9927,,-0.382252
22.0203,-1.15537,-30.2642,,-0.382172
22.0403,-1.91985,-30.5235,,-0.38226
22.0603,-2.68429,-30.7665,,-0.382236
22.0803,-3.44875,-31.0102,,-0.382177
22.1003,-4.21314,-31.2506,,-0.382225
22.1203,-4.97769,-31.4846,,-0.382312
22.1403,-5.74211,-31.7082,,-0.382221
22.1603,-6.50658,-31.9445,,-0.382207
22.1803,-7.27099,-32.1694,,-0.382263
22.2003,-8.03552,-32.389,,-0.382179
22.2203,-8.79994,-32.5952,,-0.382249
22.2403,-9.56451,-32.8023,,-0.382252
22.2603,-10.329,-33.0196,,-0.382337
22.2803,-11.0934,-33.2153,,-0.382078
22.3003,-11.8578,-33.4,,-0.38225
22.3203,-12.6222,-33.5891,,-0.382117
22.3403,-13.3866,-33.7851,,-0.382361
22.3603,-14.1512,-33.9733,,-0.382205
22.3803,-14.9156,-34.1413,,-0.382205
22.4003,-15.68,-34.3188,,-0.382178
22.4203,-16.4443,-34.5045,,-0.382259
22.4403,-17.209,-34.6712,,-0.382179
22.4603,-17.9734,-34.8269,,-0.382406
22.4803,-18.7379,-34.9915,,-0.382104
22.5003,-19.5023,-35.1523,,-0.382246
22.5203,-20.2668,-35.3045,,-0.382221
22.5403,-21.0312,-35.4507,,-0.38224
22.5603,-21.7959,-35.6,,-0.382394
22.5803,-22.5604,-35.7528,,-0.382251
22.6003,-23.3248,-35.8884,,-0.382046
22.6203,-24.0893,-36.0169,,-0.382279
22.6403,-24.8536,-36.1589,,-0.382226
22.6603,-25.618,-36.2937,,-0.382189
22.6803,-26.3826,-36.4053,,-0.382261
22.7003,-27.1471,-36.5257,,-0.382308
22.7203,-27.9116,-36.6549,,-0.382145
22.7403,-28.6757,-36.7732,,-0.382251
22.7603,-29.4403,-36.8814,,-0.382084
22.7803,-30.2048,-37.0022,,-0.382253
22.8003,-30.9691,-37.1133,,-0.382199
22.8203,-31.7335,-37.2161,,-0.382292
22.8403,-32.498,-37.3137,,-0.38226
22.8603,-33.2625,-37.4173,,-0.382198
22.8803,-34.0269,-37.5228,,-0.382172
22.9003,-34.7914,-37.6099,,-0.382235
22.9203,-35.5559,-37.6921,,-0.382296
22.9403,-36.3204,-37.7782,,-0.382135
22.9603,-37.0848,-37.8729,,-0.382319
22.9803,-37.8492,-37.9618,,-0.382198
23.0003,-38.6138,-38.0433,,-0.382302
23.0203,-39.3786,-38.115,,-0.382308
23.0403,-40.1434,-38.1917,,-0.382638
23.0603,-40.9072,-38.2759,,-0.381462
23.0803,-41.6715,-38.3442,,-0.382465
23.1003,-42.4354,-38.4002,,-0.381841
23.1203,-43.2002,-38.4654,,-0.382692
23.1403,-43.965,-38.5346,,-0.382243
23.1603,-44.7297,-38.5988,,-0.382227
23.1803,-45.4939,-38.6579,,-0.382146
23.2003,-46.2585,-38.7201,,-0.382348
23.2203,-47.0225,-38.7636,,-0.381537
23.2403,-47.7865,-38.8237,,-0.382857
23.2603,-48.5519,-38.8832,,-0.382319
23.2803,-49.3162,-38.9159,,-0.381878
23.3003,-50.0799,-38.9591,,-0.38207
23.3203,-50.8447,-39.0126,,-0.382595
23.3403,-51.6093,-39.0571,,-0.381969
23.3603,-52.3737,-39.0765,,-0.382413
23.3803,-53.1387,-39.1212,,-0.382678
23.4003,-53.9032,-39.1794,,-0.382014
23.4203,-54.6675,-39.1937,,-0.382176
23.4403,-55.4313,-39.2109,,-0.381813
23.4603,-56.1963,-39.256,,-0.382564
23.4803,-56.9606,-39.2817,,-0.382221
23.5003,-57.7249,-39.2905,,-0.381946
23.5203,-58.4897,-39.3073,,-0.382634
23.5403,-59.2543,-39.3275,,-0.382014
23.5603,-59.7926,-38.552,,-0.0223012
23.5803,-59.2485,-34.8,,0.393141
23.6003,-58.4741,-31.4507,,0.382054
23.6203,-57.7097,-28.6221,,0.38249
23.6403,-56.9446,-26.1039,,0.382303
23.6603,-56.1809,-23.7932,,0.381816
23.6803,-55.4161,-21.6454,,0.382831
23.7003,-54.6512,-19.6504,,0.382264
23.7203,-53.887,-17.7683,,0.382071
23.7403,-53.1217,-15.9815,,0.382725
23.7603,-52.3573,-14.3068,,0.381954
23.7803,-51.5929,-12.7184,,0.382327
23.8003,-50.8283,-11.1849,,0.382437
23.8203,-50.0641,-9.73218,,0.381985
23.8403,-49.2994,-8.34996,,0.382539
23.8603,-48.5346,-7.01719,,0.382021
23.8803,-47.7708,-5.73839,,0.382359
23.9003,-47.0054,-4.52027,,0.382136
23.9203,-46.2413,-3.35184,,0.382295
23.9403,-45.4769,-2.22697,,0.382394
23.9603,-44.7125,-1.15348,,0.382047
23.9803,-43.948,-0.117401,,0.382147
24.0003,-43.1833,0.876446,,0.382693
24.0203,-42.4185,1.82213,,0.382085
24.0403,-41.6542,2.72849,,0.381781
24.0603,-40.8905,3.61913,,0.382194
24.0803,-40.1255,4.48596,,0.383181
24.1003,-39.36,5.31945,,0.381917
24.1203,-38.5965,6.12508,,0.381914
24.1403,-37.8322,6.90082,,0.382235
24.1603,-37.0678,7.66433,,0.382215
24.1803,-36.3033,8.412,,0.382294
24.2003,-35.5388,9.12617,,0.382226
24.2203,-34.7741,9.80842,,0.382228
24.2403,-34.01,10.4948,,0.382201
24.2603,-33.2453,11.168,,0.382331
24.2803,-32.4806,11.8175,,0.382275
24.3003,-31.7162,12.4498,,0.38204
24.3203,-30.9521,13.0642,,0.382326
24.3403,-30.1873,13.6627,,0.382264
24.3603,-29.423,14.2582,,0.382062
24.3803,-28.6587,14.8362,,0.382299
24.4003,-27.8941,15.3983,,0.382359
24.4203,-27.1295,15.9352,,0.382266
24.4403,-26.3653,16.4699,,0.382258
24.4603,-25.6005,17.0023,,0.381997
24.4803,-24.8363,17.513,,0.382376
24.5003,-24.0719,18.0162,,0.382234
24.5203,-23.3074,18.5048,,0.382025
24.5403,-22.543,18.9911,,0.382305
24.5603,-21.7785,19.467,,0.382147
24.5803,-21.0141,19.9234,,0.382332
24.6003,-20.2494,20.3661,,0.382255
24.6203,-19.4849,20.8118,,0.382253
24.6403,-18.7204,21.2511,,0.3823
24.6603,-17.9559,21.6703,,0.38219
24.6803,-17.1915,22.0696,,0.382202
24.7003,-16.4271,22.482,,0.38223
24.7203,-15.6627,22.8917,,0.382157
24.7403,-14.8982,23.2708,,0.382375
24.7603,-14.1338,23.6358,,0.382152
24.7803,-13.3693,24.0169,,0.382262
24.8003,-12.6049,24.3871,,0.382204
24.8203,-11.8405,24.7414,,0.382169
24.8403,-11.0761,25.0902,,0.38222
24.8603,-10.3115,25.428,,0.382286
24.8803,-9.54699,25.7773,,0.382255
24.9003,-8.78259,26.1149,,0.382197
24.9203,-8.01813,26.4319,,0.38226
24.9403,-7.25362,26.7534,,0.382162
24.9603,-6.48919,27.0743,,0.3823
24.9803,-5.72471,27.3769,,0.382155
25.0003,-4.96035,27.677,,0.382266
25.0203,-4.19583,27.972,,0.382216
25.0403,-3.43134,28.253,,0.382274
25.0603,-2.66687,28.5368,,0.382204
25.0803,-1.90245,28.829,,0.382279
25.1003,-1.13798,29.1168,,0.382216
25.1203,-0.373507,29.3685,,0.382206
25.1403,0.390928,29.6236,,0.382233
25.1603,1.15538,29.8981,,0.382169
25.1803,1.91986,30.1604,,0.382287
25.2003,2.68429,30.3889,,0.382234
25.2203,3.44875,30.6281,,0.382203
25.2403,4.21316,30.8714,,0.38218
25.2603,4.97765,31.1129,,0.382277
25.2803,5.74212,31.3404,,0.382221
25.3003,6.5066,31.5594,,0.382275
25.3203,7.27106,31.7864,,0.382163
25.3403,8.0355,32.0074,,0.382261
25.3603,8.79989,32.2127,,0.382206
25.3803,9.5644,32.418,,0.382291
25.4003,10.3289,32.6247,,0.382228
25.4203,11.0933,32.8172,,0.382158
25.4403,11.8577,33.0021,,0.382327
25.4603,12.6222,33.1987,,0.38219
25.4803,13.3867,33.3929,,0.382288
25.5003,14.1512,33.5755,,0.382158
25.5203,14.9157,33.7496,,0.382152
25.5403,15.68,33.9133,,0.382364
25.5603,16.4446,34.0968,,0.382129
25.5803,17.2088,34.2753,,0.382152
25.6003,17.9735,34.4278,,0.382444
25.6203,18.738,34.572,,0.382088
25.6403,19.5022,34.7314,,0.382094
25.6603,20.2667,34.8923,,0.382379
25.6803,21.0312,35.0362,,0.382207
25.7003,21.7955,35.1863,,0.38219
25.7203,22.5603,35.3217,,0.382385
25.7403,23.3247,35.4623,,0.382048
25.7603,24.089,35.5928,,0.382413
25.7803,24.8536,35.7298,,0.382073
25.8003,25.6179,35.8592,,0.382266
25.8203,26.3824,35.9715,,0.382109
25.8403,27.1465,36.0925,,0.382339
25.8603,27.9113,36.2171,,0.382275
25.8803,28.6757,36.3357,,0.382117
25.9003,29.4401,36.4478,,0.382383
25.9203,30.2046,36.5577,,0.38205
25.9403,30.9692,36.6643,,0.382348
25.9603,31.7338,36.7597,,0.382291
25.9803,32.498,36.8567,,0.382123
26.0003,33.2625,36.9673,,0.382234
26.0203,34.0269,37.0681,,0.382229
26.0403,34.7915,37.1318,,0.382292
26.0603,35.5559,37.2192,,0.382099
26.0803,36.3204,37.3305,,0.382371
26.1003,37.0848,37.4126,,0.382188
26.1203,37.849,37.4762,,0.382217
26.1403,38.6138,37.5611,,0.382303
26.1603,39.3788,37.645,,0.382461
26.1803,40.1435,37.7079,,0.382259
26.2003,40.907,37.774,,0.381592
26.2203,41.6713,37.8437,,0.382316
26.2403,42.4358,37.8992,,0.38265
26.2603,43.2008,37.9631,,0.382032
26.2803,43.9646,38.0283,,0.382204
26.3003,44.7299,38.0872,,0.382593
26.3203,45.4939,38.1451,,0.381649
26.3403,46.2577,38.1907,,0.382212
26.3603,47.0227,38.2521,,0.382682
26.3803,47.7872,38.3011,,0.382087
26.4003,48.5519,38.3467,,0.381968
26.4203,49.316,38.3886,,0.382341
26.4403,50.0803,38.4219,,0.382022
26.4603,50.8448,38.4626,,0.382333
26.4803,51.6095,38.5179,,0.382455
26.5003,52.3739,38.551,,0.38227
26.5203,53.1385,38.5651,,0.382151
26.5403,53.9023,38.6029,,0.381745
26.5603,54.6673,38.6478,,0.382841
26.5803,55.4319,38.6732,,0.382079
26.6003,56.196,38.6817,,0.382064
26.6203,56.9602,38.7098,,0.382397
26.6403,57.725,38.7314,,0.382234
26.6603,58.4895,38.7488,,0.382234
26.6803,59.2544,38.7614,,0.382468
26.7003,59.7933,37.984,,0.0218186
26.7203,59.248,34.1915,,-0.393225
26.7403,58.4741,30.801,,-0.381666
26.7603,57.7097,27.945,,-0.382362
26.7803,56.9452,25.4094,,-0.382458
26.8003,56.1808,23.0778,,-0.382272
26.8203,55.4159,20.9097,,-0.382468
26.8403,54.6515,18.8875,,-0.381843
26.8603,53.8871,17.002,,-0.382614
26.8803,53.1221,15.2122,,-0.382187
26.9003,52.3578,13.5209,,-0.382297
26.9203,51.5931,11.9143,,-0.382056
26.9403,50.8291,10.3866,,-0.382293
26.9603,50.0643,8.92677,,-0.382545
26.9803,49.2993,7.53076,,-0.382381
27.0003,48.535,6.20511,,-0.382111
27.0203,47.7699,4.92539,,-0.382589
27.0403,47.0059,3.69734,,-0.381661
27.0603,46.2415,2.52367,,-0.382565
27.0803,45.4769,1.39803,,-0.381967
27.1003,44.7128,0.322728,,-0.382294
27.1203,43.9483,-0.70923,,-0.382533
27.1403,43.1831,-1.70165,,-0.38224
27.1603,42.4191,-2.65698,,-0.381966
27.1803,41.6548,-3.56109,,-0.381919
27.2003,40.8903,-4.44761,,-0.382487
27.2203,40.1253,-5.31321,,-0.382907
27.2403,39.3598,-6.1431,,-0.382414
27.2603,38.5961,-6.94994,,-0.381632
27.2803,37.8322,-7.73593,,-0.382188
27.3003,37.0677,-8.49759,,-0.382219
27.3203,36.3032,-9.23263,,-0.382178
27.3403,35.5387,-9.96045,,-0.3825
27.3603,34.7741,-10.6737,,-0.382148
27.3803,34.0096,-11.342,,-0.382152
27.4003,33.245,-11.998,,-0.382304
27.4203,32.4809,-12.6632,,-0.382033
27.4403,31.7164,-13.3176,,-0.382349
27.4603,30.9521,-13.9224,,-0.382158
27.4803,30.1875,-14.5116,,-0.382243
27.5003,29.4231,-15.1233,,-0.382308
27.5203,28.6586,-15.7111,,-0.382215
27.5403,27.8944,-16.2745,,-0.382164
27.5603,27.1297,-16.8204,,-0.382183
27.5803,26.3653,-17.3542,,-0.382281
27.6003,25.6006,-17.8869,,-0.382267
27.6203,24.8363,-18.4119,,-0.382262
27.6403,24.0714,-18.9168,,-0.382486
27.6603,23.3072,-19.4047,,-0.381954
27.6803,22.5428,-19.8893,,-0.382193
27.7003,21.7784,-20.3633,,-0.382244
27.7203,21.014,-20.8301,,-0.382234
27.7403,20.2495,-21.2795,,-0.382104
27.7603,19.4853,-21.7197,,-0.382351
27.7803,18.7205,-22.1527,,-0.382236
27.8003,17.9562,-22.5739,,-0.382189
27.8203,17.1917,-22.9854,,-0.382284
27.8403,16.4272,-23.399,,-0.382276
27.8603,15.6626,-23.7955,,-0.382383
27.8803,14.8981,-24.1862,,-0.382134
27.9003,14.1336,-24.5708,,-0.382221
27.9203,13.3694,-24.9436,,-0.382117
27.9403,12.6049,-25.3091,,-0.382247
27.9603,11.8404,-25.6705,,-0.382259
27.9803,11.076,-26.0228,,-0.382168
28.0003,10.3115,-26.3689,,-0.382362
28.0203,9.54703,-26.7058,,-0.382133
28.0403,8.78253,-27.0404,,-0.382256
28.0603,8.01804,-27.3728,,-0.382202
28.0803,7.25369,-27.6937,,-0.38227
28.1003,6.48918,-28.008,,-0.382227
28.1203,5.72468,-28.3088,,-0.382173
28.1403,4.96022,-28.6156,,-0.382303
28.1603,4.19582,-28.9135,,-0.382162
28.1803,3.43137,-29.1964,,-0.382304
28.2003,2.66688,-29.4732,,-0.382208
28.2203,1.90243,-29.7523,,-0.382213
28.2403,1.138,-30.0411,,-0.382237
28.2603,0.37352,-30.3058,,-0.382237
28.2803,-0.390939,-30.5638,,-0.382208
28.3003,-1.15537,-30.8298,,-0.382204
28.3203,-1.91982,-31.0863,,-0.382182
28.3403,-2.68433,-31.3264,,-0.382351
28.3603,-3.4488,-31.5766,,-0.382179
28.3803,-4.21326,-31.8147,,-0.382244
28.4003,-4.9777,-32.0379,,-0.382231
28.4203,-5.74213,-32.2579,,-0.382209
28.4403,-6.50662,-32.4932,,-0.382256
28.4603,-7.27099,-32.7189,,-0.382174
28.4803,-8.03553,-32.9349,,-0.382241
28.5003,-8.79991,-33.1344,,-0.382244
28.5203,-9.56432,-33.3433,,-0.382112
28.5403,-10.3288,-33.5569,,-0.382347
28.5603,-11.0934,-33.7451,,-0.382198
28.5803,-11.8579,-33.9308,,-0.382264
28.6003,-12.6222,-34.1153,,-0.382131
28.6203,-13.3867,-34.3063,,-0.382365
28.6403,-14.1513,-34.4913,,-0.38225
28.6603,-14.9156,-34.653,,-0.382116
28.6803,-15.6801,-34.8264,,-0.382258
28.7003,-16.4445,-35.0119,,-0.382284
28.7203,-17.209,-35.16,,-0.382201
28.7403,-17.9734,-35.315,,-0.382145
28.7603,-18.738,-35.4865,,-0.3823
28.7803,-19.5022,-35.6346,,-0.382043
28.8003,-20.2665,-35.7729,,-0.382243
28.8203,-21.0311,-35.92,,-0.382346
28.8403,-21.7957,-36.0699,,-0.382241
28.8603,-22.56,-36.2053,,-0.382285
28.8803,-23.3245,-36.327,,-0.382109
28.9003,-24.0889,-36.4642,,-0.382218
28.9203,-24.8535,-36.6028,,-0.38225
28.9403,-25.618,-36.7165,,-0.38238
28.9603,-26.3826,-36.8321,,-0.382242
28.9803,-27.147,-36.9481,,-0.382068
29.0003,-27.9111,-37.0665,,-0.382267
29.0203,-28.6762,-37.1761,,-0.382367
29.0403,-29.4405,-37.2853,,-0.38218
29.0603,-30.2046,-37.3934,,-0.382283
29.0803,-30.9691,-37.4971,,-0.382033
29.1003,-31.7334,-37.5915,,-0.382231
29.1203,-32.4981,-37.6801,,-0.382296
29.1403,-33.2623,-37.7852,,-0.382252
29.1603,-34.027,-37.878,,-0.382117
29.1803,-34.7913,-37.959,,-0.382199
29.2003,-35.5557,-38.0288,,-0.382275
29.2203,-36.3202,-38.1122,,-0.382172
29.2403,-37.0849,-38.2025,,-0.382429
29.2603,-37.8493,-38.274,,-0.382167
29.2803,-38.6138,-38.3488,,-0.382234
29.3003,-39.3785,-38.4248,,-0.382595
29.3203,-40.1437,-38.4926,,-0.382425
29.3403,-40.9073,-38.5563,,-0.381485
29.3603,-41.6713,-38.6176,,-0.382423
29.3803,-42.4364,-38.6819,,-0.382278
29.4003,-43.2006,-38.7282,,-0.382089
29.4203,-43.9647,-38.7812,,-0.382298
29.4403,-44.729,-38.847,,-0.382079
29.4603,-45.4938,-38.9059,,-0.382414
29.4803,-46.2578,-38.9509,,-0.38196
29.5003,-47.0227,-38.987,,-0.38257
29.5203,-47.787,-39.0454,,-0.38172
29.5403,-48.5514,-39.0978,,-0.382663
29.5603,-49.3163,-39.1308,,-0.382234
29.5803,-50.0802,-39.1609,,-0.381853
29.6003,-50.8449,-39.2016,,-0.382501
29.6203,-51.6099,-39.2493,,-0.382421
29.6403,-52.374,-39.2717,,-0.381842
29.6603,-53.1382,-39.3077,,-0.382392
29.6803,-53.9026,-39.3353,,-0.382315
29.7003,-54.6673,-39.3601,,-0.382148
29.7203,-55.4316,-39.3973,,-0.382199
29.7403,-56.1962,-39.4198,,-0.382557
29.7603,-56.9611,-39.4204,,-0.382298
29.7803,-57.7256,-39.4448,,-0.381922
29.8003,-58.4893,-39.4751,,-0.382081
29.8203,-59.2535,-39.4803,,-0.382005
29.8403,-59.7934,-38.6774,,-0.0229166
29.8603,-59.2479,-34.8786,,0.394521
29.8803,-58.4733,-31.4809,,0.381066
29.9003,-57.7098,-28.6107,,0.382204
29.9203,-56.9454,-26.055,,0.38219
29.9403,-56.1802,-23.7305,,0.382731
29.9603,-55.4157,-21.5602,,0.382301
29.9803,-54.6515,-19.5339,,0.381771
30.0003,-53.8868,-17.6405,,0.382757
30.0203,-53.1223,-15.8502,,0.381925
30.0403,-52.3576,-14.1572,,0.382525
30.0603,-51.5932,-12.5429,,0.382089
30.0803,-50.8286,-11.0024,,0.38239
30.1003,-50.0642,-9.55545,,0.382108
30.1203,-49.2994,-8.15462,,0.382562
30.1403,-48.5349,-6.79247,,0.381911
30.1603,-47.7708,-5.50835,,0.382538
30.1803,-47.0059,-4.29242,,0.382075
30.2003,-46.2408,-3.10638,,0.383076
30.2203,-45.478,-1.96319,,0.380934
30.2403,-44.7129,-0.876774,,0.382879
30.2603,-43.9482,0.157006,,0.38194
30.2803,-43.1833,1.15627,,0.382691
30.3003,-42.4187,2.12254,,0.382064
30.3203,-41.6546,3.045,,0.382266
30.3403,-40.8901,3.93177,,0.382248
30.3603,-40.1253,4.80764,,0.382604
30.3803,-39.3602,5.65581,,0.381996
30.4003,-38.5965,6.47205,,0.382135
30.4203,-37.8323,7.25882,,0.381953
30.4403,-37.0678,8.03096,,0.38242
30.4603,-36.3033,8.78387,,0.382107
30.4803,-35.5389,9.50603,,0.382363
30.5003,-34.7743,10.2074,,0.382201
30.5203,-34.0099,10.9032,,0.382257
30.5403,-33.2456,11.5784,,0.382061
30.5603,-32.4812,12.2322,,0.382286
30.5803,-31.7164,12.8744,,0.38245
30.6003,-30.9518,13.5068,,0.382136
30.6203,-30.1874,14.1103,,0.382231
30.6403,-29.4231,14.7022,,0.382174
30.6603,-28.6586,15.2889,,0.382231
30.6803,-27.8941,15.8641,,0.382246
30.7003,-27.1295,16.4091,,0.382347
30.7203,-26.3651,16.9454,,0.382148
30.7403,-25.6007,17.4825,,0.382188
30.7603,-24.8363,18.0021,,0.382299
30.7803,-24.0718,18.5103,,0.382154
30.8003,-23.3073,19.0085,,0.382313
30.8203,-22.5428,19.4977,,0.382305
30.8403,-21.7782,19.9696,,0.382103
30.8603,-21.0139,20.4392,,0.38234
30.8803,-20.2492,20.8979,,0.382206
30.9003,-19.4849,21.3404,,0.382154
30.9203,-18.7206,21.7724,,0.382217
30.9403,-17.9561,22.2041,,0.382208
30.9603,-17.1917,22.6165,,0.382275
30.9803,-16.427,23.0298,,0.382213
31.0003,-15.6627,23.4328,,0.382323
31.0203,-14.8982,23.8209,,0.382115
31.0403,-14.1337,24.2042,,0.382255
31.0603,-13.3693,24.5795,,0.382336
31.0803,-12.605,24.9451,,0.382001
31.1003,-11.8403,25.305,,0.382516
31.1203,-11.0759,25.6599,,0.382064
31.1403,-10.3115,26.009,,0.382346
31.1603,-9.54695,26.3534,,0.382121
31.1803,-8.78254,26.6898,,0.382288
31.2003,-8.01813,27.0212,,0.382078
31.2203,-7.25372,27.3464,,0.382311
31.2403,-6.48925,27.6533,,0.382198
31.2603,-5.72467,27.9707,,0.38232
31.2803,-4.96023,28.2723,,0.382177
31.3003,-4.1958,28.5644,,0.382265
31.3203,-3.4314,28.8498,,0.382134
31.3403,-2.66689,29.1415,,0.382305
31.3603,-1.90243,29.4255,,0.382229
31.3803,-1.13801,29.704,,0.382221
31.4003,-0.373526,29.9728,,0.38223
31.4203,0.390931,30.235,,0.382222
31.4403,1.15537,30.4908,,0.382216
31.4603,1.91984,30.7522,,0.382216
31.4803,2.68429,30.9928,,0.382257
31.5003,3.44877,31.2244,,0.382252
31.5203,4.21327,31.4611,,0.382185
31.5403,4.97761,31.6986,,0.3822
31.5603,5.74212,31.9298,,0.382302
31.5803,6.50658,32.1515,,0.38213
31.6003,7.27099,32.3674,,0.382278
31.6203,8.03551,32.5798,,0.38223
31.6403,8.79993,32.7927,,0.38226
31.6603,9.56445,33.0015,,0.382313
31.6803,10.3289,33.1893,,0.382086
31.7003,11.0933,33.3736,,0.382244
31.7203,11.8579,33.5732,,0.382324
31.7403,12.6223,33.7656,,0.382203
31.7603,13.3866,33.9414,,0.382145
31.7803,14.1512,34.1111,,0.382276
31.8003,14.9156,34.2986,,0.382232
31.8203,15.68,34.4697,,0.382202
31.8403,16.4444,34.6318,,0.382221
31.8603,17.2089,34.7853,,0.382274
31.8803,17.9734,34.9483,,0.382223
31.9003,18.7378,35.1064,,0.382242
31.9203,19.5023,35.2458,,0.382173
31.9403,20.267,35.3844,,0.382272
31.9603,21.0314,35.5417,,0.382281
31.9803,21.7958,35.6836,,0.382115
32.0003,22.56,35.8056,,0.382362
32.0203,23.3249,35.9335,,0.382215
32.0403,24.089,36.0698,,0.382048
32.0603,24.8535,36.1981,,0.3823
32.0803,25.618,36.3111,,0.382185
32.1003,26.3826,36.4245,,0.38245
32.1203,27.1468,36.5356,,0.38193
32.1403,27.911,36.6521,,0.382275
32.1603,28.6758,36.7586,,0.382259
32.1803,29.4402,36.8647,,0.382186
32.2003,30.2048,36.9656,,0.38238
32.2203,30.9692,37.0605,,0.382216
32.2403,31.7339,37.1518,,0.382294
32.2603,32.4981,37.2461,,0.382077
32.2803,33.2625,37.3353,,0.382272
32.3003,34.027,37.4237,,0.382162
32.3203,34.7915,37.499,,0.382427
32.3403,35.556,37.5707,,0.38203
32.3603,36.3203,37.6637,,0.382239
32.3803,37.0847,37.7422,,0.382336
32.4003,37.8494,37.8057,,0.382201
32.4203,38.6137,37.8697,,0.382041
32.4403,39.3786,37.9465,,0.382914
32.4603,40.1438,38.0106,,0.382311
32.4803,40.9074,38.0629,,0.381884
32.5003,41.6721,38.121,,0.382157
32.5203,42.436,38.1775,,0.382081
32.5403,43.1999,38.2286,,0.382179
32.5603,43.965,38.2819,,0.382228
32.5803,44.7293,38.3374,,0.382195
32.6003,45.4937,38.3902,,0.382181
32.6203,46.2579,38.4259,,0.382184
32.6403,47.0225,38.474,,0.382029
32.6603,47.7867,38.5253,,0.382548
32.6803,48.5515,38.5545,,0.382246
32.7003,49.316,38.5896,,0.382115
32.7203,50.0809,38.6304,,0.382716
32.7403,50.8452,38.6625,,0.381782
32.7603,51.6093,38.6944,,0.381858
32.7803,52.3732,38.7319,,0.382519
32.8003,53.1384,38.7551,,0.382449
32.8203,53.9027,38.7788,,0.382119
32.8403,54.6672,38.8052,,0.382254
32.8603,55.4324,38.835,,0.38247
32.8803,56.1964,38.8546,,0.381894
32.9003,56.9605,38.8598,,0.382216
32.9203,57.7246,38.8813,,0.382315
32.9403,58.4896,38.9006,,0.382299
32.9603,59.2544,38.9106,,0.382441
32.9803,59.7931,38.114,,0.0223907
33.0003,59.2487,34.2643,,-0.393555
33.0203,58.4735,30.8264,,-0.382388
33.0403,57.7093,27.933,,-0.382039
33.0603,56.945,25.3585,,-0.38264
33.0803,56.1798,23.0048,,-0.382009
33.1003,55.4156,20.8217,,-0.382579
33.1203,54.6513,18.779,,-0.382087
33.1403,53.887,16.8775,,-0.381875
33.1603,53.1222,15.0742,,-0.382614
33.1803,52.3574,13.3751,,-0.382202
33.2003,51.5931,11.7539,,-0.382381
33.2203,50.8284,10.2158,,-0.382344
33.2403,50.0642,8.74391,,-0.382068
33.2603,49.2996,7.33591,,-0.382363
33.2803,48.535,6.00027,,-0.382005
33.3003,47.7708,4.70858,,-0.382364
33.3203,47.006,3.46594,,-0.382472
33.3403,46.2413,2.2835,,-0.382089
33.3603,45.4773,1.15336,,-0.382215
33.3803,44.7123,0.0614188,,-0.382526
33.4003,43.9479,-0.983107,,-0.381993
33.4203,43.1839,-1.9805,,-0.382253
33.4403,42.4194,-2.93669,,-0.382077
33.4603,41.6544,-3.86457,,-0.382561
33.4803,40.8899,-4.75769,,-0.382223
33.5003,40.1249,-5.61817,,-0.382597
33.5203,39.3616,-6.47031,,-0.381478
33.5403,38.5968,-7.28833,,-0.382525
33.5603,37.832,-8.0744,,-0.382134
33.5803,37.0678,-8.84944,,-0.382312
33.6003,36.3032,-9.60518,,-0.382156
33.6203,35.5388,-10.3384,,-0.38218
33.6403,34.7744,-11.0398,,-0.382301
33.6603,34.0098,-11.736,,-0.382322
33.6803,33.2452,-12.4138,,-0.382183
33.7003,32.4811,-13.0697,,-0.382234
33.7203,31.7164,-13.72,,-0.382198
33.7403,30.9522,-14.3554,,-0.382134
33.7603,30.1876,-14.9589,,-0.382328
33.7803,29.4232,-15.5651,,-0.382343
33.8003,28.6586,-16.1562,,-0.382078
33.8203,27.8939,-16.7312,,-0.382486
33.8403,27.1295,-17.2941,,-0.382139
33.8603,26.3652,-17.8361,,-0.382117
33.8803,25.6006,-18.3707,,-0.382311
33.9003,24.8362,-18.9,,-0.382225
33.9203,24.0717,-19.4111,,-0.382121
33.9403,23.3074,-19.9097,,-0.38216
33.9603,22.5428,-20.4014,,-0.382519
33.9803,21.7785,-20.878,,-0.381996
34.0003,21.014,-21.3516,,-0.382268
34.0203,20.2496,-21.8092,,-0.382093
34.0403,19.4851,-22.2525,,-0.382423
34.0603,18.7206,-22.6963,,-0.382273
34.0803,17.9559,-23.1179,,-0.382239
34.1003,17.1916,-23.5375,,-0.382254
34.1203,16.427,-23.9551,,-0.382226
34.1403,15.6627,-24.3581,,-0.382234
34.1603,14.8981,-24.7512,,-0.382152
34.1803,14.1339,-25.1376,,-0.382191
34.2003,13.3693,-25.5174,,-0.382332
34.2203,12.6049,-25.8884,,-0.382139
34.2403,11.8404,-26.249,,-0.382233
34.2603,11.0758,-26.6062,,-0.382311
34.2803,10.3115,-26.9509,,-0.382218
34.3003,9.54692,-27.2943,,-0.382218
34.3203,8.78254,-27.6356,,-0.382259
34.3403,8.01815,-27.9665,,-0.382127
34.3603,7.25367,-28.2895,,-0.382263
34.3803,6.48922,-28.6052,,-0.38221
34.4003,5.72472,-28.9121,,-0.382251
34.4203,4.96027,-29.2202,,-0.382243
34.4403,4.19579,-29.5168,,-0.382241
34.4603,3.43137,-29.8018,,-0.38223
34.4803,2.66686,-30.0807,,-0.382235
34.5003,1.9024,-30.3633,,-0.38223
34.5203,1.13794,-30.6496,,-0.382228
34.5403,0.373508,-30.9126,,-0.382224
34.5603,-0.390953,-31.1741,,-0.382229
34.5803,-1.15539,-31.4383,,-0.3822
34.6003,-1.91986,-31.6895,,-0.382221
34.6203,-2.68428,-31.9359,,-0.382209
34.6403,-3.44879,-32.1798,,-0.382263
34.6603,-4.21323,-32.4069,,-0.382235
34.6803,-4.97772,-32.6349,,-0.382243
34.7003,-5.74213,-32.8624,,-0.382174
34.7203,-6.50658,-33.0838,,-0.382231
34.7403,-7.27107,-33.3015,,-0.382233
34.7603,-8.03556,-33.5167,,-0.382285
34.7803,-8.79999,-33.723,,-0.382175
34.8003,-9.56439,-33.9195,,-0.382269
34.8203,-10.329,-34.1255,,-0.382246
34.8403,-11.0934,-34.318,,-0.382255
34.8603,-11.8578,-34.4973,,-0.382131
34.8803,-12.6223,-34.6803,,-0.382238
34.9003,-13.3867,-34.8578,,-0.382284
34.9203,-14.1512,-35.0369,,-0.382131
34.9403,-14.9157,-35.2024,,-0.382352
34.9603,-15.6801,-35.3666,,-0.382133
34.9803,-16.4444,-35.5346,,-0.382286
35.0003,-17.2091,-35.6854,,-0.382256
35.0203,-17.9734,-35.8414,,-0.382112
35.0403,-18.7379,-35.9976,,-0.382279
35.0603,-19.5023,-36.1333,,-0.382254
35.0803,-20.2667,-36.2677,,-0.382084
35.1003,-21.0309,-36.416,,-0.382247
35.1203,-21.7956,-36.549,,-0.382377
35.1403,-22.5602,-36.6773,,-0.382126
35.1603,-23.3246,-36.8058,,-0.382376
35.1803,-24.0892,-36.923,,-0.382068
35.2003,-24.8535,-37.0439,,-0.382417
35.2203,-25.6181,-37.1638,,-0.382049
35.2403,-26.3822,-37.2686,,-0.382264
35.2603,-27.1467,-37.3657,,-0.382176
35.2803,-27.9111,-37.477,,-0.38217
35.3003,-28.6758,-37.5833,,-0.382352
35.3203,-29.4403,-37.688,,-0.38228
35.3403,-30.2047,-37.7721,,-0.382171
35.3603,-30.9692,-37.8664,,-0.382331
35.3803,-31.7337,-37.9688,,-0.382092
35.4003,-32.4978,-38.0439,,-0.381927
35.4203,-33.2624,-38.1244,,-0.382647
35.4403,-34.027,-38.2158,,-0.382091
35.4603,-34.7913,-38.2962,,-0.382283
35.4803,-35.556,-38.349,,-0.382253
35.5003,-36.3202,-38.4234,,-0.382246
35.5203,-37.085,-38.5068,,-0.382231
35.5403,-37.8491,-38.5725,,-0.382149
35.5603,-38.6137,-38.6337,,-0.382269
35.5803,-39.3785,-38.6978,,-0.382358
35.6003,-40.1436,-38.7652,,-0.382625
35.6203,-40.9073,-38.817,,-0.381687
35.6403,-41.6715,-38.8649,,-0.382155
35.6603,-42.4358,-38.9192,,-0.382329
35.6803,-43.2004,-38.9708,,-0.381946
35.7003,-43.9652,-39.0163,,-0.382902
35.7203,-44.7297,-39.0641,,-0.381953
35.7403,-45.4941,-39.1137,,-0.382218
35.7603,-46.2583,-39.155,,-0.382234
35.7803,-47.0228,-39.1935,,-0.382235
35.8003,-47.7875,-39.2354,,-0.382241
35.8203,-48.552,-39.2751,,-0.382032
35.8403,-49.3163,-39.3102,,-0.382366
35.8603,-50.0803,-39.3377,,-0.382009
35.8803,-50.845,-39.3704,,-0.382389
35.9003,-51.6095,-39.4008,,-0.38216
35.9203,-52.374,-39.4275,,-0.382266
35.9403,-53.1385,-39.4568,,-0.382347
35.9603,-53.9026,-39.4866,,-0.381844
35.9803,-54.667,-39.508,,-0.38265
36.0003,-55.4317,-39.5337,,-0.382261
36.0203,-56.1968,-39.5521,,-0.382271
36.0403,-56.9611,-39.5564,,-0.381893
36.0603,-57.7249,-39.5773,,-0.382296
36.0803,-58.4895,-39.6,,-0.382249
36.1003,-59.2542,-39.6009,,-0.382444
36.1203,-59.7933,-38.7904,,-0.0220817
36.1403,-59.2473,-34.9339,,0.393952
36.1603,-58.4731,-31.4941,,0.381276
36.1803,-57.71,-28.5895,,0.382225
36.2003,-56.9452,-26.0049,,0.382378
36.2203,-56.1802,-23.6556,,0.382733
36.2403,-55.4158,-21.4702,,0.381857
36.2603,-54.6512,-19.4307,,0.382347
36.2803,-53.8866,-17.5174,,0.382566
36.3003,-53.1218,-15.7106,,0.382261
36.3203,-52.3574,-14.0134,,0.38215
36.3403,-51.5929,-12.3909,,0.382259
36.3603,-50.8285,-10.8328,,0.382172
36.3803,-50.0638,-9.35483,,0.382116
36.4003,-49.3002,-7.95927,,0.382106
36.4203,-48.5353,-6.6016,,0.382326
36.4403,-47.771,-5.28706,,0.382271
36.4603,-47.0057,-4.0496,,0.382697
36.4803,-46.2414,-2.87553,,0.38214
36.5003,-45.4772,-1.72803,,0.381834
36.5203,-44.7129,-0.617083,,0.382256
36.5403,-43.9481,0.436307,,0.382403
36.5603,-43.1837,1.43393,,0.382066
36.5803,-42.4192,2.40023,,0.382568
36.6003,-41.6543,3.34099,,0.382124
36.6203,-40.8898,4.24293,,0.382204
36.6403,-40.1252,5.1262,,0.382973
36.6603,-39.3599,5.974,,0.382027
36.6803,-38.5966,6.80631,,0.381725
36.7003,-37.8321,7.60921,,0.382302
36.7203,-37.0676,8.38767,,0.382367
36.7403,-36.3032,9.1431,,0.382064
36.7603,-35.5388,9.88341,,0.382386
36.7803,-34.7743,10.5922,,0.382135
36.8003,-34.01,11.2913,,0.38218
36.8203,-33.2454,11.9763,,0.382289
36.8403,-32.4811,12.6461,,0.382293
36.8603,-31.7163,13.2954,,0.382102
36.8803,-30.952,13.9275,,0.382333
36.9003,-30.1873,14.5401,,0.38237
36.9203,-29.4227,15.1494,,0.382221
36.9403,-28.6585,15.7464,,0.382063
36.9603,-27.8942,16.3167,,0.382248
36.9803,-27.1297,16.8759,,0.382233
37.0003,-26.365,17.4171,,0.382374
37.0203,-25.6007,17.9652,,0.382158
37.0403,-24.8362,18.4917,,0.382169
37.0603,-24.0716,19.0034,,0.382382
37.0803,-23.3071,19.5111,,0.382191
37.1003,-22.5428,20.0066,,0.38211
37.1203,-21.7784,20.4882,,0.382226
37.1403,-21.0138,20.9579,,0.382322
37.1603,-20.2494,21.4305,,0.382287
37.1803,-19.4849,21.8744,,0.382183
37.2003,-18.7204,22.3091,,0.382223
37.2203,-17.9561,22.7512,,0.382127
37.2403,-17.1915,23.171,,0.382293
37.2603,-16.4271,23.5837,,0.382159
37.2803,-15.6628,23.9911,,0.382248
37.3003,-14.8982,24.377,,0.382254
37.3203,-14.1339,24.7759,,0.382043
37.3403,-13.3694,25.1597,,0.382448
37.3603,-12.6049,25.5225,,0.382191
37.3803,-11.8404,25.8843,,0.382226
37.4003,-11.0759,26.2517,,0.382267
37.4203,-10.3115,26.6051,,0.382229
37.4403,-9.54697,26.9453,,0.382219
37.4603,-8.78253,27.2903,,0.382198
37.4803,-8.01813,27.6292,,0.382228
37.5003,-7.25366,27.9486,,0.382239
37.5203,-6.48927,28.2639,,0.382183
37.5403,-5.72482,28.5804,,0.382233
37.5603,-4.96028,28.8835,,0.382258
37.5803,-4.19583,29.1722,,0.382253
37.6003,-3.43138,29.4635,,0.382188
37.6203,-2.66693,29.7614,,0.382291
37.6403,-1.90244,30.0405,,0.382223
37.6603,-1.13801,30.3168,,0.382189
37.6803,-0.37354,30.5903,,0.382228
37.7003,0.390918,30.851,,0.382257
37.7203,1.15536,31.1066,,0.38221
37.7403,1.91981,31.366,,0.382249
37.7603,2.68429,31.6052,,0.382202
37.7803,3.44877,31.8365,,0.382256
37.8003,4.21319,32.0703,,0.382232
37.8203,4.97763,32.3037,,0.382204
37.8403,5.74221,32.5307,,0.382304
37.8603,6.50653,32.7549,,0.382136
37.8803,7.27102,32.9678,,0.382234
37.9003,8.03557,33.1751,,0.382305
37.9203,8.8,33.3823,,0.382193
37.9403,9.56439,33.589,,0.382178
37.9603,10.3289,33.778,,0.382264
37.9803,11.0933,33.958,,0.382269
38.0003,11.8579,34.1414,,0.382225
38.0203,12.6222,34.3307,,0.38209
38.0403,13.3866,34.5079,,0.382249
38.0603,14.1511,34.6717,,0.382241
38.0803,14.9155,34.8422,,0.382271
38.1003,15.6799,35.0129,,0.382216
38.1203,16.4445,35.1683,,0.382301
38.1403,17.209,35.3266,,0.382117
38.1603,17.9735,35.4716,,0.382312
38.1803,18.7378,35.6122,,0.382254
38.2003,19.5024,35.7554,,0.382123
38.2203,20.2668,35.8854,,0.382243
38.2403,21.0313,36.0319,,0.382284
38.2603,21.7956,36.161,,0.382166
38.2803,22.5603,36.2773,,0.382407
38.3003,23.3248,36.4023,,0.381999
38.3203,24.089,36.5223,,0.382433
38.3403,24.8536,36.6409,,0.382101
38.3603,25.6183,36.7537,,0.382263
38.3803,26.3825,36.8459,,0.382192
38.4003,27.1468,36.9555,,0.382225
38.4203,27.9114,37.0604,,0.382268
38.4403,28.6758,37.1542,,0.382245
38.4603,29.4402,37.2521,,0.382054
38.4803,30.2047,37.35,,0.382367
38.5003,30.9691,37.4292,,0.382165
38.5203,31.7336,37.5104,,0.382263
38.5403,32.498,37.6017,,0.382174
38.5603,33.2624,37.6769,,0.382294
38.5803,34.027,37.7477,,0.382166
38.6003,34.7915,37.8146,,0.38239
38.6203,35.5559,37.89,,0.382273
38.6403,36.3204,37.9625,,0.382105
38.6603,37.0848,38.0268,,0.382269
38.6803,37.8494,38.0884,,0.382201
38.7003,38.6137,38.1526,,0.382262
38.7203,39.3787,38.208,,0.382332
38.7403,40.1437,38.2566,,0.382501
38.7603,40.907,38.3158,,0.381539
38.7803,41.6714,38.3649,,0.382489
38.8003,42.4361,38.4024,,0.382188
38.8203,43.2001,38.4457,,0.382079
38.8403,43.9646,38.5036,,0.382375
38.8603,44.7294,38.5452,,0.382058
38.8803,45.4939,38.5813,,0.382744
38.9003,46.258,38.6169,,0.381648
38.9203,47.0226,38.664,,0.382394
38.9403,47.7864,38.7071,,0.38208
38.9603,48.5513,38.7307,,0.38234
38.9803,49.3157,38.7556,,0.382254
39.0003,50.0806,38.7895,,0.382521
39.0203,50.8448,38.823,,0.381998
39.0403,51.6096,38.8518,,0.382197
39.0603,52.3739,38.8793,,0.382284
39.0803,53.138,38.8941,,0.382046
39.1003,53.9028,38.9228,,0.382389
39.1203,54.6672,38.947,,0.382294
39.1403,55.4318,38.9697,,0.382173
39.1603,56.1962,38.9822,,0.382223
39.1803,56.9609,38.9916,,0.382411
39.2003,57.725,39.0108,,0.382065
39.2203,58.4893,39.0318,,0.382004
39.2403,59.2539,39.0368,,0.38248
39.2603,59.7929,38.2248,,0.0220838
39.2803,59.2479,34.325,,-0.393304
39.3003,58.4741,30.8405,,-0.38152
39.3203,57.7097,27.9063,,-0.382482
39.3403,56.9454,25.3059,,-0.382239
39.3603,56.18,22.9368,,-0.382737
39.3803,55.4161,20.7319,,-0.382057
39.4003,54.6509,18.6743,,-0.382576
39.4203,53.8866,16.7586,,-0.381773
39.4403,53.1226,14.9448,,-0.382621
39.4603,52.3575,13.2303,,-0.38251
39.4803,51.593,11.5992,,-0.381861
39.5003,50.8282,10.0517,,-0.382535
39.5203,50.064,8.56423,,-0.382051
39.5403,49.2996,7.1485,,-0.382022
39.5603,48.5351,5.80667,,-0.382295
39.5803,47.7704,4.50328,,-0.382432
39.6003,47.006,3.24581,,-0.382021
39.6203,46.2415,2.05743,,-0.382599
39.6403,45.4771,0.916684,,-0.381902
39.6603,44.7126,-0.184779,,-0.382485
39.6803,43.9483,-1.24356,,-0.38188
39.7003,43.1837,-2.24714,,-0.382507
39.7203,42.4192,-3.21229,,-0.382142
39.7403,41.6548,-4.14817,,-0.382545
39.7603,40.8896,-5.05696,,-0.382157
39.7803,40.1251,-5.93041,,-0.382827
39.8003,39.3601,-6.77778,,-0.382005
39.8203,38.5963,-7.61357,,-0.381922
39.8403,37.8321,-8.41989,,-0.382131
39.8603,37.0676,-9.19834,,-0.382241
39.8803,36.303,-9.95597,,-0.382286
39.9003,35.5387,-10.7063,,-0.382222
39.9203,34.7743,-11.4281,,-0.382275
39.9403,34.0095,-12.1238,,-0.382363
39.9603,33.2452,-12.803,,-0.382056
39.9803,32.4808,-13.4804,,-0.382197
40.0003,31.7164,-14.1457,,-0.382436
40.0203,30.952,-14.7752,,-0.381882
40.0403,30.1874,-15.3933,,-0.382498
40.0603,29.4232,-16.0102,,-0.382001
40.0803,28.6585,-16.6165,,-0.382476
40.1003,27.8941,-17.1995,,-0.382113
40.1203,27.1298,-17.7617,,-0.381985
40.1403,26.3651,-18.3178,,-0.382708
40.1603,25.6004,-18.8672,,-0.382238
40.1803,24.8359,-19.3991,,-0.381989
40.2003,24.0719,-19.9147,,-0.382254
40.2203,23.3071,-20.4279,,-0.382386
40.2403,22.5426,-20.9326,,-0.382128
40.2603,21.7783,-21.4028,,-0.382204
40.2803,21.0138,-21.8827,,-0.382069
40.3003,20.2495,-22.3562,,-0.382221
40.3203,19.4852,-22.8093,,-0.382278
40.3403,18.7205,-23.2418,,-0.382321
40.3603,17.9561,-23.671,,-0.382141
40.3803,17.1917,-24.1082,,-0.382266
40.4003,16.4271,-24.5278,,-0.382327
40.4203,15.6626,-24.9326,,-0.382225
40.4403,14.8981,-25.3222,,-0.382276
40.4603,14.1337,-25.7233,,-0.382114
40.4803,13.3694,-26.1114,,-0.382241
40.5003,12.6048,-26.4803,,-0.382264
40.5203,11.8403,-26.8445,,-0.382252
40.5403,11.076,-27.206,,-0.382134
40.5603,10.3115,-27.5606,,-0.382285
40.5803,9.547,-27.9055,,-0.382207
40.6003,8.78255,-28.2409,,-0.382256
40.6203,8.01807,-28.5846,,-0.382243
40.6403,7.25362,-28.9085,,-0.38224
40.6603,6.48913,-29.2237,,-0.382218
40.6803,5.72468,-29.5373,,-0.382159
40.7003,4.96029,-29.8425,,-0.382289
40.7203,4.1958,-30.1412,,-0.382223
40.7403,3.43133,-30.4196,,-0.382235
40.7603,2.66693,-30.7094,,-0.382244
40.7803,1.90241,-30.9968,,-0.382242
40.8003,1.13795,-31.2736,,-0.382192
40.8203,0.373502,-31.5323,,-0.382239
40.8403,-0.39096,-31.7968,,-0.382199
40.8603,-1.15543,-32.0638,,-0.382269
40.8803,-1.91988,-32.3111,,-0.382198
40.9003,-2.68432,-32.5478,,-0.382215
40.9203,-3.44884,-32.787,,-0.382317
40.9403,-4.21324,-33.0232,,-0.382147
40.9603,-4.97765,-33.2484,,-0.382224
40.9803,-5.74217,-33.4612,,-0.382221
41.0003,-6.50664,-33.6841,,-0.382299
41.0203,-7.27114,-33.9008,,-0.382212
41.0403,-8.03556,-34.1075,,-0.382249
41.0603,-8.79998,-34.3045,,-0.382138
41.0803,-9.56439,-34.5007,,-0.382294
41.1003,-10.3289,-34.7055,,-0.382159
41.1203,-11.0934,-34.8818,,-0.382369
41.1403,-11.858,-35.0485,,-0.382142
41.1603,-12.6221,-35.2377,,-0.3821
41.1803,-13.3866,-35.4089,,-0.382379
41.2003,-14.1513,-35.5731,,-0.382196
41.2203,-14.9156,-35.7302,,-0.382204
41.2403,-15.68,-35.8987,,-0.382204
41.2603,-16.4444,-36.0574,,-0.382271
41.2803,-17.2091,-36.1951,,-0.382232
41.3003,-17.9734,-36.3378,,-0.382276
41.3203,-18.738,-36.491,,-0.382169
41.3403,-19.5023,-36.619,,-0.382079
41.3603,-20.2668,-36.7416,,-0.382434
41.3803,-21.0313,-36.8854,,-0.382237
41.4003,-21.7957,-37.008,,-0.38212
41.4203,-22.5602,-37.1233,,-0.382258
41.4403,-23.3245,-37.2398,,-0.382093
41.4603,-24.089,-37.3513,,-0.382411
41.4803,-24.8537,-37.4625,,-0.382224
41.5003,-25.6181,-37.5659,,-0.38228
41.5203,-26.3826,-37.6688,,-0.382242
41.5403,-27.1468,-37.7593,,-0.382009
41.5603,-27.9113,-37.8499,,-0.382314
41.5803,-28.6755,-37.9482,,-0.382102
41.6003,-29.4403,-38.0416,,-0.382519
41.6203,-30.2049,-38.1301,,-0.381957
41.6403,-30.9689,-38.2027,,-0.382246
41.6603,-31.7333,-38.2837,,-0.382253
41.6803,-32.4981,-38.3665,,-0.382428
41.7003,-33.2627,-38.4425,,-0.382094
41.7203,-34.0272,-38.5131,,-0.382354
41.7403,-34.7915,-38.5661,,-0.382136
41.7603,-35.5562,-38.6276,,-0.382321
41.7803,-36.3204,-38.7079,,-0.381998
41.8003,-37.0845,-38.7635,,-0.382283
41.8203,-37.8493,-38.8079,,-0.382395
41.8403,-38.6139,-38.8758,,-0.382135
41.8603,-39.3786,-38.9325,,-0.38279
41.8803,-40.1436,-38.9858,,-0.381849
41.9003,-40.9066,-39.0323,,-0.381845
41.9203,-41.6717,-39.0797,,-0.38236
41.9403,-42.4355,-39.1192,,-0.382104
41.9603,-43.2002,-39.1579,,-0.382364
41.9803,-43.9648,-39.2051,,-0.382301
42.0003,-44.7292,-39.2507,,-0.382024
42.0203,-45.4942,-39.2849,,-0.382694
42.0403,-46.2584,-39.3206,,-0.381984
42.0603,-47.0228,-39.3535,,-0.382242
42.0803,-47.7874,-39.3944,,-0.382081
42.1003,-48.5513,-39.4285,,-0.38221
42.1203,-49.3159,-39.4573,,-0.382032
42.1403,-50.0803,-39.4773,,-0.382387
42.1603,-50.8447,-39.5053,,-0.382207
42.1803,-51.6093,-39.5423,,-0.382259
42.2003,-52.3739,-39.5579,,-0.382486
42.2203,-53.1386,-39.5776,,-0.382132
42.2403,-53.9031,-39.6128,,-0.382594
42.2603,-54.6673,-39.6294,,-0.381707
42.2803,-55.4319,-39.6443,,-0.382505
42.3003,-56.1962,-39.6656,,-0.381897
42.3203,-56.9606,-39.6776,,-0.382263
42.3403,-57.725,-39.6853,,-0.382592
42.3603,-58.4902,-39.7017,,-0.381907
42.3803,-59.2532,-39.7134,,-0.382073
42.4003,-59.7936,-38.8951,,-0.0228412
42.4203,-59.2487,-34.9792,,0.393187
42.4403,-58.4741,-31.4884,,0.382548
42.4603,-57.7092,-28.5573,,0.382221
42.4803,-56.945,-25.9571,,0.382505
42.5003,-56.1803,-23.5769,,0.382059
42.5203,-55.4158,-21.3713,,0.38236
42.5403,-54.651,-19.3217,,0.382326
42.5603,-53.8868,-17.3999,,0.382043
42.5803,-53.1222,-15.5766,,0.382495
42.6003,-52.3572,-13.8545,,0.382213
42.6203,-51.5933,-12.2293,,0.382296
42.6403,-50.8287,-10.6677,,0.382297
42.6603,-50.0637,-9.17705,,0.382098
42.6803,-49.2998,-7.75845,,0.382194
42.7003,-48.5353,-6.39336,,0.382314
42.7203,-47.7704,-5.08343,,0.38231
42.7403,-47.0059,-3.83099,,0.382221
42.7603,-46.2418,-2.63489,,0.382133
42.7803,-45.477,-1.47963,,0.382451
42.8003,-44.7124,-0.372322,,0.382398
42.8203,-43.9476,0.687506,,0.382517
42.8403,-43.1829,1.70787,,0.381847
42.8603,-42.4193,2.68928,,0.381689
42.8803,-41.655,3.62578,,0.382874
42.9003,-40.89,4.53585,,0.382047
42.9203,-40.1256,5.43619,,0.382622
42.9403,-39.3608,6.30402,,0.381999
42.9603,-38.5967,7.13155,,0.382162
42.9803,-37.8321,7.94369,,0.382316
43.0003,-37.0677,8.74039,,0.382117
43.0203,-36.3033,9.51115,,0.382126
43.0403,-35.5389,10.2539,,0.382358
43.0603,-34.7742,10.9679,,0.382371
43.0803,-34.0099,11.6814,,0.382145
43.1003,-33.2452,12.3833,,0.382315
43.1203,-32.4807,13.0593,,0.382005
43.1403,-31.7165,13.7091,,0.382312
43.1603,-30.9519,14.3548,,0.382342
43.1803,-30.1875,14.9864,,0.382099
43.2003,-29.4231,15.5951,,0.382352
43.2203,-28.6585,16.1935,,0.382245
43.2403,-27.894,16.7846,,0.382124
43.2603,-27.1295,17.3574,,0.382291
43.2803,-26.3651,17.9055,,0.382261
43.3003,-25.6007,18.4527,,0.38211
43.3203,-24.8364,18.9943,,0.382148
43.3403,-24.0719,19.5225,,0.382246
43.3603,-23.3074,20.0266,,0.382303
43.3803,-22.5429,20.531,,0.382188
43.4003,-21.7787,21.0269,,0.382149
43.4203,-21.014,21.5008,,0.382442
43.4403,-20.2495,21.9719,,0.382036
43.4603,-19.4852,22.4275,,0.382302
43.4803,-18.7205,22.8705,,0.382333
43.5003,-17.9561,23.3129,,0.382182
43.5203,-17.1917,23.7433,,0.382184
43.5403,-16.4273,24.161,,0.38224
43.5603,-15.6626,24.5723,,0.382406
43.5803,-14.8983,24.9695,,0.382052
43.6003,-14.1339,25.3711,,0.382291
43.6203,-13.3693,25.7603,,0.382248
43.6403,-12.6049,26.131,,0.382212
43.6603,-11.8403,26.5015,,0.382318
43.6803,-11.0758,26.8667,,0.382184
43.7003,-10.3115,27.2258,,0.382187
43.7203,-9.54701,27.5756,,0.382294
43.7403,-8.7825,27.9154,,0.382178
43.7603,-8.01807,28.2479,,0.382265
43.7803,-7.25359,28.5877,,0.382161
43.8003,-6.48921,28.9034,,0.382213
43.8203,-5.72476,29.2095,,0.382274
43.8403,-4.96026,29.5136,,0.382219
43.8603,-4.19577,29.8169,,0.382237
43.8803,-3.43136,30.103,,0.382216
43.9003,-2.66693,30.3916,,0.382208
43.9203,-1.90245,30.6728,,0.382271
43.9403,-1.13798,30.9568,,0.382255
43.9603,-0.373534,31.2221,,0.382183
43.9803,0.390927,31.4808,,0.382257
44.0003,1.15537,31.732,,0.382176
44.0203,1.91983,31.9933,,0.382243
44.0403,2.68427,32.2298,,0.382237
44.0603,3.44879,32.456,,0.382206
44.0803,4.2132,32.6851,,0.382212
44.1003,4.97767,32.9169,,0.382286
44.1203,5.74213,33.1383,,0.382217
44.1403,6.50657,33.355,,0.382187
44.1603,7.27106,33.5637,,0.382297
44.1803,8.03552,33.7737,,0.382224
44.2003,8.79995,33.9647,,0.382231
44.2203,9.56447,34.1588,,0.382259
44.2403,10.3289,34.3497,,0.382163
44.2603,11.0934,34.5268,,0.382238
44.2803,11.8578,34.7008,,0.382239
44.3003,12.6222,34.875,,0.382224
44.3203,13.3868,35.0424,,0.382184
44.3403,14.1512,35.2079,,0.382228
44.3603,14.9156,35.3675,,0.382286
44.3803,15.6801,35.519,,0.382229
44.4003,16.4445,35.6678,,0.382161
44.4203,17.209,35.8216,,0.382293
44.4403,17.9735,35.9597,,0.382247
44.4603,18.7379,36.0862,,0.382241
44.4803,19.5025,36.2218,,0.382197
44.5003,20.267,36.3438,,0.382289
44.5203,21.0313,36.4733,,0.382106
44.5403,21.7957,36.6005,,0.382246
44.5603,22.56,36.707,,0.382152
44.5803,23.3245,36.816,,0.382222
44.6003,24.0888,36.922,,0.382233
44.6203,24.8535,37.0365,,0.382287
44.6403,25.6178,37.1387,,0.382099
44.6603,26.3824,37.2189,,0.38247
44.6803,27.147,37.3129,,0.382144
44.7003,27.9115,37.4116,,0.382356
44.7203,28.6759,37.4999,,0.38213
44.7403,29.4402,37.5867,,0.38209
44.7603,30.2043,37.6693,,0.382121
44.7803,30.969,37.736,,0.382393
44.8003,31.7337,37.8138,,0.382441
44.8203,32.4982,37.8934,,0.382063
44.8403,33.2625,37.9583,,0.38216
44.8603,34.027,38.0187,,0.38232
44.8803,34.7915,38.0824,,0.382127
44.9003,35.5557,38.1464,,0.382304
44.9203,36.3203,38.2068,,0.382185
44.9403,37.085,38.2645,,0.382284
44.9603,37.8493,38.3207,,0.382285
44.9803,38.6137,38.3707,,0.382055
45.0003,39.3781,38.4195,,0.382462
45.0203,40.1434,38.4658,,0.382532
45.0403,40.907,38.5163,,0.381601
45.0603,41.6713,38.5552,,0.382426
45.0803,42.4358,38.5818,,0.382035
45.1003,43.1995,38.6261,,0.381861
45.1203,43.9646,38.6723,,0.382728
45.1403,44.729,38.7128,,0.382335
45.1603,45.4938,38.7402,,0.38211
45.1803,46.2581,38.7735,,0.382472
45.2003,47.0228,38.8157,,0.38209
45.2203,47.7875,38.848,,0.382354
45.2403,48.5514,38.8705,,0.381836
45.2603,49.3161,38.8945,,0.382461
45.2803,50.0802,38.9236,,0.382
45.3003,50.845,38.9526,,0.382562
45.3203,51.6094,38.9769,,0.382116
45.3403,52.3741,39.0018,,0.381975
45.3603,53.1382,39.0187,,0.382583
45.3803,53.9025,39.0409,,0.381834
45.4003,54.6671,39.0581,,0.382624
45.4203,55.4317,39.0826,,0.381866
45.4403,56.1956,39.097,,0.382281
45.4603,56.9608,39.1034,,0.382616
45.4803,57.7254,39.1111,,0.382087
45.5003,58.4896,39.1343,,0.382502
45.5203,59.2542,39.1477,,0.381612
45.5403,59.7927,38.3149,,0.0227513
45.5603,59.2482,34.3524,,-0.393654
45.5803,58.474,30.8391,,-0.381568
45.6003,57.71,27.8752,,-0.382459
45.6203,56.9449,25.2459,,-0.382307
45.6403,56.1807,22.8504,,-0.382379
45.6603,55.4162,20.6339,,-0.382076
45.6803,54.6518,18.5602,,-0.382498
45.7003,53.8869,16.6254,,-0.382245
45.7203,53.1223,14.8084,,-0.382317
45.7403,52.358,13.0771,,-0.382083
45.7603,51.5933,11.4347,,-0.382374
45.7803,50.8287,9.87461,,-0.38199
45.8003,50.0642,8.38636,,-0.382753
45.8203,49.2994,6.95675,,-0.382247
45.8403,48.5348,5.58995,,-0.382278
45.8603,47.7707,4.28546,,-0.381921
45.8803,47.0059,3.02784,,-0.382731
45.9003,46.2414,1.81842,,-0.381847
45.9203,45.4769,0.66352,,-0.382227
45.9403,44.7128,-0.440851,,-0.382293
45.9603,43.9482,-1.49221,,-0.38236
45.9803,43.1836,-2.51826,,-0.382356
46.0003,42.4188,-3.50183,,-0.381798
46.0203,41.655,-4.43866,,-0.382701
46.0403,40.8899,-5.35,,-0.382169
46.0603,40.1256,-6.2417,,-0.382496
46.0803,39.3606,-7.10661,,-0.38193
46.1003,38.5968,-7.94499,,-0.382136
46.1203,37.8323,-8.7589,,-0.382238
46.1403,37.0677,-9.55363,,-0.382216
46.1603,36.3033,-10.325,,-0.382383
46.1803,35.5387,-11.08,,-0.382233
46.2003,34.7739,-11.8088,,-0.382203
46.2203,34.0099,-12.5231,,-0.382132
46.2403,33.2452,-13.2157,,-0.382341
46.2603,32.481,-13.8953,,-0.382259
46.2803,31.7163,-14.5683,,-0.382241
46.3003,30.9519,-15.2134,,-0.382192
46.3203,30.1875,-15.8481,,-0.382175
46.3403,29.423,-16.4678,,-0.382316
46.3603,28.6584,-17.0745,,-0.382319
46.3803,27.8941,-17.6756,,-0.382066
46.4003,27.1295,-18.2557,,-0.382292
46.4203,26.3652,-18.8106,,-0.382252
46.4403,25.6006,-19.3587,,-0.382283
46.4603,24.8364,-19.9112,,-0.38207
46.4803,24.0718,-20.4439,,-0.382174
46.5003,23.3073,-20.9545,,-0.38246
46.5203,22.5426,-21.4596,,-0.382161
46.5403,21.7783,-21.947,,-0.382208
46.5603,21.014,-22.4354,,-0.38224
46.5803,20.2493,-22.9146,,-0.382323
46.6003,19.485,-23.3667,,-0.382054
46.6203,18.7205,-23.8061,,-0.382299
46.6403,17.956,-24.2455,,-0.382244
46.6603,17.1916,-24.6903,,-0.382165
46.6803,16.4272,-25.1115,,-0.382225
46.7003,15.6628,-25.5139,,-0.382274
46.7203,14.8982,-25.9264,,-0.382326
46.7403,14.1337,-26.3289,,-0.382198
46.7603,13.3694,-26.7108,,-0.382122
46.7803,12.6049,-27.0863,,-0.382167
46.8003,11.8405,-27.4587,,-0.382314
46.8203,11.0759,-27.8233,,-0.382338
46.8403,10.3114,-28.1807,,-0.382161
46.8603,9.54701,-28.5255,,-0.382177
46.8803,8.78264,-28.8697,,-0.382242
46.9003,8.01805,-29.2123,,-0.382277
46.9203,7.25362,-29.536,,-0.382236
46.9403,6.48921,-29.8503,,-0.382146
46.9603,5.72481,-30.169,,-0.382241
46.9803,4.9603,-30.4776,,-0.382277
47.0003,4.19585,-30.77,,-0.382247
47.0203,3.43134,-31.0559,,-0.382249
47.0403,2.66689,-31.338,,-0.382175
47.0603,1.90242,-31.619,,-0.382239
47.0803,1.13793,-31.89,,-0.382278
47.1003,0.373499,-32.1623,,-0.382178
47.1203,-0.390966,-32.4236,,-0.382255
47.1403,-1.15542,-32.6768,,-0.382228
47.1603,-1.9199,-32.9214,,-0.382227
47.1803,-2.68431,-33.1655,,-0.382184
47.2003,-3.44879,-33.4007,,-0.382291
47.2203,-4.21323,-33.6235,,-0.38219
47.2403,-4.97767,-33.8407,,-0.382184
47.2603,-5.74205,-34.0596,,-0.382236
47.2803,-6.50657,-34.2756,,-0.382224
47.3003,-7.27106,-34.4797,,-0.382306
47.3203,-8.03555,-34.6845,,-0.382177
47.3403,-8.79988,-34.8707,,-0.382279
47.3603,-9.5645,-35.0587,,-0.382233
47.3803,-10.3288,-35.2533,,-0.382173
47.4003,-11.0933,-35.4289,,-0.382264
47.4203,-11.858,-35.5952,,-0.382267
47.4403,-12.6222,-35.7617,,-0.382038
47.4603,-13.3866,-35.922,,-0.382345
47.4803,-14.1512,-36.0858,,-0.382274
47.5003,-14.9157,-36.2393,,-0.382155
47.5203,-15.68,-36.387,,-0.382259
47.5403,-16.4447,-36.5307,,-0.382244
47.5603,-17.2089,-36.6692,,-0.382233
47.5803,-17.9736,-36.8173,,-0.382311
47.6003,-18.7379,-36.9444,,-0.382103
47.6203,-19.5023,-37.0523,,-0.38227
47.6403,-20.2667,-37.1783,,-0.382191
47.6603,-21.0313,-37.3104,,-0.382242
47.6803,-21.7956,-37.4207,,-0.382116
47.7003,-22.56,-37.5206,,-0.382297
47.7203,-23.3245,-37.6283,,-0.382275
47.7403,-24.089,-37.736,,-0.382232
47.7603,-24.8535,-37.8299,,-0.382254
47.7803,-25.6181,-37.9214,,-0.382141
47.8003,-26.3823,-38.012,,-0.382248
47.8203,-27.1469,-38.0929,,-0.382366
47.8403,-27.9116,-38.175,,-0.382135
47.8603,-28.6757,-38.2604,,-0.382063
47.8803,-29.4403,-38.3514,,-0.382514
47.9003,-30.205,-38.4259,,-0.382206
47.9203,-30.9692,-38.4812,,-0.381983
47.9403,-31.7336,-38.5605,,-0.382366
47.9603,-32.4983,-38.6348,,-0.382252
47.9803,-33.2625,-38.6993,,-0.382181
48.0003,-34.0269,-38.756,,-0.382137
48.0203,-34.7913,-38.8084,,-0.382392
48.0403,-35.5559,-38.8651,,-0.381963
48.0603,-36.3202,-38.9235,,-0.382448
48.0803,-37.0851,-38.9712,,-0.382311
48.1003,-37.8495,-39.0218,,-0.382358
48.1203,-38.6138,-39.0751,,-0.381937
48.1403,-39.3784,-39.1254,,-0.382677
48.1603,-40.1437,-39.1714,,-0.382193
48.1803,-40.907,-39.2111,,-0.38186
48.2003,-41.6719,-39.2511,,-0.382746
48.2203,-42.4363,-39.2902,,-0.381682
48.2403,-43.2005,-39.3204,,-0.382167
48.2603,-43.9643,-39.3563,,-0.382117
48.2803,-44.7291,-39.3968,,-0.382073
48.3003,-45.4935,-39.4363,,-0.382644
48.3203,-46.2579,-39.4673,,-0.382007
48.3403,-47.0226,-39.49,,-0.382266
48.3603,-47.7867,-39.5283,,-0.382186
48.3803,-48.5517,-39.5564,,-0.382407
48.4003,-49.3162,-39.5795,,-0.382368
48.4203,-50.0812,-39.6067,,-0.382449
48.4403,-50.845,-39.6316,,-0.381861
48.4603,-51.6097,-39.6585,,-0.382023
48.4803,-52.3735,-39.6685,,-0.382149
48.5003,-53.1382,-39.701,,-0.382689
48.5203,-53.9029,-39.7301,,-0.381871
48.5403,-54.6671,-39.7307,,-0.382459
48.5603,-55.4319,-39.7496,,-0.381993
48.5803,-56.1958,-39.774,,-0.382381
48.6003,-56.9609,-39.7866,,-0.382422
48.6203,-57.7255,-39.7891,,-0.381954
48.6403,-58.4895,-39.8052,,-0.382238
48.6603,-59.2538,-39.8117,,-0.382224
48.6803,-59.7929,-38.9917,,-0.0223128
48.7003,-59.248,-35.0268,,0.39336
48.7203,-58.4739,-31.4897,,0.381731
48.7403,-57.71,-28.5228,,0.382235
48.7603,-56.9451,-25.9,,0.382692
48.7803,-56.1805,-23.5116,,0.382155
48.8003,-55.4157,-21.2825,,0.382351
48.8203,-54.6512,-19.2058,,0.38205
48.8403,-53.8869,-17.2782,,0.382504
48.8603,-53.1224,-15.4469,,0.382299
48.8803,-52.3574,-13.7134,,0.382316
48.9003,-51.593,-12.0662,,0.382117
48.9203,-50.8286,-10.4925,,0.382313
48.9403,-50.064,-9.006,,0.382297
48.9603,-49.2992,-7.57155,,0.382256
48.9803,-48.535,-6.19096,,0.382144
49.0003,-47.7709,-4.87227,,0.382201
49.0203,-47.0058,-3.61416,,0.382191
49.0403,-46.2416,-2.40422,,0.382337
49.0603,-45.4773,-1.24093,,0.382211
49.0803,-44.7123,-0.123569,,0.382456
49.1003,-43.948,0.951351,,0.382174
49.1203,-43.1839,1.97554,,0.381855
49.1403,-42.419,2.96185,,0.382589
49.1603,-41.6546,3.91219,,0.381936
49.1803,-40.8905,4.84142,,0.382436
49.2003,-40.1252,5.74595,,0.382837
49.2203,-39.3605,6.62047,,0.381825
49.2403,-38.5964,7.46504,,0.382199
49.2603,-37.8322,8.29081,,0.382054
49.2803,-37.068,9.09345,,0.382253
49.3003,-36.3033,9.86981,,0.382451
49.3203,-35.5385,10.6256,,0.382218
49.3403,-34.7743,11.3571,,0.382213
49.3603,-34.0097,12.0731,,0.382255
49.3803,-33.2453,12.78,,0.382147
49.4003,-32.4809,13.4704,,0.382299
49.4203,-31.7162,14.142,,0.382199
49.4403,-30.9517,14.7842,,0.382236
49.4603,-30.1877,15.4203,,0.382229
49.4803,-29.4229,16.0526,,0.382306
49.5003,-28.6584,16.658,,0.382228
49.5203,-27.894,17.2513,,0.382244
49.5403,-27.1294,17.8302,,0.382254
49.5603,-26.3652,18.3981,,0.382049
49.5803,-25.6007,18.9542,,0.382315
49.6003,-24.836,19.5,,0.382289
49.6203,-24.0718,20.0324,,0.382153
49.6403,-23.3075,20.5527,,0.382202
49.6603,-22.5427,21.0671,,0.382347
49.6803,-21.7785,21.5622,,0.382139
49.7003,-21.0138,22.045,,0.382412
49.7203,-20.2494,22.5222,,0.381963
49.7403,-19.4851,22.9887,,0.382311
49.7603,-18.7206,23.4349,,0.382175
49.7803,-17.9561,23.8835,,0.382369
49.8003,-17.1917,24.3182,,0.382109
49.8203,-16.4272,24.7408,,0.382255
49.8403,-15.6629,25.1711,,0.382203
49.8603,-14.8983,25.569,,0.382204
49.8803,-14.1339,25.9695,,0.382258
49.9003,-13.3693,26.3601,,0.382316
49.9203,-12.6049,26.7475,,0.382174
49.9403,-11.8404,27.1189,,0.38227
49.9603,-11.076,27.4787,,0.382151
49.9803,-10.3115,27.8385,,0.382259
50.0003,-9.5471,28.2009,,0.382216
50.0203,-8.78265,28.5467,,0.382235
50.0403,-8.01812,28.8784,,0.382277
50.0603,-7.2536,29.2081,,0.382209
50.0803,-6.48925,29.5302,,0.3822
50.1003,-5.72483,29.8503,,0.382227
50.1203,-4.96036,30.1481,,0.382185
50.1403,-4.19587,30.4373,,0.382289
50.1603,-3.43136,30.7364,,0.382273
50.1803,-2.66684,31.0249,,0.382179
50.2003,-1.90247,31.3014,,0.382218
50.2203,-1.13799,31.5772,,0.382253
50.2403,-0.373536,31.8437,,0.382284
50.2603,0.390944,32.1028,,0.382164
50.2803,1.15539,32.3454,,0.382221
50.3003,1.91983,32.6001,,0.382234
50.3203,2.68426,32.8359,,0.382243
50.3403,3.44875,33.0553,,0.382272
50.3603,4.21328,33.2783,,0.382192
50.3803,4.97766,33.5019,,0.382191
50.4003,5.74215,33.7211,,0.382282
50.4203,6.50662,33.9217,,0.382214
50.4403,7.27104,34.1293,,0.382179
50.4603,8.03556,34.3349,,0.382333
50.4803,8.80003,34.5154,,0.382216
50.5003,9.56449,34.699,,0.382202
50.5203,10.3289,34.8867,,0.382177
50.5403,11.0933,35.0533,,0.382318
50.5603,11.8578,35.2149,,0.382235
50.5803,12.6223,35.3767,,0.382071
50.6003,13.3867,35.5424,,0.382378
50.6203,14.1511,35.7006,,0.382205
50.6403,14.9157,35.8539,,0.382302
50.6603,15.6802,35.9873,,0.38208
50.6803,16.4444,36.1219,,0.382288
50.7003,17.2091,36.2727,,0.38222
50.7203,17.9734,36.3987,,0.382183
50.7403,18.7379,36.5146,,0.382296
50.7603,19.5023,36.6337,,0.382107
50.7803,20.2669,36.7508,,0.382351
50.8003,21.0313,36.8759,,0.382213
50.8203,21.7954,36.9815,,0.381975
50.8403,22.5602,37.0779,,0.38249
50.8603,23.3246,37.1784,,0.382168
50.8803,24.089,37.2794,,0.382143
50.9003,24.8534,37.3781,,0.382245
50.9203,25.6178,37.4696,,0.382221
50.9403,26.3825,37.5413,,0.382391
50.9603,27.147,37.6287,,0.382075
50.9803,27.9112,37.7106,,0.382281
51.0003,28.6758,37.7873,,0.38217
51.0203,29.4403,37.8737,,0.382431
51.0403,30.2048,37.9416,,0.382152
51.0603,30.9693,37.9936,,0.382145
51.0803,31.7333,38.0657,,0.38207
51.1003,32.498,38.1401,,0.382356
51.1203,33.2623,38.1915,,0.382184
51.1403,34.0269,38.2454,,0.382251
51.1603,34.7914,38.3043,,0.382299
51.1803,35.5558,38.359,,0.382267
51.2003,36.3202,38.4146,,0.382162
51.2203,37.0847,38.4588,,0.382094
51.2403,37.8491,38.5094,,0.382399
51.2603,38.6137,38.5615,,0.382258
51.2803,39.3784,38.6026,,0.382341
51.3003,40.1433,38.639,,0.382555
51.3203,40.9077,38.6772,,0.381888
51.3403,41.6719,38.7114,,0.382549
51.3603,42.4366,38.7436,,0.381722
51.3803,43.2005,38.7771,,0.382481
51.4003,43.9643,38.8136,,0.381799
51.4203,44.7291,38.8496,,0.382068
51.4403,45.4935,38.8771,,0.382616
51.4603,46.2582,38.9057,,0.382205
51.4803,47.0227,38.9436,,0.382337
51.5003,47.7872,38.9734,,0.382133
51.5203,48.5517,38.9877,,0.382113
51.5403,49.316,39.0078,,0.382382
51.5603,50.0803,39.0491,,0.382113
51.5803,50.845,39.0697,,0.382251
51.6003,51.6097,39.0766,,0.382606
51.6203,52.374,39.108,,0.381942
51.6403,53.1383,39.1357,,0.382384
51.6603,53.9029,39.1458,,0.381869
51.6803,54.6672,39.1567,,0.382231
51.7003,55.4312,39.182,,0.382161
51.7203,56.1956,39.2006,,0.382248
51.7403,56.9603,39.2019,,0.382372
51.7603,57.7247,39.207,,0.382218
51.7803,58.4896,39.2289,,0.382199
51.8003,59.2538,39.2411,,0.382386
51.8203,59.7932,38.4022,,0.02228
51.8403,59.248,34.3887,,-0.393367
51.8603,58.4738,30.8282,,-0.381701
51.8803,57.7103,27.8458,,-0.382424
51.9003,56.9455,25.1882,,-0.382463
51.9203,56.1806,22.7712,,-0.382303
51.9403,55.4162,20.5407,,-0.382344
51.9603,54.6509,18.4568,,-0.382606
51.9803,53.8866,16.5044,,-0.381807
52.0003,53.1227,14.6642,,-0.382164
52.0203,52.3579,12.9349,,-0.382457
52.0403,51.5935,11.2828,,-0.381976
52.0603,50.828,9.70651,,-0.382809
52.0803,50.0637,8.20134,,-0.381906
52.1003,49.2998,6.76351,,-0.382326
52.1203,48.5351,5.39006,,-0.382181
52.1403,47.7705,4.07797,,-0.382373
52.1603,47.006,2.79775,,-0.382036
52.1803,46.242,1.58005,,-0.382184
52.2003,45.4774,0.425286,,-0.382471
52.2203,44.7125,-0.688602,,-0.382216
52.2403,43.9484,-1.76456,,-0.381977
52.2603,43.1839,-2.79662,,-0.382421
52.2803,42.4195,-3.78289,,-0.382234
52.3003,41.6546,-4.73785,,-0.38249
52.3203,40.8903,-5.66136,,-0.382024
52.3403,40.1253,-6.55936,,-0.382969
52.3603,39.3603,-7.43085,,-0.381883
52.3803,38.5965,-8.28355,,-0.382148
52.4003,37.8321,-9.11479,,-0.382064
52.4203,37.0679,-9.91614,,-0.382337
52.4403,36.303,-10.6977,,-0.382146
52.4603,35.5388,-11.4698,,-0.382276
52.4803,34.7741,-12.211,,-0.382288
52.5003,34.0099,-12.9264,,-0.382147
52.5203,33.2456,-13.6268,,-0.382126
52.5403,32.481,-14.3285,,-0.382481
52.5603,31.7163,-15.013,,-0.382125
52.5803,30.9519,-15.6671,,-0.382295
52.6003,30.1873,-16.2951,,-0.382265
52.6203,29.423,-16.9376,,-0.382193
52.6403,28.6585,-17.5606,,-0.382267
52.6603,27.8941,-18.1625,,-0.38217
52.6803,27.1296,-18.75,,-0.382235
52.7003,26.3651,-19.3195,,-0.382184
52.7203,25.6006,-19.8769,,-0.382311
52.7403,24.8362,-20.436,,-0.382102
52.7603,24.0717,-20.9722,,-0.38245
52.7803,23.3073,-21.4968,,-0.381901
52.8003,22.5428,-22.0046,,-0.382482
52.8203,21.7783,-22.4989,,-0.382298
52.8403,21.0137,-22.9952,,-0.382355
52.8603,20.2493,-23.4792,,-0.381898
52.8803,19.4851,-23.9355,,-0.382228
52.9003,18.7204,-24.3891,,-0.382309
52.9203,17.9561,-24.8335,,-0.382245
52.9403,17.1916,-25.2782,,-0.382253
52.9603,16.4272,-25.7104,,-0.382084
52.9803,15.6627,-26.1194,,-0.38234
53.0003,14.8983,-26.534,,-0.382199
53.0203,14.1338,-26.9388,,-0.382169
53.0403,13.3693,-27.3247,,-0.382443
53.0603,12.6048,-27.706,,-0.382044
53.0803,11.8405,-28.0839,,-0.38231
53.1003,11.076,-28.4488,,-0.382162
53.1203,10.3114,-28.8036,,-0.382338
53.1403,9.54696,-29.1548,,-0.38213
53.1603,8.78266,-29.5027,,-0.382255
53.1803,8.01811,-29.8438,,-0.382119
53.2003,7.25371,-30.1654,,-0.382358
53.2203,6.48913,-30.4811,,-0.38222
53.2403,5.72476,-30.8033,,-0.382281
53.2603,4.96022,-31.1088,,-0.382161
53.2803,4.19585,-31.3979,,-0.38223
53.3003,3.43135,-31.6858,,-0.382235
53.3203,2.66693,-31.97,,-0.382222
53.3403,1.90246,-32.2447,,-0.382217
53.3603,1.13799,-32.5159,,-0.382232
53.3803,0.373535,-32.7777,,-0.382263
53.4003,-0.39092,-33.0367,,-0.38222
53.4203,-1.15538,-33.2837,,-0.38226
53.4403,-1.91981,-33.5253,,-0.382135
53.4603,-2.68426,-33.7609,,-0.382289
53.4803,-3.44878,-33.9921,,-0.382263
53.5003,-4.2132,-34.2034,,-0.382161
53.5203,-4.97766,-34.4213,,-0.382221
53.5403,-5.74208,-34.6266,,-0.382245
53.5603,-6.50661,-34.829,,-0.382223
53.5803,-7.27103,-35.0332,,-0.382217
53.6003,-8.03556,-35.234,,-0.382249
53.6203,-8.79997,-35.4057,,-0.382209
53.6403,-9.56441,-35.5835,,-0.382312
53.6603,-10.3289,-35.7721,,-0.382126
53.6803,-11.0933,-35.9405,,-0.382247
53.7003,-11.8578,-36.0924,,-0.382264
53.7203,-12.6221,-36.2431,,-0.382188
53.7403,-13.3867,-36.4049,,-0.382317
53.7603,-14.1511,-36.5617,,-0.382154
53.7803,-14.9156,-36.6912,,-0.382212
53.8003,-15.6801,-36.8226,,-0.382271
53.8203,-16.4445,-36.9766,,-0.382214
53.8403,-17.209,-37.0996,,-0.382246
53.8603,-17.9733,-37.2207,,-0.382169
53.8803,-18.7378,-37.3431,,-0.382245
53.9003,-19.5024,-37.4515,,-0.382267
53.9203,-20.2664,-37.5624,,-0.3821
53.9403,-21.0313,-37.6718,,-0.382292
53.9603,-21.7956,-37.7774,,-0.382036
53.9803,-22.5601,-37.8785,,-0.382451
54.0003,-23.3244,-37.969,,-0.382083
54.0203,-24.0892,-38.0499,,-0.38251
54.0403,-24.8536,-38.1465,,-0.382195
54.0603,-25.618,-38.2391,,-0.382073
54.0803,-26.3824,-38.3104,,-0.382175
54.1003,-27.1468,-38.372,,-0.382339
54.1203,-27.9114,-38.4536,,-0.382245
54.1403,-28.6759,-38.5383,,-0.3821
54.1603,-29.4403,-38.6078,,-0.382446
54.1803,-30.2047,-38.6663,,-0.38211
54.2003,-30.9693,-38.7312,,-0.382273
54.2203,-31.7336,-38.8007,,-0.382087
54.2403,-32.4981,-38.8541,,-0.38235
54.2603,-33.2626,-38.9078,,-0.382302
54.2803,-34.0271,-38.9698,,-0.38218
54.3003,-34.7914,-39.0252,,-0.382079
54.3203,-35.5558,-39.0558,,-0.382447
54.3403,-36.3203,-39.103,,-0.382205
54.3603,-37.0848,-39.1639,,-0.382053
54.3803,-37.8493,-39.2118,,-0.38224
54.4003,-38.6139,-39.2452,,-0.382328
54.4203,-39.3783,-39.2856,,-0.382352
54.4403,-40.1431,-39.3389,,-0.382396
54.4603,-40.9069,-39.3821,,-0.38164
54.4803,-41.671,-39.4013,,-0.382296
54.5003,-42.4364,-39.4283,,-0.382615
54.5203,-43.2001,-39.4714,,-0.38162
54.5403,-43.9646,-39.504,,-0.38292
54.5603,-44.7298,-39.5317,,-0.381956
54.5803,-45.4941,-39.5615,,-0.382435
54.6003,-46.2587,-39.6006,,-0.382167
54.6203,-47.023,-39.6196,,-0.382135
54.6403,-47.787,-39.6363,,-0.381927
54.6603,-48.5515,-39.6731,,-0.382319
54.6803,-49.3162,-39.7044,,-0.382488
54.7003,-50.0803,-39.7141,,-0.382041
54.7203,-50.8449,-39.7314,,-0.382001
54.7403,-51.6093,-39.7615,,-0.382679
54.7603,-52.374,-39.7836,,-0.382284
54.7803,-53.1386,-39.8021,,-0.382167
54.8003,-53.9032,-39.8154,,-0.382275
54.8203,-54.6675,-39.8359,,-0.382212
54.8403,-55.4314,-39.8577,,-0.381564
54.8603,-56.1957,-39.8644,,-0.382515
54.8803,-56.9606,-39.8747,,-0.382355
54.9003,-57.7253,-39.8945,,-0.382392
54.9203,-58.4898,-39.9012,,-0.382241
54.9403,-59.2543,-39.8991,,-0.382286
54.9603,-59.7933,-39.0722,,-0.0219465
54.9803,-59.2481,-35.064,,0.392896
55.0003,-58.4736,-31.4841,,0.382515
55.0203,-57.7099,-28.4861,,0.381696
55.0403,-56.9452,-25.8464,,0.382773
55.0603,-56.1802,-23.4248,,0.382123
55.0803,-55.4158,-21.1811,,0.382349
55.1003,-54.6513,-19.1004,,0.382313
55.1203,-53.8863,-17.1508,,0.382401
55.1403,-53.1221,-15.3086,,0.382056
55.1603,-52.3574,-13.5645,,0.382344
55.1803,-51.5929,-11.9113,,0.382627
55.2003,-50.8286,-10.3311,,0.381955
55.2203,-50.0637,-8.82053,,0.382136
55.2403,-49.2997,-7.37828,,0.382293
55.2603,-48.535,-5.9898,,0.382533
55.2803,-47.7702,-4.66229,,0.382132
55.3003,-47.0062,-3.39234,,0.381793
55.3203,-46.2416,-2.16999,,0.382658
55.3403,-45.4766,-0.995176,,0.382368
55.3603,-44.7122,0.127026,,0.382495
55.3803,-43.9473,1.20551,,0.381734
55.4003,-43.1839,2.25273,,0.382448
55.4203,-42.4186,3.25031,,0.382248
55.4403,-41.6545,4.20324,,0.382144
55.4603,-40.8902,5.13436,,0.382209
55.4803,-40.1243,6.06632,,0.383643
55.5003,-39.3603,6.95562,,0.380539
55.5203,-38.5969,7.7997,,0.382484
55.5403,-37.8323,8.63635,,0.382119
55.5603,-37.068,9.45441,,0.382163
55.5803,-36.3034,10.2498,,0.382438
55.6003,-35.5386,11.0097,,0.382197
55.6203,-34.7743,11.7433,,0.382313
55.6403,-34.0098,12.4817,,0.382179
55.6603,-33.2454,13.2007,,0.382279
55.6803,-32.4809,13.8933,,0.382075
55.7003,-31.7165,14.5694,,0.382395
55.7203,-30.9519,15.2357,,0.382158
55.7403,-30.1876,15.8812,,0.382268
55.7603,-29.4229,16.5185,,0.38224
55.7803,-28.6586,17.1361,,0.38229
55.8003,-27.8938,17.7443,,0.382218
55.8203,-27.1297,18.3276,,0.382184
55.8403,-26.3649,18.9007,,0.382396
55.8603,-25.6006,19.474,,0.382069
55.8803,-24.836,20.0227,,0.382245
55.9003,-24.0718,20.5626,,0.382172
55.9203,-23.3073,21.0919,,0.382312
55.9403,-22.5426,21.616,,0.382261
55.9603,-21.7783,22.12,,0.382227
55.9803,-21.0138,22.6116,,0.382297
56.0003,-20.2493,23.0952,,0.382019
56.0203,-19.4851,23.556,,0.382202
56.0403,-18.7206,24.0169,,0.382336
56.0603,-17.956,24.4757,,0.382305
56.0803,-17.1915,24.9119,,0.38217
56.1003,-16.4271,25.3395,,0.38227
56.1203,-15.6627,25.776,,0.382185
56.1403,-14.8982,26.1858,,0.382233
56.1603,-14.1338,26.5861,,0.382223
56.1803,-13.3695,26.979,,0.382158
56.2003,-12.605,27.3667,,0.382238
56.2203,-11.8406,27.7445,,0.382182
56.2403,-11.076,28.1103,,0.382306
56.2603,-10.3114,28.4784,,0.382257
56.2803,-9.54708,28.8394,,0.382212
56.3003,-8.78258,29.1708,,0.382231
56.3203,-8.01809,29.5063,,0.382259
56.3403,-7.25365,29.851,,0.382215
56.3603,-6.48919,30.1714,,0.382276
56.3803,-5.72472,30.464,,0.382147
56.4003,-4.96028,30.7713,,0.382313
56.4203,-4.19575,31.078,,0.382216
56.4403,-3.43131,31.363,,0.382241
56.4603,-2.66683,31.6378,,0.382212
56.4803,-1.90244,31.912,,0.382188
56.5003,-1.13799,32.1952,,0.382221
56.5203,-0.373525,32.4557,,0.382232
56.5403,0.390969,32.6959,,0.382251
56.5603,1.1554,32.9389,,0.382225
56.5803,1.91983,33.1943,,0.38222
56.6003,2.68431,33.4212,,0.382233
56.6203,3.44889,33.6268,,0.382273
56.6403,4.21326,33.8454,,0.382195
56.6603,4.97776,34.0689,,0.382287
56.6803,5.74211,34.2721,,0.382155
56.7003,6.50658,34.4706,,0.382238
56.7203,7.27111,34.6684,,0.38223
56.7403,8.03549,34.8496,,0.382216
56.7603,8.79988,35.0287,,0.382219
56.7803,9.56451,35.227,,0.382283
56.8003,10.329,35.3804,,0.382203
56.8203,11.0934,35.518,,0.382246
56.8403,11.8577,35.6889,,0.382208
56.8603,12.6223,35.8607,,0.382239
56.8803,13.3867,35.9966,,0.382171
56.9003,14.1511,36.1324,,0.382242
56.9203,14.9156,36.2826,,0.382357
56.9403,15.6801,36.4118,,0.382114
56.9603,16.4444,36.5408,,0.382155
56.9803,17.209,36.6687,,0.382441
57.0003,17.9735,36.789,,0.382075
57.0203,18.7378,36.8927,,0.382202
57.0403,19.5022,37.003,,0.382163
57.0603,20.2667,37.1172,,0.38236
57.0803,21.0312,37.2193,,0.382207
57.1003,21.7958,37.314,,0.382222
57.1203,22.5603,37.4043,,0.382197
57.1403,23.3246,37.5054,,0.382098
57.1603,24.0891,37.5887,,0.382445
57.1803,24.8537,37.6689,,0.382201
57.2003,25.618,37.7512,,0.382155
57.2203,26.3823,37.8226,,0.382241
57.2403,27.1469,37.8989,,0.382124
57.2603,27.9111,37.9774,,0.382253
57.2803,28.6756,38.034,,0.382286
57.3003,29.4403,38.115,,0.382198
57.3203,30.2047,38.1839,,0.382287
57.3403,30.9692,38.2242,,0.382318
57.3603,31.7334,38.2787,,0.382175
57.3803,32.498,38.3556,,0.382158
57.4003,33.2624,38.4095,,0.382259
57.4203,34.0267,38.4405,,0.382189
57.4403,34.7916,38.491,,0.382401
57.4603,35.556,38.5477,,0.382033
57.4803,36.3202,38.5937,,0.382208
57.5003,37.0848,38.6299,,0.382412
57.5203,37.8492,38.6781,,0.381976
57.5403,38.6135,38.7248,,0.382373
57.5603,39.3785,38.7627,,0.382555
57.5803,40.1437,38.7853,,0.382586
57.6003,40.9073,38.8249,,0.381553
57.6203,41.6716,38.8637,,0.382155
57.6403,42.4362,38.8876,,0.382318
57.6603,43.2004,38.9139,,0.382187
57.6803,43.9649,38.9477,,0.382304
57.7003,44.7296,38.986,,0.382217
57.7203,45.4935,39.0181,,0.381962
57.7403,46.2579,39.0312,,0.382414
57.7603,47.0227,39.0541,,0.382085
57.7803,47.7868,39.1001,,0.382354
57.8003,48.5521,39.1171,,0.382508
57.8203,49.3158,39.1294,,0.38179
57.8403,50.0803,39.1557,,0.382426
57.8603,50.8449,39.1831,,0.382005
57.8803,51.6096,39.1995,,0.382577
57.9003,52.3736,39.2196,,0.381894
57.9203,53.1383,39.2358,,0.382529
57.9403,53.9029,39.2542,,0.382239
57.9603,54.6678,39.2687,,0.382115
57.9803,55.4315,39.2837,,0.382383
58.0003,56.1965,39.3037,,0.382226
58.0203,56.9608,39.3076,,0.382225
58.0403,57.7249,39.3101,,0.381951
58.0603,58.4891,39.3279,,0.382242
58.0803,59.2539,39.3429,,0.382198
58.1003,59.7939,38.495,,0.0228433
58.1203,59.2484,34.4347,,-0.39342
58.1403,58.4744,30.8328,,-0.382285
58.1603,57.7099,27.8125,,-0.38211
58.1803,56.9454,25.1306,,-0.382263
58.2003,56.1807,22.6942,,-0.382524
58.2203,55.416,20.448,,-0.382147
58.2403,54.6515,18.3465,,-0.382439
58.2603,53.8867,16.3835,,-0.382435
58.2803,53.1219,14.5365,,-0.382315
58.3003,52.3573,12.7895,,-0.382391
58.3203,51.5929,11.1215,,-0.381973
58.3403,50.829,9.53312,,-0.381943
58.3603,50.0641,8.01743,,-0.382768
58.3803,49.2995,6.57191,,-0.381805
58.4003,48.5356,5.19053,,-0.382423
58.4203,47.7708,3.86067,,-0.382113
58.4403,47.006,2.57069,,-0.382662
58.4603,46.2414,1.34929,,-0.381997
58.4803,45.4773,0.183851,,-0.381965
58.5003,44.7126,-0.948792,,-0.382764
58.5203,43.9478,-2.03198,,-0.382148
58.5403,43.1836,-3.06783,,-0.38214
58.5603,42.4187,-4.06897,,-0.382478
58.5803,41.6542,-5.02905,,-0.382219
58.6003,40.8899,-5.9673,,-0.381998
58.6203,40.1257,-6.87769,,-0.382567
58.6403,39.3604,-7.76359,,-0.382342
58.6603,38.5963,-8.62413,,-0.381911
58.6803,37.832,-9.46275,,-0.382261
58.7003,37.0677,-10.2822,,-0.382162
58.7203,36.3034,-11.0798,,-0.382161
58.7403,35.5386,-11.8515,,-0.382414
58.7603,34.7742,-12.6068,,-0.382124
58.7803,34.0099,-13.3406,,-0.382275
58.8003,33.2451,-14.0553,,-0.382492
58.8203,32.4808,-14.7511,,-0.382002
58.8403,31.7165,-15.454,,-0.382031
58.8603,30.9521,-16.1217,,-0.382476
58.8803,30.1874,-16.7634,,-0.382203
58.9003,29.4229,-17.4089,,-0.382196
58.9203,28.6585,-18.0419,,-0.382082
58.9403,27.8944,-18.6579,,-0.382158
58.9603,27.1298,-19.259,,-0.382441
58.9803,26.3653,-19.8268,,-0.382058
59.0003,25.6007,-20.3978,,-0.382299
59.0203,24.8361,-20.9729,,-0.382491
59.0403,24.0715,-21.5131,,-0.38209
59.0603,23.3073,-22.0328,,-0.382177
59.0803,22.5428,-22.5592,,-0.382151
59.1003,21.7785,-23.0679,,-0.382213
59.1203,21.0141,-23.5557,,-0.382176
59.1403,20.2495,-24.0399,,-0.382567
59.1603,19.4852,-24.5143,,-0.382005
59.1803,18.7205,-24.978,,-0.382239
59.2003,17.9562,-25.4189,,-0.382286
59.2203,17.1918,-25.8643,,-0.382153
59.2403,16.4273,-26.3064,,-0.38221
59.2603,15.6627,-26.7293,,-0.382336
59.2803,14.8982,-27.1381,,-0.382297
59.3003,14.1338,-27.5401,,-0.38211
59.3203,13.3695,-27.9413,,-0.382185
59.3403,12.6048,-28.3253,,-0.382357
59.3603,11.8403,-28.7047,,-0.382257
59.3803,11.0759,-29.0698,,-0.382111
59.4003,10.3114,-29.4273,,-0.382325
59.4203,9.54699,-29.7815,,-0.382165
59.4403,8.78257,-30.1278,,-0.382263
59.4603,8.01804,-30.4628,,-0.382218
59.4803,7.2537,-30.7911,,-0.382194
59.5003,6.48918,-31.1127,,-0.382249
59.5203,5.72477,-31.4194,,-0.382232
59.5403,4.96028,-31.7241,,-0.382185
59.5603,4.19584,-32.018,,-0.382283
59.5803,3.43137,-32.2995,,-0.382237
59.6003,2.66685,-32.5683,,-0.382204
59.6203,1.90241,-32.8429,,-0.38222
59.6403,1.13795,-33.1184,,-0.382257
59.6603,0.373521,-33.3738,,-0.382235
59.6803,-0.390959,-33.6188,,-0.38219
59.7003,-1.15543,-33.8618,,-0.382249
59.7203,-1.91989,-34.0995,,-0.382238
59.7403,-2.68435,-34.3272,,-0.382259
59.7603,-3.44882,-34.5491,,-0.382169
59.7803,-4.2132,-34.7559,,-0.382234
59.8003,-4.97771,-34.9585,,-0.382243
59.8203,-5.74219,-35.1563,,-0.382214
59.8403,-6.50658,-35.3559,,-0.382256
59.8603,-7.27106,-35.5479,,-0.38222
59.8803,-8.03554,-35.7364,,-0.382253
59.9003,-8.80001,-35.9008,,-0.38218
59.9203,-9.56449,-36.0745,,-0.382285
59.9403,-10.3289,-36.2533,,-0.38218
59.9603,-11.0934,-36.4004,,-0.382294
59.9803,-11.8577,-36.5431,,-0.382069
60.0003,-12.1349,-34.8448,,0.446131