0.0103939,26.8598,36.029,,70.6142
0.0202816,209.179,95.0826,,287.756
0.0302913,633.468,100.932,,525.048
0.0403011,1182.58,92.741,,515.765
0.0503109,1588.27,77.8262,,328.222
0.0603206,1918.86,75.8585,,356.643
0.0703304,2297.75,77.2377,,387.416
0.0803402,2684.08,76.9589,,384.43
0.0903499,3066.93,75.8141,,382.126
0.10036,3448.98,75.1268,,382.093
0.110369,3831.18,74.5264,,382.225
0.120379,4213.39,74.2908,,382.234
0.130389,4595.61,73.7739,,382.226
0.140277,4977.86,72.8358,,382.202
0.150286,5360.02,71.4309,,382.169
0.160296,5742.15,70.416,,382.106
0.170306,6124.31,70.2492,,382.253
0.180316,6506.7,70.7788,,382.414
0.190326,6889.01,70.8532,,382.247
0.200335,7271.24,69.8897,,382.199
0.210345,7653.4,69.7271,,382.165
0.220355,8035.59,69.1382,,382.18
0.230365,8417.82,68.8795,,382.301
0.240374,8800.14,69.3679,,382.28
0.250384,9182.35,69.3208,,382.187
0.260394,9564.53,68.3045,,382.156
0.270282,9946.64,67.4548,,382.076
0.280291,10328.9,67.3485,,382.437
0.290301,10711.1,67.5683,,382.109
0.300311,11093.3,68.2059,,382.103
0.310321,11475.4,68.6562,,382.131
0.32033,11857.5,68.5058,,382.112
0.33034,12239.7,68.8788,,382.398
0.34035,12622.2,68.6066,,382.409
0.35036,13004.6,67.261,,382.299
0.360369,13386.7,66.0492,,382.112
0.370379,13768.8,65.8511,,382.122
0.380389,14151,66.317,,382.122
0.390277,14533.1,66.9587,,382.117
0.400286,14915.2,66.6507,,382.121
0.410296,15297.3,66.3238,,382.121
0.420306,15679.4,65.882,,382.118
0.430316,16061.9,65.2767,,382.738
0.440326,16444.6,65.3802,,382.51
0.450335,16826.8,65.4548,,382.125
0.460345,17208.9,65.0107,,382.112
0.470355,17591.1,64.7768,,382.127
0.480365,17973.2,64.8327,,382.117
0.490374,18355.3,64.9129,,382.135
0.500384,18737.5,65.0061,,382.359
0.510394,19120,65.7363,,382.337
0.520282,19502.2,66.2682,,382.306
0.530291,19884.6,66.6923,,382.427
0.540301,20266.9,66.9445,,382.21
0.550311,20649.2,66.0287,,382.314
0.560321,21031.4,64.5425,,382.117
0.57033,21413.5,63.9921,,382.135
0.58034,21795.6,64.2645,,382.22
0.59035,22178.1,64.9626,,382.411
0.60036,22560.3,65.2835,,382.118
0.610369,22942.3,64.7206,,382.116
0.620379,23324.5,64.572,,382.181
0.630389,23706.9,64.031,,382.34
0.640277,24089,63.5983,,382.109
0.650286,24471.1,63.4894,,382.123
0.660296,24853.3,63.4633,,382.274
0.670306,25235.6,63.4214,,382.271
0.680316,25617.8,63.3766,,382.26
0.690326,26000.2,63.4509,,382.212
0.700335,26382.3,63.5574,,382.154
0.710345,26764.5,64.0118,,382.159
0.720355,27146.7,64.7308,,382.411
0.730365,27529.1,65.1875,,382.277
0.740374,27911.4,65.6868,,382.269
0.750384,28293.6,65.3857,,382.258
0.760394,28675.9,64.0098,,382.354
0.770282,29058.3,62.9502,,382.217
0.780291,29440.4,62.9059,,382.133
0.790301,29822.5,63.4774,,382.118
0.800311,30204.6,64.2053,,382.116
0.810321,30586.8,63.8973,,382.19
0.82033,30969.1,63.6146,,382.473
0.83034,31351.6,63.2206,,382.372
0.84035,31733.8,62.6609,,382.13
0.85036,32115.8,62.5905,,382.034
0.860369,32498.1,62.6144,,382.335
0.870379,32880.4,62.4797,,382.321
0.880389,33262.6,62.4368,,382.167
0.890277,33644.8,62.8019,,382.219
0.900286,34027,63.1572,,382.055
0.910296,34409.1,63.538,,382.289
0.920306,34791.3,64.4737,,382.135
0.930316,35173.5,64.4345,,382.114
0.940326,35555.6,64.5814,,382.305
0.950335,35938,64.8975,,382.344
0.960345,36320.2,63.8963,,382.122
0.970355,36702.4,62.4837,,382.258
0.980365,37084.6,62.0704,,382.122
0.990374,37466.7,62.3859,,382.261
1.00038,37849.2,63.1411,,382.491
1.01039,38231.5,63.4898,,382.072
1.02028,38613.5,62.9252,,382.07
1.03029,38995.9,62.7396,,382.612
1.0403,39378.4,62.2996,,382.311
1.05031,39760.5,62.4732,,382.089
1.06032,40142.7,63.0968,,382.135
1.07033,40524.8,63.2075,,382.265
1.08034,40907.4,62.5511,,382.816
1.09035,41289.8,61.9872,,381.841
1.10036,41671.4,62.1141,,381.679
1.11037,42053.7,62.3623,,382.597
1.12038,42435.9,63.2587,,381.998
1.13039,42817.9,63.8461,,382.402
1.14028,43200.9,63.7901,,382.576
1.15029,43582.7,64.2578,,381.841
1.1603,43964.8,63.8777,,382.097
1.17031,44347.3,62.4806,,382.46
1.18032,44729.2,61.5642,,381.838
1.19033,45111.8,61.5532,,383.081
1.20034,45494.3,62.1658,,381.973
1.21035,45876.2,62.8883,,381.955
1.22035,46258.5,62.6025,,382.57
1.23036,46640.5,62.2785,,381.701
1.24037,47022.7,61.8802,,382.544
1.25038,47405,61.5079,,382.022
1.26039,47786.9,61.9944,,382.083
1.27028,48169.1,62.4797,,382.024
1.28029,48551.2,61.9913,,382.276
1.2903,48933.9,61.3723,,382.656
1.30031,49316.5,61.4567,,382.531
1.31032,49698.5,61.564,,381.933
1.32033,50080.6,61.7629,,382.31
1.33034,50462.7,62.6518,,381.717
1.34035,50844.6,63.1227,,382.178
1.35036,51226.8,63.4973,,382.252
1.36037,51609,63.7682,,382.195
1.37038,51991.6,62.6845,,382.511
1.38039,52373.9,61.3156,,382.162
1.39028,52756.1,60.9618,,382.834
1.40029,53138.5,61.3436,,381.669
1.4103,53520.4,62.0473,,382.324
1.42031,53902.8,62.3265,,382.353
1.43032,54284.7,61.8198,,381.612
1.44033,54666.8,61.638,,382.858
1.45034,55049.9,61.1852,,382.445
1.46035,55431.4,61.2749,,381.197
1.47035,55813.9,61.587,,383.445
1.48036,56196.6,61.3741,,381.957
1.49037,56578.3,60.9699,,381.969
1.50038,56960.7,60.7529,,382.498
1.51039,57342.8,60.9235,,381.627
1.52028,57725,61.4816,,382.827
1.53029,58107.5,62.4631,,382.235
1.5403,58489.5,63.0135,,381.561
1.55031,58871.6,62.9233,,382.749
1.56032,59254.4,63.3445,,382.567
1.57033,59636.4,62.8287,,381.757
1.58034,59991.8,58.8006,,310.037
1.59035,60186.8,34.4773,,87.7014
1.60036,60134.2,-25.09,,-168.209
1.61037,59826.8,-61.8808,,-420.224
1.62038,59269.1,-73.732,,-669.897
1.63039,58467.3,-80.0266,,-899.128
1.64028,57543.7,-82.2699,,-891.397
1.65029,56777.9,-75.5458,,-648.953
1.6603,56277.7,-63.7229,,-381.179
1.67031,56037,-42.0543,,-126.867
1.68032,56025.7,8.43362,,54.1375
1.69033,56040.3,-4.02285,,-60.8205
1.70034,55837.1,-51.7554,,-323.105
1.71035,55371.6,-68.9993,,-578.797
1.72035,54699.2,-74.5783,,-706.687
1.73036,54070.9,-70.9143,,-531.925
1.74037,53685.6,-57.4884,,-267.88
1.75038,53494,-46.4023,,-180.102
1.76039,53215.6,-56.8108,,-380.82
1.77028,52757.6,-64.7727,,-470.533
1.78029,52342.7,-60.7359,,-377.888
1.7903,51971,-60.2377,,-373.793
1.80031,51592.2,-61.9702,,-381.66
1.81032,51209.7,-63.3373,,-382.753
1.82033,50827.1,-62.4388,,-382.355
1.83034,50445.1,-62.0118,,-381.921
1.84035,50062.3,-61.6517,,-383.162
1.85036,49679.9,-61.2012,,-381.826
1.86037,49298.5,-60.4384,,-381.363
1.87038,48916.2,-60.1045,,-382.948
1.88039,48533.3,-60.5746,,-382.414
1.89028,48151.8,-60.3057,,-381.561
1.90029,47769.5,-60.2451,,-382.745
1.9103,47386.7,-60.593,,-382.754
1.92031,47004.3,-60.8894,,-381.709
1.93032,46622.5,-61.0501,,-382.027
1.94033,46240.8,-61.2675,,-381.771
1.95034,45858.3,-61.9465,,-382.865
1.96035,45475.6,-61.1553,,-382.197
1.97035,45093.5,-60.294,,-382.411
1.98036,44711.5,-60.2762,,-381.589
1.99037,44329.3,-60.432,,-382.917
2.00038,43946.3,-61.6593,,-382.633
2.01039,43564.5,-62.895,,-381.284
2.02028,43182.8,-62.5823,,-382.41
2.03029,42800.4,-62.0173,,-381.99
2.0403,42418.3,-61.8543,,-382.311
2.05031,42035.4,-61.0914,,-382.948
2.06032,41653.7,-60.3461,,-381.21
2.07033,41272.1,-60.1309,,-382.069
2.08034,40889.2,-60.1231,,-383.356
2.09035,40506.3,-60.1591,,-382.22
2.10036,40124.6,-60.3008,,-381.669
2.11037,39742.8,-60.6351,,-381.86
2.12038,39360.8,-60.6349,,-382.137
2.13039,38978.6,-60.7912,,-382.324
2.14028,38596.1,-60.9806,,-382.368
2.15029,38213.9,-61.4406,,-382.117
2.1603,37831.8,-61.3548,,-382.124
2.17031,37449.5,-60.514,,-382.478
2.18032,37067.2,-60.0315,,-382.088
2.19033,36685.1,-60.0136,,-382.129
2.20034,36302.8,-60.7575,,-382.536
2.21035,35920.4,-62.3131,,-382.238
2.22035,35538.1,-62.666,,-382.233
2.23036,35156,-61.9568,,-382.144
2.24037,34773.7,-61.8181,,-382.317
2.25038,34391.6,-61.2394,,-382.057
2.26039,34009.4,-60.4062,,-382.202
2.27028,33627.3,-60.0297,,-382.116
2.28029,33245.2,-59.886,,-382.127
2.2903,32862.9,-59.8927,,-382.452
2.30031,32480.6,-60.0606,,-382.114
2.31032,32098.4,-60.4616,,-382.491
2.32033,31715.8,-60.6291,,-382.372
2.33034,31333.6,-60.5261,,-382.113
2.34035,30951.4,-60.7647,,-382.177
2.35036,30569.4,-60.9856,,-382.079
2.36037,30187.3,-61.3207,,-382.089
2.37038,29805.1,-60.7321,,-382.122
2.38039,29422.9,-59.9382,,-382.443
2.39028,29040.3,-59.7358,,-382.595
2.40029,28658,-60.0566,,-382.209
2.4103,28275.7,-61.4765,,-382.07
2.42031,27893.8,-62.6416,,-382.094
2.43032,27511.4,-62.1399,,-382.469
2.44033,27129,-61.6295,,-382.228
2.45034,26746.9,-61.3831,,-382.126
2.46035,26364.8,-60.5254,,-382.085
2.47035,25982.5,-59.9362,,-382.295
2.48036,25600.4,-59.7249,,-382.12
2.49037,25218.2,-60.0807,,-382.32
2.50038,24835.9,-60.7505,,-382.149
2.51039,24453.7,-61.0339,,-382.185
2.52028,24071.7,-60.7995,,-382.094
2.53029,23689.5,-60.341,,-382.119
2.5403,23307.4,-60.5036,,-382.135
2.55031,22925,-60.66,,-382.605
2.56032,22542.7,-61.0508,,-382.105
2.57033,22160.6,-60.9215,,-382.11
2.58034,21778.4,-60.0633,,-382.272
2.59035,21396,-59.6217,,-382.437
2.60036,21013.6,-59.6113,,-382.277
2.61037,20631.3,-60.4686,,-382.421
2.62038,20249,-62.0632,,-382.204
2.63039,19866.8,-62.3462,,-382.188
2.64028,19484.6,-61.6317,,-382.217
2.65029,19102.4,-61.4647,,-382.112
2.6603,18720.3,-60.8714,,-382.13
2.67031,18338.2,-60.0589,,-382.129
2.68032,17956.1,-59.6834,,-382.112
2.69033,17574,-59.5178,,-382.125
2.70034,17191.8,-59.6518,,-382.14
2.71035,16809.4,-59.8558,,-382.674
2.72035,16426.8,-59.8721,,-382.355
2.73036,16044.7,-60.0409,,-382.112
2.74037,15662.6,-60.2126,,-382.115
2.75038,15280.4,-60.4779,,-382.115
2.76039,14898.3,-60.6736,,-382.132
2.77028,14516.2,-60.9545,,-382.19
2.78029,14133.7,-60.3174,,-382.57
2.7903,13751.2,-59.5861,,-382.448
2.80031,13368.9,-59.4014,,-382.117
2.81032,12986.8,-59.7528,,-382.294
2.82033,12604.6,-61.2394,,-382.101
2.83034,12222.5,-62.3131,,-382.12
2.84035,11840.3,-61.7999,,-382.121
2.85036,11458.2,-61.3613,,-382.126
2.86037,11076.1,-61.0646,,-382.116
2.87038,10694,-60.1362,,-382.122
2.88039,10311.9,-59.5891,,-382.126
2.89028,9929.46,-59.3934,,-382.705
2.90029,9546.79,-59.7418,,-382.499
2.9103,9164.48,-60.4647,,-382.167
2.92031,8782.29,-60.8008,,-382.274
2.93032,8400.14,-60.4426,,-382.05
2.94033,8017.96,-59.9437,,-382.289
2.95034,7635.67,-60.1758,,-382.26
2.96035,7253.4,-60.3826,,-382.233
2.97035,6871.17,-60.7532,,-382.287
2.98036,6488.87,-60.553,,-382.259
2.99037,6106.67,-59.6969,,-382.227
3.00038,5724.49,-59.2651,,-382.117
3.01039,5342.36,-59.2713,,-382.131
3.02028,4960.22,-60.2048,,-382.227
3.03029,4577.84,-61.8675,,-382.385
3.0403,4195.56,-62.0538,,-382.218
3.05031,3813.4,-61.3179,,-382.164
3.06032,3431.18,-61.1966,,-382.222
3.07033,3048.95,-60.5378,,-382.263
3.08034,2666.67,-59.6974,,-382.259
3.09035,2284.44,-59.3248,,-382.223
3.10036,1902.22,-59.2483,,-382.212
3.11037,1519.98,-59.832,,-382.25
3.12038,1137.78,-60.0846,,-382.204
3.13039,755.544,-60.2508,,-382.226
3.14028,373.313,-59.9323,,-382.235
3.15029,-8.91511,-59.9345,,-382.228
3.1603,-391.145,-60.1949,,-382.227
3.17031,-773.37,-60.378,,-382.225
3.18032,-1155.6,-60.6539,,-382.231
3.19033,-1537.83,-59.9674,,-382.23
3.20034,-1920.04,-59.2531,,-382.197
3.21035,-2302.27,-59.0741,,-382.247
3.22035,-2684.51,-59.4935,,-382.219
3.23036,-3066.69,-61.0807,,-382.172
3.24037,-3448.91,-62.1178,,-382.264
3.25038,-3831.1,-61.524,,-382.147
3.26039,-4213.35,-61.08,,-382.299
3.27028,-4595.64,-60.7714,,-382.269
3.28029,-4977.87,-60.0306,,-382.221
3.2903,-5360.03,-59.747,,-382.106
3.30031,-5742.2,-59.5408,,-382.274
3.31032,-6124.46,-59.776,,-382.168
3.32033,-6506.73,-60.5664,,-382.37
3.33034,-6888.97,-60.891,,-382.15
3.34035,-7271.1,-60.2697,,-382.126
3.35036,-7653.29,-59.7674,,-382.288
3.36037,-8035.67,-59.9837,,-382.358
3.37038,-8417.89,-60.1171,,-382.122
3.38039,-8800.01,-60.5123,,-382.216
3.39028,-9182.3,-60.269,,-382.239
3.40029,-9564.5,-59.3568,,-382.184
3.4103,-9946.72,-58.9962,,-382.224
3.42031,-10328.9,-59.0528,,-382.207
3.43032,-10711.1,-60.0909,,-382.188
3.44033,-11093.3,-61.7548,,-382.118
3.45034,-11475.4,-61.8219,,-382.142
3.46035,-11857.5,-61.0851,,-382.253
3.47035,-12240,-60.9397,,-382.518
3.48036,-12622.3,-60.2109,,-382.103
3.49037,-13004.4,-59.4527,,-382.13
3.50038,-13386.5,-59.0716,,-382.115
3.51039,-13768.6,-59.0225,,-382.12
3.52028,-14150.8,-59.7515,,-382.121
3.53029,-14532.9,-60.2133,,-382.128
3.5403,-14915,-60.2831,,-382.112
3.55031,-15297.3,-59.7743,,-382.56
3.56032,-15680,-59.772,,-382.606
3.57033,-16062.4,-59.9424,,-382.205
3.58034,-16444.5,-60.1249,,-382.117
3.59035,-16826.6,-60.4086,,-382.216
3.60036,-17209,-59.6767,,-382.292
3.61037,-17591.1,-58.9801,,-382.125
3.62038,-17973.3,-58.8347,,-382.233
3.63039,-18355.5,-59.2923,,-382.138
3.64028,-18737.8,-60.9259,,-382.484
3.65029,-19120.2,-61.9158,,-382.25
3.6603,-19502.4,-61.2939,,-382.227
3.67031,-19884.6,-60.8395,,-382.128
3.68032,-20266.7,-60.4644,,-382.295
3.69033,-20649,-59.5998,,-382.046
3.70034,-21031.1,-59.0618,,-382.265
3.71035,-21413.6,-58.8152,,-382.581
3.72035,-21795.8,-59.2118,,-381.98
3.73036,-22177.9,-59.8328,,-382.187
3.74037,-22560.1,-59.9852,,-382.29
3.75038,-22942.5,-60.0683,,-382.284
3.76039,-23324.6,-59.7974,,-382.139
3.77028,-23706.8,-59.812,,-382.117
3.78029,-24088.9,-59.8448,,-382.119
3.7903,-24471,-60.2446,,-382.11
3.80031,-24853.2,-59.9945,,-382.252
3.81032,-25235.5,-59.0837,,-382.399
3.82033,-25618,-58.7455,,-382.48
3.83034,-26000.2,-58.8148,,-382.052
3.84035,-26382.3,-59.9155,,-382.156
3.85036,-26764.6,-61.6035,,-382.291
3.86037,-27146.8,-61.5666,,-382.285
3.87038,-27529.2,-60.7269,,-382.259
3.88039,-27911.3,-60.3407,,-382.181
3.89028,-28293.6,-59.7406,,-382.262
3.90029,-28675.8,-59.1352,,-382.309
3.9103,-29058.1,-58.8319,,-382.176
3.92031,-29440.4,-58.8096,,-382.336
3.93032,-29822.5,-59.6065,,-381.998
3.94033,-30204.7,-60.1849,,-382.251
3.95034,-30587,-60.1462,,-382.448
3.96035,-30969.3,-59.5412,,-382.097
3.97035,-31351.4,-59.5145,,-382.155
3.98036,-31733.5,-59.6803,,-382.182
3.99037,-32115.8,-59.8888,,-382.192
4.00038,-32497.9,-60.1005,,-382.144
4.01039,-32880.1,-59.3315,,-382.253
4.02028,-33262.4,-58.7307,,-382.288
4.03029,-33644.6,-58.6067,,-382.253
4.0403,-34026.9,-59.133,,-382.195
4.05031,-34409.1,-60.8687,,-382.254
4.06032,-34791.3,-61.7541,,-382.115
4.07033,-35173.4,-61.0084,,-382.125
4.08034,-35555.7,-60.4846,,-382.581
4.09035,-35938.4,-60.0225,,-382.432
4.10036,-36320.6,-59.2736,,-382.131
4.11037,-36702.7,-58.9095,,-382.134
4.12038,-37084.8,-58.6053,,-382.123
4.13039,-37466.9,-59.0445,,-382.184
4.14028,-37849.3,-60.0322,,-382.456
4.15029,-38231.5,-60.3838,,-382.068
4.1603,-38613.6,-59.6945,,-382.112
4.17031,-38995.8,-59.3411,,-382.338
4.18032,-39378.2,-59.529,,-382.338
4.19033,-39760.4,-59.5964,,-382.151
4.20034,-40142.6,-60.0188,,-382.231
4.21035,-40524.8,-59.729,,-382.239
4.22035,-40907.5,-58.8623,,-382.638
4.23036,-41289.6,-58.5456,,-381.898
4.24037,-41671.6,-58.6475,,-382.514
4.25038,-42054.5,-59.8494,,-382.676
4.26039,-42436.2,-61.5029,,-381.207
4.27028,-42817.9,-61.3843,,-382.395
4.28029,-43200.9,-60.5323,,-382.58
4.2903,-43582.7,-60.2499,,-381.761
4.30031,-43964.8,-59.4586,,-382.394
4.31032,-44347.2,-58.8162,,-382.164
4.32033,-44729.2,-58.5653,,-382.326
4.33034,-45111.6,-58.6911,,-381.901
4.34035,-45493.4,-59.6326,,-382.093
4.35036,-45875.9,-60.1017,,-382.543
4.36037,-46258,-60.1595,,-381.885
4.37038,-46640,-59.6466,,-382.233
4.38039,-47022.4,-59.4319,,-382.49
4.39028,-47404.9,-59.4442,,-382.248
4.40029,-47787.1,-59.7111,,-382.822
4.4103,-48169.8,-59.939,,-381.812
4.42031,-48551.6,-59.15,,-382.237
4.43032,-48933.9,-58.5361,,-382.349
4.44033,-49316.4,-58.3965,,-382.549
4.45034,-49699,-58.9596,,-382.353
4.46035,-50080.8,-60.7332,,-381.577
4.47035,-50462.7,-61.5553,,-381.906
4.48036,-50844.6,-60.777,,-382.383
4.49037,-51227.6,-60.2263,,-382.774
4.50038,-51609.2,-59.6809,,-381.223
4.51039,-51991.5,-58.9702,,-382.842
4.52028,-52374.1,-58.6506,,-382.858
4.53029,-52756.5,-58.4035,,-381.854
4.5403,-53138.3,-58.9358,,-381.684
4.55031,-53520.5,-59.4928,,-382.912
4.56032,-53903.8,-59.6817,,-383.219
4.57033,-54285.8,-59.6787,,-381.103
4.58034,-54666.9,-59.3181,,-381.524
4.59035,-55049.2,-59.3121,,-382.377
4.60036,-55431.3,-59.3998,,-382.068
4.61037,-55813.8,-59.819,,-383.063
4.62038,-56196.6,-59.4628,,-382.013
4.63039,-56578,-58.6192,,-381.461
4.64028,-56960.2,-58.3514,,-382.593
4.65029,-57342.7,-58.5068,,-382.283
4.6603,-57725,-59.768,,-382.758
4.67031,-58107.5,-61.3697,,-381.724
4.68032,-58489.2,-61.1317,,-382.304
4.69033,-58871.8,-60.2729,,-382.431
4.70034,-59253.9,-59.9697,,-381.851
4.71035,-59636,-59.2844,,-381.848
4.72035,-59991.1,-56.0731,,-309.355
4.73036,-60185.2,-32.9634,,-86.5696
4.74037,-60130.5,24.2751,,170.759
4.75038,-59820.2,58.4691,,423.028
4.76039,-59260.7,69.82,,670.825
4.77028,-58458.4,77.2761,,898.753
4.78029,-57538.5,79.798,,885.494
4.7903,-56778.9,72.3886,,643.455
4.80031,-56282.8,60.959,,376.875
4.81032,-56047.9,39.3849,,120.357
4.82033,-56042.3,-9.39637,,-56.5694
4.83034,-56049.9,6.36868,,73.2072
4.84035,-55834.8,51.2479,,334.098
4.85036,-55358.6,66.492,,589.259
4.86037,-54682.3,71.3289,,702.964
4.87038,-54065.6,67.3342,,516.585
4.88039,-53694.6,53.8779,,255.209
4.89028,-53505.9,44.5712,,188.036
4.90029,-53212.2,55.6912,,396.559
4.9103,-52751.6,62.2163,,462.536
4.92031,-52343.9,57.7604,,374.678
4.93032,-51971.6,57.3948,,375.573
4.94033,-51592,58.4141,,381.884
4.95034,-51209.7,60.0222,,382.471
4.96035,-50827,59.746,,382.279
4.97035,-50445.2,60.0256,,381.853
4.98036,-50062.8,60.3255,,382.822
4.99037,-49680.3,59.3171,,382.018
5.00038,-49298.6,57.7206,,381.807
5.01039,-48915.9,57.4395,,383.133
5.02028,-48533.4,58.407,,381.987
5.03029,-48151.5,58.9904,,382.168
5.0403,-47768.9,58.9962,,382.278
5.05031,-47387.2,58.7629,,381.775
5.06032,-47005.2,58.4576,,381.978
5.07033,-46622.9,57.9275,,382.523
5.08034,-46240.6,58.3504,,382.575
5.09035,-45857.7,59.1091,,382.627
5.10036,-45475.7,58.9923,,381.676
5.11037,-45093.9,58.226,,382.051
5.12038,-44711.4,57.9574,,382.582
5.13039,-44329.3,58.3317,,382.035
5.14028,-43946.9,58.6448,,382.504
5.15029,-43564.7,59.5803,,381.851
5.1603,-43182.7,59.9426,,382.173
5.17031,-42800.4,59.9311,,382.494
5.18032,-42417.9,60.4769,,382.633
5.19033,-42035.1,59.8566,,382.296
5.20034,-41653.7,58.2038,,381.185
5.21035,-41271.9,57.5571,,382.479
5.22035,-40889.1,57.8051,,382.563
5.23036,-40506.8,58.5479,,382.183
5.24037,-40124.8,59.2284,,382.042
5.25038,-39742.7,58.832,,382.182
5.26039,-39360.4,58.5388,,382.277
5.27028,-38978.2,58.0798,,382.32
5.28029,-38596,58.1741,,382.085
5.2903,-38213.8,58.8211,,382.167
5.30031,-37831.7,59.0632,,382.144
5.31032,-37449.6,58.769,,382.123
5.32033,-37067.2,57.8895,,382.503
5.33034,-36684.9,58.1121,,382.037
5.34035,-36302.9,58.4856,,382.056
5.35036,-35920.7,58.9788,,382.435
5.36037,-35538.3,59.682,,382.208
5.37038,-35156.2,59.7309,,382.128
5.38039,-34774,60.2218,,382.181
5.39028,-34391.7,60.269,,382.332
5.40029,-34009.5,58.8876,,382.183
5.4103,-33627.1,57.659,,382.462
5.42031,-33244.9,57.5362,,382.216
5.43032,-32862.7,58.0633,,382.104
5.44033,-32480.4,58.9481,,382.296
5.45034,-32098.3,59.0115,,382.134
5.46035,-31716.1,58.5668,,382.199
5.47035,-31333.7,58.3722,,382.501
5.48036,-30951.4,58.1611,,382.111
5.49037,-30569.3,58.5132,,382.127
5.50038,-30187.2,58.8526,,382.187
5.51039,-29804.9,58.9205,,382.187
5.52028,-29422.8,58.2061,,382.126
5.53029,-29040.7,57.7028,,382.126
5.5403,-28658.5,58.062,,382.42
5.55031,-28276,58.5057,,382.245
5.56032,-27893.7,59.2411,,382.494
5.57033,-27511.4,59.5932,,382.139
5.58034,-27129.3,59.84,,382.103
5.59035,-26747.2,60.3691,,382.184
5.60036,-26364.9,59.5535,,382.27
5.61037,-25982.6,58.0154,,382.401
5.62038,-25600.1,57.4396,,382.483
5.63039,-25217.8,57.672,,382.254
5.64028,-24835.6,58.4488,,382.13
5.65029,-24453.4,59.0726,,382.061
5.6603,-24071.5,58.675,,381.999
5.67031,-23689.5,58.4109,,381.987
5.68032,-23307.2,57.8493,,382.491
5.69033,-22924.8,57.815,,382.274
5.70034,-22542.6,58.3443,,382.127
5.71035,-22160.4,58.6343,,382.337
5.72035,-21778.2,58.4673,,382.258
5.73036,-21395.9,57.6703,,382.163
5.74037,-21013.7,57.8024,,382.327
5.75038,-20631.4,58.2389,,382.294
5.76039,-20249,58.8637,,382.244
5.77028,-19866.9,59.5568,,382.122
5.78029,-19484.8,59.5894,,382.117
5.7903,-19102.6,60.1151,,382.122
5.80031,-18720.3,60.0606,,382.412
5.81032,-18338.1,58.6763,,382.101
5.82033,-17955.9,57.5102,,382.282
5.83034,-17573.6,57.4243,,382.291
5.84035,-17191.4,57.9822,,382.2
5.85036,-16809.2,58.8321,,382.108
5.86037,-16427,58.7134,,382.392
5.87038,-16044.6,58.1936,,382.254
5.88039,-15662.5,57.9676,,382.122
5.89028,-15280.4,57.8077,,382.115
5.90029,-14898.2,58.2739,,382.19
5.9103,-14516.1,58.5837,,382.121
5.92031,-14133.9,58.6124,,382.349
5.93032,-13751.5,57.9827,,382.315
5.94033,-13369.1,57.4752,,382.413
5.95034,-12986.7,57.8971,,382.273
5.96035,-12604.6,58.4598,,382.124
5.97035,-12222.5,59.2728,,382.123
5.98036,-11840.2,59.4709,,382.406
5.99037,-11458,59.7348,,382.098
6.00038,-11075.8,60.249,,382.12
6.01039,-10693.7,59.3657,,382.288
6.02028,-10311.3,57.8507,,382.291
6.03029,-9929.01,57.3225,,382.289
6.0403,-9546.83,57.5788,,382.128
6.05031,-9164.63,58.3639,,382.222
6.06032,-8782.39,58.8676,,382.317
6.07033,-8400.09,58.2911,,382.235
6.08034,-8017.95,57.9964,,382.143
6.09035,-7635.67,57.706,,382.322
6.10036,-7253.4,57.8623,,382.222
6.11037,-6871.24,58.3932,,382.159
6.12038,-6489,58.5707,,382.301
6.13039,-6106.71,58.3419,,382.26
6.14028,-5724.52,57.5268,,382.149
6.15029,-5342.37,57.6233,,382.208
6.1603,-4960.09,58.1036,,382.271
6.17031,-4577.83,58.7493,,382.256
6.18032,-4195.6,59.3874,,382.217
6.19033,-3813.38,59.4375,,382.228
6.20034,-3431.14,60.0088,,382.216
6.21035,-3048.95,59.8778,,382.216
6.22035,-2666.66,58.473,,382.314
6.23036,-2284.42,57.3568,,382.185
6.24037,-1902.21,57.2892,,382.23
6.25038,-1519.99,57.8735,,382.205
6.26039,-1137.77,58.6956,,382.25
6.27028,-755.535,58.5027,,382.212
6.28029,-373.32,57.9845,,382.228
6.2903,8.91504,57.7627,,382.234
6.30031,391.143,57.7031,,382.22
6.31032,773.362,58.2447,,382.209
6.32033,1155.58,58.532,,382.247
6.33034,1537.82,58.5677,,382.223
6.34035,1920.04,57.8257,,382.209
6.35036,2302.26,57.3241,,382.233
6.36037,2684.5,57.729,,382.213
6.37038,3066.66,58.1827,,382.191
6.38039,3448.92,58.9704,,382.27
6.39028,3831.18,59.2783,,382.243
6.40029,4213.41,59.6283,,382.247
6.4103,4595.68,60.0774,,382.228
6.42031,4977.84,59.1583,,382.135
6.43032,5360.01,57.6661,,382.19
6.44033,5742.21,57.1841,,382.229
6.45034,6124.36,57.4654,,382.118
6.46035,6506.64,58.2574,,382.388
6.47035,6888.94,58.6801,,382.224
6.48036,7271.23,58.0799,,382.331
6.49037,7653.46,57.7765,,382.133
6.50038,8035.64,57.5419,,382.281
6.51039,8417.91,57.7819,,382.184
6.52028,8800.05,58.3359,,382.129
6.53029,9182.18,58.5234,,382.159
6.5403,9564.47,58.3017,,382.338
6.55031,9946.73,57.412,,382.171
6.56032,10328.8,57.5764,,382.106
6.57033,10710.9,57.9631,,382.12
6.58034,11093.1,58.7267,,382.295
6.59035,11475.6,59.402,,382.429
6.60036,11857.8,59.3482,,382.104
6.61037,12239.9,59.916,,382.131
6.62038,12622,59.7215,,382.101
6.63039,13004.3,58.2866,,382.566
6.64028,13386.7,57.224,,382.153
6.65029,13768.8,57.1971,,382.122
6.6603,14151,57.8341,,382.125
6.67031,14533.1,58.6069,,382.116
6.68032,14915.2,58.3665,,382.123
6.69033,15297.4,57.8757,,382.338
6.70034,15680,57.7425,,382.644
6.71035,16062.4,57.6514,,382.188
6.72035,16444.6,58.2026,,382.357
6.73036,16826.9,58.4842,,382.146
6.74037,17209,58.4863,,382.104
6.75038,17591.1,57.7344,,382.142
6.76039,17973.3,57.3653,,382.273
6.77028,18355.7,57.849,,382.303
6.78029,18737.8,58.2082,,382.115
6.7903,19119.9,59.2156,,382.117
6.80031,19502.1,59.2973,,382.124
6.81032,19884.2,59.5429,,382.121
6.82033,20266.4,59.9683,,382.34
6.83034,20649.1,58.9718,,382.931
6.84035,21031.5,57.5013,,381.973
6.85036,21413.4,57.0579,,382.09
6.86037,21795.9,57.3946,,382.474
6.87038,22178.1,58.1851,,382.179
6.88039,22560.3,58.5742,,382.164
6.89028,22942.5,57.9794,,382.112
6.90029,23324.7,57.7556,,382.289
6.9103,23706.9,57.4888,,382.253
6.92031,24089.1,57.729,,382.135
6.93032,24471.3,58.2862,,382.149
6.94033,24853.4,58.4497,,382.12
6.95034,25235.5,58.1969,,382.113
6.96035,25617.8,57.327,,382.404
6.97035,26000,57.676,,382.109
6.98036,26382.4,57.9105,,382.528
6.99037,26764.7,58.5388,,382.319
7.00038,27147.1,59.1987,,382.251
7.01039,27529.2,59.2133,,381.926
7.02028,27911.1,59.796,,382.043
7.03029,28293.2,59.5153,,382.125
7.0403,28675.4,58.0758,,382.251
7.05031,29057.6,57.071,,382.221
7.06032,29440.5,57.0743,,383.339
7.07033,29823.1,57.7221,,382.066
7.08034,30205.1,58.494,,381.997
7.09035,30587.2,58.2278,,382.119
7.10036,30969.3,57.7519,,382.133
7.11037,31351.4,57.4543,,382.242
7.12038,31733.7,57.3287,,382.166
7.13039,32115.9,57.8789,,382.21
7.14028,32498.1,58.2219,,382.212
7.15029,32880.3,58.311,,382.096
7.1603,33262.4,57.5981,,382.139
7.17031,33644.5,57.3294,,382.106
7.18032,34026.6,57.6874,,382.123
7.19033,34408.9,58.0602,,382.316
7.20034,34791.3,58.958,,382.411
7.21035,35173.4,59.0825,,382.131
7.22035,35555.9,59.4449,,382.547
7.23036,35938.2,59.8169,,382.133
7.24037,36320.4,58.7814,,382.259
7.25038,36702.6,57.364,,382.138
7.26039,37084.6,56.9706,,382.105
7.27028,37466.8,57.3352,,382.16
7.28029,37849.1,58.1346,,382.282
7.2903,38231.3,58.4566,,382.255
7.30031,38613.7,57.8526,,382.523
7.31032,38996,57.5638,,382.115
7.32033,39378.2,57.2973,,382.274
7.33034,39760.4,57.607,,382.135
7.34035,40142.6,58.1256,,382.288
7.35036,40524.8,58.3333,,382.205
7.36037,40907.4,58.0587,,382.816
7.37038,41289.8,57.2775,,381.841
7.38039,41671.4,57.6857,,381.654
7.39028,42053.9,57.9322,,383.013
7.40029,42435.9,58.6201,,381.373
7.4103,42818.1,59.1371,,383.011
7.42031,43201,59.1576,,382.157
7.43032,43582.4,59.7362,,381.422
7.44033,43964.6,59.3797,,382.895
7.45034,44347.9,57.9299,,383.396
7.46035,44730.2,56.9763,,380.947
7.47035,45111.1,57.001,,381.663
7.48036,45493.9,57.6659,,382.763
7.49037,45876,58.4051,,382.516
7.50038,46258.5,58.0854,,381.814
7.51039,46640.1,57.6904,,381.95
7.52028,47023,57.6922,,383.463
7.53029,47405.6,57.6495,,381.534
7.5403,47787,58.084,,381.913
7.55031,48169.4,58.3617,,382.737
7.56032,48551.9,58.4957,,381.972
7.57033,48934,57.5581,,382.222
7.58034,49315.8,57.3513,,381.656
7.59035,49698.5,57.7588,,383.472
7.60036,50081.1,58.0836,,381.775
7.61037,50462.9,58.9814,,382.042
7.62038,50845.4,58.989,,382.763
7.63039,51227.6,59.3462,,381.733
7.64028,51609.4,59.7028,,381.875
7.65029,51991.5,58.5997,,382.285
7.6603,52374.3,57.1971,,382.602
7.67031,52756.1,56.8431,,381.983
7.68032,53138.3,57.2241,,382.11
7.69033,53520.2,58.0234,,381.72
7.70034,53902.6,58.2934,,382.857
7.71035,54284.9,57.7478,,381.794
7.72035,54667.2,57.6396,,382.863
7.73036,55049.8,57.4545,,382.246
7.74037,55431.6,57.6887,,381.553
7.75038,55814,58.1717,,383.001
7.76039,56196.3,58.3899,,381.761
7.77028,56578.2,58.004,,382.289
7.78029,56960.7,57.1834,,382.524
7.7903,57342.8,57.5875,,381.627
7.80031,57725,57.7603,,382.78
7.81032,58107.8,58.3877,,382.591
7.82033,58489.5,58.9247,,381.3
7.83034,58871.3,59.0163,,382.077
7.84035,59253.7,59.6308,,382.83
7.85036,59636.1,59.1979,,381.337
7.86037,59991.4,55.3256,,311.227
7.87038,60188.2,32.3667,,88.97
7.88039,60136.9,-23.2822,,-165.742
7.89028,59831.6,-57.9398,,-419.28
7.90029,59275.4,-69.6791,,-667.364
7.9103,58475.8,-75.8357,,-898.697
7.92031,57549.2,-78.1912,,-896.017
7.93032,56779.2,-72.1354,,-653.14
7.94033,56274.2,-61.548,,-385.663
7.95034,56028.4,-41.2681,,-132.784
7.96035,56015.5,8.14544,,56.9224
7.97035,56034.1,-2.4969,,-56.0455
7.98036,55838.3,-49.2904,,-314.64
7.99037,55380.6,-65.7987,,-572.28
8.00038,54709.9,-71.0626,,-709.829
8.01039,54074,-67.8492,,-541.964
8.02028,53678.6,-55.1237,,-275.972
8.03029,53485.5,-43.2232,,-175.559
8.0403,53217.2,-52.6202,,-368.647
8.05031,52762.2,-61.2282,,-476.976
8.06032,52341.9,-57.7565,,-379.26
8.07033,51970.1,-57.0106,,-373.588
8.08034,51591.5,-58.8233,,-381.48
8.09035,51209.6,-60.1131,,-381.814
8.10036,50827.2,-59.1449,,-383.011
8.11037,50444.9,-58.7984,,-381.525
8.12038,50063.1,-58.3242,,-382.265
8.13039,49680.5,-57.9713,,-382.371
8.14028,49298.5,-57.2063,,-382.02
8.15029,48916.1,-56.9054,,-382.999
8.1603,48533.6,-57.9831,,-381.642
8.17031,48151.9,-57.9869,,-382.31
8.18032,47769.3,-58.4221,,-382.027
8.19033,47387.6,-58.6133,,-381.919
8.20034,47005.3,-58.2285,,-382.599
8.21035,46622.7,-58.0205,,-382.491
8.22035,46240.1,-58.1125,,-382.866
8.23036,45857.6,-58.7541,,-381.821
8.24037,45476.3,-57.9098,,-381.267
8.25038,45093.9,-57.1107,,-383.239
8.26039,44710.9,-57.1252,,-382.487
8.27028,44329.1,-57.3412,,-381.599
8.28029,43946.8,-58.7072,,-382.635
8.2903,43564.8,-59.9682,,-381.563
8.30031,43182.8,-59.6121,,-382.753
8.31032,42800.1,-58.8782,,-382.024
8.32033,42418.3,-58.6972,,-382.107
8.33034,42036,-58.1307,,-382.542
8.34035,41653.4,-57.471,,-382.142
8.35036,41271.6,-57.1176,,-382.054
8.36037,40889,-57.4136,,-382.589
8.37038,40506.7,-58.1297,,-381.96
8.38039,40125,-58.3959,,-381.824
8.39028,39742.7,-58.6297,,-382.522
8.40029,39360.4,-58.2686,,-382.129
8.4103,38978.3,-58.0642,,-382.281
8.42031,38596,-58.0396,,-382.138
8.43032,38213.9,-58.4342,,-382.199
8.44033,37831.6,-58.3531,,-382.181
8.45034,37449.5,-57.4937,,-382.066
8.46035,37067.4,-57.08,,-382.329
8.47035,36685,-57.0873,,-382.376
8.48036,36302.6,-57.9195,,-382.246
8.49037,35920.5,-59.5865,,-382.122
8.50038,35538.3,-59.9076,,-382.297
8.51039,35156.1,-59.1125,,-382.155
8.52028,34773.9,-58.8773,,-382.21
8.53029,34391.7,-58.381,,-382.094
8.5403,34009.6,-57.6384,,-382.104
8.55031,33627.5,-57.2504,,-382.142
8.56032,33245.1,-57.1117,,-382.49
8.57033,32862.6,-57.7919,,-382.385
8.58034,32480.4,-58.0775,,-382.406
8.59035,32098,-58.3486,,-382.197
8.60036,31715.9,-58.3628,,-382.118
8.61037,31333.8,-58.0197,,-382.128
8.62038,30951.5,-58.0412,,-382.249
8.63039,30569.2,-58.147,,-382.348
8.64028,30187,-58.4737,,-382.231
8.65029,29804.8,-57.8473,,-382.186
8.6603,29422.5,-57.1571,,-382.247
8.67031,29040.3,-56.981,,-382.336
8.68032,28658,-57.3305,,-382.115
8.69033,28275.9,-58.8153,,-382.154
8.70034,27893.6,-59.9638,,-382.395
8.71035,27511.3,-59.4601,,-382.182
8.72035,27129.3,-58.8618,,-382.018
8.73036,26747.1,-58.6155,,-382.175
8.74037,26365,-57.8887,,-382.131
8.75038,25982.9,-57.3901,,-382.123
8.76039,25600.7,-57.0749,,-382.355
8.77028,25218.3,-57.3604,,-382.207
8.78029,24836.2,-57.9655,,-382.161
8.7903,24453.7,-58.0925,,-382.563
8.80031,24071.5,-58.3965,,-382.12
8.81032,23689.3,-58.0709,,-382.145
8.82033,23307.1,-58.0226,,-382.267
8.83034,22924.7,-58.0113,,-382.457
8.84035,22542.4,-58.3516,,-382.149
8.85036,22160.2,-58.27,,-382.178
8.86037,21778.2,-57.4053,,-382.232
8.87038,21395.9,-56.9991,,-382.229
8.88039,21013.5,-57.0082,,-382.374
8.89028,20631.3,-57.9383,,-382.127
8.90029,20249.1,-59.6025,,-382.236
8.9103,19867,-59.8272,,-382.103
8.92031,19484.8,-59.0424,,-382.112
8.93032,19102.6,-58.8172,,-382.33
8.94033,18720.4,-58.2099,,-382.124
8.95034,18338.2,-57.4875,,-382.252
8.96035,17955.8,-57.1626,,-382.402
8.97035,17573.6,-57.0713,,-382.106
8.98036,17191.5,-57.8229,,-382.129
8.99037,16809.4,-58.1636,,-382.194
9.00038,16427,-58.3652,,-382.41
9.01039,16044.6,-58.2515,,-382.372
9.02028,15662.4,-57.9702,,-382.098
9.03029,15280.3,-57.9952,,-382.126
9.0403,14898.2,-58.099,,-382.117
9.05031,14516.1,-58.4302,,-382.118
9.06032,14133.9,-57.7689,,-382.123
9.07033,13751.8,-57.0855,,-382.131
9.08034,13369.5,-56.9206,,-382.552
9.09035,12986.9,-57.3374,,-382.566
9.10036,12604.6,-58.8774,,-382.106
9.11037,12222.5,-59.9599,,-382.118
9.12038,11840.3,-59.4007,,-382.126
9.13039,11458.2,-58.858,,-382.116
9.14028,11075.9,-58.5972,,-382.485
9.15029,10693.5,-57.8022,,-382.226
9.1603,10311.3,-57.2938,,-382.269
9.17031,9928.98,-56.9816,,-382.293
9.18032,9546.8,-57.3524,,-382.221
9.19033,9164.5,-57.9407,,-382.326
9.20034,8782.31,-57.9887,,-382.092
9.21035,8400.1,-58.2943,,-382.276
9.22035,8017.83,-58.003,,-382.214
9.23036,7635.69,-57.9849,,-382.128
9.24037,7253.52,-57.9674,,-382.274
9.25038,6871.21,-58.3168,,-382.182
9.26039,6489.02,-58.1235,,-382.325
9.27028,6106.71,-57.2752,,-382.195
9.28029,5724.59,-56.9342,,-382.121
9.2903,5342.35,-56.9572,,-382.35
9.30031,4960.07,-57.966,,-382.187
9.31032,4577.88,-59.6303,,-382.246
9.32033,4195.57,-59.7465,,-382.296
9.33034,3813.35,-58.965,,-382.209
9.34035,3431.14,-58.7358,,-382.213
9.35036,3048.89,-58.0903,,-382.251
9.36037,2666.68,-57.3901,,-382.199
9.37038,2284.45,-57.0658,,-382.238
9.38039,1902.22,-56.9849,,-382.24
9.39028,1520,-57.7176,,-382.199
9.40029,1137.79,-57.8748,,-382.228
9.4103,755.546,-58.0705,,-382.239
9.42031,373.31,-58.1112,,-382.242
9.43032,-8.91556,-57.8883,,-382.22
9.44033,-391.143,-57.9194,,-382.218
9.45034,-773.359,-58.0653,,-382.223
9.46035,-1155.59,-58.3519,,-382.236
9.47035,-1537.81,-57.6546,,-382.202
9.48036,-1920.04,-57.0137,,-382.251
9.49037,-2302.27,-56.8592,,-382.209
9.50038,-2684.47,-57.2932,,-382.216
9.51039,-3066.72,-58.9151,,-382.234
9.52028,-3448.92,-59.9466,,-382.229
9.53029,-3831.1,-59.2982,,-382.169
9.5403,-4213.39,-58.7014,,-382.302
9.55031,-4595.64,-58.3982,,-382.212
9.56032,-4977.8,-57.6545,,-382.143
9.57033,-5359.93,-57.1914,,-382.115
9.58034,-5742.05,-56.9084,,-382.123
9.59035,-6124.27,-57.2733,,-382.402
9.60036,-6506.76,-57.8036,,-382.437
9.61037,-6889.01,-57.814,,-382.094
9.62038,-7271.21,-58.1167,,-382.296
9.63039,-7653.43,-57.8942,,-382.229
9.64028,-8035.67,-57.9023,,-382.155
9.65029,-8417.86,-57.8997,,-382.247
9.6603,-8800.1,-58.2916,,-382.268
9.67031,-9182.31,-58.0223,,-382.127
9.68032,-9564.43,-57.1841,,-382.122
9.69033,-9946.56,-56.8682,,-382.151
9.70034,-10328.9,-56.9333,,-382.46
9.71035,-10711.2,-58.0285,,-382.166
9.72035,-11093.3,-59.7279,,-382.138
9.73036,-11475.4,-59.7255,,-382.101
9.74037,-11857.6,-58.8516,,-382.285
9.75038,-12240,-58.6138,,-382.234
9.76039,-12622.1,-57.9903,,-382.11
9.77028,-13004.2,-57.3132,,-382.129
9.78029,-13386.3,-57.0045,,-382.247
9.7903,-13768.8,-56.9049,,-382.545
9.80031,-14151.1,-57.4494,,-382.098
9.81032,-14533.2,-57.5836,,-382.138
9.82033,-14915.4,-57.7019,,-382.243
9.83034,-15297.8,-57.896,,-382.477
9.84035,-15680.2,-57.8361,,-382.226
9.85036,-16062.3,-57.8777,,-382.115
9.86037,-16444.4,-58.0629,,-382.172
9.87038,-16826.6,-58.3187,,-382.233
9.88039,-17209,-57.5527,,-382.429
9.89028,-17591.3,-56.9383,,-382.126
9.90029,-17973.4,-56.7911,,-382.139
9.9103,-18355.6,-57.4426,,-382.348
9.92031,-18737.9,-59.1171,,-382.145
9.93032,-19120.1,-59.9359,,-382.43
9.94033,-19502.5,-59.2152,,-382.149
9.95034,-19884.6,-58.6385,,-382.119
9.96035,-20266.7,-58.2924,,-382.294
9.97035,-20649,-57.6842,,-382.046
9.98036,-21031.1,-57.2632,,-382.263
9.99037,-21413.5,-56.8493,,-382.395
10.0004,-21795.6,-57.0405,,-382.037
10.0104,-22177.9,-57.6275,,-382.432
10.0203,-22560.3,-57.8726,,-382.333
10.0303,-22942.5,-57.8841,,-382.127
10.0403,-23324.6,-57.5869,,-382.125
10.0503,-23706.8,-57.8062,,-382.12
10.0603,-24088.9,-57.8759,,-382.12
10.0703,-24471,-58.247,,-382.119
10.0803,-24853.2,-57.9603,,-382.252
10.0903,-25235.5,-57.1156,,-382.399
10.1004,-25618,-56.7849,,-382.492
10.1104,-26000.4,-56.8762,,-382.272
10.1204,-26382.5,-58.1171,,-382.124
10.1304,-26764.5,-59.6461,,-381.999
10.1403,-27146.7,-59.6225,,-382.223
10.1503,-27529.1,-58.8264,,-382.436
10.1603,-27911.5,-58.5746,,-382.279
10.1703,-28293.6,-57.9017,,-382.235
10.1803,-28675.8,-57.2312,,-382.184
10.1903,-29058,-56.9026,,-382.147
10.2003,-29440.3,-56.8324,,-382.425
10.2103,-29822.5,-57.3962,,-382.032
10.2204,-30204.6,-57.4795,,-382.064
10.2304,-30586.7,-57.6507,,-382.175
10.2404,-30968.9,-57.821,,-382.219
10.2504,-31351.2,-57.7589,,-382.284
10.2604,-31733.4,-57.7681,,-382.126
10.2703,-32115.6,-57.9873,,-382.38
10.2803,-32498.1,-58.1966,,-382.4
10.2903,-32880.3,-57.4263,,-382.08
10.3003,-33262.4,-56.8556,,-382.375
10.3103,-33644.9,-56.7298,,-382.306
10.3203,-34027,-57.3922,,-382.17
10.3303,-34409.2,-59.0584,,-382.192
10.3403,-34791.4,-59.8953,,-382.145
10.3504,-35173.5,-59.123,,-382.127
10.3604,-35555.6,-58.5166,,-382.115
10.3704,-35937.8,-58.1172,,-382.107
10.3804,-36320.1,-57.4066,,-382.561
10.3903,-36702.7,-56.9727,,-382.412
10.4003,-37084.9,-56.7404,,-382.215
10.4103,-37467,-56.908,,-382.104
10.4203,-37849.2,-57.3104,,-382.11
10.4303,-38231.5,-57.1992,,-382.496
10.4403,-38613.8,-57.226,,-382.085
10.4503,-38995.9,-57.4007,,-382.268
10.4603,-39378.3,-57.7509,,-382.249
10.4704,-39760.4,-57.8349,,-382.161
10.4804,-40142.6,-58.2271,,-382.242
10.4904,-40524.8,-57.847,,-382.239
10.5004,-40907.4,-57.0153,,-382.816
10.5104,-41289.8,-56.7477,,-381.841
10.5203,-41671.4,-56.8943,,-381.577
10.5303,-42053.3,-58.2221,,-382.546
10.5403,-42435.8,-59.7129,,-382.082
10.5503,-42817.9,-59.5666,,-382.246
10.5603,-43200.4,-58.6668,,-382.452
10.5703,-43582.5,-58.3945,,-381.871
10.5803,-43965.2,-57.7206,,-383.404
10.5903,-44347.5,-57.0468,,-381.241
10.6004,-44728.8,-56.7934,,-381.824
10.6104,-45111.8,-56.7219,,-383.305
10.6204,-45493.9,-57.1682,,-381.543
10.6304,-45875.8,-57.3284,,-382.278
10.6403,-46258.1,-57.447,,-382.228
10.6503,-46640.4,-57.4809,,-382.592
10.6603,-47023,-57.6145,,-382.069
10.6703,-47404.8,-57.7322,,-381.846
10.6803,-47786.8,-57.9687,,-382.469
10.6903,-48169.7,-58.1493,,-382.82
10.7003,-48551.8,-57.3377,,-381.317
10.7103,-48933.8,-56.796,,-383.131
10.7204,-49316.4,-56.6759,,-381.786
10.7304,-49698,-57.4479,,-381.581
10.7404,-50080.3,-59.1136,,-382.603
10.7504,-50462.4,-59.8455,,-382.007
10.7604,-50844.8,-59.0409,,-382.772
10.7703,-51227.4,-58.4368,,-382.169
10.7803,-51609.3,-58.0086,,-382.154
10.7903,-51991.8,-57.3252,,-382.332
10.8003,-52373.8,-56.9249,,-381.811
10.8103,-52755.7,-56.6754,,-382.657
10.8203,-53138.5,-56.6773,,-382.237
10.8303,-53520.4,-56.636,,-381.921
10.8403,-53902.5,-56.7032,,-382.244
10.8504,-54285,-57.0767,,-382.31
10.8604,-54667.2,-57.3367,,-382.325
10.8704,-55049.4,-57.6292,,-382.201
10.8804,-55431.5,-57.722,,-381.885
10.8903,-55813.8,-58.1416,,-382.545
10.9003,-56196.2,-57.7175,,-382.138
10.9103,-56578.1,-56.9189,,-382.152
10.9203,-56960.6,-56.6859,,-382.43
10.9303,-57342.7,-56.8837,,-381.919
10.9403,-57724.8,-58.2403,,-382.461
10.9503,-58107.1,-59.7165,,-381.918
10.9603,-58488.8,-59.5256,,-381.844
10.9704,-58871.6,-58.5579,,-383.253
10.9804,-59254.1,-58.2232,,-381.756
10.9904,-59635.9,-57.5416,,-381.865
11.0004,-59991.1,-54.4909,,-310.069
11.0104,-60186.8,-32.2028,,-88.5073
11.0203,-60134.6,23.1561,,168.043
11.0303,-59826.5,56.5608,,420.95
11.0403,-59268.4,67.9034,,670.769
11.0503,-58466.2,75.4441,,898.902
11.0603,-57543.3,78.1106,,890.233
11.0703,-56778.4,70.9553,,649.037
11.0803,-56277.3,59.7821,,381.679
11.0903,-56036.4,39.2542,,127.152
11.1004,-56026.3,-8.76366,,-55.5105
11.1104,-56040.4,3.67351,,61.4191
11.1204,-55837.2,48.7678,,323.391
11.1304,-55372.1,64.4156,,577.777
11.1403,-54699.8,69.4702,,707.618
11.1503,-54071,66.1907,,531.864
11.1603,-53685.5,53.4137,,268.322
11.1703,-53493.4,42.8383,,180.36
11.1803,-53215,53.2109,,379.989
11.1903,-52758.3,60.7951,,470.124
11.2003,-52343,57.115,,378.378
11.2103,-51970.6,56.0432,,374.584
11.2204,-51591.5,56.6714,,381.528
11.2304,-51209.5,58.2993,,381.996
11.2404,-50826.9,58.2088,,382.981
11.2504,-50444.6,58.5916,,381.588
11.2604,-50063,58.8073,,382.406
11.2703,-49680.3,57.8333,,382.259
11.2803,-49298.2,56.1967,,382.099
11.2903,-48916,55.9241,,382.274
11.3003,-48534.1,56.9042,,381.743
11.3103,-48151.8,57.5459,,382.688
11.3203,-47769.5,57.5298,,381.953
11.3303,-47387.6,57.2271,,382.142
11.3403,-47004.7,56.9438,,382.96
11.3504,-46622.6,56.3909,,381.711
11.3604,-46240.9,56.6898,,381.905
11.3704,-45858.2,57.1567,,383.242
11.3804,-45475.6,56.5679,,381.672
11.3903,-45094.1,56.1354,,381.846
11.4003,-44711.9,56.3851,,382.239
11.4103,-44329.5,56.7059,,382.886
11.4203,-43946.4,56.9877,,382.716
11.4303,-43564.6,58.0487,,381.235
11.4403,-43183.2,58.4422,,381.887
11.4503,-42800,58.4059,,383.542
11.4603,-42417.8,58.9676,,381.409
11.4704,-42036.1,58.3541,,382.101
11.4804,-41653.8,56.6775,,382.27
11.4904,-41271.9,56.06,,381.853
11.5004,-40889.3,56.3174,,382.831
11.5104,-40507.1,57.0991,,381.966
11.5203,-40125,57.7865,,382.165
11.5303,-39742.8,57.3345,,382.335
11.5403,-39360.5,57.0681,,382.162
11.5503,-38978.4,56.558,,382.123
11.5603,-38596.2,56.5687,,382.254
11.5703,-38213.7,57.0714,,382.397
11.5803,-37831.6,57.1622,,382.109
11.5903,-37449.3,56.925,,382.484
11.6004,-37067,56.3331,,382.087
11.6104,-36684.9,56.5318,,382.193
11.6204,-36302.7,56.7955,,382.228
11.6304,-35920.3,57.4359,,382.428
11.6403,-35538.1,58.3508,,382.109
11.6503,-35155.9,58.3362,,382.254
11.6603,-34773.8,58.8535,,382.073
11.6703,-34391.7,58.8137,,382.07
11.6803,-34009.5,57.4403,,382.3
11.6903,-33627.1,56.2176,,382.44
11.7003,-33244.8,56.114,,382.123
11.7103,-32862.7,56.6626,,382.115
11.7204,-32480.5,57.5866,,382.294
11.7304,-32098.2,57.6279,,382.285
11.7404,-31716,57.1387,,382.08
11.7504,-31333.8,56.8144,,382.298
11.7604,-30951.6,56.3929,,382.165
11.7703,-30569.3,56.717,,382.507
11.7803,-30187,56.9812,,382.08
11.7903,-29804.9,56.8394,,382.128
11.8003,-29422.6,56.378,,382.433
11.8103,-29040.2,56.3019,,382.207
11.8203,-28657.9,56.6756,,382.323
11.8303,-28275.7,57.0785,,382.209
11.8403,-27893.7,57.9681,,382.042
11.8504,-27511.5,58.2998,,382.318
11.8604,-27129.2,58.5178,,382.099
11.8704,-26747.1,59.022,,382.135
11.8804,-26365,58.1638,,382.147
11.8903,-25982.8,56.6261,,382.158
11.9003,-25600.5,56.052,,382.376
11.9103,-25218.1,56.2809,,382.507
11.9203,-24835.8,57.0523,,382.082
11.9303,-24453.7,57.7077,,382.205
11.9403,-24071.5,57.2425,,382.179
11.9503,-23689.4,56.9596,,382.21
11.9603,-23307.1,56.5919,,382.104
11.9704,-22924.9,56.6297,,382.266
11.9804,-22542.8,57.075,,382.101
11.9904,-22160.6,57.2461,,382.404
12.0004,-21778.3,57.0952,,382.106
12.0104,-21396.1,56.3481,,382.117
12.0203,-21013.8,56.4822,,382.57
12.0303,-20631.4,56.7826,,382.151
12.0403,-20249.2,57.4037,,382.296
12.0503,-19867,58.1815,,382.167
12.0603,-19484.7,58.3024,,382.464
12.0703,-19102.4,58.8907,,382.124
12.0803,-18720.3,58.8084,,382.119
12.0903,-18338.1,57.3484,,382.117
12.1004,-17956,56.1612,,382.278
12.1104,-17573.5,56.0852,,382.472
12.1204,-17191.2,56.6633,,382.146
12.1304,-16809.1,57.5433,,382.117
12.1403,-16427,57.4149,,382.193
12.1503,-16044.8,56.868,,382.272
12.1603,-15662.5,56.8247,,382.167
12.1703,-15280.4,56.62,,382.148
12.1803,-14898.1,56.9025,,382.401
12.1903,-14515.7,57.1034,,382.215
12.2003,-14133.6,57.1738,,382.119
12.2103,-13751.5,56.6742,,382.134
12.2204,-13369.1,56.3456,,382.615
12.2304,-12986.7,56.6493,,382.243
12.2404,-12604.5,57.03,,382.164
12.2504,-12222.3,57.9604,,382.115
12.2604,-11840.2,58.2004,,382.126
12.2703,-11458.1,58.4639,,382.117
12.2803,-11075.9,58.9905,,382.359
12.2903,-10693.5,58.0949,,382.366
12.3003,-10311.3,56.5497,,382.104
12.3103,-9929.17,56.0189,,382.129
12.3203,-9546.83,56.2912,,382.408
12.3303,-9164.52,57.068,,382.228
12.3403,-8782.4,57.5819,,382.071
12.3504,-8400.16,57.011,,382.375
12.3604,-8017.91,56.727,,382.128
12.3704,-7635.71,56.4349,,382.315
12.3804,-7253.4,56.5147,,382.23
12.3903,-6871.22,56.874,,382.158
12.4003,-6489.08,56.9553,,382.212
12.4103,-6106.73,56.7126,,382.333
12.4203,-5724.51,56.2414,,382.184
12.4303,-5342.33,56.5488,,382.246
12.4403,-4960.05,56.8317,,382.241
12.4503,-4577.8,57.3699,,382.272
12.4603,-4195.56,58.0898,,382.183
12.4704,-3813.35,58.1558,,382.256
12.4804,-3431.12,58.7532,,382.218
12.4904,-3048.92,58.6544,,382.197
12.5004,-2666.67,57.2177,,382.239
12.5104,-2284.49,56.109,,382.18
12.5203,-1902.25,56.0483,,382.284
12.5303,-1519.98,56.6417,,382.253
12.5403,-1137.75,57.4989,,382.204
12.5503,-755.528,57.3016,,382.236
12.5603,-373.305,56.7924,,382.219
12.5703,8.91707,56.6712,,382.223
12.5803,391.142,56.5444,,382.227
12.5903,773.372,56.8938,,382.232
12.6004,1155.61,57.2177,,382.229
12.6104,1537.8,57.4247,,382.175
12.6204,1920.03,56.7159,,382.266
12.6304,2302.28,56.2977,,382.228
12.6403,2684.49,56.5712,,382.222
12.6503,3066.74,56.9488,,382.216
12.6603,3448.9,57.8743,,382.167
12.6703,3831.12,58.0845,,382.272
12.6803,4213.4,58.3648,,382.25
12.6903,4595.65,58.881,,382.255
12.7003,4977.86,57.948,,382.132
12.7103,5359.97,56.438,,382.181
12.7204,5742.31,55.9604,,382.368
12.7304,6124.52,56.253,,382.209
12.7404,6506.75,57.0883,,382.171
12.7504,6888.98,57.6358,,382.279
12.7604,7271.22,57.1224,,382.215
12.7703,7653.45,56.7756,,382.231
12.7803,8035.61,56.2384,,382.117
12.7903,8417.73,56.3356,,382.146
12.8003,8799.99,56.7851,,382.259
12.8103,9182.19,56.7487,,382.278
12.8203,9564.52,56.4034,,382.291
12.8303,9946.8,56.0917,,382.28
12.8403,10329.1,56.5282,,382.349
12.8504,10711.4,56.8324,,382.125
12.8604,11093.5,57.3988,,382.128
12.8704,11475.6,58.027,,382.102
12.8804,11857.7,58.1182,,382.14
12.8903,12239.8,58.7284,,382.116
12.9003,12622,58.5361,,382.254
12.9103,13004.4,57.086,,382.453
12.9203,13386.7,56.0166,,382.096
12.9303,13768.8,55.9926,,382.169
12.9403,14151,56.5928,,382.398
12.9503,14533.5,57.4535,,382.286
12.9603,14915.6,57.2188,,382.123
12.9704,15297.7,56.6888,,382.124
12.9804,15679.9,56.3671,,382.144
12.9904,16062.2,56.269,,382.447
13.0004,16444.4,56.7303,,382.144
13.0104,16826.7,57.1365,,382.389
13.0203,17209,57.4472,,382.144
13.0303,17591.1,56.6705,,382.116
13.0403,17973.2,56.2631,,382.125
13.0503,18355.5,56.5809,,382.464
13.0603,18737.8,57.0211,,382.11
13.0703,19120,57.929,,382.22
13.0803,19502.3,58.0593,,382.352
13.0903,19884.5,58.3751,,382.13
13.1004,20266.7,58.8392,,382.355
13.1104,20649.4,57.8349,,382.826
13.1204,21031.6,56.3623,,381.702
13.1304,21413.4,55.9494,,382.042
13.1403,21795.6,56.2708,,382.24
13.1503,22178,57.0986,,382.548
13.1603,22560.5,57.5496,,382.16
13.1703,22942.4,56.8989,,381.966
13.1803,23324.5,56.5573,,382.204
13.1903,23706.8,56.1847,,382.339
13.2003,24089,56.4189,,382.272
13.2103,24471.3,56.8677,,382.169
13.2204,24853.4,57.0904,,382.089
13.2304,25235.7,56.8588,,382.205
13.2404,25617.8,56.1767,,382.16
13.2504,26000.1,56.5005,,382.423
13.2604,26382.4,56.8407,,382.239
13.2703,26764.8,57.3709,,382.576
13.2803,27147.1,57.9707,,382.092
13.2903,27529.2,58.0917,,382.034
13.3003,27911.4,58.7378,,382.365
13.3103,28293.6,58.4666,,382.082
13.3203,28675.7,56.9872,,382.181
13.3303,29058,55.9821,,382.27
13.3403,29440.4,55.9763,,382.315
13.3504,29822.6,56.5976,,382.193
13.3604,30204.8,57.4122,,382.202
13.3704,30586.9,57.1485,,382.102
13.3804,30969,56.6865,,382.122
13.3903,31351.1,56.3389,,382.12
13.4003,31733.4,56.2758,,382.415
13.4103,32115.7,56.7528,,382.258
13.4203,32498.1,57.1285,,382.437
13.4303,32880.3,57.3966,,382.105
13.4403,33262.5,56.5822,,382.168
13.4503,33644.9,56.2483,,382.561
13.4603,34027.2,56.6447,,382.153
13.4704,34409.4,56.9995,,382.17
13.4804,34791.5,57.9765,,382.022
13.4904,35173.6,58.0083,,382.272
13.5004,35555.8,58.3203,,382.199
13.5104,35938.2,58.7553,,382.343
13.5203,36320.4,57.6898,,382.129
13.5303,36702.5,56.2719,,382.136
13.5403,37084.8,55.8766,,382.381
13.5503,37466.9,56.2301,,382.059
13.5603,37849.1,57.0555,,382.248
13.5703,38231.5,57.4296,,382.424
13.5803,38613.8,56.8475,,382.153
13.5903,38995.9,56.5447,,382.116
13.6004,39378.1,56.1929,,382.431
13.6104,39760.4,56.4591,,382.08
13.6204,40142.7,56.902,,382.591
13.6304,40525,57.1438,,381.99
13.6403,40907,56.9926,,382.228
13.6503,41289.6,56.204,,382.303
13.6603,41671.3,56.4927,,381.568
13.6703,42053.6,56.7961,,383.245
13.6803,42436.3,57.5209,,381.556
13.6903,42817.9,58.134,,382.446
13.7003,43200.8,58.1119,,382.483
13.7103,43582.9,58.6822,,382.008
13.7204,43965.3,58.3494,,382.591
13.7304,44347.2,56.9024,,381.701
13.7404,44729,55.9305,,382.304
13.7504,45112.1,55.9805,,382.771
13.7604,45493.7,56.6647,,381.182
13.7703,45876,57.4557,,383.299
13.7803,46258.8,57.1463,,381.898
13.7903,46640.2,56.7337,,381.573
13.8003,47022.7,56.4203,,382.813
13.8103,47405.3,56.3114,,382.544
13.8203,47787.9,56.7247,,382.242
13.8303,48169.6,57.0827,,381.825
13.8403,48551.4,57.3412,,381.764
13.8504,48933.5,56.5473,,382.376
13.8604,49316.1,56.2421,,382.463
13.8704,49698.1,56.6159,,382.488
13.8804,50080.7,56.9042,,381.804
13.8903,50462.4,57.9028,,381.705
13.9003,50844.6,58.0469,,382.996
13.9103,51227.4,58.3779,,382.071
13.9203,51609.4,58.7283,,382.261
13.9303,51991.8,57.6367,,382.494
13.9403,52374.3,56.2232,,382.547
13.9503,52756.9,55.8513,,382.312
13.9603,53138.7,56.2339,,381.587
13.9704,53520.3,57.052,,381.836
13.9804,53903,57.3688,,382.818
13.9904,54285,56.7801,,381.739
14.0004,54666.9,56.5728,,382.436
14.0104,55049.5,56.2051,,382.225
14.0203,55431.9,56.4104,,382.971
14.0303,55815.2,56.7967,,383.298
14.0403,56197.3,57.1194,,380.907
14.0503,56578.7,56.9081,,382.072
14.0603,56960.8,56.1597,,382.084
14.0703,57342.9,56.437,,382.071
14.0803,57725.1,56.7204,,382.478
14.0903,58107.1,57.493,,381.502
14.1004,58488.9,58.0637,,382.326
14.1104,58871.6,58.0242,,382.473
14.1204,59254,58.5972,,382.502
14.1304,59636.5,58.1803,,381.535
14.1403,59991.2,54.3961,,310.386
14.1503,60188.5,31.8072,,91.0278
14.1603,60138.2,-22.8311,,-166.767
14.1703,59832.1,-56.8418,,-418.505
14.1803,59276.3,-68.4911,,-668.156
14.1903,58475.9,-74.7292,,-898.46
14.2003,57550.8,-77.0932,,-894.622
14.2103,56780.1,-71.1665,,-655.156
14.2204,56273.1,-60.7278,,-387.802
14.2304,56026,-40.7635,,-132.947
14.2404,56014.1,7.9894,,58.4421
14.2504,56034.7,-1.9926,,-53.5609
14.2604,55840,-48.2828,,-314.464
14.2703,55383.2,-64.7642,,-570.65
14.2803,54713.5,-70.0021,,-709.781
14.2903,54075.5,-67.0795,,-546.463
14.3003,53674.7,-54.6351,,-281.182
14.3103,53480.9,-42.337,,-171.708
14.3203,53218.4,-51.2751,,-362.637
14.3303,52765,-60.1795,,-480.483
14.3403,52340.6,-56.9866,,-380.359
14.3504,51969.9,-55.9929,,-372.475
14.3604,51591.9,-57.9235,,-381.149
14.3704,51209.8,-59.1807,,-382.548
14.3804,50826.9,-58.2629,,-382.98
14.3903,50444.6,-57.9397,,-381.588
14.4003,50062.9,-57.367,,-382.291
14.4103,49680.4,-57.0275,,-382.33
14.4203,49298.3,-56.2451,,-382.001
14.4303,48916,-55.9572,,-382.697
14.4403,48533.6,-57.0973,,-381.872
14.4503,48151.9,-56.9968,,-381.959
14.4603,47769.4,-57.2214,,-382.921
14.4704,47386.8,-57.5395,,-381.897
14.4804,47005.2,-57.2784,,-381.805
14.4904,46623.1,-57.1273,,-382.214
14.5004,46240.8,-57.2115,,-382.316
14.5104,45858.2,-57.8303,,-382.824
14.5203,45476,-56.9294,,-381.709
14.5303,45093.9,-56.1737,,-382.462
14.5403,44711.5,-56.1845,,-382.178
14.5503,44329.6,-56.4331,,-382.061
14.5603,43947,-57.8157,,-382.482
14.5703,43564.9,-59.038,,-381.91
14.5803,43183.2,-58.7027,,-381.935
14.5903,42800,-57.9849,,-383.542
14.6004,42417.7,-57.7697,,-381.527
14.6104,42036.2,-57.1428,,-381.978
14.6204,41653.8,-56.474,,-382.275
14.6304,41271.7,-56.1765,,-382.303
14.6403,40889,-56.4974,,-382.638
14.6503,40506.6,-57.1527,,-382.309
14.6603,40124.6,-57.2485,,-381.869
14.6703,39742.6,-57.5629,,-381.972
14.6803,39360.6,-57.3366,,-382.083
14.6903,38978.4,-57.1844,,-382.393
14.7003,38596,-57.1605,,-382.318
14.7103,38213.6,-57.535,,-382.404
14.7204,37831.4,-57.4386,,-382.117
14.7304,37449.4,-56.5637,,-382.045
14.7404,37067.2,-56.1495,,-382.201
14.7504,36684.9,-56.1588,,-382.336
14.7604,36302.5,-57.0406,,-382.342
14.7703,35920.3,-58.7268,,-382.146
14.7803,35538.2,-58.9976,,-382.137
14.7903,35156.1,-58.1991,,-382.107
14.8003,34774,-57.961,,-382.108
14.8103,34391.6,-57.4456,,-382.634
14.8203,34009.3,-56.6921,,-382.08
14.8303,33627.2,-56.3115,,-382.056
14.8403,33245.1,-56.2062,,-382.123
14.8504,32862.9,-56.9423,,-382.255
14.8604,32480.5,-57.2209,,-382.496
14.8704,32098.1,-57.4406,,-382.443
14.8804,31715.8,-57.4838,,-382.089
14.8903,31333.7,-57.2216,,-382.1
14.9003,30951.4,-57.282,,-382.512
14.9103,30569.1,-57.3561,,-382.083
14.9203,30187,-57.6236,,-382.05
14.9303,29804.9,-56.9309,,-382.27
14.9403,29422.7,-56.223,,-382.128
14.9503,29040.5,-56.0702,,-382.166
14.9603,28658.3,-56.4594,,-382.334
14.9704,28275.8,-57.9756,,-382.396
14.9804,27893.7,-59.1104,,-382.101
14.9904,27511.5,-58.601,,-382.173
15.0004,27129.2,-58.0107,,-382.445
15.0104,26746.9,-57.7602,,-382.219
15.0203,26364.7,-56.973,,-382.111
15.0303,25982.6,-56.4382,,-382.272
15.0403,25600.3,-56.1512,,-382.107
15.0503,25218.1,-56.5063,,-382.318
15.0603,24835.9,-57.1652,,-382.127
15.0703,24453.8,-57.2471,,-382.112
15.0803,24071.7,-57.5063,,-382.131
15.0903,23689.4,-57.2088,,-382.418
15.1004,23307,-57.2264,,-382.284
15.1104,22924.6,-57.186,,-382.372
15.1204,22542.4,-57.4991,,-382.214
15.1304,22160.3,-57.3849,,-382.155
15.1403,21778.1,-56.5357,,-382.149
15.1503,21395.9,-56.1312,,-382.076
15.1603,21013.7,-56.1525,,-382.386
15.1703,20631.5,-57.1274,,-382.117
15.1803,20249.1,-58.7948,,-382.464
15.1903,19866.9,-58.9951,,-382.13
15.2003,19484.8,-58.1901,,-382.173
15.2103,19102.4,-57.9249,,-382.331
15.2204,18720.3,-57.3432,,-382.12
15.2304,18338.1,-56.6254,,-382.113
15.2404,17956,-56.2811,,-382.131
15.2504,17573.9,-56.193,,-382.129
15.2604,17191.8,-56.9485,,-382.118
15.2703,16809.6,-57.2252,,-382.252
15.2803,16427,-57.4389,,-382.726
15.2903,16044.7,-57.4079,,-382.11
15.3003,15662.5,-57.1587,,-382.165
15.3103,15280.2,-57.1718,,-382.471
15.3203,14897.8,-57.267,,-382.192
15.3303,14515.7,-57.604,,-382.117
15.3403,14133.5,-56.9134,,-382.325
15.3504,13751.3,-56.2173,,-382.073
15.3604,13369.2,-56.058,,-382.109
15.3704,12987.1,-56.4871,,-382.112
15.3804,12605,-58.0773,,-382.143
15.3903,12222.6,-59.1368,,-382.612
15.4003,11840.1,-58.5538,,-382.305
15.4103,11457.9,-57.9717,,-382.129
15.4203,11075.7,-57.7147,,-382.228
15.4303,10693.6,-56.9201,,-382.109
15.4403,10311.4,-56.3911,,-382.183
15.4503,9929.18,-56.1182,,-382.346
15.4603,9546.83,-56.468,,-382.248
15.4704,9164.67,-57.0874,,-382.193
15.4804,8782.36,-57.0101,,-382.351
15.4904,8400.12,-57.0137,,-382.156
15.5004,8017.97,-56.887,,-382.181
15.5104,7635.67,-57.1644,,-382.334
15.5203,7253.47,-57.1714,,-382.117
15.5303,6871.34,-57.5125,,-382.17
15.5403,6489.05,-57.2959,,-382.357
15.5503,6106.75,-56.4344,,-382.194
15.5603,5724.62,-56.112,,-382.134
15.5703,5342.44,-56.1386,,-382.302
15.5803,4960.1,-57.1771,,-382.28
15.5903,4577.81,-58.8578,,-382.3
15.6004,4195.55,-58.9582,,-382.229
15.6104,3813.35,-58.151,,-382.198
15.6204,3431.13,-57.887,,-382.175
15.6304,3048.96,-57.2628,,-382.262
15.6403,2666.69,-56.5673,,-382.228
15.6503,2284.45,-56.2222,,-382.252
15.6603,1902.2,-56.1209,,-382.241
15.6703,1519.98,-56.6213,,-382.203
15.6803,1137.75,-56.7919,,-382.241
15.6903,755.53,-56.6873,,-382.21
15.7003,373.318,-56.7586,,-382.23
15.7103,-8.91138,-56.96,,-382.219
15.7204,-391.143,-57.1401,,-382.232
15.7304,-773.365,-57.2963,,-382.228
15.7404,-1155.59,-57.5862,,-382.216
15.7504,-1537.81,-56.8766,,-382.223
15.7604,-1920.05,-56.206,,-382.248
15.7703,-2302.27,-56.0438,,-382.199
15.7803,-2684.49,-56.5249,,-382.244
15.7903,-3066.73,-58.1778,,-382.234
15.8003,-3448.92,-59.1658,,-382.169
15.8103,-3831.16,-58.5133,,-382.258
15.8203,-4213.38,-57.9511,,-382.23
15.8303,-4595.62,-57.6299,,-382.222
15.8403,-4977.86,-56.7894,,-382.274
15.8504,-5360.08,-56.3182,,-382.173
15.8604,-5742.27,-56.0816,,-382.172
15.8704,-6124.48,-56.4833,,-382.248
15.8804,-6506.75,-57.0555,,-382.254
15.8903,-6888.91,-56.9138,,-382.113
15.9003,-7271.03,-56.8755,,-382.134
15.9103,-7653.22,-56.8387,,-382.307
15.9203,-8035.59,-57.1087,,-382.349
15.9303,-8417.82,-57.1551,,-382.209
15.9403,-8800.12,-57.5124,,-382.297
15.9503,-9182.36,-57.2481,,-382.14
15.9603,-9564.48,-56.3854,,-382.201
15.9704,-9946.75,-56.0731,,-382.283
15.9804,-10329,-56.1512,,-382.137
15.9904,-10711.1,-57.3365,,-382.155
16.0004,-11093.4,-58.9415,,-382.442
16.0104,-11475.7,-58.9484,,-382.176
16.0203,-11857.8,-58.0803,,-382.114
16.0303,-12240,-57.8123,,-382.251
16.0403,-12622.4,-57.1633,,-382.298
16.0503,-13004.6,-56.5103,,-382.205
16.0603,-13386.7,-56.1858,,-382.121
16.0703,-13768.8,-56.0962,,-382.141
16.0803,-14151.2,-56.6435,,-382.37
16.0903,-14533.4,-56.7656,,-382.124
16.1004,-14915.5,-56.6634,,-382.119
16.1104,-15297.7,-56.7212,,-382.409
16.1204,-15680.1,-56.9348,,-382.336
16.1304,-16062.5,-57.1192,,-382.302
16.1403,-16444.6,-57.3031,,-382.105
16.1503,-16826.8,-57.5291,,-382.183
16.1603,-17208.9,-56.7669,,-382.127
16.1703,-17591.1,-56.1629,,-382.115
16.1803,-17973.2,-56.0166,,-382.303
16.1903,-18355.7,-56.6513,,-382.476
16.2003,-18738,-58.3243,,-382.188
16.2103,-19120.1,-59.1665,,-382.113
16.2204,-19502.3,-58.4422,,-382.124
16.2304,-19884.4,-57.8535,,-382.121
16.2404,-20266.5,-57.4741,,-382.319
16.2504,-20649.2,-56.7281,,-382.543
16.2604,-21031.4,-56.2968,,-382.198
16.2703,-21413.6,-56.0319,,-382.129
16.2803,-21795.7,-56.115,,-382.117
16.2903,-22177.8,-56.5067,,-382.119
16.3003,-22559.9,-56.4334,,-382.124
16.3103,-22942.1,-56.4628,,-382.315
16.3203,-23324.6,-56.674,,-382.406
16.3303,-23706.7,-57.047,,-382.097
16.3403,-24089,-57.1193,,-382.183
16.3504,-24471.2,-57.4764,,-382.457
16.3604,-24853.7,-57.1578,,-382.331
16.3704,-25235.8,-56.3292,,-382.125
16.3804,-25618,-56.0382,,-382.118
16.3903,-26000.1,-56.1713,,-382.188
16.4003,-26382.4,-57.4762,,-382.229
16.4103,-26764.5,-58.9843,,-382.137
16.4203,-27146.8,-58.9114,,-382.385
16.4303,-27529.1,-58.012,,-382.276
16.4403,-27911.3,-57.7545,,-382.122
16.4503,-28293.4,-57.0515,,-382.276
16.4603,-28675.6,-56.3515,,-381.962
16.4704,-29057.7,-56.0852,,-382.342
16.4804,-29440.1,-55.9999,,-382.22
16.4904,-29822.3,-56.0223,,-382.268
16.5004,-30204.5,-56.2027,,-382.323
16.5104,-30586.9,-56.4084,,-382.252
16.5203,-30969.1,-56.6329,,-382.245
16.5303,-31351.5,-56.8782,,-382.399
16.5403,-31733.6,-57.0627,,-382.12
16.5503,-32115.9,-57.2637,,-382.175
16.5603,-32498,-57.485,,-382.128
16.5703,-32880.2,-56.681,,-382.31
16.5803,-33262.6,-56.1269,,-382.475
16.5903,-33644.9,-55.9906,,-382.045
16.6004,-34026.9,-56.6888,,-382.048
16.6104,-34409,-58.3488,,-382.152
16.6204,-34791.2,-59.1587,,-382.182
16.6304,-35173.5,-58.3893,,-382.421
16.6403,-35555.8,-57.7845,,-382.201
16.6503,-35938,-57.4088,,-382.268
16.6603,-36320.2,-56.6359,,-382.121
16.6703,-36702.5,-56.2002,,-382.299
16.6803,-37084.7,-55.9937,,-382.138
16.6903,-37466.8,-56.1318,,-382.227
16.7003,-37849.1,-56.6145,,-382.215
16.7103,-38231.3,-56.607,,-382.335
16.7204,-38613.7,-56.6144,,-382.293
16.7304,-38996,-56.7453,,-382.251
16.7404,-39378.1,-57.0337,,-382.148
16.7504,-39760.4,-57.089,,-382.372
16.7604,-40142.6,-57.4815,,-382.034
16.7703,-40524.8,-57.1088,,-382.362
16.7803,-40907.4,-56.2878,,-382.816
16.7903,-41289.8,-56.0256,,-381.841
16.8003,-41671.4,-56.1758,,-381.654
16.8103,-42053.7,-57.4932,,-382.595
16.8203,-42435.8,-58.9718,,-381.808
16.8303,-42818.2,-58.8665,,-383.152
16.8403,-43201.1,-57.9502,,-382.203
16.8504,-43582.7,-57.6492,,-381.33
16.8604,-43964.9,-56.9619,,-383.2
16.8704,-44348,-56.2931,,-382.217
16.8804,-44729.2,-56.0431,,-381.534
16.8903,-45112,-55.9594,,-382.854
16.9003,-45493.8,-56.0053,,-381.323
16.9103,-45875.5,-56.149,,-382.174
16.9203,-46258,-56.5341,,-382.546
16.9303,-46640.2,-56.65,,-381.951
16.9403,-47022.4,-56.8816,,-382.27
16.9503,-47404.6,-56.9947,,-382.187
16.9603,-47786.7,-57.2238,,-382.73
16.9704,-48169.6,-57.4327,,-382.301
16.9804,-48551.5,-56.5959,,-381.483
16.9904,-48933.7,-56.0804,,-383.192
17.0004,-49316.3,-55.9654,,-381.706
17.0104,-49698,-56.67,,-382.035
17.0203,-50080.9,-58.3461,,-383.108
17.0303,-50463,-59.148,,-381.69
17.0403,-50844.8,-58.3281,,-382.078
17.0503,-51227.2,-57.7177,,-382.353
17.0603,-51609.4,-57.3026,,-382.479
17.0703,-51992.3,-56.6301,,-382.536
17.0803,-52374,-56.2195,,-381.524
17.0903,-52755.8,-55.9539,,-382.372
17.1004,-53138.5,-55.9277,,-382.371
17.1104,-53520.8,-55.9269,,-382.632
17.1204,-53903.5,-56.0356,,-382.503
17.1304,-54286,-56.2687,,-382.349
17.1403,-54667.3,-56.6064,,-380.821
17.1503,-55049.2,-56.9551,,-382.385
17.1603,-55431.3,-57.0856,,-382.068
17.1703,-55814,-57.5127,,-383.446
17.1803,-56196.9,-57.0466,,-381.989
17.1903,-56578.4,-56.2308,,-381.468
17.2003,-56960.8,-55.9894,,-382.688
17.2103,-57342.8,-56.1638,,-381.728
17.2204,-57724.9,-57.5351,,-382.662
17.2304,-58107.4,-59.0148,,-381.883
17.2404,-58489.2,-58.8037,,-382.005
17.2504,-58871.9,-57.8822,,-383.06
17.2604,-59254.4,-57.5954,,-382.061
17.2703,-59636,-56.8697,,-381.032
17.2803,-59991.2,-53.8137,,-310.697
17.2903,-60187.1,-31.751,,-88.814
17.3003,-60134.3,22.8985,,169.413
17.3103,-59826.7,55.838,,420.177
17.3203,-59267.9,67.1018,,671.537
17.3303,-58465.1,74.681,,899.646
17.3403,-57541.9,77.3474,,889.785
17.3504,-56778.4,70.2319,,646.894
17.3604,-56279,59.1064,,380.844
17.3704,-56038.2,38.6958,,127.219
17.3804,-56027.7,-8.69473,,-54.7264
17.3903,-56040.6,4.07072,,63.4247
17.4003,-55835.6,48.3758,,324.022
17.4103,-55369.7,63.7487,,579.834
17.4203,-54696,68.7204,,706.74
17.4303,-54070.2,65.342,,528.059
17.4403,-53688.2,52.534,,265.563
17.4503,-53497.1,42.2819,,180.988
17.4603,-53216.5,52.7303,,383.068
17.4704,-52757.6,60.063,,470.564
17.4804,-52343,56.2908,,377.996
17.4904,-51971,55.3827,,373.829
17.5004,-51592.3,56.1208,,381.472
17.5104,-51209.9,57.8934,,382.814
17.5203,-50826.8,57.6187,,382.866
17.5303,-50445.1,57.9413,,381.196
17.5403,-50063.4,58.153,,382.45
17.5503,-49680.6,57.2164,,382.337
17.5603,-49298.7,55.5609,,382.097
17.5703,-48916,55.257,,382.873
17.5803,-48533.6,56.248,,381.996
17.5903,-48151.8,56.932,,381.989
17.6004,-47769.7,56.9067,,382.056
17.6104,-47387.4,56.6087,,382.584
17.6204,-47004.3,56.3037,,383.151
17.6304,-46622,55.765,,381.672
17.6403,-46240.4,56.0659,,381.817
17.6503,-45857.8,56.586,,382.753
17.6603,-45476,56.1072,,381.519
17.6703,-45093.7,55.6088,,383.052
17.6803,-44711,55.7738,,381.876
17.6903,-44329.7,56.0194,,381.385
17.7003,-43947,56.379,,383.101
17.7103,-43564.5,57.5424,,382.258
17.7204,-43182.7,57.9169,,381.738
17.7304,-42800.5,57.8364,,382.501
17.7404,-42418.2,58.3811,,381.868
17.7504,-42036.2,57.7676,,382.342
17.7604,-41654,56.1007,,382.046
17.7703,-41271.9,55.4222,,382.45
17.7803,-40888.9,55.6849,,382.945
17.7903,-40506.7,56.4873,,381.909
17.8003,-40124.8,57.212,,381.899
17.8103,-39742.7,56.775,,382.12
17.8203,-39360.4,56.4988,,382.517
17.8303,-38978,55.8902,,382.181
17.8403,-38596,55.7978,,382.023
17.8504,-38213.9,56.2254,,382.129
17.8604,-37831.8,56.1258,,382.111
17.8704,-37449.6,55.6947,,382.118
17.8804,-37067.4,55.5081,,382.415
17.8903,-36685.1,55.9102,,382.162
17.9003,-36302.9,56.2286,,382.194
17.9103,-35920.6,56.9444,,382.262
17.9203,-35538.4,57.8401,,382.47
17.9303,-35156,57.7539,,382.097
17.9403,-34773.7,58.2577,,382.389
17.9503,-34391.4,58.271,,382.323
17.9603,-34009.2,56.8677,,382.256
17.9704,-33626.9,55.5913,,382.145
17.9804,-33244.8,55.4808,,382.097
17.9904,-32862.7,56.0361,,382.114
18.0004,-32480.5,56.9845,,382.41
18.0104,-32098.1,57.0398,,382.405
18.0203,-31715.7,56.5254,,382.227
18.0303,-31333.5,56.2472,,382.158
18.0403,-30951.4,55.975,,382.162
18.0503,-30569.3,56.2543,,382.098
18.0603,-30187.1,56.5863,,382.121
18.0703,-29804.9,56.7751,,382.28
18.0803,-29422.6,56.1792,,382.389
18.0903,-29040.3,55.6994,,382.341
18.1004,-28657.9,55.9925,,382.318
18.1104,-28275.6,56.4437,,382.106
18.1204,-27893.6,57.4353,,382.092
18.1304,-27511.5,57.7539,,382.121
18.1403,-27129.3,57.9499,,382.318
18.1503,-26747,58.472,,382.19
18.1603,-26364.8,57.6405,,382.129
18.1703,-25982.7,56.0398,,382.115
18.1803,-25600.6,55.4523,,382.291
18.1903,-25218.3,55.6715,,382.149
18.2003,-24836.2,56.4814,,382.132
18.2103,-24454,57.1678,,382.112
18.2204,-24071.9,56.6689,,382.306
18.2304,-23689.3,56.319,,382.584
18.2404,-23307,55.7685,,382.014
18.2504,-22925,55.8314,,382.096
18.2604,-22542.6,56.2698,,382.543
18.2703,-22160.3,56.4699,,382.252
18.2803,-21778.1,56.3572,,382.12
18.2903,-21396,55.679,,382.145
18.3003,-21013.6,55.8476,,382.562
18.3103,-20631.3,56.1874,,382.207
18.3203,-20249,56.9074,,382.266
18.3303,-19866.8,57.7616,,382.12
18.3403,-19484.7,57.7629,,382.127
18.3504,-19102.6,58.3446,,382.116
18.3604,-18720.5,58.2554,,382.136
18.3704,-18338.3,56.774,,382.105
18.3804,-17956.2,55.5724,,382.121
18.3903,-17574.1,55.4866,,382.124
18.4003,-17191.8,56.034,,382.632
18.4103,-16809.1,56.915,,382.415
18.4203,-16426.9,56.9048,,382.113
18.4303,-16044.8,56.4473,,382.109
18.4403,-15662.7,56.2213,,382.132
18.4503,-15280.6,56.0083,,382.126
18.4603,-14898.4,56.3185,,382.128
18.4704,-14516.2,56.6362,,382.385
18.4804,-14133.6,56.8618,,382.59
18.4904,-13751.3,56.1836,,382.108
18.5004,-13369.2,55.7094,,382.122
18.5104,-12987.1,56.1164,,382.145
18.5203,-12604.8,56.4723,,382.495
18.5303,-12222.5,57.5178,,382.123
18.5403,-11840.3,57.7687,,382.159
18.5503,-11458.1,58.0129,,382.213
18.5603,-11076,58.5355,,382.176
18.5703,-10693.6,57.5488,,382.399
18.5803,-10311.4,55.9747,,382.141
18.5903,-9929.16,55.434,,382.326
18.6004,-9546.81,55.6884,,382.349
18.6104,-9164.56,56.5061,,382.173
18.6204,-8782.39,57.1421,,382.133
18.6304,-8400.27,56.663,,382.13
18.6403,-8018.07,56.4047,,382.311
18.6503,-7635.64,56.0491,,382.433
18.6603,-7253.36,56.1086,,382.215
18.6703,-6871.17,56.514,,382.122
18.6803,-6489.05,56.7798,,382.16
18.6903,-6106.91,56.62,,382.118
18.7003,-5724.68,55.7438,,382.358
18.7103,-5342.26,55.931,,382.392
18.7204,-4959.96,56.2652,,382.204
18.7304,-4577.79,56.9758,,382.169
18.7404,-4195.62,57.7646,,382.198
18.7504,-3813.4,57.7618,,382.23
18.7604,-3431.15,58.3546,,382.266
18.7703,-3048.91,58.2045,,382.232
18.7803,-2666.66,56.7041,,382.247
18.7903,-2284.44,55.527,,382.21
18.8003,-1902.22,55.4944,,382.218
18.8103,-1520,56.0661,,382.232
18.8203,-1137.76,56.9984,,382.227
18.8303,-755.539,56.9218,,382.238
18.8403,-373.312,56.4825,,382.211
18.8504,8.9135,56.0178,,382.237
18.8604,391.144,55.7557,,382.225
18.8704,773.37,56.167,,382.229
18.8804,1155.6,56.4835,,382.23
18.8903,1537.82,56.5791,,382.219
18.9003,1920.06,56.0047,,382.243
18.9103,2302.28,55.7081,,382.199
18.9203,2684.49,56.1178,,382.231
18.9303,3066.73,56.4874,,382.232
18.9403,3448.94,57.5132,,382.195
18.9503,3831.14,57.6658,,382.23
18.9603,4213.38,57.8662,,382.237
18.9704,4595.63,58.3479,,382.235
18.9804,4977.85,57.4402,,382.244
18.9904,5360.03,55.9109,,382.106
19.0004,5742.15,55.4188,,382.128
19.0104,6124.27,55.6906,,382.129
19.0203,6506.56,56.5342,,382.429
19.0303,6888.97,57.0931,,382.355
19.0403,7271.24,56.5821,,382.194
19.0503,7653.42,56.3419,,382.141
19.0603,8035.55,56.0727,,382.22
19.0703,8417.86,56.1552,,382.327
19.0803,8800.12,56.461,,382.225
19.0903,9182.35,56.7516,,382.218
19.1004,9564.54,56.572,,382.152
19.1104,9946.74,55.7206,,382.216
19.1204,10329,55.9274,,382.354
19.1304,10711.3,56.2635,,382.164
19.1403,11093.4,56.9942,,382.117
19.1503,11475.5,57.7146,,382.108
19.1603,11857.7,57.6118,,382.239
19.1703,12240,58.1649,,382.39
19.1803,12622.4,58.0142,,382.281
19.1903,13004.5,56.5659,,382.123
19.2003,13386.7,55.4711,,382.119
19.2103,13768.8,55.4548,,382.196
19.2204,14151,56.0743,,382.176
19.2304,14533.2,57.0378,,382.107
19.2404,14915.3,56.9197,,382.245
19.2504,15297.7,56.4667,,382.423
19.2604,15680,56.068,,382.184
19.2703,16062.1,55.7873,,382.125
19.2803,16444.3,56.1834,,382.321
19.2903,16826.8,56.444,,382.442
19.3003,17209,56.4862,,382.146
19.3103,17591.1,55.9565,,382.153
19.3203,17973.4,55.7293,,382.267
19.3303,18355.6,56.1339,,382.118
19.3403,18737.7,56.4961,,382.124
19.3504,19119.8,57.5475,,382.134
19.3604,19501.9,57.6489,,382.118
19.3704,19884.3,57.8885,,382.601
19.3804,20266.8,58.3035,,382.466
19.3903,20649.3,57.3341,,382.422
19.4003,21031.7,55.8466,,382.219
19.4103,21413.8,55.4127,,382.13
19.4203,21795.9,55.7125,,382.113
19.4303,22178,56.5985,,382.272
19.4403,22560.1,57.1286,,381.841
19.4503,22942.2,56.6189,,382.182
19.4603,23324.5,56.297,,382.518
19.4704,23706.8,55.707,,382.119
19.4804,24089,55.8856,,382.168
19.4904,24471.3,56.2892,,382.412
19.5004,24853.5,56.3236,,382.121
19.5104,25235.7,56.094,,382.253
19.5203,25617.9,55.617,,382.119
19.5303,26000,55.9548,,382.12
19.5403,26382.1,56.276,,382.123
19.5503,26764.4,57.0469,,382.483
19.5603,27146.8,57.7334,,382.161
19.5703,27528.9,57.6286,,382.178
19.5803,27911.3,58.1474,,382.462
19.5903,28293.5,57.9165,,382.076
19.6004,28675.7,56.4925,,382.147
19.6104,29057.8,55.4504,,382.236
19.6204,29440.1,55.4586,,382.284
19.6304,29822.3,56.0922,,382.14
19.6403,30204.4,57.0215,,382.147
19.6503,30586.8,56.8381,,382.587
19.6603,30969.3,56.3787,,382.259
19.6703,31351.6,55.8612,,382.282
19.6803,31733.6,55.7394,,382.055
19.6903,32115.8,56.1816,,382.275
19.7003,32498.2,56.558,,382.357
19.7103,32880.5,56.8284,,382.286
19.7204,33262.6,56.0139,,381.97
19.7304,33644.7,55.6774,,382.183
19.7404,34026.9,55.996,,382.261
19.7504,34409.2,56.5423,,382.252
19.7604,34791.3,57.5449,,382.154
19.7703,35173.7,57.5277,,382.313
19.7803,35555.8,57.7843,,382.093
19.7903,35937.9,58.1939,,382.12
19.8003,36320.1,57.1776,,382.34
19.8103,36702.4,55.7358,,382.217
19.8203,37084.8,55.3473,,382.47
19.8303,37467.1,55.6763,,382.104
19.8403,37849.3,56.5668,,382.291
19.8504,38231.4,57.0637,,382.105
19.8604,38613.6,56.5407,,382.122
19.8704,38995.7,56.1648,,382.122
19.8804,39378,55.682,,382.389
19.8903,39760.2,55.9505,,382.114
19.9003,40142.4,56.4242,,382.333
19.9103,40524.9,56.8419,,382.883
19.9203,40907.6,56.5801,,382.246
19.9303,41289.9,55.6872,,382.238
19.9403,41671.6,55.959,,381.404
19.9503,42053.8,56.3564,,382.899
19.9603,42436,57.1997,,381.482
19.9704,42817.9,57.8044,,382.644
19.9804,43200.8,57.8547,,382.483
19.9904,43582.9,58.4019,,382.008
20.0004,43965.3,57.9863,,382.591
20.0104,44347.2,56.4355,,381.701
20.0203,44729.1,55.4158,,382.297
20.0303,45112.2,55.4528,,383.398
20.0403,45494.8,56.1127,,381.428
20.0503,45876.2,57.0612,,382.006
20.0603,46258.3,56.8637,,382.091
20.0703,46640.2,56.4076,,381.716
20.0803,47022.7,55.8967,,382.992
20.0903,47404.8,55.7923,,381.476
20.1004,47786.5,56.2874,,382.432
20.1104,48169.7,56.6761,,382.854
20.1204,48551.7,56.9395,,381.574
20.1304,48933.7,56.042,,382.874
20.1403,49316.5,55.7725,,382.156
20.1503,49698.2,56.1325,,381.866
20.1603,50080.6,56.4922,,382.551
20.1703,50463.2,57.5857,,382.551
20.1803,50845.8,57.7455,,382.326
20.1903,51227.2,58.1168,,381.33
20.2003,51609.1,58.4249,,382.225
20.2103,51991.5,57.2416,,382.24
20.2204,52373.6,55.7206,,382.065
20.2304,52756.1,55.3307,,383.113
20.2404,53139.5,55.6938,,383.345
20.2504,53521.6,56.5851,,380.961
20.2604,53903.1,57.0765,,382.48
20.2703,54285.5,56.5442,,381.806
20.2803,54667.2,56.2443,,381.997
20.2903,55049.7,55.7591,,382.631
20.3003,55432.1,55.9933,,382.205
20.3103,55814.1,56.4547,,382.01
20.3203,56195.9,56.8803,,381.754
20.3303,56578.2,56.5379,,383.034
20.3403,56961.3,55.6412,,382.317
20.3504,57342.7,55.9087,,381.213
20.3604,57724.9,56.2332,,382.694
20.3704,58107.2,57.0065,,382.083
20.3804,58489.3,57.5801,,382.169
20.3903,58871.5,57.5496,,382.139
20.4003,59253.7,58.1299,,382.25
20.4103,59635.8,57.7658,,381.452
20.4203,59991,53.9455,,310.741
20.4303,60187.4,31.4028,,89.3197
20.4403,60136.3,-22.7779,,-166.984
20.4503,59829.6,-56.4439,,-420.038
20.4603,59273.3,-67.9737,,-667.596
20.4704,58472.6,-74.1035,,-898.821
20.4804,57548.1,-76.4332,,-892.772
20.4904,56781.2,-70.5541,,-651.252
20.5004,56276.9,-60.0905,,-385.251
20.5104,56032.3,-40.002,,-130.426
20.5203,56020.4,8.16492,,55.8236
20.5303,56037.1,-3.03821,,-57.7618
20.5403,55838.7,-48.2628,,-318.182
20.5503,55377.8,-64.34,,-574.478
20.5603,54705.9,-69.5512,,-710.323
20.5703,54072.1,-66.3839,,-538.061
20.5803,53680.1,-53.7583,,-274.329
20.5903,53487,-42.0283,,-176.194
20.6004,53217.5,-51.2157,,-370.063
20.6104,52761.2,-59.7205,,-478.041
20.6204,52340.6,-56.3269,,-378.888
20.6304,51969.7,-55.6753,,-372.459
20.6403,51592.2,-57.5098,,-380.702
20.6503,51210.1,-58.7487,,-382.538
20.6603,50827,-57.7614,,-383.03
20.6703,50445,-57.41,,-381.492
20.6803,50062.8,-56.9266,,-382.846
20.6903,49680.3,-56.4988,,-382.018
20.7003,49298.6,-55.7324,,-381.702
20.7103,48916,-55.4672,,-383.244
20.7204,48533,-56.5769,,-382.161
20.7304,48151.4,-56.5152,,-382.222
20.7404,47768.9,-56.703,,-382.063
20.7504,47387.3,-57.0526,,-381.378
20.7604,47005.2,-56.8824,,-382.99
20.7703,46622.3,-56.7787,,-382.196
20.7803,46240.5,-56.8261,,-381.923
20.7903,45858.3,-57.3618,,-382.614
20.8003,45476,-56.426,,-381.986
20.8103,45093.5,-55.6941,,-382.786
20.8203,44711.3,-55.7455,,-381.702
20.8303,44329.8,-55.9864,,-381.731
20.8403,43946.9,-57.4196,,-383.325
20.8504,43564.4,-58.6272,,-381.62
20.8604,43182.9,-58.234,,-382.256
20.8704,42800.2,-57.5255,,-382.305
20.8804,42418.4,-57.3062,,-381.755
20.8903,42035.8,-56.6813,,-383.073
20.9003,41653.6,-55.9592,,-381.479
20.9103,41271.7,-55.6676,,-382.587
20.9203,40888.9,-56.0181,,-382.355
20.9303,40506.8,-56.7389,,-382.257
20.9403,40124.8,-56.9544,,-381.817
20.9503,39742.9,-57.2115,,-382.02
20.9603,39360.8,-56.8955,,-382.138
20.9704,38978.6,-56.819,,-382.324
20.9804,38596.1,-56.7956,,-382.468
20.9904,38213.7,-57.177,,-382.214
21.0004,37831.6,-57.0027,,-382.124
21.0104,37449.4,-56.089,,-382.307
21.0203,37067.2,-55.6993,,-382.141
21.0303,36685.1,-55.7285,,-382.103
21.0403,36302.9,-56.607,,-382.146
21.0503,35920.6,-58.2902,,-382.476
21.0603,35538.3,-58.5569,,-382.187
21.0703,35156.1,-57.7605,,-382.295
21.0803,34773.8,-57.5693,,-382.177
21.0903,34391.7,-57.0522,,-382.125
21.1004,34009.5,-56.2283,,-382.123
21.1104,33627.3,-55.8048,,-382.317
21.1204,33244.9,-55.7632,,-382.458
21.1304,32862.7,-56.7376,,-382.051
21.1403,32480.5,-57.6139,,-382.397
21.1503,32098.2,-57.6473,,-382.07
21.1603,31716.1,-57.0952,,-382.199
21.1703,31333.9,-56.7293,,-382.141
21.1803,30951.8,-56.8278,,-382.129
21.1903,30569.6,-56.9503,,-382.208
21.2003,30187.3,-57.2141,,-382.438
21.2103,29804.9,-56.516,,-382.269
21.2204,29422.8,-55.7744,,-382.214
21.2304,29040.3,-55.6104,,-382.465
21.2404,28657.9,-55.9957,,-382.335
21.2504,28275.7,-57.4975,,-382.122
21.2604,27893.6,-58.626,,-382.056
21.2703,27511.5,-58.1113,,-382.272
21.2803,27129.4,-57.5934,,-381.965
21.2903,26747.3,-57.4636,,-382.317
21.3003,26364.9,-56.5815,,-382.19
21.3103,25982.8,-55.9545,,-382.146
21.3203,25600.7,-55.6712,,-382.106
21.3303,25218.5,-56.0593,,-382.374
21.3403,24836,-56.6861,,-382.271
21.3504,24453.8,-56.8269,,-382.282
21.3604,24071.5,-57.1369,,-382.279
21.3704,23689.3,-56.8375,,-382.373
21.3804,23306.8,-56.8738,,-382.351
21.3903,22924.6,-56.8132,,-382.107
21.4003,22542.6,-57.1034,,-382.048
21.4103,22160.4,-56.9119,,-382.213
21.4203,21778.2,-56.0293,,-382.316
21.4303,21395.9,-55.6774,,-382.116
21.4403,21013.8,-55.7032,,-382.137
21.4503,20631.7,-56.6802,,-382.057
21.4603,20249.3,-58.3564,,-382.533
21.4704,19867.1,-58.563,,-382.122
21.4804,19485,-57.7764,,-382.127
21.4904,19102.8,-57.53,,-382.113
21.5004,18720.7,-56.9352,,-382.12
21.5104,18338.4,-56.1746,,-382.553
21.5203,17955.8,-55.7939,,-382.491
21.5303,17573.6,-55.7149,,-382.121
21.5403,17191.4,-56.4251,,-382.132
21.5503,16809.3,-56.6796,,-382.258
21.5603,16426.8,-56.8899,,-382.512
21.5703,16044.5,-56.9345,,-382.123
21.5803,15662.4,-56.7457,,-382.108
21.5903,15280.3,-56.7795,,-382.136
21.6004,14898.2,-56.8802,,-382.12
21.6104,14516.1,-57.195,,-382.116
21.6204,14133.8,-56.496,,-382.475
21.6304,13751.3,-55.7812,,-382.489
21.6403,13369,-55.6065,,-382.136
21.6503,12986.8,-56.038,,-382.119
21.6603,12604.7,-57.6908,,-382.115
21.6703,12222.6,-58.7354,,-382.133
21.6803,11840.5,-58.1326,,-382.118
21.6903,11458.4,-57.5685,,-382.113
21.7003,11076.2,-57.2768,,-382.117
21.7103,10694.1,-56.4711,,-382.179
21.7204,10311.6,-55.9445,,-382.772
21.7304,9928.98,-55.6691,,-382.388
21.7404,9546.76,-56.0237,,-382.169
21.7504,9164.55,-56.6122,,-382.257
21.7604,8782.33,-56.6913,,-382.196
21.7703,8400.17,-56.9787,,-382.11
21.7803,8018.01,-56.7099,,-382.236
21.7903,7635.68,-56.8052,,-382.329
21.8003,7253.43,-56.7814,,-382.164
21.8103,6871.31,-57.1081,,-382.169
21.8203,6489.03,-56.8442,,-382.305
21.8303,6106.82,-55.9567,,-382.216
21.8403,5724.53,-55.6441,,-382.302
21.8504,5342.23,-55.6878,,-382.283
21.8604,4960.05,-56.7556,,-382.155
21.8704,4577.81,-58.4532,,-382.261
21.8804,4195.57,-58.531,,-382.209
21.8903,3813.41,-57.7081,,-382.168
21.9003,3431.15,-57.4281,,-382.323
21.9103,3048.9,-56.8026,,-382.16
21.9203,2666.74,-56.0873,,-382.16
21.9303,2284.48,-55.7467,,-382.337
21.9403,1902.2,-55.6811,,-382.24
21.9503,1519.97,-56.235,,-382.22
21.9603,1137.75,-56.4337,,-382.229
21.9704,755.53,-56.505,,-382.215
21.9804,373.309,-56.4591,,-382.224
21.9904,-8.9156,-56.5798,,-382.224
22.0004,-391.142,-56.8031,,-382.231
22.0104,-773.368,-56.9753,,-382.225
22.0203,-1155.6,-57.1822,,-382.212
22.0303,-1537.81,-56.37,,-382.237
22.0403,-1920.04,-55.7331,,-382.203
22.0503,-2302.25,-55.5934,,-382.245
22.0603,-2684.51,-56.0882,,-382.217
22.0703,-3066.67,-57.6981,,-382.157
22.0803,-3448.89,-58.7131,,-382.262
22.0903,-3831.15,-58.0963,,-382.26
22.1004,-4213.38,-57.5406,,-382.185
22.1104,-4595.6,-57.2837,,-382.231
22.1204,-4977.79,-56.4344,,-382.22
22.1304,-5360.04,-55.8766,,-382.281
22.1403,-5742.25,-55.6246,,-382.161
22.1503,-6124.5,-55.8918,,-382.265
22.1603,-6506.72,-56.396,,-382.167
22.1703,-6888.85,-56.366,,-382.159
22.1803,-7271.14,-56.3984,,-382.373
22.1903,-7653.44,-56.4076,,-382.195
22.2003,-8035.59,-56.7162,,-382.214
22.2103,-8417.85,-56.7647,,-382.203
22.2204,-8800.1,-57.1207,,-382.331
22.2304,-9182.39,-56.8225,,-382.163
22.2404,-9564.52,-55.9369,,-382.169
22.2504,-9946.66,-55.6347,,-382.155
22.2604,-10328.8,-55.7618,,-382.139
22.2703,-10710.9,-57.0271,,-382.108
22.2803,-11093.1,-58.5289,,-382.12
22.2903,-11475.2,-58.5066,,-382.124
22.3003,-11857.3,-57.6666,,-382.12
22.3103,-12239.4,-57.4294,,-382.158
22.3203,-12622,-56.7406,,-382.812
22.3303,-13004.6,-56.0315,,-382.333
22.3403,-13386.7,-55.7118,,-382.125
22.3504,-13768.9,-55.617,,-382.29
22.3604,-14151.2,-55.9555,,-382.25
22.3704,-14533.5,-56.2118,,-382.232
22.3804,-14915.6,-56.3347,,-382.112
22.3903,-15297.7,-56.3952,,-382.106
22.4003,-15680,-56.5622,,-382.405
22.4103,-16062.4,-56.7382,,-382.305
22.4203,-16444.6,-56.9208,,-382.129
22.4303,-16826.7,-57.1185,,-382.117
22.4403,-17208.8,-56.3093,,-382.247
22.4503,-17591.2,-55.7241,,-382.454
22.4603,-17973.5,-55.5939,,-382.133
22.4704,-18355.6,-56.2057,,-382.12
22.4804,-18737.8,-57.8574,,-382.119
22.4904,-19119.9,-58.7272,,-382.334
22.5004,-19502.3,-58.0362,,-382.243
22.5104,-19884.4,-57.4907,,-382.118
22.5203,-20266.6,-57.1716,,-382.253
22.5303,-20649,-56.357,,-382.485
22.5403,-21031.3,-55.8389,,-382.063
22.5503,-21413.4,-55.6041,,-382.338
22.5603,-21795.8,-55.7259,,-382.395
22.5703,-22178,-56.1795,,-382.025
22.5803,-22560.1,-56.1461,,-382.12
22.5903,-22942.3,-56.2598,,-382.114
22.6004,-23324.6,-56.3477,,-382.474
22.6104,-23706.8,-56.6521,,-382.039
22.6204,-24089.1,-56.732,,-382.471
22.6304,-24471.3,-57.116,,-382.105
22.6403,-24853.5,-56.7525,,-382.091
22.6503,-25235.6,-55.8826,,-382.314
22.6603,-25617.9,-55.6353,,-382.157
22.6703,-26000,-55.7485,,-382.137
22.6803,-26382.1,-57.0292,,-382.102
22.6903,-26764.3,-58.5573,,-382.409
22.7003,-27146.9,-58.4672,,-382.507
22.7103,-27529.3,-57.6126,,-382.263
22.7204,-27911.4,-57.3601,,-382.06
22.7304,-28293.5,-56.6668,,-382.287
22.7404,-28675.8,-55.948,,-382.149
22.7504,-29057.9,-55.6568,,-382.128
22.7604,-29440,-55.5831,,-382.094
22.7703,-29822.2,-55.5766,,-382.125
22.7803,-30204.3,-55.5785,,-382.314
22.7903,-30586.8,-55.8727,,-382.552
22.8003,-30969.2,-56.1975,,-382.172
22.8103,-31351.3,-56.4776,,-382.118
22.8203,-31733.4,-56.6666,,-382.115
22.8303,-32115.8,-56.8726,,-382.539
22.8403,-32498.1,-57.0927,,-382.121
22.8504,-32880.2,-56.2572,,-382.115
22.8604,-33262.5,-55.7094,,-382.363
22.8704,-33644.7,-55.6019,,-382.142
22.8804,-34026.8,-56.2784,,-382.122
22.8903,-34409,-57.9208,,-382.356
22.9003,-34791.5,-58.7476,,-382.484
22.9103,-35173.8,-57.9807,,-382.124
22.9203,-35555.9,-57.4501,,-382.235
22.9303,-35938.1,-57.0741,,-381.97
22.9403,-36320.1,-56.2847,,-382.09
22.9503,-36702.4,-55.798,,-382.587
22.9603,-37084.9,-55.5768,,-382.352
22.9704,-37467.2,-55.5694,,-382.162
22.9804,-37849.3,-55.8401,,-382.04
22.9904,-38231.4,-55.9993,,-382.131
23.0004,-38613.5,-56.3087,,-382.127
23.0104,-38995.6,-56.3421,,-382.111
23.0203,-39377.7,-56.6225,,-382.12
23.0303,-39760,-56.6999,,-382.453
23.0403,-40142.4,-57.1222,,-382.194
23.0503,-40524.5,-56.7323,,-382.269
23.0603,-40907.3,-55.8805,,-382.987
23.0703,-41289.8,-55.6165,,-381.96
23.0803,-41671.4,-55.7823,,-381.824
23.0903,-42054.2,-57.069,,-383.099
23.1004,-42436.2,-58.5075,,-381.217
23.1104,-42818.1,-58.4616,,-382.917
23.1204,-43201.2,-57.5343,,-382.686
23.1304,-43583.3,-57.2177,,-381.574
23.1403,-43964.9,-56.5907,,-382.361
23.1503,-44347.4,-55.9413,,-382.041
23.1603,-44729.6,-55.6422,,-382.682
23.1703,-45112.1,-55.6298,,-381.968
23.1803,-45493.7,-56.2394,,-381.579
23.1903,-45876.3,-56.5206,,-383.399
23.2003,-46259,-56.6802,,-381.938
23.2103,-46640.8,-56.5059,,-381.751
23.2204,-47023.1,-56.5665,,-382.514
23.2304,-47405.1,-56.6054,,-381.577
23.2404,-47786.9,-56.8443,,-382.668
23.2504,-48170,-57.0216,,-382.557
23.2604,-48551.5,-56.1862,,-381.169
23.2703,-48933.6,-55.6825,,-382.978
23.2803,-49316.2,-55.5669,,-381.826
23.2903,-49698.1,-56.331,,-382.208
23.3003,-50080.8,-57.9353,,-382.969
23.3103,-50462.8,-58.7107,,-381.391
23.3203,-50845.1,-57.9312,,-382.663
23.3303,-51227.2,-57.3287,,-382.088
23.3403,-51609.4,-56.7189,,-382.424
23.3504,-51992.3,-56.1202,,-382.597
23.3604,-52373.9,-55.8015,,-381.441
23.3704,-52756,-55.5695,,-382.956
23.3804,-53139,-55.5167,,-382.126
23.3903,-53520.3,-55.5344,,-381.346
23.4003,-53903.1,-55.5409,,-383.338
23.4103,-54285.1,-55.7644,,-381.324
23.4203,-54667.1,-56.0511,,-382.799
23.4303,-55050.4,-56.6248,,-383.352
23.4403,-55433.1,-56.7561,,-381.709
23.4503,-55814,-57.1324,,-380.898
23.4603,-56195.9,-56.6283,,-382.904
23.4704,-56578.4,-55.8318,,-381.834
23.4804,-56960.8,-55.6063,,-382.538
23.4904,-57342.7,-55.7924,,-381.655
23.5004,-57725.2,-57.1497,,-383.289
23.5104,-58108.6,-58.6365,,-383.176
23.5203,-58490.2,-58.4466,,-380.677
23.5303,-58872.4,-57.5424,,-383.194
23.5403,-59254.4,-57.071,,-381.08
23.5503,-59635.7,-56.2587,,-381.15
23.5603,-59990.1,-53.4391,,-309.09
23.5703,-60185.3,-31.4307,,-88.328
23.5803,-60131.9,22.9589,,169.156
23.5903,-59822.8,55.5399,,422.931
23.6004,-59263.5,66.791,,670.939
23.6104,-58460.1,74.3165,,900.424
23.6204,-57538.7,76.8855,,886.979
23.6304,-56776.9,69.7149,,645.474
23.6403,-56279.6,58.6078,,377.905
23.6503,-56042.5,38.0113,,123.745
23.6603,-56034.1,-8.81725,,-55.4652
23.6703,-56044.6,5.09537,,67.6511
23.6803,-55835.2,48.5,,328.633
23.6903,-55364.3,63.5263,,585.014
23.7003,-54689,68.4133,,704.221
23.7103,-54068.4,64.8005,,522.198
23.7204,-53692.7,51.8062,,259.138
23.7304,-53502.6,42.1448,,185.855
23.7404,-53214.1,52.9087,,390.743
23.7504,-52754.8,59.6831,,465.138
23.7604,-52343.7,55.7223,,377.247
23.7703,-51971,55.0533,,374.818
23.7803,-51592.2,55.7959,,381.462
23.7903,-51209.8,57.57,,382.853
23.8003,-50826.7,57.2742,,382.621
23.8103,-50444.9,57.6225,,381.572
23.8203,-50063,57.8366,,382.46
23.8303,-49680.6,56.8299,,381.96
23.8403,-49298.8,55.1705,,381.864
23.8504,-48916.3,54.9082,,382.635
23.8604,-48533.9,55.8705,,382.498
23.8704,-48151.2,56.4989,,382.911
23.8804,-47768.7,56.5418,,381.937
23.8903,-47387.2,56.2857,,381.295
23.9003,-47005,55.9023,,383.018
23.9103,-46622.4,55.2888,,382.09
23.9203,-46240.7,55.6311,,381.79
23.9303,-45858.1,56.1592,,382.769
23.9403,-45475.9,55.6698,,381.9
23.9503,-45093.6,55.1645,,382.801
23.9603,-44711.2,55.3568,,381.795
23.9704,-44329.4,55.6462,,382.101
23.9804,-43946.9,55.9954,,382.536
23.9904,-43564.8,57.1621,,381.687
24.0004,-43182.9,57.5541,,382.518
24.0104,-42800.5,57.4668,,382.003
24.0203,-42418.4,57.9976,,382.221
24.0303,-42036,57.3876,,382.293
24.0403,-41653.8,55.7268,,382.268
24.0503,-41271.5,55.0578,,382.649
24.0603,-40888.7,55.297,,382.467
24.0703,-40506.7,56.0952,,381.909
24.0803,-40124.8,56.8249,,381.899
24.0903,-39742.7,56.3772,,382.112
24.1004,-39360.7,56.0957,,382.018
24.1104,-38978.4,55.5635,,382.316
24.1204,-38596.2,55.5739,,382.276
24.1304,-38214,55.9459,,382.078
24.1403,-37831.9,55.9116,,382.112
24.1503,-37449.6,55.5523,,382.604
24.1603,-37067.1,55.2172,,382.211
24.1703,-36685,55.5215,,382.166
24.1803,-36302.7,55.8416,,382.168
24.1903,-35920.7,56.4842,,382.096
24.2003,-35538.5,57.3287,,382.386
24.2103,-35155.9,57.3645,,382.534
24.2204,-34773.7,57.9083,,381.981
24.2304,-34391.7,57.8858,,382.118
24.2404,-34009.5,56.5145,,382.132
24.2504,-33627.4,55.2362,,382.11
24.2604,-33245.1,55.1356,,382.482
24.2703,-32862.6,55.662,,382.341
24.2803,-32480.5,56.6101,,382.079
24.2903,-32098.3,56.6643,,382.395
24.3003,-31715.9,56.1707,,382.378
24.3103,-31333.6,55.8073,,382.109
24.3203,-30951.4,55.5035,,382.336
24.3303,-30569.2,55.8477,,382.113
24.3403,-30187.1,56.052,,382.128
24.3504,-29804.9,56.1663,,382.112
24.3604,-29422.6,55.6991,,382.342
24.3704,-29040.6,55.3213,,382.046
24.3804,-28658.4,55.705,,382.324
24.3903,-28275.9,56.1346,,382.329
24.4003,-27893.7,57.0856,,382.257
24.4103,-27511.4,57.3901,,382.341
24.4203,-27129.1,57.5934,,382.128
24.4303,-26747,58.1438,,382.136
24.4403,-26364.9,57.2955,,382.117
24.4503,-25982.8,55.7057,,382.112
24.4603,-25600.6,55.1017,,382.415
24.4704,-25218.1,55.3174,,382.298
24.4804,-24835.8,56.1536,,382.333
24.4904,-24453.5,56.8228,,382.319
24.5004,-24071.3,56.3333,,382.116
24.5104,-23689.2,55.9924,,382.141
24.5203,-23307.1,55.4868,,382.04
24.5303,-22924.8,55.6042,,382.372
24.5403,-22542.5,56.1012,,382.395
24.5503,-22160.2,56.4686,,382.129
24.5603,-21778.1,56.3427,,382.124
24.5703,-21396,55.4213,,382.113
24.5803,-21013.9,55.5961,,382.121
24.5903,-20631.6,55.9114,,382.404
24.6004,-20249.3,56.5256,,382.224
24.6104,-19867.1,57.3663,,382.171
24.6204,-19485,57.4169,,382.126
24.6304,-19102.8,58.0002,,382.119
24.6403,-18720.7,57.9146,,382.115
24.6503,-18338.6,56.43,,382.123
24.6603,-17956.4,55.2119,,382.323
24.6703,-17573.8,55.1114,,382.758
24.6803,-17191.3,55.6972,,382.283
24.6903,-16809.1,56.6647,,382.109
24.7003,-16426.8,56.6387,,382.34
24.7103,-16044.7,56.1361,,382.124
24.7204,-15662.6,55.6668,,382.112
24.7304,-15280.4,55.384,,382.122
24.7404,-14898.3,55.807,,382.121
24.7504,-14516.2,56.1516,,382.134
24.7604,-14133.9,56.226,,382.513
24.7703,-13751.3,55.656,,382.52
24.7803,-13369,55.3986,,382.133
24.7903,-12986.8,55.849,,382.178
24.8003,-12604.7,56.1681,,382.287
24.8103,-12222.4,57.2072,,382.192
24.8203,-11840.1,57.429,,382.312
24.8303,-11457.9,57.7046,,382.228
24.8403,-11075.7,58.201,,382.109
24.8504,-10693.5,57.2381,,382.271
24.8604,-10311.3,55.6526,,382.116
24.8704,-9929.09,55.0981,,382.335
24.8804,-9546.75,55.3213,,382.27
24.8903,-9164.54,56.1846,,382.198
24.9003,-8782.37,56.8021,,382.185
24.9103,-8400.2,56.3047,,382.169
24.9203,-8017.89,56.0442,,382.382
24.9303,-7635.6,55.5889,,382.191
24.9403,-7253.41,55.7131,,382.225
24.9503,-6871.18,56.1308,,382.205
24.9603,-6489.03,56.3946,,382.143
24.9704,-6106.84,56.258,,382.248
24.9804,-5724.55,55.3969,,382.299
24.9904,-5342.33,55.6433,,382.135
25.0004,-4960.17,55.9457,,382.264
25.0104,-4577.83,56.5504,,382.326
25.0203,-4195.57,57.3623,,382.208
25.0303,-3813.35,57.3045,,382.241
25.0403,-3431.15,57.8664,,382.164
25.0503,-3048.96,57.7957,,382.209
25.0603,-2666.74,56.3646,,382.257
25.0703,-2284.46,55.1811,,382.261
25.0803,-1902.21,55.1374,,382.246
25.0903,-1519.99,55.7113,,382.21
25.1004,-1137.77,56.6436,,382.233
25.1104,-755.534,56.5704,,382.233
25.1204,-373.31,56.1255,,382.205
25.1304,8.91493,55.9351,,382.243
25.1403,391.141,55.7154,,382.225
25.1503,773.368,55.9839,,382.223
25.1603,1155.59,56.2484,,382.214
25.1703,1537.8,56.4154,,382.212
25.1803,1920.04,55.7518,,382.254
25.1903,2302.29,55.3627,,382.239
25.2003,2684.47,55.7344,,382.134
25.2103,3066.69,56.1277,,382.287
25.2204,3448.91,57.1502,,382.154
25.2304,3831.07,57.3094,,382.239
25.2404,4213.4,57.5167,,382.314
25.2504,4595.65,57.9902,,382.245
25.2604,4977.88,57.08,,382.196
25.2703,5360.03,55.546,,382.128
25.2803,5742.15,55.0813,,382.115
25.2903,6124.31,55.3366,,382.253
25.3003,6506.68,56.2011,,382.393
25.3103,6888.94,56.7653,,382.21
25.3203,7271.16,56.262,,382.162
25.3303,7653.34,55.917,,382.257
25.3403,8035.6,55.3945,,382.208
25.3504,8417.81,55.5701,,382.188
25.3604,8800.05,56.0457,,382.333
25.3704,9182.35,56.3023,,382.216
25.3804,9564.56,56.0945,,382.253
25.3903,9946.75,55.354,,382.152
25.4003,10328.9,55.6546,,382.105
25.4103,10711,55.9406,,382.126
25.4203,11093.2,56.6486,,382.253
25.4303,11475.5,57.3945,,382.252
25.4403,11857.6,57.3265,,382.128
25.4503,12239.8,57.8679,,382.116
25.4603,12621.9,57.7256,,382.118
25.4704,13004,56.2808,,382.12
25.4804,13386.2,55.1671,,382.349
25.4904,13768.8,55.1359,,382.725
25.5004,14151.3,55.7616,,382.297
25.5104,14533.5,56.7197,,382.127
25.5203,14915.7,56.5572,,382.183
25.5303,15297.8,56.1215,,382.199
25.5403,15680.1,55.8512,,382.397
25.5503,16062.3,55.7063,,382.013
25.5603,16444.4,56.089,,382.134
25.5703,16826.5,56.4174,,382.121
25.5803,17208.7,56.6012,,382.123
25.5903,17590.8,55.766,,382.125
25.6004,17972.9,55.3831,,382.261
25.6104,18355.5,55.8151,,382.664
25.6204,18738,56.2112,,382.407
25.6304,19120.3,57.2202,,382.226
25.6403,19502.5,57.3206,,382.111
25.6503,19884.6,57.5242,,382.195
25.6603,20266.8,57.9758,,382.348
25.6703,20649.3,57.0018,,382.285
25.6803,21031.3,55.508,,382.002
25.6903,21413.4,55.0698,,382.135
25.7003,21795.6,55.3682,,382.123
25.7103,22177.8,56.2357,,382.386
25.7204,22560.2,56.7641,,382.335
25.7304,22942.3,56.2821,,382.023
25.7404,23324.6,55.9936,,382.402
25.7504,23706.8,55.532,,382.125
25.7604,24089,55.6885,,382.168
25.7703,24471.3,56.2261,,382.412
25.7803,24853.6,56.5028,,382.367
25.7903,25235.9,56.2171,,382.222
25.8003,25618.2,55.377,,382.306
25.8103,26000.5,55.7274,,382.2
25.8203,26382.5,55.9481,,382.018
25.8303,26764.7,56.6081,,382.206
25.8403,27146.8,57.3038,,382.118
25.8504,27529,57.3001,,382.165
25.8604,27911.3,57.8282,,382.269
25.8704,28293.4,57.6106,,382.129
25.8804,28675.5,56.1618,,382.157
25.8903,29057.9,55.1,,382.503
25.9003,29440.4,55.1073,,382.437
25.9103,29822.6,55.753,,382.132
25.9203,30204.8,56.6444,,382.127
25.9303,30586.9,56.5273,,382.119
25.9403,30969.1,56.1017,,382.178
25.9503,31351.2,55.6847,,382.124
25.9603,31733.4,55.4027,,382.509
25.9704,32115.9,55.8315,,382.185
25.9804,32498,55.9542,,382.149
25.9904,32880.1,55.9862,,382.109
26.0004,33262.4,55.5,,382.419
26.0104,33644.8,55.37,,382.288
26.0203,34027,55.6988,,382.263
26.0303,34409.2,56.2185,,382.105
26.0403,34791.4,57.2159,,382.261
26.0503,35173.6,57.2592,,382.194
26.0603,35555.8,57.5274,,382.051
26.0703,35937.8,57.9069,,382.121
26.0803,36320.2,56.9277,,382.507
26.0903,36702.6,55.4575,,382.267
26.1004,37084.8,55.0486,,382.214
26.1104,37467,55.3831,,382.232
26.1204,37849.2,56.255,,382.104
26.1304,38231.5,56.7367,,382.43
26.1403,38613.8,56.2582,,382.231
26.1503,38995.8,55.9613,,381.939
26.1603,39378,55.5059,,382.275
26.1703,39760.4,55.7054,,382.501
26.1803,40142.7,56.1625,,382.107
26.1903,40524.8,56.5369,,382.265
26.2003,40907.4,56.2486,,382.715
26.2103,41289.8,55.3648,,381.957
26.2204,41671.4,55.5998,,381.623
26.2304,42054,55.9751,,382.885
26.2404,42435.9,56.8248,,381.465
26.2504,42817.8,57.3501,,382.951
26.2604,43200.9,57.3159,,382.4
26.2703,43582.6,57.8497,,381.364
26.2803,43964.6,57.5656,,382.471
26.2903,44347,56.1094,,382.212
26.3003,44728.9,55.1079,,382.004
26.3103,45111.8,55.1274,,382.855
26.3203,45493.7,55.7836,,381.706
26.3303,45875.7,56.6753,,382.382
26.3403,46258.3,56.5246,,382.767
26.3504,46640.8,56.0633,,382.161
26.3604,47023.1,55.5228,,382.162
26.3704,47404.8,55.4718,,381.698
26.3804,47786.7,55.9596,,382.078
26.3903,48169.1,56.334,,382.546
26.4003,48551.4,56.5887,,382.055
26.4103,48934.2,55.6903,,382.884
26.4203,49316.1,55.3709,,381.659
26.4303,49698.2,55.7826,,382.561
26.4403,50080.8,56.2661,,382.255
26.4503,50462.6,57.234,,381.666
26.4603,50844.5,57.221,,382.112
26.4704,51226.8,57.4971,,382.691
26.4804,51609.4,57.8601,,382.503
26.4904,51991.8,56.8014,,382.011
26.5004,52374.2,55.3789,,382.57
26.5104,52756.2,55.017,,381.865
26.5203,53138.3,55.3608,,382.136
26.5303,53520.2,56.2506,,381.75
26.5403,53902.7,56.7546,,383.161
26.5503,54285.1,56.2323,,381.657
26.5603,54666.9,55.8796,,382.12
26.5703,55049.3,55.4764,,382.791
26.5803,55431.9,55.7899,,382.049
26.5903,55814,56.2348,,382.415
26.6004,56196.3,56.646,,381.865
26.6104,56577.8,56.2656,,381.473
26.6204,56959.9,55.357,,382.559
26.6304,57342.6,55.6996,,382.862
26.6403,57725.8,55.96,,383.307
26.6503,58108.7,56.7287,,382.076
26.6603,58489.6,57.3017,,380.853
26.6703,58872,57.2872,,383.244
26.6803,59254.5,57.8297,,381.659
26.6903,59635.9,57.4569,,381.219
26.7003,59991.1,53.6776,,310.458
26.7103,60186.8,31.0809,,88.3222
26.7204,60134.9,-22.847,,-167.635
26.7304,59826.9,-56.2532,,-420.897
26.7404,59269.6,-67.6913,,-669.062
26.7504,58468.3,-73.7698,,-898.824
26.7604,57545.2,-76.052,,-891.03
26.7703,56778.5,-70.1119,,-651.041
26.7803,56276.2,-59.6194,,-382.998
26.7903,56034.6,-39.4158,,-126.848
26.8003,56024.3,8.33717,,55.4104
26.8103,56039.1,-3.48432,,-60.3057
26.8203,55837.5,-48.1664,,-321.77
26.8303,55373.9,-64.1019,,-576.418
26.8403,54702.1,-69.2721,,-708.008
26.8504,54071.4,-65.9695,,-535.112
26.8604,53683.1,-53.2382,,-270.156
26.8704,53490.9,-41.8868,,-178.487
26.8804,53215.7,-51.2086,,-376.886
26.8903,52758.9,-59.4123,,-472.914
26.9003,52342.4,-55.8635,,-377.644
26.9103,51970.8,-55.3276,,-373.981
26.9203,51591.8,-57.1702,,-381.499
26.9303,51209.7,-58.4028,,-382.553
26.9403,50826.6,-57.4509,,-383.361
26.9503,50444.1,-57.0819,,-381.45
26.9603,50062.8,-56.6365,,-381.698
26.9704,49680.5,-56.1933,,-382.529
26.9804,49298.2,-55.4427,,-382.099
26.9904,48916,-55.1747,,-382.274
27.0004,48534.1,-56.2218,,-381.743
27.0104,48151.6,-56.1583,,-383.158
27.0203,47768.6,-56.3744,,-382.411
27.0303,47386.9,-56.7521,,-381.345
27.0403,47005,-56.5639,,-382.936
27.0503,46622.3,-56.4798,,-381.769
27.0603,46240.8,-56.5032,,-381.55
27.0703,45858.2,-57.0689,,-383.387
27.0803,45475.9,-56.1691,,-381.259
27.0903,45094,-55.3896,,-382.978
27.1004,44710.8,-55.4178,,-382.508
27.1104,44329.3,-55.6765,,-381.306
27.1204,43946.9,-57.1223,,-383.111
27.1304,43564.6,-58.3098,,-381.629
27.1403,43183.1,-57.9018,,-382.144
27.1503,42800.2,-57.2299,,-382.536
27.1603,42418.3,-56.9986,,-381.881
27.1703,42035.9,-56.3563,,-382.964
27.1803,41653.3,-55.6104,,-381.609
27.1903,41271.9,-55.3444,,-382.122
27.2003,40889.1,-55.7731,,-382.634
27.2103,40507.1,-56.5252,,-381.771
27.2204,40125,-56.7529,,-382.28
27.2304,39742.6,-56.9701,,-382.472
27.2404,39360.4,-56.6376,,-381.919
27.2504,38978.3,-56.5757,,-382.383
27.2604,38596.1,-56.5161,,-382.09
27.2703,38213.9,-56.8841,,-382.114
27.2803,37831.8,-56.6602,,-382.141
27.2903,37449.5,-55.7371,,-382.376
27.3003,37067.3,-55.389,,-382.127
27.3103,36685.1,-55.4251,,-382.282
27.3203,36302.7,-56.3158,,-382.435
27.3303,35920.4,-57.9473,,-382.311
27.3403,35538.2,-58.2162,,-382.121
27.3504,35156,-57.4609,,-382.122
27.3604,34773.8,-57.2818,,-382.31
27.3704,34391.6,-56.7495,,-382.127
27.3804,34009.5,-55.9269,,-382.13
27.3903,33627.3,-55.5136,,-382.353
27.4003,33244.9,-55.4344,,-382.279
27.4103,32862.7,-56.1334,,-382.265
27.4203,32480.5,-56.4339,,-382.113
27.4303,32098.2,-56.7065,,-382.398
27.4403,31715.9,-56.7375,,-382.136
27.4503,31333.8,-56.4475,,-382.168
27.4603,30951.6,-56.5536,,-382.117
27.4704,30569.5,-56.6408,,-382.272
27.4804,30187.1,-56.9565,,-382.261
27.4904,29804.9,-56.235,,-382.242
27.5004,29422.8,-55.4895,,-382.113
27.5104,29040.6,-55.3315,,-382.199
27.5203,28658.1,-55.7296,,-382.839
27.5303,28275.6,-57.227,,-382.084
27.5403,27893.5,-58.3109,,-382.168
27.5503,27511.3,-57.8177,,-382.121
27.5603,27129.2,-57.3315,,-382.117
27.5703,26747,-57.0797,,-382.183
27.5803,26364.9,-56.262,,-382.214
27.5903,25982.5,-55.6466,,-382.431
27.6004,25600.3,-55.3919,,-382.12
27.6104,25218.2,-55.7691,,-382.12
27.6204,24835.9,-56.3948,,-382.473
27.6304,24453.4,-56.5496,,-382.448
27.6403,24071.2,-56.8152,,-381.917
27.6503,23689.2,-56.4682,,-382.116
27.6603,23307.1,-56.5262,,-382.13
27.6703,22925,-56.5158,,-382.106
27.6803,22542.5,-56.8332,,-382.539
27.6903,22160.3,-56.6705,,-382.136
27.7003,21778,-55.7485,,-382.397
27.7103,21395.6,-55.3778,,-382.2
27.7204,21013.6,-55.4126,,-382.081
27.7304,20631.3,-56.3697,,-382.318
27.7404,20249,-57.9707,,-382.428
27.7504,19866.8,-58.1625,,-382.037
27.7604,19484.7,-57.4633,,-382.119
27.7703,19102.6,-57.2764,,-382.125
27.7803,18720.5,-56.6558,,-382.12
27.7903,18338.3,-55.8503,,-382.135
27.8003,17956,-55.4806,,-382.456
27.8103,17573.6,-55.4438,,-382.234
27.8203,17191.5,-56.1602,,-382.124
27.8303,16809.4,-56.4622,,-382.119
27.8403,16427.1,-56.7245,,-382.481
27.8504,16044.7,-56.6939,,-382.187
27.8604,15662.5,-56.4607,,-382.232
27.8704,15280.3,-56.5534,,-382.322
27.8804,14897.9,-56.6255,,-382.297
27.8903,14515.6,-56.8987,,-382.364
27.9003,14133.5,-56.1472,,-382.015
27.9103,13751.2,-55.484,,-382.325
27.9203,13369,-55.3465,,-382.144
27.9303,12986.9,-55.7826,,-382.09
27.9403,12604.7,-57.301,,-382.216
27.9503,12222.6,-58.3366,,-382.099
27.9603,11840.4,-57.7733,,-382.354
27.9704,11458,-57.2955,,-382.245
27.9804,11075.9,-57.0031,,-382.145
27.9904,10693.6,-56.17,,-382.409
28.0004,10311.2,-55.6359,,-382.309
28.0104,9928.98,-55.3835,,-382.246
28.0203,9546.76,-55.7019,,-382.139
28.0303,9164.62,-56.2089,,-382.193
28.0403,8782.41,-56.2664,,-382.243
28.0503,8400.11,-56.6077,,-382.302
28.0603,8017.83,-56.4234,,-382.272
28.0703,7635.53,-56.5278,,-382.305
28.0803,7253.32,-56.5077,,-382.099
28.0903,6871.25,-56.843,,-382.144
28.1004,6488.97,-56.5747,,-382.324
28.1104,6106.77,-55.6826,,-382.108
28.1204,5724.65,-55.376,,-382.141
28.1304,5342.36,-55.4443,,-382.419
28.1403,4960.02,-56.5554,,-382.241
28.1503,4577.81,-58.1091,,-382.203
28.1603,4195.59,-58.2035,,-382.24
28.1703,3813.33,-57.4368,,-382.256
28.1803,3431.13,-57.2677,,-382.137
28.1903,3048.98,-56.5516,,-382.229
28.2003,2666.69,-55.7907,,-382.307
28.2103,2284.4,-55.4505,,-382.241
28.2204,1902.22,-55.4039,,-382.171
28.2304,1520,-55.9819,,-382.246
28.2404,1137.75,-56.149,,-382.242
28.2504,755.533,-56.0766,,-382.205
28.2604,373.316,-56.1218,,-382.227
28.2703,-8.91503,-56.2825,,-382.229
28.2803,-391.141,-56.4569,,-382.223
28.2903,-773.365,-56.6173,,-382.224
28.3003,-1155.59,-56.8792,,-382.231
28.3103,-1537.82,-56.1044,,-382.239
28.3203,-1920.07,-55.452,,-382.223
28.3303,-2302.27,-55.3148,,-382.206
28.3403,-2684.45,-55.8753,,-382.185
28.3504,-3066.69,-57.4745,,-382.279
28.3604,-3448.96,-58.3887,,-382.234
28.3704,-3831.18,-57.7212,,-382.215
28.3804,-4213.39,-57.2413,,-382.187
28.3903,-4595.58,-56.941,,-382.219
28.4003,-4977.8,-56.0685,,-382.188
28.4103,-5359.95,-55.5521,,-382.139
28.4203,-5742.14,-55.3251,,-382.291
28.4303,-6124.48,-55.6034,,-382.29
28.4403,-6506.66,-56.0996,,-382.163
28.4503,-6888.94,-56.0707,,-382.291
28.4603,-7271.19,-56.1112,,-382.239
28.4704,-7653.36,-56.1156,,-382.143
28.4804,-8035.57,-56.424,,-382.247
28.4904,-8417.87,-56.4522,,-382.322
28.5004,-8800.09,-56.8233,,-382.183
28.5104,-9182.27,-56.5507,,-382.145
28.5203,-9564.4,-55.6748,,-382.137
28.5303,-9946.67,-55.3602,,-382.425
28.5403,-10329.1,-55.4735,,-382.242
28.5503,-10711.2,-56.704,,-382.131
28.5603,-11093.3,-58.2389,,-382.125
28.5703,-11475.4,-58.1831,,-382.103
28.5803,-11857.6,-57.34,,-382.127
28.5903,-12239.7,-57.1907,,-382.135
28.6004,-12622,-56.488,,-382.497
28.6104,-13004.3,-55.7401,,-382.134
28.6204,-13386.5,-55.429,,-382.14
28.6304,-13768.6,-55.4293,,-382.355
28.6403,-14151.2,-56.0427,,-382.567
28.6503,-14533.5,-56.1783,,-382.101
28.6603,-14915.6,-56.1203,,-382.112
28.6703,-15297.7,-56.1292,,-382.121
28.6803,-15679.8,-56.3166,,-382.114
28.6903,-16062,-56.4575,,-382.125
28.7003,-16444.1,-56.6212,,-382.115
28.7103,-16826.2,-56.8671,,-382.243
28.7204,-17208.8,-56.0444,,-382.697
28.7304,-17591.3,-55.4641,,-382.449
28.7404,-17973.6,-55.3453,,-382.175
28.7504,-18355.8,-56.0416,,-382.114
28.7604,-18737.9,-57.7074,,-382.122
28.7703,-19120,-58.4647,,-382.12
28.7803,-19502.1,-57.7228,,-382.121
28.7903,-19884.2,-57.1968,,-382.122
28.8003,-20266.4,-56.8299,,-382.38
28.8103,-20648.8,-56.0216,,-382.126
28.8203,-21030.8,-55.565,,-382.08
28.8303,-21413.4,-55.3204,,-382.978
28.8403,-21795.9,-55.6316,,-382.067
28.8504,-22178,-56.0916,,-382.127
28.8604,-22560.1,-55.9926,,-381.986
28.8704,-22942.1,-56.0774,,-382.132
28.8804,-23324.3,-56.1202,,-382.213
28.8903,-23706.6,-56.4708,,-382.447
28.9003,-24088.9,-56.4904,,-382.219
28.9103,-24471.3,-56.8573,,-382.418
28.9203,-24853.5,-56.4832,,-382.127
28.9303,-25235.8,-55.6298,,-382.461
28.9403,-25618.1,-55.3718,,-382.069
28.9503,-26000.2,-55.5022,,-382.068
28.9603,-26382.4,-56.8108,,-382.327
28.9704,-26764.6,-58.3269,,-382.117
28.9804,-27146.7,-58.1887,,-382.137
28.9904,-27528.8,-57.3621,,-382.185
29.0004,-27911.2,-57.1348,,-382.324
29.0104,-28293.4,-56.4308,,-382.16
29.0203,-28675.6,-55.696,,-382.393
29.0303,-29058.1,-55.3943,,-382.465
29.0403,-29440.4,-55.3259,,-382.199
29.0503,-29822.6,-55.6029,,-382.17
29.0603,-30204.6,-55.8667,,-381.994
29.0703,-30586.7,-55.9484,,-382.106
29.0803,-30969.1,-55.9992,,-382.418
29.0903,-31351.3,-56.2239,,-382.104
29.1004,-31733.4,-56.4272,,-382.198
29.1104,-32115.7,-56.6224,,-382.242
29.1204,-32497.9,-56.8557,,-382.29
29.1304,-32880.3,-56.0319,,-382.284
29.1403,-33262.4,-55.4498,,-382.118
29.1503,-33644.6,-55.3222,,-382.412
29.1603,-34027.1,-56.0139,,-382.303
29.1703,-34409.2,-57.6781,,-382.089
29.1803,-34791.3,-58.4437,,-382.167
29.1903,-35173.5,-57.6733,,-382.111
29.2003,-35555.6,-57.2023,,-382.344
29.2103,-35938.1,-56.8537,,-382.354
29.2204,-36320.3,-55.9873,,-382.16
29.2304,-36702.5,-55.4932,,-382.201
29.2404,-37084.7,-55.3113,,-382.153
29.2504,-37466.8,-55.6675,,-382.152
29.2604,-37849.1,-56.1411,,-382.272
29.2703,-38231.3,-56.0878,,-382.273
29.2803,-38613.5,-56.1413,,-382.189
29.2903,-38995.7,-56.1054,,-382.111
29.3003,-39377.9,-56.4216,,-382.331
29.3103,-39760.1,-56.4673,,-382.161
29.3203,-40142.6,-56.8558,,-382.673
29.3303,-40525,-56.4375,,-382.195
29.3403,-40907.2,-55.5983,,-382.088
29.3504,-41289.4,-55.357,,-382.239
29.3604,-41671.2,-55.5285,,-381.783
29.3704,-42053.3,-56.8714,,-382.275
29.3804,-42435.9,-58.333,,-382.759
29.3903,-42818.1,-58.1269,,-381.997
29.4003,-43200.8,-57.2779,,-382.982
29.4103,-43583,-56.9456,,-381.803
29.4203,-43965,-56.2998,,-382.453
29.4303,-44347.4,-55.6942,,-381.739
29.4403,-44729.3,-55.4056,,-382.255
29.4503,-45112,-55.292,,-382.516
29.4603,-45493.8,-55.2813,,-381.803
29.4704,-45876,-55.3011,,-382.675
29.4804,-46258.4,-55.5157,,-381.971
29.4904,-46640.3,-55.7897,,-381.62
29.5004,-47022.6,-56.189,,-382.806
29.5104,-47404.6,-56.432,,-381.642
29.5203,-47786.6,-56.6549,,-382.509
29.5303,-48169.6,-56.7812,,-382.736
29.5403,-48551.8,-55.9355,,-381.926
29.5503,-48933.9,-55.4425,,-382.647
29.5603,-49316.2,-55.3404,,-381.788
29.5703,-49697.9,-56.0746,,-381.938
29.5803,-50080.4,-57.6813,,-382.409
29.5903,-50462.7,-58.4319,,-382.075
29.6004,-50844.5,-57.6187,,-382.04
29.6104,-51226.8,-57.0884,,-382.691
29.6204,-51609.4,-56.6873,,-382.233
29.6304,-51992.2,-55.9596,,-383.059
29.6403,-52374.1,-55.4925,,-381.277
29.6503,-52755.9,-55.2989,,-382.053
29.6603,-53138.2,-55.2703,,-382.527
29.6703,-53520.4,-55.2863,,-382.266
29.6803,-53903.2,-55.5729,,-382.72
29.6903,-54285.2,-55.9684,,-381.544
29.7003,-54666.8,-55.9952,,-381.97
29.7103,-55049.7,-56.3451,,-383.057
29.7204,-55431.7,-56.463,,-381.569
29.7304,-55813.6,-56.8654,,-382.413
29.7404,-56196.5,-56.3728,,-382.919
29.7504,-56578.8,-55.5543,,-382.283
29.7604,-56961.3,-55.3417,,-381.977
29.7703,-57342.6,-55.5644,,-381.22
29.7803,-57724.7,-56.9161,,-382.577
29.7903,-58106.9,-58.317,,-382.063
29.8003,-58489.4,-58.08,,-382.793
29.8103,-58872.3,-57.197,,-382.652
29.8203,-59254,-56.8939,,-381.209
29.8303,-59635.8,-56.2272,,-381.681
29.8403,-59990.3,-53.2222,,-309.402
29.8504,-60185.7,-31.3488,,-88.0931
29.8604,-60132.6,22.6712,,168.652
29.8704,-59824.5,55.1585,,422.06
29.8804,-59266.2,66.3162,,668.823
29.8903,-58464.8,73.9078,,899.101
29.9003,-57542.3,76.5407,,889.678
29.9103,-56778.4,69.5076,,646.729
29.9203,-56280.2,58.494,,379.86
29.9303,-56039.3,38.1404,,127.405
29.9403,-56029.2,-8.62792,,-54.8773
29.9503,-56042.1,4.32483,,62.748
29.9603,-55837.2,47.9462,,325.288
29.9704,-55369.1,63.1191,,582.345
29.9804,-54694.1,68.1309,,706.454
29.9904,-54069.7,64.7711,,527.074
30.0004,-53688.3,51.9897,,264.359
30.0104,-53497.2,41.793,,182.239
30.0203,-53215.4,52.1998,,383.9
30.0303,-52757.3,59.3974,,469.211
30.0403,-52343.2,55.4794,,377.537
30.0503,-51971.4,54.6368,,374.152
30.0603,-51591.7,55.4931,,382.384
30.0703,-51209.7,57.2634,,381.786
30.0803,-50827.4,57.0183,,382.581
30.0903,-50445,57.3711,,382.044
30.1004,-50063,57.5849,,382.485
30.1104,-49680.6,56.6618,,381.956
30.1204,-49298.9,54.9546,,381.655
30.1304,-48916.4,54.6515,,383.195
30.1403,-48533.7,55.6377,,382.111
30.1503,-48151.6,56.2558,,382.653
30.1603,-47769.2,56.3272,,381.656
30.1703,-47387.4,56.0433,,381.903
30.1803,-47005,55.6795,,382.565
30.1903,-46622.8,55.0788,,382.105
30.2003,-46240.7,55.3773,,382.457
30.2103,-45858.3,55.8348,,382.151
30.2204,-45476.4,55.2738,,381.729
30.2304,-45093.9,54.8741,,382.914
30.2404,-44711,55.1497,,382.45
30.2504,-44329.6,55.5478,,381.377
30.2604,-43947,55.865,,382.809
30.2703,-43565,56.9356,,381.764
30.2803,-43183.1,57.2855,,382.358
30.2903,-42800.1,57.2007,,382.823
30.3003,-42417.9,57.7864,,382.007
30.3103,-42035.8,57.1708,,382.31
30.3203,-41653.7,55.5092,,381.807
30.3303,-41271.8,54.8631,,382.184
30.3403,-40889,55.074,,382.682
30.3504,-40507,55.87,,382.124
30.3604,-40124.8,56.6078,,381.997
30.3704,-39742.9,56.1824,,382.005
30.3804,-39360.5,55.8874,,382.641
30.3903,-38978,55.3243,,382.341
30.4003,-38595.8,55.2718,,382.124
30.4103,-38213.7,55.6876,,381.981
30.4203,-37831.7,55.7099,,382.138
30.4303,-37449.6,55.2863,,382.107
30.4403,-37067.4,54.9337,,382.122
30.4503,-36685.3,55.2939,,382.216
30.4603,-36302.8,55.6139,,382.516
30.4704,-35920.6,56.1595,,382.101
30.4804,-35538.4,57.072,,382.362
30.4904,-35156.1,57.1286,,382.178
30.5004,-34773.9,57.662,,382.152
30.5104,-34391.7,57.6755,,382.462
30.5203,-34009.2,56.2699,,382.389
30.5303,-33627,54.9829,,382.062
30.5403,-33244.9,54.8815,,382.038
30.5503,-32862.8,55.4374,,382.119
30.5603,-32480.6,56.3912,,382.389
30.5703,-32098.1,56.4859,,382.463
30.5803,-31715.8,55.965,,382.189
30.5903,-31333.7,55.5152,,382.129
30.6004,-30951.5,55.1882,,382.355
30.6104,-30569.2,55.5635,,382.256
30.6204,-30186.8,55.8052,,382.326
30.6304,-29804.6,55.6099,,382.075
30.6403,-29422.5,55.1546,,382.184
30.6503,-29040.3,55.0606,,382.231
30.6603,-28658.1,55.4314,,382.129
30.6703,-28276,55.8348,,382.13
30.6803,-27893.8,56.6863,,382.168
30.6903,-27511.6,57.0686,,382.261
30.7003,-27129.4,57.2977,,382.125
30.7103,-26747.3,57.8717,,382.128
30.7204,-26365.2,57.0319,,382.116
30.7304,-25982.9,55.4431,,382.561
30.7404,-25600.4,54.8623,,382.305
30.7504,-25218.2,55.0988,,382.167
30.7604,-24836,55.8983,,382.123
30.7703,-24453.9,56.5949,,382.12
30.7803,-24071.6,56.1572,,382.493
30.7903,-23689.2,55.7791,,382.294
30.8003,-23307,55.2557,,382.124
30.8103,-22924.7,55.3763,,382.402
30.8203,-22542.4,55.8521,,382.183
30.8303,-22160.3,56.0437,,382.175
30.8403,-21778.1,55.8959,,382.19
30.8504,-21395.9,55.1392,,382.176
30.8604,-21013.7,55.3907,,382.327
30.8704,-20631.3,55.7625,,382.437
30.8804,-20248.9,56.411,,382.232
30.8903,-19866.8,57.1851,,382.121
30.9003,-19484.6,57.1717,,382.119
30.9103,-19102.5,57.7037,,382.121
30.9203,-18720.4,57.6544,,382.124
30.9303,-18338.3,56.2116,,382.108
30.9403,-17956.1,54.9945,,382.134
30.9503,-17573.9,54.9023,,382.419
30.9603,-17191.4,55.4718,,382.443
30.9704,-16809.2,56.405,,382.099
30.9804,-16427,56.4227,,382.417
30.9904,-16044.6,55.9304,,382.227
31.0004,-15662.4,55.4793,,382.121
31.0104,-15280.3,55.1871,,382.117
31.0203,-14898.2,55.641,,382.117
31.0303,-14515.9,56.0073,,382.425
31.0403,-14133.6,56.1443,,382.287
31.0503,-13751.3,55.4884,,382.122
31.0603,-13369.2,55.1589,,382.124
31.0703,-12987.1,55.6154,,382.122
31.0803,-12605,55.9799,,382.118
31.0903,-12222.9,57.0085,,382.119
31.1004,-11840.7,57.1167,,382.122
31.1104,-11458.6,57.2852,,382.197
31.1204,-11076.1,57.8699,,382.734
31.1304,-10693.5,56.9746,,382.313
31.1403,-10311.4,55.4144,,382.13
31.1503,-9929.25,54.8625,,382.22
31.1603,-9546.82,55.1009,,382.467
31.1703,-9164.58,55.9328,,382.117
31.1803,-8782.46,56.4692,,382.114
31.1903,-8400.24,55.9615,,382.342
31.2003,-8017.92,55.6838,,382.206
31.2103,-7635.73,55.4611,,382.248
31.2204,-7253.5,55.5545,,382.179
31.2304,-6871.19,55.9348,,382.414
31.2404,-6488.88,56.2135,,382.211
31.2504,-6106.7,56.0696,,382.206
31.2604,-5724.49,55.1755,,382.162
31.2703,-5342.37,55.3476,,382.127
31.2803,-4960.24,55.7724,,382.168
31.2903,-4577.9,56.5169,,382.422
31.3003,-4195.58,57.1817,,382.2
31.3103,-3813.4,57.0788,,382.224
31.3203,-3431.14,57.6246,,382.234
31.3303,-3048.94,57.5539,,382.215
31.3403,-2666.74,56.0894,,382.195
31.3504,-2284.5,54.949,,382.284
31.3604,-1902.22,54.8931,,382.256
31.3704,-1519.98,55.4885,,382.217
31.3804,-1137.76,56.3589,,382.229
31.3903,-755.533,56.255,,382.226
31.4003,-373.307,55.782,,382.221
31.4103,8.91887,55.6047,,382.236
31.4203,391.142,55.4867,,382.212
31.4303,773.371,55.8829,,382.233
31.4403,1155.6,56.2903,,382.235
31.4503,1537.82,56.5726,,382.212
31.4603,1920.04,55.6337,,382.22
31.4704,2302.27,55.224,,382.24
31.4804,2684.48,55.6552,,382.188
31.4904,3066.69,55.942,,382.234
31.5004,3448.94,56.938,,382.226
31.5104,3831.16,57.0925,,382.214
31.5203,4213.35,57.3106,,382.227
31.5303,4595.59,57.7956,,382.152
31.5403,4977.79,56.8582,,382.285
31.5503,5359.97,55.3413,,382.155
31.5603,5742.24,54.8552,,382.312
31.5703,6124.51,55.1286,,382.253
31.5803,6506.76,55.9499,,382.26
31.5903,6888.94,56.4499,,382.154
31.6004,7271.19,55.9161,,382.207
31.6104,7653.4,55.6698,,382.221
31.6204,8035.56,55.4602,,382.159
31.6304,8417.73,55.5978,,382.217
31.6403,8800.03,56.0946,,382.272
31.6503,9182.28,56.4645,,382.283
31.6603,9564.52,56.1705,,382.177
31.6703,9946.65,55.1775,,382.128
31.6803,10328.9,55.4435,,382.366
31.6903,10711.1,55.7269,,382.117
31.7003,11093.3,56.3828,,382.133
31.7103,11475.5,57.0771,,382.362
31.7204,11857.9,57.072,,382.471
31.7304,12240.3,57.6041,,382.108
31.7404,12622.3,57.4638,,382.133
31.7504,13004.5,56.0251,,382.127
31.7604,13386.6,54.9284,,382.112
31.7703,13768.7,54.894,,382.125
31.7803,14150.8,55.5221,,382.135
31.7903,14533,56.3887,,382.133
31.8003,14915.4,56.2296,,382.674
31.8103,15298,55.7452,,382.449
31.8203,15680.3,55.2856,,382.151
31.8303,16062.4,55.035,,382.116
31.8403,16444.5,55.6087,,382.203
31.8504,16826.8,55.8943,,382.357
31.8604,17209.1,55.9,,382.201
31.8704,17591.3,55.3085,,382.123
31.8804,17973.4,55.2218,,382.12
31.8903,18355.5,55.6942,,382.123
31.9003,18737.6,56.0787,,382.118
31.9103,19119.7,57.0097,,382.166
31.9203,19502.2,57.0797,,382.643
31.9303,19884.6,57.3231,,382.313
31.9403,20267,57.7701,,382.405
31.9503,20649.4,56.7842,,382.287
31.9603,21031.5,55.2908,,382.084
31.9704,21413.6,54.8453,,382.066
31.9804,21795.7,55.1298,,382.275
31.9904,22178,56.0202,,382.155
32.0004,22560.1,56.5232,,382.031
32.0104,22942.5,56.0671,,382.507
32.0203,23324.6,55.7575,,382.085
32.0303,23706.8,55.4231,,382.135
32.0403,24088.9,55.5992,,382.094
32.0503,24471,56.113,,382.259
32.0603,24853.3,56.4884,,382.199
32.0703,25235.5,56.1609,,382.24
32.0803,25617.9,55.1823,,382.405
32.0903,26000.1,55.4694,,382.12
32.1004,26382.3,55.7761,,382.217
32.1104,26764.5,56.4106,,382.341
32.1204,27146.9,57.0435,,382.362
32.1304,27529.2,57.0721,,382.164
32.1403,27911.3,57.6171,,382.112
32.1503,28293.5,57.4272,,382.291
32.1603,28675.7,55.9616,,382.094
32.1703,29057.8,54.9152,,382.131
32.1803,29439.9,54.9084,,382.101
32.1903,29822.3,55.5456,,382.649
32.2003,30204.7,56.3853,,382.163
32.2103,30586.8,56.1709,,382.088
32.2204,30969.1,55.7011,,382.246
32.2304,31351.3,55.214,,382.324
32.2404,31733.7,54.8092,,382.333
32.2504,32115.8,54.7794,,382.129
32.2604,32497.9,54.801,,382.142
32.2703,32880.3,54.9072,,382.284
32.2803,33262.4,54.8874,,382.118
32.2903,33644.6,55.1293,,382.412
32.3003,34027.2,55.5051,,382.503
32.3103,34409.4,55.966,,382.109
32.3203,34791.5,56.8432,,382.107
32.3303,35173.7,57.0239,,382.24
32.3403,35555.8,57.2439,,382.037
32.3504,35937.9,57.6369,,382.078
32.3604,36320.1,56.6412,,382.275
32.3704,36702.4,55.1984,,382.276
32.3804,37084.5,54.8221,,382.116
32.3903,37466.7,55.1042,,382.253
32.4003,37849.2,55.9755,,382.466
32.4103,38231.5,56.4018,,382.364
32.4203,38613.8,55.8413,,382.205
32.4303,38995.9,55.6537,,382.077
32.4403,39378.1,55.5672,,382.147
32.4503,39760.1,55.7629,,382.054
32.4603,40142.4,56.2918,,382.604
32.4704,40525,56.6772,,382.496
32.4804,40907.4,56.1729,,382.196
32.4904,41289.7,55.183,,382.238
32.5004,41671.2,55.5334,,381.212
32.5104,42053.2,55.784,,382.655
32.5203,42436.2,56.3757,,382.617
32.5303,42818.1,56.9746,,382.156
32.5403,43200.6,57.0352,,382.389
32.5503,43582.6,57.6312,,381.702
32.5603,43964.6,57.3573,,382.232
32.5703,44346.7,55.8821,,382.242
32.5803,44729.4,54.8942,,383.293
32.5903,45112.3,54.9097,,381.807
32.6004,45493.6,55.5897,,381.324
32.6104,45875.8,56.4861,,382.938
32.6204,46258.3,56.3383,,382.036
32.6304,46640.3,55.9352,,382.105
32.6403,47022.7,55.4443,,382.49
32.6503,47404.9,55.206,,381.876
32.6603,47786.8,55.7342,,382.543
32.6703,48169.5,56.1541,,381.982
32.6803,48551.3,56.436,,381.931
32.6903,48933.5,55.5192,,382.592
32.7003,49316,55.2918,,382.265
32.7103,49698.2,55.6617,,382.453
32.7204,50080.8,55.9769,,382.255
32.7304,50462.8,56.9439,,382.056
32.7404,50845,57.031,,382.328
32.7504,51227.3,57.3487,,382.171
32.7604,51609.2,57.7141,,381.996
32.7703,51992,56.6663,,382.921
32.7803,52373.8,55.204,,381.212
32.7903,52755.9,54.8367,,383.236
32.8003,53139,55.1903,,382.122
32.8103,53520.4,56.0469,,381.603
32.8203,53902.9,56.4134,,382.739
32.8303,54285.5,55.8291,,382.546
32.8403,54668.1,55.7103,,382.375
32.8504,55049.8,55.499,,381.562
32.8604,55431.8,55.6693,,381.933
32.8704,55814.2,56.0648,,383.233
32.8804,56196.7,56.4603,,381.547
32.8903,56578.2,56.0286,,382.05
32.9003,56960.7,55.1256,,382.349
32.9103,57342.6,55.397,,381.841
32.9203,57724.8,55.7392,,382.889
32.9303,58107.6,56.4911,,381.939
32.9403,58489.3,57.0543,,381.884
32.9503,58872.1,57.0514,,383.107
32.9603,59254.2,57.6159,,381.647
32.9704,59636,57.2493,,381.425
32.9804,59991.2,53.4375,,310.214
32.9904,60186.9,30.9484,,88.8933
33.0004,60135,-22.7757,,-167.739
33.0104,59827.7,-56.0429,,-420.871
33.0203,59269.5,-67.4584,,-670.093
33.0303,58467.5,-73.5739,,-899.239
33.0403,57544.2,-75.8181,,-890.923
33.0503,56778.3,-69.9327,,-649.315
33.0603,56277.3,-59.4485,,-382.245
33.0703,56035.6,-39.2702,,-127.741
33.0803,56024.9,8.33444,,55.1457
33.0903,56039.4,-3.6342,,-60.5001
33.1004,55837.5,-48.1711,,-322.098
33.1104,55372.9,-63.9308,,-577.612
33.1204,54701.3,-69.0556,,-706.558
33.1304,54071.3,-65.7891,,-535.629
33.1403,53682.2,-53.0793,,-269.975
33.1503,53491.2,-41.6612,,-177.744
33.1603,53216,-50.932,,-376.825
33.1703,52759.4,-59.211,,-472.789
33.1803,52342.3,-55.7261,,-378.585
33.1903,51970.9,-55.1622,,-373.276
33.2003,51592.3,-57.0069,,-381.676
33.2103,51209.8,-58.2002,,-382.832
33.2204,50826.8,-57.2407,,-382.631
33.2304,50444.9,-56.9352,,-381.566
33.2404,50062.9,-56.4411,,-382.653
33.2504,49680.2,-56.0031,,-382.175
33.2604,49298.5,-55.25,,-381.591
33.2703,48916.3,-54.9695,,-383.042
33.2803,48533.5,-56.0719,,-381.944
33.2903,48151.6,-56.0049,,-382.383
33.3003,47768.6,-56.2439,,-382.604
33.3103,47387,-56.5986,,-381.534
33.3203,47005.2,-56.3768,,-382.364
33.3303,46622.7,-56.2779,,-381.884
33.3403,46241,-56.3095,,-382.018
33.3504,45858.2,-56.88,,-382.955
33.3604,45476,-55.9843,,-381.874
33.3704,45094.2,-55.1956,,-382.353
33.3804,44711,-55.2154,,-383.014
33.3903,44329.2,-55.4851,,-381.291
33.4003,43947.3,-56.9001,,-382.266
33.4103,43565.2,-58.0819,,-382.007
33.4203,43182.9,-57.7035,,-382.711
33.4303,42800.1,-57.0567,,-382.531
33.4403,42417.5,-56.8416,,-382.8
33.4503,42035.2,-56.1418,,-381.67
33.4603,41653.4,-55.401,,-381.803
33.4704,41271.9,-55.1456,,-381.634
33.4804,40889.3,-55.5633,,-383.229
33.4904,40506.9,-56.2433,,-381.805
33.5004,40125,-56.4502,,-382.072
33.5104,39742.6,-56.7162,,-382.359
33.5203,39360.5,-56.3984,,-382.076
33.5303,38978.4,-56.3451,,-382.104
33.5403,38596.2,-56.2893,,-382.172
33.5503,38213.9,-56.6402,,-382.46
33.5603,37831.4,-56.4424,,-382.442
33.5703,37449.3,-55.5188,,-382.033
33.5803,37067.2,-55.1698,,-382.109
33.5903,36685,-55.2094,,-382.164
33.6004,36302.7,-56.1562,,-382.457
33.6104,35920.5,-57.7896,,-382.068
33.6204,35538.3,-57.9702,,-382.283
33.6304,35156.1,-57.2222,,-382.249
33.6403,34773.8,-57.0545,,-382.189
33.6503,34391.7,-56.5235,,-382.072
33.6603,34009.5,-55.6977,,-382.375
33.6703,33627.2,-55.3001,,-382.172
33.6803,33245,-55.2355,,-382.179
33.6903,32862.8,-55.9274,,-382.204
33.7003,32480.5,-56.2365,,-382.371
33.7103,32098.3,-56.5284,,-382.057
33.7204,31716.1,-56.5544,,-382.229
33.7304,31333.7,-56.2344,,-382.59
33.7404,30951.2,-56.2997,,-382.248
33.7504,30569.1,-56.4101,,-382.217
33.7604,30186.9,-56.7296,,-382.121
33.7703,29804.8,-56.0419,,-382.125
33.7803,29422.6,-55.2947,,-382.18
33.7903,29040.4,-55.1189,,-382.179
33.8003,28658.2,-55.5517,,-382.352
33.8103,28275.9,-57.1149,,-382.149
33.8203,27893.7,-58.1503,,-382.149
33.8303,27511.6,-57.5919,,-382.395
33.8403,27129.2,-57.1466,,-382.335
33.8504,26747,-56.9228,,-382.024
33.8604,26364.9,-56.0346,,-382.12
33.8704,25982.6,-55.4398,,-382.374
33.8804,25600.3,-55.1905,,-382.419
33.8903,25218,-55.5932,,-382.113
33.9003,24835.9,-56.2519,,-382.118
33.9103,24453.8,-56.435,,-382.114
33.9203,24071.6,-56.6905,,-382.33
33.9303,23689.3,-56.3009,,-382.236
33.9403,23307.1,-56.3573,,-382.132
33.9503,22924.9,-56.3409,,-382.255
33.9603,22542.3,-56.6623,,-382.668
33.9704,22160,-56.432,,-382.118
33.9804,21777.9,-55.5128,,-382.219
33.9904,21395.7,-55.1594,,-382.151
34.0004,21013.6,-55.2216,,-382.114
34.0104,20631.5,-56.2873,,-382.173
34.0203,20249,-57.91,,-382.638
34.0303,19866.7,-57.9562,,-382.055
34.0403,19484.6,-57.2135,,-382.113
34.0503,19102.4,-57.0873,,-382.134
34.0603,18720.3,-56.4639,,-382.207
34.0703,18338.1,-55.646,,-382.166
34.0803,17955.9,-55.2656,,-382.264
34.0903,17573.6,-55.2278,,-382.169
34.1004,17191.5,-55.8775,,-382.124
34.1104,16809.4,-56.1238,,-382.118
34.1204,16427.3,-56.3822,,-382.122
34.1304,16045.1,-56.4458,,-382.35
34.1403,15662.5,-56.1898,,-382.508
34.1503,15280.2,-56.2817,,-382.195
34.1603,14898.1,-56.4204,,-382.121
34.1703,14516,-56.7186,,-382.105
34.1803,14133.9,-55.9901,,-382.12
34.1903,13751.7,-55.2859,,-382.114
34.2003,13369.5,-55.1211,,-382.48
34.2103,12987,-55.6054,,-382.299
34.2204,12604.9,-57.1854,,-382.127
34.2304,12222.6,-58.1553,,-382.475
34.2404,11840.2,-57.5557,,-382.306
34.2504,11457.9,-57.1335,,-382.107
34.2604,11075.8,-56.846,,-382.123
34.2703,10693.7,-55.978,,-382.127
34.2803,10311.6,-55.4254,,-382.116
34.2903,9929.4,-55.1751,,-382.357
34.3003,9546.86,-55.5549,,-382.543
34.3103,9164.46,-56.0831,,-382.241
34.3203,8782.31,-56.2061,,-382.176
34.3303,8400.11,-56.5368,,-382.175
34.3403,8017.97,-56.2382,,-382.191
34.3504,7635.69,-56.2706,,-382.299
34.3604,7253.41,-56.3002,,-382.256
34.3704,6871.21,-56.6569,,-382.194
34.3804,6488.93,-56.41,,-382.305
34.3903,6106.71,-55.5137,,-382.136
34.4003,5724.51,-55.1604,,-382.27
34.4103,5342.33,-55.2257,,-382.114
34.4203,4960.16,-56.3897,,-382.257
34.4303,4577.81,-57.9597,,-382.345
34.4403,4195.59,-57.9477,,-382.194
34.4503,3813.34,-57.2313,,-382.245
34.4603,3431.14,-57.0914,,-382.18
34.4704,3048.91,-56.41,,-382.271
34.4804,2666.68,-55.6289,,-382.166
34.4904,2284.53,-55.2729,,-382.195
34.5004,1902.26,-55.2507,,-382.28
34.5104,1520,-55.8764,,-382.259
34.5203,1137.77,-56.0541,,-382.217
34.5303,755.534,-56.0434,,-382.229
34.5403,373.304,-55.9977,,-382.239
34.5503,-8.91583,-56.0611,,-382.217
34.5603,-391.144,-56.2714,,-382.225
34.5703,-773.366,-56.4539,,-382.22
34.5803,-1155.59,-56.7069,,-382.231
34.5903,-1537.82,-55.888,,-382.23
34.6004,-1920.05,-55.2492,,-382.212
34.6104,-2302.26,-55.1129,,-382.227
34.6204,-2684.5,-55.6937,,-382.248
34.6304,-3066.75,-57.3241,,-382.211
34.6403,-3448.95,-58.1946,,-382.233
34.6503,-3831.18,-57.5268,,-382.217
34.6603,-4213.37,-57.0957,,-382.2
34.6703,-4595.61,-56.7832,,-382.235
34.6803,-4977.83,-55.9313,,-382.229
34.6903,-5360.05,-55.3964,,-382.226
34.7003,-5742.28,-55.1534,,-382.174
34.7103,-6124.46,-55.4454,,-382.162
34.7204,-6506.6,-55.9361,,-382.17
34.7304,-6888.74,-55.92,,-382.123
34.7404,-7270.87,-55.9769,,-382.167
34.7504,-7653.25,-55.8983,,-382.509
34.7604,-8035.59,-56.1875,,-382.247
34.7703,-8417.89,-56.2703,,-382.263
34.7803,-8800.12,-56.6723,,-382.27
34.7903,-9182.39,-56.3735,,-382.21
34.8003,-9564.57,-55.4632,,-382.168
34.8103,-9946.73,-55.1581,,-382.156
34.8203,-10328.9,-55.2697,,-382.28
34.8303,-10711.2,-56.4862,,-382.189
34.8403,-11093.3,-58.0174,,-382.121
34.8504,-11475.5,-57.9399,,-382.12
34.8604,-11857.6,-57.1496,,-382.12
34.8704,-12239.7,-57.0432,,-382.139
34.8804,-12621.8,-56.3584,,-382.103
34.8903,-13003.9,-55.5571,,-382.132
34.9003,-13386.2,-55.2143,,-382.568
34.9103,-13768.9,-55.2426,,-382.589
34.9203,-14151.2,-55.9062,,-382.133
34.9303,-14533.4,-56.044,,-382.116
34.9403,-14915.5,-56.0427,,-382.246
34.9503,-15297.7,-56.0053,,-382.136
34.9603,-15679.9,-56.0717,,-382.122
34.9704,-16062,-56.2456,,-382.116
34.9804,-16444.2,-56.4435,,-382.461
34.9904,-16826.8,-56.665,,-382.536
35.0004,-17209.1,-55.8271,,-382.095
35.0104,-17591.2,-55.254,,-382.127
35.0203,-17973.4,-55.1446,,-382.253
35.0303,-18355.6,-55.8227,,-382.109
35.0403,-18737.9,-57.4379,,-382.478
35.0503,-19120.2,-58.2305,,-382.174
35.0603,-19502.3,-57.5021,,-382.123
35.0703,-19884.4,-57.0131,,-382.123
35.0803,-20266.8,-56.6708,,-382.554
35.0903,-20649.3,-55.864,,-382.285
35.1004,-21031.3,-55.3968,,-382.001
35.1104,-21413.5,-55.1292,,-382.207
35.1204,-21795.6,-55.0865,,-382.129
35.1304,-22177.7,-55.0941,,-382.134
35.1403,-22560,-55.3352,,-382.288
35.1503,-22942.2,-55.7445,,-382.126
35.1603,-23324.4,-55.7972,,-382.374
35.1703,-23706.8,-56.143,,-382.378
35.1803,-24089.2,-56.2856,,-382.289
35.1903,-24471.3,-56.6811,,-382.101
35.2003,-24853.6,-56.3261,,-382.474
35.2103,-25235.9,-55.4608,,-382.11
35.2204,-25618,-55.1673,,-382.128
35.2304,-26000.2,-55.3038,,-382.197
35.2404,-26382.4,-56.6008,,-382.278
35.2504,-26764.7,-58.1266,,-382.293
35.2604,-27147,-57.9712,,-382.22
35.2703,-27529.3,-57.137,,-382.309
35.2803,-27911.6,-56.9621,,-382.361
35.2903,-28293.8,-56.3023,,-382.125
35.3003,-28675.9,-55.5288,,-382.054
35.3103,-29058,-55.1941,,-382.342
35.3203,-29440.4,-55.2029,,-382.158
35.3303,-29822.5,-55.796,,-382.162
35.3403,-30204.7,-55.9873,,-382.219
35.3504,-30586.9,-56.0126,,-382.04
35.3604,-30968.9,-55.9643,,-382.144
35.3704,-31351.1,-56.0356,,-382.108
35.3804,-31733.2,-56.2161,,-382.394
35.3903,-32115.6,-56.4198,,-382.12
35.4003,-32497.7,-56.6094,,-382.119
35.4103,-32879.9,-55.7709,,-382.394
35.4203,-33262.5,-55.2238,,-382.538
35.4303,-33644.8,-55.1143,,-382.303
35.4403,-34027,-55.8273,,-382.114
35.4503,-34409.1,-57.5052,,-382.133
35.4603,-34791.3,-58.2291,,-382.139
35.4704,-35173.7,-57.4623,,-382.489
35.4804,-35555.9,-56.9358,,-382.215
35.4904,-35938.1,-56.4994,,-382.102
35.5004,-36320.2,-55.7996,,-382.119
35.5104,-36702.4,-55.3711,,-382.122
35.5203,-37084.5,-55.1276,,-382.326
35.5303,-37467,-55.0533,,-382.316
35.5403,-37849.3,-55.0702,,-382.491
35.5503,-38231.5,-55.1932,,-382.017
35.5603,-38613.6,-55.446,,-382.251
35.5703,-38995.9,-55.6709,,-382.135
35.5803,-39378,-56.1008,,-382.156
35.5903,-39760.4,-56.2586,,-382.501
35.6004,-40142.5,-56.6591,,-381.878
35.6104,-40524.4,-56.2476,,-382.321
35.6204,-40907.4,-55.4159,,-382.989
35.6304,-41289.8,-55.1467,,-381.841
35.6403,-41671.4,-55.3237,,-381.577
35.6503,-42053.3,-56.6497,,-382.546
35.6603,-42435.8,-58.1268,,-382.082
35.6703,-42818.1,-57.9294,,-382.801
35.6803,-43200.6,-57.0812,,-381.741
35.6903,-43582.4,-56.8123,,-382.028
35.7003,-43965.1,-56.1154,,-383.056
35.7103,-44347.2,-55.3834,,-381.701
35.7204,-44729.1,-55.1313,,-381.894
35.7304,-45111.1,-55.069,,-382.234
35.7404,-45493.3,-55.1808,,-382.223
35.7504,-45875.7,-55.3725,,-382.62
35.7604,-46258.6,-55.872,,-382.698
35.7703,-46640.5,-55.9067,,-381.403
35.7803,-47022.3,-56.039,,-382.243
35.7903,-47404.5,-56.2526,,-382.195
35.8003,-47786.8,-56.4309,,-382.532
35.8103,-48169.7,-56.5808,,-382.819
35.8203,-48551.8,-55.7192,,-381.317
35.8303,-48933.5,-55.2105,,-382.615
35.8403,-49316.4,-55.1243,,-382.436
35.8504,-49698.1,-55.8822,,-382.131
35.8604,-50081.3,-57.4817,,-383.131
35.8704,-50463.3,-58.2253,,-381.231
35.8804,-50845.1,-57.4636,,-382.672
35.8903,-51227.5,-56.8959,,-381.784
35.9003,-51609.3,-56.3652,,-381.996
35.9103,-51991.6,-55.7139,,-382.294
35.9203,-52373.7,-55.3202,,-382.126
35.9303,-52756,-55.0915,,-382.623
35.9403,-53138.3,-55.0641,,-381.915
35.9503,-53520.4,-55.201,,-382.519
35.9603,-53903.1,-55.4555,,-382.456
35.9704,-54285.1,-55.7975,,-381.675
35.9804,-54667.1,-55.8225,,-382.257
35.9904,-55049.7,-56.1625,,-382.413
36.0004,-55431.5,-56.2397,,-381.896
36.0104,-55814,-56.6346,,-382.62
36.0203,-56196.2,-56.1545,,-382.041
36.0303,-56578,-55.3639,,-381.934
36.0403,-56960.7,-55.1448,,-382.843
36.0503,-57342.8,-55.3508,,-381.627
36.0603,-57725,-56.7333,,-382.78
36.0703,-58107.8,-58.1909,,-382.591
36.0803,-58489.5,-57.9096,,-381.165
36.0903,-58871.6,-57.0351,,-383.012
36.1004,-59254.1,-56.5898,,-381.878
36.1104,-59635.7,-55.8244,,-381.124
36.1204,-59991.1,-53.06,,-311.324
36.1304,-60187.9,-31.5319,,-89.5286
36.1403,-60136.3,22.2446,,167.675
36.1503,-59829.7,54.8566,,419.588
36.1603,-59273.8,66.0444,,667.005
36.1703,-58473.6,73.6937,,899.464
36.1803,-57548,76.466,,893.96
36.1903,-56779.9,69.4981,,651.626
36.2003,-56276.1,58.5982,,384.77
36.2103,-56030.5,38.7325,,132.637
36.2204,-56018.5,-8.10363,,-57.9333
36.2304,-56037,2.32176,,57.1377
36.2404,-55838,46.8562,,318.691
36.2504,-55377.6,62.6735,,573.434
36.2604,-54707.5,67.7929,,708.263
36.2703,-54074.6,64.9409,,538.367
36.2803,-53681.4,52.6756,,275.888
36.2903,-53487,41.6143,,177.003
36.3003,-53217,51.4225,,369.868
36.3103,-52762.4,59.2738,,475.325
36.3203,-52342.8,55.8426,,379.955
36.3303,-51970.7,54.5686,,373.615
36.3403,-51592.1,55.2706,,381.238
36.3504,-51209.5,57.1415,,383.43
36.3604,-50826.4,56.8882,,382.343
36.3704,-50444.7,57.1716,,381.523
36.3804,-50063,57.3401,,382.209
36.3903,-49680.3,56.4927,,382.612
36.4003,-49297.7,54.7567,,382.615
36.4103,-48915.6,54.4694,,381.697
36.4203,-48533.9,55.4686,,381.808
36.4303,-48151.8,56.1242,,382.277
36.4403,-47769.4,56.1848,,382.49
36.4503,-47386.9,55.8241,,382.553
36.4603,-47004.3,55.5088,,382.389
36.4704,-46622.5,54.8869,,381.558
36.4804,-46240.7,55.211,,382.548
36.4904,-45857.9,55.8589,,382.12
36.5004,-45476.1,55.5795,,381.994
36.5104,-45093.6,55.0061,,382.54
36.5203,-44711.5,54.9782,,381.95
36.5303,-44329.1,55.3043,,382.515
36.5403,-43946.8,55.5984,,382.42
36.5503,-43564.3,56.5754,,382.55
36.5603,-43181.7,57.0853,,382.75
36.5703,-42799.6,57.0501,,381.379
36.5803,-42418.3,57.6188,,381.251
36.5903,-42036.5,57.0042,,382.318
36.6004,-41653.8,55.317,,382.991
36.6104,-41271.2,54.6381,,382.362
36.6204,-40888.9,54.8653,,382.225
36.6304,-40506.8,55.7003,,382.053
36.6403,-40124.7,56.4294,,381.846
36.6503,-39742.8,55.9881,,382.178
36.6603,-39360.6,55.6451,,382.129
36.6703,-38978.4,55.0391,,382.515
36.6803,-38595.9,55.0544,,382.248
36.6903,-38213.6,55.5412,,382.252
36.7003,-37831.4,55.5768,,382.275
36.7103,-37449.4,55.1987,,381.859
36.7204,-37067.3,54.7832,,382.326
36.7304,-36684.9,55.0355,,382.196
36.7404,-36302.7,55.3919,,382.426
36.7504,-35920.5,56.0416,,382
36.7604,-35538.4,56.8809,,382.242
36.7703,-35156,56.8942,,382.389
36.7803,-34773.8,57.4075,,382.138
36.7903,-34391.7,57.4915,,382.07
36.8003,-34009.5,56.0723,,382.302
36.8103,-33627.1,54.7683,,382.44
36.8203,-33244.8,54.666,,382.121
36.8303,-32862.7,55.2346,,382.115
36.8403,-32480.5,56.1737,,382.294
36.8504,-32098.1,56.2446,,382.469
36.8604,-31715.9,55.741,,382.003
36.8704,-31333.8,55.2856,,382.182
36.8804,-30951.5,55.0129,,382.238
36.8903,-30569.4,55.4666,,382.146
36.9003,-30187.1,55.891,,382.324
36.9103,-29804.9,56.1623,,382.073
36.9203,-29422.9,55.4481,,382.168
36.9303,-29040.6,54.9209,,382.352
36.9403,-28658.2,55.3691,,382.31
36.9503,-28276.1,55.7018,,382.112
36.9603,-27893.9,56.6158,,382.104
36.9704,-27511.8,56.9471,,382.333
36.9804,-27129.4,57.1654,,382.215
36.9904,-26747.1,57.7603,,382.504
37.0004,-26364.8,56.8983,,382.091
37.0104,-25982.5,55.2819,,382.331
37.0203,-25600.3,54.6735,,382.208
37.0303,-25218,54.9097,,382.235
37.0403,-24835.9,55.7491,,382.051
37.0503,-24453.8,56.433,,382.231
37.0603,-24071.6,55.9739,,382.231
37.0703,-23689.4,55.5897,,382.1
37.0803,-23307.2,55.0675,,382.456
37.0903,-22924.7,55.1468,,382.316
37.1004,-22542.5,55.595,,382.122
37.1104,-22160.4,55.7676,,382.122
37.1204,-21778.3,55.701,,382.124
37.1304,-21396.1,54.9655,,382.117
37.1403,-21013.7,55.111,,382.887
37.1503,-20631,55.5027,,382.358
37.1603,-20248.8,56.2333,,381.995
37.1703,-19866.8,57.0275,,382.088
37.1803,-19484.7,56.9926,,382.126
37.1903,-19102.6,57.5688,,382.115
37.2003,-18720.3,57.5232,,382.442
37.2103,-18338,56.014,,382.132
37.2204,-17955.9,54.797,,382.127
37.2304,-17573.7,54.7067,,382.289
37.2404,-17191.4,55.2801,,382.203
37.2504,-16809.3,56.2069,,382.128
37.2604,-16427.1,56.2347,,382.135
37.2703,-16045,55.7686,,382.108
37.2803,-15662.9,55.4359,,382.121
37.2903,-15280.7,55.2318,,382.351
37.3003,-14898.1,55.5925,,382.643
37.3103,-14515.6,55.9771,,382.379
37.3203,-14133.3,56.278,,382.249
37.3303,-13751.1,55.4673,,382.124
37.3403,-13369,54.9629,,382.116
37.3504,-12986.9,55.4136,,382.117
37.3604,-12604.8,55.7495,,382.124
37.3704,-12222.5,56.7146,,382.417
37.3804,-11840.1,56.9334,,382.298
37.3903,-11458,57.117,,382.115
37.4003,-11075.8,57.7086,,382.121
37.4103,-10693.7,56.7972,,382.115
37.4203,-10311.6,55.2183,,382.124
37.4303,-9929.28,54.6703,,382.503
37.4403,-9546.78,54.9206,,382.401
37.4503,-9164.53,55.771,,382.227
37.4603,-8782.36,56.378,,382.097
37.4704,-8400.2,55.901,,382.262
37.4804,-8017.88,55.5118,,382.256
37.4904,-7635.72,54.9803,,382.151
37.5004,-7253.47,55.1529,,382.277
37.5104,-6871.19,55.4945,,382.275
37.5203,-6489,55.5129,,382.146
37.5303,-6106.88,55.3072,,382.114
37.5403,-5724.63,54.8154,,382.31
37.5503,-5342.32,55.1468,,382.364
37.5603,-4960.07,55.5798,,382.138
37.5703,-4577.89,56.1848,,382.276
37.5803,-4195.58,56.9269,,382.276
37.5903,-3813.33,56.9177,,382.25
37.6004,-3431.11,57.4464,,382.192
37.6104,-3048.88,57.3673,,382.232
37.6204,-2666.68,55.9376,,382.208
37.6304,-2284.46,54.7746,,382.229
37.6403,-1902.21,54.7285,,382.249
37.6503,-1520,55.324,,382.202
37.6603,-1137.76,56.2436,,382.243
37.6703,-755.532,56.1962,,382.229
37.6803,-373.304,55.7173,,382.221
37.6903,8.91752,55.2349,,382.231
37.7003,391.141,55.0441,,382.212
37.7103,773.368,55.5394,,382.239
37.7204,1155.59,56.0054,,382.203
37.7304,1537.81,56.3345,,382.223
37.7404,1920.06,55.4621,,382.266
37.7504,2302.28,54.9872,,382.216
37.7604,2684.47,55.4296,,382.168
37.7703,3066.72,55.7804,,382.296
37.7803,3448.94,56.6084,,382.188
37.7903,3831.19,56.8621,,382.267
37.8003,4213.41,57.1405,,382.167
37.8103,4595.63,57.636,,382.278
37.8203,4977.83,56.7025,,382.164
37.8303,5360.04,55.1839,,382.254
37.8403,5742.31,54.6856,,382.177
37.8504,6124.4,54.9609,,382.123
37.8604,6506.66,55.82,,382.354
37.8704,6888.97,56.3762,,382.215
37.8804,7271.16,55.9002,,382.253
37.8903,7653.38,55.5163,,382.204
37.9003,8035.6,55.0005,,382.151
37.9103,8417.78,55.1989,,382.186
37.9203,8800.02,55.723,,382.383
37.9303,9182.37,56.0724,,382.231
37.9403,9564.62,55.9103,,382.267
37.9503,9946.76,54.966,,382.056
37.9603,10328.8,55.1956,,382.106
37.9704,10710.9,55.6012,,382.117
37.9804,11093.1,56.2971,,382.115
37.9904,11475.3,56.9393,,382.423
38.0004,11857.8,56.8966,,382.439
38.0104,12240.2,57.4544,,382.36
38.0203,12622.4,57.3204,,382.138
38.0303,13004.5,55.877,,382.119
38.0403,13386.7,54.7618,,382.119
38.0503,13768.8,54.7191,,382.118
38.0603,14150.9,55.3558,,382.121
38.0703,14533.1,56.275,,382.347
38.0803,14915.6,56.165,,382.451
38.0903,15297.8,55.7045,,382.135
38.1004,15680.1,55.2043,,382.35
38.1104,16062.3,55.0385,,382.124
38.1204,16444.4,55.4917,,382.115
38.1304,16826.5,55.7912,,382.125
38.1403,17208.7,55.9641,,382.12
38.1503,17590.9,55.3403,,382.446
38.1603,17973.3,54.9984,,382.195
38.1703,18355.4,55.44,,382.21
38.1803,18737.9,55.819,,382.489
38.1903,19120.1,56.7377,,382.133
38.2003,19502.3,56.8541,,382.145
38.2103,19884.6,57.1241,,382.524
38.2204,20267,57.6005,,382.34
38.2304,20649.5,56.6212,,382.457
38.2404,21031.7,55.1138,,382.074
38.2504,21413.9,54.652,,382.262
38.2604,21795.9,54.965,,381.95
38.2703,22177.9,55.825,,381.98
38.2803,22560,56.3632,,382.135
38.2903,22942.2,55.9053,,382.356
38.3003,23324.5,55.5653,,382.151
38.3103,23706.6,55.1012,,382.21
38.3203,24089.1,55.3191,,382.424
38.3303,24471.3,55.8408,,382.199
38.3403,24853.5,56.2164,,382.101
38.3504,25235.7,55.9895,,382.48
38.3604,25618.2,54.9565,,382.234
38.3704,26000.3,55.1545,,382.138
38.3804,26382.4,55.56,,382.109
38.3903,26764.6,56.282,,382.349
38.4003,27146.8,56.935,,382.02
38.4103,27528.9,56.9068,,382.263
38.4203,27911.2,57.456,,382.115
38.4303,28293.4,57.2493,,382.419
38.4403,28675.8,55.7828,,382.364
38.4503,29058,54.7532,,382.042
38.4603,29440.1,54.7424,,382.115
38.4704,29822.2,55.4024,,382.136
38.4804,30204.6,56.2984,,382.555
38.4904,30586.9,56.1895,,382.091
38.5004,30969,55.7586,,382.1
38.5104,31351.3,55.2569,,382.412
38.5203,31733.5,55.084,,382.178
38.5303,32115.8,55.5865,,382.34
38.5403,32498.2,55.8731,,382.252
38.5503,32880.2,56.0491,,381.974
38.5603,33262.2,55.352,,382.022
38.5703,33644.4,54.8614,,382.358
38.5803,34026.8,55.3247,,382.254
38.5903,34408.9,55.8279,,382.13
38.6004,34791.2,56.8042,,382.549
38.6104,35173.7,56.8715,,382.222
38.6204,35555.9,57.1276,,382.3
38.6304,35938.1,57.5683,,381.969
38.6403,36320.3,56.5302,,382.601
38.6503,36702.7,55.0711,,382.067
38.6603,37084.7,54.6562,,382.122
38.6703,37466.9,54.9732,,382.124
38.6803,37849,55.8581,,382.116
38.6903,38231.2,56.3821,,382.389
38.7003,38613.5,55.8982,,382.128
38.7103,38995.6,55.6756,,382.229
38.7204,39378,55.3896,,382.356
38.7304,39760.3,55.5023,,382.249
38.7404,40142.5,55.9693,,382.253
38.7504,40524.6,56.3607,,382.044
38.7604,40907,56.0011,,382.672
38.7703,41289.5,54.9253,,382.434
38.7803,41671.8,55.0989,,381.797
38.7903,42053.8,55.6145,,382.292
38.8003,42435.8,56.4263,,381.81
38.8103,42817.8,56.9467,,382.373
38.8203,43200.5,56.8948,,382.82
38.8303,43582.7,57.4675,,381.723
38.8403,43964.8,57.2044,,382.242
38.8504,44347.3,55.7289,,382.52
38.8604,44729.5,54.731,,382.328
38.8704,45112.1,54.7403,,382.336
38.8804,45493.5,55.4301,,381.221
38.8903,45875.7,56.3521,,382.936
38.9003,46258.2,56.1898,,382.063
38.9103,46640.2,55.746,,382.337
38.9203,47022.7,55.2295,,382.173
38.9303,47404.8,55.0907,,382.063
38.9403,47787.1,55.6173,,382.744
38.9503,48169.9,55.9216,,382.23
38.9603,48551.6,56.08,,381.584
38.9704,48933.8,55.3325,,382.767
38.9804,49316.6,54.8433,,382.544
38.9904,49698.3,55.1867,,381.459
39.0004,50080.8,55.8164,,382.997
39.0104,50462.8,56.8442,,381.409
39.0203,50845.2,56.8931,,383.165
39.0303,51227.6,57.1874,,381.73
39.0403,51609.3,57.5817,,381.761
39.0503,51991.3,56.512,,382.265
39.0603,52373.6,55.0528,,382.083
39.0703,52755.6,54.6623,,382.352
39.0803,53138.1,55.0316,,382.486
39.0903,53520.8,55.9396,,382.409
39.1004,53903.1,56.4592,,382.589
39.1104,54285.1,55.9492,,381.554
39.1204,54666.9,55.5046,,382.161
39.1304,55049.2,54.9927,,382.266
39.1403,55431.5,55.2657,,382.456
39.1503,55814.3,55.7892,,382.774
39.1603,56196.5,56.1602,,381.765
39.1703,56578.3,55.9357,,381.961
39.1803,56961.2,54.9658,,383.361
39.1903,57343.5,55.2565,,381.389
39.2003,57724.9,55.7025,,381.896
39.2103,58107.4,56.5175,,382.451
39.2204,58489.2,56.972,,381.645
39.2304,58871.6,56.9041,,383.27
39.2404,59254.3,57.4828,,381.605
39.2504,59636,57.1407,,381.76
39.2604,59991.2,53.3633,,310.018
39.2703,60186.9,30.992,,88.7004
39.2803,60134.9,-22.6136,,-167.154
39.2903,59828.8,-55.8729,,-419.756
39.3003,59272.2,-67.2931,,-667.57
39.3103,58471.4,-73.3291,,-899.705
39.3203,57546.1,-75.6271,,-893.972
39.3303,56778.1,-69.8011,,-650.632
39.3403,56275.3,-59.4519,,-384.319
39.3504,56030.2,-39.4704,,-132.293
39.3604,56018.3,8.10831,,58.2943
39.3704,56036.7,-2.6995,,-57.4818
39.3804,55838.4,-47.5629,,-317.657
39.3903,55377.9,-63.6648,,-574.192
39.4003,54707.2,-68.8365,,-709.022
39.4103,54072.9,-65.8181,,-539.837
39.4203,53679.8,-53.2314,,-274.381
39.4303,53487.3,-41.4259,,-175.811
39.4403,53217.6,-50.4802,,-369.58
39.4503,52761.9,-59.0487,,-478.715
39.4603,52340.4,-55.7402,,-378.847
39.4704,51970.9,-55.0163,,-370.96
39.4804,51592.7,-56.9071,,-382.495
39.4904,51209.9,-58.0284,,-382.547
39.5004,50827.2,-57.0733,,-382.569
39.5104,50445,-56.7095,,-381.828
39.5203,50062.8,-56.2516,,-383.039
39.5303,49679.4,-55.8631,,-383.253
39.5403,49297.6,-55.0807,,-380.869
39.5503,48916.1,-54.8218,,-382.255
39.5603,48533.7,-55.924,,-382.081
39.5703,48151.8,-55.9302,,-381.989
39.5803,47769.7,-56.232,,-382.056
39.5903,47387.4,-56.4909,,-382.584
39.6004,47004.8,-56.275,,-382.474
39.6104,46622.5,-56.1496,,-382.05
39.6204,46240.7,-56.1304,,-381.847
39.6304,45858.2,-56.6913,,-382.607
39.6403,45476.2,-55.7445,,-382.122
39.6503,45093.6,-55.0149,,-382.638
39.6603,44711.2,-55.0506,,-381.982
39.6703,44329.5,-55.3485,,-381.844
39.6803,43947.3,-56.8035,,-382.262
39.6903,43565.2,-57.9402,,-382.072
39.7003,43183,-57.529,,-382.406
39.7103,42800.5,-56.8683,,-382.546
39.7204,42418.3,-56.5728,,-381.95
39.7304,42035.8,-55.9788,,-382.991
39.7404,41653.3,-55.2758,,-381.812
39.7504,41271.7,-55.0083,,-381.964
39.7604,40889.3,-55.4045,,-382.248
39.7703,40507.1,-56.142,,-382.273
39.7803,40124.8,-56.4145,,-382.13
39.7903,39742.9,-56.6279,,-382.005
39.8003,39360.8,-56.2457,,-382.148
39.8103,38978.5,-56.1882,,-382.227
39.8203,38596.4,-56.1185,,-382.128
39.8303,38214.3,-56.4432,,-382.127
39.8403,37831.6,-56.2726,,-383.292
39.8504,37448.7,-55.3735,,-382.151
39.8604,37067,-55.017,,-381.638
39.8704,36685,-55.0705,,-382.075
39.8804,36303,-56.0374,,-382.118
39.8903,35920.6,-57.6664,,-382.61
39.9003,35538.2,-57.831,,-382.185
39.9103,35155.9,-57.0706,,-382.293
39.9203,34773.8,-56.8538,,-382.178
39.9303,34391.5,-56.35,,-382.313
39.9403,34009.2,-55.5532,,-382.215
39.9503,33627.1,-55.1505,,-382.113
39.9603,33245,-55.0806,,-382.206
39.9704,32862.6,-55.8542,,-382.373
39.9804,32480.4,-56.2164,,-382.119
39.9904,32098.2,-56.5187,,-382.228
40.0004,31716,-56.4263,,-382.15
40.0104,31333.9,-56.0874,,-382.131
40.0203,30951.7,-56.1987,,-382.216
40.0303,30569.4,-56.2662,,-382.438
40.0403,30187.1,-56.5473,,-382.096
40.0503,29804.9,-55.8114,,-382.28
40.0603,29422.6,-55.1057,,-382.389
40.0703,29040.3,-54.9639,,-382.341
40.0803,28658,-55.4526,,-382.248
40.0903,28275.7,-56.9923,,-382.079
40.1004,27893.7,-57.9996,,-382.082
40.1104,27511.5,-57.4457,,-382.223
40.1204,27129.4,-56.9405,,-382.116
40.1304,26747.1,-56.6519,,-382.358
40.1403,26364.9,-55.8886,,-382.083
40.1503,25982.6,-55.3058,,-382.461
40.1603,25600.3,-55.0277,,-382.186
40.1703,25217.9,-55.3426,,-382.508
40.1803,24835.6,-56.0348,,-382.135
40.1903,24453.6,-56.2851,,-382.062
40.2003,24071.4,-56.5685,,-382.176
40.2103,23689.3,-56.1462,,-382.196
40.2204,23307,-56.1554,,-382.183
40.2304,22924.8,-56.1534,,-382.36
40.2404,22542.4,-56.4772,,-382.204
40.2504,22160.3,-56.3104,,-382.271
40.2604,21778.1,-55.4081,,-382.118
40.2703,21395.9,-55.0137,,-382.137
40.2803,21013.6,-55.0885,,-382.373
40.2903,20631.5,-56.1383,,-382.24
40.3003,20248.9,-57.7196,,-382.387
40.3103,19866.8,-57.8076,,-382.175
40.3203,19484.6,-57.1035,,-382.114
40.3303,19102.5,-56.9462,,-382.127
40.3403,18720.4,-56.34,,-382.115
40.3504,18338.2,-55.52,,-382.342
40.3604,17955.9,-55.1313,,-382.224
40.3704,17573.6,-55.0799,,-382.269
40.3804,17191.4,-55.7409,,-382.115
40.3903,16809.3,-56.2794,,-382.176
40.4003,16427,-56.6895,,-382.42
40.4103,16044.7,-56.456,,-382.22
40.4203,15662.4,-56.0927,,-382.278
40.4303,15280.2,-56.1832,,-382.123
40.4403,14898.1,-56.3011,,-382.111
40.4503,14516,-56.5691,,-382.123
40.4603,14133.8,-55.791,,-382.297
40.4704,13751.3,-55.1228,,-382.573
40.4804,13369,-54.9897,,-382.096
40.4904,12986.9,-55.5417,,-382.117
40.5004,12604.8,-57.0967,,-382.131
40.5104,12222.4,-58.0297,,-382.392
40.5203,11840.3,-57.4318,,-382.123
40.5303,11458.2,-56.976,,-382.114
40.5403,11076,-56.6444,,-382.121
40.5503,10693.7,-55.9011,,-382.514
40.5603,10311.3,-55.3052,,-382.189
40.5703,9929.04,-55.0112,,-382.392
40.5803,9546.77,-55.2271,,-382.165
40.5903,9164.6,-55.7934,,-382.251
40.6004,8782.33,-55.965,,-382.226
40.6104,8400.16,-56.3255,,-382.16
40.6204,8017.95,-56.0881,,-382.213
40.6304,7635.74,-56.1388,,-382.275
40.6403,7253.41,-56.1632,,-382.268
40.6503,6871.25,-56.5321,,-382.134
40.6603,6488.98,-56.2345,,-382.358
40.6703,6106.72,-55.3442,,-382.172
40.6803,5724.51,-55.0346,,-382.261
40.6903,5342.3,-55.1151,,-382.153
40.7003,4960.14,-56.2641,,-382.228
40.7103,4577.82,-57.8455,,-382.312
40.7204,4195.58,-57.829,,-382.211
40.7304,3813.36,-57.088,,-382.232
40.7404,3431.13,-56.8961,,-382.214
40.7504,3048.9,-56.2505,,-382.26
40.7604,2666.69,-55.4708,,-382.165
40.7703,2284.48,-55.1086,,-382.263
40.7803,1902.22,-55.0096,,-382.241
40.7903,1519.99,-55.3732,,-382.225
40.8003,1137.76,-55.7115,,-382.22
40.8103,755.53,-56.0233,,-382.241
40.8203,373.304,-56.1861,,-382.227
40.8303,-8.91671,-56.0333,,-382.205
40.8403,-391.143,-56.1295,,-382.239
40.8504,-773.368,-56.3155,,-382.225
40.8604,-1155.6,-56.5741,,-382.226
40.8704,-1537.82,-55.764,,-382.227
40.8804,-1920.06,-55.1319,,-382.233
40.8903,-2302.27,-54.9917,,-382.199
40.9003,-2684.46,-55.5676,,-382.177
40.9103,-3066.69,-57.2229,,-382.309
40.9203,-3448.96,-58.1076,,-382.202
40.9303,-3831.14,-57.3978,,-382.161
40.9403,-4213.36,-56.9468,,-382.274
40.9503,-4595.59,-56.6272,,-382.224
40.9603,-4977.84,-55.7773,,-382.218
40.9704,-5360,-55.2224,,-382.159
40.9804,-5742.27,-54.9805,,-382.293
40.9904,-6124.48,-54.9329,,-382.244
41.0004,-6506.73,-55.0067,,-382.187
41.0104,-6888.89,-55.3684,,-382.191
41.0203,-7271.12,-55.7682,,-382.215
41.0303,-7653.36,-55.7198,,-382.23
41.0403,-8035.59,-56.1412,,-382.216
41.0503,-8417.81,-56.2499,,-382.235
41.0603,-8799.97,-56.5881,,-382.155
41.0703,-9182.24,-56.2614,,-382.348
41.0803,-9564.54,-55.3484,,-382.232
41.0903,-9946.73,-55.0277,,-382.202
41.1004,-10329,-55.1339,,-382.233
41.1104,-10711.1,-56.393,,-382.126
41.1204,-11093.3,-57.9793,,-382.119
41.1304,-11475.4,-57.8398,,-382.123
41.1403,-11857.6,-57.0372,,-382.39
41.1503,-12240.1,-56.8572,,-382.385
41.1603,-12622.3,-56.2433,,-382.121
41.1703,-13004.4,-55.4634,,-382.118
41.1803,-13386.7,-55.0917,,-382.438
41.1903,-13769,-55.0613,,-382.142
41.2003,-14151.1,-55.7625,,-382.217
41.2103,-14533.4,-56.1712,,-382.231
41.2204,-14915.5,-56.4646,,-382.104
41.2304,-15297.7,-56.3511,,-382.174
41.2404,-15680.1,-56.1038,,-382.535
41.2504,-16062.5,-56.1353,,-382.243
41.2604,-16444.6,-56.3387,,-382.138
41.2703,-16826.7,-56.5324,,-382.143
41.2803,-17208.9,-55.7076,,-382.12
41.2903,-17591,-55.1252,,-382.133
41.3003,-17973.3,-55.0006,,-382.403
41.3103,-18355.6,-55.6219,,-382.21
41.3203,-18737.8,-57.2913,,-382.291
41.3303,-19120.2,-58.119,,-382.284
41.3403,-19502.3,-57.3887,,-382.124
41.3504,-19884.4,-56.8814,,-382.117
41.3604,-20266.6,-56.5037,,-382.343
41.3704,-20649,-55.7343,,-382.16
41.3804,-21031.1,-55.2453,,-382.198
41.3903,-21413.4,-54.9885,,-382.427
41.4003,-21795.9,-54.9406,,-382.406
41.4103,-22178.1,-54.9521,,-381.99
41.4203,-22560.3,-55.1495,,-382.423
41.4303,-22942.5,-55.5859,,-382.117
41.4403,-23324.6,-55.5621,,-382.083
41.4503,-23706.9,-55.9534,,-382.363
41.4603,-24089.1,-56.1506,,-382.118
41.4704,-24471.3,-56.5746,,-382.181
41.4804,-24853.4,-56.1791,,-382.241
41.4904,-25235.7,-55.3134,,-382.208
41.5004,-25617.8,-55.0408,,-382.123
41.5104,-26000,-55.2046,,-382.253
41.5203,-26382.3,-56.5004,,-382.251
41.5303,-26764.6,-57.9908,,-382.429
41.5403,-27147,-57.8336,,-382.22
41.5503,-27529.1,-56.9905,,-382.178
41.5603,-27911.3,-56.7491,,-382.078
41.5703,-28293.5,-56.1067,,-382.314
41.5803,-28675.7,-55.3905,,-382.108
41.5903,-29057.9,-55.0573,,-382.446
41.6004,-29440.3,-54.9295,,-382.099
41.6104,-29822.5,-55.0036,,-382.43
41.6204,-30204.8,-55.5087,,-382.115
41.6304,-30586.9,-55.9749,,-382.13
41.6403,-30969,-55.8201,,-382.068
41.6503,-31351.3,-55.8341,,-382.452
41.6603,-31733.6,-56.1306,,-382.317
41.6703,-32115.8,-56.3588,,-382.201
41.6803,-32498.1,-56.5115,,-382.116
41.6903,-32880.3,-55.6502,,-382.302
41.7003,-33262.5,-55.0973,,-382.125
41.7103,-33644.7,-54.9955,,-382.373
41.7204,-34027.1,-55.6973,,-382.274
41.7304,-34409.2,-57.3176,,-382.042
41.7404,-34791.3,-58.0909,,-382.154
41.7504,-35173.7,-57.333,,-382.544
41.7604,-35556,-56.7732,,-382.125
41.7703,-35938.1,-56.2751,,-382.147
41.7803,-36320.2,-55.6359,,-382.056
41.7903,-36702.3,-55.211,,-382.167
41.8003,-37084.5,-54.9599,,-382.263
41.8103,-37466.9,-54.9339,,-382.172
41.8203,-37848.9,-54.9812,,-382.117
41.8303,-38231.3,-55.184,,-382.443
41.8403,-38613.7,-55.5746,,-382.405
41.8504,-38995.9,-55.6204,,-382.091
41.8604,-39378,-56.1253,,-382.124
41.8704,-39760.1,-56.2664,,-382.136
41.8804,-40142.4,-56.5782,,-382.603
41.8903,-40525,-56.0988,,-382.496
41.9003,-40907.4,-55.2819,,-382.196
41.9103,-41289.7,-55.038,,-382.238
41.9203,-41671.2,-55.2439,,-381.212
41.9303,-42053.2,-56.5769,,-382.655
41.9403,-42436.2,-57.9979,,-382.617
41.9503,-42818,-57.8426,,-381.776
41.9603,-43200.7,-57.0067,,-383.025
41.9704,-43583.1,-56.614,,-382.002
41.9804,-43965.1,-55.9546,,-382.332
41.9904,-44347.2,-55.3738,,-381.699
42.0004,-44729.1,-55.0627,,-382.494
42.0104,-45111.5,-54.9432,,-381.997
42.0203,-45493.6,-54.9733,,-382.154
42.0303,-45876.1,-55.1179,,-382.772
42.0403,-46258.5,-55.5415,,-381.822
42.0503,-46640.1,-55.6533,,-381.886
42.0603,-47022.6,-55.8302,,-382.585
42.0703,-47404.7,-56.0992,,-382.026
42.0803,-47786.7,-56.377,,-382.078
42.0903,-48169.1,-56.4601,,-382.546
42.1004,-48551.4,-55.6009,,-381.979
42.1104,-48933.7,-55.1063,,-382.861
42.1204,-49316.2,-55.0159,,-381.829
42.1304,-49698.1,-55.8109,,-382.22
42.1403,-50080.5,-57.5509,,-382.358
42.1503,-50462.8,-58.2015,,-382.388
42.1603,-50844.9,-57.3326,,-382.027
42.1703,-51227.2,-56.7159,,-382.154
42.1803,-51609.1,-56.1447,,-381.837
42.1903,-51991.9,-55.5633,,-383.376
42.2003,-52374,-55.2338,,-381.218
42.2103,-52755.8,-54.9758,,-382.814
42.2204,-53138.7,-54.9456,,-382.126
42.2304,-53520.1,-54.9827,,-381.603
42.2404,-53903,-55.2769,,-383.486
42.2504,-54285.7,-55.6724,,-381.946
42.2604,-54667.3,-55.5839,,-381.646
42.2703,-55049.6,-55.9571,,-382.59
42.2803,-55431.8,-56.152,,-381.937
42.2903,-55814,-56.5562,,-382.426
42.3003,-56196.7,-56.0436,,-382.705
42.3103,-56578.6,-55.247,,-381.529
42.3203,-56960.6,-55.0231,,-382.308
42.3303,-57342.6,-55.2863,,-381.973
42.3403,-57725.6,-56.6794,,-383.303
42.3504,-58107.8,-58.0934,,-381.663
42.3604,-58489.5,-57.8433,,-381.671
42.3704,-58871.6,-56.8758,,-382.503
42.3804,-59253.9,-56.4563,,-381.802
42.3903,-59635.7,-55.8247,,-381.936
42.4003,-59991.3,-52.9878,,-310.362
42.4103,-60186.6,-31.3091,,-87.9228
42.4203,-60134,22.4398,,168.373
42.4303,-59825.9,54.8413,,420.926
42.4403,-59268.9,65.9988,,668.523
42.4503,-58467.6,73.6053,,899.313
42.4603,-57543.8,76.3019,,891.627
42.4704,-56777.9,69.2733,,648.99
42.4804,-56277.5,58.3295,,381.415
42.4904,-56036.2,38.3167,,127.728
42.5004,-56025.1,-8.43158,,-54.7638
42.5104,-56039.3,3.29219,,60.8232
42.5203,-55837.4,47.2379,,321.945
42.5303,-55372,62.6433,,579.031
42.5403,-54699.7,67.5446,,707.026
42.5503,-54070.6,64.508,,533.256
42.5603,-53683.5,52.0497,,269.468
42.5703,-53491.9,41.306,,178.368
42.5803,-53216,51.4383,,377.327
42.5903,-52759.1,59.1586,,473.4
42.6004,-52342,55.6677,,377.847
42.6104,-51970.7,54.5371,,373.605
42.6204,-51592.1,55.2641,,381.412
42.6304,-51209.4,57.162,,382.975
42.6403,-50827,56.8061,,382.106
42.6503,-50444.5,57.081,,382.509
42.6603,-50062.6,57.2823,,382.048
42.6703,-49680.3,56.3886,,382.092
42.6803,-49298.5,54.6344,,381.794
42.6903,-48916.2,54.3319,,382.453
42.7003,-48533.9,55.3343,,382.074
42.7103,-48152.1,55.9865,,382.022
42.7204,-47769.9,56.0379,,382.195
42.7304,-47387.6,55.7241,,382.66
42.7404,-47005,55.3731,,382.287
42.7504,-46622.4,54.7169,,382.609
42.7604,-46240.4,55.0073,,381.704
42.7703,-45858.3,55.5778,,382.614
42.7803,-45476.1,55.0281,,381.61
42.7903,-45093.9,54.5638,,383.03
42.8003,-44711.3,54.6287,,381.691
42.8103,-44329.6,54.9445,,382.002
42.8203,-43947.2,55.5261,,382.614
42.8303,-43565.2,56.6244,,381.664
42.8403,-43183,57.073,,382.687
42.8504,-42800.1,56.938,,382.871
42.8604,-42418,57.505,,381.336
42.8704,-42036.2,56.894,,382.884
42.8804,-41653.1,55.2048,,382.251
42.8903,-41271.6,54.5348,,381.749
42.9003,-40889.3,54.7789,,382.248
42.9103,-40507.1,55.6035,,382.273
42.9203,-40124.8,56.3286,,382.13
42.9303,-39742.9,55.8493,,382.081
42.9403,-39360.5,55.5862,,382.455
42.9503,-38978.2,55.0367,,382.193
42.9603,-38596.1,55.0157,,382.111
42.9704,-38213.9,55.4767,,382.111
42.9804,-37831.8,55.6188,,382.141
42.9904,-37449.5,55.4637,,382.376
43.0004,-37067.3,54.7888,,382.271
43.0104,-36684.9,54.5953,,382.289
43.0203,-36302.7,54.9487,,382.146
43.0303,-35920.4,55.8574,,382.382
43.0403,-35538.2,56.9511,,382.166
43.0503,-35156,56.8935,,382.135
43.0603,-34773.9,57.3493,,382.129
43.0703,-34391.5,57.4074,,382.539
43.0803,-34009.2,55.991,,382.373
43.0903,-33627,54.6808,,381.989
43.1004,-33244.8,54.5657,,382.318
43.1104,-32862.6,55.1209,,382.053
43.1204,-32480.5,56.0727,,382.122
43.1304,-32098.1,56.1628,,382.523
43.1403,-31715.9,55.6686,,382.081
43.1503,-31333.7,55.3102,,382.233
43.1603,-30951.6,54.949,,382.15
43.1703,-30569.4,55.3348,,382.096
43.1803,-30187.3,55.7441,,382.284
43.1903,-29804.9,55.9149,,382.196
43.2003,-29422.6,55.2126,,382.407
43.2103,-29040.4,54.7908,,382.117
43.2204,-28658.3,55.1523,,382.146
43.2304,-28276,55.5466,,382.45
43.2404,-27893.6,56.4155,,382.237
43.2504,-27511.5,56.8361,,381.999
43.2604,-27129.4,57.0678,,382.162
43.2703,-26747.1,57.5901,,382.44
43.2803,-26364.8,56.7715,,382.215
43.2903,-25982.6,55.1755,,382.292
43.3003,-25600.3,54.5435,,382.146
43.3103,-25218.2,54.7663,,382.222
43.3203,-24835.9,55.6116,,382.193
43.3303,-24453.7,56.3409,,382.375
43.3403,-24071.5,55.8744,,382.029
43.3504,-23689.4,55.4627,,382.127
43.3604,-23307.3,54.9402,,382.288
43.3704,-22924.7,54.9484,,382.428
43.3804,-22542.6,55.3364,,382.164
43.3903,-22160.3,55.2873,,382.245
43.4003,-21778.1,54.7781,,382.143
43.4103,-21395.9,54.5783,,382.347
43.4203,-21013.6,54.9982,,382.145
43.4303,-20631.3,55.3824,,382.342
43.4403,-20249,56.07,,382.415
43.4503,-19866.8,56.7653,,382.12
43.4603,-19484.6,56.7862,,382.12
43.4704,-19102.5,57.3248,,382.12
43.4804,-18720.4,57.3468,,382.12
43.4904,-18338.3,55.9045,,382.125
43.5004,-17956.1,54.6814,,382.121
43.5104,-17574,54.5993,,382.142
43.5203,-17191.6,55.1455,,382.632
43.5303,-16809.1,56.1269,,382.311
43.5403,-16426.9,56.1708,,382.143
43.5503,-16044.8,55.6348,,382.107
43.5603,-15662.7,55.1635,,382.122
43.5703,-15280.6,54.9038,,382.126
43.5803,-14898.4,55.3177,,382.118
43.5903,-14516.3,55.6529,,382.124
43.6004,-14133.9,55.7228,,382.79
43.6104,-13751.3,55.1329,,382.267
43.6204,-13369.1,54.7891,,382.28
43.6304,-12986.8,55.24,,382.142
43.6403,-12604.7,55.6786,,382.117
43.6503,-12222.4,56.6068,,382.399
43.6603,-11840.2,56.8131,,382.117
43.6703,-11458.1,57.0284,,382.117
43.6803,-11075.9,57.5805,,382.257
43.6903,-10693.7,56.6651,,382.119
43.7003,-10311.6,55.1228,,382.119
43.7103,-9929.36,54.5631,,382.408
43.7204,-9546.79,54.8004,,382.536
43.7304,-9164.49,55.6625,,382.161
43.7404,-8782.35,56.2657,,382.216
43.7504,-8400.07,55.7989,,382.239
43.7604,-8017.85,55.477,,382.203
43.7703,-7635.61,55.119,,382.286
43.7803,-7253.4,55.2498,,382.184
43.7903,-6871.19,55.7145,,382.212
43.8003,-6489.03,56.0102,,382.123
43.8103,-6106.8,55.8626,,382.317
43.8203,-5724.52,54.8329,,382.206
43.8303,-5342.31,54.7761,,382.203
43.8403,-4960.14,55.2452,,382.214
43.8504,-4577.83,55.9477,,382.297
43.8604,-4195.59,56.7365,,382.255
43.8704,-3813.35,56.7612,,382.221
43.8804,-3431.14,57.3095,,382.201
43.8903,-3048.92,57.2638,,382.257
43.9003,-2666.67,55.8298,,382.236
43.9103,-2284.43,54.6572,,382.209
43.9203,-1902.23,54.5915,,382.21
43.9303,-1520.02,55.2054,,382.234
43.9403,-1137.76,56.128,,382.251
43.9503,-755.515,56.0898,,382.236
43.9603,-373.299,55.6291,,382.214
43.9704,8.91824,55.1082,,382.22
43.9804,391.142,54.8471,,382.227
43.9904,773.37,55.2943,,382.228
44.0004,1155.6,55.6912,,382.234
44.0104,1537.83,55.879,,382.224
44.0203,1920.07,55.2308,,382.23
44.0303,2302.29,54.821,,382.227
44.0403,2684.5,55.3172,,382.179
44.0503,3066.68,55.7176,,382.213
44.0603,3448.92,56.7126,,382.273
44.0703,3831.19,56.8079,,382.244
44.0803,4213.39,56.9705,,382.176
44.0903,4595.6,57.5035,,382.224
44.1004,4977.8,56.5805,,382.15
44.1104,5359.99,55.0462,,382.294
44.1204,5742.34,54.552,,382.276
44.1304,6124.47,54.8144,,382.127
44.1403,6506.64,55.7069,,382.152
44.1503,6888.92,56.2868,,382.381
44.1603,7271.24,55.7918,,382.279
44.1703,7653.42,55.4331,,382.107
44.1803,8035.55,54.8716,,382.156
44.1903,8417.78,55.0836,,382.297
44.2003,8800.06,55.5773,,382.254
44.2103,9182.31,55.7704,,382.218
44.2204,9564.52,55.4831,,382.224
44.2304,9946.7,54.7585,,382.131
44.2404,10328.8,55.1435,,382.128
44.2504,10710.9,55.5015,,382.119
44.2604,11093.1,56.1969,,382.116
44.2703,11475.2,56.8985,,382.126
44.2803,11857.3,56.8391,,382.117
44.2903,12239.4,57.347,,382.12
44.3003,12621.5,57.2136,,382.123
44.3103,13003.8,55.7615,,382.638
44.3203,13386.7,54.6533,,382.688
44.3303,13769,54.6074,,382.161
44.3403,14151.2,55.2366,,382.234
44.3504,14533.5,56.186,,382.202
44.3604,14915.7,56.0813,,382.2
44.3704,15297.9,55.6269,,382.31
44.3804,15680.1,55.1043,,382.139
44.3903,16062.2,54.9058,,382.115
44.4003,16444.4,55.4241,,382.292
44.4103,16826.7,55.7995,,382.221
44.4203,17209.1,56.0045,,382.405
44.4303,17591.3,55.2683,,382.106
44.4403,17973.4,54.9147,,382.184
44.4503,18355.6,55.3247,,382.122
44.4603,18737.7,55.7063,,382.121
44.4704,19119.8,56.6934,,382.128
44.4804,19501.9,56.7643,,382.145
44.4904,19884.4,56.9762,,382.582
44.5004,20266.8,57.4825,,382.466
44.5104,20649.3,56.5118,,382.284
44.5203,21031.3,55.0239,,382.002
44.5303,21413.4,54.5543,,382.065
44.5403,21795.6,54.8557,,382.508
44.5503,22178.1,55.7081,,382.133
44.5603,22560.1,56.2767,,382.129
44.5703,22942.3,55.7917,,382.115
44.5803,23324.5,55.3899,,382.351
44.5903,23706.7,54.8519,,382.112
44.6004,24088.8,55.098,,382.104
44.6104,24470.9,55.5978,,382.122
44.6204,24853.2,55.7928,,382.522
44.6304,25235.7,55.5054,,382.255
44.6403,25617.8,54.8034,,382.057
44.6503,26000,55.1542,,382.289
44.6603,26382.2,55.5015,,382.203
44.6703,26764.4,56.222,,382.144
44.6803,27146.8,56.8669,,382.646
44.6903,27529.3,56.8063,,382.263
44.7003,27911.4,57.3526,,382.122
44.7103,28293.7,57.1397,,382.457
44.7204,28676,55.7043,,382.111
44.7304,29058.1,54.6296,,382.107
44.7404,29440.2,54.6097,,382.134
44.7504,29822.3,55.2757,,382.062
44.7604,30204.6,56.2166,,382.452
44.7703,30586.9,56.0863,,382.069
44.7803,30969,55.612,,382.161
44.7903,31351.1,55.086,,382.127
44.8003,31733.4,54.9446,,382.413
44.8103,32115.6,55.4414,,382.187
44.8203,32498,55.7071,,382.271
44.8303,32880.3,55.8447,,382.431
44.8403,33262.6,55.1695,,382.203
44.8504,33644.9,54.9107,,382.44
44.8604,34027.2,55.3555,,382.109
44.8704,34409.3,55.7818,,382.083
44.8804,34791.4,56.7154,,382.113
44.8903,35173.5,56.7756,,382.165
44.9003,35555.7,57.0199,,382.317
44.9103,35938.2,57.4637,,382.332
44.9203,36320.3,56.4361,,382.107
44.9303,36702.5,54.9692,,382.215
44.9403,37084.6,54.554,,382.095
44.9503,37466.8,54.8846,,382.299
44.9603,37849.2,55.7976,,382.273
44.9704,38231.3,56.334,,382.128
44.9804,38613.4,55.8069,,382.113
44.9904,38995.6,55.5397,,382.476
45.0004,39378.2,55.1858,,382.467
45.0104,39760.4,55.312,,382.022
45.0203,40142.3,55.7967,,381.773
45.0303,40524.3,56.1446,,382.297
45.0403,40906.9,55.8759,,382.844
45.0503,41289.5,54.898,,382.433
45.0603,41671.8,55.1739,,381.88
45.0703,42054,55.4686,,382.659
45.0803,42436.2,56.224,,381.696
45.0903,42817.9,56.8292,,382.282
45.1004,43200.5,56.7918,,382.242
45.1104,43582.5,57.3444,,381.858
45.1204,43964.3,57.097,,382.124
45.1304,44346.8,55.661,,382.526
45.1403,44729.2,54.6386,,382.424
45.1503,45112.2,54.6349,,383.39
45.1603,45494.6,55.29,,381.151
45.1703,45875.9,56.2243,,381.98
45.1803,46258.3,56.0785,,382.549
45.1903,46640.9,55.644,,382.851
45.2003,47023.5,55.1518,,381.93
45.2103,47404.8,54.913,,381.25
45.2204,47787.1,55.3337,,383.079
45.2304,48170,55.6865,,382.378
45.2404,48551.7,55.9536,,381.334
45.2504,48933.9,55.2308,,382.718
45.2604,49316,54.902,,381.703
45.2703,49697.8,55.3204,,382.107
45.2803,50080.6,55.7846,,383.156
45.2903,50463,56.805,,381.761
45.3003,50845,56.8379,,382.44
45.3103,51227.3,57.1306,,382.008
45.3203,51609.3,57.5057,,382.445
45.3303,51992.4,56.4325,,383.348
45.3403,52375.4,54.945,,381.958
45.3504,52756.5,54.5619,,381.331
45.3604,53138.4,54.9094,,382.254
45.3704,53520.5,55.8092,,381.681
45.3804,53902.8,56.3082,,382.814
45.3903,54284.9,55.7891,,381.647
45.4003,54667,55.3881,,382.947
45.4103,55050.3,54.9204,,382.756
45.4203,55432.1,55.2225,,381.433
45.4303,55813.9,55.7094,,382.045
45.4403,56196.4,55.9143,,382.754
45.4503,56578.8,55.7031,,382.154
45.4603,56960.8,54.7884,,382.344
45.4704,57343.4,54.9972,,382.174
45.4804,57725.1,55.5391,,381.739
45.4904,58107.8,56.3764,,382.9
45.5004,58489.5,56.9218,,381.372
45.5104,58871.6,56.9045,,382.495
45.5203,59253.9,57.4663,,381.802
45.5303,59635.6,57.077,,381.418
45.5403,59991.1,53.2994,,311.233
45.5503,60189,31.0998,,91.1927
45.5603,60138.2,-22.3554,,-167.401
45.5703,59831.7,-55.6682,,-418.802
45.5803,59276.7,-67.1665,,-666.669
45.5903,58476.5,-73.1621,,-899.242
45.6004,57551,-75.4683,,-895.058
45.6104,56779.6,-69.7737,,-655.107
45.6204,56273.1,-59.4671,,-387.15
45.6304,56026.7,-39.7426,,-133.049
45.6403,56012.8,7.69889,,56.3743
45.6503,56033.8,-1.75955,,-52.0316
45.6603,55839.9,-46.9361,,-314.076
45.6703,55384.3,-63.3736,,-568.635
45.6803,54715.2,-68.7557,,-711.282
45.6903,54075.5,-65.9742,,-546.947
45.7003,53674.8,-53.6143,,-282.17
45.7103,53479,-41.2462,,-172.604
45.7204,53217.2,-49.8698,,-361.558
45.7304,52765.5,-58.8327,,-478.159
45.7404,52342.1,-55.8764,,-381.446
45.7504,51970.1,-54.9998,,-373.092
45.7604,51591.9,-56.8002,,-381.198
45.7703,51209.8,-57.8939,,-382.838
45.7803,50827,-56.995,,-382.139
45.7903,50444.6,-56.6584,,-382.572
45.8003,50062.5,-56.1774,,-382.01
45.8103,49680.4,-55.7741,,-382.065
45.8203,49298.5,-54.9655,,-381.593
45.8303,48916.3,-54.6901,,-382.98
45.8403,48534,-55.7682,,-381.645
45.8504,48151.5,-55.7988,,-383.146
45.8604,47768.9,-56.2574,,-382.011
45.8704,47387.3,-56.4335,,-381.378
45.8804,47005.2,-56.1667,,-382.99
45.8903,46622.3,-56.0025,,-382.196
45.9003,46240.5,-56.0542,,-381.923
45.9103,45858.3,-56.63,,-382.614
45.9203,45476.1,-55.7046,,-381.61
45.9303,45094,-54.9119,,-382.789
45.9403,44711.1,-54.9162,,-382.642
45.9503,44329,-55.2582,,-381.557
45.9603,43947.2,-56.7159,,-382.353
45.9704,43564.9,-57.8579,,-381.922
45.9804,43183.2,-57.4522,,-381.935
45.9904,42800,-56.7929,,-383.542
46.0004,42417.7,-56.6346,,-381.489
46.0104,42036,-55.928,,-382.236
46.0203,41653.4,-55.1846,,-382.611
46.0303,41271.4,-54.8992,,-381.723
46.0403,40889.3,-55.282,,-382.345
46.0503,40507,-55.9861,,-382.268
46.0603,40124.8,-56.3155,,-382.201
46.0703,39742.8,-56.5895,,-381.808
46.0803,39360.7,-56.1921,,-382.269
46.0903,38978.5,-56.0877,,-382.1
46.1004,38596.3,-56.037,,-382.369
46.1104,38213.9,-56.3953,,-382.258
46.1204,37831.6,-56.1743,,-382.488
46.1304,37449.3,-55.2663,,-382.129
46.1403,37067.1,-54.9228,,-382.254
46.1503,36684.9,-54.9818,,-382.265
46.1603,36302.7,-55.9718,,-382.045
46.1703,35920.4,-57.612,,-382.465
46.1803,35538.1,-57.7634,,-382.177
46.1903,35156,-56.9873,,-382.108
46.2003,34773.8,-56.7928,,-382.132
46.2103,34391.6,-56.2653,,-382.366
46.2204,34009.3,-55.4445,,-382.207
46.2304,33627.1,-55.0438,,-382.339
46.2404,33244.8,-54.9883,,-382.104
46.2504,32862.7,-55.6829,,-382.129
46.2604,32480.4,-56.2052,,-382.425
46.2703,32098.1,-56.6009,,-382.201
46.2803,31715.9,-56.429,,-382.133
46.2903,31333.8,-56.0684,,-382.132
46.3003,30951.7,-56.1166,,-382.098
46.3103,30569.4,-56.1652,,-382.525
46.3203,30186.9,-56.4296,,-382.448
46.3303,29804.6,-55.7069,,-382.098
46.3403,29422.5,-55.0094,,-382.287
46.3504,29040.2,-54.8569,,-382.145
46.3604,28658.1,-55.333,,-382.104
46.3704,28275.9,-56.8872,,-382.259
46.3804,27893.7,-57.9173,,-382.093
46.3903,27511.5,-57.3497,,-382.34
46.4003,27129.3,-56.8864,,-382.286
46.4103,26747,-56.679,,-382.093
46.4203,26364.8,-55.8052,,-382.416
46.4303,25982.3,-55.1719,,-382.348
46.4403,25600.1,-54.9094,,-382.22
46.4503,25218,-55.282,,-382.039
46.4603,24835.9,-56.0279,,-382.109
46.4704,24453.8,-56.4922,,-382.123
46.4804,24071.6,-56.671,,-382.317
46.4904,23689.4,-56.1052,,-382.121
46.5004,23307,-56.083,,-382.535
46.5104,22924.7,-56.0719,,-382.124
46.5203,22542.5,-56.3826,,-382.072
46.5303,22160.3,-56.1494,,-382.493
46.5403,21777.9,-55.2541,,-382.181
46.5503,21395.7,-54.9098,,-382.257
46.5603,21013.6,-54.9903,,-382.127
46.5703,20631.4,-56.0595,,-382.125
46.5803,20249.1,-57.6029,,-382.496
46.5903,19866.9,-57.7369,,-381.978
46.6004,19484.8,-57.0153,,-382.112
46.6104,19102.6,-56.8023,,-382.375
46.6204,18720.2,-56.2098,,-382.272
46.6304,18338,-55.3969,,-382.261
46.6403,17955.7,-55.0114,,-382.319
46.6503,17573.5,-54.9813,,-382.168
46.6603,17191.3,-55.5812,,-382.137
46.6703,16809.2,-56.0199,,-382.125
46.6803,16427.1,-56.4982,,-382.112
46.6903,16044.9,-56.3411,,-382.139
46.7003,15662.8,-55.9949,,-382.101
46.7103,15280.7,-56.0996,,-382.128
46.7204,14898.6,-56.2473,,-382.111
46.7304,14516.2,-56.4642,,-382.747
46.7404,14133.6,-55.6807,,-382.3
46.7504,13751.4,-55.0143,,-382.142
46.7604,13369.3,-54.8839,,-382.17
46.7703,12987,-55.3927,,-382.374
46.7803,12604.6,-56.985,,-382.316
46.7903,12222.4,-57.9719,,-382.141
46.8003,11840.2,-57.342,,-382.348
46.8103,11458,-56.8504,,-382.098
46.8203,11075.8,-56.5897,,-382.115
46.8303,10693.7,-55.7711,,-382.247
46.8403,10311.5,-55.1753,,-382.146
46.8504,9929.12,-54.9112,,-382.432
46.8604,9546.9,-55.2466,,-382.098
46.8704,9164.63,-55.9393,,-382.412
46.8804,8782.27,-56.3738,,-382.3
46.8903,8400.09,-56.5762,,-382.099
46.9003,8017.93,-56.04,,-382.273
46.9103,7635.61,-56.0743,,-382.235
46.9203,7253.44,-56.112,,-382.194
46.9303,6871.23,-56.4504,,-382.24
46.9403,6488.93,-56.131,,-382.272
46.9503,6106.76,-55.2249,,-382.127
46.9603,5724.55,-54.9518,,-382.265
46.9704,5342.31,-55.0414,,-382.2
46.9804,4960.17,-56.2334,,-382.163
46.9904,4577.87,-57.8518,,-382.373
47.0004,4195.57,-57.7833,,-382.195
47.0104,3813.4,-56.998,,-382.205
47.0203,3431.15,-56.7851,,-382.259
47.0303,3048.9,-56.1442,,-382.263
47.0403,2666.71,-55.3712,,-382.133
47.0503,2284.5,-54.9994,,-382.262
47.0603,1902.23,-54.9744,,-382.274
47.0703,1519.99,-55.6526,,-382.212
47.0803,1137.77,-56.1301,,-382.233
47.0903,755.536,-56.2716,,-382.229
47.1004,373.31,-55.9513,,-382.231
47.1104,-8.91242,-55.8302,,-382.217
47.1204,-391.143,-56.023,,-382.223
47.1304,-773.369,-56.2103,,-382.237
47.1403,-1155.59,-56.4943,,-382.21
47.1503,-1537.81,-55.6514,,-382.229
47.1603,-1920.05,-55.0122,,-382.25
47.1703,-2302.28,-54.8856,,-382.206
47.1803,-2684.46,-55.5903,,-382.163
47.1903,-3066.7,-57.2148,,-382.301
47.2003,-3448.93,-58.012,,-382.183
47.2103,-3831.08,-57.3094,,-382.151
47.2204,-4213.34,-56.7931,,-382.315
47.2304,-4595.64,-56.4713,,-382.245
47.2404,-4977.85,-55.6916,,-382.197
47.2504,-5360.01,-55.1831,,-382.179
47.2604,-5742.29,-54.9055,,-382.318
47.2703,-6124.51,-54.8169,,-382.152
47.2803,-6506.68,-54.9075,,-382.169
47.2903,-6888.85,-55.4717,,-382.248
47.3003,-7271.18,-55.8632,,-382.333
47.3103,-7653.49,-55.636,,-382.26
47.3203,-8035.67,-55.9933,,-382.194
47.3303,-8417.89,-56.0947,,-382.172
47.3403,-8800.04,-56.4496,,-382.152
47.3504,-9182.18,-56.1119,,-382.147
47.3604,-9564.49,-55.2287,,-382.4
47.3704,-9946.79,-54.9399,,-382.164
47.3804,-10329,-55.0781,,-382.31
47.3903,-10711.2,-56.2999,,-382.131
47.4003,-11093.3,-57.8604,,-382.118
47.4103,-11475.5,-57.7887,,-382.354
47.4203,-11857.9,-56.9422,,-382.22
47.4303,-12240,-56.6972,,-382.13
47.4403,-12622.2,-56.0848,,-382.165
47.4503,-13004.5,-55.3391,,-382.324
47.4603,-13386.7,-54.9914,,-382.14
47.4704,-13768.8,-54.8362,,-382.12
47.4804,-14150.9,-55.1303,,-382.117
47.4904,-14533,-55.7111,,-382.119
47.5004,-14915.1,-56.0514,,-382.147
47.5104,-15297.5,-55.8389,,-382.618
47.5203,-15680,-55.8392,,-382.263
47.5303,-16062.2,-55.9859,,-382.226
47.5403,-16444.5,-56.212,,-382.375
47.5503,-16826.7,-56.4354,,-382.095
47.5603,-17208.9,-55.5833,,-382.193
47.5703,-17591.1,-55.0131,,-382.121
47.5803,-17973.2,-54.8991,,-382.338
47.5903,-18355.7,-55.5582,,-382.403
47.6004,-18737.9,-57.2189,,-382.162
47.6104,-19120.1,-58.0184,,-382.117
47.6204,-19502.2,-57.2839,,-382.109
47.6304,-19884.4,-56.7124,,-382.392
47.6403,-20266.8,-56.3032,,-382.294
47.6503,-20649.1,-55.6047,,-382.381
47.6603,-21031.4,-55.1776,,-382.135
47.6703,-21413.4,-54.8857,,-382.179
47.6803,-21795.7,-54.8244,,-382.121
47.6903,-22177.8,-54.9764,,-382.126
47.7003,-22559.9,-55.4929,,-382.113
47.7103,-22942.2,-55.8026,,-382.36
47.7204,-23324.5,-55.6075,,-382.241
47.7304,-23706.6,-55.9229,,-382.096
47.7404,-24088.7,-56.0946,,-382.143
47.7504,-24471.1,-56.4905,,-382.387
47.7604,-24853.3,-56.0953,,-382.104
47.7703,-25235.5,-55.2169,,-382.431
47.7803,-25617.8,-54.9363,,-382.156
47.7903,-26000,-55.1018,,-382.24
47.8003,-26382.4,-56.3664,,-382.397
47.8103,-26764.6,-57.8656,,-382.186
47.8203,-27146.8,-57.7255,,-382.17
47.8303,-27529.1,-56.9168,,-382.243
47.8403,-27911.4,-56.5822,,-382.349
47.8504,-28293.5,-55.9406,,-382.052
47.8604,-28675.6,-55.3545,,-382.214
47.8704,-29057.9,-55.0291,,-382.313
47.8804,-29440.4,-54.8333,,-382.496
47.8903,-29822.6,-55.0574,,-382.122
47.9003,-30204.8,-55.6215,,-382.131
47.9103,-30586.9,-56.02,,-382.115
47.9203,-30969,-55.8322,,-382.278
47.9303,-31351.4,-55.8165,,-382.362
47.9403,-31733.6,-55.9706,,-382.132
47.9503,-32115.8,-56.1798,,-382.157
47.9603,-32498,-56.3947,,-382.093
47.9704,-32880,-55.5402,,-382.103
47.9804,-33262.3,-55.0152,,-382.511
47.9904,-33644.7,-54.9135,,-382.279
48.0004,-34026.9,-55.6387,,-382.254
48.0104,-34409.2,-57.2368,,-382.128
48.0203,-34791.3,-58,,-382.263
48.0303,-35173.7,-57.2694,,-382.233
48.0403,-35555.8,-56.6648,,-382.115
48.0503,-35937.9,-56.117,,-382.116
48.0603,-36320.2,-55.4925,,-382.246
48.0703,-36702.4,-55.1174,,-382.254
48.0803,-37084.6,-54.8889,,-382.372
48.0903,-37467,-54.8834,,-382.402
48.1004,-37849.4,-55.1058,,-382.203
48.1104,-38231.5,-55.7042,,-382.119
48.1204,-38613.6,-55.9557,,-382.12
48.1304,-38995.9,-55.7533,,-382.468
48.1403,-39378.2,-56.0314,,-382.116
48.1503,-39760.4,-56.059,,-382.173
48.1603,-40142.9,-56.4577,,-382.867
48.1703,-40525.4,-56.0387,,-382.144
48.1803,-40907.6,-55.2025,,-382.323
48.1903,-41289.8,-54.945,,-381.974
48.2003,-41671.3,-55.1416,,-381.328
48.2103,-42053.4,-56.4309,,-382.649
48.2204,-42435.7,-57.8906,,-382.017
48.2304,-42818.3,-57.7399,,-383.21
48.2404,-43201.7,-56.8876,,-383.342
48.2504,-43583.8,-56.5361,,-380.847
48.2604,-43965.1,-55.8322,,-382.33
48.2703,-44347.6,-55.2515,,-382.003
48.2803,-44729,-54.96,,-381.334
48.2903,-45111.3,-54.8479,,-382.657
48.3003,-45493.5,-54.8849,,-382.053
48.3103,-45875.5,-55.0871,,-382.213
48.3203,-46257.8,-55.6421,,-382.258
48.3303,-46640.1,-55.6404,,-382.521
48.3403,-47022.7,-55.8372,,-382.318
48.3504,-47404.8,-56.0312,,-382.013
48.3604,-47786.9,-56.2731,,-382.098
48.3704,-48169.2,-56.3837,,-382.241
48.3804,-48551.2,-55.4886,,-382.144
48.3903,-48933.6,-55.0102,,-382.583
48.4003,-49316.4,-54.9233,,-382.492
48.4103,-49698.2,-55.6659,,-381.934
48.4203,-50080.8,-57.2713,,-382.663
48.4303,-50462.8,-58.0057,,-381.782
48.4403,-50844.9,-57.2407,,-382.618
48.4503,-51227.5,-56.6191,,-382.385
48.4603,-51609.5,-56.1168,,-381.713
48.4704,-51991.8,-55.5079,,-382.724
48.4804,-52374.1,-55.123,,-381.518
48.4904,-52755.7,-54.8648,,-382.179
48.5004,-53138.1,-54.8338,,-382.486
48.5104,-53520.8,-54.9194,,-382.409
48.5203,-53903.1,-55.3245,,-382.466
48.5303,-54285.1,-55.7516,,-381.675
48.5403,-54667.2,-55.6085,,-382.425
48.5503,-55049.6,-55.9418,,-382.52
48.5603,-55431.8,-56.0723,,-381.755
48.5703,-55813.8,-56.4629,,-382.232
48.5803,-56195.9,-55.9249,,-382.203
48.5903,-56578.2,-55.1337,,-382.532
48.6004,-56961.1,-54.9238,,-382.555
48.6104,-57342.8,-55.1572,,-381.238
48.6204,-57724.7,-56.5038,,-382.835
48.6304,-58107.5,-57.9418,,-382.527
48.6403,-58490.1,-57.6764,,-382.615
48.6503,-58872.6,-56.766,,-381.814
48.6603,-59253.9,-56.3099,,-381.703
48.6703,-59635.8,-55.7117,,-381.341
48.6803,-59990.7,-52.8909,,-310.138
48.6903,-60186.8,-31.2862,,-88.996
48.7003,-60134.6,22.4057,,168.291
48.7103,-59826.2,54.7139,,421.388
48.7204,-59268.8,65.8624,,668.839
48.7304,-58467.3,73.4588,,899.814
48.7404,-57543,76.1503,,891.665
48.7504,-56776.8,69.158,,649.51
48.7604,-56276.8,58.1982,,380.666
48.7703,-56036.3,38.1985,,126.849
48.7803,-56024.8,-8.35789,,-53.7617
48.7903,-56038.5,3.30834,,61.1075
48.8003,-55837.3,47.1607,,320.8
48.8103,-55372,62.5556,,579.209
48.8203,-54700.5,67.5376,,705.102
48.8303,-54072.3,64.6167,,533.868
48.8403,-53685.1,52.1195,,268.261
48.8504,-53494,41.4732,,179.76
48.8604,-53216.7,51.4888,,378.377
48.8704,-52759.1,59.1226,,473.538
48.8804,-52341.5,55.5683,,378.313
48.8903,-51970.3,54.4087,,373.356
48.9003,-51591.9,55.076,,381.642
48.9103,-51209.4,56.9462,,382.556
48.9203,-50826.7,56.6129,,382.201
48.9303,-50445,56.9457,,381.746
48.9403,-50063.1,57.1874,,382.337
48.9503,-49680.1,56.2881,,382.771
48.9603,-49298.5,54.5369,,381.217
48.9704,-48916.1,54.2359,,383.194
48.9804,-48533.5,55.2089,,381.875
48.9904,-48151.6,55.8863,,382.383
49.0004,-47768.6,55.9828,,382.604
49.0104,-47387,55.6673,,381.571
49.0203,-47005,55.3315,,382.325
49.0303,-46622.7,54.6854,,382.144
49.0403,-46240.9,54.9698,,381.678
49.0503,-45858.4,55.5837,,382.671
49.0603,-45476.3,55.1841,,381.919
49.0703,-45094,54.5943,,382.88
49.0803,-44711.3,54.5201,,382.452
49.0903,-44328.7,54.6632,,382.754
49.1004,-43946.1,55.2159,,382.12
49.1104,-43564.8,56.2924,,381.137
49.1204,-43183,56.8021,,382.613
49.1304,-42800.2,56.7817,,382.141
49.1403,-42418.4,57.3987,,381.8
49.1503,-42036.2,56.8013,,382.577
49.1603,-41654,55.1179,,382.074
49.1703,-41271.7,54.4636,,382.278
49.1803,-40889,54.6685,,382.801
49.1903,-40506.9,55.4733,,381.809
49.2003,-40124.9,56.2553,,382.156
49.2103,-39742.2,55.8114,,382.836
49.2204,-39360,55.4967,,381.896
49.2304,-38978.1,54.8857,,382.001
49.2404,-38596,54.782,,382.125
49.2504,-38213.7,55.2669,,382.416
49.2604,-37831.3,55.3457,,382.366
49.2703,-37449.1,55.192,,382.071
49.2803,-37067.1,54.6454,,381.962
49.2903,-36685,54.7482,,382.164
49.3003,-36302.7,55.1726,,382.457
49.3103,-35920.5,55.8512,,382.15
49.3203,-35538.2,56.7922,,382.318
49.3303,-35156,56.7504,,382.101
49.3403,-34773.7,57.2123,,382.374
49.3504,-34391.5,57.3029,,382.09
49.3604,-34009.4,55.9132,,382.114
49.3704,-33627.3,54.6253,,382.213
49.3804,-33245,54.5156,,382.258
49.3903,-32862.6,54.998,,382.494
49.4003,-32480.4,55.9586,,382.062
49.4103,-32098.3,56.0611,,382.111
49.4203,-31716.1,55.586,,382.292
49.4303,-31333.7,55.2525,,382.416
49.4403,-30951.5,54.8295,,382.055
49.4503,-30569.3,55.1169,,382.357
49.4603,-30187,55.4271,,382.168
49.4704,-29804.9,55.489,,382.114
49.4804,-29422.8,55.0296,,382.11
49.4904,-29040.6,54.5214,,382.143
49.5004,-28658.4,54.5748,,382.361
49.5104,-28275.9,54.9459,,382.401
49.5203,-27893.7,56.1502,,382.134
49.5303,-27511.5,56.7609,,382.236
49.5403,-27129.2,56.9128,,382.389
49.5503,-26746.9,57.53,,382.264
49.5603,-26364.7,56.7342,,382.118
49.5703,-25982.6,55.0912,,382.118
49.5803,-25600.4,54.4686,,382.194
49.5903,-25218.3,54.6916,,382.192
49.6004,-24836.1,55.5238,,382.087
49.6104,-24453.6,56.2588,,382.676
49.6204,-24071.4,55.8033,,381.985
49.6304,-23689.3,55.4315,,382.359
49.6403,-23306.9,54.9032,,382.218
49.6503,-22924.8,54.7186,,382.119
49.6603,-22542.6,54.7277,,382.212
49.6703,-22160.3,54.6444,,382.228
49.6803,-21778.2,54.4798,,382.121
49.6903,-21396,54.4192,,382.253
49.7003,-21013.6,54.5464,,382.319
49.7103,-20631.5,54.8717,,382.136
49.7204,-20249.3,55.8816,,382.281
49.7304,-19867,56.9714,,382.177
49.7404,-19484.9,56.8579,,382.128
49.7504,-19102.8,57.2153,,382.115
49.7604,-18720.7,57.2642,,382.124
49.7703,-18338.5,55.844,,382.134
49.7803,-17956.2,54.5951,,382.649
49.7903,-17573.6,54.4842,,382.379
49.8003,-17191.4,54.9855,,382.125
49.8103,-16809.3,55.9704,,382.122
49.8203,-16427.1,56.0452,,382.118
49.8303,-16045,55.5204,,382.118
49.8403,-15662.7,55.1789,,382.495
49.8504,-15280.3,54.8583,,382.225
49.8604,-14898.1,55.1239,,382.406
49.8704,-14515.7,55.5988,,382.222
49.8804,-14133.5,55.7503,,382.126
49.8903,-13751.4,55.0705,,382.12
49.9003,-13369.3,54.4841,,382.12
49.9103,-12987.2,54.7634,,382.123
49.9203,-12605,55.4855,,382.232
49.9303,-12222.5,56.6261,,382.697
49.9403,-11840,56.7924,,382.235
49.9503,-11457.9,56.8617,,382.201
49.9603,-11075.7,57.4837,,382.094
49.9704,-10693.6,56.6095,,382.134
49.9804,-10311.5,55.0257,,382.116
49.9904,-9929.25,54.4699,,382.359
50.0004,-9546.81,54.6848,,382.391
50.0104,-9164.58,55.5334,,382.14
50.0203,-8782.42,56.1988,,382.241
50.0303,-8400.14,55.7292,,382.196
50.0403,-8017.92,55.3659,,382.318
50.0503,-7635.61,54.8106,,382.259
50.0603,-7253.44,54.9524,,382.119
50.0703,-6871.26,55.5365,,382.256
50.0803,-6488.97,55.8728,,382.267
50.0903,-6106.74,55.661,,382.248
50.1004,-5724.45,54.7048,,382.281
50.1104,-5342.26,54.5765,,382.118
50.1204,-4960.11,54.8188,,382.23
50.1304,-4577.8,55.3157,,382.32
50.1403,-4195.59,56.1743,,382.132
50.1503,-3813.37,56.5688,,382.262
50.1603,-3431.17,57.2064,,382.196
50.1703,-3048.93,57.2009,,382.253
50.1803,-2666.7,55.7695,,382.221
50.1903,-2284.46,54.5979,,382.25
50.2003,-1902.21,54.5167,,382.253
50.2103,-1519.99,55.0544,,382.203
50.2204,-1137.77,55.9502,,382.222
50.2304,-755.527,55.8955,,382.255
50.2404,-373.305,55.3813,,382.206
50.2504,8.91496,55.0646,,382.216
50.2604,391.142,54.8321,,382.237
50.2703,773.368,55.1462,,382.226
50.2803,1155.6,55.4959,,382.227
50.2903,1537.82,55.5143,,382.217
50.3003,1920.05,54.9514,,382.242
50.3103,2302.29,54.5536,,382.244
50.3203,2684.51,54.8345,,382.173
50.3303,3066.72,55.4324,,382.249
50.3403,3448.96,56.5354,,382.226
50.3504,3831.15,56.7105,,382.198
50.3604,4213.39,56.7919,,382.246
50.3704,4595.62,57.3928,,382.225
50.3804,4977.85,56.5005,,382.205
50.3903,5359.97,54.9705,,382.081
50.4003,5742.19,54.4594,,382.353
50.4103,6124.56,54.7161,,382.298
50.4203,6506.72,55.5915,,382.156
50.4303,6888.91,56.1778,,382.15
50.4403,7271.15,55.7237,,382.361
50.4503,7653.47,55.3609,,382.248
50.4603,8035.66,54.8209,,382.168
50.4704,8417.88,55.0145,,382.244
50.4804,8800.07,55.5896,,382.17
50.4904,9182.31,55.7264,,382.216
50.5004,9564.48,55.3867,,382.176
50.5104,9946.6,54.6151,,382.083
50.5203,10328.8,54.7014,,382.314
50.5303,10711,54.8751,,382.111
50.5403,11093.1,55.3524,,382.12
50.5503,11475.2,56.1889,,382.119
50.5603,11857.6,56.6031,,382.561
50.5703,12240,57.2471,,382.272
50.5803,12622.2,57.0841,,382.196
50.5903,13004.6,55.6626,,382.479
50.6004,13386.9,54.5515,,382.105
50.6104,13769,54.4959,,382.151
50.6204,14151.2,55.037,,382.163
50.6304,14533.3,55.9435,,382.244
50.6403,14915.7,55.8627,,382.324
50.6503,15297.9,55.3806,,382.122
50.6603,15680,54.9995,,382.127
50.6703,16062.1,54.8189,,382.125
50.6803,16444.3,55.2754,,382.321
50.6903,16826.8,55.6883,,382.442
50.7003,17209,55.8807,,382.128
50.7103,17591.3,55.2091,,382.434
50.7204,17973.6,54.6146,,382.207
50.7304,18355.8,55.0806,,382.193
50.7404,18737.9,55.6153,,382.114
50.7504,19120.1,56.5387,,382.114
50.7604,19502.2,56.6085,,382.283
50.7703,19884.6,56.8367,,382.298
50.7803,20266.8,57.4016,,382.356
50.7903,20649.3,56.428,,382.285
50.8003,21031.3,54.909,,382.002
50.8103,21413.4,54.4444,,382.135
50.8203,21795.6,54.7441,,382.134
50.8303,22177.7,55.5909,,382.282
50.8403,22560.1,56.1672,,382.251
50.8504,22942.3,55.7294,,382.182
50.8604,23324.5,55.532,,382.317
50.8704,23706.7,55.0802,,382.112
50.8804,24088.8,55.1478,,382.125
50.8903,24470.9,55.5962,,382.102
50.9003,24853.2,55.7109,,382.496
50.9103,25235.6,55.55,,382.337
50.9203,25618,54.7022,,382.405
50.9303,26000.3,54.6201,,382.185
50.9403,26382.5,55.0738,,382.118
50.9503,26764.6,56.0553,,382.117
50.9603,27146.7,56.7928,,382.136
50.9704,27528.8,56.7049,,382.185
50.9804,27911.2,57.1735,,382.324
50.9904,28293.4,57.0449,,382.225
51.0004,28675.7,55.5974,,382.369
51.0104,29057.9,54.5339,,382.174
51.0203,29440.2,54.5231,,382.165
51.0303,29822.3,55.137,,382.122
51.0403,30204.4,56.0232,,382.117
51.0503,30586.6,55.885,,382.199
51.0603,30968.9,55.4533,,382.379
51.0703,31351.1,55.2325,,382.127
51.0803,31733.4,54.9862,,382.413
51.0903,32115.7,55.3726,,382.471
51.1004,32498.1,55.6922,,381.998
51.1104,32880,55.8567,,381.997
51.1204,33262.3,55.1561,,382.519
51.1304,33644.6,54.5435,,382.126
51.1403,34026.9,54.8555,,382.33
51.1503,34409.1,55.5592,,382.115
51.1603,34791.2,56.6774,,382.116
51.1703,35173.3,56.7068,,382.119
51.1803,35555.5,56.9315,,382.415
51.1903,35938,57.376,,382.338
51.2003,36320.5,56.3726,,382.547
51.2103,36702.7,54.8726,,381.992
51.2204,37084.7,54.4409,,382.044
51.2304,37466.8,54.7738,,382.196
51.2404,37849,55.669,,382.234
51.2504,38231.3,56.2663,,382.215
51.2604,38613.6,55.7703,,382.454
51.2703,38995.9,55.4355,,382.11
51.2803,39378.1,54.8853,,382.33
51.2903,39760.3,54.9281,,382.243
51.3003,40142.6,55.3974,,382.232
51.3103,40525.1,55.352,,382.895
51.3203,40907.8,54.9489,,382.216
51.3303,41289.7,54.526,,381.821
51.3403,41671.4,54.6779,,381.624
51.3504,42053.4,55.287,,382.352
51.3604,42435.8,56.2647,,382.254
51.3704,42818.1,56.8545,,382.832
51.3804,43200.7,56.7384,,381.979
51.3903,43582.4,57.2609,,381.474
51.4003,43964.6,56.993,,382.858
51.4103,44347,55.5312,,381.835
51.4203,44728.8,54.5213,,382.146
51.4303,45111.8,54.4997,,382.855
51.4403,45493.7,55.1141,,381.705
51.4503,45875.9,56.0804,,382.742
51.4603,46258.3,56.0055,,381.97
51.4704,46640.7,55.6095,,382.551
51.4804,47022.8,55.0996,,381.987
51.4904,47404.9,54.9285,,382.479
51.5004,47787.3,55.4738,,382.077
51.5104,48169.6,55.9244,,382.322
51.5203,48551.6,56.2256,,381.7
51.5303,48933.9,55.2021,,383.148
51.5403,49316.5,54.5807,,381.513
51.5503,49697.9,54.7701,,382.244
51.5603,50080.6,55.3094,,382.326
51.5703,50462.6,56.5358,,381.745
51.5803,50844.5,56.609,,382.304
51.5903,51227.2,56.9039,,383.005
51.6004,51609.4,57.3447,,381.564
51.6104,51991.4,56.2799,,382.531
51.6204,52373.8,54.8204,,381.796
51.6304,52755.8,54.4327,,382.496
51.6403,53138.4,54.782,,382.488
51.6503,53520.6,55.6236,,382.254
51.6603,53903.1,56.0617,,382.447
51.6703,54285.1,55.5314,,381.675
51.6803,54667.3,55.1859,,382.617
51.6903,55049.7,54.792,,382.161
51.7003,55431.4,55.0147,,381.261
51.7103,55813.3,55.4338,,382.839
51.7204,56195.9,55.6789,,382.205
51.7304,56578.1,55.591,,382.111
51.7404,56960.6,54.7171,,382.532
51.7504,57342.6,54.6541,,381.779
51.7604,57725,54.8747,,383.107
51.7703,58107.4,55.8882,,381.731
51.7803,58489.2,56.6957,,382.039
51.7903,58872.4,56.6124,,383.49
51.8003,59254.7,57.1974,,381.513
51.8103,59636.1,56.9384,,380.982
51.8203,59990.9,53.2162,,311.206
51.8303,60189.9,31.0989,,91.7166
51.8403,60138.3,-22.2417,,-167.733
51.8504,59832.3,-55.5576,,-418.365
51.8604,59277.4,-67.0044,,-667.052
51.8704,58477.4,-73.1,,-898.598
51.8804,57551.2,-75.438,,-897.565
51.8903,56775.2,-69.7179,,-660.307
51.9003,56265.1,-59.523,,-389.414
51.9103,56017.2,-39.99,,-134.333
51.9203,56003.7,7.89996,,58.7511
51.9303,56029.1,0.20641,,-46.0162
51.9403,55843.6,-46.1583,,-304.352
51.9503,55396.6,-63.2367,,-561.71
51.9603,54730.1,-68.5569,,-714.449
51.9704,54079.8,-66.3417,,-561.194
51.9804,53663.8,-54.4442,,-295.555
51.9904,53465.9,-40.963,,-164.937
52.0004,53220,-48.7249,,-341.592
52.0104,52776.3,-58.5135,,-485.645
52.0203,52341.4,-56.4999,,-386.463
52.0303,51970.9,-55.0902,,-371.172
52.0403,51592.8,-56.8196,,-381.773
52.0503,51210,-57.7064,,-383.058
52.0603,50826.9,-56.9068,,-382.933
52.0703,50444.9,-56.6208,,-381.513
52.0803,50063.1,-56.0137,,-382.266
52.0903,49680.2,-55.7428,,-382.593
52.1004,49298.2,-54.8531,,-382.075
52.1104,48916,-54.6124,,-382.237
52.1204,48534,-55.6138,,-381.776
52.1304,48151.7,-55.6303,,-383.123
52.1403,47768.6,-56.0946,,-382.552
52.1503,47386.7,-56.2057,,-381.566
52.1603,47004.9,-56.1001,,-382.144
52.1703,46622.6,-55.9431,,-382.086
52.1803,46240.9,-55.9646,,-381.537
52.1903,45858.8,-56.5933,,-382.494
52.2003,45476.4,-55.6011,,-382.522
52.2103,45094.1,-54.8233,,-382.16
52.2204,44711.6,-54.8132,,-382.518
52.2304,44329.5,-55.1802,,-381.858
52.2404,43947.3,-56.6225,,-382.521
52.2504,43564.9,-57.6943,,-382.174
52.2604,43182.8,-57.3219,,-382.61
52.2703,42799.9,-56.6867,,-382.236
52.2803,42418.5,-56.5509,,-381.284
52.2903,42035.7,-55.8043,,-383.69
52.3003,41653.2,-55.0742,,-381.347
52.3103,41271.7,-54.8202,,-382.226
52.3203,40889,-55.1769,,-382.638
52.3303,40506.6,-55.8332,,-382.309
52.3403,40124.6,-56.2109,,-381.869
52.3504,39742.6,-56.4515,,-382.139
52.3604,39360.4,-56.0529,,-382.13
52.3704,38978.3,-55.9915,,-382.121
52.3804,38596.2,-55.9894,,-382.239
52.3903,38213.8,-56.3765,,-382.339
52.4003,37831.6,-56.1225,,-382.109
52.4103,37449.3,-55.1591,,-382.484
52.4203,37067,-54.8082,,-382.149
52.4303,36684.9,-54.8888,,-382.07
52.4403,36302.9,-55.868,,-382.122
52.4503,35920.7,-57.479,,-382.109
52.4603,35538.6,-57.6143,,-382.113
52.4704,35156.2,-56.8836,,-382.402
52.4804,34773.9,-56.7177,,-382.388
52.4904,34391.4,-56.2025,,-382.39
52.5004,34009.3,-55.3744,,-382.133
52.5104,33627.1,-54.9597,,-382.096
52.5203,33245,-54.8802,,-382.13
52.5303,32862.8,-55.5623,,-382.37
52.5403,32480.5,-56.0049,,-382.212
52.5503,32098.3,-56.4151,,-382.252
52.5603,31716.1,-56.2131,,-382.118
52.5703,31333.9,-55.9015,,-382.182
52.5803,30951.5,-56.02,,-382.497
52.5903,30569.2,-56.144,,-382.146
52.6004,30187.1,-56.3927,,-382.116
52.6104,29804.8,-55.6161,,-382.404
52.6204,29422.7,-54.9162,,-382.013
52.6304,29040.6,-54.7867,,-382.292
52.6403,28658.2,-55.2752,,-382.25
52.6503,28276,-56.9217,,-382.187
52.6603,27893.8,-57.8449,,-382.374
52.6703,27511.5,-57.2351,,-382.137
52.6803,27129.4,-56.7302,,-382.128
52.6903,26747.2,-56.5298,,-382.203
52.7003,26365,-55.7052,,-382.196
52.7103,25982.9,-55.0906,,-382.088
52.7204,25600.7,-54.8256,,-382.375
52.7304,25218.2,-55.1958,,-382.195
52.7404,24836.1,-55.8387,,-382.219
52.7504,24453.8,-56.2497,,-382.314
52.7604,24071.6,-56.4725,,-382.34
52.7703,23689.2,-55.9581,,-382.286
52.7803,23307,-56.0301,,-382.055
52.7903,22924.9,-56.0386,,-382.369
52.8003,22542.4,-56.3569,,-382.488
52.8103,22160.1,-56.0696,,-382.098
52.8203,21778,-55.1535,,-382.258
52.8303,21395.6,-54.8149,,-382.324
52.8403,21013.4,-54.9335,,-382.228
52.8504,20631.2,-56.133,,-382.151
52.8604,20249,-57.6964,,-382.118
52.8704,19866.9,-57.6383,,-382.106
52.8804,19484.8,-56.9207,,-382.096
52.8903,19102.7,-56.7351,,-382.125
52.9003,18720.6,-56.1318,,-382.119
52.9103,18338.5,-55.2971,,-382.212
52.9203,17956,-54.9104,,-382.668
52.9303,17573.5,-54.8772,,-382.301
52.9403,17191.3,-55.5565,,-382.152
52.9503,16809.1,-55.9002,,-382.213
52.9603,16426.9,-56.2602,,-382.115
52.9704,16044.8,-56.1542,,-382.119
52.9804,15662.7,-55.9021,,-382.123
52.9904,15280.6,-56.0339,,-382.118
53.0004,14898.3,-56.1415,,-382.452
53.0104,14515.8,-56.3791,,-382.429
53.0203,14133.4,-55.5824,,-382.301
53.0303,13751.3,-54.9242,,-382.155
53.0403,13369.2,-54.7903,,-382.066
53.0503,12987,-55.3458,,-382.123
53.0603,12604.9,-56.9758,,-382.204
53.0703,12222.6,-57.8801,,-382.336
53.0803,11840.2,-57.2391,,-382.403
53.0903,11457.9,-56.7598,,-382.201
53.1004,11075.8,-56.4527,,-382.13
53.1104,10693.6,-55.648,,-382.118
53.1204,10311.5,-55.1102,,-382.192
53.1304,9929.13,-54.8222,,-382.483
53.1403,9546.72,-54.734,,-382.301
53.1503,9164.52,-54.7489,,-382.168
53.1603,8782.39,-55.1262,,-382.115
53.1703,8400.23,-55.5644,,-382.254
53.1803,8017.88,-55.5331,,-382.285
53.1903,7635.71,-55.9485,,-382.193
53.2003,7253.42,-56.0405,,-382.306
53.2103,6871.18,-56.3711,,-382.209
53.2204,6489.03,-56.09,,-382.109
53.2304,6106.9,-55.1765,,-382.166
53.2404,5724.59,-54.8279,,-382.389
53.2504,5342.31,-54.9423,,-382.176
53.2604,4960.14,-56.1316,,-382.24
53.2703,4577.83,-57.7256,,-382.311
53.2803,4195.58,-57.6651,,-382.209
53.2903,3813.39,-56.8962,,-382.201
53.3003,3431.13,-56.7294,,-382.286
53.3103,3048.93,-56.0768,,-382.14
53.3203,2666.7,-55.309,,-382.292
53.3303,2284.43,-54.9048,,-382.226
53.3403,1902.23,-54.7325,,-382.196
53.3504,1520.02,-55.047,,-382.225
53.3604,1137.77,-55.6053,,-382.255
53.3704,755.536,-56.2593,,-382.23
53.3804,373.309,-56.1551,,-382.227
53.3903,-8.91832,-55.8732,,-382.225
53.4003,-391.142,-55.9407,,-382.219
53.4103,-773.362,-56.0934,,-382.233
53.4203,-1155.59,-56.3453,,-382.217
53.4303,-1537.82,-55.5202,,-382.232
53.4403,-1920.05,-54.9268,,-382.231
53.4503,-2302.27,-54.8009,,-382.199
53.4603,-2684.47,-55.4303,,-382.214
53.4704,-3066.69,-56.9957,,-382.22
53.4804,-3448.92,-57.8285,,-382.254
53.4904,-3831.18,-57.1973,,-382.24
53.5004,-4213.4,-56.727,,-382.199
53.5104,-4595.6,-56.3924,,-382.256
53.5203,-4977.87,-55.5777,,-382.226
53.5303,-5360.05,-55.0459,,-382.198
53.5403,-5742.2,-54.792,,-382.106
53.5503,-6124.47,-54.7127,,-382.315
53.5603,-6506.66,-54.7253,,-382.131
53.5703,-6888.79,-54.7993,,-382.198
53.5803,-7271.12,-55.1945,,-382.386
53.5903,-7653.42,-55.4822,,-382.186
53.6004,-8035.54,-55.9326,,-382.11
53.6104,-8417.71,-55.9722,,-382.24
53.6204,-8800.04,-56.331,,-382.364
53.6304,-9182.31,-55.9794,,-382.169
53.6403,-9564.51,-55.1198,,-382.227
53.6503,-9946.65,-54.8362,,-382.118
53.6603,-10328.8,-54.9897,,-382.163
53.6703,-10710.9,-56.1794,,-382.116
53.6803,-11093.1,-57.7177,,-382.128
53.6903,-11475.3,-57.6022,,-382.425
53.7003,-11857.8,-56.8307,,-382.505
53.7103,-12240.1,-56.6218,,-382.184
53.7204,-12622.3,-55.9597,,-382.097
53.7304,-13004.6,-55.2167,,-382.396
53.7404,-13386.8,-54.8917,,-382.213
53.7504,-13769,-54.7415,,-382.029
53.7604,-14151,-54.7891,,-382.116
53.7703,-14533.2,-55.1986,,-382.287
53.7803,-14915.6,-55.8753,,-382.38
53.7903,-15297.9,-55.7426,,-382.17
53.8003,-15680,-55.744,,-382.113
53.8103,-16062.1,-55.9775,,-382.121
53.8203,-16444.2,-56.1509,,-382.117
53.8303,-16826.6,-56.3419,,-382.656
53.8403,-17209.1,-55.498,,-382.253
53.8504,-17591.3,-54.929,,-382.195
53.8604,-17973.4,-54.8347,,-382.091
53.8704,-18355.6,-55.5218,,-382.157
53.8804,-18737.8,-57.086,,-382.354
53.8903,-19120.2,-57.839,,-382.279
53.9003,-19502.3,-57.1821,,-382.132
53.9103,-19884.4,-56.7062,,-382.109
53.9203,-20266.6,-56.3456,,-382.294
53.9303,-20649.1,-55.5477,,-382.455
53.9403,-21031.3,-55.0305,,-382.112
53.9503,-21413.5,-54.7845,,-382.227
53.9603,-21795.8,-54.7493,,-382.303
53.9704,-22178,-54.8235,,-382.192
53.9804,-22560.1,-55.1782,,-382.109
53.9904,-22942.3,-55.5314,,-382.242
54.0004,-23324.5,-55.6067,,-382.126
54.0104,-23706.7,-56.1063,,-382.34
54.0203,-24089.1,-56.1114,,-382.303
54.0303,-24471.3,-56.4264,,-382.12
54.0403,-24853.5,-55.9485,,-382.318
54.0503,-25235.7,-55.0979,,-382.123
54.0603,-25617.8,-54.8379,,-382.119
54.0703,-26000,-55.0155,,-382.253
54.0803,-26382.4,-56.2748,,-382.397
54.0903,-26764.5,-57.8274,,-382.089
54.1004,-27146.8,-57.6081,,-382.312
54.1104,-27529.2,-56.8019,,-382.371
54.1204,-27911.4,-56.487,,-382.237
54.1304,-28293.8,-55.8725,,-382.455
54.1403,-28676.1,-55.2182,,-382.199
54.1503,-29058.2,-54.8881,,-382.011
54.1603,-29440.5,-54.7381,,-382.38
54.1703,-29822.7,-54.7501,,-382.372
54.1803,-30205,-54.993,,-382.187
54.1903,-30587.2,-55.6006,,-382.109
54.2003,-30969.3,-55.6331,,-382.088
54.2103,-31351.4,-55.7164,,-382.099
54.2204,-31733.5,-55.9003,,-382.113
54.2304,-32115.7,-56.1195,,-382.306
54.2404,-32498.2,-56.2908,,-382.402
54.2504,-32880.4,-55.4161,,-382.264
54.2604,-33262.6,-54.9107,,-382.06
54.2703,-33644.6,-54.8131,,-382.252
54.2803,-34026.9,-55.5429,,-382.113
54.2903,-34409,-57.2157,,-382.135
54.3003,-34791.3,-57.929,,-382.325
54.3103,-35173.4,-57.1166,,-382.031
54.3203,-35555.7,-56.5826,,-382.432
54.3303,-35938.2,-56.0636,,-382.474
54.3403,-36320.4,-55.4008,,-382.128
54.3504,-36702.5,-55.0175,,-382.117
54.3604,-37084.7,-54.7866,,-382.149
54.3704,-37466.9,-54.72,,-382.294
54.3804,-37849.2,-54.8284,,-382.188
54.3903,-38231.3,-55.1638,,-382.12
54.4003,-38613.4,-55.6142,,-382.13
54.4103,-38995.7,-55.611,,-382.4
54.4203,-39378.1,-55.9298,,-382.398
54.4303,-39760.4,-55.9626,,-382.135
54.4403,-40142.5,-56.3464,,-382.281
54.4503,-40524.9,-55.8618,,-382.47
54.4603,-40907.3,-55.057,,-382.253
54.4704,-41289.4,-54.8368,,-381.961
54.4804,-41671.2,-55.053,,-381.801
54.4904,-42053.2,-56.3981,,-382.187
54.5004,-42435.5,-57.8645,,-382.257
54.5104,-42818.1,-57.6016,,-383.074
54.5203,-43201.4,-56.777,,-383.191
54.5303,-43583.3,-56.3986,,-381.002
54.5403,-43964.8,-55.7399,,-382.176
54.5503,-44347.2,-55.1574,,-382.102
54.5603,-44729.1,-54.8612,,-382.039
54.5703,-45111.5,-54.7307,,-382.447
54.5803,-45493.6,-54.7467,,-381.822
54.5903,-45875.7,-54.8712,,-382.484
54.6004,-46258.2,-55.4628,,-382.282
54.6104,-46640.3,-55.5922,,-382.471
54.6204,-47023,-55.7757,,-382.543
54.6304,-47405.6,-55.9309,,-382.545
54.6403,-47787.8,-56.1421,,-381.849
54.6503,-48169.6,-56.2621,,-381.798
54.6603,-48551.2,-55.3801,,-381.706
54.6703,-48933.8,-54.9233,,-383.014
54.6803,-49316.7,-54.8468,,-382.265
54.6903,-49697.9,-55.6296,,-381.386
54.7003,-50080.3,-57.2825,,-382.466
54.7103,-50462.4,-57.914,,-382.234
54.7204,-50844.5,-57.1062,,-382.454
54.7304,-51227.1,-56.5089,,-382.153
54.7404,-51609.2,-55.9407,,-382.085
54.7504,-51991.9,-55.3626,,-382.751
54.7604,-52373.9,-55.0015,,-381.754
54.7703,-52755.7,-54.7771,,-382.34
54.7803,-53138.5,-54.7284,,-382.71
54.7903,-53520.7,-54.7473,,-381.758
54.8003,-53902.7,-54.9418,,-382.334
54.8103,-54284.9,-55.3632,,-382.04
54.8203,-54667.1,-55.5151,,-382.738
54.8303,-55050.1,-55.8532,,-382.343
54.8403,-55431.7,-55.9414,,-381.592
54.8504,-55813.8,-56.3511,,-382.785
54.8604,-56196.7,-55.7891,,-382.415
54.8704,-56578.6,-55.0079,,-382.105
54.8804,-56961,-54.832,,-381.969
54.8903,-57342.7,-55.1091,,-381.68
54.9003,-57725,-56.4502,,-382.677
54.9103,-58107.2,-57.8026,,-381.972
54.9203,-58489,-57.5028,,-381.875
54.9303,-58871.8,-56.6637,,-383.431
54.9403,-59254.9,-56.1862,,-382.31
54.9503,-59636.3,-55.475,,-380.706
54.9603,-59990.6,-52.6709,,-309.42
54.9704,-60186,-30.9914,,-87.6841
54.9804,-60131.3,22.4827,,170.31
54.9904,-59823,54.5952,,421.302
55.0004,-59263.7,65.6305,,671.39
55.0104,-58460.8,73.1844,,899.14
55.0203,-57539.9,75.8933,,887.111
55.0303,-56778.7,68.898,,644.541
55.0403,-56281.4,57.8661,,378.864
55.0503,-56043,37.5527,,124.656
55.0603,-56035.1,-8.69165,,-56.4705
55.0703,-56044.8,5.09857,,69.919
55.0803,-55833.9,47.9155,,329.081
55.0903,-55363,62.7439,,585.159
55.1004,-54688,67.6126,,703.453
55.1104,-54068.4,64.006,,521.027
55.1204,-53693.9,51.1123,,257.906
55.1304,-53503.4,41.545,,187.33
55.1403,-53213.3,52.1448,,392.215
55.1503,-52753.2,58.8243,,465.084
55.1603,-52342.9,54.6193,,376.944
55.1703,-51970.7,54.1005,,373.918
55.1803,-51592.3,55.1127,,381.148
55.1903,-51210,56.9554,,382.996
55.2003,-50827.1,56.483,,382.57
55.2103,-50444.5,56.748,,382.777
55.2204,-50062,57.1234,,381.889
55.2304,-49680.4,56.2213,,381.534
55.2404,-49298.7,54.4806,,381.877
55.2504,-48916.3,54.1848,,382.931
55.2604,-48534,55.1218,,381.779
55.2703,-48151.7,55.7919,,382.74
55.2803,-47769,55.9138,,382.327
55.2903,-47387.2,55.6526,,381.552
55.3003,-47005.2,55.2735,,382.775
55.3103,-46622.3,54.6469,,382.196
55.3203,-46240.4,54.9676,,382.209
55.3303,-45857.8,55.5287,,382.489
55.3403,-45476,55.2654,,381.456
55.3504,-45094.1,54.7633,,382.342
55.3604,-44711.8,54.4581,,382.25
55.3704,-44329.8,54.4447,,381.849
55.3804,-43947.1,54.7633,,382.994
55.3903,-43564.9,56.0819,,381.859
55.4003,-43182.9,56.7323,,382.331
55.4103,-42800,56.7406,,383.06
55.4203,-42417.8,57.3215,,381.746
55.4303,-42035.8,56.7047,,382.109
55.4403,-41653.9,55.0273,,381.722
55.4503,-41272,54.3379,,382.1
55.4603,-40889.4,54.5547,,382.791
55.4704,-40507,55.3387,,382.274
55.4804,-40124.8,56.1633,,382.18
55.4904,-39742.8,55.7344,,381.808
55.5004,-39360.7,55.4431,,382.269
55.5104,-38978.5,54.8021,,382.214
55.5203,-38596.3,54.5227,,382.172
55.5303,-38213.8,54.5727,,382.599
55.5403,-37831.6,54.4793,,382.043
55.5503,-37449.6,54.3721,,381.983
55.5603,-37067.5,54.3295,,382.238
55.5703,-36685.1,54.4274,,382.301
55.5803,-36302.8,54.6016,,382.485
55.5903,-35920.3,55.0675,,382.444
55.6004,-35538,56.103,,382.139
55.6104,-35155.9,56.5522,,382.127
55.6204,-34773.8,57.0911,,382.116
55.6304,-34391.7,57.1532,,382.117
55.6403,-34009.5,55.8181,,382.196
55.6503,-33627.2,54.5127,,382.343
55.6603,-33244.9,54.3851,,382.296
55.6703,-32862.6,54.8198,,382.259
55.6803,-32480.5,55.8273,,382.129
55.6903,-32098.3,55.9825,,382.109
55.7003,-31716.2,55.4973,,382.139
55.7103,-31333.8,55.1032,,382.639
55.7204,-30951.5,54.6501,,382.049
55.7304,-30569.3,54.6303,,382.284
55.7404,-30187.1,54.6114,,382.148
55.7504,-29804.9,54.4956,,382.15
55.7604,-29422.6,54.3845,,382.439
55.7703,-29040.3,54.3542,,382.326
55.7803,-28658,54.5522,,382.115
55.7903,-28275.9,55.0185,,382.156
55.8003,-27893.6,56.3567,,382.382
55.8103,-27511.4,56.7598,,382.086
55.8203,-27129.2,56.7917,,382.276
55.8303,-26747,57.301,,382.224
55.8403,-26364.6,56.5736,,382.374
55.8504,-25982.4,54.9898,,382.156
55.8604,-25600.2,54.3856,,382.182
55.8704,-25218.1,54.5477,,382.111
55.8804,-24836,55.3846,,382.124
55.8903,-24453.7,56.1983,,382.266
55.9003,-24071.5,55.7023,,382.295
55.9103,-23689.2,55.3004,,382.296
55.9203,-23307,54.7565,,382.136
55.9303,-22924.6,54.5894,,382.403
55.9403,-22542.3,54.5583,,382.267
55.9503,-22160.2,54.449,,382.109
55.9603,-21778.1,54.3407,,382.1
55.9704,-21395.9,54.3317,,382.222
55.9804,-21013.7,54.4612,,382.185
55.9904,-20631.5,54.8347,,382.434
56.0004,-20249.1,55.809,,382.177
56.0104,-19867,56.7358,,382.118
56.0203,-19484.8,56.6617,,382.123
56.0303,-19102.6,57.0964,,382.322
56.0403,-18720.3,57.1738,,382.397
56.0503,-18337.9,55.7469,,382.173
56.0603,-17955.8,54.5058,,382.127
56.0703,-17573.7,54.4231,,382.152
56.0803,-17191.4,54.9113,,382.464
56.0903,-16809,55.8944,,382.164
56.1004,-16426.9,55.9834,,382.24
56.1104,-16044.7,55.4913,,382.115
56.1204,-15662.6,54.9952,,382.141
56.1304,-15280.4,54.5807,,382.311
56.1403,-14898,54.8627,,382.238
56.1503,-14515.8,55.2955,,382.311
56.1603,-14133.5,55.2278,,382.182
56.1703,-13751.2,54.7171,,382.409
56.1803,-13369,54.4029,,382.119
56.1903,-12986.8,54.6448,,382.25
56.2003,-12604.5,54.8786,,382.271
56.2103,-12222.3,55.7489,,382.245
56.2204,-11840.1,56.2897,,382.118
56.2304,-11458,56.7199,,382.124
56.2404,-11075.8,57.3811,,382.287
56.2504,-10693.5,56.5173,,382.155
56.2604,-10311.4,54.9293,,382.122
56.2703,-9929.1,54.3978,,382.434
56.2803,-9546.72,54.567,,382.306
56.2903,-9164.54,55.3229,,382.112
56.3003,-8782.42,55.9953,,382.111
56.3103,-8400.19,55.5102,,382.375
56.3203,-8017.88,55.1626,,382.19
56.3303,-7635.64,54.6741,,382.274
56.3403,-7253.44,54.5927,,382.138
56.3504,-6871.25,54.6212,,382.302
56.3604,-6488.97,54.5005,,382.191
56.3704,-6106.84,54.3585,,382.147
56.3804,-5724.55,54.3248,,382.363
56.3903,-5342.22,54.4863,,382.287
56.4003,-4960.03,54.9039,,382.133
56.4103,-4577.81,55.8839,,382.284
56.4203,-4195.56,56.7546,,382.226
56.4303,-3813.34,56.5803,,382.205
56.4403,-3431.12,56.9777,,382.205
56.4503,-3049.01,57.0221,,382.114
56.4603,-2666.75,55.6378,,382.328
56.4704,-2284.45,54.4869,,382.26
56.4804,-1902.21,54.4136,,382.247
56.4904,-1519.99,54.9172,,382.195
56.5004,-1137.78,55.8738,,382.226
56.5104,-755.555,55.8328,,382.233
56.5203,-373.32,55.3437,,382.222
56.5303,8.91536,55.1328,,382.241
56.5403,391.141,54.7605,,382.229
56.5503,773.369,55.014,,382.221
56.5603,1155.61,55.3681,,382.24
56.5703,1537.83,55.3304,,382.213
56.5803,1920.06,54.8148,,382.238
56.5903,2302.28,54.4631,,382.207
56.6004,2684.45,54.8835,,382.139
56.6104,3066.66,55.4511,,382.315
56.6204,3448.95,56.4768,,382.2
56.6304,3831.16,56.611,,382.241
56.6403,4213.4,56.7487,,382.262
56.6503,4595.64,57.2933,,382.192
56.6603,4977.87,56.4142,,382.251
56.6703,5360.03,54.8984,,382.106
56.6803,5742.19,54.387,,382.262
56.6903,6124.49,54.5748,,382.212
56.7003,6506.64,55.4284,,382.181
56.7103,6888.89,56.0359,,382.232
56.7204,7271.05,55.4996,,382.173
56.7304,7653.37,55.2116,,382.4
56.7404,8035.62,54.8187,,382.171
56.7504,8417.8,54.9702,,382.205
56.7604,8800.06,55.4876,,382.277
56.7703,9182.35,55.6531,,382.232
56.7803,9564.49,55.4326,,382.123
56.7903,9946.62,54.6206,,382.132
56.8003,10328.8,54.4396,,382.357
56.8103,10711.2,54.8747,,382.289
56.8203,11093.4,55.8743,,382.136
56.8303,11475.5,56.6136,,382.11
56.8403,11857.6,56.5593,,382.12
56.8504,12239.8,57.1006,,382.213
56.8604,12622.2,57.0182,,382.481
56.8704,13004.5,55.5903,,382.13
56.8804,13386.6,54.4612,,382.13
56.8903,13768.7,54.4146,,382.114
56.9003,14150.9,55.0252,,382.332
56.9103,14533.4,55.9243,,382.479
56.9203,14915.6,55.8225,,382.091
56.9303,15297.8,55.2971,,382.263
56.9403,15680,54.8776,,382.11
56.9503,16062.1,54.5772,,382.158
56.9603,16444.4,55.0476,,382.215
56.9704,16826.5,55.2978,,382.121
56.9804,17208.6,55.3004,,382.126
56.9904,17590.7,54.8005,,382.182
57.0004,17973.3,54.4261,,382.738
57.0104,18355.6,54.5338,,382.122
57.0203,18737.8,54.8642,,382.194
57.0303,19119.9,55.8411,,382.094
57.0403,19502.1,56.3549,,382.127
57.0503,19884.2,56.8077,,382.141
57.0603,20266.5,57.2543,,382.473
57.0703,20649,56.3142,,382.342
57.0803,21031.2,54.8385,,382.167
57.0903,21413.4,54.37,,382.182
57.1004,21795.6,54.5921,,382.289
57.1104,22178,55.3845,,382.501
57.1204,22560.3,55.9618,,382.106
57.1304,22942.4,55.4501,,382.127
57.1403,23324.7,55.1171,,382.485
57.1503,23707.1,54.7016,,382.138
57.1603,24089.1,54.75,,382.139
57.1703,24471.3,55.2222,,382.119
57.1803,24853.4,55.1706,,382.117
57.1903,25235.6,54.6583,,382.446
57.2003,25618,54.3768,,382.257
57.2103,26000.2,54.6182,,382.17
57.2204,26382.5,54.7759,,382.392
57.2304,26764.8,55.31,,382.14
57.2404,27146.9,56.2103,,382.047
57.2504,27529,56.4841,,382.137
57.2604,27911.1,57.1073,,382.135
57.2703,28293.3,56.9605,,382.322
57.2803,28675.7,55.4867,,382.398
57.2903,29058,54.4536,,382.155
57.3003,29440.2,54.4029,,382.255
57.3103,29822.4,54.9712,,382.187
57.3203,30204.6,55.868,,382.118
57.3303,30586.9,55.758,,382.784
57.3403,30969.5,55.2821,,382.149
57.3504,31351.4,54.8518,,381.908
57.3604,31733.6,54.6934,,382.183
57.3704,32115.7,55.1402,,382.316
57.3804,32498.1,55.4667,,382.222
57.3903,32880.5,55.3287,,382.487
57.4003,33262.7,54.7574,,382.055
57.4103,33644.8,54.5338,,382.207
57.4203,34027,54.7776,,382.171
57.4303,34409.2,55.253,,382.252
57.4403,34791.4,56.4781,,382.119
57.4503,35173.5,56.5854,,382.115
57.4603,35555.6,56.7775,,382.128
57.4704,35937.8,57.2562,,382.136
57.4804,36320.1,56.2605,,382.427
57.4904,36702.3,54.799,,382.14
57.5004,37084.5,54.369,,382.341
57.5104,37466.8,54.6365,,382.16
57.5203,37849.1,55.532,,382.377
57.5303,38231.6,55.9849,,382.471
57.5403,38613.8,55.4513,,382.122
57.5503,38995.9,55.1631,,381.987
57.5603,39378.2,54.8605,,382.516
57.5703,39760.6,55.0788,,382.197
57.5803,40142.6,55.6416,,382.151
57.5903,40524.8,55.6881,,382.239
57.6004,40907.4,55.2378,,382.816
57.6104,41289.8,54.5432,,381.841
57.6204,41671.4,54.7948,,381.679
57.6304,42053.7,55.2688,,382.597
57.6403,42435.9,56.0537,,381.998
57.6503,42817.9,56.641,,382.172
57.6603,43200.3,56.6085,,382.369
57.6703,43582.4,57.1452,,381.775
57.6803,43964.5,56.8777,,382.584
57.6903,44347,55.4319,,382.212
57.7003,44728.9,54.4349,,381.826
57.7103,45111.7,54.4213,,383.389
57.7204,45493.9,55.0788,,381.256
57.7304,45875.8,55.9424,,382.924
57.7404,46258.6,55.7277,,382.189
57.7504,46640.6,55.2679,,382.071
57.7604,47022.9,54.8478,,382.287
57.7703,47404.8,54.8105,,381.689
57.7803,47787,55.3383,,383.077
57.7903,48170.3,55.7556,,382.628
57.8003,48551.9,56.0845,,381.155
57.8103,48933.8,55.1167,,382.721
57.8203,49316.6,54.522,,382.558
57.8303,49698.6,54.7267,,381.562
57.8403,50080.4,55.2235,,382.237
57.8504,50462.9,56.4305,,382.573
57.8604,50845.7,56.53,,382.708
57.8704,51227.7,56.7971,,381.491
57.8804,51608.9,57.2374,,381.469
57.8903,51992,56.2076,,383.908
57.9003,52374.6,54.7524,,381.569
57.9103,52756.3,54.3595,,382.104
57.9203,53138.5,54.7052,,382.18
57.9303,53520.6,55.5509,,382.052
57.9403,53902.9,55.9836,,382.489
57.9503,54285.5,55.4359,,382.54
57.9603,54667.5,55.1395,,381.91
57.9704,55049.8,54.7884,,382.244
57.9804,55431.6,55.0262,,381.729
57.9904,55814.2,55.4862,,383.2
58.0004,56196.4,55.5617,,381.246
58.0104,56578.2,55.3737,,382.61
58.0203,56961.1,54.6323,,382.555
58.0303,57342.8,54.7189,,381.43
58.0403,57724.9,55.2387,,382.918
58.0503,58107.7,56.1583,,382.071
58.0603,58489.3,56.6585,,381.732
58.0703,58871.7,56.5837,,382.853
58.0803,59254.1,57.1264,,381.767
58.0903,59636,56.8204,,381.454
58.1004,59990.9,53.0783,,310.068
58.1104,60186.9,30.7634,,89.2619
58.1204,60135,-22.5647,,-168.165
58.1304,59827.2,-55.6169,,-420.743
58.1403,59269.8,-66.9571,,-669.209
58.1503,58468.4,-72.9848,,-898.768
58.1603,57545.4,-75.2973,,-891.36
58.1703,56778.4,-69.4225,,-650.421
58.1803,56276,-59.0578,,-384.182
58.1903,56033.3,-39.2033,,-127.651
58.2003,56022.6,8.19799,,55.505
58.2103,56038,-3.29716,,-59.2672
58.2204,55838.4,-47.7861,,-319.65
58.2304,55375.2,-63.5424,,-576.647
58.2404,54702.9,-68.5484,,-708.825
58.2504,54071.6,-65.3647,,-535.715
58.2604,53682.3,-52.766,,-271.064
58.2703,53490.4,-41.3027,,-177.392
58.2803,53216.5,-50.4713,,-375.791
58.2903,52759.6,-58.7429,,-473.795
58.3003,52342,-55.361,,-378.796
58.3103,51969.9,-54.8018,,-373.868
58.3203,51591.8,-56.6061,,-380.503
58.3303,51209.5,-57.68,,-383.307
58.3403,50826.3,-56.7619,,-382.726
58.3504,50444.6,-56.4373,,-381.207
58.3604,50062.5,-55.9876,,-383.05
58.3704,49680.1,-55.56,,-381.423
58.3804,49298.8,-54.8088,,-381.569
58.3903,48916,-54.5481,,-383.473
58.4003,48533.4,-55.5418,,-381.956
58.4103,48151.5,-55.5241,,-382.132
58.4203,47769.4,-55.9411,,-381.98
58.4303,47387.5,-56.2286,,-381.871
58.4403,47005.4,-55.9597,,-382.183
58.4503,46623.2,-55.8581,,-382.256
58.4603,46240.9,-55.8839,,-382.634
58.4704,45857.7,-56.4526,,-383.165
58.4804,45475.7,-55.4668,,-381.222
58.4904,45094.1,-54.7346,,-382.143
58.5004,44711.7,-54.7691,,-382.348
58.5104,44329.5,-55.0722,,-382.336
58.5203,43946.5,-56.5688,,-383.377
58.5303,43564,-57.6702,,-381.511
58.5403,43182.5,-57.2094,,-381.726
58.5503,42800.1,-56.5783,,-382.53
58.5603,42418.3,-56.3779,,-381.701
58.5703,42036.1,-55.7078,,-382.346
58.5803,41654,-54.9938,,-382.046
58.5903,41271.9,-54.7366,,-382.45
58.6004,40888.9,-55.0874,,-382.945
58.6104,40506.7,-55.6935,,-381.919
58.6204,40124.8,-56.0188,,-381.818
58.6304,39742.9,-56.341,,-382.015
58.6403,39360.8,-55.9564,,-382.125
58.6503,38978.5,-55.8936,,-382.564
58.6603,38596.1,-55.8489,,-382.144
58.6703,38213.9,-56.245,,-382.135
58.6803,37831.8,-55.9924,,-382.108
58.6903,37449.5,-55.071,,-382.478
58.7003,37067.2,-54.7387,,-382.343
58.7103,36684.8,-54.7978,,-382.147
58.7204,36302.7,-55.7797,,-382.123
58.7304,35920.6,-57.4122,,-382.18
58.7404,35538.3,-57.5074,,-382.384
58.7504,35156,-56.7639,,-382.25
58.7604,34773.8,-56.5927,,-382.137
58.7703,34391.5,-56.0634,,-382.404
58.7803,34009.3,-55.2669,,-382.062
58.7903,33627.1,-54.8885,,-382.284
58.8003,33244.9,-54.8061,,-382.125
58.8103,32862.8,-55.4249,,-382.198
58.8203,32480.6,-55.8534,,-382.107
58.8303,32098.5,-56.2776,,-382.128
58.8403,31716.3,-56.1137,,-382.225
58.8504,31333.9,-55.7785,,-382.416
58.8604,30951.4,-55.9052,,-382.455
58.8704,30569.2,-56.0217,,-382.141
58.8804,30187,-56.3065,,-382.302
58.8903,29804.8,-55.5234,,-382.077
58.9003,29422.7,-54.8276,,-382.1
58.9103,29040.6,-54.693,,-382.299
58.9203,28658.2,-55.1765,,-382.268
58.9303,28276.1,-56.7041,,-382.021
58.9403,27893.8,-57.7093,,-382.502
58.9503,27511.5,-57.1264,,-382.107
58.9603,27129.3,-56.645,,-382.379
58.9704,26747,-56.3728,,-382.148
58.9804,26364.8,-55.5837,,-382.259
58.9904,25982.5,-55.0105,,-382.183
59.0004,25600.4,-54.7495,,-382.253
59.0104,25218.1,-55.1088,,-382.313
59.0203,24835.9,-55.7537,,-382.118
59.0303,24453.7,-56.0414,,-382.419
59.0403,24071.4,-56.3148,,-382.024
59.0503,23689.3,-55.8678,,-382.093
59.0603,23307.2,-55.8932,,-382.158
59.0703,22925.1,-55.8931,,-382.11
59.0803,22543,-56.2343,,-382.133
59.0903,22160.8,-56.0124,,-382.326
59.1004,21778.3,-55.1063,,-382.38
59.1104,21396.1,-54.7384,,-382.171
59.1204,21013.9,-54.8084,,-382.334
59.1304,20631.6,-55.9101,,-382.289
59.1403,20249.1,-57.4784,,-382.381
59.1503,19867,-57.5092,,-382.119
59.1603,19484.8,-56.8161,,-382.174
59.1703,19102.5,-56.584,,-382.274
59.1803,18720.4,-55.9878,,-382.118
59.1903,18338.3,-55.2453,,-382.123
59.2003,17955.9,-54.8933,,-382.549
59.2103,17573.6,-54.6632,,-382.09
59.2204,17191.5,-54.901,,-382.127
59.2304,16809.3,-55.3687,,-382.251
59.2404,16427,-55.8107,,-382.317
59.2504,16044.8,-55.909,,-382.125
59.2604,15662.7,-55.7675,,-382.12
59.2703,15280.6,-55.8702,,-382.205
59.2803,14898.1,-55.99,,-382.529
59.2903,14515.8,-56.2684,,-382.168
59.3003,14133.7,-55.4803,,-382.114
59.3103,13751.5,-54.8336,,-382.116
59.3203,13369.3,-54.7143,,-382.385
59.3303,12987,-55.2564,,-382.192
59.3403,12604.9,-56.869,,-382.125
59.3504,12222.7,-57.7833,,-382.116
59.3604,11840.6,-57.1249,,-382.119
59.3704,11458.5,-56.6448,,-382.125
59.3804,11076.1,-56.3126,,-382.642
59.3903,10693.5,-55.4256,,-382.344
59.4003,10311.4,-54.9097,,-382.113
59.4103,9929.1,-54.7009,,-382.416
59.4203,9546.83,-54.6517,,-382.153
59.4303,9164.58,-54.6621,,-382.263
59.4403,8782.35,-54.8346,,-382.297
59.4503,8400.13,-55.2872,,-382.161
59.4603,8017.87,-55.3196,,-382.311
59.4704,7635.61,-55.8342,,-382.195
59.4804,7253.47,-55.9751,,-382.122
59.4904,6871.28,-56.3422,,-382.286
59.5004,6488.94,-55.9558,,-382.32
59.5104,6106.74,-55.0324,,-382.134
59.5203,5724.62,-54.754,,-382.139
59.5303,5342.32,-54.8469,,-382.355
59.5403,4960.1,-56.021,,-382.178
59.5503,4577.83,-57.6376,,-382.285
59.5603,4195.56,-57.5404,,-382.264
59.5703,3813.35,-56.7194,,-382.179
59.5803,3431.14,-56.5136,,-382.253
59.5903,3048.89,-55.9585,,-382.22
59.6004,2666.7,-55.1881,,-382.203
59.6104,2284.43,-54.8286,,-382.296
59.6204,1902.18,-54.6784,,-382.214
59.6304,1519.97,-54.6678,,-382.197
59.6403,1137.77,-54.714,,-382.236
59.6503,755.536,-55.1289,,-382.214
59.6603,373.306,-55.5034,,-382.236
59.6703,-8.91803,-55.675,,-382.221
59.6803,-391.142,-55.8666,,-382.225
59.6903,-773.368,-56.0288,,-382.229
59.7003,-1155.6,-56.2592,,-382.219
59.7103,-1537.82,-55.4345,,-382.233
59.7204,-1920.03,-54.8544,,-382.204
59.7304,-2302.28,-54.7213,,-382.259
59.7404,-2684.49,-55.3289,,-382.206
59.7504,-3066.67,-56.9875,,-382.168
59.7604,-3448.94,-57.812,,-382.295
59.7703,-3831.18,-57.0667,,-382.219
59.7803,-4213.38,-56.5399,,-382.203
59.7903,-4595.64,-56.2429,,-382.289
59.8003,-4977.87,-55.4652,,-382.196
59.8103,-5360.03,-54.9774,,-382.125
59.8203,-5742.16,-54.7234,,-382.187
59.8303,-6124.48,-54.6565,,-382.3
59.8403,-6506.74,-54.7,,-382.233
59.8504,-6888.88,-55.1083,,-382.123
59.8604,-7271,-55.7349,,-382.128
59.8704,-7653.32,-55.5763,,-382.452
59.8804,-8035.61,-55.8744,,-382.155
59.8903,-8417.74,-55.875,,-382.176
59.9003,-8800.04,-56.2489,,-382.35
59.9103,-9182.34,-55.8892,,-382.267
59.9203,-9564.54,-55.0173,,-382.152
59.9303,-9946.71,-54.7694,,-382.115
59.9403,-10328.9,-54.9016,,-382.423
59.9503,-10711.2,-56.1248,,-382.101
59.9603,-11093.3,-57.6526,,-382.135
59.9704,-11475.5,-57.4969,,-382.163
59.9804,-11857.8,-56.7206,,-382.442
59.9904,-12240.2,-56.3628,,-382.217
60.0004,-12621.6,-55.6771,,-378.264