0.0103418,8.06668,20.8926,,18.2864
0.0203516,38.193,64.1287,,36.7105
0.0303613,76.8945,77.1886,,39.1038
0.0403101,115.576,74.8402,,38.3707
0.0503198,153.806,71.0555,,38.1852
0.0603296,192.005,68.1933,,38.2111
0.0703394,230.226,65.8566,,38.2263
0.0803491,268.451,63.8309,,38.2252
0.0903589,306.675,62.2558,,38.2231
0.100308,344.899,61.0171,,38.2208
0.110317,383.12,59.9839,,38.2239
0.120327,421.344,59.05,,38.2245
0.130337,459.565,58.2915,,38.2161
0.140347,497.782,57.6513,,38.2229
0.150356,536.006,57.0356,,38.223
0.160305,574.229,56.4805,,38.2212
0.170315,612.452,55.9645,,38.2241
0.180325,650.679,55.4637,,38.2274
0.190334,688.902,55.0069,,38.219
0.200344,727.119,54.5224,,38.2196
0.210354,765.333,54.0623,,38.2073
0.220364,803.562,53.6814,,38.2436
0.230312,841.787,53.3634,,38.2204
0.240322,880.019,53.046,,38.2253
0.250332,918.237,52.7509,,38.2216
0.260342,956.46,52.4736,,38.2226
0.270352,994.686,52.2067,,38.2293
0.280361,1032.91,51.9702,,38.2197
0.29031,1071.13,51.7244,,38.218
0.30032,1109.35,51.4923,,38.2188
0.31033,1147.58,51.2426,,38.2334
0.320339,1185.79,51.0107,,38.2177
0.330349,1224.02,50.8246,,38.2119
0.340359,1262.23,50.6282,,38.2133
0.350308,1300.44,50.4526,,38.2199
0.360317,1338.68,50.2693,,38.2324
0.370327,1376.9,50.0524,,38.2218
0.380337,1415.13,49.8461,,38.2319
0.390347,1453.36,49.632,,38.2294
0.400356,1491.58,49.4269,,38.2362
0.410305,1529.82,49.3061,,38.2498
0.420315,1568.05,49.2258,,38.1933
0.430325,1606.25,49.0696,,38.2191
0.440334,1644.47,48.911,,38.1993
0.450344,1682.69,48.7385,,38.2296
0.460354,1720.91,48.599,,38.2202
0.470364,1759.14,48.4812,,38.2397
0.480312,1797.35,48.3045,,38.2258
0.490322,1835.6,48.1251,,38.2478
0.500332,1873.81,47.9786,,38.1705
0.510342,1912.01,47.8386,,38.2108
0.520352,1950.26,47.7112,,38.2989
0.530361,1988.51,47.5508,,38.1805
0.54031,2026.7,47.4119,,38.2172
0.55032,2064.9,47.2711,,38.2142
0.56033,2103.12,47.111,,38.2278
0.570339,2141.37,46.9288,,38.2483
0.580349,2179.61,46.746,,38.2101
0.590359,2217.83,46.5963,,38.2235
0.600308,2256.04,46.4048,,38.2029
0.610317,2294.24,46.2877,,38.217
0.620327,2332.45,46.1901,,38.2177
0.630337,2370.67,46.0985,,38.234
0.640347,2408.92,46.0141,,38.2384
0.650356,2447.15,45.9518,,38.2025
0.660305,2485.36,45.8778,,38.2208
0.670315,2523.57,45.7954,,38.2131
0.680325,2561.82,45.724,,38.2823
0.690334,2600.06,45.6336,,38.1869
0.700344,2638.26,45.5607,,38.2219
0.710354,2676.46,45.5001,,38.1887
0.720364,2714.68,45.4714,,38.2462
0.730312,2752.91,45.4585,,38.2284
0.740322,2791.18,45.4223,,38.2752
0.750332,2829.38,45.3715,,38.2015
0.760342,2867.62,45.3106,,38.1954
0.770352,2905.8,45.2805,,38.1925
0.780361,2944.04,45.2404,,38.2713
0.79031,2982.29,45.2076,,38.2103
0.80032,3020.47,45.1742,,38.2009
0.81033,3058.68,45.1317,,38.2356
0.820339,3096.93,45.071,,38.2614
0.830349,3135.18,45.0184,,38.1975
0.840359,3173.36,44.9921,,38.1846
0.850308,3211.58,45.0264,,38.2111
0.860317,3249.79,45.024,,38.2262
0.870327,3288.07,45.0018,,38.3401
0.880337,3326.3,44.9912,,38.1651
0.890347,3364.48,44.9262,,38.1884
0.900356,3402.7,44.8451,,38.2179
0.910305,3440.93,44.8563,,38.2411
0.920315,3479.17,44.9208,,38.2399
0.930325,3517.4,45.0019,,38.1917
0.940334,3555.58,45.0734,,38.2082
0.950344,3593.84,45.1549,,38.2873
0.960354,3632.07,45.3241,,38.1931
0.970364,3670.24,45.4998,,38.1867
0.980312,3708.48,45.5863,,38.2326
0.990322,3746.73,45.6216,,38.3084
1.00033,3785.02,45.6457,,38.195
1.01034,3823.17,45.6028,,38.1543
1.02035,3861.4,45.4261,,38.2726
1.03036,3899.59,45.1814,,38.2035
1.04031,3937.85,45.0196,,38.2413
1.05032,3976.05,44.9716,,38.2181
1.06033,4014.29,44.9659,,38.2049
1.07034,4052.49,44.9568,,38.2105
1.08035,4090.71,44.9222,,38.1985
1.09036,4128.92,44.9025,,38.2448
1.10031,4167.15,44.8666,,38.2331
1.11032,4205.45,44.8279,,38.3091
1.12033,4243.63,44.8687,,38.1333
1.13034,4281.81,45.0044,,38.1935
1.14035,4320.05,45.144,,38.2696
1.15036,4358.3,45.1925,,38.2117
1.16031,4396.5,45.1972,,38.2106
1.17031,4434.7,45.1602,,38.2062
1.18032,4472.94,45.1143,,38.2688
1.19033,4511.16,45.1263,,38.2008
1.20034,4549.39,45.1537,,38.2175
1.21035,4587.6,45.2283,,38.2003
1.22036,4625.81,45.2281,,38.2099
1.23031,4664.02,45.2064,,38.2065
1.24032,4702.27,45.2094,,38.2905
1.25033,4740.51,45.2108,,38.2211
1.26034,4778.71,45.1895,,38.207
1.27035,4816.94,45.1611,,38.2206
1.28036,4855.16,45.1184,,38.2122
1.29031,4893.37,45.032,,38.2164
1.30032,4931.62,44.9128,,38.2291
1.31033,4969.81,44.7903,,38.2123
1.32034,5008.04,44.6305,,38.2401
1.33035,5046.28,44.616,,38.2588
1.34036,5084.53,44.6222,,38.2552
1.35031,5122.83,44.5134,,38.2582
1.36032,5161.04,44.3592,,38.1967
1.37033,5199.19,44.3159,,38.138
1.38034,5237.37,44.3,,38.1859
1.39035,5275.57,44.2848,,38.2825
1.40036,5313.85,44.275,,38.2684
1.41031,5352.14,44.2075,,38.2672
1.42031,5390.33,43.9808,,38.0956
1.43032,5428.46,43.7257,,38.2007
1.44033,5466.7,43.4547,,38.2195
1.45034,5504.91,43.171,,38.217
1.46035,5543.1,43.0739,,38.2222
1.47036,5581.41,42.9981,,38.3271
1.48031,5619.61,42.8772,,38.18
1.49032,5657.87,42.7774,,38.2325
1.50033,5696.04,42.6971,,38.186
1.51034,5734.27,42.6188,,38.2242
1.52035,5772.51,42.5566,,38.2357
1.53036,5810.7,42.5111,,38.1861
1.54031,5848.98,42.4873,,38.3442
1.55032,5887.22,42.4638,,38.1932
1.56033,5925.4,42.4631,,38.1572
1.57034,5963.51,42.4107,,37.6669
1.58035,5986.41,25.6945,,2.3599
1.59036,5964.14,-14.5199,,-35.8344
1.60031,5924.51,-33.599,,-40.2408
1.61032,5885.28,-38.8795,,-38.4464
1.62033,5847.16,-40.6685,,-38.0586
1.63034,5808.96,-41.7182,,-38.3094
1.64035,5770.71,-42.231,,-38.1638
1.65036,5732.49,-42.3485,,-38.2599
1.66031,5694.25,-42.5252,,-38.2721
1.67031,5656.04,-42.5827,,-38.157
1.68032,5617.85,-42.5886,,-38.2686
1.69033,5579.54,-42.5538,,-38.2348
1.70034,5541.34,-42.5706,,-38.2063
1.71035,5503.09,-42.7897,,-38.3188
1.72036,5464.82,-42.8928,,-38.1927
1.73031,5426.55,-42.9932,,-38.3458
1.74032,5388.34,-43.0342,,-38.0955
1.75033,5350.24,-43.0651,,-38.17
1.76034,5312,-43.1673,,-38.274
1.77035,5273.78,-43.4222,,-38.1145
1.78036,5235.61,-43.6891,,-38.2454
1.79031,5197.39,-43.7752,,-38.222
1.80032,5159.14,-43.8173,,-38.2233
1.81033,5120.87,-43.9031,,-38.332
1.82034,5082.65,-43.9834,,-38.1451
1.83035,5044.5,-44.1302,,-38.1589
1.84036,5006.28,-44.2178,,-38.2619
1.85031,4968.04,-44.2531,,-38.1867
1.86032,4929.84,-44.4031,,-38.2235
1.87033,4891.6,-44.5557,,-38.2541
1.88034,4853.33,-44.6391,,-38.2878
1.89035,4815.08,-44.558,,-38.2017
1.90036,4776.93,-44.4417,,-38.1534
1.91031,4738.73,-44.2915,,-38.2286
1.92031,4700.47,-44.1508,,-38.2796
1.93032,4662.19,-44.0403,,-38.2489
1.94033,4624.02,-43.9845,,-38.1257
1.95034,4585.81,-43.9603,,-38.2852
1.96035,4547.58,-43.9219,,-38.1822
1.97036,4509.39,-43.8474,,-38.2363
1.98031,4471.13,-43.7292,,-38.2348
1.99032,4432.91,-43.599,,-38.1922
2.00033,4394.71,-43.5382,,-38.2141
2.01034,4356.51,-43.4883,,-38.1907
2.02035,4318.26,-43.463,,-38.2878
2.03036,4280.03,-43.4505,,-38.2225
2.04031,4241.81,-43.3889,,-38.2216
2.05032,4203.59,-43.2603,,-38.2034
2.06033,4165.39,-43.1158,,-38.1844
2.07034,4127.19,-42.9743,,-38.2138
2.08035,4088.95,-42.8304,,-38.2473
2.09036,4050.71,-42.7666,,-38.2414
2.10031,4012.48,-42.6895,,-38.2468
2.11032,3974.23,-42.5876,,-38.2393
2.12033,3936.03,-42.5514,,-38.1721
2.13034,3897.82,-42.5255,,-38.2606
2.14035,3859.56,-42.5005,,-38.1993
2.15036,3821.35,-42.4907,,-38.2166
2.16031,3783.16,-42.5286,,-38.1995
2.17031,3744.92,-42.6407,,-38.282
2.18032,3706.68,-42.7203,,-38.2329
2.19033,3668.45,-42.7615,,-38.1922
2.20034,3630.26,-42.6847,,-38.2011
2.21035,3592.03,-42.5459,,-38.2346
2.22036,3553.82,-42.4042,,-38.1768
2.23031,3515.6,-42.2451,,-38.2744
2.24032,3477.35,-42.0632,,-38.2188
2.25033,3439.17,-41.9,,-38.2072
2.26034,3400.93,-41.7775,,-38.2427
2.27035,3362.69,-41.7712,,-38.2176
2.28036,3324.47,-41.7934,,-38.2451
2.29031,3286.2,-41.7888,,-38.2655
2.30032,3247.99,-41.7715,,-38.1505
2.31033,3209.81,-41.7124,,-38.2293
2.32034,3171.6,-41.5818,,-38.2037
2.33035,3133.37,-41.4489,,-38.2391
2.34036,3095.16,-41.3432,,-38.2076
2.35031,3056.93,-41.2898,,-38.22
2.36032,3018.69,-41.2662,,-38.2782
2.37033,2980.4,-41.2452,,-38.2284
2.38034,2942.24,-41.2245,,-38.1628
2.39035,2904.03,-41.2136,,-38.257
2.40036,2865.8,-41.1984,,-38.2201
2.41031,2827.58,-41.1849,,-38.1966
2.42031,2789.38,-41.1516,,-38.2009
2.43032,2751.14,-41.1316,,-38.2956
2.44033,2712.86,-41.0935,,-38.1841
2.45034,2674.64,-41.0538,,-38.3196
2.46035,2636.4,-40.9962,,-38.1348
2.47036,2598.27,-40.9478,,-38.1994
2.48031,2560.02,-40.8915,,-38.2607
2.49032,2521.8,-40.8435,,-38.1776
2.50033,2483.6,-40.7968,,-38.226
2.51034,2445.35,-40.7762,,-38.2622
2.52035,2407.12,-40.7614,,-38.2192
2.53036,2368.9,-40.7529,,-38.1899
2.54031,2330.7,-40.7509,,-38.2176
2.55032,2292.47,-40.7446,,-38.2211
2.56033,2254.24,-40.735,,-38.237
2.57034,2216,-40.721,,-38.2475
2.58035,2177.79,-40.7087,,-38.2186
2.59036,2139.56,-40.6952,,-38.2245
2.60031,2101.34,-40.6709,,-38.2227
2.61032,2063.11,-40.6712,,-38.2239
2.62033,2024.9,-40.6598,,-38.1804
2.63034,1986.68,-40.6551,,-38.2425
2.64035,1948.46,-40.6473,,-38.2091
2.65036,1910.24,-40.6435,,-38.2476
2.66031,1872.01,-40.6835,,-38.241
2.67031,1833.77,-40.7197,,-38.2177
2.68032,1795.55,-40.7473,,-38.2258
2.69033,1757.33,-40.774,,-38.1994
2.70034,1719.11,-40.8488,,-38.229
2.71035,1680.91,-40.9719,,-38.1887
2.72036,1642.68,-41.0202,,-38.2587
2.73031,1604.44,-41.052,,-38.2289
2.74032,1566.22,-41.0592,,-38.232
2.75033,1528,-41.0447,,-38.206
2.76034,1489.77,-41.012,,-38.2345
2.77035,1451.55,-40.9794,,-38.1957
2.78036,1413.3,-41.0063,,-38.326
2.79031,1375.03,-41.0484,,-38.1707
2.80032,1336.88,-41.1469,,-38.1913
2.81033,1298.66,-41.2011,,-38.2231
2.82034,1260.49,-41.2721,,-38.1499
2.83035,1222.26,-41.289,,-38.2678
2.84036,1184.02,-41.2887,,-38.2243
2.85031,1145.78,-41.3329,,-38.2348
2.86032,1107.56,-41.3623,,-38.2236
2.87033,1069.34,-41.3377,,-38.2191
2.88034,1031.12,-41.3045,,-38.2174
2.89035,992.896,-41.2896,,-38.2242
2.90036,954.671,-41.229,,-38.231
2.91031,916.457,-41.1271,,-38.2017
2.92031,878.225,-41.0494,,-38.2452
2.93032,840.007,-41.0195,,-38.2145
2.94033,801.777,-41.0159,,-38.2242
2.95034,763.555,-41.0021,,-38.2317
2.96035,725.331,-40.9651,,-38.2137
2.97036,687.113,-40.9007,,-38.2251
2.98031,648.886,-40.8788,,-38.2252
2.99032,610.667,-40.8869,,-38.217
3.00033,572.448,-40.8856,,-38.2185
3.01034,534.229,-40.8467,,-38.2233
3.02035,496.001,-40.8026,,-38.2271
3.03036,457.78,-40.7784,,-38.217
3.04031,419.557,-40.813,,-38.2231
3.05032,381.338,-40.8672,,-38.2227
3.06033,343.11,-40.9414,,-38.2255
3.07034,304.888,-41.0243,,-38.2214
3.08035,266.667,-41.0562,,-38.222
3.09036,228.444,-41.088,,-38.2242
3.10031,190.222,-41.1343,,-38.2188
3.11032,151.998,-41.1545,,-38.2269
3.12033,113.775,-41.1135,,-38.2234
3.13034,75.5519,-41.1085,,-38.2212
3.14035,37.3306,-41.0883,,-38.221
3.15036,-0.891052,-41.0928,,-38.2232
3.16031,-39.1145,-41.075,,-38.2234
3.17031,-77.3368,-41.0111,,-38.2212
3.18032,-115.558,-40.9547,,-38.222
3.19033,-153.781,-40.9499,,-38.2218
3.20034,-192.003,-41.0078,,-38.2237
3.21035,-230.229,-41.0161,,-38.2263
3.22036,-268.452,-40.9603,,-38.2209
3.23031,-306.673,-40.8986,,-38.2211
3.24032,-344.895,-40.8549,,-38.2209
3.25033,-383.116,-40.8213,,-38.2227
3.26034,-421.341,-40.8423,,-38.2258
3.27035,-459.565,-40.8498,,-38.2226
3.28036,-497.786,-40.8594,,-38.2221
3.29031,-536.008,-40.9344,,-38.2228
3.30032,-574.236,-41.0052,,-38.2256
3.31033,-612.455,-41.0137,,-38.2186
3.32034,-650.682,-41.0163,,-38.2288
3.33035,-688.901,-41.1116,,-38.2178
3.34036,-727.126,-41.254,,-38.2226
3.35031,-765.335,-41.3291,,-38.2139
3.36032,-803.566,-41.425,,-38.2307
3.37033,-841.793,-41.4921,,-38.2257
3.38034,-880.015,-41.4271,,-38.2241
3.39035,-918.242,-41.2944,,-38.2226
3.40036,-956.461,-41.1726,,-38.2176
3.41031,-994.688,-41.0591,,-38.2349
3.42031,-1032.9,-40.9431,,-38.2091
3.43032,-1071.13,-40.8309,,-38.224
3.44033,-1109.35,-40.7236,,-38.2352
3.45034,-1147.57,-40.7353,,-38.2013
3.46035,-1185.79,-40.7884,,-38.2288
3.47036,-1224.02,-40.7315,,-38.2286
3.48031,-1262.24,-40.6075,,-38.2032
3.49032,-1300.43,-40.4739,,-38.2251
3.50033,-1338.68,-40.2942,,-38.2295
3.51034,-1376.91,-40.1054,,-38.2237
3.52035,-1415.14,-39.949,,-38.2342
3.53036,-1453.35,-39.8842,,-38.211
3.54031,-1491.58,-39.8815,,-38.2339
3.55032,-1529.78,-39.8713,,-38.2252
3.56033,-1568.03,-39.8806,,-38.2188
3.57034,-1606.24,-39.9041,,-38.211
3.58035,-1644.47,-39.9355,,-38.2288
3.59036,-1682.69,-39.9595,,-38.2241
3.60031,-1720.93,-39.9603,,-38.2308
3.61032,-1759.14,-39.9355,,-38.2327
3.62033,-1797.37,-39.893,,-38.2397
3.63034,-1835.6,-39.8477,,-38.1936
3.64035,-1873.8,-39.8137,,-38.2167
3.65036,-1912.01,-39.7999,,-38.1855
3.66031,-1950.23,-39.798,,-38.2423
3.67031,-1988.48,-39.7898,,-38.2532
3.68032,-2026.71,-39.7909,,-38.2243
3.69033,-2064.9,-39.7697,,-38.1999
3.70034,-2103.13,-39.7701,,-38.2393
3.71035,-2141.36,-39.7709,,-38.22
3.72036,-2179.58,-39.7646,,-38.2107
3.73031,-2217.81,-39.758,,-38.2296
3.74032,-2256.03,-39.7559,,-38.209
3.75033,-2294.25,-39.7622,,-38.2335
3.76034,-2332.47,-39.7826,,-38.2366
3.77035,-2370.71,-39.7821,,-38.2428
3.78036,-2408.93,-39.7655,,-38.196
3.79031,-2447.14,-39.7655,,-38.2125
3.80032,-2485.37,-39.856,,-38.2231
3.81033,-2523.56,-40.0762,,-38.1783
3.82034,-2561.79,-40.3632,,-38.3113
3.83035,-2600.12,-40.5646,,-38.2539
3.84036,-2638.29,-40.6696,,-38.1348
3.85031,-2676.47,-40.8352,,-38.2303
3.86032,-2714.71,-41.1331,,-38.2323
3.87033,-2752.93,-41.479,,-38.2278
3.88034,-2791.13,-41.7683,,-38.2303
3.89035,-2829.38,-41.8598,,-38.2373
3.90036,-2867.61,-41.9237,,-38.1906
3.91031,-2905.8,-42.0467,,-38.2072
3.92031,-2944.03,-42.1078,,-38.2128
3.93032,-2982.24,-42.1161,,-38.2282
3.94033,-3020.47,-42.1377,,-38.2559
3.95034,-3058.72,-42.1602,,-38.2277
3.96035,-3096.92,-42.1736,,-38.1964
3.97036,-3135.13,-42.1213,,-38.2188
3.98031,-3173.39,-42.0508,,-38.3109
3.99032,-3211.69,-42.0237,,-38.2023
4.00033,-3249.83,-42.0209,,-38.1488
4.01034,-3288.04,-42.0476,,-38.2454
4.02035,-3326.27,-42.0243,,-38.2459
4.03036,-3364.57,-41.9038,,-38.2973
4.04031,-3402.73,-41.7593,,-38.1062
4.05032,-3440.91,-41.6293,,-38.2307
4.06033,-3479.15,-41.6525,,-38.2071
4.07034,-3517.39,-41.6879,,-38.2594
4.08035,-3555.61,-41.6499,,-38.2038
4.09036,-3593.84,-41.5793,,-38.2485
4.10031,-3632.04,-41.4339,,-38.2101
4.11032,-3670.26,-41.2599,,-38.2199
4.12033,-3708.49,-41.1143,,-38.2245
4.13034,-3746.7,-41.0241,,-38.1853
4.14035,-3784.93,-40.9789,,-38.2705
4.15036,-3823.19,-40.9159,,-38.2154
4.16031,-3861.37,-40.8199,,-38.1975
4.17031,-3899.62,-40.7409,,-38.2773
4.18032,-3937.84,-40.6987,,-38.2314
4.19033,-3976.11,-40.6746,,-38.2103
4.20034,-4014.27,-40.6524,,-38.1613
4.21035,-4052.48,-40.6605,,-38.2307
4.22036,-4090.73,-40.7264,,-38.2457
4.23031,-4128.92,-40.7795,,-38.1954
4.24032,-4167.18,-40.7457,,-38.2811
4.25033,-4205.39,-40.6325,,-38.21
4.26034,-4243.62,-40.5069,,-38.2224
4.27035,-4281.84,-40.4055,,-38.2018
4.28036,-4320.08,-40.3251,,-38.2952
4.29031,-4358.35,-40.1748,,-38.1778
4.30032,-4396.5,-40.0559,,-38.1686
4.31033,-4434.69,-39.9909,,-38.2319
4.32034,-4472.93,-40.0036,,-38.2409
4.33035,-4511.18,-40.0382,,-38.248
4.34036,-4549.39,-40.0575,,-38.1885
4.35031,-4587.58,-40.0381,,-38.1702
4.36032,-4625.82,-39.9788,,-38.3086
4.37033,-4664.09,-39.8162,,-38.2097
4.38034,-4702.29,-39.6993,,-38.2141
4.39035,-4740.5,-39.629,,-38.2389
4.40036,-4778.74,-39.5742,,-38.2271
4.41031,-4816.96,-39.5357,,-38.2021
4.42031,-4855.2,-39.5031,,-38.2937
4.43032,-4893.49,-39.5059,,-38.1973
4.44033,-4931.61,-39.4945,,-38.122
4.45034,-4969.83,-39.501,,-38.2926
4.46035,-5008.13,-39.5061,,-38.2864
4.47036,-5046.35,-39.5001,,-38.2087
4.48031,-5084.54,-39.4986,,-38.1588
4.49032,-5122.74,-39.4737,,-38.2678
4.50033,-5161.04,-39.4211,,-38.2264
4.51034,-5199.25,-39.3813,,-38.2935
4.52035,-5237.51,-39.354,,-38.1629
4.53036,-5275.76,-39.3447,,-38.3458
4.54031,-5313.96,-39.3343,,-38.068
4.55032,-5352.04,-39.3346,,-38.1672
4.56033,-5390.26,-39.328,,-38.1967
4.57034,-5428.51,-39.3276,,-38.2921
4.58035,-5466.79,-39.3175,,-38.2499
4.59036,-5505.01,-39.3106,,-38.1866
4.60031,-5543.22,-39.3019,,-38.2571
4.61032,-5581.41,-39.2956,,-38.2055
4.62033,-5619.61,-39.2996,,-38.1487
4.63034,-5657.86,-39.2895,,-38.3347
4.64035,-5696.13,-39.2867,,-38.1647
4.65036,-5734.31,-39.283,,-38.1811
4.66031,-5772.53,-39.2806,,-38.3166
4.67031,-5810.78,-39.274,,-38.1516
4.68032,-5848.94,-39.2629,,-38.2318
4.69033,-5887.21,-39.2625,,-38.2361
4.70034,-5925.39,-39.2919,,-38.1656
4.71035,-5963.5,-39.3965,,-37.6661
4.72036,-5986.36,-23.8635,,-2.3754
4.73031,-5964.17,13.7541,,35.764
4.74032,-5924.56,31.3872,,40.2335
4.75033,-5885.32,36.1577,,38.5853
4.76034,-5847.05,37.7752,,38.0885
4.77035,-5808.91,38.7548,,38.2108
4.78036,-5770.71,39.2048,,38.2123
4.79031,-5732.47,39.2752,,38.2296
4.80032,-5694.21,39.3372,,38.323
4.81033,-5656.02,39.3068,,38.0833
4.82034,-5617.84,39.2696,,38.255
4.83035,-5579.61,39.1743,,38.2084
4.84036,-5541.41,39.1177,,38.1768
4.85031,-5503.2,39.1301,,38.2428
4.86032,-5464.99,39.0667,,38.1968
4.87033,-5426.77,39.0888,,38.2494
4.88034,-5388.55,39.0913,,38.2361
4.89035,-5350.3,39.0651,,38.2362
4.90036,-5312.06,39.0567,,38.239
4.91031,-5273.79,39.0625,,38.2326
4.92031,-5235.54,39.0738,,38.2456
4.93032,-5197.37,39.0514,,38.193
4.94033,-5159.06,39.0952,,38.3568
4.95034,-5120.85,39.1236,,38.131
4.96035,-5082.66,39.1396,,38.2297
4.97036,-5044.47,39.1846,,38.1554
4.98031,-5006.27,39.1912,,38.2242
4.99032,-4968.02,39.2071,,38.2222
5.00033,-4929.82,39.2024,,38.2174
5.01034,-4891.59,39.2082,,38.235
5.02035,-4853.36,39.2079,,38.223
5.03036,-4815.18,39.1816,,38.1963
5.04031,-4776.96,39.1847,,38.237
5.05032,-4738.72,39.1679,,38.2206
5.06033,-4700.51,39.1753,,38.1877
5.07034,-4662.27,39.1803,,38.2768
5.08035,-4624.04,39.2211,,38.1978
5.09036,-4585.84,39.3674,,38.2368
5.10031,-4547.6,39.569,,38.2302
5.11032,-4509.35,39.6448,,38.251
5.12033,-4471.13,39.6465,,38.1868
5.13034,-4432.94,39.6278,,38.1904
5.14035,-4394.73,39.5847,,38.2205
5.15036,-4356.49,39.5619,,38.2573
5.16031,-4318.25,39.6797,,38.2192
5.17031,-4280.04,39.8245,,38.2412
5.18032,-4241.8,39.9372,,38.2498
5.19033,-4203.5,40.0941,,38.2589
5.20034,-4165.35,40.2893,,38.1213
5.21035,-4127.16,40.4745,,38.216
5.22036,-4088.92,40.578,,38.2566
5.23031,-4050.67,40.6749,,38.2364
5.24032,-4012.48,40.7443,,38.2261
5.25033,-3974.24,40.6669,,38.2292
5.26034,-3936,40.4989,,38.254
5.27035,-3897.76,40.3608,,38.1938
5.28036,-3859.57,40.3634,,38.1922
5.29031,-3821.37,40.3885,,38.1861
5.30032,-3783.15,40.4322,,38.2663
5.31033,-3744.91,40.4628,,38.228
5.32034,-3706.67,40.4768,,38.2545
5.33035,-3668.41,40.5069,,38.2331
5.34036,-3630.2,40.5275,,38.2162
5.35031,-3592.01,40.6215,,38.1458
5.36032,-3553.81,40.8932,,38.2519
5.37033,-3515.57,41.0336,,38.2275
5.38034,-3477.37,41.0682,,38.2047
5.39035,-3439.13,41.0538,,38.2486
5.40036,-3400.93,41.0455,,38.1673
5.41031,-3362.73,41.0944,,38.2786
5.42031,-3324.43,41.1901,,38.2299
5.43032,-3286.21,41.3018,,38.2392
5.44033,-3248,41.3934,,38.1895
5.45034,-3209.78,41.418,,38.2421
5.46035,-3171.52,41.4538,,38.2664
5.47036,-3133.33,41.4455,,38.1642
5.48031,-3095.15,41.4251,,38.226
5.49032,-3056.89,41.4442,,38.2118
5.50033,-3018.7,41.4701,,38.2037
5.51034,-2980.47,41.4406,,38.2231
5.52035,-2942.24,41.4025,,38.2347
5.53036,-2904.04,41.3823,,38.2061
5.54031,-2865.81,41.3262,,38.2501
5.55032,-2827.58,41.1845,,38.2257
5.56033,-2789.35,41.1289,,38.2047
5.57034,-2751.14,41.1207,,38.2641
5.58035,-2712.86,41.0253,,38.1975
5.59036,-2674.7,40.8816,,38.1778
5.60031,-2636.44,40.8006,,38.3114
5.61032,-2598.13,40.7691,,38.2932
5.62033,-2559.95,40.7343,,38.1664
5.63034,-2521.76,40.6747,,38.1609
5.64035,-2483.58,40.5883,,38.21
5.65036,-2445.35,40.4222,,38.2477
5.66031,-2407.09,40.1886,,38.2323
5.67031,-2368.89,39.9998,,38.2075
5.68032,-2330.67,39.7905,,38.2037
5.69033,-2292.45,39.5616,,38.2278
5.70034,-2254.23,39.3404,,38.212
5.71035,-2216.02,39.1764,,38.2211
5.72036,-2177.76,39.0383,,38.2864
5.73031,-2139.56,38.9269,,38.174
5.74032,-2101.36,38.8352,,38.1995
5.75033,-2063.15,38.7777,,38.2139
5.76034,-2024.91,38.7627,,38.2323
5.77035,-1986.68,38.7691,,38.2379
5.78036,-1948.44,38.7672,,38.2289
5.79031,-1910.24,38.789,,38.2153
5.80032,-1872.01,38.7789,,38.2488
5.81033,-1833.78,38.7638,,38.1978
5.82034,-1795.59,38.739,,38.1935
5.83035,-1757.37,38.7728,,38.2295
5.84036,-1719.13,38.8055,,38.2333
5.85031,-1680.89,38.8242,,38.2333
5.86032,-1642.68,38.8351,,38.2126
5.87033,-1604.46,38.8262,,38.2466
5.88034,-1566.23,38.7809,,38.2267
5.89035,-1527.99,38.7194,,38.2674
5.90036,-1489.69,38.7118,,38.2272
5.91031,-1451.54,38.7026,,38.1467
5.92031,-1413.34,38.7023,,38.2252
5.93032,-1375.12,38.7008,,38.2295
5.94033,-1336.89,38.702,,38.2443
5.95034,-1298.67,38.705,,38.2077
5.96035,-1260.47,38.8056,,38.1771
5.97036,-1222.26,39.1935,,38.2387
5.98031,-1184.02,39.4994,,38.237
5.99032,-1145.78,39.5512,,38.2316
6.00033,-1107.56,39.5094,,38.2291
6.01034,-1069.34,39.4668,,38.2099
6.02035,-1031.12,39.5154,,38.2298
6.03036,-992.902,39.6278,,38.2034
6.04031,-954.678,39.7483,,38.2313
6.05032,-916.455,39.8162,,38.2296
6.06033,-878.22,39.9585,,38.2269
6.07034,-840.004,40.1074,,38.218
6.08035,-801.782,40.2984,,38.2208
6.09036,-763.557,40.4087,,38.2208
6.10031,-725.345,40.4471,,38.2091
6.11032,-687.122,40.4886,,38.2363
6.12033,-648.898,40.4575,,38.2205
6.13034,-610.67,40.303,,38.2246
6.14035,-572.45,40.2025,,38.2181
6.15036,-534.224,40.0765,,38.231
6.16031,-496.001,39.8602,,38.2206
6.17031,-457.781,39.6959,,38.2168
6.18032,-419.563,39.6002,,38.2221
6.19033,-381.337,39.5834,,38.2292
6.20034,-343.112,39.5491,,38.2188
6.21035,-304.89,39.4886,,38.224
6.22036,-266.668,39.4761,,38.2224
6.23031,-228.446,39.5141,,38.2234
6.24032,-190.22,39.5049,,38.2242
6.25033,-151.999,39.4832,,38.2213
6.26034,-113.777,39.5166,,38.2217
6.27035,-75.5544,39.6123,,38.2229
6.28036,-37.3311,39.7638,,38.2234
6.29031,0.891913,39.8625,,38.2227
6.30032,39.1142,39.918,,38.2215
6.31033,77.3355,39.8813,,38.221
6.32034,115.558,39.7119,,38.2243
6.33035,153.782,39.5384,,38.2229
6.34036,192.004,39.5212,,38.2214
6.35031,230.226,39.4773,,38.2232
6.36032,268.45,39.3207,,38.2257
6.37033,306.675,39.1632,,38.2217
6.38034,344.896,39.0996,,38.2226
6.39035,383.119,39.0776,,38.2221
6.40036,421.337,39.1097,,38.2176
6.41031,459.561,39.1675,,38.2256
6.42031,497.785,39.2553,,38.2249
6.43032,536.01,39.2992,,38.2239
6.44033,574.23,39.3251,,38.2159
6.45034,612.452,39.354,,38.2269
6.46035,650.673,39.3552,,38.2165
6.47036,688.898,39.2858,,38.2317
6.48031,727.125,39.1738,,38.2243
6.49032,765.342,39.1044,,38.2107
6.50033,803.564,39.086,,38.2286
6.51034,841.793,39.0729,,38.2343
6.52035,880.013,39.0892,,38.21
6.53036,918.237,39.1073,,38.229
6.54031,956.46,39.1261,,38.2225
6.55032,994.691,39.1503,,38.2289
6.56033,1032.9,39.2044,,38.2091
6.57034,1071.12,39.2682,,38.2231
6.58035,1109.35,39.315,,38.226
6.59036,1147.57,39.3445,,38.226
6.60031,1185.8,39.4128,,38.2213
6.61032,1224.01,39.4583,,38.2086
6.62033,1262.24,39.4657,,38.2346
6.63034,1300.45,39.4128,,38.2024
6.64035,1338.67,39.3691,,38.2346
6.65036,1376.9,39.3457,,38.2023
6.66031,1415.11,39.3232,,38.2247
6.67031,1453.34,39.3076,,38.2454
6.68032,1491.58,39.2881,,38.2618
6.69033,1529.82,39.3154,,38.2136
6.70034,1568.04,39.3812,,38.2079
6.71035,1606.25,39.4175,,38.2344
6.72036,1644.48,39.4122,,38.1944
6.73031,1682.7,39.3931,,38.2346
6.74032,1720.9,39.4162,,38.1872
6.75033,1759.13,39.3938,,38.2726
6.76034,1797.37,39.3328,,38.2327
6.77035,1835.6,39.2599,,38.2331
6.78036,1873.82,39.2168,,38.1879
6.79031,1912.03,39.1796,,38.2246
6.80032,1950.26,39.1142,,38.2152
6.81033,1988.46,39.0557,,38.2116
6.82034,2026.71,39.0259,,38.2583
6.83035,2064.92,38.9589,,38.2146
6.84036,2103.14,38.8938,,38.2028
6.85031,2141.36,38.7952,,38.229
6.86032,2179.59,38.6985,,38.2144
6.87033,2217.81,38.6176,,38.2289
6.88034,2256.04,38.5294,,38.2188
6.89035,2294.25,38.4532,,38.2138
6.90036,2332.46,38.4432,,38.2377
6.91031,2370.7,38.4216,,38.2173
6.92031,2408.91,38.4204,,38.2642
6.93032,2447.23,38.4148,,38.2492
6.94033,2485.4,38.405,,38.1731
6.95034,2523.58,38.405,,38.1775
6.96035,2561.8,38.4098,,38.2488
6.97036,2600.04,38.4052,,38.2166
6.98031,2638.25,38.405,,38.2132
6.99032,2676.48,38.4138,,38.2359
7.00033,2714.71,38.4879,,38.2285
7.01034,2752.93,38.5443,,38.2223
7.02035,2791.12,38.5565,,38.2163
7.03036,2829.36,38.565,,38.2327
7.04031,2867.6,38.556,,38.2227
7.05032,2905.8,38.5482,,38.1825
7.06033,2944.05,38.5419,,38.316
7.07034,2982.3,38.52,,38.1686
7.08035,3020.55,38.5077,,38.3403
7.09036,3058.77,38.5488,,38.13
7.10031,3096.93,38.6083,,38.1963
7.11032,3135.15,38.6234,,38.2484
7.12033,3173.4,38.6455,,38.1938
7.13034,3211.59,38.6498,,38.1904
7.14035,3249.8,38.6688,,38.2376
7.15036,3288.03,38.7089,,38.2313
7.16031,3326.26,38.766,,38.2466
7.17031,3364.55,38.7572,,38.2814
7.18032,3402.73,38.7112,,38.1306
7.19033,3440.91,38.7409,,38.2322
7.20034,3479.17,38.8256,,38.2673
7.21035,3517.44,38.9068,,38.2358
7.22036,3555.68,38.9961,,38.2626
7.23031,3593.85,39.1421,,38.1504
7.24032,3632.12,39.4128,,38.3054
7.25033,3670.31,39.6658,,38.1564
7.26034,3708.51,39.8894,,38.2295
7.27035,3746.75,40.0285,,38.18
7.28036,3784.93,40.1704,,38.2069
7.29031,3823.17,40.2209,,38.2649
7.30032,3861.38,40.0312,,38.182
7.31033,3899.6,39.8415,,38.2688
7.32034,3937.83,39.7606,,38.2213
7.33035,3976.11,39.7754,,38.2632
7.34036,4014.34,39.8173,,38.244
7.35031,4052.55,39.8496,,38.1405
7.36032,4090.72,39.8647,,38.2051
7.37033,4128.94,39.844,,38.2376
7.38034,4167.17,39.8435,,38.2285
7.39035,4205.39,39.9031,,38.2395
7.40036,4243.62,40.1009,,38.2224
7.41031,4281.85,40.296,,38.2302
7.42031,4320.08,40.4386,,38.1906
7.43032,4358.3,40.4847,,38.2406
7.44033,4396.49,40.4292,,38.1738
7.45034,4434.71,40.3981,,38.2516
7.46035,4472.95,40.4684,,38.2297
7.47036,4511.15,40.5554,,38.1915
7.48031,4549.37,40.6187,,38.2224
7.49032,4587.59,40.7135,,38.2438
7.50033,4625.83,40.7732,,38.2009
7.51034,4664.02,40.8129,,38.1912
7.52035,4702.27,40.8122,,38.2763
7.53036,4740.46,40.7883,,38.2016
7.54031,4778.72,40.8441,,38.2437
7.55032,4816.94,40.903,,38.2179
7.56033,4855.15,40.8777,,38.2231
7.57034,4893.39,40.7467,,38.2135
7.58035,4931.61,40.6273,,38.2221
7.59036,4969.82,40.5648,,38.2234
7.60031,5008.05,40.4851,,38.2435
7.61032,5046.31,40.4229,,38.2466
7.62033,5084.54,40.3771,,38.272
7.63034,5122.79,40.2891,,38.1897
7.64035,5161.02,40.1899,,38.2468
7.65036,5199.21,40.1579,,38.1546
7.66031,5237.5,40.1554,,38.3814
7.67031,5275.84,40.1713,,38.3384
7.68032,5314.01,40.1473,,38.0118
7.69033,5352.02,40.041,,38.0911
7.70034,5390.25,39.8531,,38.2362
7.71035,5428.49,39.6753,,38.3113
7.72036,5466.79,39.4875,,38.2089
7.73031,5504.95,39.2687,,38.1767
7.74032,5543.15,39.0605,,38.205
7.75033,5581.43,38.8513,,38.3354
7.76034,5619.64,38.6765,,38.172
7.77035,5657.92,38.5415,,38.2564
7.78036,5696.05,38.4279,,38.0999
7.79031,5734.28,38.4104,,38.2796
7.80032,5772.47,38.5458,,38.17
7.81033,5810.73,38.5982,,38.2719
7.82034,5848.94,38.6079,,38.2171
7.83035,5887.14,38.6113,,38.2442
7.84036,5925.47,38.6244,,38.3189
7.85031,5963.62,38.5825,,37.6528
7.86032,5986.45,23.1438,,2.2243
7.87033,5964.04,-14.0002,,-35.8802
7.88034,5924.55,-31.1754,,-40.0751
7.89035,5885.38,-35.7276,,-38.4829
7.90036,5847.12,-37.2504,,-38.273
7.91031,5808.82,-38.2004,,-38.2136
7.92031,5770.69,-38.6789,,-38.1111
7.93032,5732.54,-38.7984,,-38.2408
7.94033,5694.27,-38.9647,,-38.247
7.95034,5656,-39.0421,,-38.2967
7.96035,5617.79,-39.0772,,-38.129
7.97036,5579.65,-39.1524,,-38.1885
7.98031,5541.4,-39.3653,,-38.2219
7.99032,5503.15,-39.5221,,-38.2843
8.00033,5464.86,-39.5498,,-38.3341
8.01034,5426.61,-39.6729,,-38.1562
8.02035,5388.48,-39.8135,,-38.1375
8.03036,5350.32,-39.9102,,-38.1954
8.04031,5312.08,-40.0725,,-38.2797
8.05032,5273.77,-40.3709,,-38.2492
8.06033,5235.56,-40.5793,,-38.19
8.07034,5197.41,-40.5879,,-38.1594
8.08035,5159.19,-40.6297,,-38.2729
8.09036,5120.89,-40.7204,,-38.3044
8.10031,5082.67,-40.7846,,-38.2068
8.11032,5044.41,-40.898,,-38.2287
8.12033,5006.22,-40.9472,,-38.1814
8.13034,4968.02,-40.996,,-38.2074
8.14035,4929.83,-41.0829,,-38.1724
8.15036,4891.61,-41.1912,,-38.2681
8.16031,4853.37,-41.2578,,-38.2318
8.17031,4815.15,-41.2231,,-38.2113
8.18032,4776.94,-41.2204,,-38.2425
8.19033,4738.67,-41.2514,,-38.2516
8.20034,4700.46,-41.2479,,-38.1476
8.21035,4662.28,-41.2283,,-38.2084
8.22036,4624.06,-41.1893,,-38.2378
8.23031,4585.85,-41.1224,,-38.2332
8.24032,4547.58,-41.0357,,-38.2665
8.25033,4509.37,-40.9879,,-38.1976
8.26034,4471.14,-40.931,,-38.2264
8.27035,4432.9,-40.8149,,-38.2509
8.28036,4394.65,-40.7068,,-38.2172
8.29031,4356.48,-40.6476,,-38.1632
8.30032,4318.27,-40.6383,,-38.2467
8.31033,4280.04,-40.5969,,-38.2338
8.32034,4241.83,-40.5227,,-38.2118
8.33035,4203.59,-40.3913,,-38.2157
8.34036,4165.39,-40.231,,-38.1969
8.35031,4127.16,-40.1103,,-38.2416
8.36032,4088.94,-40.0392,,-38.2068
8.37033,4050.71,-40.001,,-38.2493
8.38034,4012.47,-39.9361,,-38.2333
8.39035,3974.27,-39.8398,,-38.2093
8.40036,3936.06,-39.7795,,-38.1969
8.41031,3897.81,-39.7493,,-38.3127
8.42031,3859.52,-39.6914,,-38.1774
8.43032,3821.36,-39.6817,,-38.2105
8.44033,3783.14,-39.7066,,-38.2213
8.45034,3744.92,-39.7403,,-38.2281
8.46035,3706.71,-39.8346,,-38.2164
8.47036,3668.49,-39.8361,,-38.2271
8.48031,3630.25,-39.7116,,-38.1869
8.49032,3592.06,-39.557,,-38.2537
8.50033,3553.74,-39.4073,,-38.3442
8.51034,3515.48,-39.2755,,-38.1398
8.52035,3477.36,-39.1209,,-38.1862
8.53036,3439.16,-38.9724,,-38.2251
8.54031,3400.85,-38.8863,,-38.3019
8.55032,3362.67,-38.9905,,-38.1349
8.56033,3324.49,-39.0467,,-38.1833
8.57034,3286.27,-39.0584,,-38.245
8.58035,3248.03,-39.0531,,-38.2285
8.59036,3209.8,-39.053,,-38.2325
8.60031,3171.56,-38.9376,,-38.2724
8.61032,3133.33,-38.7959,,-38.2035
8.62033,3095.14,-38.7228,,-38.1966
8.63034,3056.92,-38.6717,,-38.222
8.64035,3018.68,-38.6311,,-38.2391
8.65036,2980.45,-38.5727,,-38.1994
8.66031,2942.26,-38.5364,,-38.21
8.67031,2904.04,-38.5529,,-38.2184
8.68032,2865.8,-38.5505,,-38.2755
8.69033,2827.57,-38.5308,,-38.2124
8.70034,2789.37,-38.5108,,-38.1611
8.71035,2751.16,-38.4927,,-38.253
8.72036,2712.91,-38.4735,,-38.2126
8.73031,2674.69,-38.4319,,-38.2337
8.74032,2636.46,-38.3983,,-38.2449
8.75033,2598.22,-38.3785,,-38.246
8.76034,2559.97,-38.38,,-38.2594
8.77035,2521.77,-38.3755,,-38.135
8.78036,2483.59,-38.364,,-38.2387
8.79031,2445.35,-38.3598,,-38.2265
8.80032,2407.14,-38.3449,,-38.237
8.81033,2368.87,-38.3504,,-38.2535
8.82034,2330.66,-38.346,,-38.1813
8.83035,2292.46,-38.3551,,-38.2072
8.84036,2254.25,-38.3484,,-38.201
8.85031,2216.01,-38.3491,,-38.2745
8.86032,2177.76,-38.3429,,-38.2413
8.87033,2139.56,-38.3341,,-38.1929
8.88034,2101.36,-38.3411,,-38.2085
8.89035,2063.13,-38.3357,,-38.225
8.90036,2024.91,-38.3393,,-38.2124
8.91031,1986.68,-38.3631,,-38.2278
8.92031,1948.45,-38.4785,,-38.2402
8.93032,1910.23,-38.5606,,-38.2292
8.94033,1872,-38.5692,,-38.2138
8.95034,1833.8,-38.6041,,-38.1997
8.96035,1795.58,-38.6788,,-38.2339
8.97036,1757.32,-38.7701,,-38.2822
8.98031,1719.07,-38.9488,,-38.1795
8.99032,1680.9,-39.0946,,-38.1899
9.00033,1642.69,-39.1197,,-38.2407
9.01034,1604.45,-39.1352,,-38.2483
9.02035,1566.21,-39.2066,,-38.25
9.03036,1527.96,-39.3388,,-38.1924
9.04031,1489.78,-39.4148,,-38.243
9.05032,1451.52,-39.3806,,-38.1877
9.06033,1413.34,-39.3306,,-38.1971
9.07034,1375.12,-39.3146,,-38.2363
9.08035,1336.91,-39.2996,,-38.2256
9.09036,1298.66,-39.3147,,-38.2635
9.10031,1260.37,-39.3313,,-38.2557
9.11032,1222.2,-39.3234,,-38.1454
9.12033,1184.02,-39.3265,,-38.2155
9.13034,1145.79,-39.3096,,-38.221
9.14035,1107.56,-39.2787,,-38.24
9.15036,1069.34,-39.2453,,-38.2043
9.16031,1031.12,-39.2013,,-38.2289
9.17031,992.897,-39.1987,,-38.2289
9.18032,954.671,-39.1694,,-38.2181
9.19033,916.452,-39.1175,,-38.223
9.20034,878.23,-39.0668,,-38.2167
9.21035,840.008,-39.0428,,-38.2345
9.22036,801.79,-39.0397,,-38.2027
9.23031,763.567,-39.013,,-38.2297
9.24032,725.353,-38.9675,,-38.2165
9.25033,687.115,-38.9142,,-38.2406
9.26034,648.889,-38.8833,,-38.2209
9.27035,610.669,-38.9284,,-38.2187
9.28036,572.45,-38.9533,,-38.2218
9.29031,534.225,-38.939,,-38.2246
9.30032,496.001,-38.9348,,-38.2256
9.31033,457.777,-38.996,,-38.2203
9.32034,419.555,-39.0306,,-38.225
9.33035,381.333,-39.0421,,-38.2202
9.34036,343.111,-39.0674,,-38.221
9.35031,304.886,-39.1305,,-38.2266
9.36032,266.666,-39.1892,,-38.2189
9.37033,228.444,-39.1942,,-38.2223
9.38034,190.219,-39.2292,,-38.2251
9.39035,151.999,-39.3047,,-38.2197
9.40036,113.776,-39.2824,,-38.2239
9.41031,75.5528,-39.1849,,-38.222
9.42031,37.3307,-39.1106,,-38.2232
9.43032,-0.891706,-39.1139,,-38.2223
9.44033,-39.1146,-39.1417,,-38.2221
9.45034,-77.3368,-39.1176,,-38.2225
9.46035,-115.559,-39.0798,,-38.2223
9.47036,-153.781,-39.0667,,-38.223
9.48031,-192.004,-39.142,,-38.2218
9.49032,-230.227,-39.1693,,-38.2248
9.50033,-268.451,-39.1218,,-38.2204
9.51034,-306.673,-39.0837,,-38.2247
9.52035,-344.897,-39.1107,,-38.2239
9.53036,-383.121,-39.1369,,-38.2243
9.54031,-421.342,-39.1283,,-38.2167
9.55032,-459.561,-39.1442,,-38.2227
9.56033,-497.786,-39.1921,,-38.2265
9.57034,-536.009,-39.2904,,-38.2185
9.58035,-574.229,-39.3915,,-38.2224
9.59036,-612.451,-39.426,,-38.2255
9.60031,-650.683,-39.4594,,-38.2285
9.61032,-688.903,-39.5158,,-38.2202
9.62033,-727.128,-39.5829,,-38.221
9.63034,-765.344,-39.6506,,-38.2181
9.64035,-803.56,-39.7869,,-38.2147
9.65036,-841.785,-39.8138,,-38.2208
9.66031,-879.999,-39.7292,,-38.2263
9.67031,-918.229,-39.6263,,-38.2275
9.68032,-956.458,-39.5359,,-38.229
9.69033,-994.68,-39.425,,-38.2177
9.70034,-1032.91,-39.2873,,-38.2339
9.71035,-1071.12,-39.1686,,-38.1921
9.72036,-1109.34,-39.0659,,-38.2449
9.73031,-1147.57,-39.0881,,-38.2181
9.74032,-1185.79,-39.1292,,-38.2191
9.75033,-1224.01,-39.0716,,-38.2284
9.76034,-1262.24,-38.9519,,-38.2181
9.77035,-1300.45,-38.7998,,-38.2303
9.78036,-1338.7,-38.6027,,-38.2336
9.79031,-1376.93,-38.4028,,-38.2257
9.80032,-1415.15,-38.2699,,-38.2151
9.81033,-1453.35,-38.2263,,-38.2162
9.82034,-1491.59,-38.2251,,-38.2386
9.83035,-1529.79,-38.236,,-38.2122
9.84036,-1568.02,-38.2422,,-38.205
9.85031,-1606.23,-38.2841,,-38.2277
9.86032,-1644.47,-38.3139,,-38.2163
9.87033,-1682.69,-38.3532,,-38.2283
9.88034,-1720.92,-38.3563,,-38.2418
9.89035,-1759.16,-38.3364,,-38.234
9.90036,-1797.36,-38.3309,,-38.2237
9.91031,-1835.6,-38.2823,,-38.2081
9.92031,-1873.82,-38.2254,,-38.2476
9.93032,-1912.05,-38.2114,,-38.1881
9.94033,-1950.26,-38.2282,,-38.2301
9.95034,-1988.49,-38.254,,-38.218
9.96035,-2026.72,-38.2517,,-38.2434
9.97036,-2064.93,-38.2449,,-38.2139
9.98031,-2103.14,-38.2408,,-38.2286
9.99032,-2141.37,-38.2435,,-38.2008
10.0003,-2179.57,-38.2379,,-38.1863
10.0103,-2217.8,-38.2332,,-38.2659
10.0204,-2256.04,-38.2739,,-38.2051
10.0304,-2294.25,-38.3096,,-38.2288
10.0403,-2332.47,-38.3231,,-38.2396
10.0503,-2370.74,-38.3537,,-38.2694
10.0603,-2408.94,-38.3478,,-38.1612
10.0703,-2447.13,-38.3587,,-38.2224
10.0803,-2485.37,-38.4682,,-38.2271
10.0904,-2523.58,-38.9006,,-38.2093
10.1003,-2561.83,-39.1948,,-38.2967
10.1103,-2600.1,-39.3493,,-38.2184
10.1203,-2638.29,-39.447,,-38.1559
10.1303,-2676.47,-39.5452,,-38.2224
10.1403,-2714.71,-39.7507,,-38.2353
10.1504,-2752.95,-39.987,,-38.2534
10.1603,-2791.15,-40.1401,,-38.1918
10.1703,-2829.34,-40.2358,,-38.1839
10.1803,-2867.57,-40.3094,,-38.2833
10.1903,-2905.86,-40.4412,,-38.2083
10.2003,-2944.05,-40.5558,,-38.2268
10.2104,-2982.26,-40.6367,,-38.1903
10.2204,-3020.47,-40.7182,,-38.2258
10.2303,-3058.67,-40.7957,,-38.2257
10.2403,-3096.9,-40.8563,,-38.232
10.2503,-3135.16,-40.895,,-38.2402
10.2603,-3173.38,-40.9039,,-38.193
10.2704,-3211.6,-40.8802,,-38.2602
10.2804,-3249.84,-40.8415,,-38.1819
10.2903,-3288.06,-40.8288,,-38.2764
10.3003,-3326.28,-40.7936,,-38.2129
10.3103,-3364.51,-40.6767,,-38.2371
10.3203,-3402.76,-40.549,,-38.2365
10.3303,-3440.94,-40.3784,,-38.1127
10.3404,-3479.1,-40.3101,,-38.2148
10.3503,-3517.37,-40.3105,,-38.2951
10.3603,-3555.62,-40.3037,,-38.2235
10.3703,-3593.83,-40.2433,,-38.2207
10.3803,-3632.03,-40.0839,,-38.2105
10.3903,-3670.29,-39.905,,-38.2467
10.4004,-3708.49,-39.7465,,-38.1886
10.4103,-3746.73,-39.6775,,-38.3086
10.4203,-3785,-39.6626,,-38.1543
10.4303,-3823.15,-39.5669,,-38.2056
10.4403,-3861.38,-39.4434,,-38.2271
10.4503,-3899.61,-39.3733,,-38.255
10.4604,-3937.82,-39.334,,-38.2
10.4704,-3976.04,-39.3306,,-38.2199
10.4803,-4014.29,-39.3302,,-38.2914
10.4903,-4052.58,-39.3145,,-38.1877
10.5003,-4090.72,-39.3325,,-38.17
10.5103,-4128.91,-39.4199,,-38.2146
10.5204,-4167.15,-39.435,,-38.2705
10.5304,-4205.36,-39.2954,,-38.1974
10.5403,-4243.61,-39.1405,,-38.2266
10.5503,-4281.82,-38.9984,,-38.2096
10.5603,-4320.05,-38.8763,,-38.2222
10.5703,-4358.3,-38.7316,,-38.3101
10.5803,-4396.56,-38.6093,,-38.1861
10.5904,-4434.73,-38.5648,,-38.1964
10.6003,-4472.98,-38.6878,,-38.2763
10.6103,-4511.19,-38.7407,,-38.1681
10.6203,-4549.38,-38.7465,,-38.2203
10.6303,-4587.59,-38.7354,,-38.1755
10.6403,-4625.81,-38.6863,,-38.2394
10.6504,-4664.08,-38.5555,,-38.2757
10.6603,-4702.29,-38.4226,,-38.1965
10.6703,-4740.51,-38.3412,,-38.2438
10.6803,-4778.74,-38.2897,,-38.2176
10.6903,-4816.96,-38.2756,,-38.2135
10.7003,-4855.17,-38.2661,,-38.1812
10.7104,-4893.39,-38.2724,,-38.2623
10.7204,-4931.6,-38.2779,,-38.1696
10.7303,-4969.8,-38.2911,,-38.2315
10.7403,-5008.04,-38.2976,,-38.273
10.7503,-5046.29,-38.3016,,-38.2302
10.7603,-5084.53,-38.306,,-38.2365
10.7704,-5122.74,-38.2509,,-38.1773
10.7804,-5160.99,-38.2029,,-38.2429
10.7903,-5199.14,-38.1767,,-38.1418
10.8003,-5237.34,-38.1475,,-38.2631
10.8103,-5275.6,-38.1398,,-38.2845
10.8203,-5313.94,-38.1354,,-38.332
10.8303,-5352.11,-38.1354,,-38.0896
10.8404,-5390.31,-38.1334,,-38.2602
10.8503,-5428.49,-38.1296,,-38.1069
10.8603,-5466.72,-38.138,,-38.2803
10.8703,-5504.91,-38.132,,-38.1595
10.8803,-5543.19,-38.1338,,-38.3657
10.8903,-5581.44,-38.1403,,-38.2126
10.9004,-5619.74,-38.1369,,-38.3047
10.9103,-5657.9,-38.1321,,-38.0856
10.9203,-5696.05,-38.1356,,-38.1939
10.9303,-5734.28,-38.1346,,-38.2077
10.9403,-5772.52,-38.1349,,-38.2533
10.9503,-5810.73,-38.1465,,-38.224
10.9604,-5849.02,-38.1689,,-38.3481
10.9704,-5887.22,-38.1826,,-38.1166
10.9803,-5925.42,-38.1874,,-38.2754
10.9903,-5963.57,-38.1587,,-37.6221
11.0003,-5986.38,-23.0886,,-2.29444
11.0103,-5964.14,13.3844,,35.8213
11.0204,-5924.5,30.4227,,40.1889
11.0304,-5885.34,35.0444,,38.4741
11.0403,-5847.1,36.6104,,38.1892
11.0503,-5808.92,37.5694,,38.1604
11.0603,-5770.76,38.0272,,38.1654
11.0703,-5732.55,38.094,,38.251
11.0803,-5694.24,38.2279,,38.3384
11.0904,-5656,38.222,,38.201
11.1003,-5617.81,38.1836,,38.1655
11.1103,-5579.62,38.1023,,38.216
11.1203,-5541.4,38.0278,,38.1906
11.1303,-5503.16,38.0341,,38.2476
11.1403,-5464.92,37.9698,,38.2604
11.1504,-5426.72,37.9886,,38.1798
11.1603,-5388.54,38.0006,,38.2144
11.1703,-5350.24,37.9625,,38.3004
11.1803,-5312.03,37.9685,,38.1318
11.1903,-5273.84,37.9776,,38.2493
11.2003,-5235.57,37.9855,,38.2434
11.2104,-5197.32,37.9855,,38.3245
11.2204,-5159.05,38.009,,38.2194
11.2303,-5120.76,38.0491,,38.3349
11.2403,-5082.56,38.0619,,38.0963
11.2503,-5044.5,38.1295,,38.0576
11.2603,-5006.31,38.1595,,38.2815
11.2704,-4968.04,38.1791,,38.2242
11.2804,-4929.82,38.1895,,38.2306
11.2903,-4891.59,38.1929,,38.2333
11.3003,-4853.33,38.193,,38.2886
11.3103,-4815.09,38.1483,,38.1876
11.3203,-4776.92,38.1442,,38.1891
11.3303,-4738.71,38.1437,,38.1967
11.3404,-4700.5,38.1372,,38.2289
11.3503,-4662.29,38.1583,,38.188
11.3603,-4624.06,38.1779,,38.274
11.3703,-4585.79,38.2387,,38.2587
11.3803,-4547.58,38.3049,,38.1897
11.3903,-4509.39,38.4761,,38.218
11.4004,-4471.16,38.5938,,38.2074
11.4103,-4432.91,38.6178,,38.2818
11.4203,-4394.67,38.5691,,38.1719
11.4303,-4356.48,38.5049,,38.2172
11.4403,-4318.21,38.6058,,38.3409
11.4503,-4279.97,38.7884,,38.1684
11.4604,-4241.79,38.9415,,38.1824
11.4704,-4203.6,39.1172,,38.2344
11.4803,-4165.34,39.2686,,38.2095
11.4903,-4127.12,39.5112,,38.2327
11.5003,-4088.92,39.7043,,38.1882
11.5103,-4050.66,39.8225,,38.3354
11.5204,-4012.41,39.8902,,38.1546
11.5304,-3974.26,39.7441,,38.2027
11.5403,-3935.98,39.5729,,38.2795
11.5503,-3897.78,39.4673,,38.1573
11.5603,-3859.6,39.4527,,38.1938
11.5703,-3821.37,39.4865,,38.2544
11.5803,-3783.12,39.5291,,38.2215
11.5904,-3744.88,39.5856,,38.2757
11.6003,-3706.69,39.6158,,38.1874
11.6103,-3668.4,39.6581,,38.2683
11.6203,-3630.25,39.6806,,38.1247
11.6303,-3592.05,39.7637,,38.2561
11.6403,-3553.79,39.9742,,38.2351
11.6504,-3515.57,40.1538,,38.1956
11.6603,-3477.39,40.209,,38.2088
11.6703,-3439.13,40.1869,,38.2808
11.6803,-3400.91,40.1772,,38.2105
11.6903,-3362.69,40.2383,,38.1959
11.7003,-3324.47,40.3558,,38.2472
11.7104,-3286.21,40.4903,,38.2248
11.7204,-3248.04,40.5991,,38.1664
11.7303,-3209.8,40.6636,,38.2615
11.7403,-3171.51,40.7143,,38.3409
11.7503,-3133.3,40.7495,,38.1363
11.7603,-3095.13,40.7522,,38.1832
11.7704,-3056.92,40.7366,,38.2242
11.7804,-3018.69,40.7643,,38.2206
11.7903,-2980.48,40.7399,,38.1954
11.8003,-2942.26,40.6811,,38.2497
11.8103,-2904,40.6182,,38.2554
11.8203,-2865.79,40.5067,,38.1883
11.8303,-2827.61,40.3774,,38.2165
11.8404,-2789.37,40.3346,,38.2278
11.8503,-2751.12,40.3186,,38.2841
11.8603,-2712.85,40.2298,,38.193
11.8703,-2674.65,40.08,,38.2253
11.8803,-2636.46,40.0018,,38.1803
11.8903,-2598.22,39.9681,,38.2777
11.9004,-2559.99,39.949,,38.2562
11.9103,-2521.8,39.8992,,38.0741
11.9203,-2483.58,39.7979,,38.3402
11.9303,-2445.34,39.571,,38.1878
11.9403,-2407.13,39.3172,,38.2064
11.9503,-2368.92,39.1335,,38.2208
11.9604,-2330.67,38.9409,,38.2972
11.9704,-2292.37,38.7079,,38.2095
11.9803,-2254.22,38.4914,,38.1605
11.9903,-2216.02,38.3121,,38.2308
12.0003,-2177.79,38.1737,,38.2489
12.0103,-2139.55,38.061,,38.2153
12.0204,-2101.35,37.9761,,38.1999
12.0304,-2063.14,37.9288,,38.1913
12.0403,-2024.92,37.9067,,38.2597
12.0503,-1986.67,37.9073,,38.2165
12.0603,-1948.43,37.9122,,38.2665
12.0703,-1910.21,37.8989,,38.2089
12.0803,-1872.02,37.8985,,38.1949
12.0904,-1833.8,37.8988,,38.2334
12.1003,-1795.55,37.9007,,38.2747
12.1103,-1757.24,37.9315,,38.2369
12.1203,-1719.1,37.9792,,38.1205
12.1303,-1680.91,37.9915,,38.2453
12.1403,-1642.67,37.9921,,38.2359
12.1504,-1604.42,37.9865,,38.2617
12.1603,-1566.21,37.9419,,38.2059
12.1703,-1528,37.8911,,38.1876
12.1803,-1489.78,37.8779,,38.2475
12.1903,-1451.54,37.8827,,38.206
12.2003,-1413.33,37.8744,,38.2246
12.2104,-1375.13,37.8762,,38.1951
12.2204,-1336.9,37.8723,,38.252
12.2303,-1298.7,37.8663,,38.2109
12.2403,-1260.46,37.8804,,38.2191
12.2503,-1222.24,38.097,,38.2219
12.2603,-1184.01,38.5742,,38.2309
12.2704,-1145.78,38.7645,,38.2227
12.2804,-1107.56,38.7639,,38.2228
12.2903,-1069.34,38.7417,,38.2172
12.3003,-1031.12,38.7921,,38.2177
12.3103,-992.901,38.9131,,38.2335
12.3203,-954.667,39.0071,,38.2148
12.3303,-916.458,39.0842,,38.2192
12.3404,-878.23,39.2101,,38.2285
12.3503,-840.001,39.3536,,38.2233
12.3603,-801.787,39.559,,38.2193
12.3703,-763.561,39.6518,,38.2231
12.3803,-725.339,39.6928,,38.2211
12.3903,-687.113,39.7208,,38.2359
12.4004,-648.888,39.6799,,38.2199
12.4103,-610.664,39.5383,,38.2155
12.4203,-572.448,39.4104,,38.2227
12.4303,-534.226,39.2317,,38.2225
12.4403,-496.001,39.0202,,38.224
12.4503,-457.778,38.9326,,38.2216
12.4604,-419.558,38.85,,38.2229
12.4704,-381.332,38.7704,,38.2245
12.4803,-343.111,38.732,,38.2192
12.4903,-304.889,38.7246,,38.2249
12.5003,-266.667,38.7413,,38.218
12.5103,-228.448,38.7949,,38.2218
12.5204,-190.222,38.7923,,38.2255
12.5304,-151.999,38.7991,,38.2248
12.5403,-113.776,38.8293,,38.2202
12.5503,-75.5542,38.932,,38.2237
12.5603,-37.3308,39.066,,38.2222
12.5703,0.891236,39.1321,,38.2226
12.5803,39.114,39.1722,,38.223
12.5904,77.3369,39.1522,,38.2224
12.6003,115.56,39.0095,,38.2234
12.6103,153.782,38.8376,,38.2207
12.6203,192.004,38.7775,,38.2232
12.6303,230.226,38.7208,,38.2233
12.6403,268.448,38.5883,,38.2184
12.6504,306.669,38.4756,,38.2243
12.6603,344.893,38.6021,,38.2235
12.6703,383.119,38.6735,,38.225
12.6803,421.337,38.6531,,38.2177
12.6903,459.561,38.6856,,38.2252
12.7003,497.783,38.7541,,38.2218
12.7104,536.008,38.8142,,38.2238
12.7204,574.227,38.8602,,38.2197
12.7303,612.452,38.8863,,38.2235
12.7403,650.662,38.8777,,38.2065
12.7503,688.897,38.8268,,38.249
12.7603,727.127,38.698,,38.2185
12.7704,765.34,38.5718,,38.2112
12.7804,803.565,38.5337,,38.2316
12.7903,841.791,38.5269,,38.2249
12.8003,880.015,38.55,,38.2238
12.8103,918.237,38.6068,,38.214
12.8203,956.454,38.7352,,38.2247
12.8303,994.671,38.8166,,38.2135
12.8404,1032.9,38.9016,,38.2382
12.8503,1071.12,38.9901,,38.2137
12.8603,1109.35,39.0836,,38.2272
12.8703,1147.58,39.107,,38.2321
12.8803,1185.8,39.1202,,38.2185
12.8903,1224.02,39.1695,,38.2205
12.9004,1262.23,39.1404,,38.1968
12.9103,1300.44,39.0353,,38.2283
12.9203,1338.68,38.9166,,38.2447
12.9303,1376.93,38.8549,,38.2282
12.9403,1415.14,38.833,,38.1995
12.9503,1453.34,38.8107,,38.2318
12.9604,1491.6,38.7988,,38.2739
12.9704,1529.82,38.8167,,38.1994
12.9803,1568.02,38.8651,,38.2054
12.9903,1606.25,38.9123,,38.2241
13.0003,1644.47,38.9126,,38.199
13.0103,1682.7,38.9065,,38.2647
13.0204,1720.93,38.9249,,38.1917
13.0304,1759.14,38.9336,,38.2484
13.0403,1797.37,38.8767,,38.22
13.0503,1835.6,38.7966,,38.2415
13.0603,1873.83,38.7452,,38.2164
13.0703,1912.05,38.6758,,38.1947
13.0803,1950.25,38.5894,,38.2178
13.0904,1988.49,38.5168,,38.2401
13.1003,2026.71,38.4739,,38.2201
13.1103,2064.9,38.4081,,38.1922
13.1203,2103.11,38.3379,,38.2331
13.1303,2141.36,38.2551,,38.2411
13.1403,2179.59,38.1341,,38.2114
13.1504,2217.82,38.0348,,38.2247
13.1603,2256.04,37.9464,,38.2186
13.1703,2294.25,37.8652,,38.2138
13.1803,2332.46,37.8512,,38.2368
13.1903,2370.74,37.8878,,38.2741
13.2003,2408.94,37.9162,,38.1778
13.2104,2447.14,37.9881,,38.2049
13.2204,2485.36,38.0453,,38.1983
13.2303,2523.55,38.074,,38.2112
13.2403,2561.79,38.0853,,38.2641
13.2503,2600.05,38.0943,,38.2707
13.2603,2638.29,38.0859,,38.1652
13.2704,2676.48,38.1291,,38.2271
13.2804,2714.71,38.2009,,38.2415
13.2903,2752.93,38.2608,,38.2237
13.3003,2791.15,38.2688,,38.2359
13.3103,2829.37,38.2916,,38.1728
13.3203,2867.57,38.2866,,38.2728
13.3303,2905.85,38.271,,38.1975
13.3404,2944.04,38.268,,38.2127
13.3503,2982.27,38.3075,,38.2383
13.3603,3020.48,38.3034,,38.2047
13.3703,3058.72,38.286,,38.2726
13.3803,3096.95,38.2614,,38.1687
13.3903,3135.12,38.2132,,38.2078
13.4004,3173.38,38.1544,,38.2753
13.4103,3211.62,38.1018,,38.2165
13.4203,3249.82,38.1113,,38.1887
13.4303,3288.07,38.1478,,38.289
13.4403,3326.28,38.1632,,38.2007
13.4503,3364.49,38.1465,,38.2102
13.4604,3402.72,38.1396,,38.213
13.4704,3440.94,38.1806,,38.2148
13.4803,3479.17,38.2952,,38.2895
13.4903,3517.45,38.3853,,38.1916
13.5003,3555.62,38.4884,,38.1942
13.5103,3593.82,38.5844,,38.2267
13.5204,3632.04,38.828,,38.2111
13.5304,3670.24,39.1008,,38.2118
13.5403,3708.48,39.3453,,38.2239
13.5503,3746.7,39.5532,,38.2058
13.5603,3784.94,39.7369,,38.2475
13.5703,3823.19,39.8275,,38.2859
13.5803,3861.42,39.6229,,38.1997
13.5904,3899.6,39.3901,,38.1849
13.6003,3937.84,39.2846,,38.2536
13.6103,3976.07,39.2661,,38.2184
13.6203,4014.29,39.3084,,38.2111
13.6303,4052.49,39.3353,,38.1663
13.6403,4090.66,39.3476,,38.2144
13.6504,4128.91,39.3428,,38.2624
13.6603,4167.14,39.3803,,38.2253
13.6703,4205.43,39.4626,,38.2935
13.6803,4243.62,39.7263,,38.1625
13.6903,4281.81,39.9325,,38.2053
13.7003,4320.07,39.9981,,38.2516
13.7104,4358.3,39.9973,,38.218
13.7204,4396.48,39.9593,,38.1705
13.7303,4434.68,39.9233,,38.2449
13.7403,4472.92,40.0051,,38.2334
13.7503,4511.14,40.1269,,38.2204
13.7603,4549.38,40.2528,,38.2268
13.7704,4587.6,40.4015,,38.2109
13.7804,4625.83,40.4986,,38.2405
13.7903,4664.04,40.5545,,38.1807
13.8003,4702.27,40.5713,,38.2825
13.8103,4740.5,40.5573,,38.2058
13.8203,4778.72,40.5489,,38.2392
13.8303,4816.95,40.6111,,38.1996
13.8404,4855.16,40.554,,38.2129
13.8503,4893.38,40.3576,,38.2106
13.8603,4931.63,40.1968,,38.2996
13.8703,4969.91,40.1055,,38.225
13.8803,5008.08,40.0065,,38.1848
13.8903,5046.27,39.9594,,38.198
13.9004,5084.52,39.9692,,38.3076
13.9103,5122.78,39.8827,,38.1675
13.9203,5160.98,39.7973,,38.2155
13.9303,5199.16,39.75,,38.1755
13.9403,5237.38,39.7664,,38.224
13.9503,5275.67,39.7865,,38.3616
13.9604,5314.01,39.7872,,38.3192
13.9704,5352.14,39.7071,,38.0123
13.9803,5390.28,39.4617,,38.2235
13.9903,5428.47,39.2374,,38.1714
14.0003,5466.71,39.0673,,38.3214
14.0103,5504.97,38.8276,,38.1385
14.0204,5543.14,38.5709,,38.2927
14.0304,5581.46,38.3345,,38.2537
14.0403,5619.6,38.1676,,38.1429
14.0503,5657.83,38.0437,,38.2633
14.0603,5696.14,37.99,,38.2687
14.0703,5734.36,38.1473,,38.2857
14.0803,5772.64,38.2285,,38.1909
14.0904,5810.79,38.2305,,38.148
14.1003,5848.98,38.2324,,38.2024
14.1103,5887.15,38.2466,,38.2401
14.1203,5925.41,38.2497,,38.189
14.1303,5963.51,38.2067,,37.6199
14.1403,5986.32,22.9122,,2.35069
14.1504,5964.14,-13.9335,,-35.7551
14.1603,5924.53,-30.9101,,-40.216
14.1703,5885.35,-35.398,,-38.4775
14.1803,5847.09,-36.9449,,-38.2221
14.1903,5808.87,-37.9362,,-38.1868
14.2003,5770.64,-38.4587,,-38.2892
14.2104,5732.41,-38.626,,-38.1594
14.2204,5694.23,-38.8236,,-38.2397
14.2303,5655.92,-38.8882,,-38.3307
14.2403,5617.75,-38.9052,,-38.066
14.2503,5579.56,-38.9633,,-38.2192
14.2603,5541.42,-39.0793,,-38.1492
14.2704,5503.18,-39.1719,,-38.3259
14.2804,5464.84,-39.1051,,-38.3369
14.2903,5426.61,-39.1745,,-38.1185
14.3003,5388.51,-39.2863,,-38.1483
14.3103,5350.33,-39.374,,-38.1418
14.3203,5312.1,-39.5892,,-38.3477
14.3303,5273.83,-39.9506,,-38.1559
14.3404,5235.57,-40.1823,,-38.3705
14.3503,5197.29,-40.1925,,-38.1451
14.3603,5159.17,-40.2668,,-38.2205
14.3703,5120.85,-40.3736,,-38.318
14.3803,5082.65,-40.446,,-38.1386
14.3903,5044.48,-40.5748,,-38.1871
14.4004,5006.28,-40.6485,,-38.2019
14.4103,4968.04,-40.6841,,-38.2487
14.4203,4929.84,-40.7502,,-38.173
14.4303,4891.58,-40.8059,,-38.3378
14.4403,4853.33,-40.8524,,-38.1996
14.4503,4815.12,-40.8143,,-38.1942
14.4604,4776.93,-40.8217,,-38.2099
14.4704,4738.7,-40.8302,,-38.2237
14.4803,4700.48,-40.8176,,-38.2033
14.4903,4662.29,-40.7969,,-38.1879
14.5003,4624.02,-40.7487,,-38.3397
14.5103,4585.77,-40.6977,,-38.1835
14.5204,4547.59,-40.6571,,-38.1908
14.5304,4509.41,-40.633,,-38.197
14.5403,4471.18,-40.557,,-38.2406
14.5503,4432.93,-40.4309,,-38.2269
14.5603,4394.7,-40.3066,,-38.2273
14.5703,4356.49,-40.2041,,-38.2028
14.5803,4318.24,-40.187,,-38.2831
14.5904,4280.01,-40.1551,,-38.2067
14.6003,4241.83,-40.085,,-38.1991
14.6103,4203.57,-39.9719,,-38.2282
14.6203,4165.37,-39.8426,,-38.2036
14.6303,4127.16,-39.7339,,-38.1873
14.6403,4088.95,-39.6256,,-38.2595
14.6504,4050.71,-39.5573,,-38.2138
14.6603,4012.44,-39.4794,,-38.3188
14.6703,3974.22,-39.3806,,-38.1635
14.6803,3936.05,-39.3336,,-38.1892
14.6903,3897.82,-39.3107,,-38.2794
14.7003,3859.54,-39.2763,,-38.2031
14.7104,3821.33,-39.2833,,-38.2123
14.7204,3783.16,-39.2875,,-38.1741
14.7303,3744.92,-39.2959,,-38.2834
14.7403,3706.71,-39.3573,,-38.1911
14.7503,3668.51,-39.3735,,-38.2214
14.7603,3630.24,-39.2724,,-38.2355
14.7704,3592.03,-39.1166,,-38.2144
14.7804,3553.8,-38.9506,,-38.2261
14.7903,3515.56,-38.798,,-38.2656
14.8003,3477.32,-38.634,,-38.207
14.8103,3439.16,-38.4763,,-38.1984
14.8203,3400.91,-38.3702,,-38.2607
14.8303,3362.67,-38.4638,,-38.1909
14.8404,3324.46,-38.5533,,-38.2339
14.8503,3286.25,-38.5753,,-38.174
14.8603,3248,-38.5913,,-38.3301
14.8703,3209.74,-38.5825,,-38.1679
14.8803,3171.58,-38.5071,,-38.1982
14.8903,3133.34,-38.3894,,-38.2569
14.9004,3095.12,-38.3064,,-38.2015
14.9103,3056.93,-38.2692,,-38.1781
14.9203,3018.72,-38.2326,,-38.2489
14.9303,2980.44,-38.2036,,-38.2604
14.9403,2942.19,-38.2544,,-38.2293
14.9503,2904,-38.3254,,-38.1998
14.9604,2865.81,-38.411,,-38.2116
14.9704,2827.56,-38.4185,,-38.2466
14.9803,2789.35,-38.4341,,-38.217
14.9903,2751.09,-38.4174,,-38.2574
15.0003,2712.86,-38.4169,,-38.1904
15.0103,2674.67,-38.3797,,-38.1836
15.0204,2636.47,-38.3479,,-38.2283
15.0304,2598.19,-38.3384,,-38.3245
15.0403,2559.95,-38.3211,,-38.1945
15.0503,2521.8,-38.3254,,-38.0963
15.0603,2483.61,-38.3233,,-38.2846
15.0703,2445.34,-38.3154,,-38.2412
15.0803,2407.11,-38.3181,,-38.2327
15.0904,2368.88,-38.3003,,-38.2152
15.1003,2330.67,-38.2795,,-38.1902
15.1103,2292.46,-38.2237,,-38.2299
15.1203,2254.25,-38.1746,,-38.2009
15.1303,2216,-38.1206,,-38.2616
15.1403,2177.79,-38.052,,-38.2218
15.1504,2139.56,-38.0128,,-38.2218
15.1603,2101.35,-38.0071,,-38.2157
15.1703,2063.1,-38.0357,,-38.2638
15.1803,2024.87,-38.1438,,-38.1762
15.1903,1986.68,-38.2221,,-38.2009
15.2003,1948.47,-38.2668,,-38.2264
15.2104,1910.25,-38.2916,,-38.2517
15.2204,1871.98,-38.3293,,-38.2494
15.2303,1833.78,-38.4124,,-38.1941
15.2403,1795.57,-38.5072,,-38.197
15.2503,1757.36,-38.6056,,-38.211
15.2603,1719.14,-38.7585,,-38.226
15.2704,1680.89,-38.8882,,-38.2555
15.2804,1642.65,-38.9717,,-38.2348
15.2903,1604.44,-39.028,,-38.2126
15.3003,1566.23,-39.0861,,-38.2395
15.3103,1527.95,-39.1196,,-38.2241
15.3203,1489.77,-39.1117,,-38.1959
15.3303,1451.55,-39.0488,,-38.2278
15.3404,1413.32,-39.016,,-38.2193
15.3503,1375.12,-39.0181,,-38.206
15.3603,1336.89,-39.0394,,-38.2458
15.3703,1298.68,-39.0445,,-38.2169
15.3803,1260.46,-39.0452,,-38.2082
15.3903,1222.23,-39.0488,,-38.2244
15.4004,1184.01,-39.0346,,-38.216
15.4103,1145.8,-39.0337,,-38.2194
15.4203,1107.56,-39.0522,,-38.2343
15.4303,1069.34,-39.049,,-38.2251
15.4403,1031.12,-39.0709,,-38.2147
15.4503,992.897,-39.0824,,-38.2264
15.4604,954.675,-39.0615,,-38.2234
15.4704,916.447,-39.0207,,-38.2256
15.4803,878.224,-38.9632,,-38.2215
15.4903,840.008,-38.9204,,-38.2162
15.5003,801.785,-38.8903,,-38.2301
15.5103,763.557,-38.8447,,-38.2113
15.5204,725.341,-38.7852,,-38.2409
15.5304,687.107,-38.7253,,-38.2187
15.5403,648.884,-38.6876,,-38.2259
15.5503,610.67,-38.6961,,-38.2096
15.5603,572.45,-38.729,,-38.2222
15.5703,534.228,-38.7159,,-38.2231
15.5803,496.004,-38.6891,,-38.2245
15.5904,457.781,-38.6814,,-38.2228
15.6003,419.556,-38.6689,,-38.2259
15.6103,381.333,-38.6717,,-38.2197
15.6203,343.11,-38.6922,,-38.226
15.6303,304.889,-38.7266,,-38.2205
15.6403,266.666,-38.7865,,-38.2211
15.6504,228.447,-38.8126,,-38.2216
15.6603,190.221,-38.8776,,-38.2255
15.6703,151.997,-38.9246,,-38.2224
15.6803,113.776,-38.8692,,-38.2205
15.6903,75.5547,-38.7927,,-38.2219
15.7003,37.3315,-38.7702,,-38.2247
15.7104,-0.8914,-38.7894,,-38.2212
15.7204,-39.1143,-38.8044,,-38.2237
15.7303,-77.3369,-38.7898,,-38.2236
15.7403,-115.559,-38.7367,,-38.2192
15.7503,-153.781,-38.7133,,-38.224
15.7603,-192.004,-38.7855,,-38.2243
15.7704,-230.228,-38.8056,,-38.2217
15.7804,-268.45,-38.7924,,-38.2225
15.7903,-306.672,-38.7782,,-38.2214
15.8003,-344.892,-38.8218,,-38.2189
15.8103,-383.114,-38.8458,,-38.227
15.8203,-421.343,-38.8328,,-38.2249
15.8303,-459.564,-38.8642,,-38.223
15.8404,-497.789,-38.9286,,-38.2214
15.8503,-536.009,-39.0245,,-38.2223
15.8603,-574.23,-39.1002,,-38.2201
15.8703,-612.451,-39.1152,,-38.2216
15.8803,-650.673,-39.1351,,-38.219
15.8903,-688.898,-39.181,,-38.2301
15.9004,-727.119,-39.2354,,-38.2119
15.9103,-765.341,-39.3608,,-38.2305
15.9203,-803.565,-39.5139,,-38.2265
15.9303,-841.792,-39.5336,,-38.2184
15.9403,-880.01,-39.4261,,-38.2263
15.9503,-918.226,-39.3263,,-38.2068
15.9604,-956.452,-39.2498,,-38.2342
15.9704,-994.68,-39.1292,,-38.2269
15.9803,-1032.91,-38.9908,,-38.2298
15.9903,-1071.13,-38.8701,,-38.2141
16.0003,-1109.35,-38.7673,,-38.2159
16.0103,-1147.57,-38.7727,,-38.2378
16.0204,-1185.8,-38.8136,,-38.2152
16.0304,-1224.02,-38.7564,,-38.2199
16.0403,-1262.23,-38.6374,,-38.1954
16.0503,-1300.44,-38.4861,,-38.2533
16.0603,-1338.68,-38.3077,,-38.2177
16.0703,-1376.92,-38.1062,,-38.2316
16.0803,-1415.14,-37.968,,-38.2176
16.0904,-1453.36,-37.9296,,-38.242
16.1003,-1491.6,-37.9389,,-38.231
16.1103,-1529.81,-37.9416,,-38.2085
16.1203,-1568.03,-37.9653,,-38.2431
16.1303,-1606.27,-38.0007,,-38.1933
16.1403,-1644.47,-38.0332,,-38.2201
16.1504,-1682.69,-38.071,,-38.2005
16.1603,-1720.9,-38.1028,,-38.2325
16.1703,-1759.14,-38.1178,,-38.2612
16.1803,-1797.45,-38.113,,-38.3248
16.1903,-1835.65,-38.0448,,-38.1289
16.2003,-1873.8,-37.9714,,-38.1705
16.2104,-1912.02,-37.9388,,-38.2378
16.2204,-1950.26,-37.9296,,-38.2275
16.2303,-1988.49,-37.9333,,-38.2325
16.2403,-2026.7,-37.9272,,-38.2085
16.2503,-2064.93,-37.9336,,-38.2548
16.2603,-2103.15,-37.9469,,-38.2244
16.2704,-2141.39,-37.9776,,-38.2072
16.2804,-2179.59,-37.9667,,-38.2017
16.2903,-2217.81,-37.9863,,-38.2073
16.3003,-2256.03,-38.0332,,-38.2338
16.3103,-2294.25,-38.0398,,-38.2246
16.3203,-2332.48,-38.057,,-38.2462
16.3303,-2370.69,-38.0791,,-38.2205
16.3404,-2408.95,-38.1151,,-38.2427
16.3503,-2447.16,-38.2722,,-38.1847
16.3603,-2485.36,-38.5186,,-38.2007
16.3703,-2523.57,-38.8905,,-38.2221
16.3803,-2561.8,-39.1356,,-38.261
16.3903,-2600.06,-39.2303,,-38.2326
16.4004,-2638.29,-39.3251,,-38.2138
16.4103,-2676.48,-39.4371,,-38.1814
16.4203,-2714.67,-39.5865,,-38.2136
16.4303,-2752.92,-39.8592,,-38.2715
16.4403,-2791.15,-40.0384,,-38.235
16.4503,-2829.41,-40.1136,,-38.2681
16.4604,-2867.65,-40.1699,,-38.1633
16.4704,-2905.81,-40.2401,,-38.194
16.4803,-2944.02,-40.3773,,-38.2105
16.4903,-2982.25,-40.4872,,-38.2383
16.5003,-3020.49,-40.5824,,-38.2623
16.5103,-3058.7,-40.6804,,-38.2087
16.5204,-3096.96,-40.7445,,-38.2381
16.5304,-3135.17,-40.7786,,-38.2168
16.5403,-3173.41,-40.8016,,-38.2555
16.5503,-3211.66,-40.7662,,-38.2131
16.5603,-3249.83,-40.7136,,-38.1602
16.5703,-3288.05,-40.6922,,-38.2624
16.5803,-3326.27,-40.6545,,-38.2093
16.5904,-3364.49,-40.5679,,-38.2258
16.6003,-3402.71,-40.4462,,-38.205
16.6103,-3440.91,-40.3063,,-38.1915
16.6203,-3479.13,-40.1872,,-38.2231
16.6303,-3517.35,-40.1206,,-38.2049
16.6403,-3555.56,-40.1163,,-38.2352
16.6504,-3593.85,-40.0572,,-38.3331
16.6603,-3632.08,-39.9238,,-38.1891
16.6703,-3670.28,-39.7245,,-38.1884
16.6803,-3708.48,-39.5701,,-38.2097
16.6903,-3746.7,-39.5349,,-38.2269
16.7003,-3784.93,-39.5052,,-38.222
16.7104,-3823.14,-39.4327,,-38.2047
16.7204,-3861.35,-39.3207,,-38.2194
16.7303,-3899.57,-39.2453,,-38.2421
16.7403,-3937.86,-39.2316,,-38.2718
16.7503,-3976.07,-39.2146,,-38.2098
16.7603,-4014.28,-39.1876,,-38.1649
16.7704,-4052.46,-39.1539,,-38.2145
16.7804,-4090.74,-39.1535,,-38.3377
16.7903,-4129.01,-39.207,,-38.1996
16.8003,-4167.16,-39.1911,,-38.1562
16.8103,-4205.36,-39.0803,,-38.2216
16.8203,-4243.58,-38.9371,,-38.2206
16.8303,-4281.82,-38.773,,-38.2283
16.8404,-4320.05,-38.6297,,-38.2236
16.8503,-4358.26,-38.4703,,-38.1996
16.8603,-4396.52,-38.3169,,-38.3195
16.8703,-4434.85,-38.2389,,-38.3393
16.8803,-4473.05,-38.4227,,-38.1171
16.8903,-4511.18,-38.5218,,-38.1306
16.9004,-4549.37,-38.5024,,-38.211
16.9103,-4587.58,-38.4841,,-38.2188
16.9203,-4625.81,-38.4309,,-38.2158
16.9303,-4664.04,-38.3155,,-38.2426
16.9403,-4702.3,-38.1926,,-38.2822
16.9503,-4740.52,-38.1137,,-38.1995
16.9604,-4778.73,-38.0774,,-38.2242
16.9704,-4816.96,-38.0649,,-38.2169
16.9803,-4855.18,-38.074,,-38.2214
16.9903,-4893.38,-38.0793,,-38.1737
17.0003,-4931.61,-38.0847,,-38.2558
17.0103,-4969.87,-38.0947,,-38.2646
17.0204,-5008.08,-38.0959,,-38.1997
17.0304,-5046.3,-38.1036,,-38.2331
17.0403,-5084.49,-38.1058,,-38.1585
17.0503,-5122.7,-38.0703,,-38.2181
17.0603,-5160.92,-38.0219,,-38.2472
17.0703,-5199.16,-37.9709,,-38.2076
17.0803,-5237.42,-37.9461,,-38.3355
17.0904,-5275.68,-37.9337,,-38.1887
17.1003,-5313.96,-37.9176,,-38.3349
17.1103,-5352.14,-37.9214,,-38.0866
17.1203,-5390.28,-37.9179,,-38.1837
17.1303,-5428.51,-37.9277,,-38.2319
17.1403,-5466.79,-37.923,,-38.2858
17.1504,-5504.97,-37.9198,,-38.1616
17.1603,-5543.21,-37.9297,,-38.248
17.1703,-5581.43,-37.9163,,-38.27
17.1803,-5619.69,-37.9262,,-38.2531
17.1903,-5657.92,-37.9217,,-38.2271
17.2003,-5696.21,-37.9277,,-38.2414
17.2104,-5734.33,-37.9201,,-38.0687
17.2204,-5772.45,-37.9349,,-38.1814
17.2303,-5810.7,-37.9683,,-38.2629
17.2403,-5848.94,-38.0896,,-38.254
17.2503,-5887.24,-38.1552,,-38.3335
17.2603,-5925.46,-38.1983,,-38.1259
17.2704,-5963.51,-38.2061,,-37.578
17.2804,-5986.3,-23.0202,,-2.32099
17.2903,-5964.12,13.651,,35.6966
17.3003,-5924.58,30.5998,,40.1822
17.3103,-5885.32,35.07,,38.5432
17.3203,-5847.13,36.5658,,38.1185
17.3303,-5808.98,37.4873,,38.1853
17.3404,-5770.71,37.9398,,38.2598
17.3503,-5732.44,38.0804,,38.3412
17.3603,-5694.21,38.2018,,38.1482
17.3703,-5656.05,38.1614,,38.1884
17.3803,-5617.8,38.1113,,38.2811
17.3903,-5579.58,37.9799,,38.1615
17.4004,-5541.42,37.9011,,38.1723
17.4103,-5503.2,37.8456,,38.2184
17.4203,-5464.96,37.7653,,38.2614
17.4303,-5426.69,37.7894,,38.2829
17.4403,-5388.39,37.8037,,38.3308
17.4503,-5350.19,37.7777,,38.1142
17.4604,-5312.05,37.7791,,38.1384
17.4704,-5273.81,37.7748,,38.3487
17.4803,-5235.45,37.8003,,38.3419
17.4903,-5197.21,37.7779,,38.1119
17.5003,-5159.13,37.8269,,38.1681
17.5103,-5120.83,37.8695,,38.3407
17.5204,-5082.6,37.8985,,38.1252
17.5304,-5044.48,37.9678,,38.1636
17.5403,-5006.27,37.9961,,38.2242
17.5503,-4968.02,38.0147,,38.2254
17.5603,-4929.79,38.0203,,38.2618
17.5703,-4891.57,38.0212,,38.2004
17.5803,-4853.37,38.0227,,38.2189
17.5904,-4815.16,37.996,,38.2153
17.6003,-4776.87,37.9859,,38.2763
17.6103,-4738.69,37.9766,,38.1525
17.6203,-4700.48,37.9742,,38.2542
17.6303,-4662.2,37.976,,38.3002
17.6403,-4623.99,38.0164,,38.1246
17.6504,-4585.83,38.0704,,38.2136
17.6603,-4547.61,38.1427,,38.2376
17.6703,-4509.32,38.2908,,38.2991
17.6803,-4471.1,38.4096,,38.1512
17.6903,-4432.92,38.4436,,38.2126
17.7003,-4394.71,38.3784,,38.1858
17.7104,-4356.49,38.3545,,38.251
17.7204,-4318.22,38.4577,,38.2933
17.7303,-4280.01,38.5932,,38.1859
17.7403,-4241.76,38.74,,38.267
17.7503,-4203.53,38.9387,,38.2252
17.7603,-4165.32,39.1003,,38.1497
17.7704,-4127.15,39.3651,,38.1897
17.7804,-4088.94,39.6197,,38.2409
17.7903,-4050.67,39.8106,,38.2837
17.8003,-4012.45,39.9377,,38.1973
17.8103,-3974.25,39.7984,,38.2088
17.8203,-3936.04,39.5335,,38.2076
17.8303,-3897.82,39.3903,,38.1925
17.8404,-3859.62,39.3405,,38.2307
17.8503,-3821.34,39.373,,38.3266
17.8603,-3783.08,39.4108,,38.1597
17.8703,-3744.92,39.4532,,38.2057
17.8803,-3706.69,39.5032,,38.2496
17.8903,-3668.47,39.5276,,38.2239
17.9004,-3630.22,39.5747,,38.2435
17.9103,-3591.98,39.6517,,38.2475
17.9203,-3553.77,39.8175,,38.1326
17.9303,-3515.56,40.0049,,38.2863
17.9403,-3477.34,40.0544,,38.182
17.9503,-3439.14,40.0256,,38.2414
17.9604,-3400.91,40.0016,,38.2103
17.9704,-3362.68,40.0672,,38.2084
17.9803,-3324.48,40.1762,,38.2126
17.9903,-3286.24,40.3282,,38.2355
18.0003,-3248.01,40.4448,,38.2204
18.0103,-3209.82,40.5168,,38.1909
18.0204,-3171.58,40.5624,,38.2817
18.0304,-3133.36,40.5925,,38.202
18.0403,-3095.12,40.5866,,38.2665
18.0503,-3056.85,40.588,,38.2354
18.0603,-3018.66,40.598,,38.1584
18.0703,-2980.47,40.5866,,38.2192
18.0803,-2942.25,40.5525,,38.1994
18.0904,-2904.03,40.4817,,38.2526
18.1003,-2865.79,40.3555,,38.2543
18.1103,-2827.5,40.2257,,38.2578
18.1203,-2789.34,40.1705,,38.1438
18.1303,-2751.17,40.1566,,38.1756
18.1403,-2712.95,40.089,,38.2346
18.1504,-2674.72,40.0026,,38.2161
18.1603,-2636.49,39.9443,,38.2697
18.1703,-2598.24,39.9391,,38.2558
18.1803,-2559.99,39.8973,,38.2441
18.1903,-2521.79,39.8087,,38.1489
18.2003,-2483.6,39.6833,,38.2277
18.2104,-2445.36,39.4592,,38.2707
18.2204,-2407.1,39.1938,,38.2144
18.2303,-2368.91,38.9985,,38.1981
18.2403,-2330.68,38.803,,38.2206
18.2503,-2292.45,38.5559,,38.2307
18.2603,-2254.22,38.3419,,38.2323
18.2704,-2215.94,38.1666,,38.346
18.2804,-2177.71,38.0311,,38.1305
18.2903,-2139.57,37.9242,,38.1843
18.3003,-2101.35,37.8483,,38.2138
18.3103,-2063.13,37.7757,,38.2242
18.3203,-2024.9,37.7478,,38.2164
18.3303,-1986.65,37.7372,,38.2776
18.3404,-1948.43,37.7441,,38.1766
18.3503,-1910.23,37.7449,,38.2388
18.3603,-1872,37.7412,,38.2265
18.3703,-1833.8,37.7476,,38.1906
18.3803,-1795.58,37.7609,,38.2205
18.3903,-1757.35,37.8013,,38.2356
18.4004,-1719.12,37.8441,,38.2135
18.4103,-1680.89,37.8584,,38.2393
18.4203,-1642.68,37.8717,,38.2132
18.4303,-1604.4,37.856,,38.3057
18.4403,-1566.2,37.8052,,38.1507
18.4503,-1528.02,37.7537,,38.2246
18.4604,-1489.77,37.7347,,38.2355
18.4704,-1451.54,37.7396,,38.1983
18.4803,-1413.35,37.7406,,38.1978
18.4903,-1375.13,37.7398,,38.2462
18.5003,-1336.88,37.7394,,38.2436
18.5103,-1298.67,37.7378,,38.2164
18.5204,-1260.45,37.7473,,38.1995
18.5304,-1222.24,37.8439,,38.2275
18.5403,-1184.01,38.0384,,38.2208
18.5503,-1145.79,38.3247,,38.2268
18.5603,-1107.56,38.4993,,38.2279
18.5703,-1069.34,38.5308,,38.2174
18.5803,-1031.11,38.6166,,38.225
18.5904,-992.893,38.7466,,38.2165
18.6003,-954.681,38.8843,,38.2188
18.6103,-916.448,38.9768,,38.2312
18.6203,-878.231,39.1087,,38.2181
18.6303,-840.006,39.2464,,38.2137
18.6403,-801.791,39.4679,,38.2304
18.6504,-763.568,39.5937,,38.2195
18.6603,-725.336,39.6237,,38.2288
18.6703,-687.116,39.6355,,38.2235
18.6803,-648.891,39.5976,,38.2196
18.6903,-610.677,39.437,,38.2142
18.7003,-572.453,39.3728,,38.2292
18.7104,-534.224,39.2712,,38.2281
18.7204,-495.999,39.0349,,38.2221
18.7303,-457.78,38.8714,,38.2186
18.7403,-419.56,38.7589,,38.2217
18.7503,-381.333,38.6992,,38.2288
18.7603,-343.109,38.6401,,38.221
18.7704,-304.886,38.627,,38.2232
18.7804,-266.665,38.6375,,38.221
18.7903,-228.444,38.6657,,38.2201
18.8003,-190.222,38.65,,38.2243
18.8103,-151.999,38.6372,,38.2204
18.8203,-113.776,38.6669,,38.2245
18.8303,-75.5535,38.7157,,38.2231
18.8404,-37.3311,38.8263,,38.2211
18.8503,0.891627,38.9331,,38.2235
18.8603,39.1141,38.9828,,38.2222
18.8703,77.3359,38.9846,,38.221
18.8803,115.559,38.8282,,38.2244
18.8903,153.782,38.6676,,38.2221
18.9004,192.004,38.6254,,38.2216
18.9103,230.226,38.5878,,38.2231
18.9203,268.45,38.4685,,38.2239
18.9303,306.672,38.3386,,38.2191
18.9403,344.891,38.415,,38.2216
18.9503,383.114,38.5674,,38.2227
18.9604,421.337,38.58,,38.2217
18.9704,459.56,38.6317,,38.2265
18.9803,497.787,38.7069,,38.228
18.9903,536.011,38.7646,,38.2192
19.0003,574.232,38.8089,,38.2221
19.0103,612.452,38.8366,,38.2194
19.0204,650.667,38.8449,,38.211
19.0304,688.896,38.7843,,38.2374
19.0403,727.119,38.6574,,38.2234
19.0503,765.349,38.5341,,38.2225
19.0603,803.563,38.4824,,38.2175
19.0703,841.784,38.4715,,38.2231
19.0803,880.004,38.5103,,38.2147
19.0904,918.226,38.6309,,38.2309
19.1003,956.464,38.7347,,38.233
19.1103,994.683,38.8162,,38.2199
19.1203,1032.91,38.9153,,38.2181
19.1303,1071.13,39.0644,,38.2313
19.1403,1109.35,39.1159,,38.209
19.1504,1147.57,39.1252,,38.2279
19.1603,1185.79,39.146,,38.2132
19.1703,1224.02,39.1515,,38.2388
19.1803,1262.23,39.1139,,38.1822
19.1903,1300.41,39.0198,,38.2174
19.2003,1338.67,38.9107,,38.2433
19.2104,1376.91,38.8447,,38.2376
19.2204,1415.11,38.8292,,38.1922
19.2303,1453.34,38.7944,,38.262
19.2403,1491.57,38.7756,,38.2429
19.2503,1529.83,38.7962,,38.2645
19.2603,1568.14,38.8432,,38.2706
19.2704,1606.28,38.8786,,38.0994
19.2804,1644.46,38.8737,,38.2198
19.2903,1682.72,38.8586,,38.3239
19.3003,1720.99,38.8789,,38.1739
19.3103,1759.13,38.8868,,38.1759
19.3203,1797.36,38.8593,,38.2551
19.3303,1835.6,38.7894,,38.2281
19.3404,1873.82,38.7347,,38.19
19.3503,1912.02,38.6744,,38.2095
19.3603,1950.24,38.588,,38.223
19.3703,1988.47,38.4991,,38.2253
19.3803,2026.71,38.4172,,38.26
19.3903,2064.94,38.3334,,38.2308
19.4004,2103.15,38.2396,,38.2012
19.4103,2141.36,38.1636,,38.207
19.4203,2179.59,38.0778,,38.227
19.4303,2217.81,38.0026,,38.1975
19.4403,2256.02,37.9168,,38.2363
19.4503,2294.26,37.7996,,38.2356
19.4604,2332.48,37.7401,,38.2441
19.4704,2370.72,37.7152,,38.2357
19.4803,2408.94,37.7192,,38.1885
19.4903,2447.14,37.7193,,38.2212
19.5003,2485.36,37.7129,,38.1846
19.5103,2523.57,37.7143,,38.255
19.5204,2561.84,37.7189,,38.2776
19.5304,2600.07,37.7298,,38.177
19.5403,2638.28,37.7228,,38.2702
19.5503,2676.51,37.745,,38.1531
19.5603,2714.68,37.829,,38.2143
19.5703,2752.93,37.891,,38.2809
19.5803,2791.23,37.9153,,38.2792
19.5904,2829.4,37.9096,,38.1233
19.6003,2867.57,37.9094,,38.2058
19.6103,2905.8,37.9093,,38.2215
19.6203,2944.03,37.9006,,38.2484
19.6303,2982.32,37.9352,,38.3342
19.6403,3020.54,37.9438,,38.1255
19.6504,3058.68,37.9633,,38.1991
19.6603,3096.94,37.9613,,38.2432
19.6703,3135.15,37.9877,,38.2247
19.6803,3173.37,37.9859,,38.1836
19.6903,3211.57,38.0095,,38.2139
19.7003,3249.83,38.0325,,38.2934
19.7104,3288.07,38.0821,,38.2109
19.7204,3326.26,38.1113,,38.1981
19.7303,3364.46,38.0848,,38.2202
19.7403,3402.7,38.0725,,38.2271
19.7503,3440.95,38.1341,,38.2323
19.7603,3479.17,38.229,,38.2105
19.7704,3517.38,38.3387,,38.2063
19.7804,3555.59,38.4391,,38.2243
19.7903,3593.83,38.543,,38.2511
19.8003,3632.05,38.7539,,38.2255
19.8103,3670.26,39.0259,,38.1999
19.8203,3708.49,39.2919,,38.2304
19.8303,3746.7,39.4911,,38.1761
19.8404,3784.9,39.6964,,38.236
19.8503,3823.15,39.8757,,38.2602
19.8603,3861.39,39.7196,,38.2356
19.8703,3899.65,39.3954,,38.2596
19.8803,3937.83,39.21,,38.1606
19.8903,3976.04,39.1711,,38.2285
19.9004,4014.27,39.2142,,38.2197
19.9103,4052.5,39.2604,,38.2458
19.9203,4090.74,39.3084,,38.2185
19.9303,4128.96,39.3629,,38.2202
19.9403,4167.15,39.3844,,38.2123
19.9503,4205.38,39.4727,,38.2374
19.9604,4243.6,39.7296,,38.1902
19.9704,4281.81,39.9319,,38.2195
19.9803,4320.06,40.0029,,38.2281
19.9903,4358.25,39.984,,38.2002
20.0003,4396.48,39.9274,,38.2453
20.0103,4434.71,39.917,,38.2375
20.0204,4473,39.9918,,38.3055
20.0304,4511.21,40.1154,,38.1667
20.0403,4549.38,40.236,,38.1564
20.0503,4587.57,40.3505,,38.2067
20.0603,4625.8,40.4294,,38.2467
20.0703,4664.03,40.454,,38.219
20.0803,4702.29,40.4676,,38.2858
20.0904,4740.5,40.5154,,38.1951
20.1003,4778.7,40.5357,,38.2077
20.1103,4816.95,40.5176,,38.2405
20.1203,4855.17,40.4585,,38.2132
20.1303,4893.38,40.2789,,38.1972
20.1403,4931.61,40.1508,,38.2482
20.1504,4969.85,40.0912,,38.2208
20.1603,5008.06,40.0206,,38.2405
20.1703,5046.27,39.9875,,38.1979
20.1803,5084.52,39.9621,,38.3076
20.1903,5122.78,39.8773,,38.1675
20.2003,5160.98,39.7524,,38.2155
20.2104,5199.17,39.702,,38.1819
20.2204,5237.33,39.7376,,38.173
20.2303,5275.62,39.7769,,38.3619
20.2403,5313.88,39.8001,,38.2112
20.2503,5352.1,39.7046,,38.247
20.2603,5390.32,39.448,,38.1563
20.2704,5428.57,39.196,,38.3408
20.2804,5466.88,38.9992,,38.2013
20.2903,5504.99,38.7826,,38.0987
20.3003,5543.13,38.5226,,38.2222
20.3103,5581.44,38.3219,,38.3443
20.3203,5619.69,38.161,,38.1981
20.3303,5657.87,38.1394,,38.1376
20.3404,5696.05,38.263,,38.1962
20.3503,5734.27,38.2334,,38.2955
20.3603,5772.55,38.1841,,38.17
20.3703,5810.75,38.1755,,38.2542
20.3803,5848.95,38.1731,,38.2321
20.3903,5887.2,38.1765,,38.2252
20.4004,5925.4,38.173,,38.2343
20.4103,5963.57,38.1591,,37.6867
20.4203,5986.44,22.9002,,2.30232
20.4303,5964.14,-13.9029,,-35.878
20.4403,5924.5,-30.8253,,-40.1798
20.4503,5885.4,-35.2718,,-38.3887
20.4604,5847.2,-36.7721,,-38.1266
20.4704,5808.99,-37.7255,,-38.2844
20.4803,5770.69,-38.2028,,-38.2805
20.4903,5732.49,-38.3208,,-38.2333
20.5003,5694.24,-38.4855,,-38.2168
20.5103,5655.96,-38.5567,,-38.3297
20.5204,5617.75,-38.6539,,-38.1091
20.5304,5579.63,-38.7627,,-38.177
20.5403,5541.42,-38.8963,,-38.1628
20.5503,5503.18,-39.027,,-38.2761
20.5603,5465,-39.0282,,-38.2135
20.5703,5426.67,-39.0986,,-38.3547
20.5803,5388.43,-39.1677,,-38.1982
20.5904,5350.21,-39.273,,-38.2529
20.6003,5311.99,-39.5691,,-38.1405
20.6103,5273.83,-39.9584,,-38.1695
20.6203,5235.63,-40.1678,,-38.209
20.6303,5197.39,-40.2395,,-38.2651
20.6403,5159.18,-40.3447,,-38.2236
20.6504,5120.89,-40.4511,,-38.3048
20.6603,5082.67,-40.5813,,-38.2026
20.6703,5044.43,-40.7424,,-38.2084
20.6803,5006.24,-40.7714,,-38.1873
20.6903,4968.03,-40.709,,-38.2134
20.7003,4929.82,-40.6873,,-38.2006
20.7104,4891.63,-40.695,,-38.2186
20.7204,4853.36,-40.7375,,-38.2875
20.7303,4815.13,-40.7822,,-38.2246
20.7403,4776.93,-40.8429,,-38.1631
20.7503,4738.73,-40.8865,,-38.2357
20.7603,4700.48,-40.9185,,-38.2318
20.7704,4662.24,-40.9106,,-38.2179
20.7804,4624.04,-40.8663,,-38.2239
20.7903,4585.81,-40.8064,,-38.236
20.8003,4547.59,-40.7667,,-38.2323
20.8103,4509.36,-40.7479,,-38.2102
20.8203,4471.15,-40.6722,,-38.2522
20.8303,4432.87,-40.5539,,-38.237
20.8404,4394.66,-40.4166,,-38.1966
20.8503,4356.49,-40.2944,,-38.1678
20.8603,4318.3,-40.2507,,-38.224
20.8703,4280.05,-40.2236,,-38.2598
20.8803,4241.8,-40.1619,,-38.2285
20.8903,4203.59,-40.0279,,-38.1984
20.9004,4165.39,-39.8841,,-38.1952
20.9103,4127.16,-39.7644,,-38.2419
20.9203,4088.93,-39.6573,,-38.2206
20.9303,4050.7,-39.5933,,-38.2405
20.9403,4012.47,-39.5224,,-38.2341
20.9503,3974.23,-39.448,,-38.2462
20.9604,3936.04,-39.3841,,-38.1683
20.9704,3897.82,-39.3317,,-38.2454
20.9803,3859.58,-39.282,,-38.2138
20.9903,3821.38,-39.2784,,-38.1912
21.0003,3783.12,-39.2746,,-38.3354
21.0103,3744.88,-39.2561,,-38.1652
21.0204,3706.71,-39.3358,,-38.185
21.0304,3668.5,-39.3842,,-38.2333
21.0403,3630.28,-39.2845,,-38.1856
21.0503,3592.06,-39.1132,,-38.262
21.0603,3553.8,-38.9225,,-38.2133
21.0703,3515.58,-38.7615,,-38.2462
21.0803,3477.31,-38.607,,-38.2817
21.0904,3439.12,-38.4645,,-38.1525
21.1003,3400.94,-38.3173,,-38.211
21.1103,3362.71,-38.3988,,-38.2235
21.1203,3324.47,-38.507,,-38.2808
21.1303,3286.19,-38.5014,,-38.2015
21.1403,3247.99,-38.4878,,-38.2331
21.1504,3209.81,-38.4607,,-38.16
21.1603,3171.61,-38.3734,,-38.2524
21.1703,3133.34,-38.2926,,-38.256
21.1803,3095.11,-38.2495,,-38.219
21.1903,3056.9,-38.2254,,-38.1738
21.2003,3018.68,-38.2043,,-38.2978
21.2104,2980.39,-38.1654,,-38.1976
21.2204,2942.25,-38.2363,,-38.1506
21.2303,2904.04,-38.2511,,-38.2433
21.2403,2865.8,-38.2639,,-38.2838
21.2503,2827.55,-38.3485,,-38.1989
21.2603,2789.36,-38.3775,,-38.181
21.2704,2751.17,-38.3708,,-38.2117
21.2804,2712.91,-38.3497,,-38.2636
21.2903,2674.63,-38.346,,-38.3283
21.3003,2636.38,-38.3183,,-38.1383
21.3103,2598.26,-38.3036,,-38.1871
21.3203,2560.02,-38.3011,,-38.2607
21.3303,2521.76,-38.2878,,-38.1897
21.3404,2483.59,-38.2904,,-38.2207
21.3503,2445.34,-38.271,,-38.2509
21.3603,2407.13,-38.2606,,-38.1929
21.3703,2368.91,-38.2444,,-38.2349
21.3803,2330.67,-38.2141,,-38.2325
21.3903,2292.44,-38.1742,,-38.2192
21.4004,2254.22,-38.1315,,-38.1999
21.4103,2216.02,-38.0635,,-38.2225
21.4203,2177.8,-37.9935,,-38.2402
21.4303,2139.57,-37.9698,,-38.2361
21.4403,2101.33,-38.0266,,-38.2282
21.4503,2063.11,-38.0741,,-38.2047
21.4604,2024.9,-38.1535,,-38.1929
21.4704,1986.7,-38.2423,,-38.2115
21.4803,1948.44,-38.325,,-38.2909
21.4903,1910.22,-38.3727,,-38.1931
21.5003,1872.02,-38.4186,,-38.2276
21.5103,1833.77,-38.4894,,-38.2138
21.5204,1795.58,-38.5785,,-38.2004
21.5304,1757.35,-38.6852,,-38.2213
21.5403,1719.11,-38.8385,,-38.2783
21.5503,1680.88,-38.9786,,-38.1733
21.5603,1642.68,-39.0566,,-38.2436
21.5703,1604.44,-39.1105,,-38.2473
21.5803,1566.22,-39.1674,,-38.1917
21.5904,1528.01,-39.1929,,-38.2233
21.6003,1489.78,-39.1991,,-38.2172
21.6103,1451.55,-39.122,,-38.2223
21.6203,1413.35,-39.0753,,-38.1991
21.6303,1375.12,-39.0624,,-38.2479
21.6403,1336.9,-39.0664,,-38.2237
21.6504,1298.64,-39.0696,,-38.2616
21.6603,1260.47,-39.0729,,-38.1395
21.6703,1222.26,-39.0656,,-38.2518
21.6803,1184.01,-39.0457,,-38.2315
21.6903,1145.78,-39.0361,,-38.2261
21.7003,1107.57,-39.008,,-38.2128
21.7104,1069.35,-38.9935,,-38.2303
21.7204,1031.12,-38.9799,,-38.2164
21.7303,992.893,-38.9937,,-38.2296
21.7403,954.677,-38.97,,-38.2237
21.7503,916.449,-38.9349,,-38.2189
21.7603,878.226,-38.9502,,-38.2275
21.7704,840.004,-38.9232,,-38.2213
21.7804,801.786,-38.8971,,-38.2175
21.7903,763.56,-38.8598,,-38.2235
21.8003,725.338,-38.8093,,-38.2245
21.8103,687.118,-38.7547,,-38.2307
21.8203,648.88,-38.7304,,-38.2139
21.8303,610.691,-38.7533,,-38.2002
21.8404,572.461,-38.7913,,-38.2401
21.8503,534.224,-38.7936,,-38.233
21.8603,496.001,-38.8202,,-38.2156
21.8703,457.785,-38.7828,,-38.2192
21.8803,419.561,-38.7564,,-38.2264
21.8903,381.336,-38.7572,,-38.2237
21.9004,343.113,-38.7571,,-38.2231
21.9103,304.889,-38.8156,,-38.2244
21.9203,266.667,-38.8534,,-38.22
21.9303,228.443,-38.8663,,-38.2236
21.9403,190.225,-38.9028,,-38.2202
21.9503,151.999,-38.9351,,-38.2252
21.9604,113.777,-38.8857,,-38.2206
21.9704,75.5545,-38.8111,,-38.2241
21.9803,37.3316,-38.7817,,-38.222
21.9903,-0.890917,-38.8106,,-38.2233
22.0003,-39.1141,-38.8199,,-38.2233
22.0103,-77.3368,-38.7831,,-38.223
22.0204,-115.56,-38.7313,,-38.222
22.0304,-153.782,-38.7167,,-38.2224
22.0403,-192.003,-38.7661,,-38.2201
22.0503,-230.225,-38.8113,,-38.2247
22.0603,-268.45,-38.7761,,-38.2226
22.0703,-306.671,-38.7759,,-38.2228
22.0803,-344.896,-38.823,,-38.2246
22.0904,-383.12,-38.8551,,-38.2223
22.1003,-421.341,-38.8338,,-38.2182
22.1103,-459.56,-38.8513,,-38.223
22.1203,-497.785,-38.9426,,-38.2223
22.1303,-536.006,-39.0411,,-38.2245
22.1403,-574.229,-39.1065,,-38.2212
22.1504,-612.45,-39.1393,,-38.2194
22.1603,-650.669,-39.1434,,-38.2203
22.1703,-688.902,-39.1888,,-38.24
22.1803,-727.13,-39.2419,,-38.2159
22.1903,-765.341,-39.3545,,-38.2172
22.2003,-803.569,-39.501,,-38.2326
22.2104,-841.794,-39.5285,,-38.2134
22.2204,-880.012,-39.4423,,-38.2224
22.2303,-918.23,-39.3595,,-38.2233
22.2403,-956.459,-39.2741,,-38.2201
22.2503,-994.679,-39.1531,,-38.2323
22.2603,-1032.91,-39.0193,,-38.2242
22.2704,-1071.13,-38.8543,,-38.2194
22.2804,-1109.35,-38.7217,,-38.2242
22.2903,-1147.57,-38.7364,,-38.2142
22.3003,-1185.79,-38.7813,,-38.2214
22.3103,-1224.02,-38.7429,,-38.2239
22.3203,-1262.24,-38.6201,,-38.2087
22.3303,-1300.45,-38.4894,,-38.2627
22.3404,-1338.71,-38.308,,-38.2166
22.3503,-1376.91,-38.0938,,-38.1805
22.3603,-1415.11,-37.9585,,-38.2306
22.3703,-1453.37,-37.9201,,-38.2707
22.3803,-1491.59,-37.9327,,-38.204
22.3903,-1529.79,-37.9421,,-38.1996
22.4004,-1568.01,-37.949,,-38.255
22.4103,-1606.25,-37.9927,,-38.1917
22.4203,-1644.47,-38.0238,,-38.2265
22.4303,-1682.69,-38.0613,,-38.2281
22.4403,-1720.92,-38.1161,,-38.2256
22.4503,-1759.14,-38.1708,,-38.2377
22.4604,-1797.36,-38.2032,,-38.2273
22.4704,-1835.59,-38.1394,,-38.2215
22.4803,-1873.82,-38.1662,,-38.2259
22.4903,-1912.04,-38.2993,,-38.1942
22.5003,-1950.25,-38.3827,,-38.2092
22.5103,-1988.48,-38.3917,,-38.2488
22.5204,-2026.7,-38.4189,,-38.2254
22.5304,-2064.93,-38.4232,,-38.2309
22.5403,-2103.14,-38.4518,,-38.2011
22.5503,-2141.36,-38.4561,,-38.2289
22.5603,-2179.59,-38.4526,,-38.2144
22.5703,-2217.81,-38.5075,,-38.2207
22.5803,-2256.03,-38.6449,,-38.2228
22.5904,-2294.25,-38.692,,-38.2307
22.6003,-2332.49,-38.7383,,-38.2382
22.6103,-2370.69,-38.7664,,-38.2213
22.6203,-2408.93,-38.8431,,-38.2238
22.6303,-2447.14,-38.9229,,-38.203
22.6403,-2485.36,-39.0759,,-38.2049
22.6504,-2523.56,-39.3966,,-38.2144
22.6603,-2561.8,-39.6283,,-38.2598
22.6703,-2600.05,-39.7909,,-38.2126
22.6803,-2638.26,-39.8918,,-38.203
22.6903,-2676.45,-39.9709,,-38.2036
22.7003,-2714.71,-40.0747,,-38.2874
22.7104,-2752.95,-40.3233,,-38.2218
22.7204,-2791.18,-40.5167,,-38.2221
22.7303,-2829.38,-40.4597,,-38.2405
22.7403,-2867.64,-40.357,,-38.193
22.7503,-2905.83,-40.349,,-38.2088
22.7603,-2944.06,-40.4015,,-38.305
22.7704,-2982.33,-40.4861,,-38.1717
22.7804,-3020.48,-40.565,,-38.185
22.7903,-3058.72,-40.6431,,-38.2678
22.8003,-3096.95,-40.708,,-38.2096
22.8103,-3135.15,-40.7471,,-38.1748
22.8203,-3173.35,-40.7546,,-38.2321
22.8303,-3211.59,-40.724,,-38.2255
22.8404,-3249.82,-40.649,,-38.2286
22.8503,-3288.03,-40.6519,,-38.2346
22.8603,-3326.27,-40.6575,,-38.2228
22.8703,-3364.55,-40.5652,,-38.3055
22.8803,-3402.75,-40.4225,,-38.1359
22.8903,-3440.93,-40.2754,,-38.2457
22.9004,-3479.19,-40.1719,,-38.2265
22.9103,-3517.4,-40.123,,-38.1895
22.9203,-3555.6,-40.0993,,-38.2123
22.9303,-3593.83,-40.1024,,-38.2559
22.9403,-3632.04,-39.9854,,-38.2207
22.9503,-3670.26,-39.7886,,-38.1883
22.9604,-3708.46,-39.6618,,-38.2243
22.9704,-3746.71,-39.5928,,-38.2261
22.9803,-3784.92,-39.5542,,-38.2001
22.9903,-3823.17,-39.4756,,-38.3259
23.0003,-3861.43,-39.3372,,-38.1791
23.0103,-3899.6,-39.2533,,-38.2062
23.0204,-3937.83,-39.1736,,-38.2166
23.0304,-3976.03,-39.1507,,-38.2016
23.0403,-4014.26,-39.1498,,-38.2363
23.0503,-4052.51,-39.1136,,-38.2371
23.0603,-4090.76,-39.068,,-38.2626
23.0703,-4128.97,-39.1377,,-38.1919
23.0803,-4167.21,-39.1877,,-38.27
23.0904,-4205.42,-39.1217,,-38.1825
23.1003,-4243.61,-38.963,,-38.1943
23.1103,-4281.81,-38.7839,,-38.2216
23.1203,-4320.06,-38.6087,,-38.2266
23.1303,-4358.26,-38.4605,,-38.1704
23.1403,-4396.47,-38.3162,,-38.2638
23.1504,-4434.76,-38.2631,,-38.291
23.1603,-4472.98,-38.4606,,-38.2001
23.1703,-4511.16,-38.5475,,-38.2049
23.1803,-4549.42,-38.5322,,-38.2611
23.1903,-4587.66,-38.5125,,-38.192
23.2003,-4625.83,-38.4578,,-38.1543
23.2104,-4664.06,-38.3441,,-38.3282
23.2204,-4702.31,-38.226,,-38.1622
23.2303,-4740.51,-38.1603,,-38.2552
23.2403,-4778.78,-38.1146,,-38.2535
23.2503,-4816.98,-38.0951,,-38.1741
23.2603,-4855.17,-38.1018,,-38.1835
23.2704,-4893.37,-38.1028,,-38.2116
23.2804,-4931.59,-38.117,,-38.2269
23.2903,-4969.87,-38.1162,,-38.3442
23.3003,-5008.19,-38.1322,,-38.2591
23.3103,-5046.36,-38.1309,,-38.1518
23.3203,-5084.55,-38.123,,-38.2565
23.3303,-5122.83,-38.0929,,-38.2149
23.3404,-5161.03,-38.0425,,-38.1705
23.3503,-5199.16,-38.0042,,-38.1436
23.3603,-5237.37,-37.965,,-38.2481
23.3703,-5275.65,-37.9569,,-38.3318
23.3803,-5313.9,-37.9491,,-38.1593
23.3903,-5352.05,-37.9361,,-38.1986
23.4004,-5390.31,-37.9381,,-38.2383
23.4103,-5428.52,-37.9343,,-38.1841
23.4203,-5466.76,-37.9422,,-38.2666
23.4303,-5504.95,-37.9324,,-38.1873
23.4403,-5543.26,-37.9492,,-38.3669
23.4503,-5581.6,-37.9451,,-38.3391
23.4604,-5619.75,-37.9424,,-38.0114
23.4704,-5657.84,-37.9453,,-38.1601
23.4803,-5696.09,-37.9387,,-38.3296
23.4903,-5734.44,-37.9453,,-38.3459
23.5003,-5772.71,-37.9481,,-38.1315
23.5103,-5810.76,-37.9793,,-38.0963
23.5204,-5848.94,-37.9982,,-38.2183
23.5304,-5887.23,-38.0092,,-38.3307
23.5403,-5925.45,-38.096,,-38.1446
23.5503,-5963.51,-38.1837,,-37.6079
23.5603,-5986.33,-23.0453,,-2.3697
23.5703,-5964.18,13.5495,,35.7528
23.5803,-5924.56,30.5014,,40.2123
23.5904,-5885.41,35.0003,,38.4388
23.6003,-5847.19,36.5154,,38.1797
23.6103,-5809.01,37.4598,,38.1869
23.6203,-5770.77,37.9633,,38.2552
23.6303,-5732.56,38.0841,,38.2142
23.6403,-5694.26,38.1959,,38.3451
23.6504,-5656.02,38.1833,,38.1925
23.6603,-5617.8,38.1405,,38.1977
23.6703,-5579.63,38.0322,,38.1418
23.6803,-5541.4,37.9538,,38.2604
23.6903,-5503.16,37.8816,,38.2689
23.7003,-5464.93,37.788,,38.1855
23.7104,-5426.74,37.8008,,38.2079
23.7204,-5388.54,37.8224,,38.2545
23.7303,-5350.22,37.7839,,38.2896
23.7403,-5312.02,37.7847,,38.153
23.7503,-5273.77,37.8045,,38.3465
23.7603,-5235.47,37.8057,,38.1732
23.7704,-5197.36,37.7752,,38.1556
23.7804,-5159.1,37.8074,,38.3366
23.7903,-5120.87,37.8642,,38.1862
23.8003,-5082.67,37.8914,,38.1971
23.8103,-5044.44,37.9637,,38.1981
23.8203,-5006.25,38.0085,,38.1971
23.8303,-4968.03,38.0252,,38.2335
23.8404,-4929.82,38.0226,,38.1872
23.8503,-4891.63,38.0346,,38.2186
23.8603,-4853.36,38.0429,,38.2911
23.8703,-4815.15,38.0088,,38.1828
23.8803,-4776.95,38.0032,,38.231
23.8903,-4738.69,37.9912,,38.2283
23.9004,-4700.48,37.9749,,38.1991
23.9103,-4662.26,37.9832,,38.2237
23.9203,-4624.06,38.0088,,38.201
23.9303,-4585.84,38.0622,,38.2507
23.9403,-4547.59,38.1048,,38.2433
23.9503,-4509.3,38.2412,,38.2837
23.9604,-4471.13,38.3882,,38.1234
23.9704,-4432.94,38.4314,,38.2375
23.9803,-4394.71,38.3905,,38.1951
23.9903,-4356.51,38.3841,,38.2297
24.0003,-4318.26,38.4397,,38.2644
24.0103,-4280.02,38.5629,,38.2339
24.0204,-4241.81,38.7229,,38.1739
24.0304,-4203.6,38.9383,,38.2709
24.0403,-4165.33,39.1362,,38.2401
24.0503,-4127.12,39.3998,,38.183
24.0603,-4088.91,39.6418,,38.2157
24.0703,-4050.69,39.8345,,38.2317
24.0803,-4012.48,39.9973,,38.2248
24.0904,-3974.28,39.8658,,38.1931
24.1003,-3936.07,39.5974,,38.2311
24.1103,-3897.83,39.4611,,38.2087
24.1203,-3859.6,39.4288,,38.2211
24.1303,-3821.36,39.448,,38.2911
24.1403,-3783.09,39.49,,38.2196
24.1504,-3744.92,39.539,,38.1816
24.1603,-3706.69,39.5943,,38.2496
24.1703,-3668.47,39.6298,,38.2239
24.1803,-3630.22,39.6697,,38.2435
24.1903,-3591.98,39.7662,,38.2475
24.2003,-3553.77,39.9014,,38.1326
24.2104,-3515.57,40.0991,,38.2698
24.2204,-3477.36,40.1581,,38.1788
24.2303,-3439.15,40.1156,,38.2336
24.2403,-3400.94,40.0909,,38.2249
24.2503,-3362.7,40.1709,,38.2205
24.2603,-3324.48,40.281,,38.199
24.2704,-3286.26,40.4244,,38.2581
24.2804,-3248.01,40.5224,,38.2069
24.2903,-3209.81,40.5719,,38.2132
24.3003,-3171.59,40.6061,,38.2459
24.3103,-3133.36,40.6279,,38.2323
24.3203,-3095.13,40.6132,,38.2007
24.3303,-3056.92,40.6182,,38.2672
24.3404,-3018.63,40.6386,,38.2207
24.3503,-2980.44,40.6309,,38.166
24.3603,-2942.25,40.581,,38.2513
24.3703,-2904.02,40.4855,,38.2049
24.3803,-2865.78,40.3794,,38.2672
24.3903,-2827.57,40.3054,,38.2105
24.4004,-2789.32,40.3345,,38.2702
24.4103,-2751.07,40.3843,,38.1598
24.4203,-2712.9,40.3827,,38.2049
24.4303,-2674.69,40.3379,,38.2126
24.4403,-2636.48,40.2641,,38.2353
24.4503,-2598.25,40.2542,,38.2355
24.4604,-2560,40.2213,,38.2366
24.4704,-2521.82,40.1759,,38.1488
24.4803,-2483.63,40.0968,,38.2457
24.4903,-2445.35,39.9461,,38.2752
24.5003,-2407.12,39.7412,,38.2134
24.5103,-2368.9,39.5265,,38.2204
24.5204,-2330.67,39.3104,,38.2404
24.5304,-2292.44,39.0567,,38.1822
24.5403,-2254.23,38.8541,,38.2456
24.5503,-2216.01,38.6839,,38.1981
24.5603,-2177.8,38.5579,,38.2505
24.5703,-2139.56,38.4418,,38.2312
24.5803,-2101.33,38.3721,,38.2178
24.5904,-2063.12,38.3131,,38.2
24.6003,-2024.91,38.2691,,38.1986
24.6103,-1986.69,38.262,,38.2398
24.6203,-1948.45,38.2668,,38.2363
24.6303,-1910.19,38.2563,,38.2823
24.6403,-1872,38.2564,,38.1628
24.6504,-1833.79,38.2676,,38.2332
24.6603,-1795.56,38.2976,,38.2036
24.6703,-1757.34,38.3506,,38.2446
24.6803,-1719.1,38.3736,,38.2086
24.6903,-1680.9,38.3644,,38.199
24.7003,-1642.69,38.316,,38.2439
24.7104,-1604.46,38.2495,,38.2357
24.7204,-1566.22,38.1662,,38.2166
24.7303,-1528.01,38.0546,,38.2279
24.7403,-1489.78,37.9777,,38.1936
24.7503,-1451.56,37.895,,38.2358
24.7603,-1413.33,37.8373,,38.2335
24.7704,-1375.1,37.7874,,38.221
24.7804,-1336.88,37.7666,,38.2377
24.7903,-1298.67,37.7632,,38.2049
24.8003,-1260.48,37.7794,,38.1691
24.8103,-1222.26,37.8497,,38.2585
24.8203,-1184,38.0114,,38.2399
24.8303,-1145.77,38.1931,,38.2245
24.8404,-1107.57,38.389,,38.2092
24.8503,-1069.34,38.5043,,38.2189
24.8603,-1031.13,38.6317,,38.2219
24.8703,-992.901,38.7978,,38.2257
24.8803,-954.677,38.963,,38.2262
24.8903,-916.449,39.0758,,38.2226
24.9004,-878.23,39.2493,,38.2227
24.9103,-840.01,39.4118,,38.2106
24.9203,-801.791,39.6407,,38.2296
24.9303,-763.565,39.7151,,38.2275
24.9403,-725.336,39.7069,,38.2195
24.9503,-687.117,39.7119,,38.2282
24.9604,-648.89,39.6428,,38.2198
24.9704,-610.677,39.524,,38.2173
24.9803,-572.446,39.4355,,38.2344
24.9903,-534.22,39.2729,,38.2179
25.0003,-496.001,39.07,,38.2236
25.0103,-457.777,38.9304,,38.2218
25.0204,-419.556,38.8448,,38.2237
25.0304,-381.33,38.7657,,38.2212
25.0403,-343.114,38.7103,,38.2201
25.0503,-304.887,38.6841,,38.2268
25.0603,-266.664,38.6868,,38.2204
25.0703,-228.444,38.7123,,38.2197
25.0803,-190.223,38.6987,,38.2239
25.0904,-152,38.6915,,38.221
25.1003,-113.778,38.7248,,38.2242
25.1103,-75.554,38.7916,,38.2221
25.1203,-37.3319,38.899,,38.222
25.1303,0.891276,38.9989,,38.2242
25.1403,39.1137,39.0622,,38.2221
25.1504,77.3363,39.025,,38.2227
25.1603,115.558,38.8742,,38.2222
25.1703,153.782,38.7434,,38.2229
25.1803,192.003,38.7816,,38.2216
25.1903,230.227,38.856,,38.2243
25.2003,268.45,38.7911,,38.223
25.2104,306.673,38.7419,,38.2222
25.2204,344.896,38.7342,,38.2211
25.2303,383.118,38.739,,38.2237
25.2403,421.342,38.7467,,38.2251
25.2503,459.563,38.8104,,38.2207
25.2603,497.785,38.8818,,38.2216
25.2704,536.01,38.9326,,38.2272
25.2804,574.234,38.9529,,38.2202
25.2903,612.456,38.9518,,38.2223
25.3003,650.673,38.9409,,38.2194
25.3103,688.899,38.8906,,38.2192
25.3203,727.12,38.7714,,38.2286
25.3303,765.338,38.7301,,38.2144
25.3404,803.573,38.7469,,38.2401
25.3503,841.795,38.7464,,38.2176
25.3603,880.017,38.7421,,38.2204
25.3703,918.235,38.7564,,38.2182
25.3803,956.457,38.79,,38.223
25.3903,994.679,38.8248,,38.2264
25.4004,1032.9,38.8955,,38.2201
25.4103,1071.13,38.925,,38.2288
25.4203,1109.35,38.9258,,38.2128
25.4303,1147.58,38.9107,,38.2322
25.4403,1185.79,38.9606,,38.2164
25.4503,1224.01,39.0059,,38.2164
25.4604,1262.23,39.0138,,38.2092
25.4704,1300.44,38.976,,38.2325
25.4803,1338.69,38.9175,,38.2422
25.4903,1376.91,38.8931,,38.2017
25.5003,1415.13,38.8844,,38.233
25.5103,1453.36,38.8726,,38.2377
25.5204,1491.57,38.8564,,38.2044
25.5304,1529.78,38.8737,,38.2284
25.5403,1568.01,38.9229,,38.2122
25.5503,1606.24,38.9771,,38.23
25.5603,1644.46,38.9826,,38.207
25.5703,1682.68,38.96,,38.2203
25.5803,1720.91,38.9972,,38.2548
25.5904,1759.15,39.0115,,38.2331
25.6003,1797.36,38.9838,,38.2148
25.6103,1835.59,38.9028,,38.2205
25.6203,1873.81,38.8514,,38.2292
25.6303,1912.05,38.7776,,38.2097
25.6403,1950.25,38.6924,,38.1978
25.6504,1988.45,38.6023,,38.2196
25.6603,2026.7,38.5305,,38.2661
25.6703,2064.93,38.4403,,38.2168
25.6803,2103.13,38.3474,,38.2008
25.6903,2141.36,38.2554,,38.2679
25.7003,2179.66,38.1559,,38.2431
25.7104,2217.83,38.0795,,38.1552
25.7204,2256.02,38.0008,,38.203
25.7303,2294.25,37.8881,,38.2604
25.7403,2332.49,37.8182,,38.248
25.7503,2370.72,37.8616,,38.2121
25.7603,2408.94,37.8954,,38.2256
25.7704,2447.15,37.9348,,38.1862
25.7804,2485.36,37.9807,,38.2171
25.7903,2523.56,38.0526,,38.2048
25.8003,2561.81,38.0868,,38.2948
25.8103,2600.06,38.0972,,38.1764
25.8203,2638.26,38.1026,,38.2142
25.8303,2676.45,38.1188,,38.1865
25.8404,2714.7,38.1751,,38.2947
25.8503,2752.94,38.2369,,38.2081
25.8603,2791.13,38.2837,,38.23
25.8703,2829.38,38.3148,,38.2373
25.8803,2867.62,38.3337,,38.2274
25.8903,2905.81,38.3507,,38.1504
25.9004,2944.02,38.3469,,38.2708
25.9103,2982.28,38.3434,,38.2288
25.9203,3020.46,38.3403,,38.1737
25.9303,3058.69,38.322,,38.2829
25.9403,3096.94,38.2989,,38.2402
25.9503,3135.2,38.2564,,38.2046
25.9604,3173.39,38.1934,,38.2071
25.9704,3211.59,38.1323,,38.1825
25.9803,3249.8,38.1243,,38.2353
25.9903,3288.09,38.1667,,38.3405
26.0003,3326.33,38.1863,,38.1592
26.0103,3364.48,38.1731,,38.1954
26.0204,3402.72,38.1408,,38.229
26.0304,3440.95,38.2017,,38.2182
26.0403,3479.14,38.2965,,38.1685
26.0503,3517.36,38.4201,,38.2538
26.0603,3555.62,38.5473,,38.2468
26.0703,3593.85,38.6668,,38.2272
26.0803,3632.03,38.8525,,38.2191
26.0904,3670.34,39.1193,,38.2879
26.1003,3708.52,39.3566,,38.1537
26.1103,3746.71,39.576,,38.184
26.1203,3784.92,39.8027,,38.2319
26.1303,3823.14,39.9881,,38.2057
26.1403,3861.39,39.8977,,38.2971
26.1504,3899.61,39.5188,,38.1722
26.1603,3937.81,39.3155,,38.2299
26.1703,3976.04,39.281,,38.2073
26.1803,4014.25,39.3181,,38.2418
26.1903,4052.5,39.361,,38.2097
26.2003,4090.69,39.3743,,38.1855
26.2104,4128.93,39.3879,,38.2833
26.2204,4167.2,39.4478,,38.2714
26.2303,4205.41,39.5339,,38.1766
26.2403,4243.59,39.774,,38.1851
26.2503,4281.81,39.9928,,38.2224
26.2603,4320.05,40.0817,,38.2361
26.2704,4358.28,40.0754,,38.2498
26.2804,4396.55,40.0364,,38.2689
26.2903,4434.75,40.0147,,38.1654
26.3003,4472.91,40.0909,,38.2015
26.3103,4511.18,40.226,,38.262
26.3203,4549.38,40.3534,,38.1723
26.3303,4587.62,40.4561,,38.2892
26.3404,4625.88,40.5189,,38.2144
26.3503,4664.06,40.5384,,38.1724
26.3603,4702.26,40.5519,,38.2184
26.3703,4740.49,40.5641,,38.2396
26.3803,4778.7,40.5497,,38.2281
26.3903,4817,40.5336,,38.2621
26.4004,4855.17,40.5121,,38.1621
26.4103,4893.38,40.3814,,38.2474
26.4203,4931.63,40.2299,,38.2107
26.4303,4969.85,40.1833,,38.255
26.4403,5008.07,40.1406,,38.2088
26.4503,5046.27,40.1385,,38.1959
26.4604,5084.51,40.13,,38.298
26.4704,5122.83,40.0098,,38.2649
26.4803,5161.04,39.8936,,38.1937
26.4903,5199.2,39.8314,,38.142
26.5003,5237.38,39.8594,,38.1953
26.5103,5275.6,39.8811,,38.2462
26.5204,5313.8,39.859,,38.2192
26.5304,5352.11,39.7368,,38.3046
26.5403,5390.32,39.4649,,38.1345
26.5503,5428.5,39.2183,,38.2461
26.5603,5466.77,39.0337,,38.2521
26.5703,5505,38.8319,,38.223
26.5803,5543.18,38.5993,,38.1858
26.5904,5581.4,38.3866,,38.2229
26.6003,5619.57,38.2013,,38.2167
26.6103,5657.84,38.0667,,38.2807
26.6203,5696.13,37.9668,,38.2206
26.6303,5734.33,37.9037,,38.2319
26.6403,5772.55,37.8725,,38.1859
26.6504,5810.75,37.8524,,38.2458
26.6603,5849.08,37.8521,,38.3458
26.6703,5887.27,37.8614,,38.0956
26.6803,5925.4,37.8554,,38.1659
26.6903,5963.51,37.8273,,37.6669
26.7003,5986.41,22.8234,,2.35765
26.7104,5964.14,-13.5108,,-35.8358
26.7204,5924.52,-30.4687,,-40.1968
26.7303,5885.34,-35.0445,,-38.5208
26.7403,5847.01,-36.6281,,-38.1715
26.7503,5808.93,-37.6189,,-38.124
26.7603,5770.73,-38.1218,,-38.2348
26.7704,5732.52,-38.2788,,-38.2331
26.7804,5694.19,-38.4937,,-38.352
26.7903,5655.85,-38.6103,,-38.3123
26.8003,5617.72,-38.7511,,-38.0314
26.8103,5579.62,-38.8446,,-38.1266
26.8203,5541.43,-38.9678,,-38.2275
26.8303,5503.25,-39.0982,,-38.1804
26.8404,5464.93,-39.1087,,-38.346
26.8503,5426.73,-39.2229,,-38.217
26.8603,5388.5,-39.3132,,-38.1988
26.8703,5350.28,-39.3809,,-38.1827
26.8803,5312.07,-39.7448,,-38.2807
26.8903,5273.76,-40.1344,,-38.2979
26.9004,5235.59,-40.3027,,-38.1047
26.9103,5197.36,-40.3391,,-38.2688
26.9203,5159.16,-40.4509,,-38.2208
26.9303,5120.94,-40.5601,,-38.2223
26.9403,5082.7,-40.6826,,-38.2376
26.9503,5044.49,-40.8553,,-38.1875
26.9604,5006.29,-40.8567,,-38.1886
26.9704,4968.07,-40.7549,,-38.2355
26.9803,4929.83,-40.6728,,-38.2302
26.9903,4891.61,-40.6846,,-38.2316
27.0003,4853.38,-40.7439,,-38.2311
27.0103,4815.17,-40.7888,,-38.2362
27.0204,4776.88,-40.855,,-38.2573
27.0304,4738.68,-40.8864,,-38.2359
27.0403,4700.45,-40.9212,,-38.1552
27.0503,4662.24,-40.9228,,-38.2978
27.0603,4623.98,-40.8786,,-38.1862
27.0703,4585.81,-40.8208,,-38.1981
27.0803,4547.58,-40.7639,,-38.2453
27.0904,4509.36,-40.7403,,-38.2098
27.1003,4471.13,-40.6501,,-38.2269
27.1103,4432.9,-40.5221,,-38.2814
27.1203,4394.6,-40.3811,,-38.2051
27.1303,4356.45,-40.3044,,-38.1679
27.1403,4318.25,-40.2926,,-38.2207
27.1504,4280.05,-40.2827,,-38.2215
27.1603,4241.83,-40.2379,,-38.2265
27.1703,4203.59,-40.1232,,-38.1925
27.1803,4165.39,-39.9745,,-38.2467
27.1903,4127.08,-39.8094,,-38.3406
27.2003,4088.82,-39.7267,,-38.1274
27.2104,4050.72,-39.6532,,-38.1819
27.2204,4012.5,-39.566,,-38.2461
27.2303,3974.25,-39.4746,,-38.212
27.2403,3936.05,-39.4235,,-38.2134
27.2503,3897.8,-39.3931,,-38.2989
27.2603,3859.5,-39.3473,,-38.2134
27.2704,3821.34,-39.3394,,-38.1555
27.2804,3783.11,-39.3433,,-38.3257
27.2903,3744.85,-39.3729,,-38.1768
27.3003,3706.68,-39.4168,,-38.1737
27.3103,3668.5,-39.4409,,-38.2153
27.3203,3630.26,-39.3535,,-38.2237
27.3303,3592.03,-39.1882,,-38.227
27.3404,3553.8,-39.0075,,-38.2289
27.3503,3515.59,-38.8503,,-38.1998
27.3603,3477.37,-38.6871,,-38.245
27.3703,3439.11,-38.5301,,-38.2714
27.3803,3400.85,-38.3901,,-38.2195
27.3903,3362.69,-38.4085,,-38.1678
27.4004,3324.48,-38.5401,,-38.2102
27.4103,3286.22,-38.5526,,-38.3229
27.4203,3247.94,-38.5167,,-38.1845
27.4303,3209.79,-38.452,,-38.1864
27.4403,3171.6,-38.3903,,-38.21
27.4503,3133.39,-38.3478,,-38.208
27.4604,3095.15,-38.319,,-38.2417
27.4704,3056.9,-38.3,,-38.2858
27.4803,3018.6,-38.2686,,-38.2077
27.4903,2980.46,-38.2494,,-38.1576
27.5003,2942.26,-38.2287,,-38.229
27.5103,2904.03,-38.2286,,-38.232
27.5204,2865.81,-38.2482,,-38.2384
27.5304,2827.57,-38.2183,,-38.2495
27.5403,2789.27,-38.1915,,-38.2507
27.5503,2751.13,-38.1656,,-38.1125
27.5603,2712.95,-38.1233,,-38.2269
27.5703,2674.68,-38.0903,,-38.2691
27.5803,2636.47,-38.0393,,-38.2047
27.5904,2598.27,-38.0294,,-38.2182
27.6003,2560.02,-38.0146,,-38.2689
27.6103,2521.75,-38.0117,,-38.2207
27.6203,2483.58,-38.0094,,-38.1898
27.6303,2445.33,-37.9967,,-38.2473
27.6403,2407.13,-37.9926,,-38.2124
27.6504,2368.91,-38.0053,,-38.1968
27.6603,2330.7,-38.0018,,-38.2242
27.6703,2292.47,-38.0416,,-38.2123
27.6803,2254.25,-38.066,,-38.2307
27.6903,2216.01,-38.0868,,-38.2446
27.7003,2177.78,-38.0949,,-38.2396
27.7104,2139.57,-38.0963,,-38.2202
27.7204,2101.34,-38.1231,,-38.2049
27.7303,2063.12,-38.1706,,-38.224
27.7403,2024.91,-38.2593,,-38.1829
27.7503,1986.7,-38.3576,,-38.2346
27.7603,1948.46,-38.429,,-38.2423
27.7704,1910.16,-38.4901,,-38.3487
27.7804,1871.93,-38.5144,,-38.1493
27.7903,1833.78,-38.5712,,-38.1834
27.8003,1795.56,-38.6476,,-38.2149
27.8103,1757.35,-38.7452,,-38.1947
27.8203,1719.12,-38.9052,,-38.2542
27.8303,1680.9,-39.0283,,-38.194
27.8404,1642.67,-39.1099,,-38.2496
27.8503,1604.45,-39.175,,-38.2328
27.8603,1566.23,-39.2398,,-38.2061
27.8703,1528.03,-39.2688,,-38.1977
27.8803,1489.81,-39.2729,,-38.2196
27.8903,1451.57,-39.2002,,-38.2543
27.9004,1413.32,-39.1485,,-38.2326
27.9103,1375.07,-39.1422,,-38.2669
27.9203,1336.88,-39.1453,,-38.1701
27.9303,1298.67,-39.1509,,-38.2487
27.9403,1260.38,-39.1719,,-38.2591
27.9503,1222.2,-39.1813,,-38.1697
27.9604,1184.01,-39.1803,,-38.1897
27.9704,1145.8,-39.1527,,-38.2288
27.9803,1107.57,-39.1243,,-38.2243
27.9903,1069.35,-39.1178,,-38.2258
28.0003,1031.12,-39.1152,,-38.2346
28.0103,992.892,-39.1199,,-38.2111
28.0204,954.675,-39.1021,,-38.2258
28.0304,916.457,-39.0453,,-38.2092
28.0403,878.232,-38.9783,,-38.2311
28.0503,840.011,-38.9281,,-38.2306
28.0603,801.773,-38.9134,,-38.2318
28.0703,763.549,-38.9317,,-38.2121
28.0803,725.34,-38.923,,-38.2122
28.0904,687.119,-38.8814,,-38.2287
28.1003,648.894,-38.8571,,-38.2176
28.1103,610.682,-38.8991,,-38.2179
28.1203,572.451,-38.9053,,-38.2319
28.1303,534.224,-38.8799,,-38.2271
28.1403,495.999,-38.8722,,-38.2217
28.1504,457.782,-38.8523,,-38.2181
28.1603,419.558,-38.8349,,-38.223
28.1703,381.336,-38.8457,,-38.224
28.1803,343.11,-38.8645,,-38.2241
28.1903,304.89,-38.9103,,-38.2206
28.2003,266.667,-38.989,,-38.2234
28.2104,228.444,-39.0218,,-38.2237
28.2204,190.221,-39.0438,,-38.2207
28.2303,151.998,-39.0745,,-38.2229
28.2403,113.777,-39.0178,,-38.2236
28.2503,75.5544,-38.9324,,-38.2208
28.2603,37.3322,-38.8949,,-38.2232
28.2704,-0.89171,-38.9132,,-38.2237
28.2804,-39.1143,-38.9245,,-38.2224
28.2903,-77.3366,-38.8994,,-38.2224
28.3003,-115.56,-38.8437,,-38.2232
28.3103,-153.782,-38.8215,,-38.2214
28.3203,-192.005,-38.8689,,-38.2233
28.3303,-230.226,-38.8886,,-38.219
28.3404,-268.448,-38.8748,,-38.2261
28.3503,-306.674,-38.8621,,-38.2257
28.3603,-344.896,-38.9154,,-38.218
28.3703,-383.117,-38.9272,,-38.2237
28.3803,-421.339,-38.9056,,-38.2219
28.3903,-459.563,-38.9298,,-38.224
28.4004,-497.788,-39.0138,,-38.2251
28.4103,-536.005,-39.1282,,-38.2143
28.4203,-574.229,-39.2154,,-38.2286
28.4303,-612.454,-39.2505,,-38.2202
28.4403,-650.673,-39.2715,,-38.218
28.4503,-688.892,-39.3112,,-38.2253
28.4604,-727.121,-39.3458,,-38.2283
28.4704,-765.346,-39.4692,,-38.2229
28.4803,-803.565,-39.6073,,-38.2125
28.4903,-841.781,-39.6421,,-38.2246
28.5003,-880.005,-39.5563,,-38.2189
28.5103,-918.237,-39.4567,,-38.2487
28.5204,-956.471,-39.3507,,-38.211
28.5304,-994.682,-39.2583,,-38.214
28.5403,-1032.89,-39.1111,,-38.2223
28.5503,-1071.12,-38.9625,,-38.222
28.5603,-1109.35,-38.8111,,-38.2266
28.5703,-1147.56,-38.817,,-38.2166
28.5803,-1185.79,-38.8572,,-38.22
28.5904,-1224.02,-38.8101,,-38.2337
28.6003,-1262.24,-38.6918,,-38.2174
28.6103,-1300.44,-38.5703,,-38.206
28.6203,-1338.68,-38.4013,,-38.2372
28.6303,-1376.93,-38.2022,,-38.2683
28.6403,-1415.16,-38.0478,,-38.1972
28.6504,-1453.36,-37.9946,,-38.2195
28.6603,-1491.59,-37.9935,,-38.2391
28.6703,-1529.8,-38.0064,,-38.1952
28.6803,-1568.02,-38.0286,,-38.2359
28.6903,-1606.26,-38.0749,,-38.2164
28.7003,-1644.47,-38.1198,,-38.1948
28.7104,-1682.68,-38.1523,,-38.2239
28.7204,-1720.9,-38.1872,,-38.2294
28.7303,-1759.14,-38.22,,-38.2587
28.7403,-1797.36,-38.2449,,-38.2258
28.7503,-1835.64,-38.1782,,-38.2658
28.7603,-1873.83,-38.0915,,-38.1486
28.7704,-1912.02,-38.061,,-38.2147
28.7804,-1950.23,-38.0431,,-38.2087
28.7903,-1988.46,-38.0356,,-38.2433
28.8003,-2026.69,-38.0169,,-38.2299
28.8103,-2064.92,-38.0101,,-38.2451
28.8203,-2103.15,-38.0225,,-38.2036
28.8303,-2141.35,-38.0577,,-38.2058
28.8404,-2179.57,-38.1561,,-38.2231
28.8503,-2217.81,-38.2366,,-38.2376
28.8603,-2256.09,-38.3065,,-38.335
28.8703,-2294.34,-38.3593,,-38.1519
28.8803,-2332.48,-38.3904,,-38.1765
28.8903,-2370.69,-38.4342,,-38.2442
28.9004,-2408.93,-38.4934,,-38.2175
28.9103,-2447.14,-38.5627,,-38.1807
28.9203,-2485.35,-38.689,,-38.2427
28.9303,-2523.56,-39.0321,,-38.1833
28.9403,-2561.78,-39.371,,-38.2471
28.9503,-2600.03,-39.5844,,-38.2396
28.9604,-2638.24,-39.6706,,-38.1939
28.9704,-2676.5,-39.7883,,-38.306
28.9803,-2714.74,-39.9673,,-38.1875
28.9903,-2752.9,-40.3049,,-38.1827
29.0003,-2791.13,-40.4894,,-38.2515
29.0103,-2829.38,-40.4612,,-38.2401
29.0204,-2867.63,-40.432,,-38.2861
29.0304,-2905.92,-40.4362,,-38.1935
29.0403,-2944.06,-40.4954,,-38.1682
29.0503,-2982.24,-40.5712,,-38.1933
29.0603,-3020.52,-40.6721,,-38.341
29.0703,-3058.74,-40.7434,,-38.1528
29.0803,-3096.93,-40.7952,,-38.2388
29.0904,-3135.2,-40.8593,,-38.2147
29.1003,-3173.39,-40.8878,,-38.1962
29.1103,-3211.58,-40.8665,,-38.1737
29.1203,-3249.79,-40.79,,-38.2389
29.1303,-3288.08,-40.7566,,-38.3519
29.1403,-3326.32,-40.7274,,-38.1655
29.1504,-3364.49,-40.6377,,-38.1838
29.1603,-3402.7,-40.5006,,-38.2026
29.1703,-3440.93,-40.3229,,-38.2473
29.1803,-3479.14,-40.2311,,-38.1893
29.1903,-3517.39,-40.222,,-38.2665
29.2003,-3555.6,-40.2417,,-38.191
29.2104,-3593.8,-40.2276,,-38.2141
29.2204,-3632.04,-40.0821,,-38.2587
29.2303,-3670.26,-39.8803,,-38.2316
29.2403,-3708.52,-39.6836,,-38.234
29.2503,-3746.74,-39.5751,,-38.2136
29.2603,-3784.97,-39.5474,,-38.2224
29.2704,-3823.17,-39.4794,,-38.1897
29.2804,-3861.39,-39.3634,,-38.2473
29.2903,-3899.6,-39.286,,-38.2134
29.3003,-3937.83,-39.2676,,-38.2203
29.3103,-3976.05,-39.2701,,-38.2126
29.3203,-4014.27,-39.2626,,-38.2471
29.3303,-4052.51,-39.2352,,-38.2022
29.3404,-4090.72,-39.2175,,-38.2243
29.3503,-4128.95,-39.2929,,-38.2323
29.3603,-4167.18,-39.2976,,-38.2349
29.3703,-4205.39,-39.2076,,-38.2061
29.3803,-4243.59,-39.0476,,-38.2313
29.3903,-4281.85,-38.8631,,-38.2283
29.4004,-4320.06,-38.6903,,-38.1991
29.4103,-4358.29,-38.5388,,-38.2411
29.4203,-4396.49,-38.4034,,-38.1791
29.4303,-4434.72,-38.4021,,-38.2702
29.4403,-4472.95,-38.549,,-38.2273
29.4503,-4511.18,-38.6285,,-38.2176
29.4604,-4549.39,-38.6355,,-38.2046
29.4704,-4587.61,-38.6143,,-38.2046
29.4803,-4625.82,-38.5465,,-38.2133
29.4903,-4664.05,-38.4321,,-38.2349
29.5003,-4702.28,-38.311,,-38.2453
29.5103,-4740.49,-38.2508,,-38.2187
29.5204,-4778.72,-38.2165,,-38.2191
29.5304,-4816.93,-38.196,,-38.2439
29.5403,-4855.2,-38.2072,,-38.1974
29.5503,-4893.38,-38.2154,,-38.2135
29.5603,-4931.61,-38.2209,,-38.2161
29.5703,-4969.87,-38.2214,,-38.3216
29.5803,-5008.21,-38.2234,,-38.3409
29.5904,-5046.38,-38.2418,,-38.071
29.6003,-5084.53,-38.2354,,-38.2119
29.6103,-5122.74,-38.1993,,-38.1773
29.6203,-5160.99,-38.1465,,-38.2429
29.6303,-5199.14,-38.0937,,-38.1418
29.6403,-5237.34,-38.0584,,-38.2631
29.6504,-5275.6,-38.0404,,-38.2845
29.6603,-5313.94,-38.0245,,-38.3383
29.6703,-5352.17,-38.0273,,-38.1876
29.6803,-5390.34,-38.0307,,-38.1162
29.6903,-5428.49,-38.031,,-38.1699
29.7003,-5466.68,-38.0265,,-38.1865
29.7104,-5504.92,-38.0321,,-38.3207
29.7204,-5543.2,-38.0275,,-38.2221
29.7303,-5581.49,-38.0312,,-38.3529
29.7403,-5619.83,-38.0361,,-38.308
29.7503,-5657.96,-38.0408,,-38.0082
29.7603,-5696.05,-38.0441,,-38.1806
29.7704,-5734.28,-38.0327,,-38.2077
29.7804,-5772.52,-38.0526,,-38.2533
29.7903,-5810.74,-38.0697,,-38.226
29.8003,-5848.92,-38.0857,,-38.1904
29.8103,-5887.14,-38.1026,,-38.221
29.8203,-5925.37,-38.1221,,-38.2717
29.8303,-5963.61,-38.088,,-37.6959
29.8404,-5986.39,-23.0771,,-2.31351
29.8503,-5964.23,13.2913,,35.7181
29.8603,-5924.62,30.2458,,40.2701
29.8703,-5885.37,34.7981,,38.4868
29.8803,-5847.14,36.3137,,38.1744
29.8903,-5808.94,37.2584,,38.2466
29.9004,-5770.72,37.7202,,38.1967
29.9103,-5732.5,37.8243,,38.2351
29.9203,-5694.3,37.9989,,38.1853
29.9303,-5656.05,38.0542,,38.2929
29.9403,-5617.81,38.0428,,38.1986
29.9503,-5579.59,37.9562,,38.2849
29.9604,-5541.27,37.9142,,38.2348
29.9704,-5503.12,37.9358,,38.1348
29.9803,-5464.96,37.8679,,38.22
29.9903,-5426.64,37.8878,,38.3568
30.0003,-5388.3,37.9057,,38.3122
30.0103,-5350.17,37.8789,,38.0213
30.0204,-5312.05,37.8764,,38.254
30.0304,-5273.73,37.8936,,38.2612
30.0403,-5235.52,37.9076,,38.1947
30.0503,-5197.35,37.912,,38.1922
30.0603,-5159.1,37.9539,,38.241
30.0703,-5120.91,38.0015,,38.2177
30.0803,-5082.7,38.0257,,38.2083
30.0904,-5044.46,38.0977,,38.2086
30.1003,-5006.25,38.1327,,38.2089
30.1103,-4968.02,38.1524,,38.2343
30.1203,-4929.81,38.1558,,38.2086
30.1303,-4891.57,38.1616,,38.264
30.1403,-4853.3,38.1631,,38.2654
30.1504,-4815.12,38.1361,,38.1526
30.1603,-4776.94,38.1271,,38.2393
30.1703,-4738.65,38.1194,,38.2353
30.1803,-4700.46,38.1021,,38.1749
30.1903,-4662.26,38.1133,,38.2061
30.2003,-4624.08,38.1579,,38.2065
30.2104,-4585.85,38.2445,,38.2412
30.2204,-4547.6,38.3843,,38.2586
30.2303,-4509.37,38.5096,,38.2231
30.2403,-4471.14,38.5796,,38.2022
30.2503,-4432.92,38.5736,,38.2743
30.2603,-4394.65,38.5245,,38.1913
30.2704,-4356.48,38.4456,,38.1946
30.2804,-4318.27,38.5286,,38.2284
30.2903,-4279.97,38.6593,,38.3349
30.3003,-4241.76,38.8299,,38.1383
30.3103,-4203.61,39.0446,,38.1697
30.3203,-4165.39,39.2257,,38.2783
30.3303,-4127.1,39.431,,38.2291
30.3404,-4088.9,39.7248,,38.1756
30.3503,-4050.71,39.9451,,38.2329
30.3603,-4012.48,40.1343,,38.2324
30.3703,-3974.26,40.1573,,38.2351
30.3803,-3936.02,39.8037,,38.2212
30.3903,-3897.8,39.578,,38.2147
30.4004,-3859.57,39.5343,,38.2187
30.4103,-3821.33,39.5579,,38.2675
30.4203,-3783.14,39.6161,,38.142
30.4303,-3744.93,39.6608,,38.2588
30.4403,-3706.72,39.6844,,38.2233
30.4503,-3668.42,39.7157,,38.2779
30.4604,-3630.23,39.7538,,38.1471
30.4704,-3592.06,39.8523,,38.1869
30.4803,-3553.83,39.9647,,38.251
30.4903,-3515.59,40.148,,38.2514
30.5003,-3477.32,40.2716,,38.2686
30.5103,-3439.13,40.2373,,38.1805
30.5204,-3400.92,40.2153,,38.2152
30.5304,-3362.7,40.2765,,38.225
30.5403,-3324.47,40.3965,,38.2126
30.5503,-3286.24,40.5392,,38.2339
30.5603,-3248.03,40.645,,38.198
30.5703,-3209.82,40.6999,,38.2346
30.5803,-3171.58,40.7345,,38.2554
30.5904,-3133.33,40.7404,,38.2409
30.6003,-3095.11,40.7232,,38.1995
30.6103,-3056.91,40.6974,,38.1783
30.6203,-3018.72,40.7151,,38.2099
30.6303,-2980.48,40.7021,,38.2529
30.6403,-2942.23,40.6673,,38.2409
30.6504,-2903.98,40.5781,,38.2676
30.6603,-2865.68,40.4793,,38.3277
30.6703,-2827.49,40.4063,,38.091
30.6803,-2789.36,40.3829,,38.1737
30.6903,-2751.16,40.4261,,38.2167
30.7003,-2712.89,40.414,,38.2758
30.7104,-2674.64,40.3036,,38.2204
30.7204,-2636.45,40.1875,,38.1921
30.7303,-2598.25,40.1515,,38.2327
30.7403,-2560,40.1045,,38.2528
30.7503,-2521.8,40.0194,,38.1442
30.7603,-2483.6,39.9001,,38.2671
30.7704,-2445.34,39.6476,,38.2417
30.7804,-2407.11,39.3995,,38.2312
30.7903,-2368.9,39.1869,,38.1829
30.8003,-2330.68,38.9692,,38.2784
30.8103,-2292.39,38.7253,,38.212
30.8203,-2254.23,38.5018,,38.1775
30.8303,-2216.03,38.3184,,38.2159
30.8404,-2177.81,38.1812,,38.2439
30.8503,-2139.56,38.0663,,38.2481
30.8603,-2101.33,37.9907,,38.2097
30.8703,-2063.11,37.9086,,38.2207
30.8803,-2024.89,37.8678,,38.1948
30.8903,-1986.69,37.8652,,38.2166
30.9004,-1948.46,37.8575,,38.2306
30.9103,-1910.23,37.8629,,38.2435
30.9203,-1872.03,37.8722,,38.1985
30.9303,-1833.81,37.8777,,38.2187
30.9403,-1795.58,37.8965,,38.2389
30.9503,-1757.34,37.9402,,38.2083
30.9604,-1719.14,37.9899,,38.1972
30.9704,-1680.93,38.0045,,38.2281
30.9803,-1642.69,38.0105,,38.2495
30.9903,-1604.47,37.9951,,38.2274
31.0003,-1566.23,37.9448,,38.2475
31.0103,-1528,37.8833,,38.1955
31.0204,-1489.79,37.8708,,38.2162
31.0304,-1451.55,37.8731,,38.2356
31.0403,-1413.34,37.8723,,38.2051
31.0503,-1375.13,37.8623,,38.2288
31.0603,-1336.89,37.8868,,38.248
31.0703,-1298.59,37.9175,,38.3309
31.0803,-1260.41,37.9359,,38.0853
31.0904,-1222.25,38.002,,38.2166
31.1003,-1184.01,38.1563,,38.2351
31.1103,-1145.77,38.33,,38.2305
31.1203,-1107.57,38.5198,,38.2103
31.1303,-1069.34,38.5821,,38.2279
31.1403,-1031.12,38.7132,,38.2285
31.1504,-992.902,38.8813,,38.2066
31.1603,-954.685,39.022,,38.225
31.1703,-916.454,39.1501,,38.2285
31.1803,-878.229,39.3193,,38.2221
31.1903,-840.006,39.488,,38.2265
31.2003,-801.783,39.6887,,38.2139
31.2104,-763.566,39.7821,,38.231
31.2204,-725.34,39.7888,,38.2087
31.2303,-687.121,39.7763,,38.2334
31.2403,-648.897,39.7139,,38.2227
31.2503,-610.676,39.6269,,38.2183
31.2603,-572.451,39.6,,38.2275
31.2704,-534.225,39.4745,,38.2233
31.2804,-496.002,39.2218,,38.2259
31.2903,-457.775,39.0429,,38.2244
31.3003,-419.558,38.9526,,38.2127
31.3103,-381.338,38.8714,,38.2269
31.3203,-343.111,38.8169,,38.2246
31.3303,-304.89,38.7829,,38.2206
31.3404,-266.668,38.7665,,38.2252
31.3503,-228.443,38.7857,,38.2222
31.3603,-190.221,38.7471,,38.2214
31.3703,-152.001,38.7293,,38.2195
31.3803,-113.778,38.7677,,38.225
31.3903,-75.5532,38.8298,,38.2234
31.4004,-37.3307,38.9412,,38.2224
31.4103,0.891866,39.0501,,38.2236
31.4203,39.1139,39.1198,,38.2207
31.4303,77.3363,39.0879,,38.2223
31.4403,115.56,38.9628,,38.2252
31.4503,153.783,38.8755,,38.2226
31.4604,192.007,38.8079,,38.2225
31.4704,230.228,38.734,,38.2209
31.4803,268.449,38.7803,,38.2221
31.4903,306.673,38.8132,,38.2257
31.5003,344.899,38.8128,,38.224
31.5103,383.122,38.8311,,38.2218
31.5204,421.339,38.8725,,38.2154
31.5304,459.559,38.9393,,38.2257
31.5403,497.786,39.0001,,38.2225
31.5503,536.005,39.0434,,38.2217
31.5603,574.229,39.0645,,38.2224
31.5703,612.454,39.0561,,38.227
31.5803,650.676,39.029,,38.2138
31.5904,688.897,38.9719,,38.2302
31.6003,727.129,38.8443,,38.2275
31.6103,765.341,38.7542,,38.2171
31.6203,803.565,38.7741,,38.2133
31.6303,841.787,38.8132,,38.2381
31.6403,880.012,38.8267,,38.2109
31.6504,918.235,38.8475,,38.2284
31.6603,956.458,38.8908,,38.225
31.6703,994.682,38.9205,,38.2242
31.6803,1032.91,38.9823,,38.2228
31.6903,1071.13,39.0499,,38.224
31.7003,1109.35,39.047,,38.2264
31.7104,1147.57,39.0607,,38.2089
31.7204,1185.79,39.1616,,38.2315
31.7303,1224.01,39.2413,,38.2099
31.7403,1262.24,39.2169,,38.2362
31.7503,1300.46,39.1515,,38.212
31.7603,1338.69,39.0695,,38.2321
31.7704,1376.91,39.0332,,38.1981
31.7804,1415.13,39.0139,,38.2338
31.7903,1453.34,38.9726,,38.2259
31.8003,1491.59,38.9536,,38.2625
31.8103,1529.82,38.9683,,38.2312
31.8203,1568.05,39.0142,,38.1936
31.8303,1606.26,39.0772,,38.2634
31.8404,1644.51,39.0951,,38.1676
31.8503,1682.69,39.0958,,38.2129
31.8603,1720.91,39.1075,,38.2302
31.8703,1759.13,39.123,,38.2365
31.8803,1797.36,39.0847,,38.247
31.8903,1835.64,39.001,,38.242
31.9004,1873.83,38.944,,38.1872
31.9103,1912.02,38.8887,,38.1737
31.9203,1950.24,38.7994,,38.2525
31.9303,1988.49,38.7223,,38.2326
31.9403,2026.73,38.6436,,38.2545
31.9503,2064.92,38.5516,,38.1837
31.9604,2103.13,38.4486,,38.2186
31.9704,2141.36,38.3529,,38.2378
31.9803,2179.59,38.2551,,38.1941
31.9903,2217.79,38.1816,,38.2104
32.0003,2256.05,38.1115,,38.3032
32.0103,2294.32,38.0008,,38.2181
32.0204,2332.48,37.9287,,38.1741
32.0304,2370.7,37.8975,,38.2312
32.0403,2408.91,37.8753,,38.2257
32.0503,2447.16,37.8749,,38.2357
32.0603,2485.38,37.873,,38.1917
32.0703,2523.61,37.8851,,38.2911
32.0803,2561.88,37.8821,,38.2483
32.0904,2600.09,37.8828,,38.1462
32.1003,2638.25,37.8727,,38.1839
32.1103,2676.48,37.8904,,38.2539
32.1203,2714.68,37.9313,,38.178
32.1303,2752.91,37.9861,,38.2791
32.1403,2791.15,38.0333,,38.2326
32.1504,2829.38,38.0299,,38.2327
32.1603,2867.62,38.0914,,38.2068
32.1703,2905.81,38.109,,38.1686
32.1803,2944.03,38.1133,,38.2496
32.1903,2982.29,38.112,,38.2773
32.2003,3020.54,38.1119,,38.2282
32.2104,3058.71,38.1155,,38.1764
32.2204,3096.99,38.1397,,38.2905
32.2303,3135.18,38.1694,,38.1595
32.2403,3173.38,38.1818,,38.2003
32.2503,3211.59,38.1803,,38.2334
32.2603,3249.82,38.2022,,38.2255
32.2704,3288.04,38.2535,,38.2218
32.2804,3326.3,38.2857,,38.2787
32.2903,3364.51,38.2914,,38.1846
32.3003,3402.72,38.2572,,38.22
32.3103,3440.95,38.2507,,38.2261
32.3203,3479.18,38.3373,,38.2248
32.3303,3517.36,38.4513,,38.1542
32.3404,3555.56,38.5694,,38.2419
32.3503,3593.81,38.6966,,38.2442
32.3603,3632.02,38.8956,,38.2403
32.3703,3670.27,39.1805,,38.2456
32.3803,3708.56,39.4284,,38.24
32.3903,3746.72,39.6369,,38.1429
32.4004,3784.93,39.8591,,38.2657
32.4103,3823.19,40.0614,,38.2183
32.4203,3861.37,40.0403,,38.205
32.4303,3899.62,39.5951,,38.2619
32.4403,3937.84,39.3524,,38.2373
32.4503,3976.13,39.3213,,38.2351
32.4604,4014.29,39.369,,38.1385
32.4704,4052.47,39.418,,38.2242
32.4803,4090.72,39.4364,,38.2509
32.4903,4128.96,39.4463,,38.2395
32.5003,4167.16,39.5103,,38.2085
32.5103,4205.44,39.6102,,38.2848
32.5204,4243.63,39.8541,,38.1366
32.5304,4281.8,40.1003,,38.2093
32.5403,4320.03,40.2205,,38.2223
32.5503,4358.27,40.232,,38.2493
32.5603,4396.51,40.1756,,38.2328
32.5703,4434.71,40.1253,,38.2098
32.5803,4472.94,40.194,,38.2351
32.5904,4511.14,40.3486,,38.1747
32.6003,4549.34,40.4819,,38.2182
32.6103,4587.58,40.5908,,38.2362
32.6203,4625.82,40.6586,,38.2447
32.6303,4664.04,40.664,,38.1965
32.6403,4702.31,40.6454,,38.3306
32.6504,4740.55,40.6571,,38.1966
32.6603,4778.72,40.648,,38.1484
32.6703,4816.91,40.6304,,38.2382
32.6803,4855.17,40.5909,,38.2274
32.6903,4893.4,40.4458,,38.2289
32.7003,4931.62,40.2898,,38.2198
32.7104,4969.85,40.2268,,38.2344
32.7204,5008.06,40.1675,,38.2132
32.7303,5046.28,40.1644,,38.2187
32.7403,5084.51,40.2865,,38.2841
32.7503,5122.83,40.2768,,38.2747
32.7603,5161.02,40.1235,,38.1344
32.7704,5199.2,40.0204,,38.2444
32.7804,5237.49,40.0046,,38.3253
32.7903,5275.74,39.9686,,38.1765
32.8003,5313.87,39.9443,,38.1088
32.8103,5352.03,39.8463,,38.2717
32.8203,5390.36,39.5891,,38.2566
32.8303,5428.51,39.3433,,38.114
32.8404,5466.68,39.1417,,38.1879
32.8503,5504.92,38.9354,,38.3145
32.8603,5543.21,38.7358,,38.2707
32.8703,5581.45,38.5502,,38.1756
32.8803,5619.62,38.417,,38.2434
32.8903,5657.86,38.4255,,38.21
32.9004,5696.12,38.4494,,38.2646
32.9103,5734.3,38.465,,38.1007
32.9203,5772.49,38.4521,,38.307
32.9303,5810.78,38.4348,,38.2289
32.9403,5848.99,38.435,,38.2349
32.9503,5887.18,38.4392,,38.1726
32.9604,5925.37,38.4232,,38.1882
32.9704,5963.51,38.3782,,37.6508
32.9803,5986.32,23.0296,,2.28911
32.9903,5964.06,-13.8964,,-35.7627
33.0003,5924.58,-30.9321,,-40.1812
33.0103,5885.29,-35.4567,,-38.4956
33.0204,5847.12,-37.0132,,-38.0738
33.0304,5808.94,-37.9923,,-38.2372
33.0403,5770.72,-38.4875,,-38.2195
33.0503,5732.49,-38.6264,,-38.2451
33.0603,5694.28,-38.7977,,-38.1983
33.0703,5656.1,-38.8754,,-38.2022
33.0803,5617.86,-38.9968,,-38.2511
33.0904,5579.59,-39.0531,,-38.2917
33.1003,5541.29,-39.1421,,-38.2278
33.1103,5503.12,-39.2709,,-38.1981
33.1203,5464.88,-39.2835,,-38.2184
33.1303,5426.72,-39.3631,,-38.1618
33.1403,5388.51,-39.4227,,-38.305
33.1504,5350.16,-39.4755,,-38.2783
33.1603,5312,-39.768,,-38.1134
33.1703,5273.8,-40.1287,,-38.2513
33.1803,5235.57,-40.3099,,-38.2121
33.1903,5197.4,-40.3524,,-38.1588
33.2003,5159.14,-40.4146,,-38.3498
33.2104,5120.89,-40.5169,,-38.1638
33.2204,5082.73,-40.6518,,-38.2068
33.2303,5044.47,-40.8437,,-38.2236
33.2403,5006.27,-40.8628,,-38.1966
33.2503,4968.01,-40.7807,,-38.3031
33.2603,4929.75,-40.7478,,-38.2118
33.2704,4891.58,-40.7653,,-38.1707
33.2804,4853.4,-40.8683,,-38.2082
33.2903,4815.13,-40.9263,,-38.2954
33.3003,4776.82,-41.0038,,-38.265
33.3103,4738.67,-41.0628,,-38.1288
33.3203,4700.49,-41.0607,,-38.2053
33.3303,4662.27,-41.0647,,-38.2211
33.3404,4624.04,-41.0255,,-38.2346
33.3503,4585.82,-40.9602,,-38.2122
33.3603,4547.63,-40.8967,,-38.2119
33.3703,4509.38,-40.8619,,-38.2712
33.3803,4471.12,-40.7778,,-38.2297
33.3903,4432.92,-40.6469,,-38.1501
33.4004,4394.73,-40.5063,,-38.2252
33.4103,4356.46,-40.4114,,-38.331
33.4203,4318.22,-40.4018,,-38.1574
33.4303,4280.05,-40.3984,,-38.2059
33.4403,4241.83,-40.356,,-38.2608
33.4503,4203.57,-40.246,,-38.1949
33.4604,4165.37,-40.0738,,-38.1975
33.4704,4127.14,-39.9124,,-38.2525
33.4803,4088.92,-39.784,,-38.1824
33.4903,4050.7,-39.7039,,-38.2712
33.5003,4012.46,-39.6243,,-38.2375
33.5103,3974.21,-39.5219,,-38.2489
33.5204,3936.03,-39.4486,,-38.1467
33.5304,3897.82,-39.4054,,-38.2813
33.5403,3859.54,-39.3682,,-38.2031
33.5503,3821.33,-39.3744,,-38.2242
33.5603,3783.1,-39.3846,,-38.2297
33.5703,3744.85,-39.4049,,-38.282
33.5803,3706.65,-39.505,,-38.1605
33.5904,3668.49,-39.5335,,-38.2013
33.6003,3630.24,-39.4668,,-38.2234
33.6103,3592.05,-39.3326,,-38.1745
33.6203,3553.83,-39.1302,,-38.2468
33.6303,3515.59,-38.9539,,-38.2287
33.6403,3477.36,-38.7965,,-38.239
33.6504,3439.16,-38.6286,,-38.2147
33.6603,3400.92,-38.4896,,-38.2194
33.6703,3362.71,-38.5629,,-38.2378
33.6803,3324.46,-38.6663,,-38.2317
33.6903,3286.22,-38.6909,,-38.2161
33.7003,3248.04,-38.6739,,-38.1618
33.7104,3209.83,-38.6226,,-38.2497
33.7204,3171.6,-38.5411,,-38.2608
33.7303,3133.33,-38.4825,,-38.2357
33.7403,3095.14,-38.4555,,-38.2046
33.7503,3056.92,-38.4246,,-38.1856
33.7603,3018.71,-38.4144,,-38.2266
33.7704,2980.44,-38.3737,,-38.331
33.7804,2942.16,-38.3595,,-38.1763
33.7903,2904.01,-38.3757,,-38.1723
33.8003,2865.74,-38.3667,,-38.3232
33.8103,2827.54,-38.3324,,-38.1581
33.8203,2789.34,-38.2965,,-38.1979
33.8303,2751.13,-38.2732,,-38.2363
33.8404,2712.91,-38.2411,,-38.1821
33.8503,2674.71,-38.1917,,-38.2187
33.8603,2636.46,-38.1499,,-38.2618
33.8703,2598.22,-38.1391,,-38.2398
33.8803,2560.02,-38.1267,,-38.2176
33.8903,2521.8,-38.1287,,-38.1764
33.9004,2483.6,-38.12,,-38.2297
33.9103,2445.37,-38.1155,,-38.2343
33.9203,2407.14,-38.124,,-38.2354
33.9303,2368.89,-38.1185,,-38.2279
33.9403,2330.68,-38.1188,,-38.1931
33.9503,2292.44,-38.1504,,-38.3096
33.9604,2254.16,-38.1886,,-38.1836
33.9704,2216.01,-38.204,,-38.1902
33.9803,2177.78,-38.2059,,-38.2382
33.9903,2139.58,-38.2147,,-38.2008
34.0003,2101.36,-38.2297,,-38.2281
34.0103,2063.12,-38.2758,,-38.2737
34.0204,2024.82,-38.3602,,-38.2168
34.0304,1986.67,-38.474,,-38.1541
34.0403,1948.45,-38.5611,,-38.2599
34.0503,1910.24,-38.6067,,-38.2085
34.0603,1871.95,-38.6306,,-38.3357
34.0703,1833.74,-38.6885,,-38.1338
34.0803,1795.57,-38.7697,,-38.1853
34.0904,1757.34,-38.8741,,-38.295
34.1003,1719.04,-39.0105,,-38.2085
34.1103,1680.87,-39.125,,-38.1949
34.1203,1642.68,-39.2007,,-38.1986
34.1303,1604.46,-39.2738,,-38.2308
34.1403,1566.25,-39.3225,,-38.221
34.1504,1528.02,-39.3509,,-38.206
34.1603,1489.8,-39.3601,,-38.23
34.1703,1451.56,-39.2914,,-38.2341
34.1803,1413.33,-39.2507,,-38.2182
34.1903,1375.13,-39.2507,,-38.206
34.2003,1336.92,-39.2607,,-38.2389
34.2104,1298.69,-39.2731,,-38.2311
34.2204,1260.46,-39.2888,,-38.208
34.2303,1222.23,-39.3167,,-38.2257
34.2403,1184.01,-39.3194,,-38.2334
34.2503,1145.78,-39.3013,,-38.2094
34.2603,1107.57,-39.2723,,-38.2248
34.2704,1069.34,-39.2482,,-38.2235
34.2804,1031.12,-39.258,,-38.2262
34.2903,992.893,-39.264,,-38.2213
34.3003,954.675,-39.2338,,-38.2156
34.3103,916.461,-39.1915,,-38.2211
34.3203,878.231,-39.1293,,-38.2255
34.3303,840.005,-39.0848,,-38.2341
34.3404,801.79,-39.117,,-38.1986
34.3503,763.572,-39.1225,,-38.2291
34.3603,725.346,-39.1092,,-38.227
34.3703,687.123,-39.059,,-38.22
34.3803,648.9,-39.0261,,-38.2288
34.3903,610.67,-39.0532,,-38.2275
34.4004,572.448,-39.0455,,-38.2161
34.4103,534.226,-38.9996,,-38.2293
34.4203,496.004,-38.9332,,-38.2176
34.4303,457.781,-38.8936,,-38.2251
34.4403,419.557,-38.8946,,-38.2223
34.4503,381.338,-38.9176,,-38.2207
34.4604,343.112,-38.9478,,-38.2255
34.4704,304.889,-38.9734,,-38.2215
34.4803,266.668,-39.0488,,-38.2214
34.4903,228.444,-39.0871,,-38.2253
34.5003,190.222,-39.1035,,-38.2211
34.5103,151.998,-39.1318,,-38.2243
34.5204,113.777,-39.0826,,-38.2214
34.5304,75.5529,-39.0273,,-38.2226
34.5403,37.3303,-39.0332,,-38.2236
34.5503,-0.891852,-39.0868,,-38.2219
34.5603,-39.1141,-39.0966,,-38.2216
34.5703,-77.3354,-39.0502,,-38.2214
34.5803,-115.558,-38.9928,,-38.2243
34.5904,-153.783,-38.9596,,-38.2231
34.6003,-192.001,-38.9991,,-38.2172
34.6103,-230.223,-39.0259,,-38.2244
34.6203,-268.447,-39.0145,,-38.224
34.6303,-306.672,-39.0165,,-38.2255
34.6403,-344.897,-39.0662,,-38.223
34.6504,-383.118,-39.1086,,-38.2218
34.6603,-421.341,-39.0859,,-38.2216
34.6703,-459.561,-39.1043,,-38.2195
34.6803,-497.784,-39.1748,,-38.2242
34.6903,-536.007,-39.2736,,-38.2239
34.7003,-574.231,-39.3649,,-38.2227
34.7104,-612.452,-39.4093,,-38.221
34.7204,-650.666,-39.4175,,-38.2082
34.7303,-688.889,-39.4678,,-38.2374
34.7403,-727.121,-39.4836,,-38.2192
34.7503,-765.339,-39.5718,,-38.2275
34.7603,-803.568,-39.7137,,-38.2236
34.7704,-841.791,-39.7736,,-38.2235
34.7804,-880.011,-39.6959,,-38.2194
34.7903,-918.233,-39.6093,,-38.2272
34.8003,-956.457,-39.4986,,-38.217
34.8103,-994.681,-39.3844,,-38.2275
34.8203,-1032.91,-39.2437,,-38.2311
34.8303,-1071.13,-39.0907,,-38.2045
34.8404,-1109.35,-38.9196,,-38.2356
34.8503,-1147.57,-38.9155,,-38.2169
34.8603,-1185.79,-38.9631,,-38.2198
34.8703,-1224.01,-38.9101,,-38.2217
34.8803,-1262.24,-38.7949,,-38.2068
34.8903,-1300.42,-38.6768,,-38.2012
34.9004,-1338.67,-38.5052,,-38.283
34.9103,-1376.92,-38.3107,,-38.183
34.9203,-1415.14,-38.1724,,-38.2593
34.9303,-1453.38,-38.126,,-38.2377
34.9403,-1491.61,-38.1297,,-38.2224
34.9503,-1529.8,-38.1286,,-38.199
34.9604,-1568.02,-38.17,,-38.2225
34.9704,-1606.25,-38.2031,,-38.223
34.9803,-1644.48,-38.234,,-38.2189
34.9903,-1682.7,-38.2754,,-38.2199
35.0003,-1720.91,-38.3136,,-38.2129
35.0103,-1759.19,-38.3108,,-38.3432
35.0204,-1797.43,-38.2816,,-38.1607
35.0304,-1835.6,-38.2147,,-38.1928
35.0403,-1873.82,-38.153,,-38.2202
35.0503,-1912.05,-38.1335,,-38.2171
35.0603,-1950.26,-38.1385,,-38.2056
35.0703,-1988.5,-38.131,,-38.2746
35.0803,-2026.73,-38.1321,,-38.2068
35.0904,-2064.93,-38.1343,,-38.2114
35.1003,-2103.15,-38.1459,,-38.2067
35.1103,-2141.35,-38.1901,,-38.2292
35.1203,-2179.59,-38.2727,,-38.1992
35.1303,-2217.79,-38.3555,,-38.2104
35.1403,-2256.02,-38.4162,,-38.247
35.1504,-2294.27,-38.4667,,-38.2395
35.1603,-2332.47,-38.515,,-38.2195
35.1703,-2370.71,-38.563,,-38.2293
35.1803,-2408.92,-38.6153,,-38.2441
35.1903,-2447.23,-38.6862,,-38.2492
35.2003,-2485.39,-38.8407,,-38.1519
35.2104,-2523.57,-39.0907,,-38.2026
35.2204,-2561.82,-39.4411,,-38.2963
35.2303,-2600.09,-39.6736,,-38.2419
35.2403,-2638.27,-39.8265,,-38.108
35.2503,-2676.44,-39.9691,,-38.2279
35.2603,-2714.68,-40.1999,,-38.2469
35.2704,-2752.91,-40.5294,,-38.2461
35.2804,-2791.22,-40.68,,-38.316
35.2903,-2829.4,-40.6637,,-38.1203
35.3003,-2867.58,-40.6427,,-38.205
35.3103,-2905.79,-40.6493,,-38.198
35.3203,-2944.03,-40.7128,,-38.2707
35.3303,-2982.3,-40.771,,-38.2668
35.3404,-3020.53,-40.839,,-38.2047
35.3503,-3058.68,-40.8811,,-38.1733
35.3603,-3096.94,-40.9416,,-38.2525
35.3703,-3135.15,-40.9968,,-38.2247
35.3803,-3173.37,-41.0408,,-38.1837
35.3903,-3211.6,-41.0047,,-38.2686
35.4004,-3249.89,-40.9068,,-38.3047
35.4103,-3288.11,-40.8759,,-38.1497
35.4203,-3326.25,-40.8624,,-38.1818
35.4303,-3364.46,-40.7754,,-38.2229
35.4403,-3402.7,-40.6338,,-38.2548
35.4503,-3440.94,-40.48,,-38.2075
35.4604,-3479.14,-40.408,,-38.1799
35.4704,-3517.34,-40.3947,,-38.2233
35.4803,-3555.61,-40.4162,,-38.278
35.4903,-3593.84,-40.3901,,-38.2294
35.5003,-3632.06,-40.253,,-38.201
35.5103,-3670.26,-40.0443,,-38.2484
35.5204,-3708.55,-39.8586,,-38.227
35.5304,-3746.72,-39.7475,,-38.1827
35.5403,-3784.96,-39.6596,,-38.249
35.5503,-3823.17,-39.5904,,-38.1934
35.5603,-3861.37,-39.4653,,-38.2281
35.5703,-3899.58,-39.3861,,-38.2332
35.5803,-3937.89,-39.3719,,-38.2966
35.5904,-3976.09,-39.3798,,-38.1612
35.6003,-4014.3,-39.3678,,-38.231
35.6103,-4052.5,-39.3384,,-38.155
35.6203,-4090.69,-39.3242,,-38.2355
35.6303,-4128.93,-39.4187,,-38.2436
35.6403,-4167.17,-39.4174,,-38.2646
35.6504,-4205.41,-39.3257,,-38.208
35.6603,-4243.62,-39.1917,,-38.2178
35.6703,-4281.85,-38.9978,,-38.2459
35.6803,-4320.09,-38.8282,,-38.191
35.6903,-4358.27,-38.6846,,-38.1816
35.7003,-4396.47,-38.5385,,-38.2251
35.7104,-4434.76,-38.5166,,-38.3456
35.7204,-4472.97,-38.6746,,-38.1644
35.7303,-4511.25,-38.7641,,-38.2675
35.7403,-4549.43,-38.7627,,-38.166
35.7503,-4587.61,-38.7429,,-38.1805
35.7603,-4625.85,-38.6877,,-38.2763
35.7704,-4664.08,-38.5702,,-38.1884
35.7804,-4702.31,-38.4507,,-38.268
35.7903,-4740.51,-38.3896,,-38.1815
35.8003,-4778.72,-38.3551,,-38.2409
35.8103,-4817.01,-38.3551,,-38.2716
35.8203,-4855.21,-38.3455,,-38.1424
35.8303,-4893.37,-38.3514,,-38.2033
35.8404,-4931.6,-38.3557,,-38.2291
35.8503,-4969.81,-38.3524,,-38.2019
35.8603,-5008.03,-38.3561,,-38.2539
35.8703,-5046.28,-38.3661,,-38.26
35.8803,-5084.53,-38.3585,,-38.2552
35.8903,-5122.83,-38.3286,,-38.2582
35.9004,-5161.04,-38.2722,,-38.1967
35.9103,-5199.19,-38.2296,,-38.138
35.9203,-5237.37,-38.1906,,-38.1859
35.9303,-5275.54,-38.1637,,-38.2571
35.9403,-5313.91,-38.1567,,-38.3412
35.9503,-5352.09,-38.1514,,-38.1106
35.9604,-5390.27,-38.1575,,-38.2241
35.9704,-5428.5,-38.1529,,-38.2255
35.9803,-5466.71,-38.1557,,-38.1748
35.9903,-5504.95,-38.145,,-38.3273
36.0003,-5543.22,-38.1522,,-38.2071
36.0103,-5581.49,-38.1545,,-38.2866
36.0204,-5619.65,-38.1545,,-38.1186
36.0304,-5657.84,-38.1505,,-38.2614
36.0403,-5696.16,-38.165,,-38.2743
36.0503,-5734.34,-38.1685,,-38.1471
36.0603,-5772.53,-38.1981,,-38.1992
36.0703,-5810.69,-38.2065,,-38.2083
36.0803,-5849.01,-38.2295,,-38.355
36.0904,-5887.22,-38.2336,,-38.1912
36.1003,-5925.49,-38.2392,,-38.2009
36.1103,-5963.54,-38.2401,,-37.6257
36.1203,-5986.42,-23.1711,,-2.36654
36.1303,-5964.17,13.5026,,35.8365
36.1403,-5924.51,30.5861,,40.2889
36.1504,-5885.31,35.1605,,38.406
36.1603,-5847.09,36.7148,,38.2782
36.1703,-5808.8,37.7066,,38.1677
36.1803,-5770.69,38.1961,,38.1372
36.1903,-5732.53,38.2946,,38.2042
36.2003,-5694.29,38.3765,,38.2699
36.2104,-5656.02,38.3546,,38.2583
36.2204,-5617.77,38.3173,,38.2602
36.2303,-5579.54,38.2283,,38.2264
36.2403,-5541.33,38.1676,,38.1096
36.2503,-5503.16,38.1198,,38.2614
36.2603,-5464.89,38.0194,,38.257
36.2704,-5426.71,38.03,,38.1603
36.2804,-5388.49,38.0457,,38.2473
36.2903,-5350.27,37.9998,,38.2383
36.3003,-5311.99,38.0088,,38.2491
36.3103,-5273.82,38.0165,,38.1208
36.3203,-5235.66,38.026,,38.1958
36.3303,-5197.44,37.9961,,38.2127
36.3404,-5159.21,38.02,,38.3117
36.3503,-5120.93,38.0877,,38.2409
36.3603,-5082.63,38.1023,,38.2884
36.3703,-5044.5,38.1908,,38.0513
36.3803,-5006.36,38.2348,,38.2019
36.3903,-4968.11,38.255,,38.2665
36.4004,-4929.85,38.26,,38.2308
36.4103,-4891.63,38.2663,,38.2416
36.4203,-4853.37,38.2655,,38.2987
36.4303,-4815.11,38.2376,,38.197
36.4403,-4776.92,38.2296,,38.2505
36.4503,-4738.64,38.2244,,38.2109
36.4604,-4700.49,38.2312,,38.1452
36.4704,-4662.29,38.2354,,38.2294
36.4803,-4624.01,38.2518,,38.3362
36.4903,-4585.76,38.2858,,38.1793
36.5003,-4547.56,38.3038,,38.2372
36.5103,-4509.26,38.3676,,38.296
36.5204,-4471.09,38.4909,,38.1077
36.5304,-4432.94,38.558,,38.1822
36.5403,-4394.71,38.5314,,38.243
36.5503,-4356.46,38.5118,,38.2629
36.5603,-4318.24,38.619,,38.2058
36.5703,-4280.04,38.7364,,38.2003
36.5803,-4241.84,38.8882,,38.2222
36.5904,-4203.59,39.0821,,38.2766
36.6003,-4165.29,39.2678,,38.2484
36.6103,-4127.11,39.4739,,38.1332
36.6203,-4088.95,39.7939,,38.2136
36.6303,-4050.69,40.032,,38.274
36.6403,-4012.43,40.2123,,38.2359
36.6504,-3974.25,40.203,,38.1963
36.6603,-3936.03,39.8433,,38.2289
36.6703,-3897.82,39.6561,,38.1654
36.6803,-3859.62,39.6063,,38.2599
36.6903,-3821.36,39.6344,,38.2089
36.7003,-3783.17,39.6945,,38.1973
36.7104,-3744.93,39.7334,,38.2712
36.7204,-3706.7,39.7904,,38.2382
36.7303,-3668.43,39.8347,,38.2799
36.7403,-3630.2,39.8876,,38.1665
36.7503,-3592.02,39.9888,,38.1816
36.7603,-3553.82,40.1135,,38.2121
36.7704,-3515.59,40.3081,,38.2272
36.7804,-3477.4,40.431,,38.2026
36.7903,-3439.11,40.4259,,38.3558
36.8003,-3400.86,40.3924,,38.1433
36.8103,-3362.71,40.4243,,38.195
36.8203,-3324.47,40.528,,38.2886
36.8303,-3286.17,40.6711,,38.2173
36.8404,-3248.02,40.7893,,38.1583
36.8503,-3209.81,40.856,,38.2256
36.8603,-3171.59,40.8961,,38.2498
36.8703,-3133.35,40.8935,,38.2345
36.8803,-3095.14,40.8654,,38.2017
36.8903,-3056.92,40.8432,,38.239
36.9004,-3018.67,40.8781,,38.208
36.9103,-2980.47,40.8777,,38.199
36.9203,-2942.21,40.8493,,38.3245
36.9303,-2903.96,40.7855,,38.1793
36.9403,-2865.79,40.6948,,38.1865
36.9503,-2827.6,40.6051,,38.2066
36.9604,-2789.37,40.559,,38.2313
36.9704,-2751.13,40.5665,,38.2131
36.9803,-2712.9,40.5584,,38.2532
36.9903,-2674.64,40.4402,,38.2668
37.0003,-2636.44,40.323,,38.1606
37.0103,-2598.24,40.2708,,38.2202
37.0204,-2560.02,40.2166,,38.2597
37.0304,-2521.8,40.1211,,38.1464
37.0403,-2483.58,39.9834,,38.2924
37.0503,-2445.35,39.7369,,38.2187
37.0603,-2407.04,39.4851,,38.3164
37.0703,-2368.84,39.2915,,38.1313
37.0803,-2330.68,39.0866,,38.1825
37.0904,-2292.45,38.86,,38.2441
37.1003,-2254.25,38.6445,,38.1915
37.1103,-2216.01,38.4491,,38.2518
37.1203,-2177.8,38.3026,,38.2245
37.1303,-2139.53,38.1957,,38.2522
37.1403,-2101.34,38.11,,38.2186
37.1504,-2063.1,38.0352,,38.1943
37.1603,-2024.9,37.9932,,38.2156
37.1703,-1986.67,37.9865,,38.2263
37.1803,-1948.44,37.9853,,38.2327
37.1903,-1910.23,37.9884,,38.215
37.2003,-1872.02,37.9906,,38.2264
37.2104,-1833.79,37.9902,,38.2333
37.2204,-1795.57,38.0181,,38.1794
37.2303,-1757.36,38.0558,,38.2318
37.2403,-1719.12,38.1114,,38.2378
37.2503,-1680.84,38.1351,,38.335
37.2603,-1642.58,38.1463,,38.1669
37.2704,-1604.44,38.1278,,38.1716
37.2804,-1566.23,38.0686,,38.2351
37.2903,-1527.99,38.0021,,38.2326
37.3003,-1489.76,37.9843,,38.2104
37.3103,-1451.57,37.9885,,38.1777
37.3203,-1413.35,37.9901,,38.2335
37.3303,-1375.13,37.9919,,38.2329
37.3404,-1336.88,38.0088,,38.2442
37.3503,-1298.69,38.0445,,38.2152
37.3603,-1260.43,38.0672,,38.2367
37.3703,-1222.23,38.1393,,38.201
37.3803,-1184.01,38.3728,,38.2185
37.3903,-1145.78,38.654,,38.2252
37.4004,-1107.56,38.7598,,38.2389
37.4103,-1069.34,38.7409,,38.2041
37.4203,-1031.12,38.8289,,38.2238
37.4303,-992.904,38.9891,,38.2196
37.4403,-954.679,39.1377,,38.2166
37.4503,-916.452,39.2968,,38.2335
37.4604,-878.231,39.4893,,38.2163
37.4704,-840.007,39.6744,,38.2255
37.4803,-801.786,39.8617,,38.2232
37.4903,-763.557,39.9445,,38.2287
37.5003,-725.336,39.9473,,38.2175
37.5103,-687.109,39.9121,,38.2281
37.5204,-648.892,39.8545,,38.2158
37.5304,-610.681,39.7831,,38.2112
37.5403,-572.453,39.7572,,38.2346
37.5503,-534.226,39.6343,,38.2213
37.5603,-496.003,39.3724,,38.2243
37.5703,-457.778,39.1915,,38.2255
37.5803,-419.557,39.1083,,38.2174
37.5904,-381.336,39.0334,,38.2258
37.6003,-343.113,38.9778,,38.2178
37.6103,-304.888,38.9503,,38.2295
37.6203,-266.666,38.9256,,38.2185
37.6303,-228.444,38.9303,,38.2235
37.6403,-190.223,38.9083,,38.22
37.6504,-152,38.8834,,38.2253
37.6603,-113.776,38.8986,,38.2228
37.6703,-75.5542,38.9489,,38.2219
37.6803,-37.3308,39.0547,,38.2235
37.6903,0.891818,39.1595,,38.2229
37.7003,39.1141,39.2253,,38.2216
37.7104,77.3376,39.1888,,38.2248
37.7204,115.561,39.1031,,38.2229
37.7303,153.782,39.1503,,38.2182
37.7403,192.001,39.169,,38.2228
37.7503,230.227,39.089,,38.2249
37.7603,268.449,38.9825,,38.2213
37.7704,306.672,38.9314,,38.2261
37.7804,344.901,38.9348,,38.2263
37.7903,383.121,38.9423,,38.2176
37.8003,421.343,38.9874,,38.2235
37.8103,459.567,39.0595,,38.2236
37.8203,497.784,39.0999,,38.2178
37.8303,536.011,39.1635,,38.2281
37.8404,574.232,39.1827,,38.2201
37.8503,612.455,39.1773,,38.2225
37.8603,650.677,39.1659,,38.2189
37.8703,688.893,39.1186,,38.2178
37.8803,727.117,39.0119,,38.2252
37.8903,765.34,38.978,,38.2266
37.9004,803.566,39.0224,,38.2226
37.9103,841.796,39.0378,,38.2254
37.9203,880.005,39.055,,38.2176
37.9303,918.236,39.0818,,38.2243
37.9403,956.466,39.0977,,38.237
37.9503,994.688,39.1254,,38.2163
37.9604,1032.91,39.1465,,38.2149
37.9704,1071.12,39.1644,,38.2177
37.9803,1109.34,39.1998,,38.2217
37.9903,1147.57,39.2121,,38.2326
38.0003,1185.79,39.2837,,38.212
38.0103,1224.01,39.346,,38.232
38.0204,1262.23,39.343,,38.1791
38.0304,1300.42,39.295,,38.2764
38.0403,1338.74,39.2146,,38.2508
38.0503,1376.92,39.1906,,38.1708
38.0603,1415.13,39.1613,,38.2359
38.0703,1453.37,39.1287,,38.2407
38.0803,1491.6,39.1053,,38.2315
38.0904,1529.8,39.1246,,38.2231
38.1003,1568.05,39.1801,,38.2119
38.1103,1606.26,39.2375,,38.2588
38.1203,1644.51,39.2527,,38.1726
38.1303,1682.69,39.2383,,38.1976
38.1403,1720.92,39.244,,38.2548
38.1504,1759.14,39.2639,,38.2206
38.1603,1797.35,39.2222,,38.2266
38.1703,1835.59,39.1569,,38.2355
38.1803,1873.82,39.1002,,38.2055
38.1903,1912.03,39.0414,,38.2032
38.2003,1950.25,38.9397,,38.2269
38.2104,1988.48,38.8507,,38.2289
38.2204,2026.7,38.7747,,38.2429
38.2303,2064.97,38.6804,,38.2536
38.2403,2103.13,38.5808,,38.1556
38.2503,2141.35,38.4924,,38.2604
38.2603,2179.62,38.3942,,38.2335
38.2704,2217.83,38.3131,,38.1949
38.2804,2256.04,38.2331,,38.2198
38.2903,2294.27,38.1119,,38.2421
38.3003,2332.48,38.0528,,38.2059
38.3103,2370.68,38.0166,,38.2231
38.3203,2408.92,38.0047,,38.2222
38.3303,2447.15,38.003,,38.229
38.3404,2485.37,38.0007,,38.1966
38.3503,2523.56,38.0158,,38.1886
38.3603,2561.81,38.0078,,38.3045
38.3703,2600.06,38.0016,,38.1942
38.3803,2638.26,38.0063,,38.1952
38.3903,2676.49,38.0116,,38.3146
38.4004,2714.75,38.0444,,38.1778
38.4103,2752.93,38.1078,,38.1947
38.4203,2791.12,38.1556,,38.2426
38.4303,2829.43,38.1975,,38.2768
38.4403,2867.61,38.2244,,38.1575
38.4503,2905.82,38.2386,,38.1991
38.4604,2944.04,38.2414,,38.2369
38.4704,2982.28,38.2397,,38.2572
38.4803,3020.55,38.2417,,38.2682
38.4903,3058.74,38.2448,,38.1712
38.5003,3096.91,38.2734,,38.1666
38.5103,3135.12,38.3247,,38.2719
38.5204,3173.4,38.341,,38.2023
38.5304,3211.63,38.3246,,38.3148
38.5403,3249.9,38.3497,,38.1674
38.5503,3288.06,38.3906,,38.1978
38.5603,3326.26,38.4333,,38.2089
38.5703,3364.47,38.4406,,38.2401
38.5803,3402.77,38.386,,38.273
38.5904,3440.95,38.3605,,38.1429
38.6003,3479.15,38.4246,,38.2367
38.6103,3517.35,38.5458,,38.1857
38.6203,3555.63,38.6804,,38.3419
38.6303,3593.87,38.8152,,38.1578
38.6403,3632.05,39.0199,,38.2191
38.6504,3670.27,39.289,,38.2296
38.6603,3708.5,39.5282,,38.1838
38.6703,3746.7,39.7257,,38.2428
38.6803,3784.94,39.9268,,38.2104
38.6903,3823.17,40.1384,,38.2585
38.7003,3861.38,40.1058,,38.1832
38.7104,3899.64,39.682,,38.3143
38.7204,3937.96,39.4506,,38.2868
38.7303,3976.11,39.4001,,38.0927
38.7403,4014.25,39.4407,,38.1668
38.7503,4052.48,39.4961,,38.2532
38.7603,4090.74,39.5187,,38.2602
38.7704,4128.95,39.5009,,38.196
38.7804,4167.16,39.5423,,38.237
38.7903,4205.45,39.6311,,38.2944
38.8003,4243.64,39.9,,38.1456
38.8103,4281.83,40.1688,,38.2023
38.8203,4320.04,40.3239,,38.2179
38.8303,4358.28,40.3679,,38.2414
38.8404,4396.49,40.2848,,38.1965
38.8503,4434.7,40.2301,,38.2435
38.8603,4472.92,40.3039,,38.2382
38.8703,4511.23,40.4672,,38.2814
38.8803,4549.42,40.6032,,38.212
38.8903,4587.66,40.7073,,38.1733
38.9004,4625.83,40.7691,,38.186
38.9103,4664.04,40.7687,,38.2326
38.9203,4702.27,40.7639,,38.2467
38.9303,4740.49,40.8013,,38.2111
38.9403,4778.76,40.7946,,38.2737
38.9503,4816.98,40.8053,,38.2413
38.9604,4855.27,40.7498,,38.2293
38.9704,4893.42,40.5854,,38.1308
38.9803,4931.61,40.4403,,38.2527
38.9903,4969.84,40.3665,,38.1889
39.0003,5008.04,40.3111,,38.2433
39.0103,5046.26,40.3065,,38.211
39.0204,5084.51,40.3861,,38.2976
39.0304,5122.83,40.3397,,38.2731
39.0403,5161.01,40.1877,,38.1127
39.0503,5199.14,40.0868,,38.1596
39.0603,5237.43,40.0691,,38.3864
39.0703,5275.68,40.0493,,38.154
39.0803,5313.94,40.0061,,38.3405
39.0904,5352.17,39.9202,,38.1876
39.1003,5390.34,39.6719,,38.1166
39.1103,5428.49,39.4465,,38.1611
39.1203,5466.7,39.2624,,38.3015
39.1303,5504.99,39.063,,38.2121
39.1403,5543.2,38.8704,,38.2568
39.1504,5581.44,38.6923,,38.1903
39.1603,5619.62,38.4926,,38.2677
39.1703,5657.97,38.3505,,38.3362
39.1803,5696.27,38.3505,,38.1975
39.1903,5734.34,38.3675,,38.0691
39.2003,5772.55,38.3502,,38.2474
39.2104,5810.74,38.3361,,38.2221
39.2204,5849.03,38.3331,,38.2762
39.2303,5887.22,38.3387,,38.1939
39.2403,5925.43,38.3393,,38.2025
39.2503,5963.56,38.3209,,37.6865
39.2603,5986.35,23.0453,,2.23725
39.2704,5964.11,-13.8691,,-35.8199
39.2804,5924.47,-30.9452,,-40.2057
39.2903,5885.31,-35.4906,,-38.4122
39.3003,5847.1,-37.0289,,-38.2038
39.3103,5808.92,-38.0062,,-38.1604
39.3203,5770.74,-38.4785,,-38.1979
39.3303,5732.44,-38.606,,-38.358
39.3404,5694.19,-38.774,,-38.1793
39.3503,5656.05,-38.9141,,-38.1508
39.3603,5617.87,-39.0558,,-38.1856
39.3703,5579.67,-39.1369,,-38.1773
39.3803,5541.43,-39.2857,,-38.2934
39.3903,5503.17,-39.4598,,-38.2191
39.4004,5464.98,-39.492,,-38.271
39.4103,5426.62,-39.6034,,-38.3215
39.4203,5388.44,-39.6638,,-38.1179
39.4303,5350.29,-39.7693,,-38.1917
39.4403,5312.05,-40.0356,,-38.2572
39.4503,5273.83,-40.2519,,-38.1642
39.4604,5235.57,-40.4009,,-38.2761
39.4704,5197.38,-40.4391,,-38.2259
39.4803,5159.12,-40.5309,,-38.2403
39.4903,5120.83,-40.6684,,-38.3442
39.5003,5082.6,-40.8188,,-38.126
39.5103,5044.53,-40.9487,,-38.0656
39.5204,5006.35,-40.9606,,-38.2476
39.5304,4968.06,-40.9151,,-38.3004
39.5403,4929.82,-40.8933,,-38.202
39.5503,4891.58,-40.9678,,-38.2771
39.5603,4853.32,-41.0685,,-38.2409
39.5703,4815.14,-41.0991,,-38.1807
39.5803,4776.92,-41.1679,,-38.2269
39.5904,4738.68,-41.2142,,-38.2509
39.6003,4700.43,-41.2169,,-38.2131
39.6103,4662.26,-41.2086,,-38.148
39.6203,4624.02,-41.1812,,-38.3188
39.6303,4585.8,-41.1142,,-38.1683
39.6403,4547.58,-41.0362,,-38.242
39.6504,4509.39,-41.0054,,-38.1887
39.6603,4471.17,-40.9129,,-38.2176
39.6703,4432.94,-40.7844,,-38.2136
39.6803,4394.7,-40.6292,,-38.2683
39.6903,4356.42,-40.542,,-38.2721
39.7003,4318.24,-40.5306,,-38.1474
39.7104,4280.04,-40.5219,,-38.2347
39.7204,4241.82,-40.4734,,-38.2388
39.7303,4203.59,-40.3508,,-38.172
39.7403,4165.39,-40.1747,,-38.2406
39.7503,4127.14,-40.0052,,-38.2152
39.7603,4088.95,-39.8906,,-38.1999
39.7704,4050.7,-39.8123,,-38.2792
39.7804,4012.44,-39.7056,,-38.2436
39.7903,3974.21,-39.6032,,-38.253
39.8003,3935.96,-39.5289,,-38.192
39.8103,3897.8,-39.4844,,-38.1885
39.8203,3859.58,-39.4817,,-38.2033
39.8303,3821.37,-39.5039,,-38.2103
39.8404,3783.17,-39.5023,,-38.2232
39.8503,3744.92,-39.5026,,-38.2628
39.8603,3706.65,-39.5807,,-38.2653
39.8703,3668.44,-39.6123,,-38.2084
39.8803,3630.24,-39.5519,,-38.1736
39.8903,3592.04,-39.4216,,-38.2141
39.9004,3553.8,-39.252,,-38.2355
39.9103,3515.59,-39.0798,,-38.2018
39.9203,3477.35,-38.9112,,-38.2764
39.9303,3439.05,-38.739,,-38.3101
39.9403,3400.86,-38.6224,,-38.112
39.9503,3362.72,-38.6957,,-38.1973
39.9604,3324.46,-38.7877,,-38.2929
39.9704,3286.18,-38.8217,,-38.2021
39.9803,3248.01,-38.8138,,-38.1851
39.9903,3209.81,-38.751,,-38.199
40.0003,3171.62,-38.6601,,-38.2313
40.0103,3133.32,-38.604,,-38.2976
40.0204,3095.12,-38.5697,,-38.1649
40.0304,3056.92,-38.55,,-38.2305
40.0403,3018.65,-38.5462,,-38.3115
40.0503,2980.36,-38.5319,,-38.2097
40.0603,2942.21,-38.5175,,-38.1364
40.0703,2904.02,-38.5516,,-38.2276
40.0803,2865.77,-38.5278,,-38.2752
40.0904,2827.56,-38.4885,,-38.1724
40.1003,2789.36,-38.4374,,-38.238
40.1103,2751.09,-38.4052,,-38.266
40.1203,2712.86,-38.3719,,-38.1799
40.1303,2674.7,-38.316,,-38.1699
40.1403,2636.48,-38.2818,,-38.2521
40.1504,2598.24,-38.2665,,-38.2519
40.1603,2559.99,-38.2617,,-38.2552
40.1703,2521.79,-38.2546,,-38.1399
40.1803,2483.6,-38.2555,,-38.2307
40.1903,2445.37,-38.2511,,-38.2415
40.2003,2407.12,-38.2359,,-38.2318
40.2104,2368.9,-38.2533,,-38.2335
40.2204,2330.68,-38.2632,,-38.1707
40.2303,2292.46,-38.304,,-38.257
40.2403,2254.24,-38.3274,,-38.201
40.2503,2216.01,-38.338,,-38.2503
40.2603,2177.8,-38.3357,,-38.2186
40.2704,2139.53,-38.3334,,-38.2683
40.2804,2101.33,-38.364,,-38.1791
40.2903,2063.13,-38.4106,,-38.2036
40.3003,2024.9,-38.4743,,-38.2449
40.3103,1986.67,-38.5731,,-38.1901
40.3203,1948.46,-38.639,,-38.2346
40.3303,1910.25,-38.6805,,-38.2229
40.3404,1872.01,-38.7058,,-38.2515
40.3503,1833.78,-38.7745,,-38.2285
40.3603,1795.55,-38.8595,,-38.2026
40.3703,1757.33,-38.9736,,-38.2267
40.3803,1719.11,-39.1372,,-38.2097
40.3903,1680.88,-39.2513,,-38.2307
40.4004,1642.69,-39.3268,,-38.1961
40.4103,1604.45,-39.4006,,-38.2673
40.4203,1566.23,-39.4474,,-38.2216
40.4303,1528,-39.4725,,-38.2066
40.4403,1489.79,-39.4887,,-38.2139
40.4503,1451.56,-39.431,,-38.2133
40.4604,1413.34,-39.3918,,-38.2246
40.4704,1375.11,-39.3817,,-38.234
40.4803,1336.9,-39.3908,,-38.2252
40.4903,1298.67,-39.3985,,-38.2482
40.5003,1260.38,-39.4275,,-38.2637
40.5103,1222.21,-39.4587,,-38.1374
40.5204,1184.02,-39.4654,,-38.2181
40.5304,1145.8,-39.4409,,-38.2324
40.5403,1107.56,-39.4135,,-38.2242
40.5503,1069.35,-39.3918,,-38.2158
40.5603,1031.12,-39.4062,,-38.2233
40.5703,992.897,-39.4286,,-38.2334
40.5803,954.671,-39.4249,,-38.2181
40.5904,916.452,-39.3809,,-38.223
40.6003,878.23,-39.3231,,-38.2168
40.6103,840.005,-39.2721,,-38.2272
40.6203,801.792,-39.239,,-38.2277
40.6303,763.55,-39.2075,,-38.2199
40.6403,725.333,-39.2075,,-38.2337
40.6504,687.11,-39.1769,,-38.2121
40.6603,648.891,-39.1542,,-38.2244
40.6703,610.673,-39.1715,,-38.2161
40.6803,572.45,-39.1737,,-38.2227
40.6903,534.228,-39.1081,,-38.2241
40.7003,496.001,-39.0317,,-38.2264
40.7104,457.778,-39.0069,,-38.2201
40.7204,419.558,-38.9925,,-38.2225
40.7303,381.335,-39.0119,,-38.2213
40.7403,343.113,-39.051,,-38.224
40.7503,304.887,-39.0828,,-38.2262
40.7603,266.665,-39.1624,,-38.2203
40.7704,228.444,-39.221,,-38.2218
40.7804,190.222,-39.2513,,-38.2215
40.7903,152,-39.2868,,-38.2223
40.8003,113.778,-39.2694,,-38.2213
40.8103,75.5541,-39.246,,-38.2253
40.8203,37.3303,-39.2434,,-38.2235
40.8303,-0.891899,-39.2545,,-38.2204
40.8404,-39.1141,-39.2663,,-38.2237
40.8503,-77.3365,-39.2233,,-38.2227
40.8603,-115.558,-39.1549,,-38.2197
40.8703,-153.781,-39.1249,,-38.225
40.8803,-192.005,-39.1376,,-38.2224
40.8903,-230.226,-39.1619,,-38.2215
40.9004,-268.449,-39.1624,,-38.2235
40.9103,-306.673,-39.1655,,-38.2217
40.9203,-344.895,-39.2256,,-38.224
40.9303,-383.116,-39.2458,,-38.2221
40.9403,-421.343,-39.2526,,-38.2244
40.9503,-459.559,-39.2739,,-38.2161
40.9604,-497.784,-39.3376,,-38.2283
40.9704,-536.007,-39.4263,,-38.2203
40.9803,-574.232,-39.5049,,-38.2256
40.9903,-612.453,-39.5565,,-38.2188
41.0003,-650.669,-39.5587,,-38.2113
41.0103,-688.9,-39.5965,,-38.2468
41.0204,-727.125,-39.6329,,-38.2151
41.0304,-765.345,-39.7198,,-38.213
41.0403,-803.561,-39.8681,,-38.2303
41.0503,-841.792,-39.9248,,-38.2228
41.0603,-880.015,-39.8553,,-38.2268
41.0703,-918.231,-39.7416,,-38.2105
41.0803,-956.463,-39.637,,-38.2344
41.0904,-994.674,-39.5068,,-38.2132
41.1003,-1032.89,-39.3746,,-38.2184
41.1103,-1071.12,-39.2057,,-38.2225
41.1203,-1109.35,-39.0365,,-38.2466
41.1303,-1147.58,-39.05,,-38.2076
41.1403,-1185.79,-39.0954,,-38.2145
41.1504,-1224.01,-39.0262,,-38.2248
41.1603,-1262.23,-38.9097,,-38.2074
41.1703,-1300.43,-38.7971,,-38.2228
41.1803,-1338.68,-38.646,,-38.2288
41.1903,-1376.93,-38.44,,-38.3131
41.2003,-1415.21,-38.3039,,-38.1837
41.2104,-1453.35,-38.2519,,-38.1756
41.2204,-1491.58,-38.259,,-38.2571
41.2303,-1529.8,-38.2616,,-38.2219
41.2403,-1568.03,-38.2788,,-38.1979
41.2503,-1606.26,-38.337,,-38.2779
41.2603,-1644.5,-38.3671,,-38.1639
41.2704,-1682.68,-38.4185,,-38.2128
41.2804,-1720.91,-38.4682,,-38.238
41.2903,-1759.13,-38.4612,,-38.2446
41.3003,-1797.38,-38.4209,,-38.2468
41.3103,-1835.6,-38.368,,-38.1787
41.3203,-1873.8,-38.2914,,-38.2213
41.3303,-1912.01,-38.2576,,-38.1893
41.3404,-1950.23,-38.2689,,-38.2355
41.3503,-1988.45,-38.265,,-38.2209
41.3603,-2026.7,-38.2733,,-38.2726
41.3703,-2064.97,-38.2705,,-38.2541
41.3803,-2103.16,-38.2899,,-38.185
41.3903,-2141.37,-38.3643,,-38.2216
41.4004,-2179.6,-38.4169,,-38.2039
41.4103,-2217.83,-38.4858,,-38.2397
41.4203,-2256.03,-38.5536,,-38.1908
41.4303,-2294.25,-38.6027,,-38.2449
41.4403,-2332.48,-38.6423,,-38.2387
41.4503,-2370.72,-38.691,,-38.2227
41.4604,-2408.91,-38.7476,,-38.181
41.4704,-2447.13,-38.836,,-38.2493
41.4803,-2485.38,-39.0548,,-38.2208
41.4903,-2523.58,-39.4568,,-38.2031
41.5003,-2561.84,-39.7689,,-38.2889
41.5103,-2600.1,-39.8903,,-38.2253
41.5204,-2638.29,-39.9627,,-38.1621
41.5304,-2676.49,-40.075,,-38.2312
41.5403,-2714.7,-40.3085,,-38.2191
41.5503,-2752.93,-40.6552,,-38.2234
41.5603,-2791.12,-40.785,,-38.1985
41.5703,-2829.32,-40.7715,,-38.208
41.5803,-2867.58,-40.8063,,-38.2539
41.5904,-2905.83,-40.8559,,-38.2525
41.6003,-2944.07,-40.8943,,-38.2168
41.6103,-2982.28,-40.9493,,-38.1981
41.6203,-3020.49,-41.0057,,-38.2298
41.6303,-3058.69,-41.0453,,-38.2489
41.6403,-3096.95,-41.0963,,-38.2058
41.6504,-3135.16,-41.1323,,-38.2394
41.6603,-3173.41,-41.1589,,-38.2134
41.6703,-3211.61,-41.1147,,-38.2203
41.6803,-3249.83,-41.0349,,-38.1959
41.6903,-3288.02,-41.0235,,-38.2095
41.7003,-3326.24,-41.0044,,-38.2446
41.7104,-3364.48,-40.8967,,-38.2344
41.7204,-3402.71,-40.7548,,-38.2059
41.7303,-3440.91,-40.6017,,-38.1895
41.7403,-3479.14,-40.5017,,-38.2674
41.7503,-3517.39,-40.4816,,-38.2015
41.7603,-3555.61,-40.5079,,-38.2693
41.7704,-3593.84,-40.4835,,-38.1944
41.7804,-3632.03,-40.3546,,-38.2244
41.7903,-3670.29,-40.1346,,-38.2613
41.8003,-3708.5,-39.9515,,-38.1601
41.8103,-3746.71,-39.8477,,-38.2414
41.8203,-3784.94,-39.7632,,-38.2081
41.8303,-3823.15,-39.6645,,-38.2114
41.8404,-3861.35,-39.5484,,-38.237
41.8503,-3899.61,-39.4768,,-38.2419
41.8603,-3937.82,-39.417,,-38.2393
41.8703,-3976.07,-39.4148,,-38.1956
41.8803,-4014.28,-39.4567,,-38.2321
41.8903,-4052.49,-39.4396,,-38.1941
41.9004,-4090.7,-39.4296,,-38.2266
41.9103,-4128.93,-39.5177,,-38.2364
41.9203,-4167.18,-39.537,,-38.2499
41.9303,-4205.38,-39.4556,,-38.214
41.9403,-4243.61,-39.3039,,-38.186
41.9503,-4281.81,-39.1096,,-38.255
41.9604,-4320.09,-38.9452,,-38.2508
41.9704,-4358.3,-38.7907,,-38.1696
41.9803,-4396.5,-38.658,,-38.2281
41.9903,-4434.69,-38.6445,,-38.2111
42.0003,-4472.93,-38.8185,,-38.258
42.0103,-4511.21,-38.903,,-38.227
42.0204,-4549.37,-38.8847,,-38.1783
42.0304,-4587.6,-38.8725,,-38.281
42.0403,-4625.89,-38.8308,,-38.2113
42.0503,-4664.04,-38.7038,,-38.1458
42.0603,-4702.27,-38.6028,,-38.2914
42.0703,-4740.5,-38.5353,,-38.202
42.0803,-4778.71,-38.4995,,-38.2325
42.0904,-4816.95,-38.4877,,-38.2259
42.1003,-4855.18,-38.484,,-38.2156
42.1103,-4893.39,-38.4825,,-38.2057
42.1203,-4931.6,-38.4783,,-38.2076
42.1303,-4969.82,-38.4856,,-38.235
42.1403,-5008.03,-38.494,,-38.2396
42.1504,-5046.28,-38.4989,,-38.2255
42.1603,-5084.5,-38.5038,,-38.2046
42.1703,-5122.72,-38.47,,-38.2782
42.1803,-5161.02,-38.4171,,-38.2392
42.1903,-5199.24,-38.3607,,-38.2407
42.2003,-5237.44,-38.332,,-38.1539
42.2104,-5275.65,-38.3067,,-38.2723
42.2204,-5313.91,-38.297,,-38.2707
42.2303,-5352.23,-38.2896,,-38.3144
42.2403,-5390.4,-38.2824,,-38.0727
42.2503,-5428.53,-38.2847,,-38.2401
42.2603,-5466.82,-38.2826,,-38.2173
42.2704,-5504.97,-38.2812,,-38.1413
42.2804,-5543.13,-38.2827,,-38.2596
42.2903,-5581.49,-38.2879,,-38.3583
42.3003,-5619.83,-38.2889,,-38.3085
42.3103,-5657.96,-38.2914,,-38.0082
42.3203,-5696.05,-38.289,,-38.1806
42.3303,-5734.28,-38.2862,,-38.19
42.3404,-5772.5,-38.2978,,-38.3101
42.3503,-5810.73,-38.3251,,-38.1461
42.3603,-5848.95,-38.3397,,-38.286
42.3703,-5887.26,-38.3666,,-38.328
42.3803,-5925.46,-38.377,,-38.1134
42.3903,-5963.51,-38.3456,,-37.5715
42.4004,-5986.3,-23.2649,,-2.38334
42.4103,-5964.18,13.3035,,35.7263
42.4203,-5924.57,30.4059,,40.233
42.4303,-5885.36,34.9955,,38.4646
42.4403,-5847.1,36.5583,,38.2699
42.4503,-5808.91,37.5171,,38.1265
42.4604,-5770.76,37.999,,38.1661
42.4704,-5732.55,38.1308,,38.251
42.4803,-5694.24,38.3115,,38.3378
42.4903,-5656,38.3627,,38.2016
42.5003,-5617.81,38.3494,,38.1656
42.5103,-5579.63,38.2583,,38.1761
42.5204,-5541.37,38.1983,,38.3464
42.5304,-5503.08,38.1976,,38.1831
42.5403,-5464.9,38.1326,,38.194
42.5503,-5426.68,38.1572,,38.2753
42.5603,-5388.39,38.1812,,38.2858
42.5703,-5350.09,38.1466,,38.2851
42.5803,-5311.96,38.1414,,38.0468
42.5904,-5273.85,38.1458,,38.1588
42.6003,-5235.58,38.1532,,38.3287
42.6103,-5197.34,38.1256,,38.22
42.6203,-5159.09,38.1671,,38.2212
42.6303,-5120.92,38.2281,,38.209
42.6403,-5082.69,38.2535,,38.2036
42.6504,-5044.5,38.3333,,38.1909
42.6603,-5006.26,38.3694,,38.2412
42.6703,-4968.02,38.3899,,38.2359
42.6803,-4929.78,38.3955,,38.257
42.6903,-4891.56,38.4104,,38.1969
42.7003,-4853.38,38.4236,,38.1943
42.7104,-4815.17,38.398,,38.2253
42.7204,-4776.93,38.3832,,38.2579
42.7303,-4738.67,38.3681,,38.2129
42.7403,-4700.47,38.365,,38.2036
42.7503,-4662.24,38.3833,,38.2252
42.7603,-4624.03,38.4045,,38.2152
42.7704,-4585.8,38.4433,,38.2287
42.7804,-4547.61,38.4713,,38.2308
42.7903,-4509.36,38.5285,,38.239
42.8003,-4471.14,38.6656,,38.1832
42.8103,-4432.91,38.7229,,38.2928
42.8203,-4394.64,38.6759,,38.1729
42.8303,-4356.5,38.632,,38.176
42.8404,-4318.29,38.7538,,38.2225
42.8503,-4280.04,38.8748,,38.2855
42.8603,-4241.77,39.0176,,38.2583
42.8703,-4203.57,39.2171,,38.1416
42.8803,-4165.38,39.3924,,38.2259
42.8903,-4127.14,39.5872,,38.2343
42.9004,-4088.91,39.9049,,38.2123
42.9103,-4050.71,40.1493,,38.2336
42.9203,-4012.47,40.3205,,38.2473
42.9303,-3974.25,40.2485,,38.2453
42.9403,-3936,39.9505,,38.1678
42.9503,-3897.82,39.786,,38.237
42.9604,-3859.57,39.7162,,38.2201
42.9704,-3821.35,39.7215,,38.2198
42.9803,-3783.16,39.7496,,38.1889
42.9903,-3744.94,39.7897,,38.2667
43.0003,-3706.7,39.8127,,38.2099
43.0103,-3668.48,39.9064,,38.221
43.0204,-3630.24,39.9946,,38.2749
43.0304,-3591.99,40.1057,,38.1798
43.0403,-3553.79,40.2428,,38.2156
43.0503,-3515.54,40.4103,,38.3235
43.0603,-3477.28,40.5424,,38.1783
43.0703,-3439.12,40.5416,,38.1737
43.0803,-3400.92,40.5275,,38.2375
43.0904,-3362.66,40.5828,,38.2666
43.1003,-3324.41,40.6964,,38.1922
43.1103,-3286.24,40.8369,,38.1854
43.1203,-3248.03,40.9375,,38.2072
43.1303,-3209.8,40.9942,,38.2336
43.1403,-3171.6,41.0336,,38.221
43.1504,-3133.36,41.0337,,38.2176
43.1603,-3095.16,41.029,,38.2215
43.1703,-3056.91,41.0259,,38.2786
43.1803,-3018.61,41.0544,,38.2254
43.1903,-2980.46,41.0535,,38.132
43.2003,-2942.3,41.0284,,38.2018
43.2104,-2904.04,40.9664,,38.2966
43.2204,-2865.78,40.9013,,38.2504
43.2303,-2827.56,40.822,,38.2278
43.2403,-2789.34,40.7635,,38.1691
43.2503,-2751.15,40.7896,,38.2159
43.2603,-2712.91,40.7607,,38.2245
43.2704,-2674.69,40.6292,,38.2412
43.2804,-2636.47,40.4701,,38.2168
43.2903,-2598.24,40.3866,,38.2391
43.3003,-2559.99,40.3236,,38.2873
43.3103,-2521.78,40.2223,,38.107
43.3203,-2483.61,40.0898,,38.2548
43.3303,-2445.36,39.8522,,38.2415
43.3404,-2407.12,39.6274,,38.2225
43.3503,-2368.9,39.433,,38.2154
43.3603,-2330.66,39.2167,,38.2609
43.3703,-2292.43,39.0024,,38.1743
43.3803,-2254.24,38.8072,,38.2158
43.3903,-2216.02,38.6197,,38.2357
43.4004,-2177.8,38.4631,,38.2193
43.4103,-2139.58,38.349,,38.2277
43.4203,-2101.35,38.2605,,38.2289
43.4303,-2063.13,38.1771,,38.194
43.4403,-2024.91,38.1332,,38.2289
43.4503,-1986.68,38.1317,,38.2271
43.4604,-1948.45,38.1347,,38.2345
43.4704,-1910.24,38.1318,,38.2154
43.4803,-1872.02,38.1334,,38.2383
43.4903,-1833.78,38.1372,,38.236
43.5003,-1795.57,38.1526,,38.1781
43.5103,-1757.36,38.1976,,38.2171
43.5204,-1719.1,38.2513,,38.327
43.5304,-1680.81,38.2959,,38.1851
43.5403,-1642.67,38.3078,,38.181
43.5503,-1604.44,38.2773,,38.2442
43.5603,-1566.23,38.2318,,38.2302
43.5703,-1527.92,38.1512,,38.2737
43.5803,-1489.75,38.1209,,38.1335
43.5904,-1451.58,38.1201,,38.2072
43.6003,-1413.34,38.1287,,38.2373
43.6103,-1375.11,38.1276,,38.2411
43.6203,-1336.88,38.1466,,38.2267
43.6303,-1298.69,38.1816,,38.2122
43.6403,-1260.45,38.2635,,38.2241
43.6504,-1222.23,38.5996,,38.2122
43.6603,-1184.01,38.8894,,38.2286
43.6703,-1145.78,38.9735,,38.2202
43.6803,-1107.57,38.9649,,38.2166
43.6903,-1069.35,38.9171,,38.2186
43.7003,-1031.13,38.9905,,38.2233
43.7104,-992.903,39.145,,38.226
43.7204,-954.668,39.2814,,38.2289
43.7303,-916.452,39.3984,,38.2236
43.7403,-878.223,39.5923,,38.2135
43.7503,-840.006,39.7733,,38.2305
43.7603,-801.787,39.9479,,38.2164
43.7704,-763.56,40.0374,,38.2296
43.7804,-725.337,40.0759,,38.2203
43.7903,-687.111,40.044,,38.2254
43.8003,-648.889,39.9889,,38.2272
43.8103,-610.66,39.9288,,38.2199
43.8203,-572.448,39.9058,,38.2123
43.8303,-534.23,39.7969,,38.2268
43.8404,-496.001,39.5688,,38.2241
43.8503,-457.779,39.3958,,38.2221
43.8603,-419.557,39.297,,38.2212
43.8703,-381.335,39.2322,,38.2227
43.8803,-343.112,39.156,,38.2229
43.8903,-304.886,39.1083,,38.2271
43.9004,-266.664,39.0803,,38.2195
43.9103,-228.446,39.0838,,38.2188
43.9203,-190.222,39.0549,,38.2242
43.9303,-151.998,39.0311,,38.2248
43.9403,-113.776,39.0445,,38.2207
43.9503,-75.5524,39.1057,,38.224
43.9604,-37.3307,39.1896,,38.2213
43.9704,0.891349,39.2867,,38.2226
43.9803,39.114,39.3564,,38.2224
43.9903,77.3363,39.3226,,38.2228
44.0003,115.56,39.2335,,38.2229
44.0103,153.781,39.2256,,38.2198
44.0204,192.004,39.3128,,38.2241
44.0304,230.228,39.2391,,38.2248
44.0403,268.451,39.1339,,38.2224
44.0503,306.673,39.0965,,38.2224
44.0603,344.895,39.0804,,38.2232
44.0703,383.12,39.0884,,38.2215
44.0803,421.338,39.1339,,38.2194
44.0904,459.561,39.2078,,38.2247
44.1003,497.784,39.2662,,38.2227
44.1103,536.008,39.3165,,38.2234
44.1203,574.232,39.3384,,38.2228
44.1303,612.452,39.3323,,38.2202
44.1403,650.672,39.3001,,38.2159
44.1504,688.898,39.295,,38.2392
44.1603,727.126,39.3275,,38.2211
44.1703,765.346,39.3643,,38.2174
44.1803,803.569,39.3392,,38.2229
44.1903,841.79,39.2815,,38.2206
44.2003,880.009,39.2248,,38.223
44.2104,918.239,39.2147,,38.2253
44.2204,956.45,39.2386,,38.21
44.2303,994.671,39.248,,38.2232
44.2403,1032.9,39.2766,,38.2365
44.2503,1071.12,39.2837,,38.221
44.2603,1109.35,39.2797,,38.2244
44.2704,1147.58,39.3096,,38.2281
44.2804,1185.8,39.3764,,38.2125
44.2903,1224.01,39.4723,,38.2198
44.3003,1262.23,39.4739,,38.205
44.3103,1300.44,39.3945,,38.2281
44.3203,1338.68,39.3157,,38.2496
44.3303,1376.91,39.2633,,38.1972
44.3404,1415.12,39.2382,,38.2186
44.3503,1453.38,39.2017,,38.2778
44.3603,1491.59,39.1723,,38.206
44.3703,1529.79,39.1993,,38.2069
44.3803,1568.03,39.2547,,38.2299
44.3903,1606.24,39.3234,,38.2037
44.4004,1644.49,39.3349,,38.2824
44.4103,1682.74,39.3137,,38.1965
44.4203,1720.91,39.3264,,38.1733
44.4303,1759.14,39.3419,,38.2745
44.4403,1797.37,39.3107,,38.2113
44.4503,1835.58,39.2398,,38.2015
44.4604,1873.78,39.174,,38.2033
44.4704,1912.01,39.1204,,38.2343
44.4803,1950.24,39.0262,,38.2169
44.4903,1988.47,38.9491,,38.2333
44.5003,2026.69,38.8816,,38.2308
44.5103,2064.91,38.7888,,38.2409
44.5204,2103.19,38.6988,,38.2514
44.5304,2141.37,38.5944,,38.1652
44.5403,2179.57,38.4945,,38.2288
44.5503,2217.82,38.4231,,38.2282
44.5603,2256.04,38.3253,,38.2242
44.5703,2294.27,38.2276,,38.2385
44.5803,2332.5,38.1688,,38.2335
44.5904,2370.7,38.1482,,38.2175
44.6003,2409,38.1352,,38.2809
44.6103,2447.18,38.1298,,38.1328
44.6203,2485.36,38.1403,,38.2151
44.6303,2523.56,38.1344,,38.1864
44.6403,2561.8,38.1366,,38.2873
44.6504,2600.06,38.1321,,38.2452
44.6603,2638.28,38.1302,,38.1858
44.6703,2676.48,38.131,,38.1963
44.6803,2714.68,38.1461,,38.2328
44.6903,2752.98,38.2287,,38.345
44.7003,2791.21,38.3156,,38.153
44.7104,2829.38,38.3419,,38.191
44.7204,2867.6,38.3779,,38.2228
44.7303,2905.81,38.3904,,38.1679
44.7403,2944.02,38.389,,38.2727
44.7503,2982.26,38.3862,,38.2079
44.7603,3020.49,38.3918,,38.2524
44.7704,3058.71,38.3939,,38.2282
44.7804,3096.93,38.3916,,38.2038
44.7903,3135.16,38.4048,,38.2668
44.8003,3173.41,38.4154,,38.1841
44.8103,3211.62,38.4219,,38.256
44.8203,3249.85,38.4563,,38.1842
44.8303,3288.06,38.5147,,38.2261
44.8404,3326.25,38.571,,38.2195
44.8503,3364.47,38.5843,,38.2138
44.8603,3402.7,38.5318,,38.2228
44.8703,3440.94,38.5193,,38.2327
44.8803,3479.17,38.5872,,38.226
44.8903,3517.4,38.6966,,38.2247
44.9004,3555.63,38.8233,,38.2569
44.9103,3593.86,38.9519,,38.2018
44.9203,3632.06,39.1628,,38.2344
44.9303,3670.29,39.4111,,38.2291
44.9403,3708.53,39.6637,,38.1945
44.9503,3746.73,39.8653,,38.2283
44.9604,3784.93,40.0742,,38.1787
44.9704,3823.17,40.2678,,38.2547
44.9803,3861.42,40.2609,,38.2738
44.9903,3899.63,39.8598,,38.1824
45.0003,3937.82,39.6136,,38.2173
45.0103,3976.07,39.5664,,38.209
45.0204,4014.28,39.6137,,38.2829
45.0304,4052.56,39.6442,,38.2006
45.0403,4090.72,39.6576,,38.1552
45.0503,4128.95,39.6355,,38.2892
45.0603,4167.18,39.6677,,38.2029
45.0703,4205.39,39.7648,,38.2272
45.0803,4243.61,39.9942,,38.2106
45.0904,4281.84,40.2776,,38.2237
45.1003,4320.07,40.4407,,38.2268
45.1103,4358.29,40.4835,,38.1985
45.1203,4396.5,40.4254,,38.2259
45.1303,4434.73,40.3712,,38.2473
45.1403,4472.95,40.4464,,38.2192
45.1504,4511.16,40.6059,,38.1824
45.1603,4549.36,40.7414,,38.2304
45.1703,4587.61,40.8492,,38.2335
45.1803,4625.85,40.9163,,38.2436
45.1903,4664.05,40.933,,38.1748
45.2003,4702.28,40.9056,,38.2783
45.2104,4740.51,40.9064,,38.2362
45.2204,4778.73,40.9073,,38.182
45.2303,4816.91,40.9283,,38.184
45.2403,4855.13,40.8795,,38.2146
45.2503,4893.35,40.7471,,38.2136
45.2603,4931.61,40.6062,,38.316
45.2704,4969.87,40.541,,38.2195
45.2804,5008.09,40.4793,,38.2302
45.2903,5046.28,40.431,,38.1855
45.3003,5084.47,40.3711,,38.2146
45.3103,5122.76,40.2576,,38.2672
45.3203,5161,40.1604,,38.2868
45.3303,5199.28,40.1642,,38.1707
45.3404,5237.4,40.1821,,38.1474
45.3503,5275.56,40.2142,,38.2052
45.3603,5313.81,40.1832,,38.2634
45.3703,5352.12,40.0856,,38.3062
45.3803,5390.32,39.8578,,38.1367
45.3903,5428.54,39.6407,,38.2321
45.4004,5466.74,39.4687,,38.2355
45.4103,5504.96,39.2678,,38.1964
45.4203,5543.14,39.0775,,38.1905
45.4303,5581.43,38.8871,,38.3404
45.4403,5619.66,38.711,,38.1882
45.4503,5657.85,38.6118,,38.192
45.4604,5696.06,38.5727,,38.1703
45.4704,5734.29,38.5379,,38.2862
45.4803,5772.55,38.5594,,38.2411
45.4903,5810.81,38.6178,,38.2359
45.5003,5849.05,38.6497,,38.2595
45.5103,5887.21,38.6473,,38.1331
45.5204,5925.4,38.6624,,38.24
45.5304,5963.52,38.6301,,37.5755
45.5403,5986.32,23.2137,,2.30855
45.5503,5964.09,-13.8891,,-35.7227
45.5603,5924.53,-31.0572,,-40.2055
45.5703,5885.31,-35.6107,,-38.5088
45.5803,5847.12,-37.1702,,-38.0859
45.5904,5808.99,-38.1291,,-38.1809
45.6003,5770.77,-38.6262,,-38.2208
45.6103,5732.5,-38.7375,,-38.3444
45.6203,5694.23,-38.949,,-38.1832
45.6303,5656.05,-39.1279,,-38.2461
45.6403,5617.8,-39.202,,-38.237
45.6504,5579.5,-39.3347,,-38.2607
45.6603,5541.35,-39.5024,,-38.1162
45.6703,5503.19,-39.6808,,-38.1968
45.6803,5464.94,-39.7012,,-38.2579
45.6903,5426.66,-39.7918,,-38.3112
45.7003,5388.44,-39.9031,,-38.1704
45.7104,5350.28,-39.9837,,-38.2044
45.7204,5311.98,-40.2201,,-38.2646
45.7303,5273.83,-40.3969,,-38.1176
45.7403,5235.57,-40.5541,,-38.3715
45.7503,5197.29,-40.6035,,-38.1432
45.7603,5159.17,-40.6764,,-38.175
45.7704,5121,-40.8352,,-38.163
45.7804,5082.8,-40.9622,,-38.226
45.7903,5044.56,-41.0857,,-38.2692
45.8003,5006.29,-41.0562,,-38.2407
45.8103,4968.04,-41.0411,,-38.229
45.8203,4929.84,-41.0466,,-38.1873
45.8303,4891.58,-41.1541,,-38.342
45.8404,4853.33,-41.249,,-38.1797
45.8503,4815.16,-41.2995,,-38.1821
45.8603,4776.94,-41.3991,,-38.2337
45.8703,4738.7,-41.4433,,-38.2413
45.8803,4700.47,-41.4407,,-38.1905
45.8903,4662.28,-41.3898,,-38.203
45.9004,4624.03,-41.3807,,-38.2786
45.9103,4585.76,-41.285,,-38.2742
45.9203,4547.54,-41.2107,,-38.1754
45.9303,4509.39,-41.1529,,-38.1918
45.9403,4471.14,-41.0575,,-38.2367
45.9503,4432.91,-40.901,,-38.213
45.9604,4394.69,-40.7465,,-38.2255
45.9704,4356.48,-40.6544,,-38.2129
45.9803,4318.22,-40.6215,,-38.2907
45.9903,4279.91,-40.6131,,-38.3335
46.0003,4241.71,-40.5857,,-38.1118
46.0103,4203.58,-40.4651,,-38.1324
46.0204,4165.38,-40.2863,,-38.2664
46.0304,4127.13,-40.0903,,-38.2033
46.0403,4088.88,-39.9944,,-38.3264
46.0503,4050.63,-39.9235,,-38.1603
46.0603,4012.46,-39.8198,,-38.2062
46.0703,3974.23,-39.716,,-38.2522
46.0803,3935.97,-39.6537,,-38.2384
46.0904,3897.78,-39.6187,,-38.146
46.1003,3859.62,-39.5874,,-38.183
46.1103,3821.36,-39.5913,,-38.3158
46.1203,3783.12,-39.5938,,-38.1753
46.1303,3744.92,-39.6055,,-38.2253
46.1403,3706.72,-39.7067,,-38.2175
46.1504,3668.49,-39.7516,,-38.2152
46.1603,3630.27,-39.6977,,-38.2197
46.1703,3592.04,-39.5567,,-38.2214
46.1803,3553.82,-39.3807,,-38.2026
46.1903,3515.59,-39.2099,,-38.2513
46.2003,3477.31,-39.0438,,-38.3155
46.2104,3439.13,-38.8758,,-38.1251
46.2204,3400.91,-38.7772,,-38.2578
46.2303,3362.69,-38.917,,-38.1951
46.2403,3324.48,-39.0204,,-38.2115
46.2503,3286.26,-39.0114,,-38.2021
46.2603,3248.05,-38.9793,,-38.227
46.2704,3209.81,-38.9117,,-38.2577
46.2804,3171.58,-38.8236,,-38.2337
46.2903,3133.28,-38.7501,,-38.3153
46.3003,3095.08,-38.7175,,-38.1522
46.3103,3056.91,-38.6896,,-38.1667
46.3203,3018.69,-38.6713,,-38.2397
46.3303,2980.48,-38.6577,,-38.1861
46.3404,2942.26,-38.6417,,-38.2445
46.3503,2904.04,-38.6505,,-38.242
46.3603,2865.8,-38.6553,,-38.2445
46.3703,2827.56,-38.6296,,-38.2419
46.3803,2789.29,-38.6007,,-38.2175
46.3903,2751.12,-38.5662,,-38.1668
46.4004,2712.93,-38.5208,,-38.2027
46.4103,2674.67,-38.4615,,-38.3359
46.4203,2636.41,-38.408,,-38.1635
46.4303,2598.24,-38.4088,,-38.1947
46.4403,2560.03,-38.391,,-38.2445
46.4503,2521.82,-38.3916,,-38.1524
46.4604,2483.57,-38.3849,,-38.3422
46.4704,2445.32,-38.3765,,-38.176
46.4803,2407.13,-38.3741,,-38.2209
46.4903,2368.9,-38.3769,,-38.2138
46.5003,2330.67,-38.3818,,-38.2257
46.5103,2292.44,-38.3707,,-38.2337
46.5204,2254.23,-38.3801,,-38.1827
46.5304,2215.99,-38.383,,-38.2918
46.5403,2177.76,-38.3719,,-38.2135
46.5503,2139.53,-38.3826,,-38.214
46.5603,2101.35,-38.4265,,-38.1986
46.5703,2063.11,-38.4925,,-38.2466
46.5803,2024.87,-38.5547,,-38.2096
46.5904,1986.68,-38.6509,,-38.1885
46.6003,1948.47,-38.7198,,-38.2238
46.6103,1910.22,-38.7353,,-38.2679
46.6203,1871.98,-38.7586,,-38.218
46.6303,1833.81,-38.7916,,-38.1972
46.6403,1795.56,-38.8987,,-38.2217
46.6504,1757.34,-39.0049,,-38.2348
46.6603,1719.1,-39.1612,,-38.2128
46.6703,1680.89,-39.2705,,-38.2211
46.6803,1642.67,-39.3159,,-38.2299
46.6903,1604.38,-39.3936,,-38.3377
46.7003,1566.18,-39.4928,,-38.1116
46.7104,1528.02,-39.5471,,-38.2028
46.7204,1489.79,-39.6115,,-38.234
46.7303,1451.57,-39.6573,,-38.1803
46.7403,1413.34,-39.6546,,-38.2716
46.7503,1375.11,-39.6537,,-38.2104
46.7603,1336.91,-39.6098,,-38.2236
46.7704,1298.67,-39.5705,,-38.2568
46.7804,1260.45,-39.5844,,-38.1713
46.7903,1222.25,-39.6187,,-38.2288
46.8003,1184.01,-39.6249,,-38.2361
46.8103,1145.78,-39.5994,,-38.2171
46.8203,1107.56,-39.5576,,-38.222
46.8303,1069.34,-39.5349,,-38.2226
46.8404,1031.12,-39.5388,,-38.212
46.8503,992.906,-39.5705,,-38.2315
46.8603,954.677,-39.5519,,-38.2226
46.8703,916.453,-39.542,,-38.2222
46.8803,878.228,-39.4627,,-38.2264
46.8903,840.001,-39.469,,-38.2277
46.9004,801.778,-39.3954,,-38.22
46.9103,763.558,-39.4069,,-38.2175
46.9203,725.337,-39.3438,,-38.2292
46.9303,687.109,-39.3204,,-38.2197
46.9403,648.897,-39.3075,,-38.2153
46.9503,610.682,-39.3231,,-38.2174
46.9604,572.449,-39.2984,,-38.2346
46.9704,534.224,-39.2643,,-38.2197
46.9803,496,-39.1712,,-38.2278
46.9903,457.777,-39.1407,,-38.2197
47.0003,419.559,-39.0901,,-38.2184
47.0103,381.337,-39.1707,,-38.2265
47.0204,343.11,-39.0997,,-38.221
47.0304,304.889,-39.2208,,-38.2245
47.0403,266.666,-39.1452,,-38.2223
47.0503,228.443,-39.3164,,-38.2223
47.0603,190.222,-39.226,,-38.2206
47.0703,152.001,-39.409,,-38.2215
47.0803,113.778,-39.3273,,-38.2236
47.0904,75.5547,-39.43,,-38.2236
47.1003,37.3305,-39.3484,,-38.2238
47.1103,-0.891614,-39.4435,,-38.2213
47.1203,-39.1144,-39.4061,,-38.2225
47.1303,-77.3372,-39.3861,,-38.2243
47.1403,-115.559,-39.2921,,-38.2205
47.1504,-153.781,-39.2826,,-38.222
47.1603,-192.003,-39.2762,,-38.2219
47.1703,-230.226,-39.2919,,-38.2244
47.1803,-268.449,-39.3088,,-38.2208
47.1903,-306.671,-39.3225,,-38.2237
47.2003,-344.893,-39.3642,,-38.22
47.2104,-383.117,-39.4105,,-38.2266
47.2204,-421.342,-39.3955,,-38.2223
47.2303,-459.567,-39.4336,,-38.2291
47.2403,-497.791,-39.4977,,-38.2171
47.2503,-536.007,-39.5997,,-38.2217
47.2603,-574.231,-39.648,,-38.2217
47.2704,-612.451,-39.7152,,-38.2215
47.2804,-650.677,-39.7253,,-38.224
47.2903,-688.901,-39.7564,,-38.2258
47.3003,-727.124,-39.7945,,-38.2203
47.3103,-765.346,-39.8924,,-38.2232
47.3203,-803.568,-40.0196,,-38.2266
47.3303,-841.803,-40.0003,,-38.2266
47.3404,-880.011,-39.9553,,-38.2166
47.3503,-918.232,-39.8607,,-38.2099
47.3603,-956.454,-39.7818,,-38.2316
47.3703,-994.676,-39.6423,,-38.22
47.3803,-1032.9,-39.5122,,-38.2253
47.3903,-1071.12,-39.327,,-38.2219
47.4004,-1109.35,-39.1653,,-38.2229
47.4103,-1147.57,-39.1725,,-38.2252
47.4203,-1185.8,-39.2299,,-38.2226
47.4303,-1224.02,-39.1632,,-38.2232
47.4403,-1262.23,-39.0425,,-38.1962
47.4503,-1300.42,-38.9402,,-38.226
47.4604,-1338.69,-38.7785,,-38.2468
47.4704,-1376.92,-38.5857,,-38.2237
47.4803,-1415.15,-38.4287,,-38.2295
47.4903,-1453.38,-38.3862,,-38.2395
47.5003,-1491.63,-38.3869,,-38.2592
47.5103,-1529.83,-38.3979,,-38.1844
47.5204,-1568.02,-38.4206,,-38.1888
47.5304,-1606.22,-38.4782,,-38.1983
47.5403,-1644.45,-38.5075,,-38.2416
47.5503,-1682.7,-38.5639,,-38.2492
47.5603,-1720.94,-38.6026,,-38.2405
47.5703,-1759.15,-38.6014,,-38.2067
47.5803,-1797.37,-38.5471,,-38.2425
47.5904,-1835.6,-38.5054,,-38.2127
47.6003,-1873.82,-38.4262,,-38.2064
47.6103,-1912.04,-38.4023,,-38.2141
47.6203,-1950.25,-38.3927,,-38.2058
47.6303,-1988.51,-38.3938,,-38.3371
47.6403,-2026.77,-38.3866,,-38.1651
47.6504,-2064.92,-38.3976,,-38.1846
47.6603,-2103.12,-38.4321,,-38.2121
47.6703,-2141.34,-38.4981,,-38.2239
47.6803,-2179.59,-38.5712,,-38.2381
47.6903,-2217.82,-38.6292,,-38.214
47.7003,-2256.06,-38.6993,,-38.2681
47.7104,-2294.26,-38.7514,,-38.1705
47.7204,-2332.48,-38.7979,,-38.2451
47.7303,-2370.7,-38.844,,-38.237
47.7403,-2408.94,-38.9046,,-38.2046
47.7503,-2447.14,-39.0006,,-38.202
47.7603,-2485.37,-39.2101,,-38.2243
47.7704,-2523.57,-39.4855,,-38.1924
47.7804,-2561.79,-39.7941,,-38.2481
47.7903,-2600.04,-39.9985,,-38.2377
47.8003,-2638.27,-40.098,,-38.2415
47.8103,-2676.52,-40.2408,,-38.219
47.8203,-2714.69,-40.5035,,-38.1903
47.8303,-2752.94,-40.8066,,-38.2543
47.8404,-2791.12,-40.9348,,-38.1956
47.8503,-2829.36,-40.8732,,-38.2213
47.8603,-2867.58,-40.8746,,-38.2516
47.8703,-2905.85,-40.9067,,-38.2231
47.8803,-2944.05,-40.9759,,-38.2057
47.8903,-2982.26,-41.0634,,-38.2056
47.9004,-3020.51,-41.1512,,-38.2808
47.9103,-3058.74,-41.203,,-38.2285
47.9203,-3096.98,-41.2823,,-38.2178
47.9303,-3135.17,-41.3251,,-38.2278
47.9403,-3173.44,-41.3293,,-38.2085
47.9503,-3211.61,-41.2961,,-38.163
47.9604,-3249.8,-41.2237,,-38.2233
47.9704,-3288.04,-41.1694,,-38.266
47.9803,-3326.27,-41.1348,,-38.2271
47.9903,-3364.49,-41.0511,,-38.1946
48.0003,-3402.7,-40.9185,,-38.2294
48.0103,-3440.94,-40.7315,,-38.2173
48.0204,-3479.16,-40.6435,,-38.2145
48.0304,-3517.39,-40.6129,,-38.2572
48.0403,-3555.63,-40.6449,,-38.2239
48.0503,-3593.82,-40.6197,,-38.1987
48.0603,-3632.07,-40.4941,,-38.2589
48.0703,-3670.28,-40.2698,,-38.2025
48.0803,-3708.48,-40.0773,,-38.178
48.0904,-3746.69,-39.9734,,-38.2634
48.1003,-3784.96,-39.8969,,-38.2093
48.1103,-3823.15,-39.815,,-38.2028
48.1203,-3861.37,-39.6883,,-38.2457
48.1303,-3899.61,-39.5972,,-38.2319
48.1403,-3937.81,-39.5286,,-38.1795
48.1504,-3976,-39.5093,,-38.2196
48.1603,-4014.28,-39.5345,,-38.3129
48.1703,-4052.57,-39.51,,-38.2108
48.1803,-4090.73,-39.5078,,-38.1539
48.1903,-4128.93,-39.6065,,-38.2333
48.2003,-4167.16,-39.6487,,-38.2464
48.2104,-4205.45,-39.5568,,-38.2873
48.2204,-4243.63,-39.428,,-38.1512
48.2303,-4281.82,-39.288,,-38.2095
48.2403,-4320.05,-39.1555,,-38.2172
48.2503,-4358.27,-39.0218,,-38.2315
48.2603,-4396.49,-38.8826,,-38.1998
48.2704,-4434.74,-38.8412,,-38.2965
48.2804,-4473.05,-38.9919,,-38.3225
48.2903,-4511.23,-39.0639,,-38.0933
48.3003,-4549.39,-39.0353,,-38.2198
48.3103,-4587.62,-39.0099,,-38.2079
48.3203,-4625.83,-38.9671,,-38.2076
48.3303,-4664.07,-38.8453,,-38.2578
48.3404,-4702.3,-38.7253,,-38.2268
48.3503,-4740.51,-38.668,,-38.221
48.3603,-4778.72,-38.6409,,-38.2094
48.3703,-4816.94,-38.6266,,-38.2052
48.3803,-4855.15,-38.6277,,-38.216
48.3903,-4893.41,-38.641,,-38.2997
48.4004,-4931.67,-38.667,,-38.1917
48.4103,-4969.85,-38.6842,,-38.1885
48.4203,-5008.07,-38.6886,,-38.2425
48.4303,-5046.27,-38.6949,,-38.2002
48.4403,-5084.5,-38.6799,,-38.229
48.4503,-5122.73,-38.6245,,-38.2168
48.4604,-5160.95,-38.5709,,-38.2036
48.4704,-5199.18,-38.5042,,-38.2575
48.4803,-5237.41,-38.4688,,-38.1979
48.4903,-5275.69,-38.4314,,-38.3609
48.5003,-5314.03,-38.4322,,-38.3152
48.5103,-5352.2,-38.4045,,-38.1461
48.5204,-5390.36,-38.4247,,-38.1116
48.5304,-5428.54,-38.4129,,-38.2287
48.5403,-5466.75,-38.4252,,-38.1761
48.5503,-5504.92,-38.4163,,-38.1878
48.5603,-5543.19,-38.4144,,-38.3375
48.5703,-5581.44,-38.4179,,-38.2024
48.5803,-5619.67,-38.4074,,-38.2657
48.5904,-5657.91,-38.4213,,-38.2039
48.6003,-5696.11,-38.4217,,-38.2005
48.6103,-5734.32,-38.4179,,-38.1628
48.6203,-5772.52,-38.4354,,-38.2175
48.6303,-5810.71,-38.4542,,-38.2598
48.6403,-5848.97,-38.4727,,-38.2046
48.6504,-5887.2,-38.4906,,-38.2263
48.6603,-5925.39,-38.5061,,-38.1666
48.6703,-5963.53,-38.471,,-37.7616
48.6803,-5986.39,-23.3538,,-2.25625
48.6903,-5964.14,13.3305,,35.8203
48.7003,-5924.5,30.4822,,40.1907
48.7104,-5885.31,35.1196,,38.4976
48.7204,-5847.06,36.6889,,38.1943
48.7303,-5808.91,37.673,,38.1263
48.7403,-5770.7,38.1717,,38.2327
48.7503,-5732.48,38.3253,,38.2386
48.7603,-5694.26,38.4714,,38.2539
48.7704,-5656.02,38.5079,,38.2118
48.7804,-5617.72,38.4989,,38.3003
48.7903,-5579.55,38.4118,,38.1117
48.8003,-5541.4,38.3434,,38.17
48.8103,-5503.16,38.3393,,38.2767
48.8203,-5464.9,38.274,,38.2805
48.8303,-5426.69,38.2874,,38.1331
48.8404,-5388.54,38.305,,38.2349
48.8503,-5350.22,38.2823,,38.2903
48.8603,-5312.03,38.2779,,38.1204
48.8703,-5273.84,38.2845,,38.2493
48.8803,-5235.57,38.2966,,38.2434
48.8903,-5197.32,38.2617,,38.3245
48.9004,-5159.05,38.302,,38.2194
48.9103,-5120.76,38.3536,,38.3349
48.9203,-5082.56,38.3881,,38.0963
48.9303,-5044.5,38.468,,38.0606
48.9403,-5006.34,38.5148,,38.2027
48.9503,-4968.08,38.5491,,38.3019
48.9604,-4929.82,38.5462,,38.2174
48.9704,-4891.59,38.5584,,38.2609
48.9803,-4853.35,38.5681,,38.215
48.9903,-4815.17,38.5342,,38.2237
49.0003,-4776.89,38.5305,,38.251
49.0103,-4738.7,38.5103,,38.1463
49.0204,-4700.51,38.505,,38.2259
49.0304,-4662.25,38.5064,,38.2842
49.0403,-4624.02,38.5419,,38.1921
49.0503,-4585.82,38.6268,,38.2334
49.0603,-4547.55,38.6991,,38.2661
49.0703,-4509.35,38.795,,38.1798
49.0803,-4471.14,38.918,,38.2471
49.0904,-4432.88,38.9337,,38.2107
49.1003,-4394.66,38.8953,,38.234
49.1103,-4356.43,38.844,,38.2345
49.1203,-4318.26,38.9243,,38.1505
49.1303,-4280.07,39.0585,,38.2222
49.1403,-4241.83,39.2246,,38.2398
49.1504,-4203.62,39.4234,,38.21
49.1603,-4165.37,39.5899,,38.2184
49.1703,-4127.15,39.7859,,38.2514
49.1803,-4088.92,40.0432,,38.2092
49.1903,-4050.71,40.2446,,38.2214
49.2003,-4012.49,40.4208,,38.2286
49.2104,-3974.23,40.4057,,38.2836
49.2204,-3936.02,40.0748,,38.1446
49.2303,-3897.84,39.8846,,38.2113
49.2403,-3859.6,39.8108,,38.2316
49.2503,-3821.39,39.8232,,38.1978
49.2603,-3783.17,39.8677,,38.2444
49.2704,-3744.88,39.914,,38.3237
49.2804,-3706.65,39.9629,,38.183
49.2903,-3668.46,40.038,,38.1983
49.3003,-3630.25,40.1175,,38.2511
49.3103,-3591.96,40.2478,,38.2194
49.3203,-3553.79,40.3759,,38.1859
49.3303,-3515.57,40.544,,38.219
49.3404,-3477.38,40.6616,,38.202
49.3503,-3439.1,40.6574,,38.3138
49.3603,-3400.89,40.6327,,38.1633
49.3703,-3362.72,40.6853,,38.1909
49.3803,-3324.49,40.8016,,38.2448
49.3903,-3286.24,40.952,,38.2348
49.4004,-3248,41.0595,,38.2122
49.4103,-3209.81,41.1193,,38.1966
49.4203,-3171.57,41.1675,,38.2695
49.4303,-3133.35,41.1547,,38.2319
49.4403,-3095.12,41.1484,,38.2045
49.4503,-3056.9,41.1443,,38.2221
49.4604,-3018.67,41.1787,,38.2136
49.4704,-2980.47,41.2017,,38.1947
49.4803,-2942.25,41.1852,,38.2333
49.4903,-2904.02,41.144,,38.25
49.5003,-2865.8,41.0555,,38.2068
49.5103,-2827.6,40.9579,,38.2115
49.5204,-2789.36,40.9012,,38.2187
49.5304,-2751.16,40.9071,,38.2166
49.5403,-2712.88,40.8662,,38.2955
49.5503,-2674.65,40.7088,,38.1688
49.5603,-2636.47,40.5707,,38.2401
49.5703,-2598.24,40.4959,,38.215
49.5803,-2560.02,40.4264,,38.2241
49.5904,-2521.82,40.3419,,38.1726
49.6003,-2483.61,40.2231,,38.2583
49.6103,-2445.36,40.0041,,38.2522
49.6203,-2407.12,39.795,,38.1938
49.6303,-2368.92,39.6156,,38.2337
49.6403,-2330.68,39.3668,,38.1974
49.6504,-2292.48,39.1302,,38.213
49.6603,-2254.26,38.9214,,38.2231
49.6703,-2216.03,38.7437,,38.2489
49.6803,-2177.78,38.6101,,38.2555
49.6903,-2139.56,38.4858,,38.2073
49.7003,-2101.35,38.4058,,38.1998
49.7104,-2063.13,38.308,,38.2144
49.7204,-2024.89,38.268,,38.2606
49.7303,-1986.66,38.2589,,38.2005
49.7403,-1948.46,38.2609,,38.2191
49.7503,-1910.25,38.2714,,38.2175
49.7603,-1872,38.2607,,38.2617
49.7704,-1833.78,38.2732,,38.1968
49.7804,-1795.56,38.2949,,38.2374
49.7903,-1757.31,38.3402,,38.2304
49.8003,-1719.11,38.3961,,38.173
49.8103,-1680.9,38.4371,,38.2518
49.8203,-1642.67,38.4531,,38.2253
49.8303,-1604.38,38.4285,,38.3086
49.8404,-1566.21,38.361,,38.1481
49.8503,-1528,38.2914,,38.2019
49.8603,-1489.79,38.264,,38.2035
49.8703,-1451.58,38.2641,,38.222
49.8803,-1413.34,38.2664,,38.2472
49.8903,-1375.1,38.2668,,38.2228
49.9004,-1336.9,38.2794,,38.2093
49.9103,-1298.69,38.2862,,38.2494
49.9203,-1260.43,38.2785,,38.2198
49.9303,-1222.23,38.3703,,38.1984
49.9403,-1184,38.7014,,38.2328
49.9503,-1145.79,38.9801,,38.2147
49.9604,-1107.56,39.0402,,38.2238
49.9704,-1069.34,39.0135,,38.2212
49.9803,-1031.12,39.0915,,38.2243
49.9903,-992.896,39.271,,38.2212
50.0003,-954.673,39.4256,,38.2271
50.0103,-916.44,39.5887,,38.2298
50.0204,-878.232,39.7929,,38.2024
50.0304,-840.002,39.9525,,38.2358
50.0403,-801.785,40.1208,,38.2249
50.0503,-763.556,40.2213,,38.2163
50.0603,-725.335,40.2436,,38.2259
50.0703,-687.115,40.211,,38.2194
50.0803,-648.9,40.1549,,38.211
50.0904,-610.686,40.1019,,38.222
50.1003,-572.45,40.0262,,38.239
50.1103,-534.223,39.8616,,38.216
50.1203,-496.005,39.7061,,38.2241
50.1303,-457.778,39.5576,,38.2239
50.1403,-419.558,39.4673,,38.2222
50.1504,-381.33,39.392,,38.227
50.1603,-343.112,39.3346,,38.2148
50.1703,-304.89,39.265,,38.2274
50.1803,-266.666,39.2506,,38.2216
50.1903,-228.444,39.251,,38.222
50.2003,-190.222,39.2219,,38.2219
50.2104,-151.999,39.1808,,38.2224
50.2204,-113.777,39.2198,,38.2211
50.2303,-75.5547,39.2872,,38.2245
50.2403,-37.3311,39.3917,,38.2235
50.2503,0.891993,39.4951,,38.2215
50.2603,39.1142,39.5493,,38.2233
50.2704,77.3366,39.533,,38.2215
50.2804,115.559,39.4436,,38.2231
50.2903,153.783,39.497,,38.2244
50.3003,192.006,39.5425,,38.2218
50.3103,230.228,39.4523,,38.2231
50.3203,268.453,39.3615,,38.2237
50.3303,306.675,39.2622,,38.2228
50.3404,344.901,39.2231,,38.2291
50.3503,383.124,39.2425,,38.2143
50.3603,421.339,39.2735,,38.221
50.3703,459.562,39.3303,,38.2205
50.3803,497.78,39.3911,,38.2213
50.3903,536.008,39.4524,,38.2292
50.4004,574.229,39.4784,,38.2172
50.4103,612.456,39.4709,,38.2282
50.4203,650.673,39.441,,38.2111
50.4303,688.898,39.4343,,38.2345
50.4403,727.12,39.4453,,38.2219
50.4503,765.343,39.4863,,38.2078
50.4604,803.558,39.4912,,38.2341
50.4704,841.792,39.4337,,38.2303
50.4803,880.014,39.3704,,38.2185
50.4903,918.237,39.361,,38.2198
50.5003,956.46,39.3694,,38.2241
50.5103,994.682,39.3903,,38.2261
50.5204,1032.9,39.4198,,38.2133
50.5304,1071.12,39.4426,,38.2333
50.5403,1109.35,39.4472,,38.2116
50.5503,1147.57,39.4627,,38.2276
50.5603,1185.78,39.5612,,38.2122
50.5703,1224.01,39.6433,,38.2363
50.5803,1262.23,39.6313,,38.1968
50.5904,1300.44,39.5448,,38.2261
50.6003,1338.67,39.4468,,38.2252
50.6103,1376.91,39.4081,,38.2508
50.6203,1415.16,39.3671,,38.2312
50.6303,1453.38,39.338,,38.2338
50.6403,1491.59,39.3068,,38.208
50.6504,1529.8,39.3389,,38.2023
50.6603,1568,39.3903,,38.2263
50.6703,1606.26,39.4455,,38.2712
50.6803,1644.5,39.4521,,38.1879
50.6903,1682.69,39.4405,,38.1956
50.7003,1720.91,39.4542,,38.2402
50.7104,1759.14,39.4712,,38.237
50.7204,1797.37,39.4571,,38.2285
50.7303,1835.58,39.3844,,38.208
50.7403,1873.81,39.3212,,38.2035
50.7503,1912.03,39.2653,,38.2349
50.7603,1950.24,39.1621,,38.1917
50.7704,1988.45,39.0789,,38.2304
50.7804,2026.69,39.0157,,38.2464
50.7903,2064.92,38.9395,,38.2393
50.8003,2103.15,38.8341,,38.2435
50.8103,2141.39,38.7316,,38.2043
50.8203,2179.6,38.6419,,38.2211
50.8303,2217.81,38.5515,,38.1802
50.8404,2256.03,38.4646,,38.2506
50.8503,2294.25,38.3646,,38.2069
50.8603,2332.5,38.3061,,38.2775
50.8703,2370.7,38.2946,,38.177
50.8803,2408.91,38.2816,,38.238
50.8903,2447.16,38.2729,,38.2171
50.9004,2485.37,38.2707,,38.2078
50.9103,2523.57,38.2703,,38.2053
50.9203,2561.82,38.2811,,38.2849
50.9303,2600.06,38.2769,,38.1871
50.9403,2638.27,38.2801,,38.2472
50.9503,2676.5,38.2861,,38.1972
50.9604,2714.76,38.2808,,38.3381
50.9704,2752.99,38.3939,,38.1276
50.9803,2791.14,38.4733,,38.2024
50.9903,2829.36,38.5065,,38.2079
51.0003,2867.58,38.529,,38.229
51.0103,2905.83,38.5442,,38.2347
51.0204,2944.08,38.5573,,38.3117
51.0304,2982.34,38.5532,,38.1676
51.0403,3020.48,38.5421,,38.1825
51.0503,3058.71,38.5331,,38.2465
51.0603,3096.93,38.5331,,38.2098
51.0703,3135.17,38.5317,,38.272
51.0803,3173.47,38.5562,,38.215
51.0904,3211.6,38.5767,,38.14
51.1003,3249.8,38.6148,,38.2353
51.1103,3288.09,38.6717,,38.34
51.1203,3326.31,38.7012,,38.1421
51.1303,3364.48,38.6838,,38.2148
51.1403,3402.7,38.6658,,38.1818
51.1504,3440.92,38.6694,,38.2654
51.1603,3479.17,38.7538,,38.1993
51.1703,3517.36,38.8661,,38.1986
51.1803,3555.57,39.0026,,38.2333
51.1903,3593.8,39.1317,,38.2368
51.2003,3632.05,39.3105,,38.2456
51.2104,3670.26,39.5291,,38.1947
51.2204,3708.48,39.7702,,38.2336
51.2303,3746.72,39.9668,,38.2178
51.2403,3784.94,40.1919,,38.2335
51.2503,3823.17,40.4304,,38.2269
51.2603,3861.41,40.4355,,38.2424
51.2704,3899.6,40.0539,,38.1932
51.2804,3937.82,39.8016,,38.2242
51.2903,3976.04,39.7262,,38.22
51.3003,4014.27,39.7563,,38.2133
51.3103,4052.51,39.79,,38.2661
51.3203,4090.78,39.7994,,38.2504
51.3303,4128.96,39.77,,38.1652
51.3404,4167.23,39.8061,,38.3424
51.3503,4205.44,39.9037,,38.1123
51.3603,4243.57,40.1398,,38.2011
51.3703,4281.83,40.4067,,38.218
51.3803,4320.05,40.5731,,38.23
51.3903,4358.26,40.6218,,38.1974
51.4004,4396.5,40.5677,,38.282
51.4103,4434.73,40.5012,,38.2142
51.4203,4472.94,40.5885,,38.1892
51.4303,4511.12,40.7258,,38.2022
51.4403,4549.35,40.8606,,38.2157
51.4503,4587.58,40.9728,,38.2298
51.4604,4625.83,41.0436,,38.2725
51.4704,4664.09,41.0667,,38.2215
51.4803,4702.27,41.0476,,38.1946
51.4903,4740.53,41.0575,,38.2803
51.5003,4778.73,41.0636,,38.1984
51.5103,4816.97,41.086,,38.2472
51.5204,4855.2,41.0528,,38.2087
51.5304,4893.39,40.9103,,38.1493
51.5403,4931.58,40.7749,,38.2336
51.5503,4969.82,40.7122,,38.2384
51.5603,5008.11,40.6622,,38.3349
51.5703,5046.31,40.6118,,38.1456
51.5803,5084.52,40.56,,38.2422
51.5904,5122.73,40.4451,,38.1553
51.6003,5160.93,40.3117,,38.2218
51.6103,5199.12,40.2147,,38.1705
51.6203,5237.37,40.2187,,38.3294
51.6303,5275.64,40.2631,,38.1965
51.6403,5313.79,40.3009,,38.2157
51.6504,5352.07,40.2358,,38.2412
51.6603,5390.32,40.0069,,38.2596
51.6703,5428.54,39.8234,,38.2167
51.6803,5466.74,39.6754,,38.138
51.6903,5504.97,39.4941,,38.311
51.7003,5543.17,39.2854,,38.1179
51.7104,5581.37,39.1138,,38.2962
51.7204,5619.66,39.0433,,38.2835
51.7303,5657.98,39.0959,,38.2864
51.7403,5696.13,39.011,,38.074
51.7503,5734.27,38.9182,,38.207
51.7603,5772.5,38.8501,,38.2493
51.7704,5810.74,38.7997,,38.2364
51.7804,5849.05,38.791,,38.3461
51.7903,5887.38,38.7946,,38.3197
51.8003,5925.51,38.7955,,38.019
51.8103,5963.54,38.7645,,37.6226
51.8203,5986.34,23.3119,,2.26866
51.8303,5964.06,-13.9066,,-35.7823
51.8404,5924.56,-31.1302,,-40.1727
51.8503,5885.26,-35.73,,-38.5462
51.8603,5847.13,-37.2915,,-37.9934
51.8703,5809.02,-38.2666,,-38.2237
51.8803,5770.78,-38.7604,,-38.2256
51.8903,5732.51,-38.9065,,-38.2446
51.9004,5694.24,-39.1275,,-38.363
51.9103,5656,-39.2679,,-38.1298
51.9203,5617.83,-39.357,,-38.2557
51.9303,5579.51,-39.4244,,-38.2772
51.9403,5541.36,-39.5687,,-38.094
51.9503,5503.13,-39.7335,,-38.3109
51.9604,5464.91,-39.7662,,-38.1834
51.9704,5426.69,-39.8845,,-38.2325
51.9803,5388.52,-39.9989,,-38.2086
51.9903,5350.2,-40.1309,,-38.3345
52.0003,5311.88,-40.3662,,-38.2599
52.0103,5273.75,-40.5534,,-38.0503
52.0204,5235.54,-40.6967,,-38.3628
52.0304,5197.25,-40.7432,,-38.1966
52.0403,5159.13,-40.8137,,-38.1262
52.0503,5120.93,-40.9388,,-38.2289
52.0603,5082.64,-41.0544,,-38.2972
52.0703,5044.5,-41.1581,,-38.0652
52.0803,5006.34,-41.1663,,-38.2249
52.0904,4968.08,-41.133,,-38.2603
52.1003,4929.83,-41.149,,-38.2343
52.1103,4891.56,-41.2458,,-38.3231
52.1203,4853.23,-41.3291,,-38.3347
52.1303,4815.06,-41.3761,,-38.0705
52.1403,4776.92,-41.4383,,-38.2209
52.1504,4738.63,-41.4821,,-38.2418
52.1603,4700.46,-41.4985,,-38.1602
52.1703,4662.27,-41.4906,,-38.2054
52.1803,4624.01,-41.4656,,-38.3221
52.1903,4585.78,-41.4106,,-38.1561
52.2003,4547.61,-41.3328,,-38.2021
52.2104,4509.39,-41.2812,,-38.2264
52.2204,4471.15,-41.1773,,-38.2446
52.2303,4432.93,-41.0316,,-38.1807
52.2403,4394.71,-40.8762,,-38.2299
52.2503,4356.5,-40.7785,,-38.2053
52.2603,4318.26,-40.7421,,-38.2781
52.2704,4279.96,-40.7366,,-38.3087
52.2804,4241.77,-40.7003,,-38.1392
52.2903,4203.59,-40.5905,,-38.2028
52.3003,4165.36,-40.3932,,-38.2271
52.3103,4127.12,-40.2263,,-38.2526
52.3203,4088.9,-40.1164,,-38.1613
52.3303,4050.74,-40.0478,,-38.2037
52.3404,4012.51,-39.948,,-38.248
52.3503,3974.28,-39.8315,,-38.2257
52.3603,3936.04,-39.7739,,-38.2704
52.3703,3897.73,-39.7273,,-38.2385
52.3803,3859.58,-39.7028,,-38.1497
52.3903,3821.37,-39.7117,,-38.2384
52.4004,3783.14,-39.7203,,-38.2053
52.4103,3744.9,-39.7393,,-38.2958
52.4203,3706.58,-39.827,,-38.3194
52.4303,3668.41,-39.8727,,-38.1026
52.4403,3630.25,-39.7975,,-38.2374
52.4503,3591.95,-39.6641,,-38.233
52.4604,3553.79,-39.4933,,-38.1479
52.4704,3515.6,-39.3359,,-38.2285
52.4803,3477.32,-39.1868,,-38.3395
52.4903,3439.1,-39.0036,,-38.1189
52.5003,3400.95,-38.9401,,-38.2003
52.5103,3362.72,-39.036,,-38.2259
52.5204,3324.48,-39.1298,,-38.233
52.5304,3286.26,-39.111,,-38.2119
52.5403,3248.03,-39.0755,,-38.2342
52.5503,3209.81,-39.0275,,-38.2189
52.5603,3171.57,-38.966,,-38.2548
52.5703,3133.36,-38.9233,,-38.2098
52.5803,3095.12,-38.8906,,-38.2628
52.5904,3056.87,-38.8517,,-38.21
52.6003,3018.66,-38.8266,,-38.2221
52.6103,2980.41,-38.801,,-38.26
52.6203,2942.19,-38.7928,,-38.1781
52.6303,2903.98,-38.8067,,-38.2474
52.6403,2865.78,-38.8131,,-38.199
52.6504,2827.57,-38.7922,,-38.1846
52.6603,2789.37,-38.7685,,-38.2301
52.6703,2751.11,-38.7356,,-38.2957
52.6803,2712.82,-38.701,,-38.1926
52.6903,2674.67,-38.6294,,-38.1707
52.7003,2636.42,-38.5768,,-38.3248
52.7104,2598.2,-38.5478,,-38.1489
52.7204,2560.01,-38.5376,,-38.2376
52.7303,2521.8,-38.5282,,-38.1597
52.7403,2483.61,-38.5175,,-38.2379
52.7503,2445.36,-38.5116,,-38.2575
52.7603,2407.12,-38.5035,,-38.228
52.7704,2368.88,-38.5043,,-38.2572
52.7804,2330.63,-38.5,,-38.194
52.7903,2292.45,-38.516,,-38.1788
52.8003,2254.25,-38.5126,,-38.2216
52.8103,2216.01,-38.5166,,-38.2453
52.8203,2177.8,-38.5173,,-38.2173
52.8303,2139.58,-38.5126,,-38.2205
52.8404,2101.36,-38.513,,-38.2194
52.8503,2063.14,-38.5699,,-38.2007
52.8603,2024.92,-38.6417,,-38.2269
52.8703,1986.68,-38.7463,,-38.2509
52.8803,1948.39,-38.8122,,-38.3427
52.8903,1910.15,-38.8583,,-38.1388
52.9004,1872.01,-38.865,,-38.174
52.9103,1833.81,-38.9156,,-38.2224
52.9203,1795.57,-39.0113,,-38.2126
52.9303,1757.36,-39.1204,,-38.2097
52.9403,1719.13,-39.2796,,-38.2378
52.9503,1680.89,-39.3872,,-38.2468
52.9604,1642.65,-39.4401,,-38.2279
52.9704,1604.45,-39.5232,,-38.2161
52.9803,1566.23,-39.638,,-38.227
52.9903,1528,-39.7547,,-38.2233
53.0003,1489.78,-39.8095,,-38.2008
53.0103,1451.56,-39.7875,,-38.233
53.0204,1413.32,-39.7765,,-38.2303
53.0304,1375.1,-39.7792,,-38.2287
53.0403,1336.9,-39.7451,,-38.2004
53.0503,1298.68,-39.717,,-38.2369
53.0603,1260.45,-39.7271,,-38.2094
53.0703,1222.24,-39.7657,,-38.2116
53.0803,1184.02,-39.7802,,-38.2269
53.0904,1145.79,-39.756,,-38.2273
53.1003,1107.57,-39.7136,,-38.2215
53.1103,1069.34,-39.6905,,-38.2227
53.1203,1031.12,-39.6922,,-38.2209
53.1303,992.888,-39.7076,,-38.2371
53.1403,954.677,-39.6986,,-38.2106
53.1504,916.453,-39.6777,,-38.2099
53.1603,878.243,-39.6278,,-38.2263
53.1703,840.007,-39.58,,-38.2403
53.1803,801.782,-39.5619,,-38.2124
53.1903,763.569,-39.5286,,-38.2125
53.2003,725.351,-39.4965,,-38.2255
53.2104,687.122,-39.4553,,-38.2314
53.2204,648.888,-39.4182,,-38.2275
53.2303,610.68,-39.4058,,-38.2092
53.2403,572.453,-39.3921,,-38.232
53.2503,534.229,-39.3519,,-38.2164
53.2603,496.008,-39.2906,,-38.2249
53.2704,457.781,-39.2331,,-38.2276
53.2804,419.556,-39.2144,,-38.2235
53.2903,381.333,-39.2272,,-38.2233
53.3003,343.111,-39.2564,,-38.222
53.3103,304.887,-39.2982,,-38.2241
53.3203,266.666,-39.3773,,-38.2174
53.3303,228.444,-39.4547,,-38.2262
53.3404,190.219,-39.4921,,-38.2239
53.3503,151.997,-39.5252,,-38.2205
53.3603,113.776,-39.5434,,-38.2218
53.3703,75.5542,-39.5303,,-38.2213
53.3803,37.332,-39.5462,,-38.2234
53.3903,-0.891486,-39.5578,,-38.2233
53.4004,-39.1144,-39.5565,,-38.2229
53.4103,-77.337,-39.5086,,-38.2234
53.4203,-115.56,-39.4347,,-38.2199
53.4303,-153.782,-39.3875,,-38.2256
53.4403,-192.006,-39.3888,,-38.2234
53.4503,-230.228,-39.4084,,-38.2199
53.4604,-268.451,-39.415,,-38.2239
53.4704,-306.673,-39.4243,,-38.2206
53.4803,-344.895,-39.4935,,-38.2221
53.4903,-383.116,-39.5252,,-38.225
53.5003,-421.343,-39.5196,,-38.2251
53.5103,-459.565,-39.5369,,-38.2229
53.5204,-497.789,-39.6188,,-38.2208
53.5304,-536.007,-39.6991,,-38.2166
53.5403,-574.228,-39.7945,,-38.2275
53.5503,-612.453,-39.8303,,-38.2207
53.5603,-650.681,-39.8431,,-38.2308
53.5703,-688.904,-39.8796,,-38.2201
53.5803,-727.127,-39.9264,,-38.227
53.5904,-765.35,-40.0175,,-38.2172
53.6003,-803.572,-40.1485,,-38.2257
53.6103,-841.789,-40.1491,,-38.2067
53.6203,-880.009,-40.0745,,-38.2367
53.6303,-918.23,-39.9859,,-38.2083
53.6403,-956.461,-39.8835,,-38.2357
53.6504,-994.685,-39.7589,,-38.2343
53.6603,-1032.91,-39.624,,-38.2081
53.6703,-1071.12,-39.4453,,-38.2199
53.6803,-1109.35,-39.2837,,-38.229
53.6903,-1147.57,-39.3161,,-38.2184
53.7003,-1185.79,-39.3675,,-38.2231
53.7104,-1224.02,-39.292,,-38.2175
53.7204,-1262.22,-39.1629,,-38.1826
53.7303,-1300.41,-39.0452,,-38.2543
53.7403,-1338.69,-38.8845,,-38.225
53.7503,-1376.93,-38.6918,,-38.2823
53.7603,-1415.16,-38.5591,,-38.1754
53.7704,-1453.36,-38.5279,,-38.2241
53.7804,-1491.58,-38.518,,-38.2318
53.7903,-1529.79,-38.5262,,-38.2076
53.8003,-1568.01,-38.5538,,-38.2262
53.8103,-1606.25,-38.5958,,-38.2334
53.8203,-1644.48,-38.6497,,-38.2177
53.8303,-1682.69,-38.7135,,-38.197
53.8404,-1720.91,-38.7605,,-38.2491
53.8503,-1759.13,-38.7438,,-38.2271
53.8603,-1797.41,-38.6982,,-38.2961
53.8703,-1835.62,-38.634,,-38.1731
53.8803,-1873.81,-38.551,,-38.1859
53.8903,-1912.03,-38.5221,,-38.2326
53.9004,-1950.25,-38.5254,,-38.1992
53.9103,-1988.5,-38.5271,,-38.2894
53.9203,-2026.71,-38.5231,,-38.1784
53.9303,-2064.92,-38.5224,,-38.224
53.9403,-2103.13,-38.5629,,-38.2286
53.9503,-2141.38,-38.6351,,-38.2365
53.9604,-2179.61,-38.6929,,-38.2104
53.9704,-2217.83,-38.7613,,-38.2179
53.9803,-2256.04,-38.8138,,-38.208
53.9903,-2294.25,-38.8794,,-38.2138
54.0003,-2332.47,-38.9293,,-38.2413
54.0103,-2370.69,-38.9655,,-38.2331
54.0204,-2408.92,-39.0196,,-38.1875
54.0304,-2447.13,-39.1334,,-38.2435
54.0403,-2485.37,-39.396,,-38.2094
54.0503,-2523.57,-39.7226,,-38.2129
54.0603,-2561.82,-39.9701,,-38.2823
54.0703,-2600.06,-40.1311,,-38.1868
54.0803,-2638.27,-40.2098,,-38.2472
54.0904,-2676.49,-40.3623,,-38.1776
54.1003,-2714.68,-40.6095,,-38.2245
54.1103,-2752.93,-40.9524,,-38.2616
54.1203,-2791.23,-41.0976,,-38.305
54.1303,-2829.42,-41.054,,-38.1468
54.1403,-2867.59,-41.0148,,-38.1672
54.1504,-2905.82,-41.0443,,-38.2995
54.1603,-2944.08,-41.1235,,-38.1635
54.1703,-2982.26,-41.1935,,-38.2239
54.1803,-3020.49,-41.2542,,-38.2521
54.1903,-3058.71,-41.3117,,-38.2203
54.2003,-3096.94,-41.3503,,-38.2353
54.2104,-3135.16,-41.3959,,-38.182
54.2204,-3173.37,-41.4255,,-38.2168
54.2303,-3211.57,-41.3937,,-38.1977
54.2403,-3249.83,-41.3325,,-38.2719
54.2503,-3288.02,-41.2929,,-38.1795
54.2603,-3326.26,-41.2843,,-38.2799
54.2704,-3364.48,-41.1929,,-38.1776
54.2804,-3402.69,-41.0505,,-38.218
54.2903,-3440.91,-40.8898,,-38.2262
54.3003,-3479.17,-40.7907,,-38.309
54.3103,-3517.45,-40.7426,,-38.1759
54.3203,-3555.6,-40.7702,,-38.1918
54.3303,-3593.82,-40.747,,-38.2508
54.3404,-3632.05,-40.6121,,-38.2268
54.3503,-3670.26,-40.3897,,-38.1734
54.3603,-3708.45,-40.2073,,-38.2412
54.3703,-3746.72,-40.0872,,-38.2276
54.3803,-3784.92,-40.0347,,-38.1961
54.3903,-3823.16,-39.9569,,-38.2672
54.4004,-3861.4,-39.8166,,-38.2318
54.4103,-3899.61,-39.7081,,-38.2107
54.4203,-3937.82,-39.6625,,-38.2028
54.4303,-3976.04,-39.685,,-38.2369
54.4403,-4014.27,-39.714,,-38.1991
54.4503,-4052.49,-39.7095,,-38.234
54.4604,-4090.7,-39.6771,,-38.1895
54.4704,-4128.92,-39.7596,,-38.2615
54.4803,-4167.23,-39.7919,,-38.3421
54.4903,-4205.45,-39.6977,,-38.1428
54.5003,-4243.6,-39.5525,,-38.1692
54.5103,-4281.82,-39.3782,,-38.2696
54.5204,-4320.13,-39.228,,-38.3205
54.5304,-4358.36,-39.0825,,-38.1186
54.5403,-4396.57,-38.9357,,-38.3041
54.5503,-4434.79,-38.9387,,-38.154
54.5603,-4472.93,-39.0807,,-38.1587
54.5703,-4511.14,-39.1442,,-38.2435
54.5803,-4549.4,-39.1309,,-38.2658
54.5904,-4587.64,-39.1048,,-38.1791
54.6003,-4625.82,-39.0532,,-38.201
54.6103,-4664.05,-38.9332,,-38.236
54.6203,-4702.25,-38.8335,,-38.2096
54.6303,-4740.51,-38.7905,,-38.2741
54.6403,-4778.7,-38.7703,,-38.1932
54.6504,-4816.94,-38.7718,,-38.2054
54.6603,-4855.14,-38.7816,,-38.2222
54.6703,-4893.39,-38.7909,,-38.2188
54.6803,-4931.6,-38.7953,,-38.2225
54.6903,-4969.84,-38.7917,,-38.266
54.7003,-5008.13,-38.8001,,-38.2871
54.7104,-5046.31,-38.8226,,-38.1588
54.7204,-5084.52,-38.8116,,-38.255
54.7303,-5122.83,-38.7656,,-38.2502
54.7403,-5161,-38.7136,,-38.1532
54.7503,-5199.23,-38.6553,,-38.3073
54.7603,-5237.45,-38.6204,,-38.119
54.7704,-5275.59,-38.5882,,-38.2465
54.7804,-5313.84,-38.5535,,-38.216
54.7903,-5352.06,-38.5525,,-38.1883
54.8003,-5390.29,-38.5337,,-38.3363
54.8103,-5428.57,-38.5374,,-38.1414
54.8203,-5466.71,-38.5409,,-38.1747
54.8303,-5504.88,-38.5489,,-38.1852
54.8404,-5543.2,-38.5526,,-38.3457
54.8503,-5581.39,-38.5524,,-38.1916
54.8603,-5619.69,-38.5529,,-38.2956
54.8703,-5657.84,-38.56,,-38.0796
54.8803,-5696.02,-38.5391,,-38.247
54.8903,-5734.27,-38.5401,,-38.2169
54.9004,-5772.49,-38.5442,,-38.2228
54.9103,-5810.71,-38.5739,,-38.2229
54.9203,-5848.89,-38.5963,,-38.216
54.9303,-5887.2,-38.6201,,-38.3147
54.9403,-5925.43,-38.6313,,-38.2025
54.9503,-5963.56,-38.5951,,-37.6916
54.9604,-5986.42,-23.4505,,-2.32382
54.9704,-5964.24,13.3399,,35.7484
54.9803,-5924.64,30.5691,,40.2276
54.9903,-5885.38,35.2195,,38.5498
55.0003,-5847.13,36.8006,,38.1371
55.0103,-5808.9,37.7689,,38.3458
55.0204,-5770.62,38.2598,,38.1557
55.0304,-5732.5,38.3883,,38.1499
55.0403,-5694.27,38.5712,,38.334
55.0503,-5656.02,38.6214,,38.1465
55.0603,-5617.83,38.617,,38.2371
55.0703,-5579.58,38.5325,,38.2208
55.0803,-5541.41,38.467,,38.156
55.0904,-5503.12,38.4726,,38.3835
55.1003,-5464.77,38.3942,,38.3369
55.1103,-5426.55,38.4214,,38.1046
55.1203,-5388.47,38.4505,,38.1441
55.1303,-5350.19,38.402,,38.287
55.1403,-5312.03,38.4153,,38.1
55.1504,-5273.83,38.4448,,38.2469
55.1603,-5235.56,38.4782,,38.3333
55.1703,-5197.22,38.4926,,38.3355
55.1803,-5158.98,38.5538,,38.1412
55.1903,-5120.73,38.636,,38.3357
55.2003,-5082.53,38.6844,,38.118
55.2104,-5044.46,38.8018,,38.0209
55.2204,-5006.34,38.9028,,38.2111
55.2303,-4968.07,38.9454,,38.2779
55.2403,-4929.78,38.906,,38.3115
55.2503,-4891.55,38.8613,,38.1604
55.2603,-4853.35,38.8242,,38.2482
55.2704,-4815.12,38.7674,,38.1966
55.2804,-4776.94,38.7532,,38.2277
55.2903,-4738.68,38.7251,,38.2228
55.3003,-4700.5,38.7078,,38.1649
55.3103,-4662.26,38.7008,,38.3159
55.3203,-4624,38.7346,,38.1855
55.3303,-4585.82,38.8082,,38.2148
55.3404,-4547.6,38.8568,,38.2341
55.3503,-4509.37,38.9183,,38.1871
55.3603,-4471.17,39.0258,,38.2324
55.3703,-4432.93,39.1175,,38.2054
55.3803,-4394.72,39.0636,,38.2379
55.3903,-4356.49,38.9755,,38.2037
55.4004,-4318.27,39.0556,,38.2614
55.4103,-4280.04,39.197,,38.2221
55.4203,-4241.81,39.3384,,38.2069
55.4303,-4203.62,39.5341,,38.1992
55.4403,-4165.4,39.7043,,38.2132
55.4503,-4127.16,39.9151,,38.2552
55.4604,-4088.92,40.197,,38.2145
55.4704,-4050.69,40.4107,,38.2454
55.4803,-4012.48,40.6114,,38.2185
55.4903,-3974.24,40.6031,,38.242
55.5003,-3936.02,40.2809,,38.2218
55.5103,-3897.77,40.0727,,38.2654
55.5204,-3859.53,40.0077,,38.1825
55.5304,-3821.36,40.0133,,38.1652
55.5403,-3783.11,40.057,,38.3274
55.5503,-3744.87,40.0905,,38.1898
55.5603,-3706.7,40.1308,,38.1673
55.5703,-3668.5,40.1866,,38.228
55.5803,-3630.27,40.2588,,38.2083
55.5904,-3592.02,40.3895,,38.3024
55.6003,-3553.73,40.5125,,38.1903
55.6103,-3515.58,40.6632,,38.1892
55.6203,-3477.38,40.7877,,38.2149
55.6303,-3439.12,40.7812,,38.2721
55.6403,-3400.93,40.7582,,38.1961
55.6504,-3362.69,40.8182,,38.1963
55.6603,-3324.5,40.9474,,38.2197
55.6703,-3286.24,41.1003,,38.2506
55.6803,-3248,41.2158,,38.2312
55.6903,-3209.81,41.2865,,38.188
55.7003,-3171.6,41.3416,,38.2421
55.7104,-3133.37,41.3512,,38.2472
55.7204,-3095.13,41.3431,,38.2077
55.7303,-3056.91,41.3355,,38.2667
55.7403,-3018.62,41.3602,,38.1941
55.7503,-2980.46,41.3566,,38.1774
55.7603,-2942.24,41.3376,,38.2679
55.7704,-2904.01,41.2758,,38.2182
55.7804,-2865.8,41.199,,38.1984
55.7903,-2827.61,41.1098,,38.2221
55.8003,-2789.33,41.062,,38.2462
55.8103,-2751.14,41.0639,,38.1627
55.8203,-2712.92,41.0252,,38.2572
55.8303,-2674.67,40.8864,,38.2425
55.8404,-2636.46,40.7284,,38.2049
55.8503,-2598.28,40.6301,,38.1858
55.8603,-2560.03,40.5439,,38.2809
55.8703,-2521.8,40.4413,,38.1754
55.8803,-2483.62,40.3376,,38.2286
55.8903,-2445.36,40.1176,,38.2684
55.9004,-2407.09,39.908,,38.2337
55.9103,-2368.91,39.7282,,38.1782
55.9203,-2330.69,39.5315,,38.2355
55.9303,-2292.46,39.2815,,38.1956
55.9403,-2254.24,39.047,,38.2374
55.9503,-2216.03,38.8632,,38.2245
55.9604,-2177.79,38.7175,,38.2397
55.9704,-2139.56,38.6133,,38.252
55.9803,-2101.25,38.5166,,38.278
55.9903,-2063.09,38.4379,,38.1251
56.0003,-2024.92,38.4043,,38.1923
56.0103,-1986.69,38.3885,,38.2515
56.0204,-1948.46,38.3922,,38.2194
56.0304,-1910.19,38.3917,,38.3075
56.0403,-1871.99,38.3982,,38.1675
56.0503,-1833.78,38.4035,,38.1953
56.0603,-1795.59,38.4298,,38.2069
56.0703,-1757.35,38.4862,,38.2508
56.0803,-1719.1,38.5508,,38.2254
56.0904,-1680.9,38.5897,,38.1919
56.1003,-1642.68,38.6015,,38.2435
56.1103,-1604.46,38.573,,38.2284
56.1203,-1566.24,38.5145,,38.2178
56.1303,-1528.01,38.4278,,38.2387
56.1403,-1489.78,38.3974,,38.189
56.1504,-1451.57,38.3998,,38.2321
56.1603,-1413.35,38.3976,,38.2015
56.1703,-1375.13,38.3905,,38.2436
56.1803,-1336.89,38.3932,,38.2564
56.1903,-1298.65,38.3907,,38.2151
56.2003,-1260.46,38.3919,,38.1779
56.2104,-1222.25,38.4739,,38.2389
56.2204,-1184.01,38.6531,,38.2285
56.2303,-1145.78,38.8996,,38.2293
56.2403,-1107.56,39.0762,,38.2207
56.2503,-1069.33,39.1267,,38.2252
56.2603,-1031.11,39.2484,,38.21
56.2704,-992.902,39.4314,,38.2232
56.2804,-954.677,39.6039,,38.2286
56.2903,-916.452,39.784,,38.2172
56.3003,-878.227,40.0245,,38.2299
56.3103,-840.005,40.1832,,38.216
56.3203,-801.784,40.2953,,38.2299
56.3303,-763.567,40.3851,,38.2016
56.3404,-725.342,40.4332,,38.236
56.3503,-687.124,40.3782,,38.2239
56.3603,-648.895,40.2909,,38.2195
56.3703,-610.68,40.2473,,38.2185
56.3803,-572.452,40.2449,,38.2298
56.3903,-534.227,40.146,,38.2226
56.4004,-496.002,39.9134,,38.2238
56.4103,-457.781,39.7111,,38.2225
56.4203,-419.558,39.6211,,38.2235
56.4303,-381.332,39.528,,38.2214
56.4403,-343.112,39.4576,,38.2266
56.4503,-304.887,39.4054,,38.2179
56.4604,-266.667,39.3735,,38.2239
56.4704,-228.445,39.3964,,38.2218
56.4803,-190.223,39.3462,,38.2211
56.4903,-152.002,39.3263,,38.2227
56.5003,-113.776,39.3467,,38.2252
56.5103,-75.5535,39.4024,,38.2226
56.5204,-37.3309,39.5147,,38.2218
56.5304,0.892013,39.6066,,38.2234
56.5403,39.114,39.6526,,38.2223
56.5503,77.336,39.6218,,38.2216
56.5603,115.559,39.5266,,38.223
56.5703,153.782,39.498,,38.223
56.5803,192.004,39.4563,,38.2211
56.5904,230.225,39.4365,,38.2225
56.6003,268.448,39.4536,,38.2227
56.6103,306.672,39.3772,,38.2242
56.6203,344.893,39.3497,,38.2195
56.6303,383.117,39.3586,,38.2287
56.6403,421.343,39.3875,,38.2206
56.6504,459.563,39.4454,,38.2213
56.6603,497.784,39.4893,,38.2213
56.6703,536.007,39.5014,,38.224
56.6803,574.229,39.5238,,38.2191
56.6903,612.449,39.5469,,38.2234
56.7003,650.675,39.5346,,38.221
56.7104,688.9,39.5227,,38.2269
56.7204,727.119,39.563,,38.2293
56.7303,765.35,39.5823,,38.2191
56.7403,803.577,39.5919,,38.2299
56.7503,841.789,39.5668,,38.2069
56.7603,880.008,39.4968,,38.2255
56.7704,918.232,39.4549,,38.2214
56.7804,956.455,39.4845,,38.2277
56.7903,994.681,39.5063,,38.2242
56.8003,1032.9,39.5276,,38.2181
56.8103,1071.13,39.5548,,38.2292
56.8203,1109.34,39.5754,,38.2018
56.8303,1147.57,39.6219,,38.2343
56.8404,1185.78,39.6995,,38.2305
56.8503,1224.02,39.7553,,38.2247
56.8603,1262.24,39.761,,38.1959
56.8703,1300.42,39.6747,,38.2344
56.8803,1338.69,39.5786,,38.2415
56.8903,1376.91,39.5306,,38.2018
56.9004,1415.13,39.4934,,38.2358
56.9103,1453.37,39.4607,,38.2388
56.9203,1491.57,39.4597,,38.2037
56.9303,1529.79,39.5033,,38.227
56.9403,1568.02,39.5349,,38.2308
56.9503,1606.25,39.5957,,38.1914
56.9604,1644.46,39.6065,,38.2302
56.9704,1682.7,39.5877,,38.2399
56.9803,1720.9,39.5894,,38.1982
56.9903,1759.12,39.6122,,38.2449
57.0003,1797.35,39.5911,,38.2185
57.0103,1835.56,39.5057,,38.2357
57.0204,1873.82,39.4568,,38.2362
57.0304,1912.04,39.4027,,38.2043
57.0403,1950.25,39.3136,,38.2017
57.0503,1988.47,39.2272,,38.2265
57.0603,2026.7,39.1625,,38.2457
57.0703,2064.92,39.078,,38.2337
57.0803,2103.15,38.9734,,38.2136
57.0904,2141.36,38.884,,38.2185
57.1003,2179.6,38.7782,,38.2258
57.1103,2217.82,38.6959,,38.1957
57.1203,2256.03,38.6081,,38.2364
57.1303,2294.25,38.4901,,38.2153
57.1403,2332.48,38.4304,,38.2502
57.1504,2370.71,38.4112,,38.2132
57.1603,2408.92,38.4021,,38.2445
57.1703,2447.17,38.4053,,38.2036
57.1803,2485.38,38.406,,38.2249
57.1903,2523.59,38.4055,,38.1799
57.2003,2561.8,38.4078,,38.259
57.2104,2600.05,38.4007,,38.2167
57.2204,2638.27,38.406,,38.2419
57.2303,2676.49,38.4044,,38.1876
57.2403,2714.75,38.4105,,38.3363
57.2503,2752.97,38.4974,,38.1374
57.2603,2791.14,38.5543,,38.2094
57.2704,2829.37,38.6009,,38.2561
57.2804,2867.67,38.6286,,38.247
57.2903,2905.83,38.6394,,38.1436
57.3003,2944.06,38.6452,,38.321
57.3103,2982.34,38.655,,38.1766
57.3203,3020.47,38.6541,,38.1639
57.3303,3058.7,38.6528,,38.2663
57.3404,3096.91,38.6545,,38.202
57.3503,3135.15,38.6669,,38.2281
57.3603,3173.37,38.6774,,38.2079
57.3703,3211.61,38.687,,38.2757
57.3803,3249.85,38.734,,38.1915
57.3903,3288.04,38.7905,,38.2037
57.4004,3326.27,38.811,,38.2572
57.4103,3364.48,38.7994,,38.2083
57.4203,3402.71,38.7793,,38.219
57.4303,3440.94,38.7624,,38.2284
57.4403,3479.16,38.8688,,38.1882
57.4503,3517.38,38.9959,,38.2393
57.4604,3555.58,39.1282,,38.1935
57.4704,3593.81,39.2496,,38.2682
57.4803,3632.04,39.4575,,38.2144
57.4903,3670.26,39.6951,,38.2469
57.5003,3708.57,39.9146,,38.2571
57.5103,3746.73,40.103,,38.1404
57.5204,3784.96,40.3118,,38.3163
57.5304,3823.21,40.5148,,38.1594
57.5403,3861.37,40.5731,,38.2055
57.5503,3899.57,40.2347,,38.208
57.5603,3937.83,39.9374,,38.2708
57.5703,3976.06,39.8489,,38.2305
57.5803,4014.31,39.8776,,38.2051
57.5904,4052.51,39.9579,,38.1979
57.6003,4090.76,39.967,,38.2902
57.6103,4129,39.9439,,38.222
57.6203,4167.16,39.9758,,38.1557
57.6303,4205.35,40.0738,,38.2105
57.6403,4243.6,40.3357,,38.2428
57.6504,4281.82,40.5573,,38.1997
57.6603,4320.04,40.7143,,38.2371
57.6703,4358.27,40.7613,,38.2228
57.6803,4396.49,40.6659,,38.1997
57.6903,4434.72,40.6301,,38.2713
57.7003,4472.95,40.7149,,38.2089
57.7104,4511.16,40.8722,,38.2219
57.7204,4549.38,41.0363,,38.1929
57.7303,4587.59,41.1474,,38.226
57.7403,4625.82,41.214,,38.2303
57.7503,4664.1,41.236,,38.3339
57.7603,4702.34,41.2103,,38.1371
57.7704,4740.49,41.2282,,38.2164
57.7804,4778.71,41.239,,38.2041
57.7903,4816.92,41.23,,38.2156
57.8003,4855.16,41.1841,,38.2257
57.8103,4893.38,41.0295,,38.2179
57.8203,4931.61,40.9153,,38.2448
57.8303,4969.85,40.8499,,38.2365
57.8404,5008.14,40.7872,,38.3362
57.8503,5046.33,40.7348,,38.096
57.8603,5084.5,40.6895,,38.2289
57.8703,5122.71,40.5585,,38.1718
57.8803,5160.9,40.4206,,38.2109
57.8903,5199.14,40.3435,,38.2191
57.9004,5237.39,40.3229,,38.3252
57.9103,5275.64,40.3635,,38.2109
57.9203,5313.84,40.3741,,38.2201
57.9303,5352.15,40.2974,,38.2892
57.9403,5390.34,40.0861,,38.1823
57.9503,5428.55,39.8939,,38.234
57.9604,5466.78,39.7688,,38.1593
57.9704,5504.93,39.5855,,38.1675
57.9803,5543.14,39.3944,,38.244
57.9903,5581.34,39.1934,,38.2085
58.0003,5619.6,39.0097,,38.2723
58.0103,5657.84,38.8924,,38.229
58.0204,5696.07,38.8268,,38.1828
58.0304,5734.32,38.8837,,38.3469
58.0403,5772.62,38.9238,,38.1939
58.0503,5810.74,38.9162,,38.0965
58.0603,5848.87,38.9043,,38.2041
58.0703,5887.13,38.9003,,38.3034
58.0803,5925.46,38.909,,38.2876
58.0904,5963.58,38.8849,,37.5564
58.1003,5986.27,23.3877,,2.20267
58.1103,5964.03,-13.8926,,-35.7699
58.1203,5924.43,-31.1923,,-40.1624
58.1303,5885.27,-35.8259,,-38.438
58.1403,5847.11,-37.3983,,-38.0868
58.1504,5808.97,-38.3812,,-38.1858
58.1603,5770.74,-38.8685,,-38.2588
58.1703,5732.45,-39.0142,,-38.3399
58.1803,5694.2,-39.2363,,-38.1615
58.1903,5656,-39.3787,,-38.2546
58.2003,5617.8,-39.4718,,-38.1831
58.2104,5579.58,-39.5328,,-38.1695
58.2204,5541.32,-39.6654,,-38.3645
58.2303,5503.05,-39.8178,,-38.1456
58.2403,5464.91,-39.8225,,-38.1654
58.2503,5426.76,-39.8876,,-38.1727
58.2603,5388.49,-39.955,,-38.3131
58.2704,5350.25,-40.1153,,-38.2498
58.2804,5311.97,-40.4493,,-38.2814
58.2903,5273.68,-40.6534,,-38.2062
58.3003,5235.58,-40.7737,,-38.0924
58.3103,5197.34,-40.8206,,-38.2781
58.3203,5159.16,-40.9211,,-38.1858
58.3303,5120.88,-41.0443,,-38.3296
58.3404,5082.64,-41.179,,-38.2044
58.3503,5044.44,-41.2824,,-38.181
58.3603,5006.25,-41.2985,,-38.1832
58.3703,4968.05,-41.2664,,-38.1966
58.3803,4929.84,-41.2693,,-38.2266
58.3903,4891.6,-41.3414,,-38.2527
58.4004,4853.36,-41.4419,,-38.2545
58.4103,4815.15,-41.48,,-38.1963
58.4203,4776.95,-41.5381,,-38.1577
58.4303,4738.75,-41.5847,,-38.2355
58.4403,4700.51,-41.5947,,-38.2254
58.4503,4662.26,-41.6171,,-38.2807
58.4604,4624.02,-41.6156,,-38.198
58.4704,4585.83,-41.5631,,-38.2227
58.4803,4547.57,-41.4876,,-38.2851
58.4903,4509.33,-41.4455,,-38.1909
58.5003,4471.13,-41.3453,,-38.2064
58.5103,4432.93,-41.2133,,-38.1776
58.5204,4394.72,-41.0751,,-38.2384
58.5304,4356.52,-40.9747,,-38.1906
58.5403,4318.28,-40.9077,,-38.2545
58.5503,4280.04,-40.8577,,-38.2562
58.5603,4241.82,-40.8196,,-38.2141
58.5703,4203.57,-40.7244,,-38.274
58.5803,4165.27,-40.546,,-38.2225
58.5904,4127.14,-40.3993,,-38.1189
58.6003,4088.96,-40.2932,,-38.2229
58.6103,4050.68,-40.2204,,-38.3308
58.6203,4012.45,-40.1129,,-38.1805
58.6303,3974.24,-39.9986,,-38.2029
58.6403,3936.06,-39.9297,,-38.2078
58.6504,3897.82,-39.91,,-38.2385
58.6603,3859.57,-39.8723,,-38.2301
58.6703,3821.37,-39.872,,-38.1836
58.6803,3783.16,-39.8732,,-38.2388
58.6903,3744.87,-39.8955,,-38.3413
58.7003,3706.64,-39.9755,,-38.1321
58.7104,3668.5,-39.9963,,-38.195
58.7204,3630.26,-39.9424,,-38.2591
58.7303,3591.98,-39.8099,,-38.2715
58.7403,3553.75,-39.6353,,-38.1599
58.7503,3515.59,-39.4772,,-38.1841
58.7603,3477.39,-39.3046,,-38.2397
58.7704,3439.16,-39.1183,,-38.2444
58.7804,3400.91,-39.0227,,-38.2456
58.7903,3362.68,-39.1083,,-38.1892
58.8003,3324.48,-39.1569,,-38.2021
58.8103,3286.27,-39.1976,,-38.2168
58.8203,3248.04,-39.2287,,-38.2283
58.8303,3209.81,-39.1972,,-38.2221
58.8404,3171.6,-39.125,,-38.2353
58.8503,3133.35,-39.0765,,-38.2534
58.8603,3095.13,-39.0168,,-38.2098
58.8703,3056.92,-38.9785,,-38.2032
58.8803,3018.69,-38.9627,,-38.2495
58.8903,2980.44,-38.9384,,-38.2192
58.9004,2942.23,-38.9303,,-38.2149
58.9103,2904,-38.9137,,-38.2492
58.9203,2865.8,-38.9123,,-38.192
58.9303,2827.6,-38.8817,,-38.2072
58.9403,2789.37,-38.8433,,-38.2269
58.9503,2751.14,-38.8153,,-38.2129
58.9604,2712.92,-38.7736,,-38.2277
58.9704,2674.69,-38.7183,,-38.2187
58.9803,2636.47,-38.6842,,-38.2344
58.9903,2598.22,-38.6685,,-38.271
59.0003,2559.96,-38.657,,-38.2325
59.0103,2521.78,-38.6504,,-38.1496
59.0204,2483.61,-38.6478,,-38.2171
59.0304,2445.37,-38.6391,,-38.2481
59.0403,2407.14,-38.6379,,-38.2417
59.0503,2368.9,-38.6397,,-38.1828
59.0603,2330.7,-38.6414,,-38.2312
59.0703,2292.45,-38.6338,,-38.2377
59.0803,2254.23,-38.6421,,-38.2209
59.0904,2216.01,-38.6449,,-38.2182
59.1003,2177.77,-38.6402,,-38.2606
59.1103,2139.57,-38.6457,,-38.21
59.1203,2101.33,-38.6414,,-38.2135
59.1303,2063.11,-38.6452,,-38.225
59.1403,2024.9,-38.6388,,-38.1809
59.1504,1986.68,-38.6686,,-38.2431
59.1603,1948.45,-38.7955,,-38.2357
59.1703,1910.22,-38.8917,,-38.2373
59.1803,1872,-38.9171,,-38.2288
59.1903,1833.77,-38.9605,,-38.2186
59.2003,1795.56,-39.0212,,-38.1974
59.2104,1757.35,-39.1226,,-38.2096
59.2204,1719.12,-39.2785,,-38.2391
59.2303,1680.9,-39.4173,,-38.2056
59.2403,1642.67,-39.4904,,-38.2466
59.2503,1604.47,-39.5369,,-38.2206
59.2603,1566.22,-39.6916,,-38.2435
59.2704,1528,-39.8805,,-38.1946
59.2804,1489.78,-39.9439,,-38.2153
59.2903,1451.54,-39.9416,,-38.2816
59.3003,1413.29,-39.9286,,-38.1838
59.3103,1375.09,-39.9503,,-38.243
59.3203,1336.89,-39.917,,-38.1983
59.3303,1298.66,-39.8707,,-38.2303
59.3404,1260.49,-39.8805,,-38.1425
59.3503,1222.27,-39.9119,,-38.2653
59.3603,1184.01,-39.9314,,-38.2347
59.3703,1145.79,-39.9152,,-38.2241
59.3803,1107.56,-39.8736,,-38.2283
59.3903,1069.34,-39.8492,,-38.2221
59.4004,1031.11,-39.8467,,-38.2241
59.4103,992.889,-39.8638,,-38.2169
59.4203,954.678,-39.8448,,-38.2248
59.4303,916.455,-39.8075,,-38.2129
59.4403,878.226,-39.7617,,-38.2353
59.4503,840.009,-39.7186,,-38.2148
59.4604,801.777,-39.7037,,-38.2375
59.4704,763.554,-39.6691,,-38.212
59.4803,725.342,-39.6623,,-38.214
59.4903,687.123,-39.6508,,-38.2237
59.5003,648.898,-39.6223,,-38.2267
59.5103,610.671,-39.6095,,-38.2277
59.5204,572.447,-39.6013,,-38.2189
59.5304,534.224,-39.549,,-38.2271
59.5403,495.998,-39.465,,-38.2245
59.5503,457.776,-39.4214,,-38.2176
59.5603,419.561,-39.4026,,-38.2167
59.5703,381.338,-39.3862,,-38.2274
59.5803,343.111,-39.4081,,-38.225
59.5904,304.886,-39.4232,,-38.2238
59.6003,266.665,-39.4652,,-38.2193
59.6103,228.447,-39.5392,,-38.2212
59.6203,190.223,-39.5857,,-38.222
59.6303,152,-39.6371,,-38.2238
59.6403,113.778,-39.6472,,-38.2223
59.6504,75.5549,-39.6518,,-38.2228
59.6603,37.331,-39.6563,,-38.2238
59.6703,-0.891049,-39.6797,,-38.2221
59.6803,-39.1137,-39.6923,,-38.2223
59.6903,-77.3356,-39.6419,,-38.2225
59.7003,-115.559,-39.5717,,-38.223
59.7104,-153.781,-39.5179,,-38.2221
59.7204,-192.004,-39.5332,,-38.2236
59.7303,-230.229,-39.5363,,-38.2242
59.7403,-268.451,-39.5445,,-38.2216
59.7503,-306.671,-39.5734,,-38.2205
59.7603,-344.894,-39.6538,,-38.2215
59.7704,-383.116,-39.6775,,-38.226
59.7804,-421.341,-39.6621,,-38.2213
59.7903,-459.563,-39.6934,,-38.2243
59.8003,-497.788,-39.7519,,-38.2242
59.8103,-536.006,-39.8069,,-38.2171
59.8203,-574.231,-39.9087,,-38.2266
59.8303,-612.455,-39.9702,,-38.2218
59.8404,-650.678,-39.9897,,-38.2309
59.8503,-688.907,-40.0216,,-38.218
59.8603,-727.127,-40.0753,,-38.2244
59.8703,-765.348,-40.186,,-38.2223
59.8803,-803.571,-40.2929,,-38.2173
59.8903,-841.79,-40.319,,-38.2231
59.9004,-880.01,-40.2426,,-38.2181
59.9103,-918.228,-40.1436,,-38.2278
59.9203,-956.456,-40.034,,-38.2136
59.9303,-994.684,-39.9017,,-38.2459
59.9403,-1032.91,-39.7515,,-38.2072
59.9503,-1071.13,-39.5718,,-38.2136
59.9604,-1109.34,-39.4128,,-38.2249
59.9704,-1147.57,-39.434,,-38.2265
59.9803,-1185.79,-39.4838,,-38.2246
59.9903,-1224.01,-39.4325,,-38.2193
60.0003,-1261.75,-38.9113,,-35.9757