0.0103349,0.738156,3.19935,,1.67173,
0.0203294,3.48952,13.515,,3.35052,
0.0303392,7.01696,24.6799,,3.55933,
0.0403337,10.5287,33.33,,3.47487,
0.0503282,13.9758,39.4978,,3.42903,
0.060338,17.3861,43.7692,,3.39394,
0.0703325,20.7551,46.7347,,3.34673,
0.080327,24.0719,48.8089,,3.29109,
0.0903368,27.3285,50.2927,,3.22673,
0.100331,30.5163,51.3241,,3.15465,
0.110326,33.627,52.083,,3.07434,
0.120336,36.6535,52.5652,,2.98622,
0.13033,39.5883,52.806,,2.89136,
0.14034,42.4246,52.891,,2.78992,
0.150334,45.1539,52.8343,,2.67962,
0.160329,47.771,52.6769,,2.56469,
0.170339,50.2692,52.4144,,2.44211,
0.180333,52.6406,52.0801,,2.31388,
0.190328,54.8817,51.6522,,2.18029,
0.200337,56.9845,51.1837,,2.0384,
0.210332,58.9437,50.6176,,1.89413,
0.220326,60.7565,50.0099,,1.74523,
0.230336,62.418,49.3386,,1.5924,
0.240331,63.9244,48.6207,,1.4349,
0.25034,65.2689,47.8319,,1.2714,
0.260335,66.4518,46.9888,,1.10877,
0.270329,67.4676,46.0503,,0.939941,
0.280339,68.3153,45.0444,,0.772047,
0.290334,68.9932,43.9488,,0.600149,
0.300328,69.4977,42.7645,,0.426312,
0.310338,69.8281,41.4415,,0.251844,
0.320332,69.985,40.0005,,0.0787078,
0.330327,69.9664,38.3982,,-0.0977062,
0.340337,69.7731,36.6203,,-0.271668,
0.350331,69.4053,34.645,,-0.446589,
0.360326,68.8635,32.4411,,-0.619021,
0.370336,68.1502,30.0327,,-0.790383,
0.38033,67.2669,27.3983,,-0.958966,
0.39034,66.2152,24.5632,,-1.1278,
0.400334,64.9969,21.5529,,-1.29116,
0.410329,63.6175,18.4382,,-1.45131,
0.420339,62.0785,15.2594,,-1.60991,
0.430333,60.3848,12.0792,,-1.76173,
0.440328,58.5398,8.94425,,-1.9129,
0.450337,56.5482,5.87684,,-2.05457,
0.460332,54.4164,2.88166,,-2.19486,
0.470326,52.1473,6.25E-03,,-2.32852,
0.480336,49.7477,-2.78664,,-2.45683,
0.490331,47.2234,-5.4856,,-2.57829,
0.50034,44.5822,-8.10615,,-2.6919,
0.510335,41.83,-10.6493,,-2.80062,
0.520329,38.9727,-13.1431,,-2.90307,
0.530339,36.0173,-15.5594,,-2.9966,
0.540334,32.9724,-17.9215,,-3.08347,
0.550328,29.8451,-20.2161,,-3.1617,
0.560338,26.6435,-22.4551,,-3.2334,
0.570332,23.375,-24.6531,,-3.29584,
0.580327,20.0486,-26.7797,,-3.35052,
0.590337,16.6716,-28.8747,,-3.39757,
0.600331,13.2526,-30.8818,,-3.43514,
0.610326,9.80067,-32.8336,,-3.46415,
0.620336,6.3246,-34.6926,,-3.48486,
0.63033,2.83233,-36.4772,,-3.49673,
0.64034,-0.66679,-38.1388,,-3.49975,
0.650334,-4.16416,-39.7233,,-3.49436,
0.660329,-7.65134,-41.1864,,-3.47973,
0.670339,-11.1192,-42.5052,,-3.45692,
0.680333,-14.5595,-43.6962,,-3.42565,
0.690328,-17.9636,-44.7578,,-3.3855,
0.700337,-21.3225,-45.6562,,-3.33564,
0.710332,-24.6279,-46.4178,,-3.2795,
0.720326,-27.872,-47.0402,,-3.21367,
0.730336,-31.0462,-47.5375,,-3.14095,
0.740331,-34.1432,-47.9066,,-3.0595,
0.75034,-37.1546,-48.1757,,-2.9711,
0.760335,-40.0729,-48.3209,,-2.87446,
0.770329,-42.8914,-48.3799,,-2.77137,
0.780339,-45.6026,-48.3311,,-2.66116,
0.790334,-48.1995,-48.2155,,-2.54347,
0.800328,-50.6763,-48.0165,,-2.421,
0.810338,-53.0273,-47.7553,,-2.29207,
0.820332,-55.244,-47.4241,,-2.15567,
0.830327,-57.3235,-47.0337,,-2.01585,
0.840337,-59.259,-46.5831,,-1.86915,
0.850331,-61.047,-46.0537,,-1.72108,
0.860326,-62.6829,-45.4608,,-1.56511,
0.870336,-64.161,-44.8028,,-1.40708,
0.88033,-65.4803,-44.0872,,-1.24563,
0.89034,-66.6339,-43.2877,,-1.07883,
0.900334,-67.6213,-42.4245,,-0.912199,
0.910329,-68.4406,-41.4682,,-0.743166,
0.920339,-69.0893,-40.4175,,-0.570354,
0.930333,-69.5646,-39.2391,,-0.398089,
0.940328,-69.8664,-37.9395,,-0.22265,
0.950337,-69.9935,-36.4887,,-0.0484486,
0.960332,-69.9449,-34.876,,0.127068,
0.970326,-69.7225,-33.0991,,0.301319,
0.980336,-69.3248,-31.1185,,0.47543,
0.990331,-68.7553,-28.9158,,0.646926,
1.00034,-68.0138,-26.4817,,0.818618,
1.01033,-67.1013,-23.8126,,0.988474,
1.02033,-66.0211,-20.9644,,1.15511,
1.03034,-64.7769,-17.918,,1.31668,
1.04033,-63.3704,-14.7985,,1.47935,
1.05033,-61.8051,-11.6247,,1.63493,
1.06034,-60.0853,-8.4411,,1.78874,
1.07033,-58.2148,-5.3133,,1.93619,
1.08033,-56.2007,-2.25167,,2.07835,
1.09034,-54.044,0.707451,,2.21931,
1.10033,-51.7531,3.57981,,2.34884,
1.11033,-49.3321,6.34157,,2.47883,
1.12034,-46.7874,8.9856,,2.59756,
1.13033,-44.1266,11.5321,,2.71137,
1.14034,-41.3557,13.9816,,2.81884,
1.15033,-38.4818,16.3137,,2.91803,
1.16033,-35.5123,18.568,,3.01111,
1.17034,-32.4525,20.7193,,3.09787,
1.18033,-29.3117,22.7801,,3.17473,
1.19033,-26.0977,24.7402,,3.24473,
1.20034,-22.8191,26.6062,,3.3055,
1.21033,-19.4831,28.3509,,3.3597,
1.22033,-16.0983,30.0409,,3.40422,
1.23034,-12.6734,31.6098,,3.44076,
1.24033,-9.21691,33.1027,,3.46777,
1.25034,-5.73757,34.4984,,3.48754,
1.26033,-2.24356,35.7915,,3.49773,
1.27033,1.25583,36.9935,,3.4995,
1.28034,4.75242,38.0961,,3.4929,
1.29033,8.2369,39.1019,,3.47654,
1.30033,11.7006,40.0338,,3.45185,
1.31034,15.1351,40.8594,,3.41921,
1.32033,18.5321,41.6136,,3.37754,
1.33033,21.8825,42.2699,,3.32686,
1.34034,25.1779,42.8276,,3.26868,
1.35033,28.4106,43.3093,,3.20191,
1.36033,31.5726,43.6853,,3.12815,
1.37034,34.6555,44.0093,,3.04468,
1.38033,37.6515,44.2306,,2.9553,
1.39034,40.5541,44.3773,,2.85873,
1.40033,43.3558,44.4568,,2.75297,
1.41033,46.0475,44.457,,2.6411,
1.42034,48.6243,44.3986,,2.5231,
1.43033,51.0801,44.2746,,2.39995,
1.44033,53.4083,44.0708,,2.26912,
1.45034,55.6031,43.8125,,2.13262,
1.46033,57.6587,43.4916,,1.99145,
1.47033,59.5697,43.0953,,1.84518,
1.48034,61.3326,42.6298,,1.69444,
1.49033,62.9418,42.1095,,1.53912,
1.50034,64.3937,41.5239,,1.37978,
1.51033,65.6836,40.8625,,1.21734,
1.52033,66.8115,40.1196,,1.05337,
1.53034,67.772,39.2891,,0.883588,
1.54033,68.5626,38.366,,0.714451,
1.55033,69.1815,37.3429,,0.540638,
1.56034,69.6275,36.2026,,0.36813,
1.57033,69.8992,34.928,,0.193542,
1.58033,69.9974,33.5063,,0.0191105,
1.59034,69.9201,31.9138,,-0.156143,
1.60033,69.6679,30.135,,-0.329669,
1.61033,69.2421,28.1508,,-0.504988,
1.62034,68.6426,25.9372,,-0.676569,
1.63033,67.8715,23.5007,,-0.848383,
1.64034,66.9308,20.8508,,-1.0156,
1.65033,65.8234,17.9891,,-1.18175,
1.66033,64.5513,14.9882,,-1.34553,
1.67034,63.1177,11.879,,-1.50546,
1.68033,61.5267,8.72446,,-1.66117,
1.69033,59.7807,5.60273,,-1.81373,
1.70034,57.8869,2.51228,,-1.95963,
1.71033,55.8471,-0.500395,,-2.10392,
1.72033,53.6681,-3.40165,,-2.23988,
1.73034,51.3546,-6.19466,,-2.37292,
1.74033,48.9129,-8.88052,,-2.49743,
1.75034,46.3485,-11.4423,,-2.61795,
1.76033,43.6683,-13.9082,,-2.73,
1.77033,40.8797,-16.2457,,-2.83528,
1.78034,37.9886,-18.4925,,-2.93621,
1.79033,35.0017,-20.6022,,-3.02655,
1.80033,31.9289,-22.6376,,-3.11007,
1.81034,28.7761,-24.5424,,-3.18694,
1.82033,25.5504,-26.3619,,-3.25593,
1.83033,22.2612,-28.0652,,-3.31522,
1.84034,18.9163,-29.6915,,-3.36744,
1.85033,15.5248,-31.2017,,-3.41016,
1.86033,12.0941,-32.6081,,-3.44626,
1.87034,8.63291,-33.919,,-3.47233,
1.88033,5.15043,-35.1437,,-3.48981,
1.89034,1.65492,-36.266,,-3.4987,
1.90033,-1.84449,-37.3085,,-3.49874,
1.91033,-5.33953,-38.2694,,-3.49036,
1.92034,-8.82104,-39.144,,-3.47309,
1.93033,-12.2807,-39.9263,,-3.44732,
1.94033,-15.7095,-40.6362,,-3.41215,
1.95034,-19.0985,-41.2657,,-3.36902,
1.96033,-22.4401,-41.8153,,-3.31812,
1.97033,-25.7262,-42.2854,,-3.25862,
1.98034,-28.9483,-42.6855,,-3.19071,
1.99033,-32.0969,-43.01,,-3.11376,
2.00034,-35.166,-43.2583,,-3.0306,
2.01033,-38.1469,-43.4458,,-2.93909,
2.02033,-41.0317,-43.5599,,-2.84026,
2.03034,-43.8148,-43.6072,,-2.73474,
2.04033,-46.4884,-43.5957,,-2.62218,
2.05033,-49.0447,-43.5063,,-2.50183,
2.06034,-51.4801,-43.3592,,-2.38028,
2.07033,-53.7879,-43.1515,,-2.24718,
2.08033,-55.9587,-42.8757,,-2.10811,
2.09034,-57.9903,-42.5603,,-1.96796,
2.10033,-59.8776,-42.1504,,-1.82044,
2.11033,-61.6147,-41.7113,,-1.66809,
2.12034,-63.1974,-41.1734,,-1.51275,
2.13033,-64.6226,-40.5858,,-1.35324,
2.14034,-65.8861,-39.9221,,-1.18952,
2.15033,-66.985,-39.1737,,-1.02417,
2.16033,-67.9166,-38.3483,,-0.855609,
2.17034,-68.6785,-37.4156,,-0.684473,
2.18033,-69.2681,-36.392,,-0.512566,
2.19033,-69.6855,-35.2432,,-0.338362,
2.20034,-69.9281,-33.9603,,-0.165386,
2.21033,-69.9974,-32.5275,,0.0105483,
2.22033,-69.8903,-30.9358,,0.185719,
2.23034,-69.6082,-29.1369,,0.360037,
2.24033,-69.1538,-27.1311,,0.532262,
2.25034,-68.5253,-24.9128,,0.706624,
2.26033,-67.7257,-22.4537,,0.875763,
2.27033,-66.7576,-19.7884,,1.04263,
2.28034,-65.6226,-16.948,,1.21128,
2.29033,-64.3213,-13.9387,,1.3738,
2.30033,-62.8608,-10.8643,,1.53072,
2.31034,-61.244,-7.73804,,1.68634,
2.32033,-59.4736,-4.64125,,1.83889,
2.33033,-57.5538,-1.58335,,1.9854,
2.34034,-55.4904,1.3654,,2.12669,
2.35033,-53.288,4.21384,,2.26299,
2.36033,-50.9529,6.95521,,2.39385,
2.37034,-48.4899,9.5841,,2.51805,
2.38033,-45.9067,12.0723,,2.63621,
2.39034,-43.2078,14.4731,,2.74915,
2.40033,-40.4002,16.7491,,2.85345,
2.41033,-37.4932,18.9012,,2.94992,
2.42034,-34.4924,20.9554,,3.04181,
2.43033,-31.4044,22.8922,,3.1245,
2.44033,-28.2383,24.7358,,3.19919,
2.45034,-25.0015,26.4617,,3.26629,
2.46033,-21.7026,28.0828,,3.32414,
2.47033,-18.3497,29.599,,3.37544,
2.48034,-14.9503,31.0066,,3.41773,
2.49033,-11.5137,32.3288,,3.45072,
2.50034,-8.04853,33.5415,,3.47583,
2.51033,-4.5631,34.6746,,3.49214,
2.52033,-1.06656,35.712,,3.49921,
2.53034,2.43288,36.666,,3.49834,
2.54033,5.92638,37.5437,,3.48784,
2.55033,9.40476,38.3097,,3.4693,
2.56034,12.8598,39.0159,,3.4417,
2.57033,16.2824,39.642,,3.40622,
2.58033,19.6649,40.1903,,3.36173,
2.59034,22.9979,40.6647,,3.30798,
2.60033,26.2727,41.0795,,3.247,
2.61033,29.4822,41.4141,,3.1777,
2.62034,32.6183,41.695,,3.10061,
2.63033,35.6729,41.9054,,3.0158,
2.64034,38.6389,42.0348,,2.92403,
2.65033,41.5074,42.1121,,2.82285,
2.66033,44.2726,42.1152,,2.71633,
2.67034,46.9271,42.0709,,2.60312,
2.68033,49.4646,41.9798,,2.48271,
2.69033,51.8782,41.8127,,2.35609,
2.70034,54.162,41.5949,,2.22396,
2.71033,56.3098,41.3172,,2.08511,
2.72033,58.3177,40.974,,1.94335,
2.73034,60.1795,40.5733,,1.79442,
2.74033,61.8909,40.1008,,1.64284,
2.75034,63.4475,39.5813,,1.48515,
2.76033,64.8447,38.9843,,1.32525,
2.77033,66.0812,38.3235,,1.16332,
2.78034,67.1533,37.5688,,0.996789,
2.79033,68.0567,36.7313,,0.827158,
2.80033,68.7907,35.8037,,0.656538,
2.81034,69.3508,34.7782,,0.481891,
2.82033,69.7385,33.6187,,0.310424,
2.83033,69.9528,32.334,,0.136062,
2.84034,69.9924,30.8837,,-0.0402605,
2.85033,69.8551,29.2703,,-0.215968,
2.86033,69.5441,27.4611,,-0.389445,
2.87034,69.059,25.4406,,-0.562513,
2.88033,68.4018,23.1878,,-0.734767,
2.89034,67.5735,20.7346,,-0.904072,
2.90033,66.5772,18.0643,,-1.07233,
2.91033,65.4136,15.2133,,-1.23708,
2.92034,64.0879,12.2274,,-1.39856,
2.93033,62.6004,9.15401,,-1.55912,
2.94033,60.9556,6.07096,,-1.714,
2.95034,59.1597,2.99809,,-1.86237,
2.96033,57.2165,5.84E-03,,-2.009,
2.97033,55.1297,-2.90449,,-2.15016,
2.98034,52.9047,-5.6962,,-2.28454,
2.99033,50.5477,-8.3719,,-2.41501,
3.00034,48.0641,-10.9344,,-2.5395,
3.01033,45.4594,-13.3735,,-2.6563,
3.02033,42.7424,-15.6877,,-2.76618,
3.03034,39.9184,-17.9032,,-2.87076,
3.04033,36.9946,-19.9892,,-2.96555,
3.05033,33.9787,-21.9797,,-3.05622,
3.06034,30.8772,-23.8453,,-3.13737,
3.07033,27.6986,-25.6002,,-3.21126,
3.08033,24.4509,-27.2491,,-3.27607,
3.09034,21.1423,-28.7956,,-3.33401,
3.10033,17.7808,-30.2346,,-3.38296,
3.11033,14.3748,-31.5768,,-3.42371,
3.12034,10.9328,-32.8286,,-3.45563,
3.13033,7.46375,-33.9721,,-3.47849,
3.14034,3.97572,-35.037,,-3.49425,
3.15033,0.477847,-36.0027,,-3.49976,
3.16033,-3.02098,-36.8934,,-3.49712,
3.17034,-6.51249,-37.6953,,-3.48564,
3.18033,-9.9874,-38.4212,,-3.46508,
3.19033,-13.4376,-39.0757,,-3.43676,
3.20034,-16.8544,-39.6517,,-3.39874,
3.21033,-20.2288,-40.1543,,-3.3531,
3.22033,-23.5527,-40.6007,,-3.29895,
3.23034,-26.8179,-40.9631,,-3.23629,
3.24033,-30.0156,-41.2706,,-3.16511,
3.25034,-33.1381,-41.5041,,-3.08709,
3.26033,-36.1785,-41.6985,,-3.00065,
3.27033,-39.1288,-41.8032,,-2.90759,
3.28034,-41.9804,-41.8644,,-2.80469,
3.29033,-44.7266,-41.8713,,-2.69768,
3.30033,-47.3618,-41.8031,,-2.5825,
3.31034,-49.8794,-41.68,,-2.46368,
3.32033,-52.2721,-41.5179,,-2.33411,
3.33033,-54.5328,-41.2787,,-2.19988,
3.34034,-56.6573,-40.986,,-2.06252,
3.35033,-58.6415,-40.6473,,-1.91919,
3.36033,-60.4783,-40.2418,,-1.76878,
3.37034,-62.1642,-39.7644,,-1.61741,
3.38033,-63.6946,-39.2192,,-1.45794,
3.39034,-65.0655,-38.6312,,-1.29971,
3.40033,-66.2741,-37.9565,,-1.13371,
3.41033,-67.3165,-37.2002,,-0.967252,
3.42034,-68.1912,-36.3529,,-0.798444,
3.43033,-68.8956,-35.422,,-0.627298,
3.44033,-69.428,-34.3624,,-0.454795,
3.45034,-69.7866,-33.2029,,-0.279707,
3.46033,-69.9709,-31.8987,,-0.105638,
3.47033,-69.9801,-30.4413,,0.0695366,
3.48034,-69.8144,-28.8067,,0.244075,
3.49033,-69.4745,-26.9788,,0.418592,
3.50034,-68.9612,-24.9434,,0.59048,
3.51033,-68.2752,-22.6798,,0.763461,
3.52033,-67.4185,-20.1811,,0.932578,
3.53034,-66.3937,-17.5153,,1.10053,
3.54033,-65.2017,-14.647,,1.26553,
3.55033,-63.8481,-11.6661,,1.42602,
3.56034,-62.3342,-8.62021,,1.58484,
3.57033,-60.6649,-5.55524,,1.73742,
3.58033,-58.8444,-2.52042,,1.88893,
3.59034,-56.8744,0.440253,,2.03432,
3.60033,-54.7642,3.29691,,2.1723,
3.61033,-52.5165,6.05175,,2.30825,
3.62034,-50.1375,8.69363,,2.43618,
3.63033,-47.634,11.1952,,2.55811,
3.64034,-45.0105,13.5873,,2.67529,
3.65033,-42.275,15.8693,,2.78452,
3.66033,-39.4334,18.0153,,2.88678,
3.67034,-36.4941,20.0591,,2.98146,
3.68033,-33.4626,21.9915,,3.07083,
3.69033,-30.3475,23.8199,,3.15031,
3.70034,-27.1568,25.5242,,3.22245,
3.71033,-23.8982,27.1218,,3.28686,
3.72033,-20.5804,28.6037,,3.34261,
3.73034,-17.2107,29.9966,,3.39004,
3.74033,-13.7982,31.2772,,3.42942,
3.75034,-10.3512,32.4818,,3.46031,
3.76033,-6.87808,33.5796,,3.48227,
3.77033,-3.38788,34.6021,,3.49537,
3.78034,0.110616,35.5161,,3.49989,
3.79033,3.60899,36.3616,,3.49578,
3.80033,7.09832,37.1055,,3.48277,
3.81034,10.57,37.7831,,3.46137,
3.82033,14.0149,38.3911,,3.43049,
3.83033,17.4247,38.9299,,3.39172,
3.84034,20.7915,39.3989,,3.34474,
3.85033,24.1066,39.7987,,3.28951,
3.86033,27.361,40.1403,,3.22428,
3.87034,30.5462,40.404,,3.15214,
3.88033,33.656,40.6118,,3.07429,
3.89034,36.6815,40.7535,,2.98428,
3.90033,39.6146,40.8505,,2.88977,
3.91033,42.449,40.8726,,2.78826,
3.92034,45.1777,40.8631,,2.67913,
3.93033,47.7937,40.7754,,2.56368,
3.94033,50.2915,40.6505,,2.44286,
3.95034,52.6616,40.4538,,2.31002,
3.96033,54.8992,40.2036,,2.17726,
3.97033,57.0005,39.9016,,2.0383,
3.98034,58.959,39.5451,,1.89289,
3.99033,60.7716,39.1244,,1.74592,
4.00034,62.4328,38.6446,,1.59089,
4.01033,63.9372,38.1021,,1.43288,
4.02033,65.2797,37.4923,,1.26907,
4.03034,66.4608,36.7972,,1.10798,
4.04033,67.4757,36.0291,,0.938771,
4.05033,68.3221,35.174,,0.77041,
4.06034,68.9979,34.2364,,0.597933,
4.07033,69.5006,33.1815,,0.424658,
4.08033,69.83,32.0081,,0.251209,
4.09034,69.9849,30.6887,,0.0762697,
4.10033,69.9652,29.1951,,-0.0984562,
4.11033,69.7699,27.5428,,-0.274014,
4.12034,69.4001,25.6759,,-0.448313,
4.13033,68.8573,23.6241,,-0.619778,
4.14034,68.1432,21.3405,,-0.791257,
4.15033,67.2581,18.8581,,-0.961457,
4.16033,66.204,16.1536,,-1.12957,
4.17034,64.9859,13.2928,,-1.29017,
4.18033,63.6058,10.295,,-1.45341,
4.19033,62.0648,7.2605,,-1.61142,
4.20034,60.3691,4.21233,,-1.76435,
4.21033,58.5226,1.23432,,-1.91313,
4.22033,56.5298,-1.69571,,-2.05702,
4.23034,54.396,-4.50525,,-2.19626,
4.24033,52.1251,-7.2115,,-2.33099,
4.25034,49.7249,-9.79689,,-2.45634,
4.26033,47.2009,-12.2675,,-2.57774,
4.27033,44.5587,-14.6181,,-2.6937,
4.28034,41.8055,-16.8406,,-2.80175,
4.29033,38.9457,-18.9482,,-2.90523,
4.30033,35.9897,-20.9269,,-2.99683,
4.31034,32.9443,-22.8112,,-3.0841,
4.32033,29.8164,-24.5725,,-3.16256,
4.33033,26.6139,-26.2328,,-3.23389,
4.34034,23.3445,-27.7892,,-3.29733,
4.35033,20.017,-29.2311,,-3.35112,
4.36033,16.6396,-30.5696,,-3.39767,
4.37034,13.2208,-31.8158,,-3.43515,
4.38033,9.76865,-32.9624,,-3.46436,
4.39034,6.29226,-34.0083,,-3.48502,
4.40033,2.79998,-34.9826,,-3.49675,
4.41033,-0.699152,-35.8672,,-3.49975,
4.42034,-4.19657,-36.6518,,-3.49452,
4.43033,-7.68357,-37.3908,,-3.47934,
4.44033,-11.1512,-38.0171,,-3.45664,
4.45034,-14.591,-38.598,,-3.42479,
4.46033,-17.9942,-39.0988,,-3.38482,
4.47033,-21.3528,-39.5514,,-3.33572,
4.48034,-24.6577,-39.9113,,-3.27868,
4.49033,-27.9015,-40.2385,,-3.21372,
4.50034,-31.075,-40.4678,,-3.13929,
4.51033,-34.1706,-40.6637,,-3.05903,
4.52033,-37.1812,-40.7949,,-2.96993,
4.53034,-40.0986,-40.8591,,-2.87333,
4.54033,-42.9162,-40.8904,,-2.77118,
4.55033,-45.6271,-40.8521,,-2.65966,
4.56034,-48.2222,-40.7544,,-2.54253,
4.57033,-50.6974,-40.6106,,-2.41872,
4.58033,-53.046,-40.4057,,-2.29017,
4.59034,-55.2626,-40.142,,-2.15513,
4.60033,-57.3406,-39.8406,,-2.01468,
4.61033,-59.2753,-39.4717,,-1.86841,
4.62034,-61.0619,-39.0485,,-1.71903,
4.63033,-62.6963,-38.5551,,-1.56436,
4.64034,-64.1735,-37.9936,,-1.40505,
4.65033,-65.4901,-37.3806,,-1.24399,
4.66033,-66.6433,-36.6869,,-1.0786,
4.67034,-67.6298,-35.9098,,-0.910695,
4.68033,-68.4467,-35.0537,,-0.740025,
4.69033,-69.0928,-34.0897,,-0.56952,
4.70034,-69.5673,-33.0157,,-0.396066,
4.71033,-69.8679,-31.813,,-0.222284,
4.72033,-69.9941,-30.4703,,-0.0469975,
4.73034,-69.9441,-28.9749,,0.128588,
4.74033,-69.7192,-27.2985,,0.303528,
4.75034,-69.3207,-25.4384,,0.476042,
4.76033,-68.749,-23.3413,,0.649596,
4.77033,-68.0061,-21.0407,,0.819552,
4.78034,-67.0927,-18.5073,,0.990177,
4.79033,-66.0099,-15.7956,,1.15739,
4.80033,-64.764,-12.9184,,1.3173,
4.81034,-63.3569,-9.93985,,1.48107,
4.82033,-61.7905,-6.92403,,1.63537,
4.83033,-60.0696,-3.91143,,1.79031,
4.84034,-58.1978,-0.933586,,1.93763,
4.85033,-56.181,1.9483,,2.08086,
4.86033,-54.0242,4.74665,,2.21856,
4.87034,-51.7316,7.40452,,2.35146,
4.88033,-49.3102,9.96191,,2.47836,
4.89034,-46.765,12.3776,,2.59888,
4.90033,-44.1032,14.684,,2.7125,
4.91033,-41.3306,16.8732,,2.82014,
4.92034,-38.455,18.9445,,2.9205,
4.93033,-35.4837,20.8893,,3.01173,
4.94033,-32.4237,22.7359,,3.098,
4.95034,-29.283,24.4607,,3.17491,
4.96033,-26.0686,26.0816,,3.24519,
4.97033,-22.789,27.5956,,3.30661,
4.98034,-19.4525,29.0046,,3.35995,
4.99033,-16.0673,30.3098,,3.40459,
5.00034,-12.642,31.5093,,3.44105,
5.01033,-9.1854,32.6212,,3.46799,
5.02033,-5.70577,33.6315,,3.48787,
5.03034,-2.21176,34.5716,,3.49754,
5.04033,1.28761,35.4069,,3.49952,
5.05033,4.78403,36.1894,,3.49259,
5.06034,8.26824,36.872,,3.47644,
5.07033,11.7319,37.4892,,3.45187,
5.08033,15.1662,38.0317,,3.41864,
5.09034,18.5627,38.5062,,3.37692,
5.10033,21.9127,38.9066,,3.32666,
5.11033,25.2077,39.2612,,3.2684,
5.12034,28.4402,39.5404,,3.2014,
5.13033,31.6007,39.7674,,3.12617,
5.14034,34.6826,39.9413,,3.04452,
5.15033,37.678,40.0508,,2.9544,
5.16033,40.5792,40.0958,,2.85648,
5.17034,43.3786,40.1002,,2.75138,
5.18033,46.0702,40.0402,,2.64143,
5.19033,48.6472,39.9299,,2.52376,
5.20034,51.102,39.77,,2.39691,
5.21033,53.4279,39.5553,,2.26751,
5.22033,55.6211,39.2825,,2.13193,
5.23034,57.6768,38.966,,1.99172,
5.24033,59.5869,38.5824,,1.84369,
5.25034,61.3483,38.1503,,1.69301,
5.26033,62.9565,37.6396,,1.53749,
5.27033,64.4068,37.0799,,1.37872,
5.28034,65.6963,36.4562,,1.21655,
5.29033,66.8223,35.7374,,1.05028,
5.30033,67.7796,34.9499,,0.881909,
5.31034,68.5687,34.0759,,0.712465,
5.32033,69.186,33.1046,,0.53978,
5.33033,69.6309,32.0203,,0.366634,
5.34034,69.9017,30.8114,,0.192618,
5.35033,69.999,29.4472,,0.0179488,
5.36033,69.9191,27.9315,,-0.158565,
5.37034,69.6653,26.2182,,-0.332078,
5.38033,69.238,24.321,,-0.505046,
5.39034,68.6369,22.199,,-0.678941,
5.40033,67.8644,19.8687,,-0.848973,
5.41033,66.922,17.3339,,-1.01907,
5.42034,65.8112,14.5988,,-1.18348,
5.43033,64.5395,11.7214,,-1.34554,
5.44033,63.1044,8.74348,,-1.50708,
5.45034,61.5115,5.72612,,-1.66305,
5.46033,59.7638,2.73497,,-1.81533,
5.47033,57.8684,-0.197142,,-1.96116,
5.48034,55.828,-3.06157,,-2.10435,
5.49033,53.6472,-5.80779,,-2.24224,
5.50034,51.3333,-8.43542,,-2.37267,
5.51033,48.8905,-10.9543,,-2.4988,
5.52033,46.325,-13.3336,,-2.61922,
5.53034,43.6433,-15.5908,,-2.73151,
5.54033,40.8534,-17.7413,,-2.8363,
5.55033,37.9623,-19.7685,,-2.93482,
5.56034,34.976,-21.6902,,-3.02796,
5.57033,31.901,-23.4895,,-3.11213,
5.58033,28.7472,-25.1778,,-3.18699,
5.59034,25.5213,-26.7599,,-3.25632,
5.60033,22.2315,-28.2275,,-3.31548,
5.61033,18.8865,-29.6019,,-3.36807,
5.62034,15.494,-30.8608,,-3.41126,
5.63033,12.063,-32.0321,,-3.44601,
5.64034,8.6018,-33.113,,-3.47247,
5.65033,5.11923,-34.0975,,-3.49007,
5.66033,1.62349,-35.0032,,-3.49876,
5.67034,-1.87592,-35.8064,,-3.49877,
5.68033,-5.37086,-36.5554,,-3.49013,
5.69033,-8.85216,-37.2026,,-3.47294,
5.70034,-12.3118,-37.7936,,-3.44711,
5.71033,-15.74,-38.3153,,-3.41166,
5.72033,-19.1292,-38.7742,,-3.3695,
5.73034,-22.4707,-39.168,,-3.31749,
5.74033,-25.7558,-39.4814,,-3.25747,
5.75034,-28.9766,-39.7635,,-3.18952,
5.76033,-32.1249,-39.9556,,-3.1134,
5.77033,-35.1928,-40.1117,,-3.02945,
5.78034,-38.1728,-40.209,,-2.93853,
5.79033,-41.057,-40.2437,,-2.83915,
5.80033,-43.8394,-40.2287,,-2.73412,
5.81034,-46.5124,-40.1655,,-2.62213,
5.82033,-49.0702,-40.0403,,-2.50481,
5.83033,-51.5043,-39.8766,,-2.37495,
5.84034,-53.8069,-39.6516,,-2.24257,
5.85033,-55.9755,-39.3737,,-2.10789,
5.86033,-58.0072,-39.0342,,-1.96773,
5.87034,-59.8939,-38.6494,,-1.81938,
5.88033,-61.6287,-38.1975,,-1.66567,
5.89034,-63.2097,-37.6821,,-1.5115,
5.90033,-64.6336,-37.1222,,-1.35103,
5.91033,-65.8956,-36.4784,,-1.18929,
5.92034,-66.9935,-35.7638,,-1.02232,
5.93033,-67.9236,-34.9577,,-0.854147,
5.94033,-68.6839,-34.071,,-0.683364,
5.95034,-69.2724,-33.0731,,-0.511094,
5.96033,-69.688,-31.9757,,-0.337132,
5.97033,-69.93,-30.7458,,-0.164138,
5.98034,-69.9977,-29.3686,,0.0120024,
5.99033,-69.8881,-27.82,,0.188226,
6.00034,-69.6052,-26.1007,,0.361122,
6.01033,-69.1482,-24.1625,,0.534915,
6.02033,-68.5188,-22.0241,,0.707186,
6.03034,-67.7174,-19.656,,0.877839,
6.04033,-66.747,-17.1017,,1.04542,
6.05033,-65.6102,-14.3525,,1.21075,
6.06034,-64.3103,-11.4611,,1.37359,
6.07033,-62.847,-8.49174,,1.53521,
6.08033,-61.2277,-5.48537,,1.68757,
6.09034,-59.4564,-2.50601,,1.8394,
6.10033,-57.5355,0.414128,,1.98706,
6.11033,-55.4701,3.23559,,2.12834,
6.12034,-53.2679,5.94192,,2.2626,
6.13033,-50.9312,8.54111,,2.39659,
6.14034,-48.4665,11.0187,,2.51866,
6.15033,-45.8817,13.3765,,2.63807,
6.16033,-43.1825,15.6166,,2.74862,
6.17034,-40.3753,17.7361,,2.85344,
6.18033,-37.4673,19.7242,,2.95154,
6.19033,-34.4649,21.6066,,3.04312,
6.20034,-31.3763,23.3661,,3.12456,
6.21033,-28.2098,25.0316,,3.19987,
6.22033,-24.9725,26.585,,3.26675,
6.23034,-21.6729,28.0229,,3.3254,
6.24033,-18.3188,29.376,,3.37598,
6.25034,-14.9195,30.6057,,3.41731,
6.26033,-11.483,31.7509,,3.45094,
6.27033,-8.01747,32.786,,3.47637,
6.28034,-4.53169,33.7492,,3.49219,
6.29033,-1.03504,34.6124,,3.49919,
6.30033,2.46424,35.4055,,3.49829,
6.31034,5.95761,36.1223,,3.48766,
6.32033,9.43577,36.7563,,3.46915,
6.33033,12.8907,37.3226,,3.44167,
6.34034,16.3131,37.8114,,3.40533,
6.35033,19.6947,38.2433,,3.36125,
6.36033,23.0275,38.6044,,3.30807,
6.37034,26.3024,38.9185,,3.24695,
6.38033,29.5114,39.1619,,3.17675,
6.39034,32.6466,39.3498,,3.10021,
6.40033,35.7002,39.4951,,3.01413,
6.41033,38.6645,39.5625,,2.92228,
6.42034,41.5333,39.5804,,2.8241,
6.43033,44.2975,39.5537,,2.71427,
6.44033,46.9502,39.4661,,2.60137,
6.45034,49.4861,39.345,,2.48205,
6.46033,51.899,39.151,,2.3545,
6.47033,54.1811,38.9262,,2.22256,
6.48034,56.3288,38.6261,,2.08479,
6.49033,58.3354,38.2768,,1.9421,
6.50034,60.1956,37.8789,,1.79246,
6.51033,61.9048,37.4191,,1.64093,
6.52033,63.4611,36.8976,,1.4857,
6.53034,64.8583,36.3174,,1.32527,
6.54033,66.0936,35.6701,,1.16067,
6.55033,67.1625,34.9382,,0.993448,
6.56034,68.0638,34.1189,,0.825851,
6.57033,68.7952,33.2194,,0.653536,
6.58033,69.3542,32.2223,,0.481529,
6.59034,69.7406,31.0975,,0.30832,
6.60033,69.9523,29.8431,,0.132729,
6.61033,69.9897,28.4466,,-0.0405902,
6.62034,69.8526,26.8757,,-0.216189,
6.63033,69.5412,25.1153,,-0.389429,
6.64034,69.0549,23.1616,,-0.565364,
6.65033,68.3956,20.9765,,-0.73551,
6.66033,67.5661,18.5994,,-0.906529,
6.67034,66.5672,16.0123,,-1.07413,
6.68033,65.4028,13.2434,,-1.23787,
6.69033,64.075,10.3444,,-1.40047,
6.70034,62.5866,7.37941,,-1.55964,
6.71033,60.9414,4.39289,,-1.71543,
6.72033,59.1435,1.43637,,-1.86383,
6.73034,57.1989,-1.46196,,-2.01034,
6.74033,55.1104,-4.25278,,-2.15152,
6.75034,52.8841,-6.94707,,-2.28572,
6.76033,50.526,-9.50832,,-2.41767,
6.77033,48.0404,-11.9477,,-2.54006,
6.78034,45.4359,-14.2649,,-2.6556,
6.79033,42.718,-16.4653,,-2.76844,
6.80033,39.893,-18.5495,,-2.87058,
6.81034,36.9682,-20.5168,,-2.9676,
6.82033,33.9506,-22.3649,,-3.0574,
6.83033,30.8487,-24.1023,,-3.13712,
6.84034,27.6702,-25.7171,,-3.21193,
6.85033,24.4216,-27.2325,,-3.27711,
6.86033,21.112,-28.6493,,-3.33462,
6.87034,17.7501,-29.9523,,-3.3833,
6.88033,14.3439,-31.171,,-3.42368,
6.89034,10.9018,-32.2757,,-3.4558,
6.90033,7.4324,-33.2994,,-3.47892,
6.91033,3.94445,-34.2212,,-3.49405,
6.92034,0.446564,-35.0741,,-3.49987,
6.93033,-3.05226,-35.8268,,-3.49691,
6.94033,-6.54381,-36.5216,,-3.48578,
6.95034,-10.0186,-37.1331,,-3.46497,
6.96033,-13.4685,-37.687,,-3.43611,
6.97033,-16.8847,-38.1619,,-3.39862,
6.98034,-20.2592,-38.5751,,-3.3528,
6.99033,-23.5821,-38.9124,,-3.29769,
7.00034,-26.8464,-39.2037,,-3.23585,
7.01033,-30.0437,-39.4298,,-3.16467,
7.02033,-33.1664,-39.6013,,-3.08729,
7.03034,-36.2057,-39.7367,,-2.99897,
7.04033,-39.1542,-39.7974,,-2.90545,
7.05033,-42.0051,-39.8118,,-2.8056,
7.06034,-44.7517,-39.7687,,-2.69743,
7.07033,-47.3861,-39.6777,,-2.58087,
7.08033,-49.9007,-39.5258,,-2.46057,
7.09034,-52.2919,-39.3361,,-2.33293,
7.10033,-54.5517,-39.0895,,-2.19998,
7.11033,-56.6765,-38.7895,,-2.06181,
7.12034,-58.6585,-38.4361,,-1.91601,
7.13033,-60.4937,-38.0344,,-1.76854,
7.14034,-62.1781,-37.5519,,-1.61514,
7.15033,-63.707,-37.0183,,-1.45764,
7.16033,-65.0763,-36.4235,,-1.29645,
7.17034,-66.2834,-35.7776,,-1.13371,
7.18033,-67.3253,-35.0248,,-0.966668,
7.19033,-68.199,-34.218,,-0.797482,
7.20034,-68.9025,-33.2933,,-0.625673,
7.21033,-69.4335,-32.2612,,-0.452918,
7.22033,-69.7899,-31.1288,,-0.278192,
7.23034,-69.9725,-29.8447,,-0.104036,
7.24033,-69.98,-28.4333,,0.0717371,
7.25034,-69.8119,-26.8365,,0.246615,
7.26033,-69.4704,-25.0568,,0.418766,
7.27033,-68.9563,-23.0754,,0.592573,
7.28034,-68.2687,-20.8655,,0.76481,
7.29033,-67.4102,-18.4436,,0.934748,
7.30033,-66.3832,-15.8272,,1.10185,
7.31034,-65.191,-13.0497,,1.26618,
7.32033,-63.8358,-10.142,,1.4272,
7.33033,-62.3206,-7.17931,,1.58633,
7.34034,-60.6494,-4.2024,,1.74074,
7.35033,-58.8262,-1.25776,,1.88982,
7.36033,-56.8565,1.61831,,2.03446,
7.37034,-54.7442,4.38231,,2.17458,
7.38033,-52.4956,7.03517,,2.30817,
7.39034,-50.1166,9.57796,,2.43716,
7.40033,-47.6113,11.9784,,2.5601,
7.41033,-44.9867,14.2673,,2.67548,
7.42034,-42.2502,16.4465,,2.78649,
7.43033,-39.4073,18.5072,,2.88728,
7.44033,-36.4674,20.4462,,2.9821,
7.45034,-33.4353,22.273,,3.07167,
7.46033,-30.3194,23.966,,3.15101,
7.47033,-27.128,25.5768,,3.22343,
7.48034,-23.8688,27.0517,,3.28726,
7.49033,-20.5504,28.4353,,3.3428,
7.50034,-17.1806,29.7277,,3.39046,
7.51033,-13.7676,30.9082,,3.43011,
7.52033,-10.32,32.001,,3.46043,
7.53034,-6.84713,32.9874,,3.48212,
7.54033,-3.35663,33.8996,,3.49548,
7.55033,0.141827,34.7093,,3.49996,
7.56034,3.64022,35.4595,,3.49572,
7.57033,7.12929,36.12,,3.48255,
7.58033,10.6006,36.7207,,3.46113,
7.59034,14.0457,37.2381,,3.4305,
7.60033,17.4553,37.6993,,3.39125,
7.61033,20.8213,38.0869,,3.34372,
7.62034,24.1348,38.4198,,3.28777,
7.63033,27.3888,38.6906,,3.22522,
7.64034,30.5745,38.9055,,3.15165,
7.65033,33.6825,39.0603,,3.07236,
7.66033,36.7077,39.1683,,2.9847,
7.67034,39.6409,39.2142,,2.88973,
7.68033,42.4745,39.2188,,2.78679,
7.69033,45.2018,39.152,,2.67817,
7.70034,47.8166,39.0551,,2.56092,
7.71033,50.3091,38.8981,,2.43764,
7.72033,52.68,38.6916,,2.3138,
7.73034,54.9191,38.4299,,2.17743,
7.74033,57.0197,38.1283,,2.03656,
7.75034,58.9766,37.7591,,1.8919,
7.76033,60.7868,37.3314,,1.74234,
7.77033,62.4456,36.8515,,1.59011,
7.78034,63.9495,36.3129,,1.43198,
7.79033,65.292,35.7028,,1.26912,
7.80033,66.4714,35.0328,,1.10559,
7.81034,67.4846,34.2781,,0.936712,
7.82033,68.3281,33.4308,,0.767721,
7.83033,69.0022,32.5155,,0.597885,
7.84034,69.5052,31.4829,,0.423683,
7.85033,69.832,30.3179,,0.248588,
7.86033,69.9859,29.0192,,0.0754014,
7.87034,69.9639,27.5663,,-0.101149,
7.88033,69.7669,25.9459,,-0.275425,
7.89034,69.3963,24.1418,,-0.448259,
7.90033,68.8522,22.115,,-0.622444,
7.91033,68.1349,19.887,,-0.794286,
7.92034,67.2489,17.4388,,-0.961444,
7.93033,66.1951,14.8031,,-1.1281,
7.94033,64.9754,11.9987,,-1.29495,
7.95034,63.5921,9.08291,,-1.45478,
7.96033,62.0502,6.12936,,-1.61266,
7.97033,60.3537,3.15579,,-1.76447,
7.98034,58.5061,0.239915,,-1.91513,
7.99033,56.5111,-2.61288,,-2.0594,
8.00034,54.3758,-5.34961,,-2.19704,
8.01033,52.1053,-7.98253,,-2.32906,
8.02033,49.7044,-10.49,,-2.4593,
8.03034,47.1779,-12.8691,,-2.58037,
8.04033,44.5341,-15.1268,,-2.69468,
8.05033,41.7792,-17.2724,,-2.80265,
8.06034,38.9201,-19.2957,,-2.90462,
8.07033,35.964,-21.2054,,-2.9977,
8.08033,32.9169,-23.0004,,-3.08569,
8.09034,29.7878,-24.6785,,-3.16327,
8.10033,26.5847,-26.2465,,-3.23473,
8.11033,23.3151,-27.7065,,-3.29681,
8.12034,19.9879,-29.0624,,-3.35171,
8.13033,16.6096,-30.3167,,-3.39848,
8.14034,13.1901,-31.465,,-3.43541,
8.15033,9.73757,-32.5406,,-3.46493,
8.16033,6.26106,-33.5076,,-3.48502,
8.17034,2.76872,-34.3944,,-3.49686,
8.18033,-0.730431,-35.1908,,-3.49955,
8.19033,-4.22778,-35.9097,,-3.49443,
8.20034,-7.71462,-36.5476,,-3.47923,
8.21033,-11.182,-37.126,,-3.45629,
8.22033,-14.6216,-37.6328,,-3.42472,
8.23034,-18.0246,-38.0692,,-3.38459,
8.24033,-21.3829,-38.4584,,-3.33522,
8.25034,-24.6868,-38.7675,,-3.2773,
8.26033,-27.9293,-39.034,,-3.21286,
8.27033,-31.1025,-39.2124,,-3.13934,
8.28034,-34.1978,-39.3685,,-3.0578,
8.29033,-37.2074,-39.4583,,-2.96951,
8.30033,-40.1241,-39.4861,,-2.8725,
8.31034,-42.9405,-39.4803,,-2.7692,
8.32033,-45.6501,-39.427,,-2.65989,
8.33033,-48.2451,-39.2994,,-2.54154,
8.34034,-50.7198,-39.148,,-2.41793,
8.35033,-53.0668,-38.9271,,-2.28822,
8.36033,-55.2819,-38.6523,,-2.15447,
8.37034,-57.3588,-38.3351,,-2.01373,
8.38033,-59.2923,-37.9498,,-1.86655,
8.39034,-61.077,-37.5325,,-1.7172,
8.40033,-62.7092,-37.0327,,-1.56205,
8.41033,-64.1853,-36.4854,,-1.40511,
8.42034,-65.5006,-35.8832,,-1.24192,
8.43033,-66.6528,-35.1924,,-1.07751,
8.44033,-67.6382,-34.4231,,-0.910056,
8.45034,-68.4542,-33.567,,-0.738881,
8.46033,-69.0993,-32.6168,,-0.567756,
8.47033,-69.5716,-31.5586,,-0.394378,
8.48034,-69.8698,-30.3858,,-0.21958,
8.49033,-69.9946,-29.0768,,-0.0464717,
8.50034,-69.944,-27.607,,0.130061,
8.51033,-69.7172,-25.9599,,0.305716,
8.52033,-69.3165,-24.1191,,0.47782,
8.53034,-68.7434,-22.0653,,0.650837,
8.54033,-67.9989,-19.7945,,0.821942,
8.55033,-67.083,-17.3125,,0.991335,
8.56034,-65.9999,-14.6603,,1.15784,
8.57033,-64.7521,-11.8428,,1.32119,
8.58033,-63.3428,-8.92876,,1.48104,
8.59034,-61.7753,-5.97964,,1.63798,
8.60033,-60.0522,-3.00517,,1.79139,
8.61033,-58.1794,-0.0991496,,1.93889,
8.62034,-56.162,2.72813,,2.08104,
8.63033,-54.0042,5.43768,,2.21997,
8.64034,-51.7102,8.04724,,2.35284,
8.65033,-49.2872,10.5114,,2.48,
8.66033,-46.7413,12.8734,,2.59922,
8.67034,-44.0789,15.112,,2.7131,
8.68033,-41.3055,17.235,,2.82158,
8.69033,-38.4287,19.2266,,2.92064,
8.70034,-35.4566,21.1167,,3.0135,
8.71033,-32.3961,22.8841,,3.09774,
8.72033,-29.2546,24.5391,,3.17593,
8.73034,-26.0396,26.078,,3.24604,
8.74033,-22.7594,27.5262,,3.30645,
8.75034,-19.4226,28.8581,,3.36079,
8.76033,-16.0371,30.0806,,3.40477,
8.77033,-12.6117,31.2259,,3.44105,
8.78034,-9.15467,32.254,,3.46871,
8.79033,-5.67462,33.2063,,3.48789,
8.80033,-2.18066,34.0668,,3.49759,
8.81034,1.31874,34.8435,,3.49933,
8.82033,4.81514,35.549,,3.49258,
8.83033,8.29914,36.1773,,3.47619,
8.84034,11.7626,36.7295,,3.45157,
8.85033,15.1964,37.2128,,3.41809,
8.86033,18.5925,37.6422,,3.3768,
8.87034,21.9421,37.9914,,3.32611,
8.88033,25.2364,38.2998,,3.26765,
8.89034,28.4681,38.5328,,3.20066,
8.90033,31.6285,38.7171,,3.12616,
8.91033,34.7097,38.8626,,3.04348,
8.92034,37.7045,38.9267,,2.95387,
8.93033,40.6052,38.9615,,2.85597,
8.94033,43.4038,38.9333,,2.75018,
8.95034,46.0939,38.8507,,2.64001,
8.96033,48.6688,38.7259,,2.52025,
8.97033,51.1218,38.5547,,2.39794,
8.98034,53.4482,38.3254,,2.2672,
8.99033,55.6408,38.0411,,2.13061,
9.00034,57.6943,37.7266,,1.98933,
9.01033,59.6028,37.3284,,1.84243,
9.02033,61.3628,36.8793,,1.6917,
9.03034,62.9695,36.3864,,1.53582,
9.04033,64.4181,35.8229,,1.37755,
9.05033,65.707,35.2022,,1.21499,
9.06034,66.8298,34.5051,,1.04759,
9.07033,67.786,33.7126,,0.881201,
9.08033,68.5739,32.856,,0.711223,
9.09034,69.1908,31.8786,,0.538855,
9.10033,69.6334,30.8183,,0.364305,
9.11033,69.9029,29.6191,,0.191647,
9.12034,69.9981,28.2829,,0.0155795,
9.13033,69.9171,26.7886,,-0.159846,
9.14034,69.661,25.1064,,-0.3338,
9.15033,69.2323,23.2307,,-0.506816,
9.16033,68.6304,21.1381,,-0.679669,
9.17034,67.8566,18.8433,,-0.849858,
9.18033,66.9137,16.3351,,-1.01865,
9.19033,65.804,13.6629,,-1.18493,
9.20034,64.5273,10.8199,,-1.35006,
9.21033,63.0905,7.90501,,-1.50766,
9.22033,61.4963,4.94279,,-1.66418,
9.23034,59.7485,2.00446,,-1.81577,
9.24033,57.8512,-0.88748,,-1.96348,
9.25034,55.809,-3.69152,,-2.10613,
9.26033,53.6274,-6.3865,,-2.24201,
9.27033,51.3124,-8.94605,,-2.3747,
9.28034,48.8678,-11.4166,,-2.50011,
9.29033,46.3016,-13.7407,,-2.61966,
9.30033,43.6198,-15.9445,,-2.73198,
9.31034,40.8286,-18.0371,,-2.83802,
9.32033,37.9356,-20.0076,,-2.9363,
9.33033,34.9484,-21.8577,,-3.02874,
9.34034,31.8733,-23.6109,,-3.11188,
9.35033,28.719,-25.2314,,-3.18802,
9.36033,25.492,-26.765,,-3.257,
9.37034,22.2021,-28.1749,,-3.31598,
9.38033,18.8568,-29.4811,,-3.36803,
9.39034,15.4638,-30.6839,,-3.41177,
9.40033,12.0322,-31.7895,,-3.44667,
9.41033,8.57077,-32.8042,,-3.47265,
9.42034,5.08798,-33.7334,,-3.49014,
9.43033,1.59231,-34.5816,,-3.49884,
9.44033,-1.90715,-35.3385,,-3.4985,
9.45034,-5.40202,-36.0254,,-3.4903,
9.46033,-8.8832,-36.6284,,-3.47241,
9.47033,-12.3421,-37.1633,,-3.44673,
9.48034,-15.7703,-37.632,,-3.4119,
9.49033,-19.1591,-38.0385,,-3.36848,
9.50034,-22.4998,-38.3885,,-3.31652,
9.51033,-25.7844,-38.6765,,-3.25739,
9.52033,-29.0048,-38.91,,-3.18896,
9.53034,-32.1524,-39.0817,,-3.11297,
9.54033,-35.22,-39.1936,,-3.02861,
9.55033,-38.1989,-39.2649,,-2.93748,
9.56034,-41.0821,-39.2737,,-2.83825,
9.57033,-43.8636,-39.2405,,-2.73322,
9.58033,-46.5351,-39.1624,,-2.62016,
9.59034,-49.0908,-39.0117,,-2.5011,
9.60033,-51.5223,-38.8369,,-2.37574,
9.61033,-53.8269,-38.5862,,-2.24407,
9.62034,-55.9955,-38.3105,,-2.10696,
9.63033,-58.0252,-37.9671,,-1.96541,
9.64034,-59.9095,-37.574,,-1.81755,
9.65033,-61.6438,-37.1264,,-1.66506,
9.66033,-63.2236,-36.6053,,-1.50952,
9.67034,-64.6455,-36.0422,,-1.34975,
9.68033,-65.9066,-35.4019,,-1.18815,
9.69033,-67.003,-34.6848,,-1.02072,
9.70034,-67.9311,-33.903,,-0.852298,
9.71033,-68.6903,-33.016,,-0.682514,
9.72033,-69.2778,-32.0379,,-0.509933,
9.73034,-69.6918,-30.9439,,-0.335038,
9.74033,-69.932,-29.7238,,-0.162412,
9.75034,-69.9981,-28.3631,,0.0131651,
9.76033,-69.8879,-26.8384,,0.189164,
9.77033,-69.602,-25.1388,,0.364194,
9.78034,-69.1431,-23.2307,,0.536633,
9.79033,-68.5122,-21.1198,,0.707673,
9.80033,-67.71,-18.7809,,0.879797,
9.81034,-66.7377,-16.2427,,1.04793,
9.82033,-65.5986,-13.5487,,1.21235,
9.83033,-64.2969,-10.6817,,1.3748,
9.84034,-62.8339,-7.7765,,1.53497,
9.85033,-61.2125,-4.81704,,1.69081,
9.86033,-59.4396,-1.88221,,1.83961,
9.87034,-57.5182,1.00009,,1.9878,
9.88033,-55.4517,3.77999,,2.12985,
9.89034,-53.247,6.43994,,2.2655,
9.90033,-50.9085,8.99644,,2.39653,
9.91033,-48.4442,11.4158,,2.51906,
9.92034,-45.8591,13.7177,,2.63852,
9.93033,-43.1582,15.9092,,2.75104,
9.94033,-40.3492,17.9818,,2.85508,
9.95034,-37.44,19.9248,,2.95271,
9.96033,-34.4363,21.7621,,3.04372,
9.97033,-31.3481,23.4874,,3.12415,
9.98034,-28.1813,25.0904,,3.20062,
9.99033,-24.9432,26.5811,,3.26729,
10.0003,-21.6432,27.9753,,3.32548,
10.0103,-18.289,29.2599,,3.37632,
10.0203,-14.8892,30.4486,,3.41791,
10.0303,-11.4522,31.5406,,3.45138,
10.0403,-7.9865,32.5395,,3.47619,
10.0503,-4.5009,33.4438,,3.49235,
10.0603,-1.00399,34.256,,3.49941,
10.0703,2.49537,35.0077,,3.49824,
10.0803,5.9886,35.6585,,3.48755,
10.0903,9.46672,36.2655,,3.46883,
10.1003,12.9211,36.7795,,3.44117,
10.1103,16.343,37.2317,,3.40506,
10.1203,19.7245,37.6214,,3.3612,
10.1303,23.0565,37.9473,,3.30701,
10.1403,26.331,38.2252,,3.24612,
10.1503,29.5392,38.4465,,3.17631,
10.1603,32.6736,38.6082,,3.09861,
10.1703,35.7265,38.7194,,3.01472,
10.1803,38.6905,38.7589,,2.92135,
10.1903,41.5574,38.7586,,2.82143,
10.2003,44.3209,38.7059,,2.71547,
10.2103,46.9742,38.6103,,2.60072,
10.2203,49.5088,38.4698,,2.47938,
10.2303,51.9189,38.2864,,2.35344,
10.2403,54.2007,38.0374,,2.22145,
10.2503,56.3468,37.7306,,2.08419,
10.2603,58.3524,37.3802,,1.94025,
10.2703,60.2118,36.9647,,1.79258,
10.2803,61.9207,36.499,,1.63974,
10.2903,63.4743,35.984,,1.48317,
10.3003,64.8707,35.4116,,1.32506,
10.3103,66.1044,34.7662,,1.15761,
10.3203,67.1709,34.0365,,0.991952,
10.3303,68.0706,33.2271,,0.823592,
10.3403,68.8004,32.3249,,0.653051,
10.3503,69.359,31.3278,,0.480876,
10.3603,69.7443,30.2196,,0.307132,
10.3703,69.9546,28.9814,,0.130862,
10.3803,69.9898,27.5951,,-0.0430531,
10.3903,69.8507,26.046,,-0.217443,
10.4003,69.5373,24.3112,,-0.392355,
10.4103,69.0493,22.3636,,-0.565316,
10.4203,68.3894,20.2141,,-0.73761,
10.4303,67.5581,17.8576,,-0.907763,
10.4403,66.5586,15.2971,,-1.07325,
10.4503,65.3933,12.5598,,-1.24149,
10.4603,64.0616,9.69723,,-1.40401,
10.4703,62.5712,6.76972,,-1.56108,
10.4803,60.9252,3.81003,,-1.71559,
10.4903,59.1261,0.902093,,-1.86574,
10.5003,57.1797,-1.95656,,-2.01171,
10.5103,55.091,-4.70363,,-2.15154,
10.5203,52.8636,-7.36329,,-2.28861,
10.5303,50.5022,-9.88133,,-2.41821,
10.5403,48.017,-12.2842,,-2.54043,
10.5503,45.4115,-14.5692,,-2.65751,
10.5603,42.6926,-16.725,,-2.76861,
10.5703,39.8665,-18.7693,,-2.87189,
10.5803,36.9418,-20.6924,,-2.96687,
10.5903,33.9239,-22.4985,,-3.05846,
10.6003,30.8207,-24.2019,,-3.13851,
10.6103,27.6414,-25.7655,,-3.21215,
10.6203,24.3923,-27.252,,-3.27753,
10.6303,21.0829,-28.6248,,-3.33481,
10.6403,17.7202,-29.887,,-3.38386,
10.6503,14.3136,-31.0469,,-3.42412,
10.6603,10.8711,-32.1211,,-3.45624,
10.6703,7.40143,-33.0888,,-3.47898,
10.6803,3.91334,-33.9814,,-3.49421,
10.6903,0.415458,-34.7822,,-3.49981,
10.7003,-3.08338,-35.5011,,-3.49689,
10.7103,-6.57471,-36.1496,,-3.48537,
10.7203,-10.0494,-36.7173,,-3.46507,
10.7303,-13.4992,-37.2316,,-3.4359,
10.7403,-16.9149,-37.6753,,-3.39776,
10.7503,-20.2885,-38.049,,-3.35235,
10.7603,-23.6116,-38.3684,,-3.29801,
10.7703,-26.8754,-38.6191,,-3.23511,
10.7803,-30.0724,-38.8226,,-3.16425,
10.7903,-33.1935,-38.968,,-3.08484,
10.8003,-36.2316,-39.0771,,-2.99899,
10.8103,-39.1799,-39.1183,,-2.90508,
10.8203,-42.0299,-39.117,,-2.804,
10.8303,-44.7744,-39.0535,,-2.69549,
10.8403,-47.4074,-38.9398,,-2.58081,
10.8503,-49.9223,-38.7806,,-2.45918,
10.8603,-52.3113,-38.5791,,-2.33157,
10.8703,-54.5708,-38.3252,,-2.19944,
10.8803,-56.6945,-38.0168,,-2.0604,
10.8903,-58.6748,-37.6646,,-1.91439,
10.9003,-60.5089,-37.2489,,-1.76755,
10.9103,-62.1925,-36.774,,-1.61432,
10.9203,-63.72,-36.2286,,-1.45584,
10.9303,-65.0879,-35.6435,,-1.29636,
10.9403,-66.2942,-34.9856,,-1.13161,
10.9503,-67.3343,-34.2497,,-0.964943,
10.9603,-68.2062,-33.4394,,-0.794659,
10.9703,-68.907,-32.5206,,-0.624111,
10.9803,-69.4357,-31.5046,,-0.451033,
10.9903,-69.7913,-30.3642,,-0.276521,
11.0003,-69.9732,-29.1034,,-0.104488,
11.0103,-69.9795,-27.6868,,0.0733429,
11.0203,-69.8103,-26.1118,,0.248051,
11.0303,-69.4668,-24.3563,,0.420941,
11.0403,-68.9507,-22.3849,,0.593795,
11.0503,-68.262,-20.2065,,0.766645,
11.0603,-67.4015,-17.7981,,0.936872,
11.0703,-66.3729,-15.2072,,1.10408,
11.0803,-65.1788,-12.4514,,1.26636,
11.0903,-63.8225,-9.57539,,1.42965,
11.1003,-62.3055,-6.66221,,1.5871,
11.1103,-60.6329,-3.71089,,1.74225,
11.1203,-58.809,-0.797627,,1.89029,
11.1303,-56.8394,2.03938,,2.03453,
11.1403,-54.7262,4.78152,,2.17563,
11.1503,-52.4755,7.40513,,2.31257,
11.1603,-50.0922,9.91234,,2.43903,
11.1703,-47.5865,12.2854,,2.55995,
11.1803,-44.9622,14.5332,,2.67554,
11.1903,-42.2243,16.6831,,2.78827,
11.2003,-39.3809,18.6975,,2.88779,
11.2103,-36.4401,20.5974,,2.98282,
11.2203,-33.4074,22.3988,,3.0721,
11.2303,-30.2914,24.0684,,3.15107,
11.2403,-27.0996,25.6263,,3.22378,
11.2503,-23.8399,27.0869,,3.28813,
11.2603,-20.5206,28.4246,,3.34381,
11.2703,-17.1499,29.6739,,3.3908,
11.2803,-13.7369,30.8144,,3.42998,
11.2903,-10.2895,31.861,,3.4606,
11.3003,-6.81601,32.8192,,3.48268,
11.3103,-3.32548,33.693,,3.49544,
11.3203,0.173007,34.4791,,3.49996,
11.3303,3.67129,35.185,,3.49553,
11.3403,7.16031,35.8076,,3.48233,
11.3503,10.6314,36.3683,,3.46086,
11.3603,14.076,36.8515,,3.43014,
11.3703,17.4855,37.2855,,3.39133,
11.3803,20.8512,37.6379,,3.34324,
11.3903,24.1648,37.9598,,3.28801,
11.4003,27.418,38.2034,,3.22325,
11.4103,30.6023,38.384,,3.15147,
11.4203,33.7109,38.516,,3.07262,
11.4303,36.7346,38.6011,,2.98267,
11.4403,39.666,38.6309,,2.88779,
11.4503,42.4983,38.6171,,2.78633,
11.4603,45.2253,38.559,,2.67751,
11.4703,47.8394,38.4339,,2.56112,
11.4803,50.3341,38.274,,2.43867,
11.4903,52.7013,38.0443,,2.30918,
11.5003,54.9383,37.7797,,2.17642,
11.5103,57.0373,37.4602,,2.0355,
11.5203,58.9934,37.0928,,1.89051,
11.5303,60.8027,36.6718,,1.74157,
11.5403,62.4596,36.1953,,1.58737,
11.5503,63.961,35.6434,,1.43066,
11.5603,65.3028,35.0464,,1.26802,
11.5703,66.4804,34.3627,,1.1039,
11.5803,67.4926,33.6113,,0.935835,
11.5903,68.3349,32.7671,,0.766229,
11.6003,69.008,31.8439,,0.596087,
11.6103,69.5085,30.8177,,0.421839,
11.6203,69.8341,29.675,,0.246908,
11.6303,69.9866,28.3841,,0.0750532,
11.6403,69.9633,26.9565,,-0.103426,
11.6503,69.7647,25.3336,,-0.276157,
11.6603,69.3924,23.5314,,-0.450951,
11.6703,68.8462,21.5199,,-0.623729,
11.6803,68.1289,19.3061,,-0.793862,
11.6903,67.2411,16.8913,,-0.964494,
11.7003,66.1846,14.2745,,-1.13091,
11.7103,64.9631,11.4914,,-1.29565,
11.7203,63.5792,8.61672,,-1.45554,
11.7303,62.0356,5.65539,,-1.61497,
11.7403,60.3374,2.72919,,-1.76568,
11.7503,58.489,-0.162429,,-1.91552,
11.7603,56.4933,-2.98413,,-2.0604,
11.7703,54.3566,-5.69002,,-2.19863,
11.7803,52.0844,-8.2971,,-2.33127,
11.7903,49.6816,-10.7684,,-2.4605,
11.8003,47.1543,-13.135,,-2.58056,
11.8103,44.51,-15.3675,,-2.69598,
11.8203,41.7536,-17.4847,,-2.80412,
11.8303,38.8936,-19.4821,,-2.90504,
11.8403,35.9368,-21.3576,,-2.99848,
11.8503,32.8891,-23.1273,,-3.08636,
11.8603,29.7592,-24.7669,,-3.16424,
11.8703,26.5557,-26.3067,,-3.23472,
11.8803,23.286,-27.742,,-3.2975,
11.8903,19.9576,-29.0648,,-3.35251,
11.9003,16.5791,-30.2989,,-3.39843,
11.9103,13.1594,-31.4146,,-3.43571,
11.9203,9.70691,-32.4432,,-3.46492,
11.9303,6.2302,-33.3769,,-3.4853,
11.9403,2.73763,-34.2288,,-3.49704,
11.9503,-0.76155,-34.9953,,-3.49965,
11.9603,-4.25888,-35.6758,,-3.49417,
11.9703,-7.74561,-36.3019,,-3.47915,
11.9803,-11.2128,-36.841,,-3.4562,
11.9903,-14.6522,-37.3231,,-3.42423,
12.0003,-18.0546,-37.7303,,-3.38387,
12.0103,-21.4123,-38.08,,-3.33465,
12.0203,-24.7164,-38.3692,,-3.27793,
12.0303,-27.9585,-38.5999,,-3.21155,
12.0403,-31.1303,-38.7821,,-3.1379,
12.0503,-34.2243,-38.9042,,-3.05752,
12.0603,-37.2338,-38.9859,,-2.96876,
12.0703,-40.15,-39.0008,,-2.87272,
12.0803,-42.9665,-38.9848,,-2.76831,
12.0903,-45.6735,-38.9001,,-2.65677,
12.1003,-48.2661,-38.7591,,-2.53893,
12.1103,-50.7398,-38.591,,-2.41918,
12.1203,-53.0874,-38.3697,,-2.28815,
12.1303,-55.301,-38.0863,,-2.1521,
12.1403,-57.3765,-37.7672,,-2.01186,
12.1503,-59.3083,-37.3942,,-1.86598,
12.1603,-61.0925,-36.9594,,-1.71642,
12.1703,-62.7238,-36.4606,,-1.56041,
12.1803,-64.198,-35.9045,,-1.40366,
12.1903,-65.5129,-35.3033,,-1.24156,
12.2003,-66.6629,-34.5992,,-1.07501,
12.2103,-67.6467,-33.8415,,-0.908831,
12.2203,-68.4613,-32.9952,,-0.736931,
12.2303,-69.1043,-32.0478,,-0.566071,
12.2403,-69.5749,-30.9977,,-0.392549,
12.2503,-69.8718,-29.8204,,-0.218091,
12.2603,-69.9946,-28.5173,,-0.044701,
12.2703,-69.9417,-27.0575,,0.13282,
12.2803,-69.7134,-25.4126,,0.306038,
12.2903,-69.3118,-23.5838,,0.479534,
12.3003,-68.7372,-21.5461,,0.652196,
12.3103,-67.991,-19.2938,,0.823196,
12.3203,-67.0745,-16.8351,,0.992235,
12.3303,-65.99,-14.1985,,1.15914,
12.3403,-64.7414,-11.3983,,1.32217,
12.3503,-63.3303,-8.50731,,1.48285,
12.3603,-61.7607,-5.56245,,1.64004,
12.3703,-60.0367,-2.63239,,1.79216,
12.3803,-58.1629,0.261929,,1.93964,
12.3903,-56.1438,3.06343,,2.08364,
12.4003,-53.9839,5.75058,,2.22154,
12.4103,-51.6897,8.31532,,2.35242,
12.4203,-49.2655,10.7872,,2.48198,
12.4303,-46.7177,13.1099,,2.60164,
12.4403,-44.0533,15.3337,,2.71409,
12.4503,-41.2796,17.432,,2.8213,
12.4603,-38.4028,19.4096,,2.92149,
12.4703,-35.4303,21.2715,,3.01353,
12.4803,-32.3687,23.0087,,3.09944,
12.4903,-29.2264,24.6385,,3.17628,
12.5003,-26.0107,26.1534,,3.24681,
12.5103,-22.7297,27.5623,,3.30752,
12.5203,-19.3923,28.8777,,3.36068,
12.5303,-16.0068,30.0787,,3.40491,
12.5403,-12.5809,31.1936,,3.44149,
12.5503,-9.12388,32.1948,,3.46875,
12.5603,-5.64364,33.1216,,3.48827,
12.5703,-2.14938,33.9436,,3.49773,
12.5803,1.34994,34.6895,,3.49925,
12.5903,4.84619,35.3628,,3.49235,
12.6003,8.32997,35.96,,3.47601,
12.6103,11.7933,36.4923,,3.45127,
12.6203,15.2269,36.9628,,3.41798,
12.6303,18.6223,37.3624,,3.37588,
12.6403,21.9713,37.6921,,3.32576,
12.6503,25.2656,37.9662,,3.26729,
12.6603,28.4967,38.1826,,3.20019,
12.6703,31.6563,38.347,,3.12533,
12.6803,34.7369,38.4634,,3.04293,
12.6903,37.7307,38.5404,,2.9526,
12.7003,40.6302,38.544,,2.85515,
12.7103,43.429,38.5101,,2.75029,
12.7203,46.1173,38.4096,,2.63783,
12.7303,48.6917,38.2761,,2.52254,
12.7403,51.146,38.0856,,2.39514,
12.7503,53.4691,37.842,,2.26463,
12.7603,55.6595,37.5782,,2.1289,
12.7703,57.7117,37.2329,,1.98801,
12.7803,59.6187,36.8457,,1.84098,
12.7903,61.3774,36.4036,,1.69004,
12.8003,62.9827,35.8924,,1.53514,
12.8103,64.4302,35.3336,,1.37568,
12.8203,65.7165,34.6987,,1.21289,
12.8303,66.839,34.0018,,1.04807,
12.8403,67.7945,33.2217,,0.879363,
12.8503,68.5803,32.3542,,0.709436,
12.8603,69.1957,31.4094,,0.537888,
12.8703,69.6381,30.3325,,0.363424,
12.8803,69.9046,29.1456,,0.187869,
12.8903,69.9981,27.8068,,0.0156386,
12.9003,69.9162,26.3139,,-0.161439,
12.9103,69.6586,24.6397,,-0.336084,
12.9203,69.2274,22.7701,,-0.509182,
12.9303,68.6235,20.7031,,-0.680787,
12.9403,67.8484,18.4118,,-0.852071,
12.9503,66.9039,15.9365,,-1.01977,
12.9603,65.7926,13.2612,,-1.18633,
12.9703,64.5153,10.4436,,-1.3509,
12.9803,63.077,7.53326,,-1.50879,
12.9903,61.482,4.59804,,-1.66542,
13.0003,59.7323,1.67401,,-1.81781,
13.0103,57.8336,-1.19834,,-1.96429,
13.0203,55.7901,-3.97876,,-2.10745,
13.0303,53.6071,-6.65105,,-2.24388,
13.0403,51.2911,-9.20359,,-2.37515,
13.0503,48.8457,-11.6498,,-2.50142,
13.0603,46.2781,-13.9519,,-2.62072,
13.0703,43.5958,-16.1416,,-2.73256,
13.0803,40.8035,-18.221,,-2.83942,
13.0903,37.9093,-20.1693,,-2.93697,
13.1003,34.9216,-22.005,,-3.02922,
13.1103,31.8453,-23.7369,,-3.11334,
13.1203,28.6902,-25.3305,,-3.18824,
13.1303,25.4634,-26.8371,,-3.25713,
13.1403,22.1728,-28.22,,-3.31681,
13.1503,18.8266,-29.5112,,-3.36879,
13.1603,15.4335,-30.6972,,-3.41166,
13.1703,12.0017,-31.777,,-3.44692,
13.1803,8.53998,-32.7755,,-3.47302,
13.1903,5.05695,-33.6777,,-3.49014,
13.2003,1.56116,-34.4902,,-3.49884,
13.2103,-1.93824,-35.2174,,-3.49868,
13.2203,-5.43308,-35.8729,,-3.49006,
13.2303,-8.91407,-36.4619,,-3.47237,
13.2403,-12.3729,-36.9723,,-3.44644,
13.2503,-15.8008,-37.4174,,-3.41149,
13.2603,-19.1893,-37.8137,,-3.36829,
13.2703,-22.5297,-38.1294,,-3.31643,
13.2803,-25.8138,-38.4031,,-3.2565,
13.2903,-29.0333,-38.6094,,-3.18796,
13.3003,-32.1802,-38.7642,,-3.11252,
13.3103,-35.2467,-38.8634,,-3.02735,
13.3203,-38.2249,-38.9176,,-2.93649,
13.3303,-41.1073,-38.9167,,-2.83772,
13.3403,-43.8875,-38.8739,,-2.73163,
13.3503,-46.5582,-38.7829,,-2.62035,
13.3603,-49.1145,-38.63,,-2.50217,
13.3703,-51.5456,-38.4329,,-2.37321,
13.3803,-53.8472,-38.1927,,-2.2419,
13.3903,-56.0149,-37.8893,,-2.10626,
13.4003,-58.043,-37.5446,,-1.96295,
13.4103,-59.9255,-37.1376,,-1.81564,
13.4203,-61.6578,-36.6942,,-1.66408,
13.4303,-63.2368,-36.1835,,-1.50895,
13.4403,-64.6583,-35.6137,,-1.34958,
13.4503,-65.9185,-34.9816,,-1.18573,
13.4603,-67.0123,-34.2608,,-1.0187,
13.4703,-67.9387,-33.4603,,-0.85085,
13.4803,-68.696,-32.576,,-0.680077,
13.4903,-69.2819,-31.6004,,-0.508147,
13.5003,-69.6941,-30.5194,,-0.334188,
13.5103,-69.933,-29.3051,,-0.160875,
13.5203,-69.9971,-27.9552,,0.0159718,
13.5303,-69.8839,-26.4312,,0.191715,
13.5403,-69.5978,-24.7213,,0.363081,
13.5503,-69.1394,-22.8244,,0.537302,
13.5603,-68.5061,-20.7164,,0.710586,
13.5703,-67.7022,-18.3983,,0.880387,
13.5803,-66.7281,-15.8816,,1.05102,
13.5903,-65.5876,-13.1926,,1.2126,
13.6003,-64.2842,-10.3592,,1.37721,
13.6103,-62.8197,-7.44357,,1.53542,
13.6203,-61.1988,-4.50322,,1.69058,
13.6303,-59.4238,-1.58265,,1.84289,
13.6403,-57.5,1.28628,,1.98884,
13.6503,-55.4332,4.03842,,2.13085,
13.6603,-53.2271,6.68776,,2.26611,
13.6703,-50.8902,9.21849,,2.39523,
13.6803,-48.4237,11.6373,,2.52297,
13.6903,-45.8349,13.9218,,2.64159,
13.7003,-43.1327,16.1037,,2.75144,
13.7103,-40.3229,18.1586,,2.85569,
13.7203,-37.413,20.0892,,2.95355,
13.7303,-34.4098,21.9136,,3.04273,
13.7403,-31.3207,23.611,,3.12625,
13.7503,-28.1524,25.1997,,3.20119,
13.7603,-24.914,26.6775,,3.26782,
13.7703,-21.6135,28.0423,,3.3258,
13.7803,-18.2588,29.3148,,3.37692,
13.7903,-14.8587,30.4734,,3.41817,
13.8003,-11.4213,31.5535,,3.45163,
13.8103,-7.95548,32.5292,,3.47626,
13.8203,-4.46962,33.4101,,3.49252,
13.8303,-0.972858,34.2105,,3.4994,
13.8403,2.52651,34.9131,,3.49815,
13.8503,6.01963,35.5636,,3.48736,
13.8603,9.49756,36.1195,,3.46864,
13.8703,12.9518,36.6315,,3.44092,
13.8803,16.3736,37.0636,,3.405,
13.8903,19.7544,37.4384,,3.35991,
13.9003,23.0857,37.7443,,3.30689,
13.9103,26.3598,38.0063,,3.24567,
13.9203,29.5674,38.1998,,3.17576,
13.9303,32.7017,38.3364,,3.0994,
13.9403,35.7546,38.4444,,3.01273,
13.9503,38.717,38.4769,,2.92088,
13.9603,41.5838,38.4693,,2.82088,
13.9703,44.3451,38.4086,,2.71269,
13.9803,46.9965,38.3004,,2.59964,
13.9903,49.5286,38.1467,,2.47646,
14.0003,51.9388,37.9388,,2.35468,
14.0103,54.2207,37.6849,,2.22097,
14.0203,56.3658,37.3847,,2.08264,
14.0303,58.3694,37.0317,,1.93786,
14.0403,60.2271,36.6139,,1.79138,
14.0503,61.9344,36.1498,,1.6382,
14.0603,63.487,35.6303,,1.48224,
14.0703,64.8802,35.0391,,1.31909,
14.0803,66.112,34.3873,,1.16035,
14.0903,67.18,33.6695,,0.992079,
14.1003,68.0788,32.8507,,0.822274,
14.1103,68.8077,31.9676,,0.651624,
14.1203,69.364,30.9743,,0.47852,
14.1303,69.747,29.8598,,0.3046,
14.1403,69.9552,28.6179,,0.130029,
14.1503,69.9894,27.2362,,-0.0446495,
14.1603,69.8483,25.6925,,-0.219821,
14.1703,69.5327,23.9527,,-0.393642,
14.1803,69.0447,22.0249,,-0.56603,
14.1903,68.383,19.8851,,-0.739546,
14.2003,67.5494,17.525,,-0.909752,
14.2103,66.5483,14.977,,-1.07574,
14.2203,65.3807,12.2552,,-1.24213,
14.2303,64.0492,9.399,,-1.40393,
14.2403,62.5579,6.4744,,-1.56252,
14.2503,60.9101,3.55172,,-1.71665,
14.2603,59.1101,0.644413,,-1.86811,
14.2703,57.1616,-2.19379,,-2.01313,
14.2803,55.0716,-4.9465,,-2.15295,
14.2903,52.8428,-7.57261,,-2.28846,
14.3003,50.4831,-10.0994,,-2.4184,
14.3103,47.9954,-12.4871,,-2.54277,
14.3203,45.388,-14.7577,,-2.65939,
14.3303,42.6679,-16.9007,,-2.76907,
14.3403,39.8418,-18.9316,,-2.87197,
14.3503,36.9159,-20.8412,,-2.96911,
14.3603,33.8964,-22.6463,,-3.05916,
14.3703,30.7927,-24.3319,,-3.13894,
14.3803,27.6125,-25.8914,,-3.21296,
14.3903,24.3634,-27.3589,,-3.27761,
14.4003,21.0534,-28.7074,,-3.33546,
14.4103,17.6902,-29.9558,,-3.38426,
14.4203,14.2832,-31.0929,,-3.42464,
14.4303,10.8405,-32.1368,,-3.45628,
14.4403,7.37061,-33.0936,,-3.47923,
14.4503,3.8822,-33.969,,-3.49436,
14.4603,0.384271,-34.7562,,-3.49981,
14.4703,-3.11447,-35.4598,,-3.49682,
14.4803,-6.60575,-36.0756,,-3.48544,
14.4903,-10.0802,-36.6276,,-3.46448,
14.5003,-13.5296,-37.1087,,-3.43559,
14.5103,-16.9451,-37.5316,,-3.39756,
14.5203,-20.3183,-37.8959,,-3.35174,
14.5303,-23.6404,-38.1976,,-3.297,
14.5403,-26.9039,-38.4467,,-3.23473,
14.5503,-30.0998,-38.6334,,-3.16351,
14.5603,-33.2208,-38.7576,,-3.08504,
14.5703,-36.2589,-38.8475,,-2.99844,
14.5803,-39.2059,-38.8644,,-2.90386,
14.5903,-42.0546,-38.8593,,-2.80223,
14.6003,-44.7988,-38.7882,,-2.69556,
14.6103,-47.4307,-38.6678,,-2.57934,
14.6203,-49.9442,-38.5099,,-2.45804,
14.6303,-52.333,-38.2891,,-2.33173,
14.6403,-54.5914,-38.0258,,-2.19692,
14.6503,-56.7119,-37.715,,-2.05784,
14.6603,-58.6919,-37.3503,,-1.91549,
14.6703,-60.5256,-36.94,,-1.766,
14.6803,-62.2073,-36.4533,,-1.61206,
14.6903,-63.7328,-35.9183,,-1.45472,
14.7003,-65.1006,-35.3315,,-1.29589,
14.7103,-66.3048,-34.6621,,-1.12849,
14.7203,-67.3423,-33.9295,,-0.96343,
14.7303,-68.2132,-33.1138,,-0.793962,
14.7403,-68.9125,-32.1989,,-0.621573,
14.7503,-69.4394,-31.178,,-0.449557,
14.7603,-69.7937,-30.0479,,-0.276397,
14.7703,-69.9732,-28.7872,,-0.0999376,
14.7803,-69.9778,-27.3815,,0.0733356,
14.7903,-69.8075,-25.8091,,0.24986,
14.8003,-69.4623,-24.0443,,0.422625,
14.8103,-68.9445,-22.0797,,0.59535,
14.8203,-68.2548,-19.9025,,0.766725,
14.8303,-67.3937,-17.5084,,0.938717,
14.8403,-66.3629,-14.9285,,1.10455,
14.8503,-65.1681,-12.1786,,1.26914,
14.8603,-63.8098,-9.31505,,1.43052,
14.8703,-62.2926,-6.40135,,1.58836,
14.8803,-60.6185,-3.45771,,1.74286,
14.8903,-58.7933,-0.558992,,1.89195,
14.9003,-56.8207,2.27034,,2.03788,
14.9103,-54.7057,4.99298,,2.1771,
14.9203,-52.4548,7.59858,,2.31035,
14.9303,-50.0728,10.1,,2.44014,
14.9403,-47.5653,12.4697,,2.56157,
14.9503,-44.9394,14.7236,,2.67772,
14.9603,-42.2003,16.8572,,2.78795,
14.9703,-39.3566,18.8726,,2.88835,
14.9803,-36.4147,20.7597,,2.98525,
14.9903,-33.3803,22.5382,,3.07287,
15.0003,-30.2632,24.191,,3.15243,
15.0103,-27.0707,25.7474,,3.22394,
15.0203,-23.8107,27.1927,,3.28867,
15.0303,-20.4909,28.5272,,3.34398,
15.0403,-17.1202,29.7578,,3.39089,
15.0503,-13.7066,30.8886,,3.43104,
15.0603,-10.2584,31.9013,,3.46081,
15.0703,-6.78511,32.8431,,3.48259,
15.0803,-3.2943,33.6973,,3.49566,
15.0903,0.20419,34.4539,,3.49986,
15.1003,3.70238,35.1576,,3.49557,
15.1103,7.19127,35.7741,,3.48214,
15.1203,10.6623,36.3089,,3.4608,
15.1303,14.1065,36.7765,,3.42947,
15.1403,17.5154,37.1741,,3.39085,
15.1503,20.8808,37.5213,,3.34294,
15.1603,24.1939,37.8083,,3.28718,
15.1703,27.4465,38.052,,3.22318,
15.1803,30.6303,38.2225,,3.15061,
15.1903,33.7375,38.3575,,3.07075,
15.2003,36.7603,38.4193,,2.98239,
15.2103,39.6912,38.4429,,2.88704,
15.2203,42.5227,38.4099,,2.78537,
15.2303,45.2489,38.3228,,2.67707,
15.2403,47.8623,38.2062,,2.56072,
15.2503,50.3549,38.0295,,2.43627,
15.2603,52.7216,37.8157,,2.30816,
15.2703,54.9573,37.543,,2.17529,
15.2803,57.0554,37.2201,,2.03482,
15.2903,59.0111,36.8406,,1.88996,
15.3003,60.8185,36.405,,1.73941,
15.3103,62.4742,35.9127,,1.58663,
15.3203,63.9746,35.376,,1.42895,
15.3303,65.3131,34.7786,,1.26522,
15.3403,66.4899,34.0972,,1.1024,
15.3503,67.5008,33.3382,,0.936103,
15.3603,68.3431,32.5027,,0.765241,
15.3703,69.0138,31.5792,,0.593021,
15.3803,69.512,30.5466,,0.420337,
15.3903,69.8364,29.3994,,0.245792,
15.4003,69.9865,28.1155,,0.0717679,
15.4103,69.9617,26.6819,,-0.1035,
15.4203,69.7622,25.0698,,-0.278113,
15.4303,69.3884,23.2777,,-0.451576,
15.4403,68.8416,21.2663,,-0.625112,
15.4503,68.1212,19.0486,,-0.797921,
15.4603,67.2308,16.637,,-0.965565,
15.4703,66.1736,14.0184,,-1.13191,
15.4803,64.9511,11.2559,,-1.29634,
15.4903,63.5659,8.37233,,-1.45746,
15.5003,62.0213,5.44257,,-1.61508,
15.5103,60.3216,2.52061,,-1.76798,
15.5203,58.4719,-0.36891,,-1.91696,
15.5303,56.4745,-3.18657,,-2.06153,
15.5403,54.3374,-5.89447,,-2.19856,
15.5503,52.0639,-8.47956,,-2.33336,
15.5603,49.66,-10.9594,,-2.46078,
15.5703,47.1327,-13.3119,,-2.58162,
15.5803,44.4862,-15.5327,,-2.69784,
15.5903,41.7291,-17.6513,,-2.80429,
15.6003,38.8685,-19.6395,,-2.90616,
15.6103,35.9107,-21.5155,,-2.99955,
15.6203,32.8621,-23.2766,,-3.08685,
15.6303,29.7317,-24.9103,,-3.1651,
15.6403,26.5272,-26.4433,,-3.23556,
15.6503,23.2563,-27.8581,,-3.29851,
15.6603,19.9277,-29.182,,-3.35245,
15.6703,16.5489,-30.3827,,-3.39879,
15.6803,13.129,-31.4884,,-3.43615,
15.6903,9.67608,-32.5172,,-3.46498,
15.7003,6.19929,-33.4195,,-3.48549,
15.7103,2.70661,-34.2635,,-3.49701,
15.7203,-0.79263,-35.0124,,-3.49965,
15.7303,-4.28986,-35.6815,,-3.49423,
15.7403,-7.77642,-36.2725,,-3.47875,
15.7503,-11.2434,-36.7992,,-3.45602,
15.7603,-14.6824,-37.2647,,-3.42392,
15.7703,-18.0845,-37.6598,,-3.38364,
15.7803,-21.4418,-38.0022,,-3.3343,
15.7903,-24.7453,-38.2766,,-3.27706,
15.8003,-27.9869,-38.4943,,-3.21138,
15.8103,-31.1581,-38.6483,,-3.13709,
15.8203,-34.2516,-38.7586,,-3.05637,
15.8303,-37.2598,-38.8306,,-2.96807,
15.8403,-40.175,-38.8323,,-2.8711,
15.8503,-42.99,-38.8102,,-2.7676,
15.8603,-45.6971,-38.7316,,-2.65662,
15.8703,-48.2896,-38.5859,,-2.53858,
15.8803,-50.7606,-38.39,,-2.4156,
15.8903,-53.1065,-38.1697,,-2.28796,
15.9003,-55.3202,-37.8683,,-2.15179,
15.9103,-57.3944,-37.5441,,-2.01047,
15.9203,-59.3251,-37.1735,,-1.86411,
15.9303,-61.1072,-36.7382,,-1.71456,
15.9403,-62.7371,-36.2412,,-1.56005,
15.9503,-64.2104,-35.6819,,-1.40131,
15.9603,-65.5232,-35.0657,,-1.23979,
15.9703,-66.6715,-34.3648,,-1.0735,
15.9803,-67.6538,-33.5959,,-0.907316,
15.9903,-68.4675,-32.7594,,-0.736655,
16.0003,-69.1095,-31.819,,-0.563997,
16.0103,-69.5779,-30.7711,,-0.390931,
16.0203,-69.8731,-29.6019,,-0.216419,
16.0303,-69.9943,-28.2882,,-0.0427707,
16.0403,-69.9398,-26.8203,,0.133563,
16.0503,-69.7107,-25.1735,,0.307432,
16.0603,-69.3081,-23.3479,,0.480486,
16.0703,-68.7316,-21.3165,,0.654459,
16.0803,-67.983,-19.0757,,0.825265,
16.0903,-67.0653,-16.6146,,0.993218,
16.1003,-65.9809,-13.9837,,1.15933,
16.1103,-64.7299,-11.1789,,1.32433,
16.1203,-63.3177,-8.29367,,1.48439,
16.1303,-61.7466,-5.3617,,1.64143,
16.1403,-60.0211,-2.43043,,1.79361,
16.1503,-58.1456,0.446395,,1.9419,
16.1603,-56.1245,3.24,,2.08452,
16.1703,-53.9645,5.9241,,2.22126,
16.1803,-51.6689,8.49938,,2.35629,
16.1903,-49.2426,10.9629,,2.48084,
16.2003,-46.696,13.2863,,2.60072,
16.2103,-44.0305,15.5032,,2.71765,
16.2203,-41.2539,17.6012,,2.82271,
16.2303,-38.3767,19.5618,,2.9217,
16.2403,-35.4038,21.4232,,3.01411,
16.2503,-32.3415,23.1596,,3.10021,
16.2603,-29.1982,24.7792,,3.17752,
16.2703,-25.9816,26.2928,,3.24684,
16.2803,-22.7003,27.6958,,3.30838,
16.2903,-19.362,28.9921,,3.3614,
16.3003,-15.9762,30.1852,,3.40515,
16.3103,-12.5501,31.278,,3.44186,
16.3203,-9.09264,32.2672,,3.46893,
16.3303,-5.61254,33.1685,,3.48787,
16.3403,-2.11847,33.9959,,3.49773,
16.3503,1.381,34.7238,,3.49947,
16.3603,4.87731,35.3865,,3.49222,
16.3703,8.36092,35.9677,,3.47576,
16.3803,11.8238,36.4887,,3.45096,
16.3903,15.2571,36.9238,,3.4178,
16.4003,18.6527,37.3095,,3.37575,
16.4103,22.0013,37.6301,,3.32548,
16.4203,25.295,37.8863,,3.26669,
16.4303,28.525,38.0948,,3.1987,
16.4403,31.6837,38.2572,,3.12495,
16.4503,34.7642,38.3733,,3.04263,
16.4603,37.7572,38.4139,,2.95163,
16.4703,40.6559,38.4157,,2.8541,
16.4803,43.4532,38.369,,2.74886,
16.4903,46.1406,38.2559,,2.63702,
16.5003,48.7136,38.1148,,2.51974,
16.5103,51.1656,37.9403,,2.39499,
16.5203,53.4887,37.6905,,2.26446,
16.5303,55.6788,37.407,,2.1281,
16.5403,57.7295,37.0733,,1.9864,
16.5503,59.6355,36.6564,,1.83958,
16.5603,61.3918,36.2081,,1.68766,
16.5703,62.9952,35.7056,,1.53407,
16.5803,64.442,35.1486,,1.37428,
16.5903,65.7271,34.5168,,1.21215,
16.6003,66.8481,33.8149,,1.04582,
16.6103,67.8017,33.0315,,0.878195,
16.6203,68.5871,32.1576,,0.70889,
16.6303,69.2004,31.1979,,0.535053,
16.6403,69.6405,30.1357,,0.361189,
16.6503,69.9055,28.9453,,0.18759,
16.6603,69.9978,27.6111,,0.013309,
16.6703,69.9143,26.1228,,-0.162436,
16.6803,69.6557,24.4505,,-0.33698,
16.6903,69.2241,22.5776,,-0.509192,
16.7003,68.6194,20.496,,-0.682589,
16.7103,67.8421,18.2203,,-0.854324,
16.7203,66.895,15.7406,,-1.02228,
16.7303,65.7822,13.0653,,-1.18702,
16.7403,64.5035,10.2547,,-1.353,
16.7503,63.0636,7.35641,,-1.51082,
16.7603,61.4662,4.41488,,-1.66733,
16.7703,59.7155,1.49174,,-1.81824,
16.7803,57.8165,-1.36701,,-1.96492,
16.7903,55.7715,-4.14137,,-2.1091,
16.8003,53.5872,-6.82469,,-2.24554,
16.8103,51.2696,-9.3675,,-2.37526,
16.8203,48.8237,-11.805,,-2.50279,
16.8303,46.255,-14.1272,,-2.62117,
16.8403,43.5719,-16.3077,,-2.73444,
16.8503,40.7781,-18.3845,,-2.83986,
16.8603,37.884,-20.3312,,-2.93769,
16.8703,34.8945,-22.1654,,-3.03087,
16.8803,31.8176,-23.8879,,-3.11376,
16.8903,28.6621,-25.4845,,-3.18851,
16.9003,25.4345,-26.9735,,-3.25815,
16.9103,22.1431,-28.3613,,-3.31739,
16.9203,18.7963,-29.6412,,-3.36947,
16.9303,15.4028,-30.815,,-3.41176,
16.9403,11.971,-31.8889,,-3.4471,
16.9503,8.50903,-32.8608,,-3.47307,
16.9603,5.02606,-33.7524,,-3.4902,
16.9703,1.53014,-34.5508,,-3.4991,
16.9803,-1.96933,-35.2631,,-3.49868,
16.9903,-5.46405,-35.9125,,-3.48981,
17.0003,-8.94491,-36.4749,,-3.47219,
17.0103,-12.4033,-36.9817,,-3.446,
17.0203,-15.8309,-37.4195,,-3.41096,
17.0303,-19.2187,-37.7842,,-3.36806,
17.0403,-22.5593,-38.0982,,-3.31611,
17.0503,-25.8425,-38.3421,,-3.2558,
17.0603,-29.0618,-38.5436,,-3.1879,
17.0703,-32.2078,-38.6816,,-3.11075,
17.0803,-35.2734,-38.7869,,-3.02728,
17.0903,-38.2511,-38.8257,,-2.93605,
17.1003,-41.1332,-38.8166,,-2.83737,
17.1103,-43.912,-38.7674,,-2.7299,
17.1203,-46.582,-38.6629,,-2.61885,
17.1303,-49.1353,-38.4925,,-2.49884,
17.1403,-51.5653,-38.3066,,-2.37329,
17.1503,-53.8662,-38.0523,,-2.2408,
17.1603,-56.0331,-37.7433,,-2.10568,
17.1703,-58.0608,-37.404,,-1.96316,
17.1803,-59.9427,-37.0008,,-1.81445,
17.1903,-61.6737,-36.5464,,-1.6623,
17.2003,-63.2509,-36.0156,,-1.50699,
17.2103,-64.6706,-35.4427,,-1.34835,
17.2203,-65.9287,-34.8097,,-1.18346,
17.2303,-67.0211,-34.0855,,-1.0174,
17.2403,-67.9463,-33.3001,,-0.849619,
17.2503,-68.7024,-32.4291,,-0.679169,
17.2603,-69.2861,-31.4381,,-0.505484,
17.2703,-69.6964,-30.3445,,-0.332362,
17.2803,-69.9335,-29.1335,,-0.159113,
17.2903,-69.9968,-27.7743,,0.0160037,
17.3003,-69.8835,-26.2546,,0.192572,
17.3103,-69.5951,-24.5556,,0.366274,
17.3203,-69.1331,-22.6654,,0.5402,
17.3303,-68.4992,-20.5506,,0.710487,
17.3403,-67.6942,-18.2284,,0.882115,
17.3503,-66.7194,-15.7056,,1.04989,
17.3603,-65.5779,-13.0109,,1.21629,
17.3703,-64.2721,-10.1743,,1.3785,
17.3803,-62.8068,-7.27111,,1.53576,
17.3903,-61.184,-4.33955,,1.69395,
17.4003,-59.4068,-1.4202,,1.84424,
17.4103,-57.4821,1.43624,,1.99005,
17.4203,-55.4137,4.192,,2.13127,
17.4303,-53.2068,6.85034,,2.26901,
17.4403,-50.8652,9.38496,,2.39863,
17.4503,-48.3986,11.8015,,2.52176,
17.4603,-45.8116,14.0891,,2.63967,
17.4703,-43.1093,16.2732,,2.75288,
17.4803,-40.2986,18.3123,,2.85614,
17.4903,-37.3879,20.2532,,2.95473,
17.5003,-34.3832,22.0704,,3.0447,
17.5103,-31.2923,23.7656,,3.12725,
17.5203,-28.1236,25.3556,,3.20152,
17.5303,-24.8849,26.8312,,3.26811,
17.5403,-21.5837,28.1968,,3.32643,
17.5503,-18.2289,29.4564,,3.37698,
17.5603,-14.8285,30.6074,,3.41852,
17.5703,-11.3907,31.6614,,3.45216,
17.5803,-7.92467,32.6245,,3.47643,
17.5903,-4.43864,33.4894,,3.49269,
17.6003,-0.941702,34.2929,,3.4994,
17.6103,2.55759,34.9912,,3.49797,
17.6203,6.0506,35.6189,,3.4872,
17.6303,9.52827,36.1678,,3.46839,
17.6403,12.9823,36.6488,,3.44082,
17.6503,16.4041,37.0708,,3.40493,
17.6603,19.7844,37.437,,3.3597,
17.6703,23.1156,37.733,,3.3062,
17.6803,26.3887,37.9867,,3.2451,
17.6903,29.596,38.1698,,3.17538,
17.7003,32.7292,38.2953,,3.09706,
17.7103,35.7803,38.3777,,3.01238,
17.7203,38.7424,38.4081,,2.91981,
17.7303,41.6076,38.3952,,2.82013,
17.7403,44.3691,38.3252,,2.71216,
17.7503,47.0192,38.2176,,2.59842,
17.7603,49.5525,38.0547,,2.47909,
17.7703,51.9616,37.8376,,2.35114,
17.7803,54.241,37.5846,,2.21876,
17.7903,56.3837,37.2662,,2.08019,
17.8003,58.3855,36.9167,,1.93711,
17.8103,60.2421,36.4929,,1.79014,
17.8203,61.9488,36.0239,,1.63761,
17.8303,63.4999,35.5112,,1.47968,
17.8403,64.8923,34.9024,,1.32074,
17.8503,66.1233,34.2693,,1.15698,
17.8603,67.1894,33.5238,,0.991008,
17.8703,68.0863,32.7172,,0.819961,
17.8803,68.8117,31.8245,,0.647788,
17.8903,69.3662,30.8316,,0.477768,
17.9003,69.7487,29.7188,,0.305001,
17.9103,69.9577,28.4872,,0.129684,
17.9203,69.9898,27.1015,,-0.0472566,
17.9303,69.8471,25.5522,,-0.220714,
17.9403,69.5307,23.8082,,-0.39525,
17.9503,69.0396,21.8743,,-0.569051,
17.9603,68.3757,19.7253,,-0.740697,
17.9703,67.5417,17.3757,,-0.910913,
17.9803,66.5378,14.8303,,-1.07982,
17.9903,65.3683,12.1042,,-1.24147,
18.0003,64.0373,9.25653,,-1.40489,
18.0103,62.5445,6.33649,,-1.56373,
18.0203,60.895,3.40119,,-1.71878,
18.0303,59.0939,0.482898,,-1.86792,
18.0403,57.1445,-2.35698,,-2.01554,
18.0503,55.0517,-5.09418,,-2.15486,
18.0603,52.8225,-7.73234,,-2.28926,
18.0703,50.4615,-10.2457,,-2.41915,
18.0803,47.973,-12.6303,,-2.54369,
18.0903,45.365,-14.9168,,-2.65979,
18.1003,42.6437,-17.0642,,-2.77052,
18.1103,39.8163,-19.0994,,-2.87347,
18.1203,36.8889,-21.0164,,-2.97038,
18.1303,33.869,-22.8149,,-3.05907,
18.1403,30.765,-24.4981,,-3.13974,
18.1503,27.584,-26.043,,-3.2136,
18.1603,24.334,-27.5096,,-3.27864,
18.1703,21.0231,-28.8481,,-3.33582,
18.1803,17.6599,-30.0997,,-3.38459,
18.1903,14.2526,-31.2395,,-3.42483,
18.2003,10.8097,-32.2743,,-3.45628,
18.2103,7.3398,-33.2224,,-3.47949,
18.2203,3.85111,-34.0704,,-3.49453,
18.2303,0.353157,-34.8419,,-3.4998,
18.2403,-3.14554,-35.5256,,-3.49664,
18.2503,-6.63669,-36.1392,,-3.48529,
18.2603,-10.1109,-36.6881,,-3.46421,
18.2703,-13.5599,-37.1573,,-3.43544,
18.2803,-16.9752,-37.5685,,-3.39736,
18.2903,-20.3479,-37.916,,-3.35093,
18.3003,-23.6697,-38.1991,,-3.29671,
18.3103,-26.9324,-38.432,,-3.2339,
18.3203,-30.128,-38.6156,,-3.16301,
18.3303,-33.2483,-38.7289,,-3.08466,
18.3403,-36.2856,-38.8135,,-2.99697,
18.3503,-39.2314,-38.8298,,-2.90254,
18.3603,-42.0793,-38.811,,-2.80233,
18.3703,-44.8225,-38.7377,,-2.69426,
18.3803,-47.4543,-38.6019,,-2.57988,
18.3903,-49.9676,-38.4294,,-2.45651,
18.4003,-52.3539,-38.2137,,-2.32924,
18.4103,-54.6106,-37.9396,,-2.19611,
18.4203,-56.7306,-37.6357,,-2.05735,
18.4303,-58.7091,-37.263,,-1.91308,
18.4403,-60.5406,-36.8377,,-1.76418,
18.4503,-62.2214,-36.3625,,-1.6115,
18.4603,-63.7464,-35.815,,-1.45375,
18.4703,-65.1117,-35.2267,,-1.29273,
18.4803,-66.3142,-34.5553,,-1.12832,
18.4903,-67.3512,-33.8188,,-0.961678,
18.5003,-68.2196,-32.9962,,-0.792049,
18.5103,-68.918,-32.0825,,-0.620507,
18.5203,-69.4431,-31.0704,,-0.447913,
18.5303,-69.7962,-29.9339,,-0.274468,
18.5403,-69.9747,-28.6755,,-0.100568,
18.5503,-69.9775,-27.2583,,0.0770547,
18.5603,-69.8047,-25.6771,,0.250703,
18.5703,-69.4588,-23.9194,,0.42456,
18.5803,-68.9383,-21.9507,,0.598248,
18.5903,-68.247,-19.7774,,0.767584,
18.6003,-67.3853,-17.3786,,0.938625,
18.6103,-66.3542,-14.7941,,1.1056,
18.6203,-65.1573,-12.0476,,1.27067,
18.6303,-63.7978,-9.18308,,1.43264,
18.6403,-62.2779,-6.25355,,1.59072,
18.6503,-60.6026,-3.32436,,1.74412,
18.6603,-58.7757,-0.420347,,1.89351,
18.6703,-56.8026,2.40944,,2.03762,
18.6803,-54.6871,5.13455,,2.17829,
18.6903,-52.4349,7.74805,,2.31075,
18.7003,-50.0524,10.251,,2.44182,
18.7103,-47.5434,12.6213,,2.56265,
18.7203,-44.9162,14.8817,,2.67953,
18.7303,-42.1756,17.0181,,2.78906,
18.7403,-39.3306,19.0296,,2.88995,
18.7503,-36.3872,20.9291,,2.98596,
18.7603,-33.3525,22.7041,,3.07315,
18.7703,-30.2354,24.3716,,3.15249,
18.7803,-27.0424,25.9152,,3.22502,
18.7903,-23.7814,27.3493,,3.28911,
18.8003,-20.4614,28.6792,,3.34421,
18.8103,-17.0904,29.8984,,3.39161,
18.8203,-13.6761,31.026,,3.43128,
18.8303,-10.2276,32.041,,3.46137,
18.8403,-6.75394,32.976,,3.48254,
18.8503,-3.26332,33.8189,,3.49572,
18.8603,0.235281,34.5607,,3.49974,
18.8703,3.73343,35.2458,,3.49549,
18.8803,7.22212,35.8351,,3.48206,
18.8903,10.6929,36.3697,,3.46064,
18.9003,14.137,36.8266,,3.42912,
18.9103,17.5456,37.2288,,3.39047,
18.9203,20.9105,37.5682,,3.34234,
18.9303,24.2226,37.8408,,3.28651,
18.9403,27.4751,38.0628,,3.22294,
18.9503,30.6582,38.2216,,3.14972,
18.9603,33.7652,38.3491,,3.07108,
18.9703,36.7874,38.3981,,2.98066,
18.9803,39.7169,38.4223,,2.88677,
18.9903,42.5491,38.382,,2.78604,
19.0003,45.2738,38.2937,,2.67386,
19.0103,47.885,38.1603,,2.55928,
19.0203,50.3778,37.9832,,2.43626,
19.0303,52.7428,37.7541,,2.30716,
19.0403,54.9762,37.4761,,2.17212,
19.0503,57.0728,37.1546,,2.03383,
19.0603,59.0277,36.7733,,1.88962,
19.0703,60.8342,36.3269,,1.73826,
19.0803,62.4893,35.8428,,1.58553,
19.0903,63.9872,35.2993,,1.42619,
19.1003,65.3252,34.6912,,1.26542,
19.1103,66.4999,34.0165,,1.10024,
19.1203,67.5085,33.2589,,0.933084,
19.1303,68.3487,32.4092,,0.764041,
19.1403,69.0189,31.4809,,0.592702,
19.1503,69.5155,30.4487,,0.417799,
19.1603,69.8383,29.2968,,0.245077,
19.1703,69.9879,28.0206,,0.0710286,
19.1803,69.9613,26.5871,,-0.10619,
19.1903,69.7592,24.969,,-0.280011,
19.2003,69.3839,23.1623,,-0.453109,
19.2103,68.8354,21.1525,,-0.626645,
19.2203,68.1144,18.9284,,-0.797832,
19.2303,67.2237,16.5221,,-0.966554,
19.2403,66.1642,13.9068,,-1.13488,
19.2503,64.9393,11.1366,,-1.29836,
19.2603,63.5523,8.25522,,-1.45903,
19.2703,62.0065,5.32187,,-1.61604,
19.2803,60.3058,2.38469,,-1.76974,
19.2903,58.4537,-0.504421,,-1.9182,
19.3003,56.4561,-3.32598,,-2.0624,
19.3103,54.3166,-6.03682,,-2.20153,
19.3203,52.0423,-8.62484,,-2.3339,
19.3303,49.6377,-11.1064,,-2.46094,
19.3403,47.1086,-13.4579,,-2.5836,
19.3503,44.4617,-15.6939,,-2.69779,
19.3603,41.7043,-17.8125,,-2.80509,
19.3703,38.8429,-19.811,,-2.90653,
19.3803,35.8833,-21.6806,,-3.00185,
19.3903,32.834,-23.454,,-3.08668,
19.4003,29.7037,-25.0771,,-3.16515,
19.4103,26.4988,-26.6149,,-3.23624,
19.4203,23.2272,-28.0293,,-3.29898,
19.4303,19.8976,-29.3395,,-3.35393,
19.4403,16.5184,-30.5495,,-3.39865,
19.4503,13.0982,-31.6461,,-3.43649,
19.4603,9.64505,-32.6547,,-3.46536,
19.4703,6.16814,-33.5699,,-3.48532,
19.4803,2.67558,-34.3858,,-3.49713,
19.4903,-0.823722,-35.1367,,-3.49953,
19.5003,-4.32093,-35.7729,,-3.49411,
19.5103,-7.80736,-36.3764,,-3.47874,
19.5203,-11.2741,-36.8787,,-3.45562,
19.5303,-14.7129,-37.3368,,-3.42384,
19.5403,-18.1148,-37.7276,,-3.38315,
19.5503,-21.4715,-38.0456,,-3.33348,
19.5603,-24.7742,-38.3125,,-3.27663,
19.5703,-28.0153,-38.526,,-3.21073,
19.5803,-31.1861,-38.6703,,-3.13692,
19.5903,-34.2789,-38.7799,,-3.05563,
19.6003,-37.2863,-38.8391,,-2.96672,
19.6103,-40.2007,-38.8361,,-2.87059,
19.6203,-43.0142,-38.8045,,-2.76581,
19.6303,-45.72,-38.7103,,-2.65553,
19.6403,-48.3114,-38.5534,,-2.53896,
19.6503,-50.7841,-38.3655,,-2.416,
19.6603,-53.1282,-38.1331,,-2.28487,
19.6703,-55.3391,-37.8421,,-2.14954,
19.6803,-57.4117,-37.5063,,-2.00917,
19.6903,-59.3411,-37.1264,,-1.86303,
19.7003,-61.1225,-36.6817,,-1.71431,
19.7103,-62.7513,-36.1815,,-1.55807,
19.7203,-64.2228,-35.6238,,-1.39963,
19.7303,-65.5344,-35.0049,,-1.23888,
19.7403,-66.6809,-34.3019,,-1.07145,
19.7503,-67.6614,-33.5421,,-0.905072,
19.7603,-68.4732,-32.6995,,-0.735758,
19.7703,-69.1144,-31.7441,,-0.56336,
19.7803,-69.5824,-30.6893,,-0.389212,
19.7903,-69.8749,-29.5162,,-0.215018,
19.8003,-69.9959,-28.2013,,-0.0421242,
19.8103,-69.9399,-26.7388,,0.135342,
19.8203,-69.7084,-25.0991,,0.310541,
19.8303,-69.3031,-23.2716,,0.481955,
19.8403,-68.7259,-21.2267,,0.655244,
19.8503,-67.9759,-18.9744,,0.827345,
19.8603,-67.0565,-16.508,,0.994207,
19.8703,-65.9699,-13.8674,,1.16209,
19.8803,-64.7174,-11.0672,,1.32579,
19.8903,-63.3036,-8.17769,,1.48515,
19.9003,-61.732,-5.25187,,1.64171,
19.9103,-60.0059,-2.32149,,1.79487,
19.9203,-58.1287,0.570594,,1.94434,
19.9303,-56.1055,3.36566,,2.08588,
19.9403,-53.9441,6.0634,,2.22344,
19.9503,-51.6478,8.64612,,2.35487,
19.9603,-49.2211,11.1079,,2.48406,
19.9703,-46.6715,13.4387,,2.60268,
19.9803,-44.0061,15.6557,,2.7157,
19.9903,-41.2308,17.7537,,2.82285,
20.0003,-38.3521,19.7314,,2.92386,
20.0103,-35.3765,21.5816,,3.01652,
20.0203,-32.3132,23.3348,,3.10037,
20.0303,-29.1696,24.9484,,3.17779,
20.0403,-25.9531,26.4789,,3.24695,
20.0503,-22.6714,27.866,,3.30882,
20.0603,-19.3327,29.167,,3.36195,
20.0703,-15.9462,30.3501,,3.40547,
20.0803,-12.5199,31.438,,3.44223,
20.0903,-9.06202,32.415,,3.46937,
20.1003,-5.58152,33.313,,3.48823,
20.1103,-2.0873,34.1261,,3.49775,
20.1203,1.41208,34.8481,,3.49933,
20.1303,4.90828,35.5002,,3.49226,
20.1403,8.39187,36.0693,,3.47561,
20.1503,11.8546,36.5816,,3.45059,
20.1603,15.2873,37.005,,3.41711,
20.1703,18.6827,37.3744,,3.37589,
20.1803,22.0308,37.6881,,3.32432,
20.1903,25.3233,37.9465,,3.26593,
20.2003,28.5534,38.1445,,3.19914,
20.2103,31.712,38.3009,,3.12384,
20.2203,34.7905,38.3999,,3.04065,
20.2303,37.7827,38.426,,2.95189,
20.2403,40.681,38.4202,,2.85305,
20.2503,43.4771,38.3679,,2.74827,
20.2603,46.1648,38.2548,,2.63667,
20.2703,48.7366,38.1135,,2.51841,
20.2803,51.1871,37.9294,,2.39377,
20.2903,53.5089,37.6797,,2.26223,
20.3003,55.6965,37.3815,,2.12598,
20.3103,57.7458,37.0373,,1.98562,
20.3203,59.6512,36.6232,,1.83918,
20.3303,61.4079,36.1654,,1.68806,
20.3403,63.0102,35.6652,,1.5317,
20.3503,64.4551,35.1053,,1.37448,
20.3603,65.7396,34.4742,,1.2086,
20.3703,66.8572,33.7704,,1.04372,
20.3803,67.8094,32.9727,,0.877328,
20.3903,68.5931,32.1084,,0.705742,
20.4003,69.204,31.1384,,0.533693,
20.4103,69.643,30.0707,,0.361475,
20.4203,69.9085,28.8818,,0.186473,
20.4303,69.9987,27.5328,,0.0111718,
20.4403,69.9135,26.0572,,-0.163607,
20.4503,69.6536,24.3763,,-0.338638,
20.4603,69.219,22.5102,,-0.512339,
20.4703,68.6121,20.4185,,-0.685171,
20.4803,67.8323,18.1334,,-0.855861,
20.4903,66.8843,15.6386,,-1.02377,
20.5003,65.7699,12.9614,,-1.18832,
20.5103,64.4906,10.1525,,-1.35279,
20.5203,63.0498,7.2587,,-1.51248,
20.5303,61.451,4.3155,,-1.668,
20.5403,59.7001,1.39208,,-1.81915,
20.5503,57.7983,-1.48979,,-1.96805,
20.5603,55.7524,-4.28583,,-2.10929,
20.5703,53.5672,-6.96782,,-2.24617,
20.5803,51.249,-9.51144,,-2.37743,
20.5903,48.8005,-11.9403,,-2.50429,
20.6003,46.2313,-14.2658,,-2.62171,
20.6103,43.5477,-16.455,,-2.73399,
20.6203,40.7539,-18.5462,,-2.84118,
20.6303,37.8577,-20.5136,,-2.9397,
20.6403,34.8676,-22.3574,,-3.03104,
20.6503,31.7902,-24.0763,,-3.11398,
20.6603,28.6338,-25.6691,,-3.19007,
20.6703,25.4055,-27.1507,,-3.25808,
20.6803,22.1139,-28.5328,,-3.31792,
20.6903,18.7666,-29.8121,,-3.36989,
20.7003,15.3725,-30.9966,,-3.4124,
20.7103,11.9402,-32.0643,,-3.44764,
20.7203,8.47804,-33.0377,,-3.47297,
20.7303,4.99491,-33.9068,,-3.49056,
20.7403,1.49899,-34.6967,,-3.49877,
20.7503,-2.00044,-35.3939,,-3.49875,
20.7603,-5.49507,-36.0334,,-3.48973,
20.7703,-8.9758,-36.5987,,-3.47204,
20.7803,-12.4344,-37.0927,,-3.44622,
20.7903,-15.8617,-37.5299,,-3.41054,
20.8003,-19.2493,-37.8807,,-3.36766,
20.8103,-22.589,-38.1794,,-3.31534,
20.8203,-25.8718,-38.4107,,-3.25514,
20.8303,-29.0898,-38.6002,,-3.18656,
20.8403,-32.2355,-38.7359,,-3.11099,
20.8503,-35.3016,-38.8316,,-3.02758,
20.8603,-38.2781,-38.8667,,-2.93417,
20.8703,-41.158,-38.8674,,-2.8354,
20.8803,-43.9366,-38.7933,,-2.72991,
20.8903,-46.6051,-38.687,,-2.61717,
20.9003,-49.1567,-38.4997,,-2.49797,
20.9103,-51.586,-38.2932,,-2.37233,
20.9203,-53.8868,-38.044,,-2.24074,
20.9303,-56.0518,-37.7397,,-2.10245,
20.9403,-58.0768,-37.4061,,-1.96085,
20.9503,-59.957,-37.0004,,-1.81324,
20.9603,-61.6867,-36.5354,,-1.66088,
20.9703,-63.2628,-35.9954,,-1.50642,
20.9803,-64.6819,-35.4178,,-1.34699,
20.9903,-65.9392,-34.7699,,-1.1825,
21.0003,-67.0299,-34.0482,,-1.01634,
21.0103,-67.9548,-33.267,,-0.848754,
21.0203,-68.7079,-32.3966,,-0.675653,
21.0303,-69.2901,-31.4038,,-0.505473,
21.0403,-69.7003,-30.316,,-0.331245,
21.0503,-69.9349,-29.085,,-0.15676,
21.0603,-69.996,-27.7136,,0.0187023,
21.0703,-69.8809,-26.1879,,0.19285,
21.0803,-69.5922,-24.4946,,0.367603,
21.0903,-69.1289,-22.6012,,0.541278,
21.1003,-68.4922,-20.491,,0.713891,
21.1103,-67.6862,-18.1641,,0.882383,
21.1203,-66.7099,-15.6321,,1.0518,
21.1303,-65.5669,-12.927,,1.21755,
21.1403,-64.2598,-10.0855,,1.38018,
21.1503,-62.7925,-7.17059,,1.53745,
21.1603,-61.1679,-4.24075,,1.69584,
21.1703,-59.3904,-1.31883,,1.84357,
21.1803,-57.4649,1.53997,,1.992,
21.1903,-55.3946,4.3153,,2.13299,
21.2003,-53.1863,6.97392,,2.26952,
21.2103,-50.8456,9.51637,,2.39888,
21.2203,-48.3769,11.9456,,2.52324,
21.2303,-45.7883,14.2394,,2.64225,
21.2403,-43.0843,16.428,,2.75299,
21.2503,-40.2733,18.4855,,2.85757,
21.2603,-37.3612,20.4213,,2.95559,
21.2703,-34.3556,22.246,,3.0452,
21.2803,-31.2649,23.9466,,3.12722,
21.2903,-28.0957,25.5369,,3.2026,
21.3003,-24.8558,27.0203,,3.26899,
21.3103,-21.5539,28.3736,,3.32742,
21.3203,-18.1983,29.6497,,3.37715,
21.3303,-14.798,30.7891,,3.41853,
21.3403,-11.3603,31.8375,,3.45194,
21.3503,-7.89398,32.7924,,3.47691,
21.3603,-4.40765,33.6528,,3.49277,
21.3703,-0.910678,34.4356,,3.49932,
21.3803,2.58866,35.1303,,3.49808,
21.3903,6.08146,35.7543,,3.48694,
21.4003,9.55883,36.2992,,3.46819,
21.4103,13.0127,36.7779,,3.44076,
21.4203,16.434,37.1822,,3.40407,
21.4303,19.8142,37.5268,,3.35975,
21.4403,23.1449,37.8116,,3.30566,
21.4503,26.4179,38.0535,,3.245,
21.4603,29.6246,38.238,,3.17438,
21.4703,32.7571,38.3734,,3.09735,
21.4803,35.8082,38.4535,,3.0114,
21.4903,38.7688,38.4727,,2.91818,
21.5003,41.6328,38.4299,,2.81909,
21.5103,44.3936,38.3651,,2.71197,
21.5203,47.0427,38.2292,,2.59601,
21.5303,49.5734,38.0698,,2.47727,
21.5403,51.982,37.8555,,2.35088,
21.5503,54.2603,37.6012,,2.21748,
21.5603,56.4018,37.2919,,2.07927,
21.5703,58.4038,36.9232,,1.93798,
21.5803,60.2592,36.5036,,1.787,
21.5903,61.9629,36.0157,,1.63538,
21.6003,63.5138,35.4801,,1.48059,
21.6103,64.9052,34.9011,,1.31785,
21.6203,66.1331,34.2371,,1.15389,
21.6303,67.1963,33.5246,,0.988998,
21.6403,68.0919,32.7053,,0.81891,
21.6503,68.818,31.813,,0.649483,
21.6603,69.372,30.8051,,0.475973,
21.6703,69.7525,29.6908,,0.301762,
21.6803,69.9585,28.4407,,0.128089,
21.6903,69.989,27.0495,,-0.0492488,
21.7003,69.8446,25.513,,-0.222308,
21.7103,69.526,23.7709,,-0.397376,
21.7203,69.0335,21.8258,,-0.570056,
21.7303,68.3693,19.672,,-0.741211,
21.7403,67.5336,17.3126,,-0.912612,
21.7503,66.5293,14.7602,,-1.07891,
21.7603,65.359,12.0258,,-1.24521,
21.7703,64.0243,9.17344,,-1.40645,
21.7803,62.5309,6.25299,,-1.56502,
21.7903,60.8801,3.30934,,-1.71996,
21.8003,59.077,0.396301,,-1.87023,
21.8103,57.1262,-2.45973,,-2.01641,
21.8203,55.0328,-5.20849,,-2.15523,
21.8303,52.8023,-7.86203,,-2.2914,
21.8403,50.439,-10.3768,,-2.42103,
21.8503,47.9498,-12.786,,-2.5439,
21.8603,45.3411,-15.0662,,-2.66097,
21.8703,42.6186,-17.2211,,-2.7713,
21.8803,39.7906,-19.2654,,-2.87395,
21.8903,36.8632,-21.1793,,-2.97046,
21.9003,33.8425,-22.9918,,-3.06038,
21.9103,30.7371,-24.685,,-3.14093,
21.9203,27.5553,-26.242,,-3.21434,
21.9303,24.3046,-27.7021,,-3.27891,
21.9403,20.9938,-29.0441,,-3.33587,
21.9503,17.6299,-30.2819,,-3.3856,
21.9603,14.2222,-31.4182,,-3.42482,
21.9703,10.7789,-32.4524,,-3.45686,
21.9803,7.30886,-33.3948,,-3.47935,
21.9903,3.82024,-34.2383,,-3.49472,
22.0003,0.322033,-35.0046,,-3.49982,
22.0103,-3.17661,-35.676,,-3.49671,
22.0203,-6.66759,-36.2922,,-3.48489,
22.0303,-10.1417,-36.8052,,-3.46442,
22.0403,-13.5907,-37.2812,,-3.43493,
22.0503,-17.0054,-37.679,,-3.39678,
22.0603,-20.3779,-38.0226,,-3.35116,
22.0703,-23.6996,-38.3001,,-3.2961,
22.0803,-26.9614,-38.528,,-3.23303,
22.0903,-30.156,-38.6987,,-3.16213,
22.1003,-33.2753,-38.8015,,-3.08327,
22.1103,-36.3118,-38.8757,,-2.99715,
22.1203,-39.2574,-38.8873,,-2.90172,
22.1303,-42.1043,-38.8571,,-2.80159,
22.1403,-44.8473,-38.7801,,-2.69326,
22.1503,-47.4765,-38.6502,,-2.57647,
22.1603,-49.9883,-38.4627,,-2.45667,
22.1703,-52.3743,-38.2526,,-2.32869,
22.1803,-54.6297,-37.9634,,-2.19407,
22.1903,-56.7484,-37.652,,-2.05671,
22.2003,-58.7262,-37.2667,,-1.91209,
22.2103,-60.5562,-36.8601,,-1.76273,
22.2203,-62.2358,-36.3614,,-1.61027,
22.2303,-63.759,-35.8255,,-1.45172,
22.2403,-65.1226,-35.2228,,-1.29109,
22.2503,-66.3238,-34.5541,,-1.12715,
22.2603,-67.3595,-33.7996,,-0.960343,
22.2703,-68.2267,-32.9927,,-0.790413,
22.2803,-68.9224,-32.0749,,-0.618498,
22.2903,-69.4468,-31.053,,-0.447104,
22.3003,-69.7978,-29.9141,,-0.27235,
22.3103,-69.9753,-28.6405,,-0.099503,
22.3203,-69.977,-27.2316,,0.078698,
22.3303,-69.8025,-25.6437,,0.251957,
22.3403,-69.4553,-23.8774,,0.425876,
22.3503,-68.9341,-21.9182,,0.598674,
22.3603,-68.2405,-19.7254,,0.770526,
22.3703,-67.3764,-17.3236,,0.940819,
22.3803,-66.3431,-14.7368,,1.1084,
22.3903,-65.1443,-11.9732,,1.27214,
22.4003,-63.7837,-9.09824,,1.43259,
22.4103,-62.2634,-6.1703,,1.59196,
22.4203,-60.5868,-3.23915,,1.74493,
22.4303,-58.7595,-0.323948,,1.89455,
22.4403,-56.7838,2.50596,,2.04048,
22.4503,-54.667,5.25419,,2.17873,
22.4603,-52.4139,7.86768,,2.3134,
22.4703,-50.0292,10.3918,,2.44209,
22.4803,-47.5196,12.7674,,2.564,
22.4903,-44.8912,15.0411,,2.67988,
22.5003,-42.1507,17.1797,,2.7891,
22.5103,-39.3045,19.2024,,2.892,
22.5203,-36.3602,21.0978,,2.98585,
22.5303,-33.3255,22.8949,,3.07351,
22.5403,-30.2074,24.5581,,3.15372,
22.5503,-27.0135,26.117,,3.22527,
22.5603,-23.7523,27.5568,,3.28948,
22.5703,-20.4316,28.8813,,3.34538,
22.5803,-17.0599,30.1016,,3.39172,
22.5903,-13.6458,31.2159,,3.43117,
22.6003,-10.1971,32.2399,,3.46144,
22.6103,-6.72322,33.1511,,3.48304,
22.6203,-3.2323,33.9971,,3.49561,
22.6303,0.266309,34.7373,,3.49999,
22.6403,3.76446,35.4067,,3.49547,
22.6503,7.25309,35.9946,,3.48199,
22.6603,10.7237,36.514,,3.46007,
22.6703,14.1673,36.9645,,3.42889,
22.6803,17.5757,37.3539,,3.39027,
22.6903,20.9402,37.6835,,3.34184,
22.7003,24.2523,37.9569,,3.2865,
22.7103,27.5037,38.1685,,3.22134,
22.7203,30.6859,38.3216,,3.14922,
22.7303,33.7922,38.434,,3.07004,
22.7403,36.8135,38.483,,2.98076,
22.7503,39.743,38.4805,,2.8861,
22.7603,42.5739,38.4512,,2.78433,
22.7703,45.2975,38.362,,2.67339,
22.7803,47.9075,38.2176,,2.55732,
22.7903,50.398,38.0389,,2.43493,
22.8003,52.7628,37.7969,,2.30685,
22.8103,54.9961,37.5199,,2.17173,
22.8203,57.0911,37.1818,,2.03155,
22.8303,59.0438,36.7992,,1.88762,
22.8403,60.8487,36.3658,,1.73649,
22.8503,62.5019,35.8679,,1.58418,
22.8603,63.9991,35.3253,,1.42592,
22.8703,65.3374,34.7105,,1.26487,
22.8803,66.5098,34.0256,,1.09761,
22.8903,67.5167,33.2638,,0.932043,
22.9003,68.3554,32.4135,,0.762157,
22.9103,69.0232,31.4889,,0.590002,
22.9203,69.518,30.4512,,0.417195,
22.9303,69.8402,29.3027,,0.243953,
22.9403,69.9879,28.01,,0.0689755,
22.9503,69.9601,26.5613,,-0.107088,
22.9603,69.7568,24.9467,,-0.281729,
22.9703,69.3795,23.1387,,-0.455398,
22.9803,68.8287,21.1268,,-0.628302,
22.9903,68.1064,18.899,,-0.79913,
23.0003,67.2147,16.4873,,-0.967498,
23.0103,66.1549,13.8557,,-1.13461,
23.0203,64.9289,11.0773,,-1.3007,
23.0303,63.5396,8.17993,,-1.46146,
23.0403,61.9913,5.24149,,-1.61791,
23.0503,60.2894,2.30208,,-1.77018,
23.0603,58.437,-0.588788,,-1.91961,
23.0703,56.4384,-3.41389,,-2.06235,
23.0803,54.2983,-6.13579,,-2.20308,
23.0903,52.021,-8.74273,,-2.33669,
23.1003,49.6151,-11.2359,,-2.46164,
23.1103,47.0858,-13.6127,,-2.58415,
23.1203,44.438,-15.8484,,-2.69862,
23.1303,41.6794,-17.9798,,-2.80648,
23.1403,38.8163,-19.981,,-2.90841,
23.1503,35.8569,-21.8566,,-3.00065,
23.1603,32.8074,-23.6325,,-3.0881,
23.1703,29.6749,-25.2791,,-3.16694,
23.1803,26.4695,-26.8072,,-3.23634,
23.1903,23.198,-28.234,,-3.29915,
23.2003,19.8679,-29.5423,,-3.35411,
23.2103,16.4882,-30.7517,,-3.39955,
23.2203,13.0677,-31.8449,,-3.43643,
23.2303,9.61446,-32.8446,,-3.46545,
23.2403,6.13733,-33.7454,,-3.48566,
23.2503,2.64445,-34.5637,,-3.49728,
23.2603,-0.854867,-35.2929,,-3.49961,
23.2703,-4.35193,-35.9572,,-3.49379,
23.2803,-7.83825,-36.5263,,-3.47877,
23.2903,-11.3048,-37.04,,-3.45527,
23.3003,-14.7432,-37.4778,,-3.4235,
23.3103,-18.1448,-37.8493,,-3.38261,
23.3203,-21.5011,-38.1678,,-3.3333,
23.3303,-24.8032,-38.4182,,-3.27575,
23.3403,-28.0438,-38.6323,,-3.21043,
23.3503,-31.2141,-38.7781,,-3.13596,
23.3603,-34.3059,-38.8771,,-3.05432,
23.3703,-37.3123,-38.9275,,-2.96675,
23.3803,-40.2258,-38.9159,,-2.86861,
23.3903,-43.0381,-38.8661,,-2.76543,
23.4003,-45.7439,-38.7722,,-2.65567,
23.4103,-48.3342,-38.6085,,-2.53605,
23.4203,-50.804,-38.4185,,-2.41454,
23.4303,-53.1479,-38.1815,,-2.28464,
23.4403,-55.3574,-37.8968,,-2.14802,
23.4503,-57.4293,-37.557,,-2.00888,
23.4603,-59.3578,-37.1651,,-1.86198,
23.4703,-61.1378,-36.7124,,-1.71236,
23.4803,-62.7651,-36.206,,-1.55697,
23.4903,-64.2351,-35.6356,,-1.39866,
23.5003,-65.5446,-35.0272,,-1.23567,
23.5103,-66.6901,-34.3297,,-1.071,
23.5203,-67.6689,-33.564,,-0.903176,
23.5303,-68.4794,-32.7133,,-0.734226,
23.5403,-69.1185,-31.7604,,-0.561513,
23.5503,-69.5855,-30.6902,,-0.388428,
23.5603,-69.8773,-29.5121,,-0.213844,
23.5703,-69.9957,-28.189,,-0.039245,
23.5803,-69.9382,-26.7297,,0.136136,
23.5903,-69.7056,-25.0864,,0.311156,
23.6003,-69.2992,-23.2498,,0.484408,
23.6103,-68.7198,-21.2139,,0.656674,
23.6203,-67.9691,-18.9355,,0.827502,
23.6303,-67.0481,-16.4688,,0.997441,
23.6403,-65.9581,-13.8121,,1.16438,
23.6503,-64.7052,-11.0193,,1.32583,
23.6603,-63.2898,-8.11193,,1.4879,
23.6703,-61.7164,-5.18285,,1.64314,
23.6803,-59.9888,-2.23953,,1.79611,
23.6903,-58.1104,0.657688,,1.94459,
23.7003,-56.0871,3.4738,,2.08678,
23.7103,-53.9245,6.1747,,2.22438,
23.7203,-51.625,8.76569,,2.3599,
23.7303,-49.1977,11.2326,,2.48137,
23.7403,-46.6492,13.5797,,2.60319,
23.7503,-43.9826,15.815,,2.7169,
23.7603,-41.2055,17.9275,,2.82464,
23.7703,-38.326,19.9109,,2.92447,
23.7803,-35.3497,21.7821,,3.01705,
23.7903,-32.2859,23.532,,3.10103,
23.8003,-29.1418,25.1506,,3.1782,
23.8103,-25.9244,26.6717,,3.24825,
23.8203,-22.6421,28.0786,,3.30876,
23.8303,-19.3033,29.3673,,3.36211,
23.8403,-15.9163,30.5606,,3.40658,
23.8503,-12.4892,31.647,,3.44239,
23.8603,-9.03139,32.62,,3.46936,
23.8703,-5.55064,33.5172,,3.48854,
23.8803,-2.05631,34.3134,,3.49782,
23.8903,1.44314,35.0301,,3.49948,
23.9003,4.93925,35.6734,,3.49196,
23.9103,8.42265,36.2349,,3.47545,
23.9203,11.8853,36.7333,,3.45044,
23.9303,15.3178,37.1582,,3.41715,
23.9403,18.7126,37.5196,,3.37483,
23.9503,22.0602,37.8259,,3.32427,
23.9603,25.3526,38.072,,3.26554,
23.9703,28.5819,38.2703,,3.19787,
23.9803,31.7393,38.4059,,3.12334,
23.9903,34.818,38.5049,,3.04064,
24.0003,37.8089,38.5315,,2.94997,
24.0103,40.7056,38.5136,,2.85183,
24.0203,43.5008,38.4585,,2.74765,
24.0303,46.1877,38.3353,,2.63595,
24.0403,48.7592,38.19,,2.51796,
24.0503,51.2092,37.9959,,2.39272,
24.0603,53.5301,37.7472,,2.26232,
24.0703,55.717,37.4421,,2.12372,
24.0803,57.7641,37.0986,,1.98447,
24.0903,59.6685,36.6804,,1.83739,
24.1003,61.4226,36.2212,,1.68527,
24.1103,63.0223,35.7095,,1.52933,
24.1203,64.4659,35.1411,,1.3736,
24.1303,65.7493,34.5057,,1.2084,
24.1403,66.867,33.8038,,1.04335,
24.1503,67.8183,33.0099,,0.875406,
24.1603,68.5998,32.1427,,0.704302,
24.1703,69.2093,31.1705,,0.531791,
24.1803,69.6462,30.0993,,0.359285,
24.1903,69.9094,28.8949,,0.184861,
24.2003,69.9982,27.5452,,9E-03,
24.2103,69.9109,26.0558,,-0.165136,
24.2203,69.6499,24.3676,,-0.339545,
24.2303,69.2149,22.4952,,-0.513506,
24.2403,68.6063,20.4058,,-0.68603,
24.2503,67.8258,18.1132,,-0.857206,
24.2603,66.8756,15.621,,-1.02554,
24.2703,65.7599,12.9304,,-1.19002,
24.2803,64.479,10.1018,,-1.3542,
24.2903,63.0368,7.19073,,-1.51386,
24.3003,61.4366,4.24305,,-1.67019,
24.3103,59.6833,1.31271,,-1.82015,
24.3203,57.7814,-1.56444,,-1.96889,
24.3303,55.7335,-4.37132,,-2.11116,
24.3403,53.5469,-7.06225,,-2.24726,
24.3503,51.2278,-9.6256,,-2.378,
24.3603,48.7788,-12.0911,,-2.50582,
24.3703,46.2077,-14.4197,,-2.62341,
24.3803,43.5223,-16.6179,,-2.73579,
24.3903,40.7278,-18.7187,,-2.84093,
24.4003,37.8315,-20.6761,,-2.94026,
24.4103,34.8407,-22.535,,-3.03142,
24.4203,31.763,-24.2677,,-3.1148,
24.4303,28.6055,-25.8731,,-3.19106,
24.4403,25.3764,-27.3693,,-3.25855,
24.4503,22.0845,-28.7433,,-3.31842,
24.4603,18.7367,-30.0304,,-3.37025,
24.4703,15.3423,-31.1903,,-3.41262,
24.4803,11.9098,-32.2638,,-3.44785,
24.4903,8.44725,-33.2296,,-3.47348,
24.5003,4.96383,-34.1029,,-3.49063,
24.5103,1.46789,-34.8962,,-3.49878,
24.5203,-2.03149,-35.5831,,-3.49867,
24.5303,-5.52605,-36.2169,,-3.48958,
24.5403,-9.00654,-36.7593,,-3.4718,
24.5503,-12.4646,-37.2441,,-3.44559,
24.5603,-15.8916,-37.667,,-3.41047,
24.5703,-19.279,-38.0232,,-3.36705,
24.5803,-22.6179,-38.3145,,-3.31476,
24.5903,-25.9003,-38.5571,,-3.25485,
24.6003,-29.1184,-38.7299,,-3.18668,
24.6103,-32.2628,-38.863,,-3.10875,
24.6203,-35.3269,-38.9313,,-3.02622,
24.6303,-38.3036,-38.969,,-2.93472,
24.6403,-41.1837,-38.9433,,-2.83559,
24.6503,-43.961,-38.8795,,-2.72825,
24.6603,-46.6284,-38.7635,,-2.61595,
24.6703,-49.1799,-38.6002,,-2.49821,
24.6803,-51.6077,-38.3833,,-2.36945,
24.6903,-53.9057,-38.1185,,-2.23905,
24.7003,-56.0699,-37.8189,,-2.10189,
24.7103,-58.0945,-37.4547,,-1.96055,
24.7203,-59.9736,-37.0391,,-1.81187,
24.7303,-61.7028,-36.5733,,-1.65998,
24.7403,-63.2769,-36.053,,-1.50413,
24.7503,-64.6937,-35.4726,,-1.34446,
24.7603,-65.9482,-34.8269,,-1.18093,
24.7703,-67.038,-34.1075,,-1.01499,
24.7803,-67.9613,-33.3115,,-0.847271,
24.7903,-68.7139,-32.4133,,-0.675156,
24.8003,-69.2946,-31.4265,,-0.503329,
24.8103,-69.7027,-30.3219,,-0.32975,
24.8203,-69.937,-29.1014,,-0.156346,
24.8303,-69.9961,-27.738,,0.0208436,
24.8403,-69.8792,-26.2222,,0.194998,
24.8503,-69.5886,-24.5074,,0.369308,
24.8603,-69.1238,-22.5947,,0.542207,
24.8703,-68.4868,-20.4699,,0.714952,
24.8803,-67.678,-18.1316,,0.88508,
24.8903,-66.6998,-15.5911,,1.0534,
24.9003,-65.5554,-12.8909,,1.21954,
24.9103,-64.2472,-10.0542,,1.37955,
24.9203,-62.7791,-7.1285,,1.53992,
24.9303,-61.1536,-4.17614,,1.69547,
24.9403,-59.3751,-1.24271,,1.84563,
24.9503,-57.4473,1.63599,,1.99435,
24.9603,-55.3757,4.42186,,2.13377,
24.9703,-53.1666,7.08358,,2.27006,
24.9803,-50.8244,9.64294,,2.40072,
24.9903,-48.3546,12.0715,,2.52451,
25.0003,-45.7647,14.393,,2.64288,
25.0103,-43.0601,16.5763,,2.75432,
25.0203,-40.2474,18.6665,,2.85848,
25.0303,-37.3348,20.6094,,2.95657,
25.0403,-34.3282,22.443,,3.04616,
25.0503,-31.2369,24.1538,,3.12754,
25.0603,-28.0672,25.7481,,3.20285,
25.0703,-24.827,27.2253,,3.26935,
25.0803,-21.525,28.5912,,3.32775,
25.0903,-18.1687,29.8479,,3.37796,
25.1003,-14.7676,31.0093,,3.4193,
25.1103,-11.3293,32.0441,,3.45254,
25.1203,-7.86276,33.0037,,3.47668,
25.1303,-4.37657,33.8676,,3.49268,
25.1403,-0.879553,34.6308,,3.4995,
25.1503,2.61976,35.3184,,3.49806,
25.1603,6.11254,35.9285,,3.48694,
25.1703,9.58991,36.4708,,3.46804,
25.1803,13.0434,36.9426,,3.43995,
25.1903,16.464,37.3444,,3.40388,
25.2003,19.8441,37.6938,,3.35924,
25.2103,23.174,37.9659,,3.30521,
25.2203,26.4464,38.1876,,3.24369,
25.2303,29.6522,38.3619,,3.17425,
25.2403,32.7836,38.484,,3.09505,
25.2503,35.8334,38.5663,,3.01142,
25.2603,38.7943,38.5759,,2.91821,
25.2703,41.6578,38.553,,2.81852,
25.2803,44.4175,38.4643,,2.71005,
25.2903,47.0657,38.3273,,2.59678,
25.3003,49.5973,38.1549,,2.47769,
25.3103,52.0039,37.9388,,2.34707,
25.3203,54.2793,37.6811,,2.21568,
25.3303,56.42,37.3625,,2.07877,
25.3403,58.4205,37.004,,1.93553,
25.3503,60.2749,36.5648,,1.78736,
25.3603,61.9784,36.0781,,1.63426,
25.3703,63.5263,35.5509,,1.47678,
25.3803,64.9159,34.9613,,1.31741,
25.3903,66.1434,34.3,,1.15369,
25.4003,67.2056,33.5667,,0.987068,
25.4103,68.1002,32.7501,,0.818021,
25.4203,68.8238,31.8516,,0.647008,
25.4303,69.3755,30.8398,,0.47367,
25.4403,69.7543,29.727,,0.300519,
25.4503,69.959,28.4678,,0.126766,
25.4603,69.9893,27.0782,,-0.0497518,
25.4703,69.8431,25.5245,,-0.224107,
25.4803,69.5234,23.7853,,-0.39844,
25.4903,69.0287,21.8292,,-0.572613,
25.5003,68.3623,19.6643,,-0.743101,
25.5103,67.5256,17.3018,,-0.913301,
25.5203,66.5197,14.7325,,-1.08105,
25.5303,65.3471,11.9879,,-1.2469,
25.5403,64.0114,9.13723,,-1.40856,
25.5503,62.5149,6.19692,,-1.56731,
25.5603,60.8631,3.24497,,-1.72063,
25.5703,59.0597,0.32969,,-1.87031,
25.5803,57.1086,-2.546,,-2.01671,
25.5903,55.0139,-5.30872,,-2.15762,
25.6003,52.7814,-7.96954,,-2.29248,
25.6103,50.4176,-10.5055,,-2.42207,
25.6203,47.9267,-12.9211,,-2.54538,
25.6303,45.317,-15.2145,,-2.66118,
25.6403,42.5951,-17.3851,,-2.77116,
25.6503,39.7659,-19.4385,,-2.87594,
25.6603,36.8365,-21.3707,,-2.97235,
25.6703,33.8148,-23.191,,-3.06027,
25.6803,30.7093,-24.8931,,-3.14149,
25.6903,27.5268,-26.457,,-3.21524,
25.7003,24.2754,-27.9194,,-3.27932,
25.7103,20.9639,-29.2589,,-3.33681,
25.7203,17.5998,-30.4994,,-3.3851,
25.7303,14.1917,-31.6288,,-3.42586,
25.7403,10.7481,-32.6729,,-3.45696,
25.7503,7.27774,-33.6032,,-3.47962,
25.7603,3.7891,-34.4521,,-3.4945,
25.7703,0.291013,-35.2057,,-3.49991,
25.7803,-3.20766,-35.8776,,-3.49666,
25.7903,-6.69861,-36.4697,,-3.4848,
25.8003,-10.1724,-36.9917,,-3.46378,
25.8103,-13.6208,-37.4485,,-3.43461,
25.8203,-17.0355,-37.8462,,-3.39711,
25.8303,-20.4078,-38.1815,,-3.35051,
25.8403,-23.7287,-38.4532,,-3.2956,
25.8503,-26.9902,-38.6783,,-3.23239,
25.8603,-30.1841,-38.8298,,-3.16101,
25.8703,-33.303,-38.9309,,-3.08361,
25.8803,-36.3385,-38.992,,-2.99499,
25.8903,-39.2826,-39.008,,-2.90121,
25.9003,-42.1286,-38.9657,,-2.80013,
25.9103,-44.87,-38.8907,,-2.69234,
25.9203,-47.4997,-38.755,,-2.57682,
25.9303,-50.0102,-38.5654,,-2.45534,
25.9403,-52.3953,-38.3318,,-2.32694,
25.9503,-54.6491,-38.0526,,-2.19366,
25.9603,-56.7675,-37.7225,,-2.0553,
25.9703,-58.7433,-37.3574,,-1.9103,
25.9803,-60.5719,-36.9202,,-1.76128,
25.9903,-62.2495,-36.4445,,-1.60817,
26.0003,-63.7709,-35.8908,,-1.45043,
26.0103,-65.134,-35.2892,,-1.29081,
26.0203,-66.3341,-34.614,,-1.12484,
26.0303,-67.3668,-33.8569,,-0.957834,
26.0403,-68.2334,-33.0451,,-0.790914,
26.0503,-68.9291,-32.1183,,-0.617848,
26.0603,-69.4519,-31.0974,,-0.444874,
26.0703,-69.8007,-29.9627,,-0.270529,
26.0803,-69.9762,-28.6747,,-0.0966255,
26.0903,-69.9756,-27.2668,,0.0797099,
26.1003,-69.7996,-25.6631,,0.253963,
26.1103,-69.4514,-23.8899,,0.426046,
26.1203,-68.9295,-21.9101,,0.600203,
26.1303,-68.2339,-19.7185,,0.772578,
26.1403,-67.3678,-17.3241,,0.9428,
26.1503,-66.3335,-14.717,,1.10887,
26.1603,-65.1331,-11.9535,,1.27399,
26.1703,-63.7716,-9.05417,,1.43355,
26.1803,-62.25,-6.11752,,1.59286,
26.1903,-60.5712,-3.16736,,1.74866,
26.2003,-58.7415,-0.250168,,1.89524,
26.2103,-56.766,2.59907,,2.04062,
26.2203,-54.6481,5.34079,,2.18046,
26.2303,-52.3931,7.97959,,2.31376,
26.2403,-50.0094,10.5104,,2.44189,
26.2503,-47.4983,12.9071,,2.56629,
26.2603,-44.8679,15.1917,,2.68124,
26.2703,-42.1261,17.3595,,2.79095,
26.2803,-39.2794,19.388,,2.89158,
26.2903,-36.3343,21.2903,,2.98735,
26.3003,-33.2983,23.0884,,3.07449,
26.3103,-30.1795,24.7623,,3.15422,
26.3203,-26.9851,26.3249,,3.22583,
26.3303,-23.7231,27.7689,,3.29036,
26.3403,-20.4019,29.1074,,3.34565,
26.3503,-17.0297,30.3321,,3.39242,
26.3603,-13.6151,31.4479,,3.43142,
26.3703,-10.1663,32.4504,,3.46163,
26.3803,-6.69222,33.3672,,3.48311,
26.3903,-3.20134,34.1965,,3.49569,
26.4003,0.29733,34.9422,,3.49988,
26.4103,3.79549,35.6058,,3.49549,
26.4203,7.28406,36.1899,,3.48179,
26.4303,10.7544,36.6974,,3.46003,
26.4403,14.198,37.1405,,3.42878,
26.4503,17.6058,37.5254,,3.38939,
26.4603,20.9697,37.8464,,3.34144,
26.4703,24.2811,38.1071,,3.28538,
26.4803,27.5319,38.3144,,3.22127,
26.4903,30.7141,38.4566,,3.14902,
26.5003,33.8195,38.5684,,3.06908,
26.5103,36.8401,38.6072,,2.9799,
26.5203,39.7688,38.611,,2.8853,
26.5303,42.5981,38.564,,2.78209,
26.5403,45.3202,38.4692,,2.67266,
26.5503,47.9302,38.3346,,2.55731,
26.5603,50.4203,38.1405,,2.43394,
26.5703,52.7828,37.8979,,2.30463,
26.5803,55.0145,37.6028,,2.17027,
26.5903,57.1089,37.2708,,2.03174,
26.6003,59.0607,36.8747,,1.88534,
26.6103,60.8639,36.445,,1.73585,
26.6203,62.5158,35.9502,,1.58278,
26.6303,64.0122,35.4007,,1.42439,
26.6403,65.3463,34.7781,,1.26063,
26.6503,66.5186,34.0939,,1.09898,
26.6603,67.5252,33.3144,,0.930409,
26.6703,68.3619,32.4732,,0.760099,
26.6803,69.0283,31.5409,,0.588923,
26.6903,69.5215,30.5048,,0.415469,
26.7003,69.8418,29.3472,,0.242149,
26.7103,69.9878,28.0431,,0.066955,
26.7203,69.9584,26.6024,,-0.108402,
26.7303,69.7539,24.9718,,-0.28221,
26.7403,69.3761,23.1548,,-0.456192,
26.7503,68.824,21.1305,,-0.630892,
26.7603,68.0992,18.898,,-0.800992,
26.7703,67.205,16.4653,,-0.970164,
26.7803,66.1431,13.838,,-1.13599,
26.7903,64.9167,11.0446,,-1.30018,
26.8003,63.5276,8.14738,,-1.46172,
26.8103,61.9782,5.19115,,-1.62001,
26.8203,60.2744,2.24266,,-1.77214,
26.8303,58.4204,-0.668672,,-1.92062,
26.8403,56.4195,-3.50191,,-2.06498,
26.8503,54.2786,-6.24762,,-2.20315,
26.8603,52.0024,-8.85851,,-2.33572,
26.8703,49.5944,-11.3668,,-2.46557,
26.8803,47.0627,-13.7452,,-2.58456,
26.8903,44.4146,-16.0126,,-2.6996,
26.9003,41.6549,-18.1467,,-2.80748,
26.9103,38.791,-20.1632,,-2.90911,
26.9203,35.8299,-22.0587,,-3.00219,
26.9303,32.7794,-23.8413,,-3.0891,
26.9403,29.6473,-25.4849,,-3.16606,
26.9503,26.4413,-27.0281,,-3.23795,
26.9603,23.168,-28.4552,,-3.30049,
26.9703,19.8376,-29.7651,,-3.35393,
26.9803,16.4581,-30.9681,,-3.39929,
26.9903,13.0374,-32.0718,,-3.43706,
27.0003,9.58366,-33.0666,,-3.46581,
27.0103,6.10629,-33.9617,,-3.48581,
27.0203,2.61338,-34.7799,,-3.49718,
27.0303,-0.88593,-35.5032,,-3.4996,
27.0403,-4.38301,-36.1552,,-3.494,
27.0503,-7.86921,-36.7195,,-3.47845,
27.0603,-11.3356,-37.2245,,-3.45522,
27.0703,-14.7738,-37.6573,,-3.42306,
27.0803,-18.175,-38.0242,,-3.38239,
27.0903,-21.5306,-38.3355,,-3.33241,
27.1003,-24.832,-38.5807,,-3.27486,
27.1103,-28.0719,-38.779,,-3.21002,
27.1203,-31.2416,-38.9241,,-3.13518,
27.1303,-34.3339,-39.0159,,-3.05576,
27.1403,-37.3397,-39.0565,,-2.96459,
27.1503,-40.2518,-39.0381,,-2.86783,
27.1603,-43.0629,-38.9896,,-2.76364,
27.1703,-45.7669,-38.8951,,-2.65423,
27.1803,-48.3573,-38.7306,,-2.53736,
27.1903,-50.8262,-38.541,,-2.41173,
27.2003,-53.1685,-38.2871,,-2.28421,
27.2103,-55.3776,-37.9861,,-2.1471,
27.2203,-57.4478,-37.6402,,-2.00644,
27.2303,-59.3743,-37.2489,,-1.86119,
27.2403,-61.153,-36.8029,,-1.70971,
27.2503,-62.7778,-36.2931,,-1.55567,
27.2603,-64.2477,-35.7305,,-1.39841,
27.2703,-65.5565,-35.1102,,-1.23472,
27.2803,-66.7006,-34.3979,,-1.06969,
27.2903,-67.6785,-33.6236,,-0.90281,
27.3003,-68.4878,-32.7649,,-0.731981,
27.3103,-69.1248,-31.8086,,-0.559283,
27.3203,-69.5883,-30.7453,,-0.385286,
27.3303,-69.8787,-29.5654,,-0.212916,
27.3403,-69.9961,-28.24,,-0.0379751,
27.3503,-69.9364,-26.7677,,0.138422,
27.3603,-69.703,-25.1137,,0.311388,
27.3703,-69.2958,-23.2725,,0.485497,
27.3803,-68.7142,-21.2167,,0.66014,
27.3903,-67.9607,-18.9447,,0.829404,
27.4003,-67.0379,-16.4608,,0.998992,
27.4103,-65.9477,-13.8084,,1.16462,
27.4203,-64.6933,-10.9785,,1.32704,
27.4303,-63.2771,-8.08071,,1.4885,
27.4403,-61.7029,-5.12498,,1.64437,
27.4503,-59.9736,-2.17214,,1.7977,
27.4603,-58.0938,0.726991,,1.94598,
27.4703,-56.0695,3.56215,,2.08807,
27.4803,-53.9052,6.26826,,2.22615,
27.4903,-51.6064,8.88708,,2.35731,
27.5003,-49.1777,11.3653,,2.48613,
27.5103,-46.6255,13.7221,,2.60554,
27.5203,-43.9576,15.9776,,2.71762,
27.5303,-41.1799,18.0935,,2.82528,
27.5403,-38.2998,20.0957,,2.92486,
27.5503,-35.3229,21.9736,,3.0183,
27.5603,-32.2578,23.7335,,3.10171,
27.5703,-29.1132,25.3672,,3.17892,
27.5803,-25.8953,26.8889,,3.24848,
27.5903,-22.6125,28.2972,,3.30944,
27.6003,-19.2732,29.5992,,3.3628,
27.6103,-15.8858,30.7868,,3.40655,
27.6203,-12.4586,31.867,,3.44255,
27.6303,-9.00056,32.8438,,3.46954,
27.6403,-5.5196,33.731,,3.48878,
27.6503,-2.0251,34.5262,,3.49788,
27.6603,1.47429,35.2329,,3.49938,
27.6703,4.97031,35.8797,,3.49189,
27.6803,8.45359,36.426,,3.47517,
27.6903,11.9158,36.9186,,3.45017,
27.7003,15.3483,37.349,,3.41687,
27.7103,18.7425,37.6999,,3.37421,
27.7203,22.0895,37.9921,,3.32373,
27.7303,25.3814,38.2337,,3.26498,
27.7403,28.6101,38.4172,,3.19763,
27.7503,31.7672,38.5488,,3.12308,
27.7603,34.8455,38.6414,,3.03988,
27.7703,37.8358,38.668,,2.94903,
27.7803,40.7313,38.6552,,2.85074,
27.7903,43.5256,38.5827,,2.74646,
27.8003,46.2109,38.473,,2.63414,
27.8103,48.7795,38.3069,,2.51392,
27.8203,51.227,38.0947,,2.39305,
27.8303,53.5486,37.836,,2.26167,
27.8403,55.7349,37.541,,2.12434,
27.8503,57.7817,37.1848,,1.98238,
27.8603,59.6846,36.7792,,1.83689,
27.8703,61.4369,36.3158,,1.68299,
27.8803,63.036,35.8058,,1.52942,
27.8903,64.4779,35.2285,,1.36936,
27.9003,65.7576,34.5833,,1.20742,
27.9103,66.8761,33.8684,,1.04392,
27.9203,67.826,33.0625,,0.873014,
27.9303,68.606,32.1948,,0.703685,
27.9403,69.2143,31.223,,0.530145,
27.9503,69.6495,30.1515,,0.357163,
27.9603,69.9109,28.9488,,0.183478,
27.9703,69.9978,27.6038,,7.46E-03,
27.9803,69.9094,26.0898,,-0.166418,
27.9903,69.6468,24.4059,,-0.342121,
28.0003,69.2086,22.5089,,-0.515607,
28.0103,68.599,20.4166,,-0.686715,
28.0203,67.8183,18.1166,,-0.857715,
28.0303,66.8675,15.6075,,-1.02627,
28.0403,65.749,12.918,,-1.19316,
28.0503,64.4669,10.083,,-1.35503,
28.0603,63.0238,7.15325,,-1.51449,
28.0703,61.4226,4.18966,,-1.67106,
28.0803,59.6679,1.24341,,-1.82319,
28.0903,57.7636,-1.64608,,-1.97009,
28.1003,55.7148,-4.46267,,-2.11205,
28.1103,53.5273,-7.16431,,-2.24838,
28.1203,51.2055,-9.75086,,-2.38148,
28.1303,48.7554,-12.2182,,-2.50497,
28.1403,46.1848,-14.5764,,-2.62361,
28.1503,43.4988,-16.7846,,-2.73638,
28.1603,40.7034,-18.8904,,-2.84235,
28.1703,37.806,-20.8692,,-2.94153,
28.1803,34.8131,-22.7319,,-3.03291,
28.1903,31.7347,-24.4756,,-3.11512,
28.2003,28.5771,-26.0936,,-3.19134,
28.2103,25.3475,-27.6038,,-3.25973,
28.2203,22.0543,-28.9781,,-3.31885,
28.2303,18.7067,-30.2623,,-3.37014,
28.2403,15.3121,-31.4313,,-3.41311,
28.2503,11.8791,-32.4846,,-3.44822,
28.2603,8.41646,-33.4548,,-3.47339,
28.2703,4.93305,-34.3241,,-3.49055,
28.2803,1.4369,-35.115,,-3.49914,
28.2903,-2.06256,-35.8081,,-3.49871,
28.3003,-5.55709,-36.4284,,-3.4896,
28.3103,-9.03757,-36.9602,,-3.47156,
28.3203,-12.4951,-37.4381,,-3.44494,
28.3303,-15.9217,-37.8458,,-3.41018,
28.3403,-19.3088,-38.1996,,-3.36684,
28.3503,-22.6478,-38.4867,,-3.31479,
28.3603,-25.9293,-38.7163,,-3.25345,
28.3703,-29.1463,-38.9034,,-3.18588,
28.3803,-32.2905,-39.0117,,-3.10912,
28.3903,-35.3542,-39.0867,,-3.02488,
28.4003,-38.3291,-39.1094,,-2.9331,
28.4103,-41.2089,-39.0769,,-2.8354,
28.4203,-43.9855,-39.0117,,-2.72725,
28.4303,-46.6513,-38.8938,,-2.61468,
28.4403,-49.2007,-38.7162,,-2.495,
28.4503,-51.6278,-38.4971,,-2.3702,
28.4603,-53.9254,-38.2336,,-2.23797,
28.4703,-56.0886,-37.9143,,-2.10121,
28.4803,-58.1122,-37.5628,,-1.95864,
28.4903,-59.9897,-37.1427,,-1.81113,
28.5003,-61.7171,-36.683,,-1.65851,
28.5103,-63.2908,-36.137,,-1.50378,
28.5203,-64.7064,-35.5549,,-1.34267,
28.5303,-65.9591,-34.9026,,-1.17838,
28.5403,-67.0469,-34.1761,,-1.01358,
28.5503,-67.9685,-33.3828,,-0.845586,
28.5603,-68.7201,-32.49,,-0.674882,
28.5703,-69.3003,-31.5033,,-0.501851,
28.5803,-69.7056,-30.401,,-0.327005,
28.5903,-69.9381,-29.1534,,-0.154994,
28.6003,-69.9959,-27.7886,,0.0221489,
28.6103,-69.8772,-26.2462,,0.197521,
28.6203,-69.5847,-24.529,,0.370334,
28.6303,-69.1189,-22.6222,,0.543199,
28.6403,-68.4811,-20.5005,,0.71551,
28.6503,-67.6701,-18.1512,,0.888177,
28.6603,-66.6913,-15.6023,,1.05287,
28.6703,-65.5451,-12.8752,,1.22202,
28.6803,-64.2353,-10.0052,,1.38144,
28.6903,-62.765,-7.08011,,1.54202,
28.7003,-61.138,-4.12776,,1.69615,
28.7103,-59.3578,-1.1892,,1.84852,
28.7203,-57.4284,1.70895,,1.99454,
28.7303,-55.3565,4.4956,,2.13484,
28.7403,-53.1465,7.19256,,2.27078,
28.7503,-50.8028,9.7682,,2.40216,
28.7603,-48.3325,12.219,,2.5253,
28.7703,-45.7413,14.5389,,2.64443,
28.7803,-43.0349,16.751,,2.75582,
28.7903,-40.2219,18.831,,2.85897,
28.8003,-37.3083,20.7957,,2.95713,
28.8103,-34.3013,22.6449,,3.04626,
28.8203,-31.2095,24.3687,,3.12832,
28.8303,-28.0387,25.9705,,3.20436,
28.8403,-24.7978,27.4505,,3.26988,
28.8503,-21.4951,28.8223,,3.32823,
28.8603,-18.1387,30.0807,,3.37815,
28.8703,-14.7371,31.2328,,3.41938,
28.8803,-11.2987,32.2888,,3.45247,
28.8903,-7.83211,33.2235,,3.47724,
28.9003,-4.34554,34.082,,3.49299,
28.9103,-0.848432,34.8517,,3.49938,
28.9203,2.65083,35.5298,,3.49791,
28.9303,6.14352,36.1406,,3.48688,
28.9403,9.62073,36.6585,,3.46796,
28.9503,13.0741,37.1388,,3.43997,
28.9603,16.4946,37.5279,,3.40342,
28.9703,19.8738,37.872,,3.35817,
28.9803,23.2032,38.1467,,3.30511,
28.9903,26.4752,38.3648,,3.24303,
29.0003,29.6801,38.5221,,3.17311,
29.0103,32.8116,38.6399,,3.09605,
29.0203,35.8609,38.7025,,3.0097,
29.0303,38.82,38.7141,,2.91685,
29.0403,41.6831,38.6754,,2.81777,
29.0503,44.4412,38.5999,,2.70853,
29.0603,47.088,38.4683,,2.59608,
29.0703,49.6185,38.2962,,2.47444,
29.0803,52.0231,38.0656,,2.34787,
29.0903,54.2997,37.7852,,2.21647,
29.1003,56.4397,37.4604,,2.07652,
29.1103,58.4377,37.0859,,1.93355,
29.1203,60.2904,36.6644,,1.78591,
29.1303,61.9928,36.1833,,1.63305,
29.1403,63.539,35.6574,,1.4752,
29.1503,64.9266,35.0574,,1.31443,
29.1603,66.1528,34.391,,1.1539,
29.1703,67.2142,33.6431,,0.985369,
29.1803,68.1073,32.8109,,0.816981,
29.1903,68.8299,31.9106,,0.645304,
29.2003,69.3805,30.9101,,0.472899,
29.2103,69.7568,29.788,,0.297573,
29.2203,69.959,28.5445,,0.124418,
29.2303,69.9876,27.1348,,-0.0504508,
29.2403,69.8404,25.5682,,-0.226215,
29.2503,69.5185,23.8057,,-0.399934,
29.2603,69.0237,21.8481,,-0.572508,
29.2703,68.3559,19.6882,,-0.745369,
29.2803,67.5168,17.3066,,-0.915246,
29.2903,66.5094,14.7401,,-1.0832,
29.3003,65.3359,11.9842,,-1.24706,
29.3103,63.9987,9.09707,,-1.40958,
29.3203,62.5025,6.14927,,-1.56662,
29.3303,60.8499,3.18967,,-1.72264,
29.3403,59.0438,0.259125,,-1.87343,
29.3503,57.0908,-2.62128,,-2.01784,
29.3603,54.9946,-5.39877,,-2.15926,
29.3703,52.7609,-8.07099,,-2.29359,
29.3803,50.3952,-10.6275,,-2.42346,
29.3903,47.9048,-13.0669,,-2.54453,
29.4003,45.2939,-15.3796,,-2.6637,
29.4103,42.5694,-17.5597,,-2.77358,
29.4203,39.7392,-19.6318,,-2.87571,
29.4303,36.81,-21.5599,,-2.9721,
29.4403,33.7877,-23.3941,,-3.06195,
29.4503,30.6814,-25.096,,-3.1415,
29.4603,27.4986,-26.6854,,-3.21586,
29.4703,24.2466,-28.145,,-3.28031,
29.4803,20.9343,-29.5127,,-3.33691,
29.4903,17.57,-30.7452,,-3.38593,
29.5003,14.1613,-31.8754,,-3.42594,
29.5103,10.7173,-32.8968,,-3.45726,
29.5203,7.247,-33.8307,,-3.47957,
29.5303,3.75805,-34.6668,,-3.49499,
29.5403,0.259913,-35.4288,,-3.49987,
29.5503,-3.23867,-36.0957,,-3.49648,
29.5603,-6.72948,-36.6901,,-3.48459,
29.5703,-10.2031,-37.2065,,-3.46386,
29.5803,-13.6516,-37.6535,,-3.43445,
29.5903,-17.0658,-38.0418,,-3.39645,
29.6003,-20.4376,-38.3549,,-3.34985,
29.6103,-23.7576,-38.6219,,-3.29466,
29.6203,-27.0186,-38.8402,,-3.23238,
29.6303,-30.2123,-38.9965,,-3.161,
29.6403,-33.33,-39.1057,,-3.08139,
29.6503,-36.3645,-39.1595,,-2.99492,
29.6603,-39.3088,-39.162,,-2.90152,
29.6703,-42.1549,-39.1056,,-2.79927,
29.6803,-44.8943,-39.0226,,-2.68985,
29.6903,-47.5213,-38.875,,-2.57501,
29.7003,-50.0308,-38.6926,,-2.45455,
29.7103,-52.4154,-38.4664,,-2.32669,
29.7203,-54.6683,-38.1834,,-2.19134,
29.7303,-56.7847,-37.8458,,-2.05438,
29.7403,-58.7598,-37.473,,-1.909,
29.7503,-60.5873,-37.0227,,-1.76092,
29.7603,-62.2635,-36.5401,,-1.60625,
29.7703,-63.7844,-35.9824,,-1.45011,
29.7803,-65.1457,-35.3889,,-1.28837,
29.7903,-66.3442,-34.7042,,-1.1243,
29.8003,-67.3768,-33.9538,,-0.957445,
29.8103,-68.2406,-33.1192,,-0.786858,
29.8203,-68.9339,-32.1955,,-0.616387,
29.8303,-69.4554,-31.1648,,-0.443733,
29.8403,-69.8039,-30.0211,,-0.270313,
29.8503,-69.9775,-28.7393,,-0.0942763,
29.8603,-69.9749,-27.3164,,0.0813032,
29.8703,-69.798,-25.7218,,0.25532,
29.8803,-69.4472,-23.9375,,0.428781,
29.8903,-68.9231,-21.9459,,0.60215,
29.9003,-68.2259,-19.7457,,0.774166,
29.9103,-67.3593,-17.3225,,0.942444,
29.9203,-66.3243,-14.7115,,1.10952,
29.9303,-65.1239,-11.9316,,1.27506,
29.9403,-63.7587,-9.0407,,1.43818,
29.9503,-62.2339,-6.08448,,1.59493,
29.9603,-60.5549,-3.12105,,1.74756,
29.9703,-58.7255,-0.186278,,1.89648,
29.9803,-56.7478,2.67692,,2.04269,
29.9903,-54.6284,5.44016,,2.18117,
30.0003,-52.3727,8.09834,,2.31679,
30.0103,-49.9854,10.6278,,2.44319,
30.0203,-47.4747,13.052,,2.56568,
30.0303,-44.844,15.3378,,2.68251,
30.0403,-42.1007,17.5245,,2.79198,
30.0503,-39.2532,19.5718,,2.89246,
30.0603,-36.3078,21.4938,,2.98717,
30.0703,-33.2716,23.3082,,3.07514,
30.0803,-30.1516,24.9835,,3.15564,
30.0903,-26.9561,26.5454,,3.22678,
30.1003,-23.6937,27.9937,,3.28993,
30.1103,-20.3726,29.3328,,3.34629,
30.1203,-16.9996,30.5733,,3.393,
30.1303,-13.5845,31.6799,,3.43199,
30.1403,-10.1354,32.6958,,3.46186,
30.1503,-6.66137,33.6028,,3.48302,
30.1603,-3.17022,34.4241,,3.49596,
30.1703,0.328494,35.1562,,3.49981,
30.1803,3.82658,35.8211,,3.49533,
30.1903,7.31489,36.3973,,3.48159,
30.2003,10.7852,36.9038,,3.45998,
30.2103,14.2286,37.3483,,3.42845,
30.2203,17.6361,37.7197,,3.38908,
30.2303,20.9995,38.026,,3.34081,
30.2403,24.3103,38.2803,,3.28504,
30.2503,27.5606,38.4857,,3.22075,
30.2603,30.7421,38.6287,,3.14837,
30.2703,33.8474,38.7315,,3.06845,
30.2803,36.8667,38.7761,,2.97849,
30.2903,39.7941,38.7624,,2.88391,
30.3003,42.6226,38.7066,,2.78231,
30.3103,45.3446,38.6085,,2.67166,
30.3203,47.9524,38.4528,,2.55505,
30.3303,50.4413,38.2757,,2.43347,
30.3403,52.804,38.0223,,2.3044,
30.3503,55.0344,37.7365,,2.16902,
30.3603,57.1271,37.3959,,2.02924,
30.3703,59.0772,36.9954,,1.8846,
30.3803,60.8791,36.555,,1.73392,
30.3903,62.5299,36.0404,,1.58203,
30.4003,64.0245,35.495,,1.42263,
30.4103,65.3581,34.8833,,1.26047,
30.4203,66.5289,34.1823,,1.09655,
30.4303,67.5331,33.41,,0.928324,
30.4403,68.3688,32.5578,,0.759724,
30.4503,69.0337,31.622,,0.587222,
30.4603,69.5258,30.5805,,0.413586,
30.4703,69.8444,29.4094,,0.24079,
30.4803,69.9892,28.1138,,0.0660168,
30.4903,69.9582,26.6492,,-0.109943,
30.5003,69.752,25.0225,,-0.284991,
30.5103,69.3712,23.2004,,-0.458167,
30.5203,68.8186,21.167,,-0.630736,
30.5303,68.0927,18.9296,,-0.803257,
30.5403,67.1962,16.4801,,-0.971999,
30.5503,66.133,13.8428,,-1.13771,
30.5603,64.9044,11.0298,,-1.30242,
30.5703,63.5131,8.1195,,-1.46341,
30.5803,61.9633,5.14509,,-1.62023,
30.5903,60.2586,2.18748,,-1.77373,
30.6003,58.4022,-0.73301,,-1.92281,
30.6103,56.4006,-3.59344,,-2.06487,
30.6203,54.2587,-6.33052,,-2.20502,
30.6303,51.9792,-8.97091,,-2.33996,
30.6403,49.5703,-11.4905,,-2.4633,
30.6503,47.0403,-13.9024,,-2.58499,
30.6603,44.3897,-16.1778,,-2.70183,
30.6703,41.629,-18.326,,-2.80777,
30.6803,38.7648,-20.3572,,-2.90997,
30.6903,35.803,-22.2538,,-3.00333,
30.7003,32.7517,-24.05,,-3.08878,
30.7103,29.6194,-25.7104,,-3.16736,
30.7203,26.4121,-27.2624,,-3.23842,
30.7303,23.1391,-28.6952,,-3.30036,
30.7403,19.8084,-30.0172,,-3.35438,
30.7503,16.428,-31.2177,,-3.40031,
30.7603,13.0067,-32.3141,,-3.43722,
30.7703,9.55296,-33.3055,,-3.46602,
30.7803,6.07528,-34.1969,,-3.48611,
30.7903,2.58227,-35.0121,,-3.49722,
30.8003,-0.917002,-35.7295,,-3.49943,
30.8103,-4.414,-36.3718,,-3.49389,
30.8203,-7.90005,-36.9436,,-3.47821,
30.8303,-11.3662,-37.425,,-3.45505,
30.8403,-14.8041,-37.8613,,-3.42272,
30.8503,-18.205,-38.2202,,-3.38203,
30.8603,-21.5603,-38.5223,,-3.33209,
30.8703,-24.8617,-38.773,,-3.27518,
30.8803,-28.1013,-38.9645,,-3.20907,
30.8903,-31.2699,-39.1014,,-3.13415,
30.9003,-34.3606,-39.1807,,-3.05405,
30.9103,-37.3657,-39.216,,-2.96427,
30.9203,-40.277,-39.1898,,-2.86742,
30.9303,-43.0887,-39.1372,,-2.76379,
30.9403,-45.7908,-39.0283,,-2.65169,
30.9503,-48.3798,-38.8753,,-2.53684,
30.9603,-50.8488,-38.6634,,-2.41154,
30.9703,-53.1891,-38.4215,,-2.28145,
30.9803,-55.3968,-38.111,,-2.14648,
30.9903,-57.4661,-37.7706,,-2.00519,
31.0003,-59.391,-37.3638,,-1.85926,
31.0103,-61.1686,-36.9143,,-1.70949,
31.0203,-62.7923,-36.3907,,-1.55327,
31.0303,-64.2597,-35.8311,,-1.39668,
31.0403,-65.5675,-35.1964,,-1.23382,
31.0503,-66.71,-34.5019,,-1.06806,
31.0603,-67.6857,-33.7123,,-0.899873,
31.0703,-68.4926,-32.8556,,-0.73068,
31.0803,-69.1285,-31.8883,,-0.557673,
31.0903,-69.5909,-30.8181,,-0.384604,
31.1003,-69.8806,-29.6335,,-0.21153,
31.1103,-69.9957,-28.3031,,-0.0364243,
31.1203,-69.936,-26.8203,,0.139152,
31.1303,-69.6998,-25.1715,,0.315023,
31.1403,-69.2897,-23.3142,,0.487061,
31.1503,-68.7086,-21.2478,,0.658896,
31.1603,-67.9538,-18.9668,,0.832382,
31.1703,-67.0294,-16.4736,,0.999223,
31.1803,-65.9389,-13.804,,1.16514,
31.1903,-64.6825,-10.9625,,1.33039,
31.2003,-63.2639,-8.04755,,1.49019,
31.2103,-61.6872,-5.08502,,1.64682,
31.2203,-59.9569,-2.11573,,1.79798,
31.2303,-58.0764,0.805451,,1.94756,
31.2403,-56.0502,3.64411,,2.08952,
31.2503,-53.8846,6.36759,,2.22712,
31.2603,-51.5831,8.99663,,2.36209,
31.2703,-49.1529,11.5028,,2.48431,
31.2803,-46.6016,13.8796,,2.60541,
31.2903,-43.9334,16.1446,,2.71911,
31.3003,-41.1547,18.2875,,2.82544,
31.3103,-38.2737,20.2919,,2.92642,
31.3203,-35.2956,22.1834,,3.01848,
31.3303,-32.2303,23.9543,,3.10263,
31.3403,-29.0846,25.5946,,3.17992,
31.3503,-25.8658,27.1298,,3.24925,
31.3603,-22.5827,28.5461,,3.30974,
31.3703,-19.2433,29.8506,,3.36256,
31.3803,-15.8559,31.0371,,3.40671,
31.3903,-12.4283,32.1153,,3.44343,
31.4003,-8.96965,33.0903,,3.4696,
31.4103,-5.48872,33.9682,,3.48874,
31.4203,-1.9941,34.7606,,3.49813,
31.4303,1.50537,35.467,,3.49935,
31.4403,5.00132,36.0991,,3.49182,
31.4503,8.48445,36.6488,,3.47494,
31.4603,11.9464,37.1361,,3.4499,
31.4703,15.3785,37.5449,,3.41629,
31.4803,18.7723,37.9029,,3.37403,
31.4903,22.1189,38.186,,3.32322,
31.5003,25.4106,38.4288,,3.26482,
31.5103,28.6388,38.6025,,3.19699,
31.5203,31.7952,38.731,,3.12204,
31.5303,34.8721,38.8082,,3.03848,
31.5403,37.8613,38.8302,,2.94832,
31.5503,40.7563,38.8019,,2.84986,
31.5603,43.5499,38.7416,,2.7459,
31.5703,46.2339,38.6158,,2.63334,
31.5803,48.8035,38.4556,,2.51644,
31.5903,51.2512,38.2379,,2.39009,
31.6003,53.5694,37.9704,,2.25857,
31.6103,55.7535,37.6676,,2.12308,
31.6203,57.7994,37.311,,1.98069,
31.6303,59.6997,36.8942,,1.83471,
31.6403,61.451,36.4308,,1.68281,
31.6503,63.0509,35.9188,,1.5303,
31.6603,64.4918,35.3364,,1.36834,
31.6703,65.7711,34.6905,,1.20507,
31.6803,66.8849,33.9741,,1.03987,
31.6903,67.8331,33.1717,,0.872135,
31.7003,68.6114,32.2906,,0.700936,
31.7103,69.2173,31.3181,,0.528662,
31.7203,69.6516,30.2291,,0.356414,
31.7303,69.9121,29.0175,,0.18226,
31.7403,69.9987,27.6627,,7.21E-03,
31.7503,69.9081,26.1569,,-0.170135,
31.7603,69.6423,24.4643,,-0.3437,
31.7703,69.2044,22.5702,,-0.514982,
31.7803,68.5934,20.4593,,-0.689384,
31.7903,67.81,18.1406,,-0.859939,
31.8003,66.8577,15.6218,,-1.0272,
31.8103,65.739,12.9141,,-1.19322,
31.8203,64.4556,10.0684,,-1.35703,
31.8303,63.0103,7.12879,,-1.51649,
31.8403,61.408,4.1558,,-1.67261,
31.8503,59.6509,1.19974,,-1.82473,
31.8603,57.7462,-1.71485,,-1.97029,
31.8703,55.6962,-4.54589,,-2.11406,
31.8803,53.507,-7.27268,,-2.24962,
31.8903,51.1849,-9.86932,,-2.38141,
31.9003,48.7335,-12.3616,,-2.50699,
31.9103,46.1619,-14.7187,,-2.62408,
31.9203,43.4742,-16.9487,,-2.73878,
31.9303,40.6765,-19.0726,,-2.84408,
31.9403,37.779,-21.0631,,-2.94048,
31.9503,34.7869,-22.9421,,-3.03348,
31.9603,31.7073,-24.694,,-3.11609,
31.9703,28.549,-26.3187,,-3.19198,
31.9803,25.3186,-27.8317,,-3.25999,
31.9903,22.0254,-29.2317,,-3.31962,
32.0003,18.6769,-30.504,,-3.37072,
32.0103,15.2816,-31.6774,,-3.4139,
32.0203,11.8484,-32.7315,,-3.44794,
32.0303,8.38562,-33.6943,,-3.4737,
32.0403,4.90203,-34.5562,,-3.4909,
32.0503,1.40577,-35.3378,,-3.49909,
32.0603,-2.09364,-36.0244,,-3.49855,
32.0703,-5.58802,-36.6527,,-3.48942,
32.0803,-9.06831,-37.1813,,-3.47134,
32.0903,-12.5261,-37.6577,,-3.44524,
32.1003,-15.9525,-38.0492,,-3.40986,
32.1103,-19.3389,-38.3952,,-3.36587,
32.1203,-22.6769,-38.674,,-3.31396,
32.1303,-25.9582,-38.8916,,-3.25366,
32.1403,-29.1748,-39.0721,,-3.18513,
32.1503,-32.3182,-39.1903,,-3.10816,
32.1603,-35.3809,-39.2574,,-3.02417,
32.1703,-38.3556,-39.2719,,-2.9328,
32.1803,-41.2338,-39.2366,,-2.83309,
32.1903,-44.0093,-39.165,,-2.72679,
32.2003,-46.6745,-39.0351,,-2.61378,
32.2103,-49.2241,-38.8494,,-2.4963,
32.2203,-51.6497,-38.6348,,-2.3673,
32.2303,-53.9456,-38.3593,,-2.23627,
32.2403,-56.1066,-38.0448,,-2.09944,
32.2503,-58.1289,-37.6762,,-1.95755,
32.2603,-60.005,-37.2661,,-1.80874,
32.2703,-61.7313,-36.7847,,-1.65898,
32.2803,-63.3044,-36.2525,,-1.50125,
32.2903,-64.7177,-35.6694,,-1.34157,
32.3003,-65.9698,-35.0161,,-1.17762,
32.3103,-67.0561,-34.2719,,-1.01215,
32.3203,-67.9752,-33.4679,,-0.842476,
32.3303,-68.7262,-32.5742,,-0.675282,
32.3403,-69.3054,-31.5728,,-0.500341,
32.3503,-69.7091,-30.4649,,-0.324913,
32.3603,-69.9385,-29.2319,,-0.151547,
32.3703,-69.9947,-27.8565,,0.0221751,
32.3803,-69.8761,-26.3164,,0.198057,
32.3903,-69.5818,-24.5926,,0.372033,
32.4003,-69.1146,-22.6549,,0.54607,
32.4103,-68.4731,-20.5192,,0.718162,
32.4203,-67.6614,-18.149,,0.88816,
32.4303,-66.6812,-15.6078,,1.05572,
32.4403,-65.5343,-12.8789,,1.22121,
32.4503,-64.2229,-10.006,,1.38436,
32.4603,-62.7508,-7.06268,,1.54265,
32.4703,-61.1233,-4.07096,,1.69786,
32.4803,-59.3407,-1.11696,,1.85003,
32.4903,-57.4111,1.79651,,1.99433,
32.5003,-55.3382,4.59857,,2.13645,
32.5103,-53.1262,7.30104,,2.27314,
32.5203,-50.7819,9.89217,,2.40194,
32.5303,-48.3103,12.3546,,2.52722,
32.5403,-45.7176,14.6982,,2.64489,
32.5503,-43.0117,16.9317,,2.75597,
32.5603,-40.1969,19.0297,,2.8607,
32.5703,-37.2822,21.0023,,2.95803,
32.5803,-34.2746,22.8618,,3.04731,
32.5903,-31.1815,24.586,,3.12935,
32.6003,-28.0104,26.2046,,3.20454,
32.6103,-24.769,27.6983,,3.27027,
32.6203,-21.4658,29.0676,,3.32854,
32.6303,-18.1089,30.3376,,3.37883,
32.6403,-14.7069,31.4794,,3.41998,
32.6503,-11.2681,32.5395,,3.4527,
32.6603,-7.80116,33.4651,,3.47725,
32.6703,-4.31459,34.3262,,3.49315,
32.6803,-0.817413,35.0885,,3.49942,
32.6903,2.68192,35.7719,,3.49803,
32.7003,6.17446,36.3564,,3.48653,
32.7103,9.65145,36.8915,,3.46777,
32.7203,13.1047,37.3469,,3.4398,
32.7303,16.5248,37.7346,,3.40304,
32.7403,19.904,38.0659,,3.3583,
32.7503,23.2328,38.3383,,3.30367,
32.7603,26.5037,38.5517,,3.24282,
32.7703,29.7085,38.7095,,3.17249,
32.7803,32.8389,38.8228,,3.09469,
32.7903,35.8871,38.8834,,3.00947,
32.8003,38.8464,38.8823,,2.91663,
32.8103,41.7078,38.8428,,2.81572,
32.8203,44.4656,38.7635,,2.70961,
32.8303,47.1121,38.612,,2.59315,
32.8403,49.6397,38.4411,,2.4735,
32.8503,52.0437,38.2017,,2.34639,
32.8603,54.319,37.922,,2.21542,
32.8703,56.4574,37.5994,,2.07517,
32.8803,58.4551,37.2235,,1.93353,
32.8903,60.3069,36.7878,,1.78395,
32.9003,62.0067,36.2975,,1.63066,
32.9103,63.5524,35.7759,,1.47489,
32.9203,64.9397,35.1684,,1.31563,
32.9303,66.1643,34.4959,,1.15014,
32.9403,67.2236,33.7475,,0.983699,
32.9503,68.1143,32.9174,,0.814858,
32.9603,68.8346,32.0056,,0.642986,
32.9703,69.3841,30.9999,,0.47218,
32.9803,69.7599,29.8771,,0.296948,
32.9903,69.9606,28.6149,,0.122187,
33.0003,69.9864,27.2068,,-0.0532543,
33.0103,69.8374,25.6313,,-0.227155,
33.0203,69.5144,23.8721,,-0.401434,
33.0303,69.0184,21.8856,,-0.573973,
33.0403,68.3485,19.7151,,-0.747125,
33.0503,67.5083,17.3335,,-0.916324,
33.0603,66.5,14.7425,,-1.08335,
33.0703,65.325,11.9784,,-1.24908,
33.0803,63.9869,9.09004,,-1.41083,
33.0903,62.4881,6.12298,,-1.5703,
33.1003,60.833,3.15188,,-1.72376,
33.1103,59.0267,0.195396,,-1.87345,
33.1203,57.0723,-2.69569,,-2.01937,
33.1303,54.9756,-5.49664,,-2.15945,
33.1403,52.7418,-8.19435,,-2.29345,
33.1503,50.3759,-10.7509,,-2.42501,
33.1603,47.8821,-13.2168,,-2.54814,
33.1703,45.2703,-15.5295,,-2.66308,
33.1803,42.5453,-17.7345,,-2.775,
33.1903,39.7137,-19.8191,,-2.87769,
33.2003,36.7824,-21.7752,,-2.97326,
33.2103,33.7598,-23.6157,,-3.06183,
33.2203,30.6533,-25.3253,,-3.14204,
33.2303,27.4701,-26.9234,,-3.21568,
33.2403,24.2179,-28.3872,,-3.28118,
33.2503,20.905,-29.7461,,-3.33762,
33.2603,17.5397,-30.9884,,-3.3865,
33.2703,14.131,-32.1231,,-3.42599,
33.2803,10.6867,-33.1473,,-3.45763,
33.2903,7.2159,-34.08,,-3.48003,
33.3003,3.727,-34.9138,,-3.49465,
33.3103,0.228838,-35.6574,,-3.50004,
33.3203,-3.26977,-36.3151,,-3.49635,
33.3303,-6.76043,-36.9175,,-3.48452,
33.3403,-10.2339,-37.4185,,-3.46369,
33.3503,-13.6822,-37.8686,,-3.43412,
33.3603,-17.0959,-38.2449,,-3.39585,
33.3703,-20.4673,-38.5672,,-3.34962,
33.3803,-23.7873,-38.8127,,-3.29462,
33.3903,-27.0478,-39.0237,,-3.23181,
33.4003,-30.2406,-39.1787,,-3.15948,
33.4103,-33.3576,-39.2714,,-3.08145,
33.4203,-36.3913,-39.3309,,-2.99355,
33.4303,-39.3342,-39.321,,-2.90001,
33.4403,-42.1791,-39.274,,-2.79868,
33.4503,-44.9185,-39.1773,,-2.69022,
33.4603,-47.5451,-39.0307,,-2.57336,
33.4703,-50.0533,-38.8405,,-2.45347,
33.4803,-52.436,-38.5967,,-2.32468,
33.4903,-54.6879,-38.3144,,-2.19165,
33.5003,-56.8027,-37.9845,,-2.05142,
33.5103,-58.7765,-37.5843,,-1.90882,
33.5203,-60.6031,-37.1528,,-1.75842,
33.5303,-62.2774,-36.6508,,-1.60528,
33.5403,-63.7969,-36.1067,,-1.44868,
33.5503,-65.1554,-35.4888,,-1.28446,
33.5603,-66.3523,-34.8226,,-1.12422,
33.5703,-67.3838,-34.051,,-0.955681,
33.5803,-68.247,-33.2175,,-0.787063,
33.5903,-68.9394,-32.2869,,-0.614974,
33.6003,-69.4596,-31.252,,-0.441712,
33.6103,-69.8057,-30.0939,,-0.268188,
33.6203,-69.9788,-28.8171,,-0.0950339,
33.6303,-69.9753,-27.391,,0.0835714,
33.6403,-69.7967,-25.7813,,0.256456,
33.6503,-69.4439,-23.9866,,0.431311,
33.6603,-68.9179,-21.9961,,0.603579,
33.6703,-68.2196,-19.7754,,0.775106,
33.6803,-67.3514,-17.3367,,0.944877,
33.6903,-66.3141,-14.7096,,1.11218,
33.7003,-65.1106,-11.921,,1.27725,
33.7103,-63.7452,-9.01406,,1.43772,
33.7203,-62.2209,-6.05208,,1.59477,
33.7303,-60.5398,-3.08082,,1.75067,
33.7403,-58.7074,-0.13256,,1.89861,
33.7503,-56.7294,2.76085,,2.04238,
33.7603,-54.6095,5.54385,,2.18198,
33.7703,-52.3528,8.21674,,2.31677,
33.7803,-49.9648,10.7774,,2.44616,
33.7903,-47.4519,13.1996,,2.56697,
33.8003,-44.8203,15.5205,,2.68319,
33.8103,-42.0759,17.6938,,2.79348,
33.8203,-39.2269,19.7645,,2.89342,
33.8303,-36.2806,21.709,,2.98853,
33.8403,-33.2432,23.5172,,3.07586,
33.8503,-30.1233,25.2293,,3.15528,
33.8603,-26.9277,26.794,,3.22712,
33.8703,-23.6646,28.2538,,3.29121,
33.8803,-20.3422,29.5923,,3.34711,
33.8903,-16.9689,30.8058,,3.39301,
33.9003,-13.5542,31.9273,,3.43143,
33.9103,-10.105,32.9286,,3.46236,
33.9203,-6.63027,33.8433,,3.48359,
33.9303,-3.13911,34.6696,,3.49575,
33.9403,0.359577,35.3991,,3.49995,
33.9503,3.85761,36.0544,,3.4952,
33.9603,7.34582,36.6237,,3.48145,
33.9703,10.8159,37.1282,,3.45979,
33.9803,14.2589,37.5508,,3.42805,
33.9903,17.6662,37.9325,,3.38896,
34.0003,21.0293,38.2354,,3.34046,
34.0103,24.3396,38.4736,,3.28412,
34.0203,27.589,38.6709,,3.22,
34.0303,30.7702,38.808,,3.1478,
34.0403,33.8744,38.9076,,3.06786,
34.0503,36.8932,38.9427,,2.97785,
34.0603,39.8196,38.9406,,2.88251,
34.0703,42.6465,38.8734,,2.78117,
34.0803,45.3679,38.7748,,2.67104,
34.0903,47.975,38.6118,,2.55346,
34.1003,50.4612,38.4146,,2.4311,
34.1103,52.823,38.1529,,2.30433,
34.1203,55.0532,37.8705,,2.16808,
34.1303,57.145,37.5277,,2.02894,
34.1403,59.0945,37.131,,1.8831,
34.1503,60.8949,36.6767,,1.73259,
34.1603,62.5437,36.1847,,1.58007,
34.1703,64.0369,35.6117,,1.42115,
34.1803,65.3701,34.9869,,1.26016,
34.1903,66.5389,34.2906,,1.09422,
34.2003,67.5423,33.5082,,0.928559,
34.2103,68.3766,32.654,,0.75662,
34.2203,69.0388,31.7196,,0.585742,
34.2303,69.5301,30.6705,,0.412803,
34.2403,69.847,29.4944,,0.238379,
34.2503,69.9896,28.1888,,0.0644413,
34.2603,69.9571,26.7273,,-0.111347,
34.2703,69.7502,25.0818,,-0.285824,
34.2803,69.368,23.2462,,-0.460563,
34.2903,68.8123,21.213,,-0.632857,
34.3003,68.0854,18.9565,,-0.803994,
34.3103,67.1883,16.4982,,-0.972838,
34.3203,66.1233,13.8461,,-1.14013,
34.3303,64.8929,11.0288,,-1.30428,
34.3403,63.5002,8.08518,,-1.4642,
34.3503,61.9491,5.12222,,-1.62168,
34.3603,60.2423,2.14612,,-1.77514,
34.3703,58.3861,-0.798034,,-1.92304,
34.3803,56.3822,-3.67179,,-2.06803,
34.3903,54.2389,-6.4397,,-2.20521,
34.4003,51.9598,-9.08987,,-2.33838,
34.4103,49.5507,-11.6461,,-2.46582,
34.4203,47.0179,-14.0454,,-2.58735,
34.4303,44.3661,-16.3374,,-2.70282,
34.4403,41.6039,-18.5101,,-2.80948,
34.4503,38.7386,-20.5483,,-2.91034,
34.4603,35.7764,-22.4729,,-3.00392,
34.4703,32.7246,-24.2752,,-3.08953,
34.4803,29.5911,-25.9535,,-3.16828,
34.4903,26.3832,-27.5041,,-3.2391,
34.5003,23.1097,-28.9402,,-3.30067,
34.5103,19.7784,-30.2587,,-3.35533,
34.5203,16.3976,-31.4678,,-3.40006,
34.5303,12.9764,-32.5514,,-3.43737,
34.5403,9.52197,-33.5545,,-3.46673,
34.5503,6.04419,-34.4394,,-3.48603,
34.5603,2.55119,-35.2511,,-3.49735,
34.5703,-0.948051,-35.9739,,-3.49935,
34.5803,-4.44505,-36.6122,,-3.49373,
34.5903,-7.93088,-37.1623,,-3.47801,
34.6003,-11.3968,-37.6588,,-3.45457,
34.6103,-14.8344,-38.0633,,-3.4226,
34.6203,-18.2349,-38.4252,,-3.38151,
34.6303,-21.59,-38.7169,,-3.33205,
34.6403,-24.8905,-38.9649,,-3.27386,
34.6503,-28.129,-39.1537,,-3.20789,
34.6603,-31.2975,-39.2815,,-3.13507,
34.6703,-34.3881,-39.3683,,-3.05272,
34.6803,-37.392,-39.3853,,-2.96322,
34.6903,-40.3023,-39.3617,,-2.86675,
34.7003,-43.1124,-39.2948,,-2.76215,
34.7103,-45.8148,-39.1936,,-2.65213,
34.7203,-48.4016,-39.0229,,-2.5321,
34.7303,-50.8666,-38.8168,,-2.4106,
34.7403,-53.2078,-38.5631,,-2.28199,
34.7503,-55.4145,-38.2637,,-2.14488,
34.7603,-57.4829,-37.8913,,-2.00472,
34.7703,-59.4069,-37.4958,,-1.85809,
34.7803,-61.1829,-37.0415,,-1.70786,
34.7903,-62.8064,-36.5232,,-1.55361,
34.8003,-64.2727,-35.9496,,-1.39437,
34.8103,-65.5769,-35.3251,,-1.23126,
34.8203,-66.7185,-34.6001,,-1.06657,
34.8303,-67.6932,-33.8164,,-0.899339,
34.8403,-68.499,-32.9469,,-0.729388,
34.8503,-69.134,-31.9817,,-0.556719,
34.8603,-69.5949,-30.9179,,-0.382873,
34.8703,-69.8828,-29.7128,,-0.210125,
34.8803,-69.9965,-28.3942,,-0.0345187,
34.8903,-69.9347,-26.8976,,0.140518,
34.9003,-69.6975,-25.2253,,0.316294,
34.9103,-69.2866,-23.3644,,0.488793,
34.9203,-68.7019,-21.2894,,0.662024,
34.9303,-67.9467,-18.9941,,0.831693,
34.9403,-67.0213,-16.4956,,1.00147,
34.9503,-65.9272,-13.8081,,1.16857,
34.9603,-64.6696,-10.9635,,1.33066,
34.9703,-63.2501,-8.02702,,1.49187,
34.9803,-61.6724,-5.05568,,1.6474,
34.9903,-59.9406,-2.06404,,1.80018,
35.0003,-58.0584,0.877596,,1.94861,
35.0103,-56.032,3.72864,,2.08974,
35.0203,-53.8654,6.4841,,2.22853,
35.0303,-51.5638,9.12565,,2.36035,
35.0403,-49.1327,11.6323,,2.48801,
35.0503,-46.5786,14.0317,,2.60703,
35.0603,-43.9092,16.3063,,2.71981,
35.0703,-41.1299,18.4755,,2.82643,
35.0803,-38.2478,20.4907,,2.92688,
35.0903,-35.2696,22.4019,,3.01939,
35.1003,-32.2032,24.1935,,3.10356,
35.1103,-29.0567,25.8325,,3.18038,
35.1203,-25.8376,27.3756,,3.24979,
35.1303,-22.5538,28.792,,3.31026,
35.1403,-19.2133,30.0925,,3.36385,
35.1503,-15.8252,31.2743,,3.40724,
35.1603,-12.3974,32.3658,,3.44337,
35.1703,-8.93849,33.3386,,3.47007,
35.1803,-5.45763,34.2177,,3.48842,
35.1903,-1.9631,35.0088,,3.49824,
35.2003,1.53643,35.7134,,3.49927,
35.2103,5.03238,36.3279,,3.49174,
35.2203,8.51531,36.8664,,3.47475,
35.2303,11.9772,37.3421,,3.4497,
35.2403,15.4089,37.7577,,3.41584,
35.2503,18.8021,38.1099,,3.37333,
35.2603,22.1483,38.3942,,3.32327,
35.2703,25.4394,38.6219,,3.26385,
35.2803,28.667,38.7941,,3.19636,
35.2903,31.8229,38.9147,,3.12182,
35.3003,34.8998,38.9901,,3.03796,
35.3103,37.8877,39.0032,,2.94717,
35.3203,40.7823,38.9743,,2.85041,
35.3303,43.5752,38.9039,,2.74373,
35.3403,46.2579,38.7743,,2.63261,
35.3503,48.8251,38.607,,2.51235,
35.3603,51.2703,38.3864,,2.3898,
35.3703,53.5892,38.1192,,2.25974,
35.3803,55.7732,37.8082,,2.12128,
35.3903,57.817,37.4581,,1.97957,
35.4003,59.7161,37.0313,,1.8329,
35.4103,61.4666,36.5622,,1.68228,
35.4203,63.0636,36.0348,,1.52639,
35.4303,64.503,35.4465,,1.36872,
35.4403,65.7827,34.8003,,1.20444,
35.4503,66.8943,34.0749,,1.03721,
35.4603,67.8407,33.2839,,0.871045,
35.4703,68.6181,32.3893,,0.699862,
35.4803,69.2226,31.4205,,0.526908,
35.4903,69.6552,30.3279,,0.355242,
35.5003,69.9145,29.1038,,0.180475,
35.5103,69.9986,27.7382,,4.7E-03,
35.5203,69.906,26.2168,,-0.171369,
35.5303,69.6401,24.5073,,-0.343723,
35.5403,69.1996,22.6096,,-0.519237,
35.5503,68.587,20.5029,,-0.688726,
35.5603,67.8031,18.1775,,-0.862012,
35.5703,66.8481,15.644,,-1.02978,
35.5803,65.728,12.927,,-1.19445,
35.5903,64.443,10.0485,,-1.35773,
35.6003,62.9971,7.09525,,-1.51838,
35.6103,61.3931,4.09998,,-1.67326,
35.6203,59.6352,1.13096,,-1.82658,
35.6303,57.728,-1.7887,,-1.97229,
35.6403,55.6775,-4.62387,,-2.11362,
35.6503,53.4882,-7.36724,,-2.25111,
35.6603,51.163,-9.9895,,-2.38385,
35.6703,48.7112,-12.5057,,-2.50673,
35.6803,46.139,-14.8875,,-2.62564,
35.6903,43.4498,-17.1404,,-2.74028,
35.7003,40.6516,-19.2715,,-2.8441,
35.7103,37.7531,-21.2705,,-2.94185,
35.7203,34.7594,-23.1558,,-3.03455,
35.7303,31.6794,-24.9225,,-3.11659,
35.7403,28.5201,-26.5573,,-3.19317,
35.7503,25.2893,-28.0751,,-3.26028,
35.7603,21.9956,-29.4819,,-3.31943,
35.7703,18.6471,-30.7581,,-3.37142,
35.7803,15.2513,-31.9315,,-3.41402,
35.7903,11.8177,-32.988,,-3.44852,
35.8003,8.35469,-33.9357,,-3.47386,
35.8103,4.87088,-34.7994,,-3.49111,
35.8203,1.37462,-35.5769,,-3.49897,
35.8303,-2.12474,-36.2702,,-3.49844,
35.8403,-5.61902,-36.8833,,-3.48944,
35.8503,-9.09907,-37.4118,,-3.47101,
35.8603,-12.5564,-37.8775,,-3.44473,
35.8703,-15.9823,-38.2652,,-3.40913,
35.8803,-19.3686,-38.5965,,-3.36614,
35.8903,-22.7063,-38.8647,,-3.3132,
35.9003,-25.9868,-39.0973,,-3.25307,
35.9103,-29.203,-39.2597,,-3.18447,
35.9203,-32.3454,-39.3827,,-3.10723,
35.9303,-35.4079,-39.44,,-3.02413,
35.9403,-38.3817,-39.4464,,-2.93151,
35.9503,-41.2587,-39.4024,,-2.83196,
35.9603,-44.0331,-39.3222,,-2.72657,
35.9703,-46.6983,-39.1868,,-2.61353,
35.9803,-49.2473,-39.0058,,-2.49442,
35.9903,-51.6712,-38.7876,,-2.36633,
36.0003,-53.9656,-38.5148,,-2.23505,
36.0103,-56.1266,-38.1935,,-2.0988,
36.0203,-58.1468,-37.8227,,-1.95583,
36.0303,-60.0216,-37.3943,,-1.80728,
36.0403,-61.746,-36.905,,-1.65652,
36.0503,-63.3174,-36.3732,,-1.50028,
36.0603,-64.7292,-35.7771,,-1.33917,
36.0703,-65.9798,-35.1281,,-1.17761,
36.0803,-67.066,-34.3876,,-1.01146,
36.0903,-67.9843,-33.5837,,-0.841151,
36.1003,-68.7322,-32.679,,-0.671721,
36.1103,-69.309,-31.6698,,-0.498511,
36.1203,-69.7113,-30.5553,,-0.32378,
36.1303,-69.9398,-29.3128,,-0.151417,
36.1403,-69.9959,-27.9211,,0.0237621,
36.1503,-69.8742,-26.3844,,0.200607,
36.1603,-69.5787,-24.647,,0.373478,
36.1703,-69.1094,-22.7184,,0.547506,
36.1803,-68.4677,-20.568,,0.718269,
36.1903,-67.6553,-18.1936,,0.889541,
36.2003,-66.6731,-15.617,,1.0572,
36.2103,-65.5241,-12.8716,,1.22453,
36.2203,-64.21,-9.98128,,1.38619,
36.2303,-62.7361,-7.02744,,1.54458,
36.2403,-61.107,-4.03165,,1.69874,
36.2503,-59.3247,-1.06157,,1.85,
36.2603,-57.3931,1.86203,,1.99727,
36.2703,-55.3183,4.69403,,2.13773,
36.2803,-53.1052,7.40627,,2.27373,
36.2903,-50.7599,10.0127,,2.40354,
36.3003,-48.2872,12.5016,,2.52727,
36.3103,-45.6948,14.858,,2.64493,
36.3203,-42.9881,17.1164,,2.75698,
36.3303,-40.1722,19.231,,2.86265,
36.3403,-37.2564,21.2148,,2.95764,
36.3503,-34.2484,23.0858,,3.049,
36.3603,-31.1534,24.8261,,3.13089,
36.3703,-27.9815,26.4414,,3.20432,
36.3803,-24.7401,27.9399,,3.27094,
36.3903,-21.4363,29.3176,,3.32927,
36.4003,-18.0789,30.5894,,3.37896,
36.4103,-14.6766,31.7408,,3.42039,
36.4203,-11.2373,32.791,,3.45333,
36.4303,-7.77012,33.7258,,3.47712,
36.4403,-4.28347,34.5717,,3.49334,
36.4503,-0.786281,35.3232,,3.49949,
36.4603,2.71294,35.9995,,3.49774,
36.4703,6.20535,36.5909,,3.48654,
36.4803,9.68235,37.1212,,3.46771,
36.4903,13.1351,37.5631,,3.43916,
36.5003,16.5549,37.9618,,3.40279,
36.5103,19.9335,38.2774,,3.35763,
36.5203,23.2617,38.5362,,3.30301,
36.5303,26.5322,38.7541,,3.24244,
36.5403,29.7362,38.8956,,3.17174,
36.5503,32.8659,39.0084,,3.09396,
36.5603,35.9136,39.0686,,3.00844,
36.5703,38.8717,39.0572,,2.91603,
36.5803,41.7334,39.0152,,2.8157,
36.5903,44.4892,38.9215,,2.70673,
36.6003,47.134,38.7727,,2.59311,
36.6103,49.6626,38.587,,2.47437,
36.6203,52.0666,38.3544,,2.34532,
36.6303,54.3389,38.0759,,2.21192,
36.6403,56.4757,37.7413,,2.07468,
36.6503,58.4721,37.3578,,1.93177,
36.6603,60.3224,36.928,,1.7826,
36.6703,62.0219,36.4292,,1.63087,
36.6803,63.5658,35.885,,1.4724,
36.6903,64.9511,35.2861,,1.31414,
36.7003,66.1746,34.6099,,1.14813,
36.7103,67.2322,33.8588,,0.983322,
36.7203,68.1223,33.0246,,0.812878,
36.7303,68.8408,32.1121,,0.641385,
36.7403,69.3875,31.0923,,0.469948,
36.7503,69.7618,29.9585,,0.295013,
36.7603,69.962,28.6912,,0.122553,
36.7703,69.9875,27.2827,,-0.0540433,
36.7803,69.8363,25.6954,,-0.229945,
36.7903,69.5116,23.9302,,-0.402875,
36.8003,69.0129,21.947,,-0.575952,
36.8103,68.3429,19.7607,,-0.747773,
36.8203,67.5004,17.3531,,-0.91913,
36.8303,66.4905,14.7593,,-1.08343,
36.8403,65.3149,11.9758,,-1.25139,
36.8503,63.9743,9.06811,,-1.41263,
36.8603,62.4743,6.09608,,-1.57121,
36.8703,60.8173,3.1096,,-1.72657,
36.8803,59.0092,0.131099,,-1.87433,
36.8903,57.054,-2.77354,,-2.02016,
36.9003,54.9559,-5.60107,,-2.16118,
36.9103,52.7202,-8.30777,,-2.29661,
36.9203,50.3514,-10.8919,,-2.42559,
36.9303,47.859,-13.3507,,-2.54709,
36.9403,45.2467,-15.6925,,-2.66405,
36.9503,42.5214,-17.9146,,-2.77436,
36.9603,39.6893,-20.0273,,-2.87907,
36.9703,36.7568,-21.9913,,-2.97509,
36.9803,33.7326,-23.8464,,-3.06273,
36.9903,30.6254,-25.5722,,-3.14277,
37.0003,27.4415,-27.1533,,-3.21671,
37.0103,24.1883,-28.6346,,-3.28139,
37.0203,20.8756,-29.9915,,-3.33757,
37.0303,17.5099,-31.2477,,-3.38702,
37.0403,14.1006,-32.3839,,-3.4267,
37.0503,10.656,-33.4122,,-3.45774,
37.0603,7.18488,-34.3334,,-3.48023,
37.0703,3.69589,-35.1656,,-3.49482,
37.0803,0.197729,-35.8958,,-3.49986,
37.0903,-3.30082,-36.5517,,-3.49647,
37.1003,-6.79136,-37.134,,-3.48436,
37.1103,-10.2648,-37.6423,,-3.46365,
37.1203,-13.7126,-38.0867,,-3.43354,
37.1303,-17.1261,-38.466,,-3.39575,
37.1403,-20.4971,-38.7799,,-3.34918,
37.1503,-23.8162,-39.0206,,-3.29348,
37.1603,-27.0762,-39.2243,,-3.23131,
37.1703,-30.2685,-39.3642,,-3.15907,
37.1803,-33.3844,-39.4559,,-3.08004,
37.1903,-36.4178,-39.5023,,-2.9937,
37.2003,-39.3599,-39.4975,,-2.89889,
37.2103,-42.2039,-39.4447,,-2.79758,
37.2203,-44.9427,-39.3482,,-2.69018,
37.2303,-47.5687,-39.1872,,-2.57294,
37.2403,-50.0759,-38.9911,,-2.45166,
37.2503,-52.457,-38.7445,,-2.32259,
37.2603,-54.7069,-38.4488,,-2.18991,
37.2703,-56.8213,-38.1134,,-2.05156,
37.2803,-58.7936,-37.7355,,-1.90735,
37.2903,-60.6198,-37.2922,,-1.7582,
37.3003,-62.2927,-36.792,,-1.6033,
37.3103,-63.8095,-36.224,,-1.44496,
37.3203,-65.167,-35.6102,,-1.28498,
37.3303,-66.3619,-34.9179,,-1.12181,
37.3403,-67.3927,-34.1533,,-0.955355,
37.3503,-68.2547,-33.3323,,-0.785535,
37.3603,-68.9448,-32.3909,,-0.611732,
37.3703,-69.463,-31.3512,,-0.441508,
37.3803,-69.8085,-30.1954,,-0.266234,
37.3903,-69.9784,-28.8988,,-0.0914789,
37.4003,-69.9736,-27.4497,,0.0836906,
37.4103,-69.7938,-25.8468,,0.258259,
37.4203,-69.4397,-24.045,,0.431878,
37.4303,-68.9129,-22.0397,,0.605174,
37.4403,-68.213,-19.8163,,0.776693,
37.4503,-67.3426,-17.3666,,0.947206,
37.4603,-66.303,-14.7373,,1.11489,
37.4703,-65.0983,-11.9173,,1.27718,
37.4803,-63.7323,-8.99168,,1.438,
37.4903,-62.2069,-6.01562,,1.597,
37.5003,-60.5247,-3.02043,,1.75069,
37.5103,-58.6914,-0.0595134,,1.90071,
37.5203,-56.7118,2.83939,,2.04345,
37.5303,-54.5905,5.63607,,2.18395,
37.5403,-52.3308,8.33016,,2.32032,
37.5503,-49.9414,10.9076,,2.44518,
37.5603,-47.4288,13.3613,,2.56815,
37.5703,-44.7951,15.6901,,2.68499,
37.5803,-42.0512,17.8903,,2.79178,
37.5903,-39.2021,19.9661,,2.89503,
37.6003,-36.2545,21.9202,,2.98899,
37.6103,-33.2166,23.752,,3.07688,
37.6203,-30.0954,25.465,,3.15648,
37.6303,-26.8991,27.0465,,3.22748,
37.6403,-23.6354,28.5065,,3.29239,
37.6503,-20.3126,29.8444,,3.34659,
37.6603,-16.9394,31.0701,,3.39373,
37.6703,-13.5236,32.1924,,3.43229,
37.6803,-10.0741,33.1869,,3.46244,
37.6903,-6.59934,34.0938,,3.48348,
37.7003,-3.10827,34.9184,,3.49591,
37.7103,0.390663,35.6456,,3.50005,
37.7203,3.88867,36.2994,,3.49513,
37.7303,7.37684,36.8587,,3.48127,
37.7403,10.8466,37.3528,,3.45929,
37.7503,14.2893,37.7707,,3.42794,
37.7603,17.6961,38.1423,,3.38806,
37.7703,21.0584,38.4375,,3.33988,
37.7803,24.3687,38.6931,,3.28443,
37.7903,27.6178,38.8709,,3.219,
37.8003,30.7976,39.0072,,3.1467,
37.8103,33.9009,39.0983,,3.0667,
37.8203,36.9189,39.1239,,2.97742,
37.8303,39.8451,39.1092,,2.88248,
37.8403,42.6717,39.0422,,2.78011,
37.8503,45.3914,38.9337,,2.6693,
37.8603,47.9979,38.7791,,2.55465,
37.8703,50.486,38.5745,,2.43192,
37.8803,52.8465,38.3175,,2.30196,
37.8903,55.0741,38.0192,,2.1655,
37.9003,57.1635,37.6641,,2.02683,
37.9103,59.111,37.2682,,1.88188,
37.9203,60.9115,36.8055,,1.73244,
37.9303,62.559,36.3001,,1.57801,
37.9403,64.0497,35.7417,,1.41868,
37.9503,65.3815,35.116,,1.25979,
37.9603,66.5491,34.4065,,1.09212,
37.9703,67.5495,33.6259,,0.925139,
37.9803,68.3819,32.7603,,0.756223,
37.9903,69.0436,31.81,,0.584188,
38.0003,69.5331,30.758,,0.411487,
38.0103,69.8484,29.5867,,0.236758,
38.0203,69.99,28.2751,,0.0632339,
38.0303,69.9562,26.7951,,-0.112969,
38.0403,69.7468,25.1615,,-0.287817,
38.0503,69.3636,23.3059,,-0.46111,
38.0603,68.807,21.2468,,-0.634978,
38.0703,68.0781,18.9895,,-0.805475,
38.0803,67.1794,16.5201,,-0.974532,
38.0903,66.1136,13.8538,,-1.14075,
38.1003,64.8811,11.0178,,-1.30617,
38.1103,63.4873,8.08741,,-1.46558,
38.1203,61.9353,5.07689,,-1.62162,
38.1303,60.2276,2.0885,,-1.77794,
38.1403,58.3682,-0.876249,,-1.92491,
38.1503,56.3648,-3.7629,,-2.06747,
38.1603,54.2195,-6.54493,,-2.20774,
38.1703,51.9389,-9.21822,,-2.33986,
38.1803,49.5277,-11.7671,,-2.46791,
38.1903,46.9938,-14.2069,,-2.58783,
38.2003,44.342,-16.513,,-2.70213,
38.2103,41.5801,-18.7094,,-2.81027,
38.2203,38.7134,-20.7624,,-2.91159,
38.2303,35.7501,-22.6957,,-3.00481,
38.2403,32.697,-24.5177,,-3.09133,
38.2503,29.5625,-26.1964,,-3.16864,
38.2603,26.3542,-27.7552,,-3.2396,
38.2703,23.0801,-29.1965,,-3.3009,
38.2803,19.749,-30.5074,,-3.35513,
38.2903,16.3677,-31.7297,,-3.40121,
38.3003,12.9458,-32.8148,,-3.43771,
38.3103,9.49128,-33.8156,,-3.46651,
38.3203,6.01347,-34.7045,,-3.48633,
38.3303,2.52016,-35.506,,-3.49746,
38.3403,-0.979136,-36.2133,,-3.49944,
38.3503,-4.47608,-36.8398,,-3.49352,
38.3603,-7.96183,-37.3937,,-3.47802,
38.3703,-11.4275,-37.8749,,-3.45443,
38.3803,-14.8648,-38.2914,,-3.4221,
38.3903,-18.2651,-38.6507,,-3.38144,
38.4003,-21.6193,-38.9429,,-3.33072,
38.4103,-24.9193,-39.1667,,-3.27398,
38.4203,-28.1578,-39.3481,,-3.20777,
38.4303,-31.3257,-39.4721,,-3.1336,
38.4403,-34.4148,-39.5378,,-3.05172,
38.4503,-37.4182,-39.5755,,-2.96277,
38.4603,-40.328,-39.5353,,-2.86641,
38.4703,-43.1378,-39.4794,,-2.76101,
38.4803,-45.8377,-39.3543,,-2.65002,
38.4903,-48.4251,-39.1835,,-2.53484,
38.5003,-50.891,-38.9671,,-2.40802,
38.5103,-53.2284,-38.709,,-2.2793,
38.5203,-55.4335,-38.3989,,-2.14384,
38.5303,-57.5008,-38.038,,-2.00322,
38.5403,-59.4239,-37.6412,,-1.85718,
38.5503,-61.1983,-37.1697,,-1.70598,
38.5603,-62.8198,-36.6488,,-1.55194,
38.5703,-64.2847,-36.0712,,-1.39339,
38.5803,-65.5889,-35.44,,-1.23053,
38.5903,-66.729,-34.7114,,-1.06558,
38.6003,-67.7027,-33.93,,-0.898158,
38.6103,-68.5065,-33.0595,,-0.725836,
38.6203,-69.1374,-32.0857,,-0.55417,
38.6303,-69.5979,-31.0068,,-0.382904,
38.6403,-69.8843,-29.8041,,-0.208182,
38.6503,-69.9973,-28.4643,,-0.0339151,
38.6603,-69.9335,-26.9621,,0.143534,
38.6703,-69.6938,-25.2955,,0.318161,
38.6803,-69.2811,-23.4176,,0.490129,
38.6903,-68.6958,-21.3338,,0.662545,
38.7003,-67.9391,-19.0279,,0.834169,
38.7103,-67.0113,-16.5218,,1.00378,
38.7203,-65.9149,-13.8171,,1.16992,
38.7303,-64.6582,-10.9537,,1.32954,
38.7403,-63.238,-8.00057,,1.49307,
38.7503,-61.6585,-4.99712,,1.64979,
38.7603,-59.9243,-2.00393,,1.80218,
38.7703,-58.0417,0.948852,,1.9484,
38.7803,-56.0136,3.82655,,2.09216,
38.7903,-53.8449,6.58258,,2.23043,
38.8003,-51.5416,9.2485,,2.36198,
38.8103,-49.1099,11.7774,,2.4875,
38.8203,-46.5567,14.2009,,2.60674,
38.8303,-43.8857,16.4952,,2.72238,
38.8403,-41.1049,18.6668,,2.8273,
38.8503,-38.2217,20.7125,,2.92815,
38.8603,-35.2425,22.6262,,3.02008,
38.8703,-32.1755,24.4195,,3.10442,
38.8803,-29.0283,26.084,,3.18084,
38.8903,-25.8084,27.6329,,3.25048,
38.9003,-22.5241,29.0475,,3.31056,
38.9103,-19.1836,30.3521,,3.36419,
38.9203,-15.7948,31.5399,,3.40778,
38.9303,-12.3669,32.6273,,3.44318,
38.9403,-8.90795,33.5914,,3.47042,
38.9503,-5.42662,34.4731,,3.48892,
38.9603,-1.93192,35.2544,,3.49803,
38.9703,1.5675,35.9503,,3.49929,
38.9803,5.06336,36.568,,3.49149,
38.9903,8.54625,37.1045,,3.47473,
39.0003,12.0077,37.574,,3.44918,
39.0103,15.4391,37.9794,,3.4158,
39.0203,18.8323,38.3163,,3.37342,
39.0303,22.1783,38.602,,3.32244,
39.0403,25.4689,38.8232,,3.26334,
39.0503,28.6953,38.9937,,3.1951,
39.0603,31.8501,39.1101,,3.12048,
39.0703,34.9255,39.1685,,3.03755,
39.0803,37.914,39.1859,,2.94739,
39.0903,40.8074,39.146,,2.84871,
39.1003,43.5993,39.0704,,2.74321,
39.1103,46.281,38.9323,,2.63083,
39.1203,48.8477,38.7666,,2.51356,
39.1303,51.293,38.5468,,2.3882,
39.1403,53.6096,38.2702,,2.25677,
39.1503,55.7911,37.961,,2.11989,
39.1603,57.8342,37.5938,,1.97853,
39.1703,59.7317,37.1663,,1.83146,
39.1803,61.4813,36.688,,1.6815,
39.1903,63.0772,36.1663,,1.52555,
39.2003,64.5145,35.5791,,1.36356,
39.2103,65.7898,34.9272,,1.20455,
39.2203,66.9033,34.1943,,1.03768,
39.2303,67.8491,33.3792,,0.869683,
39.2403,68.6243,32.4934,,0.697686,
39.2503,69.2274,31.5167,,0.526169,
39.2603,69.6589,30.4149,,0.353111,
39.2703,69.9157,29.1954,,0.178307,
39.2803,69.9978,27.826,,3.29E-03,
39.2903,69.9045,26.2903,,-0.172147,
39.3003,69.6364,24.5898,,-0.346081,
39.3103,69.1957,22.6684,,-0.518978,
39.3203,68.5807,20.55,,-0.692538,
39.3303,67.7951,18.2,,-0.861882,
39.3403,66.8395,15.659,,-1.03174,
39.3503,65.7168,12.9193,,-1.19701,
39.3603,64.4298,10.0345,,-1.35934,
39.3703,62.9826,7.06529,,-1.51956,
39.3803,61.3771,4.06836,,-1.6747,
39.3903,59.6185,1.08237,,-1.82608,
39.4003,57.7116,-1.85991,,-1.97347,
39.4103,55.6585,-4.72581,,-2.11666,
39.4203,53.4672,-7.49083,,-2.25231,
39.4303,51.1424,-10.1286,,-2.38278,
39.4403,48.6896,-12.6638,,-2.50977,
39.4503,46.1144,-15.0493,,-2.62759,
39.4603,43.4247,-17.319,,-2.73965,
39.4703,40.6265,-19.4658,,-2.84441,
39.4803,37.7273,-21.483,,-2.94284,
39.4903,34.7333,-23.3874,,-3.03534,
39.5003,31.6517,-25.1715,,-3.11813,
39.5103,28.4918,-26.8195,,-3.1932,
39.5203,25.2603,-28.3387,,-3.26115,
39.5303,21.9662,-29.735,,-3.3198,
39.5403,18.6171,-31.017,,-3.37201,
39.5503,15.2209,-32.1825,,-3.41447,
39.5603,11.7869,-33.2377,,-3.44871,
39.5703,8.32382,-34.2055,,-3.47402,
39.5803,4.83992,-35.0648,,-3.49095,
39.5903,1.34364,-35.8384,,-3.49907,
39.6003,-2.15579,-36.5072,,-3.4985,
39.6103,-5.65001,-37.1159,,-3.48933,
39.6203,-9.12983,-37.6385,,-3.47097,
39.6303,-12.5872,-38.0843,,-3.44459,
39.6403,-16.0128,-38.4877,,-3.40895,
39.6503,-19.3986,-38.8268,,-3.36536,
39.6603,-22.7359,-39.0933,,-3.31302,
39.6703,-26.0161,-39.3105,,-3.25276,
39.6803,-29.2321,-39.4621,,-3.18402,
39.6903,-32.3737,-39.5597,,-3.10623,
39.7003,-35.4344,-39.6202,,-3.02223,
39.7103,-38.4074,-39.6169,,-2.93114,
39.7203,-41.2845,-39.5829,,-2.8322,
39.7303,-44.0579,-39.4949,,-2.72451,
39.7403,-46.7211,-39.3577,,-2.61141,
39.7503,-49.2677,-39.1734,,-2.49392,
39.7603,-51.6917,-38.9411,,-2.36526,
39.7703,-53.9853,-38.6697,,-2.23428,
39.7803,-56.1452,-38.3392,,-2.098,
39.7903,-58.1641,-37.9649,,-1.95388,
39.8003,-60.038,-37.5272,,-1.80723,
39.8103,-61.7613,-37.0423,,-1.65337,
39.8203,-63.3293,-36.4966,,-1.49877,
39.8303,-64.7412,-35.9039,,-1.34038,
39.8403,-65.9919,-35.249,,-1.1756,
39.8503,-67.0752,-34.5065,,-1.00827,
39.8603,-67.991,-33.6908,,-0.839723,
39.8703,-68.7368,-32.7843,,-0.669106,
39.8803,-69.3125,-31.7733,,-0.497917,
39.8903,-69.7144,-30.6482,,-0.323554,
39.9003,-69.9415,-29.4055,,-0.148685,
39.9103,-69.9951,-28.0114,,0.0253438,
39.9203,-69.872,-26.4536,,0.202007,
39.9303,-69.5749,-24.7133,,0.37532,
39.9403,-69.1047,-22.7664,,0.547606,
39.9503,-68.4616,-20.6142,,0.720865,
39.9603,-67.6467,-18.2156,,0.892021,
39.9703,-66.6618,-15.6447,,1.06006,
39.9803,-65.5111,-12.88,,1.22356,
39.9903,-64.1986,-9.9696,,1.38592,
40.0003,-62.7242,-6.99127,,1.54611,
40.0103,-61.092,-3.98509,,1.7019,
40.0203,-59.3075,-0.988769,,1.85132,
40.0303,-57.3751,1.93939,,1.99759,
40.0403,-55.2997,4.78543,,2.13915,
40.0503,-53.0851,7.51684,,2.27505,
40.0603,-50.7396,10.1446,,2.40373,
40.0703,-48.2647,12.6562,,2.53062,
40.0803,-45.67,15.0337,,2.6462,
40.0903,-42.9629,17.3044,,2.75697,
40.1003,-40.1468,19.434,,2.86279,
40.1103,-37.2301,21.4348,,2.95962,
40.1203,-34.2203,23.3172,,3.04964,
40.1303,-31.1257,25.0647,,3.13049,
40.1403,-27.9533,26.687,,3.20571,
40.1503,-24.7109,28.1925,,3.27123,
40.1603,-21.4068,29.5811,,3.32934,
40.1703,-18.0491,30.848,,3.37972,
40.1803,-14.646,32.0102,,3.42091,
40.1903,-11.2065,33.0468,,3.45351,
40.2003,-7.73931,33.9816,,3.47731,
40.2103,-4.2524,34.8224,,3.49337,
40.2203,-0.755219,35.5679,,3.49947,
40.2303,2.74401,36.2454,,3.49766,
40.2403,6.23639,36.8273,,3.48652,
40.2503,9.71313,37.3439,,3.46724,
40.2603,13.1655,37.799,,3.43898,
40.2703,16.5851,38.1749,,3.40263,
40.2803,19.9633,38.4957,,3.35705,
40.2903,23.2912,38.7487,,3.30291,
40.3003,26.561,38.9446,,3.24156,
40.3103,29.7648,39.0975,,3.17144,
40.3203,32.8942,39.1894,,3.09446,
40.3303,35.9417,39.2541,,3.007,
40.3403,38.8983,39.2403,,2.9145,
40.3503,41.7581,39.1901,,2.8143,
40.3603,44.5134,39.0891,,2.7061,
40.3703,47.1577,38.9396,,2.59287,
40.3803,49.6837,38.7548,,2.47061,
40.3903,52.0865,38.5084,,2.34544,
40.4003,54.3583,38.2217,,2.21076,
40.4103,56.4937,37.884,,2.07335,
40.4203,58.4891,37.5032,,1.93065,
40.4303,60.3376,37.0627,,1.78076,
40.4403,62.0353,36.563,,1.62894,
40.4503,63.5777,36.0152,,1.47131,
40.4603,64.9619,35.4083,,1.31194,
40.4703,66.1836,34.7302,,1.14796,
40.4803,67.2399,33.969,,0.980709,
40.4903,68.1281,33.1319,,0.812215,
40.5003,68.8471,32.2112,,0.642038,
40.5103,69.3927,31.1861,,0.467236,
40.5203,69.7645,30.056,,0.29335,
40.5303,69.9627,28.781,,0.120076,
40.5403,69.9865,27.3542,,-0.0552078,
40.5503,69.8344,25.773,,-0.230779,
40.5603,69.508,23.988,,-0.404719,
40.5703,69.0082,21.9984,,-0.57769,
40.5803,68.336,19.7951,,-0.749386,
40.5903,67.4926,17.3831,,-0.919362,
40.6003,66.4815,14.7687,,-1.08632,
40.6103,65.303,11.9611,,-1.25287,
40.6203,63.9614,9.05952,,-1.41394,
40.6303,62.4602,6.05701,,-1.57206,
40.6403,60.8026,3.05295,,-1.72692,
40.6503,58.9933,0.0799868,,-1.87655,
40.6603,57.0362,-2.85916,,-2.02194,
40.6703,54.9367,-5.69597,,-2.1621,
40.6803,52.6999,-8.42285,,-2.29657,
40.6903,50.3316,-11.0369,,-2.42656,
40.7003,47.8368,-13.5214,,-2.54924,
40.7103,45.223,-15.8819,,-2.66601,
40.7203,42.496,-18.1106,,-2.77633,
40.7303,39.6622,-20.221,,-2.87967,
40.7403,36.7301,-22.2078,,-2.9739,
40.7503,33.7064,-24.0761,,-3.06361,
40.7603,30.5975,-25.8164,,-3.14411,
40.7703,27.4128,-27.4251,,-3.21738,
40.7803,24.1591,-28.9037,,-3.28205,
40.7903,20.8454,-30.2627,,-3.33844,
40.8003,17.4796,-31.5066,,-3.38697,
40.8103,14.0699,-32.6321,,-3.42691,
40.8203,10.6251,-33.6588,,-3.45813,
40.8303,7.15398,-34.5816,,-3.48011,
40.8403,3.66492,-35.4155,,-3.49502,
40.8503,0.166679,-36.1568,,-3.49984,
40.8603,-3.33189,-36.8109,,-3.4964,
40.8703,-6.82236,-37.3831,,-3.48424,
40.8803,-10.2955,-37.873,,-3.4632,
40.8903,-13.7432,-38.306,,-3.43356,
40.9003,-17.1561,-38.6715,,-3.39479,
40.9103,-20.5263,-38.9836,,-3.34876,
40.9203,-23.8455,-39.2333,,-3.29372,
40.9303,-27.1048,-39.4255,,-3.2299,
40.9403,-30.2963,-39.5665,,-3.15904,
40.9503,-33.4121,-39.6525,,-3.0798,
40.9603,-36.4446,-39.6908,,-2.99239,
40.9703,-39.3858,-39.6765,,-2.89801,
40.9803,-42.2283,-39.6212,,-2.79586,
40.9903,-44.9653,-39.5074,,-2.68776,
41.0003,-47.59,-39.352,,-2.57253,
41.0103,-50.0976,-39.1516,,-2.45248,
41.0203,-52.4783,-38.9014,,-2.32224,
41.0303,-54.7271,-38.6099,,-2.18757,
41.0403,-56.8397,-38.2622,,-2.05041,
41.0503,-58.8101,-37.8713,,-1.90412,
41.0603,-60.633,-37.4186,,-1.75611,
41.0703,-62.306,-36.9202,,-1.60424,
41.0803,-63.823,-36.3564,,-1.44472,
41.0903,-65.1801,-35.7387,,-1.2847,
41.1003,-66.3734,-35.0407,,-1.11885,
41.1103,-67.4017,-34.2727,,-0.953411,
41.1203,-68.2609,-33.431,,-0.782186,
41.1303,-68.95,-32.4832,,-0.613014,
41.1403,-69.4676,-31.4515,,-0.438398,
41.1503,-69.8101,-30.2857,,-0.264496,
41.1603,-69.9794,-28.9889,,-0.091,
41.1703,-69.9736,-27.5332,,0.0852467,
41.1803,-69.7913,-25.9189,,0.260602,
41.1903,-69.4358,-24.0966,,0.433501,
41.2003,-68.9072,-22.0819,,0.60635,
41.2103,-68.2056,-19.8425,,0.778879,
41.2203,-67.3346,-17.3903,,0.946934,
41.2303,-66.2953,-14.7385,,1.11402,
41.2403,-65.0898,-11.9243,,1.2802,
41.2503,-63.7203,-8.98269,,1.44147,
41.2603,-62.1922,-5.97883,,1.59879,
41.2703,-60.5092,-2.9587,,1.75157,
41.2803,-58.6743,0.0251308,,1.90236,
41.2903,-56.6926,2.93844,,2.04534,
41.3003,-54.5701,5.74798,,2.18541,
41.3103,-52.3106,8.44939,,2.31832,
41.3203,-49.9214,11.0491,,2.4479,
41.3303,-47.4055,13.5198,,2.56995,
41.3403,-44.7714,15.8687,,2.68528,
41.3503,-42.0259,18.104,,2.79431,
41.3603,-39.1759,20.1895,,2.89439,
41.3703,-36.2283,22.1517,,2.98973,
41.3803,-33.1896,23.9844,,3.07795,
41.3903,-30.0673,25.7058,,3.15704,
41.4003,-26.8704,27.2972,,3.22857,
41.4103,-23.6061,28.7622,,3.29234,
41.4203,-20.2826,30.103,,3.34771,
41.4303,-16.9089,31.3429,,3.3938,
41.4403,-13.4931,32.4476,,3.43247,
41.4503,-10.0433,33.4541,,3.46245,
41.4603,-6.56858,34.3609,,3.48387,
41.4703,-3.07702,35.1654,,3.49613,
41.4803,0.421748,35.8922,,3.49973,
41.4903,3.91976,36.5339,,3.49509,
41.5003,7.40786,37.0968,,3.48144,
41.5103,10.8774,37.5845,,3.45874,
41.5203,14.3196,37.9999,,3.42734,
41.5303,17.7261,38.3561,,3.38829,
41.5403,21.0885,38.6535,,3.33945,
41.5503,24.3978,38.8935,,3.28348,
41.5603,27.6465,39.0772,,3.2191,
41.5703,30.8262,39.21,,3.14607,
41.5803,33.9281,39.2875,,3.06523,
41.5903,36.9456,39.3148,,2.97728,
41.6003,39.8711,39.2821,,2.88161,
41.6103,42.6967,39.2229,,2.7784,
41.6203,45.4154,39.1003,,2.66973,
41.6303,48.0211,38.9382,,2.55129,
41.6403,50.5052,38.7345,,2.42926,
41.6503,52.8645,38.4769,,2.30149,
41.6603,55.0924,38.1724,,2.16551,
41.6703,57.1807,37.8189,,2.02552,
41.6803,59.1273,37.41,,1.88098,
41.6903,60.9262,36.946,,1.73078,
41.7003,62.5724,36.429,,1.57703,
41.7103,64.0622,35.8647,,1.41784,
41.7203,65.3911,35.2298,,1.25623,
41.7303,66.558,34.5286,,1.09258,
41.7403,67.5579,33.7398,,0.924246,
41.7503,68.3894,32.8704,,0.754813,
41.7603,69.0494,31.9227,,0.581428,
41.7703,69.5361,30.8576,,0.410123,
41.7803,69.8509,29.6764,,0.235885,
41.7903,69.9911,28.3582,,0.0614408,
41.8003,69.9545,26.8752,,-0.115827,
41.8103,69.7434,25.2218,,-0.28899,
41.8203,69.3593,23.3698,,-0.46172,
41.8303,68.8022,21.2983,,-0.635496,
41.8403,68.0714,19.0263,,-0.808172,
41.8503,67.1707,16.542,,-0.976259,
41.8603,66.1025,13.8609,,-1.14238,
41.8703,64.8699,11.0143,,-1.30659,
41.8803,63.4755,8.05238,,-1.46635,
41.8903,61.9211,5.04633,,-1.62536,
41.9003,60.211,2.02876,,-1.77873,
41.9103,58.3508,-0.9449,,-1.92606,
41.9203,56.3456,-3.84795,,-2.06855,
41.9303,54.2001,-6.65989,,-2.20895,
41.9403,51.9176,-9.34377,,-2.34086,
41.9503,49.5066,-11.9196,,-2.46826,
41.9603,46.9708,-14.3737,,-2.58971,
41.9703,44.318,-16.7006,,-2.70332,
41.9803,41.5546,-18.901,,-2.81155,
41.9903,38.6871,-20.985,,-2.91174,
42.0003,35.724,-22.9268,,-3.00543,
42.0103,32.6696,-24.7534,,-3.0921,
42.0203,29.5344,-26.4368,,-3.16946,
42.0303,26.3259,-28.0053,,-3.23968,
42.0403,23.0511,-29.4558,,-3.30214,
42.0503,19.7189,-30.7796,,-3.35566,
42.0603,16.3375,-31.9892,,-3.40133,
42.0703,12.9152,-33.086,,-3.43821,
42.0803,9.46048,-34.0718,,-3.46674,
42.0903,5.9824,-34.9531,,-3.48648,
42.1003,2.48913,-35.7554,,-3.49743,
42.1103,-1.01019,-36.4541,,-3.49932,
42.1203,-4.50712,-37.0784,,-3.4936,
42.1303,-7.99268,-37.6299,,-3.47787,
42.1403,-11.4582,-38.1005,,-3.45399,
42.1503,-14.8951,-38.5237,,-3.42169,
42.1603,-18.2948,-38.8646,,-3.38059,
42.1703,-21.6487,-39.1502,,-3.3309,
42.1803,-24.9487,-39.3681,,-3.27347,
42.1903,-28.1862,-39.5453,,-3.207,
42.2003,-31.3529,-39.6608,,-3.13201,
42.2103,-34.441,-39.7309,,-3.05165,
42.2203,-37.4446,-39.7605,,-2.96292,
42.2303,-40.3538,-39.7169,,-2.86434,
42.2403,-43.1616,-39.657,,-2.7604,
42.2503,-45.8616,-39.5211,,-2.64944,
42.2603,-48.4466,-39.3443,,-2.53127,
42.2703,-50.9107,-39.1251,,-2.40841,
42.2803,-53.2485,-38.8617,,-2.27905,
42.2903,-55.453,-38.541,,-2.14291,
42.3003,-57.5181,-38.1911,,-2.00089,
42.3103,-59.4401,-37.7754,,-1.85673,
42.3203,-61.2143,-37.3135,,-1.70536,
42.3303,-62.8339,-36.7836,,-1.54936,
42.3403,-64.2975,-36.1992,,-1.39311,
42.3503,-65.6017,-35.5533,,-1.22952,
42.3603,-66.7383,-34.8362,,-1.06106,
42.3703,-67.7088,-34.0346,,-0.896213,
42.3803,-68.5118,-33.1695,,-0.726246,
42.3903,-69.143,-32.1893,,-0.553317,
42.4003,-69.6016,-31.103,,-0.380732,
42.4103,-69.8861,-29.9009,,-0.206141,
42.4203,-69.997,-28.5456,,-0.0322075,
42.4303,-69.9313,-27.0434,,0.145288,
42.4403,-69.6912,-25.3541,,0.317473,
42.4503,-69.2781,-23.4678,,0.491416,
42.4603,-68.6913,-21.3801,,0.665037,
42.4703,-67.9312,-19.0601,,0.837042,
42.4803,-67.0024,-16.5355,,1.00436,
42.4903,-65.9059,-13.8286,,1.17056,
42.5003,-64.6458,-10.9441,,1.33309,
42.5103,-63.2238,-7.97383,,1.49413,
42.5203,-61.6436,-4.95674,,1.65043,
42.5303,-59.9085,-1.94005,,1.80309,
42.5403,-58.0242,1.0228,,1.95038,
42.5503,-55.9951,3.92005,,2.09286,
42.5603,-53.8259,6.69285,,2.23142,
42.5703,-51.5206,9.37503,,2.36368,
42.5803,-49.0882,11.9453,,2.4881,
42.5903,-46.5335,14.3676,,2.60894,
42.6003,-43.8612,16.6936,,2.72264,
42.6103,-41.0794,18.8795,,2.82853,
42.6203,-38.1958,20.9266,,2.92834,
42.6303,-35.2159,22.8578,,3.02118,
42.6403,-32.148,24.6543,,3.10481,
42.6503,-28.9999,26.3348,,3.18219,
42.6603,-25.7793,27.8806,,3.25093,
42.6703,-22.4948,29.3133,,3.31068,
42.6803,-19.1538,30.6217,,3.36467,
42.6903,-15.7646,31.8155,,3.40821,
42.7003,-12.3362,32.8853,,3.44374,
42.7103,-8.87705,33.8512,,3.4704,
42.7203,-5.3956,34.7128,,3.48906,
42.7303,-1.90087,35.5107,,3.49819,
42.7403,1.59857,36.1888,,3.499,
42.7503,5.09429,36.8142,,3.49147,
42.7603,8.57714,37.3445,,3.47474,
42.7703,12.0385,37.8017,,3.44908,
42.7803,15.4696,38.2079,,3.41543,
42.7903,18.8624,38.5291,,3.37266,
42.8003,22.2077,38.8131,,3.32197,
42.8103,25.4973,39.0262,,3.26224,
42.8203,28.7236,39.1922,,3.19561,
42.8303,31.8781,39.2993,,3.11966,
42.8403,34.9533,39.3749,,3.03676,
42.8503,37.94,39.3645,,2.94571,
42.8603,40.8318,39.3277,,2.84727,
42.8703,43.6229,39.2428,,2.74281,
42.8803,46.3044,39.1079,,2.63089,
42.8903,48.87,38.9301,,2.51118,
42.9003,51.3136,38.7117,,2.38695,
42.9103,53.629,38.4315,,2.25662,
42.9203,55.8104,38.1081,,2.11919,
42.9303,57.8523,37.7302,,1.97727,
42.9403,59.7492,37.2991,,1.83118,
42.9503,61.4979,36.8209,,1.67956,
42.9603,63.0918,36.2902,,1.5234,
42.9703,64.5277,35.7054,,1.36388,
42.9803,65.802,35.0527,,1.20112,
42.9903,66.9127,34.3118,,1.03582,
43.0003,67.856,33.4978,,0.867911,
43.0103,68.6312,32.599,,0.69835,
43.0203,69.2336,31.6105,,0.523221,
43.0303,69.6618,30.5065,,0.351154,
43.0403,69.9174,29.2782,,0.177414,
43.0503,69.9988,27.9058,,1.76E-03,
43.0603,69.9037,26.3675,,-0.173019,
43.0703,69.6352,24.6457,,-0.347652,
43.0803,69.1912,22.7218,,-0.521755,
43.0903,68.5752,20.5782,,-0.693474,
43.1003,67.7875,18.2323,,-0.86408,
43.1103,66.8314,15.6695,,-1.03194,
43.1203,65.706,12.9229,,-1.19992,
43.1303,64.418,10.0308,,-1.36059,
43.1403,62.969,7.03819,,-1.52102,
43.1503,61.362,4.02134,,-1.67613,
43.1603,59.6027,1.00489,,-1.82733,
43.1703,57.6937,-1.95482,,-1.97449,
43.1803,55.6407,-4.82444,,-2.11707,
43.1903,53.4475,-7.60677,,-2.25396,
43.2003,51.1206,-10.2581,,-2.38582,
43.2103,48.6671,-12.8028,,-2.50838,
43.2203,46.0917,-15.2221,,-2.62967,
43.2303,43.4004,-17.5177,,-2.74052,
43.2403,40.6017,-19.6861,,-2.8455,
43.2503,37.7008,-21.7187,,-2.94463,
43.2603,34.7059,-23.6309,,-3.03518,
43.2703,31.6241,-25.4163,,-3.11895,
43.2803,28.4635,-27.0583,,-3.19357,
43.2903,25.2318,-28.5935,,-3.26133,
43.3003,21.9368,-29.9942,,-3.32142,
43.3103,18.5868,-31.2845,,-3.37199,
43.3203,15.1905,-32.4537,,-3.41476,
43.3303,11.7563,-33.5172,,-3.44918,
43.3403,8.29282,-34.4695,,-3.47394,
43.3503,4.80881,-35.3142,,-3.49119,
43.3603,1.31253,-36.0812,,-3.49908,
43.3703,-2.1869,-36.7507,,-3.49854,
43.3803,-5.68105,-37.3503,,-3.48917,
43.3903,-9.16087,-37.8736,,-3.4707,
43.4003,-12.6177,-38.3343,,-3.44427,
43.4103,-16.043,-38.7138,,-3.40837,
43.4203,-19.4286,-39.0415,,-3.36526,
43.4303,-22.7651,-39.2931,,-3.31214,
43.4403,-26.0448,-39.5029,,-3.25213,
43.4503,-29.2596,-39.6608,,-3.18269,
43.4603,-32.4004,-39.7555,,-3.10605,
43.4703,-35.4617,-39.8156,,-3.02268,
43.4803,-38.4336,-39.8148,,-2.92947,
43.4903,-41.309,-39.7596,,-2.83056,
43.5003,-44.0812,-39.6725,,-2.72382,
43.5103,-46.7441,-39.5153,,-2.61126,
43.5203,-49.2906,-39.3264,,-2.49231,
43.5303,-51.7125,-39.0956,,-2.36432,
43.5403,-54.0055,-38.8254,,-2.23305,
43.5503,-56.1631,-38.4819,,-2.09552,
43.5603,-58.1809,-38.1113,,-1.95316,
43.5703,-60.0537,-37.6792,,-1.80687,
43.5803,-61.7764,-37.174,,-1.65253,
43.5903,-63.343,-36.6309,,-1.49634,
43.6003,-64.7525,-36.0249,,-1.33829,
43.6103,-66.0012,-35.3586,,-1.17393,
43.6203,-67.0831,-34.6188,,-1.00665,
43.6303,-67.9985,-33.7996,,-0.84013,
43.6403,-68.744,-32.8915,,-0.668109,
43.6503,-69.3174,-31.8721,,-0.495605,
43.6603,-69.7173,-30.7421,,-0.321155,
43.6703,-69.9431,-29.4866,,-0.148932,
43.6803,-69.9955,-28.0856,,0.0282368,
43.6903,-69.8705,-26.5197,,0.20344,
43.7003,-69.5711,-24.773,,0.377457,
43.7103,-69.0991,-22.8255,,0.549764,
43.7203,-68.4538,-20.6485,,0.722718,
43.7303,-67.6376,-18.2597,,0.892765,
43.7403,-66.6522,-15.6507,,1.06,
43.7503,-65.5013,-12.8716,,1.22557,
43.7603,-64.1865,-9.94447,,1.38759,
43.7703,-62.7104,-6.95887,,1.54747,
43.7803,-61.0775,-3.93461,,1.7017,
43.7903,-59.2925,-0.937011,,1.85342,
43.8003,-57.3581,2.02669,,1.99955,
43.8103,-55.281,4.89188,,2.14028,
43.8203,-53.0648,7.65011,,2.27811,
43.8303,-50.7142,10.2962,,2.4066,
43.8403,-48.2416,12.8186,,2.52734,
43.8503,-45.647,15.2184,,2.6484,
43.8603,-42.9377,17.4904,,2.75848,
43.8703,-40.121,19.6339,,2.86339,
43.8803,-37.2035,21.6665,,2.96012,
43.8903,-34.1936,23.5535,,3.0498,
43.9003,-31.098,25.3247,,3.13183,
43.9103,-27.9252,26.9528,,3.20597,
43.9203,-24.6817,28.4644,,3.2724,
43.9303,-21.3773,29.8383,,3.32963,
43.9403,-18.019,31.107,,3.38016,
43.9503,-14.6155,32.2626,,3.42111,
43.9603,-11.1761,33.306,,3.45344,
43.9703,-7.70859,34.2454,,3.47783,
43.9803,-4.22148,35.0871,,3.49337,
43.9903,-0.724153,35.8291,,3.49959,
44.0003,2.77507,36.4911,,3.49775,
44.0103,6.26736,37.0682,,3.48612,
44.0203,9.74379,37.5747,,3.46707,
44.0303,13.196,38.0211,,3.43885,
44.0403,16.6154,38.3936,,3.40214,
44.0503,19.9933,38.7159,,3.35689,
44.0603,23.3204,38.9648,,3.30189,
44.0703,26.5901,39.1569,,3.24181,
44.0803,29.7933,39.3,,3.17052,
44.0903,32.9215,39.3851,,3.09228,
44.1003,35.9676,39.4341,,3.00692,
44.1103,38.9238,39.417,,2.9136,
44.1203,41.7831,39.3683,,2.81392,
44.1303,44.5374,39.261,,2.70533,
44.1403,47.1808,39.1157,,2.59105,
44.1503,49.7075,38.9127,,2.4731,
44.1603,52.1081,38.668,,2.34044,
44.1703,54.3772,38.3717,,2.21016,
44.1803,56.5123,38.0293,,2.07266,
44.1903,58.5065,37.6481,,1.92886,
44.2003,60.3536,37.1994,,1.77972,
44.2103,62.0501,36.7026,,1.62797,
44.2203,63.5917,36.1518,,1.47031,
44.2303,64.9745,35.5267,,1.31025,
44.2403,66.1944,34.8536,,1.14631,
44.2503,67.2494,34.074,,0.979405,
44.2603,68.1358,33.2354,,0.810121,
44.2703,68.8522,32.317,,0.639154,
44.2803,69.3961,31.2883,,0.466482,
44.2903,69.7673,30.1487,,0.292698,
44.3003,69.9637,28.8694,,0.118637,
44.3103,69.9859,27.4329,,-0.0581839,
44.3203,69.8316,25.8338,,-0.232291,
44.3303,69.5042,24.0421,,-0.405668,
44.3403,69.0028,22.0496,,-0.578898,
44.3503,68.329,19.83,,-0.751047,
44.3603,67.4851,17.4097,,-0.920618,
44.3703,66.4706,14.7908,,-1.0905,
44.3803,65.2902,11.9729,,-1.25323,
44.3903,63.9479,9.03006,,-1.41483,
44.4003,62.4457,6.01956,,-1.57311,
44.4103,60.7871,2.99071,,-1.72808,
44.4203,58.9763,-0.0140579,,-1.87719,
44.4303,57.0182,-2.94854,,-2.02406,
44.4403,54.9173,-5.80274,,-2.16291,
44.4503,52.6801,-8.54698,,-2.29677,
44.4603,50.3105,-11.1817,,-2.42877,
44.4703,47.8138,-13.6773,,-2.55079,
44.4803,45.1991,-16.069,,-2.666,
44.4903,42.471,-18.316,,-2.77811,
44.5003,39.6368,-20.4439,,-2.87982,
44.5103,36.7043,-22.4416,,-2.97437,
44.5203,33.6792,-24.3273,,-3.06482,
44.5303,30.5698,-26.0572,,-3.14499,
44.5403,27.3842,-27.6746,,-3.21786,
44.5503,24.1299,-29.1654,,-3.28284,
44.5603,20.8156,-30.5301,,-3.33902,
44.5703,17.4494,-31.7771,,-3.38713,
44.5803,14.0397,-32.9066,,-3.42707,
44.5903,10.5946,-33.9333,,-3.4583,
44.6003,7.12329,-34.8353,,-3.48051,
44.6103,3.63405,-35.6643,,-3.49493,
44.6203,0.135603,-36.4012,,-3.5001,
44.6303,-3.36296,-37.0429,,-3.49635,
44.6403,-6.85339,-37.6231,,-3.48411,
44.6503,-10.3263,-38.1168,,-3.46287,
44.6603,-13.7735,-38.5427,,-3.43317,
44.6703,-17.1863,-38.8983,,-3.39466,
44.6803,-20.5561,-39.2008,,-3.3482,
44.6903,-23.8749,-39.4386,,-3.29318,
44.7003,-27.1337,-39.6283,,-3.22955,
44.7103,-30.3243,-39.7674,,-3.15796,
44.7203,-33.4392,-39.8458,,-3.07849,
44.7303,-36.4704,-39.8902,,-2.99179,
44.7403,-39.4112,-39.8568,,-2.89714,
44.7503,-42.2526,-39.7985,,-2.79488,
44.7603,-44.9898,-39.6762,,-2.68879,
44.7703,-47.6136,-39.5208,,-2.5697,
44.7803,-50.1181,-39.309,,-2.45045,
44.7903,-52.4987,-39.0654,,-2.32246,
44.8003,-54.7473,-38.7622,,-2.18678,
44.8103,-56.8574,-38.4132,,-2.04829,
44.8203,-58.8274,-38.0129,,-1.90438,
44.8303,-60.6504,-37.5589,,-1.7558,
44.8403,-62.321,-37.0477,,-1.60018,
44.8503,-63.8356,-36.4715,,-1.44386,
44.8603,-65.191,-35.8641,,-1.28273,
44.8703,-66.3837,-35.1646,,-1.11882,
44.8803,-67.4103,-34.3948,,-0.95001,
44.8903,-68.2677,-33.5419,,-0.782248,
44.9003,-68.9559,-32.5858,,-0.610118,
44.9103,-69.4706,-31.5452,,-0.436541,
44.9203,-69.8124,-30.3701,,-0.264074,
44.9303,-69.9797,-29.0685,,-0.0882694,
44.9403,-69.9719,-27.6166,,0.0859747,
44.9503,-69.7895,-25.9841,,0.261748,
44.9603,-69.4315,-24.1637,,0.436074,
44.9703,-68.9013,-22.131,,0.607353,
44.9803,-68.1991,-19.8861,,0.779906,
44.9903,-67.326,-17.4104,,0.948192,
45.0003,-66.2855,-14.7476,,1.11587,
45.0103,-65.0777,-11.9119,,1.2825,
45.0203,-63.7069,-8.95205,,1.44251,
45.0303,-62.178,-5.94464,,1.5997,
45.0403,-60.4929,-2.91114,,1.75418,
45.0503,-58.6573,0.0906899,,1.90171,
45.0603,-56.675,3.02017,,2.04709,
45.0703,-54.5507,5.86171,,2.18643,
45.0803,-52.2907,8.59191,,2.3195,
45.0903,-49.8993,11.1981,,2.44977,
45.1003,-47.3827,13.6847,,2.57067,
45.1103,-44.7479,16.0483,,2.68586,
45.1203,-42.001,18.2956,,2.79528,
45.1303,-39.1506,20.4027,,2.89566,
45.1403,-36.2014,22.3823,,2.99109,
45.1503,-33.1617,24.2413,,3.07837,
45.1603,-30.0391,25.9606,,3.15783,
45.1703,-26.8412,27.5514,,3.2293,
45.1803,-23.5767,29.0228,,3.29214,
45.1903,-20.2533,30.3694,,3.34801,
45.2003,-16.879,31.5956,,3.39451,
45.2103,-13.4626,32.7092,,3.43304,
45.2203,-10.0125,33.7143,,3.46248,
45.2303,-6.53748,34.6145,,3.48417,
45.2403,-3.04598,35.4187,,3.49594,
45.2503,0.452824,36.1409,,3.49988,
45.2603,3.95076,36.7763,,3.49514,
45.2703,7.4387,37.3227,,3.48108,
45.2803,10.9081,37.815,,3.45874,
45.2903,14.3498,38.2219,,3.42661,
45.3003,17.7562,38.5762,,3.38847,
45.3103,21.1183,38.868,,3.33888,
45.3203,24.4272,39.1001,,3.28311,
45.3303,27.6752,39.2777,,3.21801,
45.3403,30.8538,39.3956,,3.14533,
45.3503,33.9552,39.4836,,3.06421,
45.3603,36.9714,39.4956,,2.97637,
45.3703,39.8964,39.463,,2.88128,
45.3803,42.7211,39.3848,,2.77756,
45.3903,45.4386,39.264,,2.66749,
45.4003,48.0432,39.0994,,2.55196,
45.4103,50.5272,38.8869,,2.42789,
45.4203,52.885,38.6271,,2.29964,
45.4303,55.1116,38.3194,,2.16552,
45.4403,57.199,37.957,,2.02322,
45.4503,59.1439,37.5491,,1.87953,
45.4603,60.9409,37.0784,,1.72949,
45.4703,62.5858,36.5597,,1.57504,
45.4803,64.0745,35.9775,,1.41683,
45.4903,65.4031,35.347,,1.25645,
45.5003,66.5679,34.6405,,1.08945,
45.5103,67.5663,33.85,,0.923382,
45.5203,68.3961,32.9703,,0.752702,
45.5303,69.0544,32.0185,,0.58098,
45.5403,69.5401,30.9556,,0.408075,
45.5503,69.8528,29.7652,,0.23373,
45.5603,69.9918,28.431,,0.0609694,
45.5703,69.9541,26.9454,,-0.11804,
45.5803,69.7406,25.2805,,-0.290683,
45.5903,69.3554,23.4208,,-0.463356,
45.6003,68.7954,21.3505,,-0.638134,
45.6103,68.0637,19.0541,,-0.808202,
45.6203,67.1621,16.5591,,-0.977582,
45.6303,66.0932,13.8627,,-1.14321,
45.6403,64.8592,10.9917,,-1.30819,
45.6503,63.4615,8.01669,,-1.47006,
45.6603,61.9051,4.99422,,-1.62664,
45.6703,60.195,1.96659,,-1.77751,
45.6803,58.3356,-1.01791,,-1.92656,
45.6903,56.3286,-3.94963,,-2.07088,
45.7003,54.1812,-6.77025,,-2.21028,
45.7103,51.8977,-9.48637,,-2.34251,
45.7203,49.4842,-12.0792,,-2.47031,
45.7303,46.9474,-14.5552,,-2.5905,
45.7403,44.2936,-16.896,,-2.70423,
45.7503,41.5302,-19.1153,,-2.81082,
45.7603,38.6625,-21.2064,,-2.91404,
45.7703,35.6964,-23.166,,-3.00674,
45.7803,32.6422,-25.0004,,-3.09182,
45.7903,29.5067,-26.704,,-3.17005,
45.8003,26.2973,-28.2692,,-3.24089,
45.8103,23.0217,-29.7245,,-3.30249,
45.8203,19.6891,-31.0433,,-3.35632,
45.8303,16.307,-32.2594,,-3.4015,
45.8403,12.8847,-33.3464,,-3.43833,
45.8503,9.42974,-34.3378,,-3.46707,
45.8603,5.9514,-35.2158,,-3.48672,
45.8703,2.45798,-36.0117,,-3.49743,
45.8803,-1.04134,-36.7025,,-3.49933,
45.8903,-4.53816,-37.3272,,-3.49352,
45.9003,-8.02363,-37.8675,,-3.47769,
45.9103,-11.4888,-38.3354,,-3.45377,
45.9203,-14.9256,-38.7439,,-3.42126,
45.9303,-18.3249,-39.0802,,-3.38054,
45.9403,-21.6781,-39.3604,,-3.33027,
45.9503,-24.9779,-39.5834,,-3.27273,
45.9603,-28.2146,-39.7488,,-3.20584,
45.9703,-31.3807,-39.8635,,-3.13248,
45.9803,-34.4689,-39.9281,,-3.05105,
45.9903,-37.4706,-39.938,,-2.96034,
46.0003,-40.3784,-39.9025,,-2.86421,
46.0103,-43.1867,-39.8154,,-2.76078,
46.0203,-45.8859,-39.6943,,-2.64815,
46.0303,-48.4698,-39.512,,-2.53107,
46.0403,-50.9337,-39.2903,,-2.40683,
46.0503,-53.269,-39.014,,-2.27647,
46.0603,-55.4719,-38.7,,-2.14211,
46.0703,-57.5365,-38.3347,,-2.0002,
46.0803,-59.4569,-37.9168,,-1.85409,
46.0903,-61.2285,-37.4401,,-1.7036,
46.1003,-62.8473,-36.9128,,-1.54859,
46.1103,-64.3089,-36.3237,,-1.3904,
46.1203,-65.6105,-35.6794,,-1.22819,
46.1303,-66.7472,-34.956,,-1.06164,
46.1403,-67.7169,-34.1545,,-0.893944,
46.1503,-68.5179,-33.2707,,-0.724395,
46.1603,-69.148,-32.2903,,-0.55246,
46.1703,-69.605,-31.1972,,-0.379653,
46.1803,-69.8885,-29.9871,,-0.204463,
46.1903,-69.9969,-28.6271,,-0.0290883,
46.2003,-69.9294,-27.1159,,0.14582,
46.2103,-69.6888,-25.4288,,0.318402,
46.2203,-69.2729,-23.5279,,0.49523,
46.2303,-68.6841,-21.4249,,0.665451,
46.2403,-67.9242,-19.0931,,0.836711,
46.2503,-66.9951,-16.5449,,1.00435,
46.2603,-65.8975,-13.8314,,1.17428,
46.2703,-64.6335,-10.9288,,1.33609,
46.2803,-63.2099,-7.94604,,1.49475,
46.2903,-61.6291,-4.9134,,1.65138,
46.3003,-59.8932,-1.8725,,1.80405,
46.3103,-58.0075,1.10256,,1.95174,
46.3203,-55.9768,4.01308,,2.09422,
46.3303,-53.8059,6.81693,,2.23354,
46.3403,-51.5012,9.51962,,2.36178,
46.3503,-49.0672,12.0923,,2.49137,
46.3603,-46.5101,14.5445,,2.61092,
46.3703,-43.8371,16.8797,,2.72236,
46.3803,-41.0547,19.0838,,2.83056,
46.3903,-38.169,21.1505,,2.92968,
46.4003,-35.1887,23.0976,,3.02114,
46.4103,-32.1203,24.9112,,3.10552,
46.4203,-28.9717,26.5849,,3.18254,
46.4303,-25.7508,28.145,,3.25123,
46.4403,-22.4653,29.5701,,3.31221,
46.4503,-19.1236,30.8848,,3.36478,
46.4603,-15.7341,32.068,,3.40858,
46.4703,-12.3053,33.1453,,3.44409,
46.4803,-8.84618,34.1105,,3.47033,
46.4903,-5.3647,34.9873,,3.48912,
46.5003,-1.86976,35.7509,,3.49841,
46.5103,1.6297,36.4411,,3.49909,
46.5203,5.1254,37.0459,,3.4912,
46.5303,8.60789,37.572,,3.47446,
46.5403,12.0691,38.0238,,3.44889,
46.5503,15.5,38.4191,,3.41494,
46.5603,18.8923,38.7556,,3.37235,
46.5703,22.2373,39.0223,,3.32172,
46.5803,25.5265,39.2333,,3.26205,
46.5903,28.7523,39.3888,,3.19435,
46.6003,31.906,39.4924,,3.11902,
46.6103,34.9798,39.5483,,3.03588,
46.6203,37.9664,39.5504,,2.94517,
46.6303,40.8578,39.5028,,2.84704,
46.6403,43.6478,39.417,,2.74134,
46.6503,46.3282,39.2683,,2.62911,
46.6603,48.8918,39.0875,,2.50927,
46.6703,51.3333,38.8683,,2.38618,
46.6803,53.6482,38.5736,,2.25476,
46.6903,55.8279,38.2508,,2.11825,
46.7003,57.8689,37.8812,,1.9765,
46.7103,59.7648,37.4386,,1.82957,
46.7203,61.5115,36.9564,,1.67754,
46.7303,63.1037,36.4109,,1.52251,
46.7403,64.5393,35.8252,,1.36422,
46.7503,65.8138,35.1623,,1.19968,
46.7603,66.9222,34.4191,,1.03368,
46.7703,67.8633,33.6041,,0.865111,
46.7803,68.6351,32.7015,,0.695365,
46.7903,69.2369,31.7125,,0.524185,
46.8003,69.6651,30.6027,,0.349964,
46.8103,69.9185,29.3651,,0.174827,
46.8203,69.9975,27.9768,,1.47E-04,
46.8303,69.9015,26.4271,,-0.174544,
46.8403,69.6304,24.7004,,-0.349661,
46.8503,69.186,22.7718,,-0.522583,
46.8603,68.5681,20.6226,,-0.695036,
46.8703,67.7797,18.2575,,-0.865139,
46.8803,66.8209,15.6851,,-1.03424,
46.8903,65.6962,12.9196,,-1.1988,
46.9003,64.4065,10.0035,,-1.36364,
46.9103,62.9554,6.99949,,-1.52204,
46.9203,61.3474,3.96347,,-1.67766,
46.9303,59.5857,0.933474,,-1.82966,
46.9403,57.6757,-2.03658,,-1.97505,
46.9503,55.622,-4.93948,,-2.11794,
46.9603,53.4276,-7.73154,,-2.25507,
46.9703,51.1005,-10.4121,,-2.3863,
46.9803,48.6449,-12.9722,,-2.51081,
46.9903,46.0684,-15.4085,,-2.62925,
47.0003,43.3768,-17.7174,,-2.74251,
47.0103,40.5753,-19.9003,,-2.84756,
47.0203,37.6745,-21.953,,-2.94321,
47.0303,34.6795,-23.8703,,-3.0373,
47.0403,31.5963,-25.6736,,-3.11899,
47.0503,28.4353,-27.316,,-3.19471,
47.0603,25.2026,-28.8524,,-3.26231,
47.0703,21.9065,-30.2708,,-3.32196,
47.0803,18.5566,-31.5484,,-3.37199,
47.0903,15.1603,-32.7292,,-3.41478,
47.1003,11.7257,-33.778,,-3.44953,
47.1103,8.26196,-34.735,,-3.47432,
47.1203,4.77775,-35.5706,,-3.49122,
47.1303,1.28137,-36.3341,,-3.49913,
47.1403,-2.21793,-36.9996,,-3.49835,
47.1503,-5.71203,-37.5945,,-3.48914,
47.1603,-9.19167,-38.1068,,-3.47061,
47.1703,-12.6484,-38.5562,,-3.44397,
47.1803,-16.0733,-38.9403,,-3.408,
47.1903,-19.4584,-39.2581,,-3.36504,
47.2003,-22.7945,-39.5123,,-3.31136,
47.2103,-26.0734,-39.7055,,-3.25126,
47.2203,-29.2875,-39.8607,,-3.18238,
47.2303,-32.4285,-39.946,,-3.10595,
47.2403,-35.4887,-40.0007,,-3.02113,
47.2503,-38.4592,-40.0003,,-2.92842,
47.2603,-41.334,-39.9336,,-2.83018,
47.2703,-44.1056,-39.8446,,-2.72248,
47.2803,-46.767,-39.694,,-2.61022,
47.2903,-49.3124,-39.494,,-2.49155,
47.3003,-51.7339,-39.2569,,-2.36345,
47.3103,-54.025,-38.9627,,-2.23137,
47.3203,-56.182,-38.6305,,-2.09496,
47.3303,-58.1988,-38.2465,,-1.95134,
47.3403,-60.069,-37.8145,,-1.80449,
47.3503,-61.7907,-37.3148,,-1.65273,
47.3603,-63.3571,-36.7559,,-1.49488,
47.3703,-64.7642,-36.1577,,-1.33496,
47.3803,-66.0105,-35.4803,,-1.17287,
47.3903,-67.0918,-34.7297,,-1.00713,
47.4003,-68.0062,-33.9088,,-0.837487,
47.4103,-68.7495,-32.992,,-0.665669,
47.4203,-69.3206,-31.968,,-0.494192,
47.4303,-69.7198,-30.8364,,-0.320372,
47.4403,-69.9441,-29.5696,,-0.146672,
47.4503,-69.9947,-28.1648,,0.0287896,
47.4603,-69.8679,-26.593,,0.206403,
47.4703,-69.5668,-24.8336,,0.378355,
47.4803,-69.0942,-22.8734,,0.550065,
47.4903,-68.4481,-20.6778,,0.723821,
47.5003,-67.6301,-18.2676,,0.894705,
47.5103,-66.6436,-15.6641,,1.06204,
47.5203,-65.4906,-12.8667,,1.22751,
47.5303,-64.1726,-9.93401,,1.39012,
47.5403,-62.6959,-6.93307,,1.54769,
47.5503,-61.0617,-3.87984,,1.70426,
47.5603,-59.2752,-0.856028,,1.8533,
47.5703,-57.3399,2.12485,,2.00147,
47.5803,-55.2611,5.00305,,2.14099,
47.5903,-53.0453,7.78314,,2.27684,
47.6003,-50.6962,10.4416,,2.40719,
47.6103,-48.2204,12.9748,,2.5312,
47.6203,-45.6239,15.4019,,2.64867,
47.6303,-42.9132,17.6924,,2.76064,
47.6403,-40.0955,19.8639,,2.86336,
47.6503,-37.1772,21.8955,,2.96147,
47.6603,-34.1667,23.8073,,3.05019,
47.6703,-31.0704,25.5659,,3.13282,
47.6803,-27.8958,27.21,,3.20741,
47.6903,-24.6524,28.7263,,3.27215,
47.7003,-21.3472,30.1065,,3.33114,
47.7103,-17.9883,31.38,,3.37971,
47.7203,-14.5854,32.5316,,3.4209,
47.7303,-11.1452,33.5707,,3.45433,
47.7403,-7.67743,34.4961,,3.4777,
47.7503,-4.19057,35.3337,,3.49321,
47.7603,-0.693145,36.0784,,3.49985,
47.7703,2.80614,36.7363,,3.49763,
47.7803,6.29839,37.3077,,3.48635,
47.7903,9.7747,37.81,,3.46672,
47.8003,13.2268,38.2452,,3.43863,
47.8103,16.6458,38.6042,,3.40188,
47.8203,20.0231,38.9241,,3.35572,
47.8303,23.3499,39.1748,,3.30241,
47.8403,26.619,39.3626,,3.24015,
47.8503,29.8213,39.4925,,3.17032,
47.8603,32.9496,39.5844,,3.09294,
47.8703,35.9949,39.6188,,3.00479,
47.8803,38.9495,39.6022,,2.91283,
47.8903,41.8078,39.5392,,2.81267,
47.9003,44.5613,39.4309,,2.70434,
47.9103,47.2038,39.2715,,2.58991,
47.9203,49.7264,39.0716,,2.46861,
47.9303,52.1277,38.8246,,2.34349,
47.9403,54.3976,38.5244,,2.20915,
47.9503,56.5307,38.1769,,2.07053,
47.9603,58.5228,37.787,,1.927,
47.9703,60.3695,37.3322,,1.77969,
47.9803,62.0651,36.8201,,1.62627,
47.9903,63.6048,36.2705,,1.46851,
48.0003,64.9855,35.6522,,1.30897,
48.0103,66.2045,34.9626,,1.14433,
48.0203,67.2574,34.1979,,0.978206,
48.0303,68.1429,33.3435,,0.808386,
48.0403,68.8568,32.4195,,0.637962,
48.0503,69.4009,31.3765,,0.465982,
48.0603,69.7709,30.2277,,0.291075,
48.0703,69.9657,28.9458,,0.116132,
48.0803,69.9849,27.506,,-0.0600003,
48.0903,69.8292,25.9081,,-0.233445,
48.1003,69.5006,24.1061,,-0.407099,
48.1103,68.9976,22.0898,,-0.581103,
48.1203,68.322,19.8639,,-0.752536,
48.1303,67.4758,17.4308,,-0.922069,
48.1403,66.4616,14.7856,,-1.08966,
48.1503,65.2803,11.957,,-1.25566,
48.1603,63.9361,9.00479,,-1.41625,
48.1703,62.4327,5.98485,,-1.57423,
48.1803,60.7728,2.92999,,-1.73041,
48.1903,58.9597,-0.0850699,,-1.87885,
48.2003,57.0005,-3.05158,,-2.02453,
48.2103,54.8981,-5.92596,,-2.16554,
48.2203,52.6584,-8.69254,,-2.29907,
48.2303,50.2879,-11.3243,,-2.42799,
48.2403,47.7915,-13.8544,,-2.55186,
48.2503,45.1746,-16.2544,,-2.6681,
48.2603,42.4461,-18.53,,-2.77792,
48.2703,39.6107,-20.6668,,-2.88105,
48.2803,36.6771,-22.6842,,-2.97613,
48.2903,33.6516,-24.5644,,-3.06459,
48.3003,30.5415,-26.3226,,-3.14591,
48.3103,27.355,-27.9346,,-3.21871,
48.3203,24.1005,-29.4302,,-3.28264,
48.3303,20.7861,-30.7961,,-3.33922,
48.3403,17.4195,-32.0425,,-3.38776,
48.3503,14.0093,-33.1767,,-3.42745,
48.3603,10.5638,-34.1946,,-3.45883,
48.3703,7.09213,-35.1065,,-3.48055,
48.3803,3.60274,-35.9133,,-3.49507,
48.3903,0.104469,-36.6511,,-3.49987,
48.4003,-3.39402,-37.2875,,-3.49639,
48.4103,-6.88422,-37.8489,,-3.48376,
48.4203,-10.3571,-38.3459,,-3.46281,
48.4303,-13.8042,-38.7614,,-3.43297,
48.4403,-17.2165,-39.1132,,-3.39416,
48.4503,-20.5856,-39.4225,,-3.34739,
48.4603,-23.9037,-39.6511,,-3.29268,
48.4703,-27.162,-39.8344,,-3.22917,
48.4803,-30.3526,-39.9592,,-3.15751,
48.4903,-33.4666,-40.0354,,-3.07797,
48.5003,-36.4976,-40.0626,,-2.99104,
48.5103,-39.4371,-40.0326,,-2.89619,
48.5203,-42.278,-39.9677,,-2.7945,
48.5303,-45.0135,-39.8571,,-2.68654,
48.5403,-47.6368,-39.6764,,-2.57008,
48.5503,-50.139,-39.477,,-2.44675,
48.5603,-52.5175,-39.2135,,-2.32111,
48.5703,-54.7654,-38.9083,,-2.18717,
48.5803,-56.8768,-38.5492,,-2.04862,
48.5903,-58.8455,-38.1512,,-1.90217,
48.6003,-60.6655,-37.6966,,-1.75271,
48.6103,-62.3346,-37.1714,,-1.59946,
48.6203,-63.848,-36.6126,,-1.44261,
48.6303,-65.2013,-35.9772,,-1.28012,
48.6403,-66.3921,-35.2865,,-1.11691,
48.6503,-67.4176,-34.4933,,-0.950677,
48.6603,-68.2753,-33.6468,,-0.781496,
48.6703,-68.9622,-32.6856,,-0.608314,
48.6803,-69.475,-31.6294,,-0.43526,
48.6903,-69.8145,-30.4603,,-0.261167,
48.7003,-69.9808,-29.152,,-0.0879651,
48.7103,-69.9713,-27.6862,,0.0889026,
48.7203,-69.7875,-26.0483,,0.261868,
48.7303,-69.4289,-24.2216,,0.437187,
48.7403,-68.8967,-22.1729,,0.609894,
48.7503,-68.1924,-19.9048,,0.781645,
48.7603,-67.3165,-17.4272,,0.951565,
48.7703,-66.2734,-14.7545,,1.11848,
48.7803,-65.0648,-11.889,,1.2818,
48.7903,-63.6943,-8.92417,,1.44262,
48.8003,-62.164,-5.89984,,1.60115,
48.8103,-60.4783,-2.85116,,1.75488,
48.8203,-58.6407,0.178468,,1.90441,
48.8303,-56.6565,3.13,,2.04832,
48.8403,-54.5313,5.97765,,2.18731,
48.8503,-52.2693,8.73922,,2.32271,
48.8603,-49.8755,11.358,,2.45047,
48.8703,-47.359,13.8627,,2.57035,
48.8803,-44.7242,16.251,,2.68629,
48.8903,-41.9768,18.5051,,2.79618,
48.9003,-39.1242,20.6228,,2.89777,
48.9103,-36.174,22.6169,,2.99188,
48.9203,-33.1342,24.4883,,3.0781,
48.9303,-30.0113,26.2124,,3.15871,
48.9403,-26.8126,27.8239,,3.22985,
48.9503,-23.5472,29.2966,,3.29311,
48.9603,-20.2232,30.6341,,3.34852,
48.9703,-16.8487,31.8614,,3.39436,
48.9803,-13.4321,32.9714,,3.43355,
48.9903,-9.98166,33.9731,,3.46276,
49.0003,-6.50654,34.873,,3.48414,
49.0103,-3.01506,35.6773,,3.49603,
49.0203,0.483932,36.3926,,3.4999,
49.0303,3.98181,37.0131,,3.49511,
49.0403,7.46959,37.5609,,3.4808,
49.0503,10.9388,38.0409,,3.45844,
49.0603,14.3806,38.4418,,3.42683,
49.0703,17.7864,38.8033,,3.38738,
49.0803,21.1479,39.0787,,3.339,
49.0903,24.4563,39.3121,,3.28211,
49.1003,27.704,39.4676,,3.21791,
49.1103,30.8817,39.5946,,3.14444,
49.1203,33.9823,39.6632,,3.06337,
49.1303,36.9981,39.6833,,2.97571,
49.1403,39.9219,39.6465,,2.88029,
49.1503,42.7461,39.5672,,2.77624,
49.1603,45.4622,39.4363,,2.66693,
49.1703,48.0652,39.2677,,2.54963,
49.1803,50.5482,39.0494,,2.42745,
49.1903,52.9051,38.7745,,2.2985,
49.2003,55.1299,38.4615,,2.16375,
49.2103,57.2169,38.1017,,2.02323,
49.2203,59.1606,37.6846,,1.87829,
49.2303,60.9573,37.2108,,1.729,
49.2403,62.6007,36.6831,,1.57297,
49.2503,64.0869,36.1156,,1.41409,
49.2603,65.4134,35.4687,,1.25466,
49.2703,66.5771,34.7574,,1.0888,
49.2803,67.5747,33.9583,,0.922579,
49.2903,68.4029,33.0746,,0.750741,
49.3003,69.0598,32.1137,,0.579348,
49.3103,69.5442,31.0367,,0.406929,
49.3203,69.8551,29.8479,,0.232309,
49.3303,69.9918,28.5077,,0.0585141,
49.3403,69.9532,27.0209,,-0.118282,
49.3503,69.7388,25.348,,-0.292581,
49.3603,69.3505,23.4722,,-0.466628,
49.3703,68.7896,21.384,,-0.63758,
49.3803,68.0572,19.0765,,-0.810428,
49.3903,67.153,16.5608,,-0.979841,
49.4003,66.0834,13.8595,,-1.14353,
49.4103,64.8479,10.9797,,-1.31006,
49.4203,63.4483,7.9952,,-1.47198,
49.4303,61.8906,4.94734,,-1.62723,
49.4403,60.1793,1.90103,,-1.77973,
49.4503,58.3172,-1.10715,,-1.92845,
49.4603,56.3095,-4.06406,,-2.07218,
49.4703,54.1602,-6.90658,,-2.2113,
49.4803,51.8755,-9.63824,,-2.34431,
49.4903,49.4619,-12.2466,,-2.46926,
49.5003,46.9246,-14.7352,,-2.59209,
49.5103,44.2697,-17.0803,,-2.70554,
49.5203,41.5042,-19.3218,,-2.81279,
49.5303,38.6352,-21.4322,,-2.91405,
49.5403,35.6704,-23.4088,,-3.00587,
49.5503,32.6153,-25.2502,,-3.09364,
49.5603,29.4783,-26.9671,,-3.17125,
49.5703,26.2683,-28.5419,,-3.24068,
49.5803,22.9928,-29.9908,,-3.303,
49.5903,19.6594,-31.3094,,-3.35708,
49.6003,16.2767,-32.5222,,-3.40214,
49.6103,12.854,-33.604,,-3.43867,
49.6203,9.3989,-34.5922,,-3.46701,
49.6303,5.92049,-35.4727,,-3.48683,
49.6403,2.42702,-36.2638,,-3.49754,
49.6503,-1.07241,-36.9499,,-3.49939,
49.6603,-4.56916,-37.5737,,-3.49331,
49.6703,-8.05441,-38.0986,,-3.47725,
49.6803,-11.5196,-38.5623,,-3.45394,
49.6903,-14.9562,-38.9603,,-3.42108,
49.7003,-18.355,-39.2983,,-3.37987,
49.7103,-21.708,-39.5734,,-3.32977,
49.7203,-25.0065,-39.7874,,-3.27167,
49.7303,-28.2431,-39.9538,,-3.20656,
49.7403,-31.4092,-40.06,,-3.13195,
49.7503,-34.4963,-40.1163,,-3.04852,
49.7603,-37.4967,-40.1302,,-2.96048,
49.7703,-40.4038,-40.0766,,-2.86288,
49.7803,-43.2104,-39.9871,,-2.75904,
49.7903,-45.9085,-39.8567,,-2.64715,
49.8003,-48.4923,-39.6731,,-2.53163,
49.8103,-50.9548,-39.4401,,-2.40471,
49.8203,-53.2891,-39.1761,,-2.27573,
49.8303,-55.4904,-38.8523,,-2.13965,
49.8403,-57.5538,-38.4681,,-1.99981,
49.8503,-59.4734,-38.0532,,-1.85347,
49.8603,-61.244,-37.5728,,-1.70264,
49.8703,-62.8613,-37.0305,,-1.54618,
49.8803,-64.3206,-36.4417,,-1.38768,
49.8903,-65.6197,-35.7927,,-1.22653,
49.9003,-66.7561,-35.0654,,-1.06232,
49.9103,-67.7262,-34.2609,,-0.893634,
49.9203,-68.5254,-33.3722,,-0.722166,
49.9303,-69.1537,-32.3836,,-0.551091,
49.9403,-69.6093,-31.2868,,-0.376995,
49.9503,-69.8905,-30.0581,,-0.203634,
49.9603,-69.998,-28.6991,,-0.0273179,
49.9703,-69.9284,-27.1799,,0.147787,
49.9803,-69.6852,-25.479,,0.320938,
49.9903,-69.2689,-23.578,,0.494688,
50.0003,-68.679,-21.4653,,0.667887,
50.0103,-67.9171,-19.1082,,0.838313,
50.0203,-66.9856,-16.5635,,1.00684,
50.0303,-65.8856,-13.8085,,1.17556,
50.0403,-64.6215,-10.9112,,1.33626,
50.0503,-63.1973,-7.90795,,1.49627,
50.0603,-61.614,-4.86363,,1.65412,
50.0703,-59.8765,-1.80665,,1.80514,
50.0803,-57.9893,1.20446,,1.95322,
50.0903,-55.9576,4.13154,,2.09533,
50.1003,-53.7858,6.95078,,2.23371,
50.1103,-51.4781,9.66632,,2.36631,
50.1203,-49.044,12.2586,,2.48942,
50.1303,-46.4871,14.7321,,2.61131,
50.1403,-43.8124,17.0662,,2.72565,
50.1503,-41.0281,19.3141,,2.83045,
50.1603,-38.1431,21.3857,,2.92924,
50.1703,-35.1621,23.3409,,3.02238,
50.1803,-32.0929,25.1657,,3.10619,
50.1903,-28.9435,26.8423,,3.1836,
50.2003,-25.7213,28.4071,,3.25239,
50.2103,-22.4356,29.8334,,3.31192,
50.2203,-19.0937,31.1489,,3.36496,
50.2303,-15.7042,32.3439,,3.40875,
50.2403,-12.275,33.4145,,3.44459,
50.2503,-8.81548,34.3738,,3.47062,
50.2603,-5.3337,35.2421,,3.48928,
50.2703,-1.83876,35.9971,,3.49834,
50.2803,1.66076,36.6839,,3.49935,
50.2903,5.15632,37.2846,,3.49098,
50.3003,8.63872,37.8051,,3.4741,
50.3103,12.0997,38.2598,,3.4487,
50.3203,15.5302,38.6468,,3.41447,
50.3303,18.922,38.9773,,3.3722,
50.3403,22.2667,39.2302,,3.32118,
50.3503,25.5558,39.4325,,3.26166,
50.3603,28.7808,39.5864,,3.19355,
50.3703,31.9336,39.6819,,3.1187,
50.3803,35.0075,39.746,,3.03523,
50.3903,37.9925,39.736,,2.94365,
50.4003,40.883,39.685,,2.8463,
50.4103,43.6719,39.5862,,2.74024,
50.4203,46.3509,39.4319,,2.62808,
50.4303,48.9152,39.2536,,2.51125,
50.4403,51.3567,39.0086,,2.38295,
50.4503,53.6688,38.7285,,2.2537,
50.4603,55.8476,38.3966,,2.11672,
50.4703,57.8874,38.0223,,1.97593,
50.4803,59.7822,37.5748,,1.8276,
50.4903,61.5264,37.0864,,1.67535,
50.5003,63.1172,36.5407,,1.52165,
50.5103,64.5504,35.9418,,1.35962,
50.5203,65.8221,35.2771,,1.19919,
50.5303,66.9303,34.534,,1.034,
50.5403,67.872,33.702,,0.865346,
50.5503,68.6424,32.8025,,0.69262,
50.5603,69.2411,31.7972,,0.521973,
50.5703,69.6675,30.6939,,0.347508,
50.5803,69.9195,29.4392,,0.174538,
50.5903,69.9983,28.0592,,-8.34E-04,
50.6003,69.9003,26.4981,,-0.176864,
50.6103,69.6275,24.7531,,-0.351148,
50.6203,69.1812,22.8156,,-0.523708,
50.6303,68.5624,20.6539,,-0.696805,
50.6403,67.7721,18.279,,-0.866544,
50.6503,66.8118,15.6942,,-1.03596,
50.6603,65.685,12.9142,,-1.20152,
50.6703,64.3934,9.98814,,-1.36458,
50.6803,62.9412,6.96453,,-1.52302,
50.6903,61.332,3.89824,,-1.67896,
50.7003,59.5699,0.868282,,-1.82998,
50.7103,57.6583,-2.13852,,-1.9777,
50.7203,55.6022,-5.04757,,-2.11941,
50.7303,53.4067,-7.86538,,-2.25681,
50.7403,51.0773,-10.5559,,-2.38791,
50.7503,48.622,-13.1487,,-2.50986,
50.7603,46.0452,-15.5964,,-2.63084,
50.7703,43.3526,-17.9216,,-2.74224,
50.7803,40.5517,-20.124,,-2.84797,
50.7903,37.6484,-22.1834,,-2.94697,
50.8003,34.6514,-24.1146,,-3.03675,
50.8103,31.5686,-25.9079,,-3.12001,
50.8203,28.4066,-27.5812,,-3.19488,
50.8303,25.1733,-29.1219,,-3.26294,
50.8403,21.8777,-30.5364,,-3.32168,
50.8503,18.5269,-31.8252,,-3.37286,
50.8603,15.1299,-32.9856,,-3.4153,
50.8703,11.695,-34.0516,,-3.44995,
50.8803,8.2309,-34.9783,,-3.4746,
50.8903,4.74671,-35.8299,,-3.49116,
50.9003,1.25031,-36.5794,,-3.4991,
50.9103,-2.24898,-37.2343,,-3.4984,
50.9203,-5.74295,-37.831,,-3.48878,
50.9303,-9.22241,-38.3318,,-3.4705,
50.9403,-12.6788,-38.7873,,-3.44356,
50.9503,-16.1037,-39.1569,,-3.40826,
50.9603,-19.4883,-39.4766,,-3.364,
50.9703,-22.824,-39.7219,,-3.31108,
50.9803,-26.1025,-39.9119,,-3.25075,
50.9903,-29.3161,-40.046,,-3.18202,
51.0003,-32.4563,-40.1413,,-3.10485,
51.0103,-35.5153,-40.1816,,-3.02022,
51.0203,-38.4855,-40.1751,,-2.92836,
51.0303,-41.3596,-40.1157,,-2.82849,
51.0403,-44.1296,-40.0218,,-2.72152,
51.0503,-46.79,-39.86,,-2.60886,
51.0603,-49.3332,-39.6523,,-2.48948,
51.0703,-51.754,-39.4012,,-2.36346,
51.0803,-54.0448,-39.1134,,-2.23022,
51.0903,-56.2003,-38.7663,,-2.09384,
51.1003,-58.2164,-38.3911,,-1.95126,
51.1103,-60.0857,-37.9455,,-1.80201,
51.1203,-61.8044,-37.4464,,-1.64969,
51.1303,-63.3689,-36.8811,,-1.49466,
51.1403,-64.7768,-36.2625,,-1.33561,
51.1503,-66.0219,-35.5966,,-1.17069,
51.1603,-67.1011,-34.8389,,-1.00461,
51.1703,-68.0136,-34.0127,,-0.836158,
51.1803,-68.7558,-33.0969,,-0.664695,
51.1903,-69.3252,-32.064,,-0.492041,
51.2003,-69.7227,-30.9241,,-0.319187,
51.2103,-69.9454,-29.6423,,-0.144834,
51.2203,-69.9937,-28.231,,0.0310548,
51.2303,-69.8664,-26.6561,,0.206185,
51.2403,-69.5646,-24.8889,,0.380008,
51.2503,-69.0893,-22.917,,0.553452,
51.2603,-68.4411,-20.7197,,0.724961,
51.2703,-67.6218,-18.2947,,0.896249,
51.2803,-66.6339,-15.6582,,1.06227,
51.2903,-65.4801,-12.861,,1.22895,
51.3003,-64.161,-9.90121,,1.39207,
51.3103,-62.6818,-6.87345,,1.54993,
51.3203,-61.0463,-3.82356,,1.70537,
51.3303,-59.2576,-0.779279,,1.85567,
51.3403,-57.3213,2.21189,,2.00145,
51.3503,-55.2429,5.11614,,2.14119,
51.3603,-53.0248,7.91267,,2.27952,
51.3703,-50.6739,10.6007,,2.40903,
51.3803,-48.1969,13.1679,,2.53187,
51.3903,-45.5989,15.5932,,2.65055,
51.4003,-42.8878,17.9056,,2.75984,
51.4103,-40.0701,20.0845,,2.86412,
51.4203,-37.1514,22.1213,,2.96204,
51.4303,-34.1396,24.0419,,3.05122,
51.4403,-31.0428,25.8236,,3.13327,
51.4503,-27.8678,27.4779,,3.20796,
51.4603,-24.6234,28.9911,,3.27302,
51.4703,-21.3182,30.3783,,3.33052,
51.4803,-17.9589,31.6538,,3.38106,
51.4903,-14.5548,32.7829,,3.42166,
51.5003,-11.1146,33.8274,,3.45426,
51.5103,-7.64682,34.7558,,3.47789,
51.5203,-4.15941,35.5909,,3.49359,
51.5303,-0.661947,36.3218,,3.49974,
51.5403,2.83727,36.9768,,3.49755,
51.5503,6.32919,37.54,,3.48581,
51.5603,9.80531,38.0388,,3.46681,
51.5703,13.2572,38.4591,,3.43833,
51.5803,16.6759,38.8294,,3.40139,
51.5903,20.0526,39.1416,,3.35555,
51.6003,23.3796,39.378,,3.30227,
51.6103,26.648,39.5653,,3.23913,
51.6203,29.8489,39.6869,,3.16881,
51.6303,32.9754,39.767,,3.09072,
51.6403,36.0202,39.7969,,3.00596,
51.6503,38.9756,39.7728,,2.91281,
51.6603,41.833,39.7178,,2.81156,
51.6703,44.5852,39.6038,,2.70249,
51.6803,47.2261,39.4414,,2.58961,
51.6903,49.7495,39.2311,,2.46821,
51.7003,52.148,38.9711,,2.34081,
51.7103,54.4171,38.6537,,2.20875,
51.7203,56.5493,38.3129,,2.06903,
51.7303,58.54,37.9199,,1.9261,
51.7403,60.3849,37.4667,,1.77758,
51.7503,62.0788,36.9552,,1.62493,
51.7603,63.6177,36.3916,,1.46745,
51.7703,64.9962,35.7641,,1.30589,
51.7803,66.2135,35.076,,1.14411,
51.7903,67.266,34.2924,,0.977233,
51.8003,68.1499,33.4488,,0.807248,
51.8103,68.863,32.5055,,0.635939,
51.8203,69.4044,31.4756,,0.463806,
51.8303,69.7721,30.3138,,0.288644,
51.8403,69.9652,29.0213,,0.115581,
51.8503,69.9846,27.5783,,-0.0601358,
51.8603,69.8279,25.9571,,-0.235279,
51.8703,69.4967,24.1544,,-0.409773,
51.8803,68.9912,22.1242,,-0.582771,
51.8903,68.3154,19.8952,,-0.75298,
51.9003,67.4678,17.4409,,-0.924043,
51.9103,66.4521,14.7811,,-1.09101,
51.9203,65.2691,11.9497,,-1.25696,
51.9303,63.9233,8.9722,,-1.41817,
51.9403,62.4185,5.92885,,-1.57591,
51.9503,60.7574,2.8659,,-1.72996,
51.9603,58.9435,-0.176551,,-1.88118,
51.9703,56.9817,-3.14681,,-2.02702,
51.9803,54.8785,-6.04853,,-2.16535,
51.9903,52.6385,-8.82695,,-2.29915,
52.0003,50.2673,-11.4909,,-2.4303,
52.0103,47.7691,-14.035,,-2.55271,
52.0203,45.1517,-16.453,,-2.66852,
52.0303,42.422,-18.7406,,-2.77969,
52.0403,39.5852,-20.9013,,-2.88217,
52.0503,36.6505,-22.9177,,-2.97715,
52.0603,33.6238,-24.8191,,-3.06546,
52.0703,30.5136,-26.5754,,-3.14551,
52.0803,27.3271,-28.1912,,-3.2195,
52.0903,24.0716,-29.6967,,-3.28377,
52.1003,20.756,-31.0696,,-3.34023,
52.1103,17.3891,-32.3124,,-3.38793,
52.1203,13.9785,-33.4337,,-3.42765,
52.1303,10.533,-34.4591,,-3.45863,
52.1403,7.06145,-35.356,,-3.48072,
52.1503,3.57195,-36.1739,,-3.4952,
52.1603,0.0733998,-36.8952,,-3.50013,
52.1703,-3.42505,-37.5348,,-3.49607,
52.1803,-6.91515,-38.0853,,-3.48374,
52.1903,-10.3878,-38.5754,,-3.46264,
52.2003,-13.8348,-38.9893,,-3.43266,
52.2103,-17.2467,-39.3361,,-3.39396,
52.2203,-20.6153,-39.6345,,-3.34634,
52.2303,-23.9329,-39.8563,,-3.29287,
52.2403,-27.1909,-40.0362,,-3.22828,
52.2503,-30.3801,-40.1526,,-3.15628,
52.2603,-33.4939,-40.2251,,-3.07804,
52.2703,-36.5244,-40.2509,,-2.99051,
52.2803,-39.463,-40.2148,,-2.89477,
52.2903,-42.3031,-40.1455,,-2.79406,
52.3003,-45.0374,-40.023,,-2.6847,
52.3103,-47.659,-39.8379,,-2.5687,
52.3203,-50.1624,-39.6319,,-2.44788,
52.3303,-52.5393,-39.3656,,-2.31954,
52.3403,-54.7855,-39.0504,,-2.18503,
52.3503,-56.8938,-38.6904,,-2.04515,
52.3603,-58.8609,-38.2875,,-1.90237,
52.3703,-60.681,-37.8248,,-1.75192,
52.3803,-62.3483,-37.3003,,-1.59768,
52.3903,-63.8607,-36.7252,,-1.44171,
52.4003,-65.2132,-36.0975,,-1.27964,
52.4103,-66.4032,-35.3919,,-1.11603,
52.4203,-67.4278,-34.6013,,-0.948746,
52.4303,-68.2828,-33.7512,,-0.778837,
52.4403,-68.9674,-32.7812,,-0.606723,
52.4503,-69.4787,-31.7136,,-0.433019,
52.4603,-69.8171,-30.5422,,-0.260685,
52.4703,-69.9822,-29.2231,,-0.0863381,
52.4803,-69.9706,-27.7565,,0.0906314,
52.4903,-69.7843,-26.1159,,0.264986,
52.5003,-69.4238,-24.2696,,0.438743,
52.5103,-68.8898,-22.2111,,0.611667,
52.5203,-68.1839,-19.9334,,0.782637,
52.5303,-67.3082,-17.4338,,0.951397,
52.5403,-66.2644,-14.7515,,1.11941,
52.5503,-65.0548,-11.8825,,1.28276,
52.5603,-63.6823,-8.89889,,1.44528,
52.5703,-62.1499,-5.84345,,1.60307,
52.5803,-60.4627,-2.77198,,1.75507,
52.5903,-58.6239,0.253751,,1.90704,
52.6003,-56.6378,3.24042,,2.04973,
52.6103,-54.512,6.10256,,2.18763,
52.6203,-52.2489,8.87029,,2.32338,
52.6303,-49.8551,11.5214,,2.45127,
52.6403,-47.3365,14.0429,,2.57281,
52.6503,-44.6997,16.4475,,2.68771,
52.6603,-41.9518,18.7214,,2.79655,
52.6703,-39.099,20.8611,,2.89803,
52.6803,-36.148,22.8663,,2.99295,
52.6903,-33.1066,24.7343,,3.07961,
52.7003,-29.9829,26.4724,,3.15879,
52.7103,-26.7842,28.0854,,3.23032,
52.7203,-23.5183,29.5574,,3.2934,
52.7303,-20.1938,30.903,,3.3493,
52.7403,-16.8186,32.1361,,3.39497,
52.7503,-13.4017,33.2422,,3.43348,
52.7603,-9.95098,34.2356,,3.4633,
52.7703,-6.47571,35.1298,,3.4841,
52.7803,-2.98399,35.9249,,3.49627,
52.7903,0.515005,36.6251,,3.49988,
52.8003,4.01289,37.2564,,3.49501,
52.8103,7.50046,37.7955,,3.48067,
52.8203,10.9694,38.2681,,3.45804,
52.8303,14.4108,38.667,,3.42653,
52.8403,17.8164,39.0134,,3.38722,
52.8503,21.1773,39.2897,,3.33799,
52.8603,24.4854,39.5132,,3.28227,
52.8703,27.7323,39.6767,,3.21655,
52.8803,30.9095,39.7819,,3.14409,
52.8903,34.0102,39.8524,,3.064,
52.9003,37.025,39.8541,,2.97369,
52.9103,39.9472,39.8191,,2.8787,
52.9203,42.7702,39.7334,,2.77665,
52.9303,45.4866,39.6011,,2.66564,
52.9403,48.0885,39.4231,,2.54925,
52.9503,50.5701,39.1995,,2.42575,
52.9603,52.926,38.9245,,2.29744,
52.9703,55.1491,38.6035,,2.16119,
52.9803,57.2344,38.2344,,2.02286,
52.9903,59.1768,37.8164,,1.87573,
53.0003,60.9711,37.3384,,1.72626,
53.0103,62.6125,36.812,,1.57269,
53.0203,64.0994,36.2283,,1.41522,
53.0303,65.4233,35.578,,1.2502,
53.0403,66.5861,34.8635,,1.09025,
53.0503,67.5831,34.0574,,0.919341,
53.0603,68.4087,33.1741,,0.749446,
53.0703,69.0643,32.205,,0.578158,
53.0803,69.5478,31.1294,,0.405414,
53.0903,69.8566,29.9208,,0.230259,
53.1003,69.9916,28.5822,,0.0561993,
53.1103,69.9506,27.0815,,-0.119883,
53.1203,69.7351,25.4005,,-0.293554,
53.1303,69.3458,23.5201,,-0.467448,
53.1403,68.7836,21.421,,-0.640316,
53.1503,68.0485,19.1056,,-0.811665,
53.1603,67.144,16.5793,,-0.980123,
53.1703,66.0719,13.8465,,-1.14694,
53.1803,64.8353,10.9577,,-1.30984,
53.1903,63.4355,7.95353,,-1.47265,
53.2003,61.8769,4.88943,,-1.62834,
53.2103,60.1636,1.82381,,-1.78211,
53.2203,58.2996,-1.19964,,-1.93029,
53.2303,56.2905,-4.17369,,-2.07314,
53.2403,54.1404,-7.0375,,-2.21211,
53.2503,51.856,-9.77589,,-2.34285,
53.2603,49.4414,-12.4112,,-2.4725,
53.2703,46.9021,-14.9139,,-2.59323,
53.2803,44.2461,-17.2904,,-2.70599,
53.2903,41.4792,-19.5456,,-2.81515,
53.3003,38.609,-21.6721,,-2.91438,
53.3103,35.6431,-23.6449,,-3.00747,
53.3203,32.5873,-25.5161,,-3.09382,
53.3303,29.45,-27.2136,,-3.17173,
53.3403,26.2393,-28.804,,-3.24192,
53.3503,22.9628,-30.2516,,-3.3032,
53.3603,19.6292,-31.58,,-3.35759,
53.3703,16.2463,-32.7927,,-3.40194,
53.3803,12.8235,-33.875,,-3.43903,
53.3903,9.36799,-34.8574,,-3.4675,
53.4003,5.88922,-35.731,,-3.48693,
53.4103,2.39579,-36.5065,,-3.49747,
53.4203,-1.1035,-37.1953,,-3.4992,
53.4303,-4.6002,-37.8036,,-3.49325,
53.4403,-8.0853,-38.33,,-3.47731,
53.4503,-11.5502,-38.7905,,-3.45339,
53.4603,-14.9865,-39.1796,,-3.42078,
53.4703,-18.385,-39.5229,,-3.37938,
53.4803,-21.7374,-39.7807,,-3.3297,
53.4903,-25.036,-39.9957,,-3.27138,
53.5003,-28.2714,-40.1472,,-3.2049,
53.5103,-31.436,-40.2407,,-3.13042,
53.5203,-34.5224,-40.2938,,-3.04885,
53.5303,-37.5228,-40.2997,,-2.96006,
53.5403,-40.4297,-40.2506,,-2.86243,
53.5503,-43.2348,-40.1642,,-2.75674,
53.5603,-45.9314,-40.0289,,-2.64714,
53.5703,-48.5136,-39.8279,,-2.52733,
53.5803,-50.9739,-39.5977,,-2.405,
53.5903,-53.309,-39.3166,,-2.27648,
53.6003,-55.5103,-38.9774,,-2.13888,
53.6103,-57.5712,-38.6119,,-1.99702,
53.6203,-59.4887,-38.1811,,-1.85217,
53.6303,-61.259,-37.7076,,-1.70187,
53.6403,-62.875,-37.1538,,-1.54534,
53.6503,-64.3338,-36.5599,,-1.38754,
53.6603,-65.6326,-35.9078,,-1.22487,
53.6703,-66.7658,-35.1675,,-1.0588,
53.6803,-67.7332,-34.3561,,-0.891962,
53.6903,-68.5314,-33.4668,,-0.721034,
53.7003,-69.1584,-32.4733,,-0.549922,
53.7103,-69.6125,-31.3724,,-0.375279,
53.7203,-69.892,-30.1421,,-0.200705,
53.7303,-69.9955,-28.7746,,-0.0250534,
53.7403,-69.9262,-27.2436,,0.146869,
53.7503,-69.6832,-25.525,,0.32224,
53.7603,-69.2648,-23.6305,,0.496139,
53.7703,-68.6724,-21.4904,,0.670979,
53.7803,-67.9082,-19.1402,,0.8404,
53.7903,-66.9758,-16.5557,,1.00673,
53.8003,-65.8756,-13.8099,,1.17708,
53.8103,-64.61,-10.8832,,1.33782,
53.8203,-63.1836,-7.86001,,1.49737,
53.8303,-61.6002,-4.79749,,1.65436,
53.8403,-59.8608,-1.73302,,1.80743,
53.8503,-57.9725,1.29524,,1.95442,
53.8603,-55.9393,4.23934,,2.09689,
53.8703,-53.7658,7.08203,,2.23521,
53.8803,-51.4586,9.82453,,2.36559,
53.8903,-49.0216,12.4333,,2.49355,
53.9003,-46.4627,14.929,,2.61193,
53.9103,-43.7888,17.2893,,2.72378,
53.9203,-41.0049,19.5243,,2.83179,
53.9303,-38.1175,21.6177,,2.93171,
53.9403,-35.1346,23.5777,,3.0237,
53.9503,-32.065,25.4186,,3.10629,
53.9603,-28.9155,27.1092,,3.18389,
53.9703,-25.6928,28.6842,,3.253,
53.9803,-22.4061,30.1176,,3.31268,
53.9903,-19.0636,31.4167,,3.36586,
54.0003,-15.6735,32.6031,,3.40884,
54.0103,-12.2445,33.6693,,3.44437,
54.0203,-8.78464,34.6279,,3.47121,
54.0303,-5.30261,35.4871,,3.48943,
54.0403,-1.80765,36.2563,,3.49839,
54.0503,1.69186,36.927,,3.49917,
54.0603,5.18738,37.5271,,3.49089,
54.0703,8.66961,38.0338,,3.47403,
54.0803,12.1305,38.4833,,3.4486,
54.0903,15.5607,38.8569,,3.41419,
54.1003,18.9519,39.1878,,3.37109,
54.1103,22.2956,39.4407,,3.32036,
54.1203,25.584,39.6403,,3.26136,
54.1303,28.8091,39.7852,,3.19354,
54.1403,31.9611,39.873,,3.11731,
54.1503,35.0337,39.9194,,3.03447,
54.1603,38.0186,39.9084,,2.94355,
54.1703,40.9079,39.8536,,2.84458,
54.1803,43.6957,39.7531,,2.73927,
54.1903,46.3741,39.6018,,2.62805,
54.2003,48.9365,39.4078,,2.50637,
54.2103,51.3756,39.1729,,2.38439,
54.2203,53.6889,38.859,,2.25363,
54.2303,55.8664,38.5305,,2.11501,
54.2403,57.904,38.1455,,1.97357,
54.2503,59.7976,37.7069,,1.82713,
54.2603,61.5406,37.2133,,1.67404,
54.2703,63.1305,36.6679,,1.5196,
54.2803,64.5622,36.0527,,1.35937,
54.2903,65.8326,35.3839,,1.19749,
54.3003,66.9401,34.6307,,1.03316,
54.3103,67.8801,33.8076,,0.863673,
54.3203,68.6491,32.8977,,0.691114,
54.3303,69.246,31.8892,,0.519862,
54.3403,69.6707,30.7711,,0.346841,
54.3503,69.921,29.5242,,0.171393,
54.3603,69.9972,28.1176,,-2.38E-03,
54.3703,69.8986,26.5601,,-0.176649,
54.3803,69.6249,24.8163,,-0.353278,
54.3903,69.177,22.8561,,-0.525422,
54.4003,68.5562,20.6889,,-0.698304,
54.4103,67.7645,18.2933,,-0.86821,
54.4203,66.8025,15.6967,,-1.03827,
54.4303,65.6741,12.8988,,-1.20139,
54.4403,64.3821,9.94909,,-1.36604,
54.4503,62.9283,6.91819,,-1.52478,
54.4603,61.3181,3.83956,,-1.67986,
54.4703,59.5543,0.781187,,-1.8317,
54.4803,57.6405,-2.23014,,-1.98023,
54.4903,55.5827,-5.17725,,-2.12001,
54.5003,53.3871,-8.00436,,-2.25656,
54.5103,51.0579,-10.7262,,-2.38887,
54.5203,48.5999,-13.3158,,-2.51317,
54.5303,46.0213,-15.7871,,-2.63095,
54.5403,43.3282,-18.1271,,-2.74402,
54.5503,40.5255,-20.3367,,-2.84851,
54.5603,37.6225,-22.4196,,-2.94678,
54.5703,34.6245,-24.3704,,-3.03845,
54.5803,31.5407,-26.1795,,-3.12032,
54.5903,28.3786,-27.8477,,-3.19519,
54.6003,25.1451,-29.3921,,-3.26328,
54.6103,21.8484,-30.7974,,-3.3231,
54.6203,18.4969,-32.078,,-3.37324,
54.6303,15.0996,-33.2509,,-3.41546,
54.6403,11.6645,-34.2958,,-3.45,
54.6503,8.20045,-35.2426,,-3.47448,
54.6603,4.71579,-36.0873,,-3.49182,
54.6703,1.21915,-36.8292,,-3.4993,
54.6803,-2.28011,-37.485,,-3.49823,
54.6903,-5.77395,-38.0592,,-3.48872,
54.7003,-9.25326,-38.569,,-3.4703,
54.7103,-12.7094,-38.9918,,-3.44351,
54.7203,-16.134,-39.3699,,-3.40747,
54.7303,-19.5179,-39.6836,,-3.36323,
54.7403,-22.8528,-39.9266,,-3.31078,
54.7503,-26.1314,-40.1152,,-3.25076,
54.7603,-29.3445,-40.2476,,-3.18117,
54.7703,-32.4836,-40.3269,,-3.10373,
54.7803,-35.5418,-40.3639,,-3.01959,
54.7903,-38.5114,-40.3456,,-2.92745,
54.8003,-41.3843,-40.2873,,-2.82768,
54.8103,-44.1542,-40.1771,,-2.72141,
54.8203,-46.813,-40.016,,-2.60661,
54.8303,-49.3546,-39.8095,,-2.48764,
54.8403,-51.7736,-39.5512,,-2.3623,
54.8503,-54.0638,-39.2553,,-2.22971,
54.8603,-56.2188,-38.9064,,-2.09334,
54.8703,-58.2331,-38.5172,,-1.94829,
54.8803,-60.1009,-38.0789,,-1.80203,
54.8903,-61.8199,-37.5684,,-1.65007,
54.9003,-63.3833,-37.0032,,-1.49214,
54.9103,-64.7891,-36.3856,,-1.33495,
54.9203,-66.0326,-35.6988,,-1.16748,
54.9303,-67.1095,-34.9427,,-1.00353,
54.9403,-68.0216,-34.1105,,-0.835418,
54.9503,-68.7611,-33.1827,,-0.661442,
54.9603,-69.3295,-32.1516,,-0.492351,
54.9703,-69.7259,-31.0053,,-0.317433,
54.9803,-69.947,-29.7243,,-0.142256,
54.9903,-69.993,-28.3042,,0.0325058,
55.0003,-69.8642,-26.7038,,0.207721,
55.0103,-69.561,-24.9368,,0.381387,
55.0203,-69.0836,-22.9473,,0.555604,
55.0303,-68.4336,-20.7502,,0.727318,
55.0403,-67.6135,-18.3179,,0.895491,
55.0503,-66.6253,-15.6655,,1.06405,
55.0603,-65.4691,-12.8428,,1.23082,
55.0703,-64.149,-9.86766,,1.3926,
55.0803,-62.6689,-6.8228,,1.55124,
55.0903,-61.032,-3.7497,,1.70697,
55.1003,-59.2419,-0.693162,,1.85663,
55.1103,-57.3043,2.31487,,2.00349,
55.1203,-55.2232,5.2324,,2.14377,
55.1303,-53.0046,8.05694,,2.27963,
55.1403,-50.652,10.7607,,2.41035,
55.1503,-48.1743,13.3504,,2.53223,
55.1603,-45.576,15.7985,,2.65141,
55.1703,-42.8635,18.1236,,2.76203,
55.1803,-40.0441,20.3125,,2.86475,
55.1903,-37.1245,22.3523,,2.96376,
55.2003,-34.1113,24.2888,,3.05161,
55.2103,-31.0144,26.077,,3.13361,
55.2203,-27.8391,27.7293,,3.20827,
55.2303,-24.5943,29.2698,,3.27348,
55.2403,-21.288,30.6481,,3.33186,
55.2503,-17.9284,31.9188,,3.38087,
55.2603,-14.5242,33.0515,,3.42184,
55.2703,-11.0839,34.0811,,3.45429,
55.2803,-7.61566,35.0062,,3.47839,
55.2903,-4.12831,35.8293,,3.49363,
55.3003,-0.630885,36.568,,3.49958,
55.3103,2.86824,37.2226,,3.49751,
55.3203,6.36019,37.7825,,3.48575,
55.3303,9.83625,38.2683,,3.46668,
55.3403,13.2878,38.6878,,3.43804,
55.3503,16.7061,39.0286,,3.40068,
55.3603,20.0824,39.3414,,3.35508,
55.3703,23.4086,39.5736,,3.30181,
55.3803,26.677,39.7653,,3.23924,
55.3903,29.8774,39.8787,,3.16799,
55.4003,33.0039,39.9671,,3.09154,
55.4103,36.0484,39.9741,,3.00402,
55.4203,39.0012,39.9524,,2.91031,
55.4303,41.8574,39.8655,,2.8113,
55.4403,44.6095,39.7665,,2.70241,
55.4503,47.2493,39.5867,,2.58782,
55.4603,49.7713,39.3922,,2.46706,
55.4703,52.1691,39.127,,2.34012,
55.4803,54.4362,38.8144,,2.2064,
55.4903,56.5669,38.4408,,2.06801,
55.5003,58.5569,38.0456,,1.92581,
55.5103,60.4013,37.5834,,1.77641,
55.5203,62.0939,37.0668,,1.6242,
55.5303,63.632,36.5135,,1.46611,
55.5403,65.0085,35.8834,,1.3034,
55.5503,66.2235,35.1877,,1.14222,
55.5603,67.2747,34.3993,,0.976045,
55.5703,68.1575,33.5432,,0.806005,
55.5803,68.8692,32.59,,0.634273,
55.5903,69.4084,31.5575,,0.461339,
55.6003,69.7741,30.3967,,0.286994,
55.6103,69.9663,29.1072,,0.115071,
55.6203,69.9839,27.6466,,-0.0620534,
55.6303,69.8259,26.0191,,-0.236727,
55.6403,69.4935,24.2026,,-0.410553,
55.6503,68.9878,22.1631,,-0.583213,
55.6603,68.3088,19.9069,,-0.757504,
55.6703,67.4585,17.459,,-0.924824,
55.6803,66.4411,14.7798,,-1.09416,
55.6903,65.2559,11.9269,,-1.25821,
55.7003,63.9096,8.93992,,-1.41834,
55.7103,62.4036,5.87797,,-1.57754,
55.7203,60.7403,2.78533,,-1.73191,
55.7303,58.9264,-0.257734,,-1.88095,
55.7403,56.9649,-3.26731,,-2.02689,
55.7503,54.8599,-6.16453,,-2.16794,
55.7603,52.6182,-8.97373,,-2.30185,
55.7703,50.2447,-11.6454,,-2.43004,
55.7803,47.7461,-14.2303,,-2.55351,
55.7903,45.1285,-16.6539,,-2.66932,
55.8003,42.398,-18.9548,,-2.77985,
55.8103,39.5607,-21.1359,,-2.88365,
55.8203,36.6243,-23.161,,-2.97795,
55.8303,33.5971,-25.0672,,-3.0666,
55.8403,30.4856,-26.8305,,-3.14725,
55.8503,27.298,-28.4676,,-3.21931,
55.8603,24.0425,-29.9619,,-3.28395,
55.8703,20.7272,-31.3404,,-3.33988,
55.8803,17.3596,-32.5755,,-3.38916,
55.8903,13.9483,-33.7017,,-3.4281,
55.9003,10.5026,-34.7113,,-3.45879,
55.9103,7.03056,-35.6105,,-3.4813,
55.9203,3.54064,-36.42,,-3.49521,
55.9303,0.0422467,-37.1322,,-3.4999,
55.9403,-3.45611,-37.7728,,-3.49623,
55.9503,-6.94612,-38.3281,,-3.4835,
55.9603,-10.4185,-38.8064,,-3.46225,
55.9703,-13.8651,-39.2039,,-3.43246,
55.9803,-17.2769,-39.5542,,-3.39373,
55.9903,-20.6457,-39.8319,,-3.34701,
56.0003,-23.9626,-40.0506,,-3.29104,
56.0103,-27.2198,-40.2274,,-3.22837,
56.0203,-30.4088,-40.3494,,-3.15601,
56.0303,-33.5216,-40.4118,,-3.07616,
56.0403,-36.5505,-40.4332,,-2.98952,
56.0503,-39.4887,-40.3971,,-2.89451,
56.0603,-42.3279,-40.3063,,-2.79244,
56.0703,-45.0611,-40.1785,,-2.68442,
56.0803,-47.6816,-40.0027,,-2.56667,
56.0903,-50.1826,-39.7769,,-2.44656,
56.1003,-52.5595,-39.5164,,-2.31842,
56.1103,-54.8038,-39.1947,,-2.18352,
56.1203,-56.9108,-38.838,,-2.04416,
56.1303,-58.8771,-38.4207,,-1.9011,
56.1403,-60.6961,-37.9495,,-1.75107,
56.1503,-62.3627,-37.4251,,-1.59665,
56.1603,-63.8733,-36.8392,,-1.43999,
56.1703,-65.2255,-36.1977,,-1.279,
56.1803,-66.4129,-35.4993,,-1.11336,
56.1903,-67.435,-34.7138,,-0.946747,
56.2003,-68.2886,-33.8454,,-0.777321,
56.2103,-68.9716,-32.8833,,-0.605724,
56.2203,-69.4825,-31.8128,,-0.432751,
56.2303,-69.8197,-30.6187,,-0.258425,
56.2403,-69.9825,-29.2894,,-0.0843223,
56.2503,-69.9691,-27.8172,,0.0922601,
56.2603,-69.7819,-26.1655,,0.265553,
56.2703,-69.4199,-24.3125,,0.44079,
56.2803,-68.8842,-22.2583,,0.612272,
56.2903,-68.1784,-19.9736,,0.783198,
56.3003,-67.301,-17.4427,,0.953613,
56.3103,-66.2553,-14.7443,,1.12081,
56.3203,-65.043,-11.8556,,1.28641,
56.3303,-63.6686,-8.84359,,1.44649,
56.3403,-62.1353,-5.79434,,1.6031,
56.3503,-60.4477,-2.70752,,1.75658,
56.3603,-58.6075,0.345516,,1.90754,
56.3703,-56.6202,3.34463,,2.05212,
56.3803,-54.492,6.2292,,2.18937,
56.3903,-52.2274,9.02147,,2.32594,
56.4003,-49.8315,11.694,,2.45118,
56.4103,-47.3134,14.2257,,2.57296,
56.4203,-44.6761,16.6427,,2.68879,
56.4303,-41.9275,18.9473,,2.79645,
56.4403,-39.0743,21.0928,,2.89906,
56.4503,-36.1219,23.0998,,2.99447,
56.4603,-33.0795,24.9978,,3.07997,
56.4703,-29.9553,26.7273,,3.15991,
56.4803,-26.7552,28.3418,,3.23117,
56.4903,-23.489,29.8133,,3.29413,
56.5003,-20.1641,31.1715,,3.34927,
56.5103,-16.7885,32.3939,,3.39558,
56.5203,-13.3709,33.4971,,3.43408,
56.5303,-9.92012,34.4987,,3.46328,
56.5403,-6.44459,35.3785,,3.48448,
56.5503,-2.95274,36.1688,,3.49622,
56.5603,0.546157,36.8621,,3.49971,
56.5703,4.04392,37.4893,,3.49479,
56.5803,7.53136,38.0182,,3.48066,
56.5903,11.0003,38.4892,,3.45809,
56.6003,14.4414,38.8788,,3.42591,
56.6103,17.8463,39.2253,,3.38655,
56.6203,21.2069,39.4917,,3.3377,
56.6303,24.5145,39.7031,,3.28166,
56.6403,27.761,39.8628,,3.21627,
56.6503,30.9375,39.971,,3.14329,
56.6603,34.0372,40.0325,,3.06254,
56.6703,37.051,40.0325,,2.97347,
56.6803,39.9731,39.9853,,2.87834,
56.6903,42.7954,39.9054,,2.77565,
56.7003,45.5106,39.7584,,2.66449,
56.7103,48.1111,39.5719,,2.54775,
56.7203,50.5924,39.3542,,2.42507,
56.7303,52.9462,39.0646,,2.29543,
56.7403,55.1679,38.7387,,2.16079,
56.7503,57.2528,38.3686,,2.02186,
56.7603,59.1945,37.9395,,1.8749,
56.7703,60.9872,37.4671,,1.72484,
56.7803,62.6273,36.9305,,1.57109,
56.7903,64.1115,36.3405,,1.41228,
56.8003,65.4355,35.6923,,1.25085,
56.8103,66.5967,34.9491,,1.08695,
56.8203,67.5905,34.1606,,0.918272,
56.8303,68.4158,33.2617,,0.748299,
56.8403,69.0692,32.2892,,0.575918,
56.8503,69.5506,31.2182,,0.40359,
56.8603,69.8584,29.999,,0.229546,
56.8703,69.9922,28.6507,,0.0549177,
56.8803,69.9505,27.1393,,-0.120944,
56.8903,69.733,25.4473,,-0.296014,
56.9003,69.3417,23.5525,,-0.468908,
56.9103,68.7778,21.4484,,-0.642022,
56.9203,68.0415,19.1312,,-0.812095,
56.9303,67.1358,16.5819,,-0.982646,
56.9403,66.0612,13.8417,,-1.14911,
56.9503,64.8225,10.9279,,-1.31186,
56.9603,63.4217,7.90356,,-1.47272,
56.9703,61.8622,4.82261,,-1.63028,
56.9803,60.1474,1.74177,,-1.78288,
56.9903,58.283,-1.29914,,-1.93132,
57.0003,56.272,-4.2889,,-2.0746,
57.0103,54.121,-7.16431,,-2.21344,
57.0203,51.8335,-9.93965,,-2.34662,
57.0303,49.4176,-12.5813,,-2.47208,
57.0403,46.8783,-15.118,,-2.59323,
57.0503,44.2225,-17.4949,,-2.70656,
57.0603,41.4552,-19.775,,-2.81518,
57.0703,38.5841,-21.9106,,-2.91574,
57.0803,35.617,-23.8943,,-3.00897,
57.0903,32.56,-25.7626,,-3.09453,
57.1003,29.4218,-27.483,,-3.17268,
57.1103,26.2102,-29.0644,,-3.24235,
57.1203,22.9338,-30.522,,-3.30323,
57.1303,19.5997,-31.8473,,-3.358,
57.1403,16.2164,-33.0515,,-3.40264,
57.1503,12.7931,-34.1405,,-3.43929,
57.1603,9.33734,-35.1145,,-3.46759,
57.1703,5.85855,-35.9817,,-3.48713,
57.1803,2.36477,-36.7496,,-3.49772,
57.1903,-1.13459,-37.4299,,-3.49933,
57.2003,-4.63116,-38.0351,,-3.49288,
57.2103,-8.11605,-38.5597,,-3.47715,
57.2203,-11.5807,-39.0133,,-3.45302,
57.2303,-15.0167,-39.406,,-3.42065,
57.2403,-18.4151,-39.7254,,-3.37942,
57.2503,-21.7673,-39.9871,,-3.32871,
57.2603,-25.0647,-40.1832,,-3.27058,
57.2703,-28.2998,-40.3348,,-3.20486,
57.2803,-31.4643,-40.4295,,-3.12964,
57.2903,-34.5493,-40.4798,,-3.0481,
57.3003,-37.5491,-40.4876,,-2.95877,
57.3103,-40.4543,-40.4275,,-2.86076,
57.3203,-43.2591,-40.3307,,-2.75751,
57.3303,-45.9556,-40.1794,,-2.64595,
57.3403,-48.5371,-39.9735,,-2.5282,
57.3503,-50.9969,-39.7373,,-2.40235,
57.3603,-53.3288,-39.4583,,-2.27354,
57.3703,-55.5283,-39.1242,,-2.13805,
57.3803,-57.5898,-38.7541,,-1.99778,
57.3903,-59.5065,-38.3175,,-1.84944,
57.4003,-61.2739,-37.828,,-1.70023,
57.4103,-62.8893,-37.2723,,-1.5451,
57.4203,-64.3464,-36.6692,,-1.3834,
57.4303,-65.6416,-36.0041,,-1.22382,
57.4403,-66.7751,-35.2782,,-1.05894,
57.4503,-67.7411,-34.4638,,-0.890162,
57.4603,-68.538,-33.5699,,-0.720241,
57.4703,-69.1632,-32.5668,,-0.547517,
57.4803,-69.6154,-31.4559,,-0.373367,
57.4903,-69.8933,-30.2147,,-0.200024,
57.5003,-69.9975,-28.8368,,-0.0252398,
57.5103,-69.9263,-27.2999,,0.150558,
57.5203,-69.6793,-25.5886,,0.325196,
57.5303,-69.2594,-23.6702,,0.497024,
57.5403,-68.6672,-21.5346,,0.670551,
57.5503,-67.9015,-19.1573,,0.842851,
57.5603,-66.9663,-16.566,,1.01031,
57.5703,-65.8649,-13.7975,,1.17533,
57.5803,-64.5986,-10.8496,,1.34043,
57.5903,-63.1705,-7.8242,,1.49871,
57.6003,-61.5848,-4.73873,,1.65707,
57.6103,-59.8441,-1.65411,,1.80814,
57.6203,-57.9544,1.39009,,1.95591,
57.6303,-55.9203,4.36484,,2.09729,
57.6403,-53.7467,7.21591,,2.23559,
57.6503,-51.4374,9.97742,,2.36809,
57.6603,-49.0002,12.6128,,2.4931,
57.6703,-46.4397,15.1145,,2.61487,
57.6803,-43.7637,17.4921,,2.72501,
57.6903,-40.9788,19.7488,,2.83237,
57.7003,-38.0911,21.8529,,2.93208,
57.7103,-35.1081,23.8207,,3.02401,
57.7203,-32.0377,25.6668,,3.10734,
57.7303,-28.8868,27.3724,,3.18504,
57.7403,-25.6638,28.9427,,3.25271,
57.7503,-22.3771,30.374,,3.31332,
57.7603,-19.034,31.6877,,3.36631,
57.7703,-15.6435,32.8626,,3.40928,
57.7803,-12.214,33.9293,,3.44501,
57.7903,-8.75383,34.8803,,3.47118,
57.8003,-5.27173,35.7351,,3.48942,
57.8103,-1.77659,36.4873,,3.49866,
57.8203,1.72296,37.1616,,3.49907,
57.8303,5.21846,37.7516,,3.49091,
57.8403,8.70042,38.2633,,3.47367,
57.8503,12.1609,38.6945,,3.44809,
57.8603,15.5908,39.0757,,3.41404,
57.8703,18.982,39.3872,,3.37105,
57.8803,22.3255,39.6354,,3.31996,
57.8903,25.6136,39.8367,,3.26106,
57.9003,28.8376,39.9671,,3.19235,
57.9103,31.9891,40.0556,,3.11659,
57.9203,35.0606,40.1,,3.0335,
57.9303,38.0445,40.0837,,2.94246,
57.9403,40.9333,40.019,,2.8442,
57.9503,43.7204,39.9133,,2.73871,
57.9603,46.398,39.7548,,2.62661,
57.9703,48.9588,39.557,,2.50686,
57.9803,51.3986,39.3061,,2.38299,
57.9903,53.7097,39.0118,,2.25144,
58.0003,55.8853,38.6652,,2.11333,
58.0103,57.922,38.2738,,1.97267,
58.0203,59.8138,37.8393,,1.82558,
58.0303,61.5565,37.3267,,1.67379,
58.0403,63.1445,36.7786,,1.51749,
58.0503,64.575,36.1688,,1.35903,
58.0603,65.8448,35.4939,,1.19583,
58.0703,66.9495,34.7392,,1.03028,
58.0803,67.8871,33.9008,,0.860948,
58.0903,68.6546,32.9883,,0.691165,
58.1003,69.2509,31.9695,,0.517862,
58.1103,69.6738,30.8426,,0.34611,
58.1203,69.9244,29.5933,,0.170594,
58.1303,69.9976,28.1914,,-5.26E-03,
58.1403,69.8965,26.6152,,-0.179733,
58.1503,69.6216,24.8642,,-0.352654,
58.1603,69.1724,22.8983,,-0.52849,
58.1703,68.5492,20.7059,,-0.699858,
58.1803,67.7559,18.3095,,-0.869979,
58.1903,66.7933,15.6919,,-1.03895,
58.2003,65.661,12.8776,,-1.20576,
58.2103,64.3687,9.92288,,-1.36431,
58.2203,62.9152,6.87754,,-1.52656,
58.2303,61.3025,3.77489,,-1.68151,
58.2403,59.5374,0.694346,,-1.83294,
58.2503,57.6226,-2.33916,,-1.98123,
58.2603,55.5641,-5.29168,,-2.12065,
58.2703,53.3671,-8.15732,,-2.25886,
58.2803,51.0359,-10.8787,,-2.38981,
58.2903,48.577,-13.4989,,-2.5143,
58.3003,45.997,-15.9932,,-2.63268,
58.3103,43.3029,-18.336,,-2.74392,
58.3203,40.5006,-20.5676,,-2.84861,
58.3303,37.5966,-22.6518,,-2.9482,
58.3403,34.5977,-24.614,,-3.03896,
58.3503,31.513,-26.4337,,-3.12157,
58.3603,28.3497,-28.1074,,-3.19633,
58.3703,25.1154,-29.6586,,-3.26367,
58.3803,21.8185,-31.07,,-3.32307,
58.3903,18.4668,-32.3476,,-3.37385,
58.4003,15.0692,-33.5122,,-3.41547,
58.4103,11.634,-34.5538,,-3.45026,
58.4203,8.16945,-35.4902,,-3.475,
58.4303,4.68477,-36.3267,,-3.49155,
58.4403,1.18816,-37.0657,,-3.49939,
58.4503,-2.31116,-37.7233,,-3.49817,
58.4603,-5.80499,-38.2952,,-3.48881,
58.4703,-9.28408,-38.792,,-3.46986,
58.4803,-12.74,-39.2181,,-3.4432,
58.4903,-16.1641,-39.584,,-3.40711,
58.5003,-19.5478,-39.8809,,-3.36329,
58.5103,-22.8829,-40.1218,,-3.31071,
58.5203,-26.1604,-40.3016,,-3.24914,
58.5303,-29.3725,-40.4407,,-3.18052,
58.5403,-32.5111,-40.5062,,-3.10353,
58.5503,-35.5683,-40.5449,,-3.01833,
58.5603,-38.537,-40.5214,,-2.92645,
58.5703,-41.41,-40.4477,,-2.82862,
58.5803,-44.179,-40.3448,,-2.71878,
58.5903,-46.8361,-40.1691,,-2.60585,
58.6003,-49.377,-39.9576,,-2.48756,
58.6103,-51.7956,-39.7001,,-2.36045,
58.6203,-54.0842,-39.3949,,-2.22897,
58.6303,-56.2376,-39.0414,,-2.09119,
58.6403,-58.2505,-38.6392,,-1.94758,
58.6503,-60.1167,-38.2019,,-1.79943,
58.6603,-61.8342,-37.6861,,-1.64889,
58.6703,-63.3962,-37.1196,,-1.49141,
58.6803,-64.7995,-36.5028,,-1.32938,
58.6903,-66.0409,-35.8106,,-1.1699,
58.7003,-67.1184,-35.0361,,-1.00157,
58.7103,-68.0273,-34.2001,,-0.833119,
58.7203,-68.7672,-33.2683,,-0.662255,
58.7303,-69.3337,-32.2337,,-0.488621,
58.7403,-69.7276,-31.0804,,-0.316372,
58.7503,-69.9481,-29.8097,,-0.142002,
58.7603,-69.9932,-28.3704,,0.0344068,
58.7703,-69.8626,-26.767,,0.208981,
58.7803,-69.5583,-24.9835,,0.382533,
58.7903,-69.0801,-22.9899,,0.556345,
58.8003,-68.429,-20.7683,,0.728321,
58.8103,-67.6059,-18.318,,0.899796,
58.8203,-66.6148,-15.6681,,1.06601,
58.8303,-65.4572,-12.8246,,1.23179,
58.8403,-64.136,-9.84393,,1.39425,
58.8503,-62.6552,-6.77584,,1.55133,
58.8603,-61.0168,-3.68341,,1.70856,
58.8703,-59.2256,-0.599809,,1.85826,
58.8803,-57.2868,2.42808,,2.00404,
58.8903,-55.2049,5.36005,,2.14465,
58.9003,-52.9847,8.199,,2.28092,
58.9103,-50.6332,10.9253,,2.41003,
58.9203,-48.153,13.5264,,2.53521,
58.9303,-45.5527,15.9951,,2.65268,
58.9403,-42.8391,18.3372,,2.76262,
58.9503,-40.0192,20.5407,,2.86587,
58.9603,-37.0985,22.5966,,2.96428,
58.9703,-34.0845,24.539,,3.05319,
58.9803,-30.9863,26.326,,3.13421,
58.9903,-27.8106,28.0027,,3.20838,
59.0003,-24.5654,29.5253,,3.27445,
59.0103,-21.2586,30.9157,,3.33213,
59.0203,-17.8985,32.176,,3.38135,
59.0303,-14.4939,33.3127,,3.42235,
59.0403,-11.053,34.3388,,3.45484,
59.0503,-7.58471,35.2549,,3.47821,
59.0603,-4.09719,36.089,,3.49384,
59.0703,-0.599752,36.8029,,3.49945,
59.0803,2.89935,37.458,,3.49741,
59.0903,6.39124,38.0031,,3.48586,
59.1003,9.8671,38.4866,,3.46628,
59.1103,13.3182,38.9039,,3.43757,
59.1203,16.736,39.2545,,3.40036,
59.1303,20.112,39.5398,,3.35503,
59.1403,23.438,39.7799,,3.30086,
59.1503,26.7053,39.9513,,3.23832,
59.1603,29.9055,40.062,,3.16808,
59.1703,33.0311,40.1289,,3.08961,
59.1803,36.0739,40.1589,,3.00355,
59.1903,39.0272,40.1159,,2.91062,
59.2003,41.882,40.0477,,2.80877,
59.2103,44.633,39.9175,,2.70249,
59.2203,47.2729,39.7474,,2.58749,
59.2303,49.7933,39.5267,,2.46426,
59.2403,52.1893,39.2615,,2.33963,
59.2503,54.456,38.9464,,2.20612,
59.2603,56.5862,38.5884,,2.0678,
59.2703,58.5753,38.1739,,1.9234,
59.2803,60.4169,37.7082,,1.77398,
59.2903,62.1077,37.1881,,1.62222,
59.3003,63.6433,36.621,,1.46448,
59.3103,65.0207,35.986,,1.30486,
59.3203,66.2347,35.2863,,1.14057,
59.3303,67.2837,34.4991,,0.972426,
59.3403,68.1634,33.6349,,0.804311,
59.3503,68.8743,32.6818,,0.633355,
59.3603,69.412,31.6355,,0.460162,
59.3703,69.7774,30.4702,,0.286917,
59.3803,69.9678,29.1667,,0.112205,
59.3903,69.9833,27.7119,,-0.0643634,
59.4003,69.8231,26.0803,,-0.238345,
59.4103,69.4891,24.2466,,-0.41188,
59.4203,68.9819,22.2006,,-0.585223,
59.4303,68.3022,19.931,,-0.75673,
59.4403,67.452,17.4612,,-0.926468,
59.4503,66.4326,14.7703,,-1.095,
59.4603,65.247,11.9088,,-1.25932,
59.4703,63.8983,8.91013,,-1.4212,
59.4803,62.3897,5.8238,,-1.57938,
59.4903,60.7258,2.73194,,-1.73288,
59.5003,58.9098,-0.351982,,-1.88301,
59.5103,56.9465,-3.37515,,-2.02796,
59.5203,54.8414,-6.30489,,-2.16821,
59.5303,52.5977,-9.12666,,-2.30371,
59.5403,50.223,-11.8213,,-2.4321,
59.5503,47.7235,-14.4046,,-2.55385,
59.5603,45.1053,-16.8434,,-2.66997,
59.5703,42.3727,-19.1679,,-2.7825,
59.5803,39.5346,-21.359,,-2.88329,
59.5903,36.5979,-23.4079,,-2.97866,
59.6003,33.5702,-25.3218,,-3.06718,
59.6103,30.458,-27.0919,,-3.14758,
59.6203,27.2698,-28.7281,,-3.22054,
59.6303,24.0134,-30.2158,,-3.28438,
59.6403,20.6973,-31.5894,,-3.34114,
59.6503,17.329,-32.8334,,-3.38913,
59.6603,13.9177,-33.9525,,-3.42832,
59.6703,10.4718,-34.9686,,-3.45898,
59.6803,6.99957,-35.8702,,-3.48141,
59.6903,3.50963,-36.6721,,-3.49546,
59.7003,0.0111538,-37.3719,,-3.49983,
59.7103,-3.48719,-37.9919,,-3.49617,
59.7203,-6.9771,-38.5435,,-3.48344,
59.7303,-10.4493,-39.0117,,-3.46189,
59.7403,-13.8955,-39.4167,,-3.43206,
59.7503,-17.307,-39.7628,,-3.39343,
59.7603,-20.6756,-40.0363,,-3.34649,
59.7703,-23.9919,-40.2549,,-3.29055,
59.7803,-27.248,-40.4217,,-3.22705,
59.7903,-30.4363,-40.5278,,-3.1551,
59.8003,-33.5487,-40.5944,,-3.07686,
59.8103,-36.5779,-40.5967,,-2.98879,
59.8203,-39.5145,-40.5583,,-2.89314,
59.8303,-42.3524,-40.4708,,-2.79134,
59.8403,-45.0846,-40.3368,,-2.68322,
59.8503,-47.7041,-40.149,,-2.56591,
59.8603,-50.2055,-39.9213,,-2.44676,
59.8703,-52.5809,-39.6587,,-2.31696,
59.8803,-54.8238,-39.3378,,-2.18184,
59.8903,-56.9304,-38.9598,,-2.04422,
59.9003,-58.8948,-38.5425,,-1.8985,
59.9103,-60.712,-38.0677,,-1.7496,
59.9203,-62.3766,-37.5301,,-1.59461,
59.9303,-63.8857,-36.9512,,-1.43911,
59.9403,-65.2371,-36.313,,-1.27868,
59.9503,-66.424,-35.5995,,-1.1113,
59.9603,-67.4434,-34.806,,-0.943707,
59.9703,-68.2947,-33.9396,,-0.775972,
59.9803,-68.9773,-32.966,,-0.605052,
59.9903,-69.4866,-31.8831,,-0.430822,
60.0003,-69.3972,-29.6969,,1.62876,