0.0203548,25.5695,51.0479,,22.5594
0.0403743,75.2298,72.7862,,24.8745
0.0603939,124.217,70.0235,,24.2152
0.0804134,171.931,66.5598,,23.4897
0.100433,217.924,63.5179,,22.5151
0.120452,261.741,60.9232,,21.3249
0.140228,302.945,58.6611,,19.9177
0.160247,341.124,56.5727,,18.3033
0.180267,375.882,54.5563,,16.519
0.200286,406.893,52.5093,,14.5652
0.220306,433.837,50.3411,,12.4622
0.240326,456.452,47.975,,10.2395
0.260345,474.499,45.2524,,7.9138
0.280365,487.803,41.9413,,5.50114
0.300384,496.236,37.6066,,3.04599
0.320404,499.724,31.3097,,0.561203
0.340423,498.204,21.1814,,-1.95066
0.360443,491.721,6.06434,,-4.41058
0.380218,480.316,-10.287,,-6.86157
0.400238,464.094,-23.9881,,-9.22274
0.420257,443.258,-34.4623,,-11.4895
0.440277,417.979,-41.9499,,-13.6548
0.460296,388.531,-46.9186,,-15.6734
0.480316,355.198,-50.0412,,-17.5393
0.500335,318.318,-51.9379,,-19.2241
0.520355,278.254,-53.0625,,-20.727
0.540374,235.416,-53.6993,,-22.016
0.560394,190.22,-54.0166,,-23.0863
0.580413,143.129,-54.1041,,-23.9252
0.600433,94.6072,-54.0288,,-24.5266
0.620452,45.137,-53.8207,,-24.8836
0.640228,-4.78288,-53.4956,,-24.9903
0.660247,-54.6545,-53.0573,,-24.8471
0.680267,-103.979,-52.5207,,-24.4557
0.700286,-152.266,-51.8853,,-23.8241
0.720306,-199.033,-51.1552,,-22.9457
0.740326,-243.809,-50.3213,,-21.8483
0.760345,-286.149,-49.387,,-20.5252
0.780365,-325.632,-48.3326,,-19.0002
0.800384,-361.858,-47.13,,-17.281
0.820404,-394.467,-45.7636,,-15.3955
0.840423,-423.138,-44.2192,,-13.3528
0.860443,-447.583,-42.4205,,-11.1816
0.880218,-467.556,-40.2689,,-8.88941
0.900238,-482.854,-37.6151,,-6.51673
0.920257,-493.335,-34.1893,,-4.07257
0.940277,-498.881,-29.366,,-1.59598
0.960296,-499.441,-21.8209,,0.907775
0.980316,-495.015,-9.84398,,3.39682
1.00034,-485.648,5.03956,,5.84166
1.02035,-471.421,18.2768,,8.2461
1.04037,-452.478,28.3729,,10.5662
1.06039,-429.015,35.6099,,12.7712
1.08041,-401.263,40.5004,,14.8503
1.10043,-369.51,43.699,,16.7804
1.12045,-334.071,45.785,,18.545
1.14023,-295.277,47.1428,,20.1316
1.16025,-253.545,48.0314,,21.5044
1.18027,-209.277,48.5978,,22.6658
1.20029,-162.919,48.9463,,23.6068
1.22031,-114.93,49.1223,,24.3064
1.24033,-65.7967,49.1558,,24.7653
1.26035,-16.0033,49.0764,,24.9757
1.28036,33.9494,48.8817,,24.9376
1.30038,83.5629,48.5879,,24.6477
1.3204,132.341,48.1732,,24.1172
1.34042,179.798,47.6532,,23.3398
1.36044,225.455,47.0296,,22.3313
1.38022,268.865,46.2857,,21.1021
1.40024,309.58,45.4153,,19.6565
1.42026,347.213,44.414,,18.0207
1.44028,381.369,43.2515,,16.2004
1.4603,411.719,41.9062,,14.2212
1.48032,437.949,40.3288,,12.0935
1.50034,459.809,38.4479,,9.86018
1.52035,477.07,36.1505,,7.50684
1.54037,489.567,33.2179,,5.09552
1.56039,497.177,29.2472,,2.62974
1.58041,499.822,23.2924,,0.134929
1.60043,497.458,13.7007,,-2.36093
1.62045,490.14,0.114609,,-4.83202
1.64023,477.912,-13.4916,,-7.26215
1.66025,460.904,-24.1725,,-9.61189
1.68027,439.307,-31.9193,,-11.8611
1.70029,413.314,-37.2389,,-14.0003
1.72031,383.188,-40.7702,,-16.001
1.74033,349.237,-43.107,,-17.8326
1.76035,311.796,-44.659,,-19.4947
1.78036,271.235,-45.7078,,-20.9568
1.80038,227.968,-46.4169,,-22.2104
1.8204,182.424,-46.8944,,-23.2437
1.84042,135.059,-47.1988,,-24.0442
1.86044,86.34,-47.3608,,-24.6065
1.88022,36.7609,-47.3922,,-24.9174
1.90024,-13.1854,-47.3047,,-24.9833
1.92026,-63,-47.1159,,-24.7993
1.94028,-112.184,-46.8075,,-24.3658
1.9603,-160.249,-46.396,,-23.6935
1.98032,-206.713,-45.8795,,-22.7763
2.00034,-251.109,-45.2416,,-21.6398
2.02035,-292.999,-44.4723,,-20.2847
2.04037,-331.961,-43.5735,,-18.7246
2.06039,-367.604,-42.5342,,-16.9783
2.08041,-399.582,-41.3148,,-15.061
2.10043,-427.552,-39.8769,,-12.9948
2.12045,-451.265,-38.1839,,-10.8038
2.14023,-470.469,-36.1346,,-8.50249
2.16025,-484.964,-33.5667,,-6.10527
2.18027,-494.617,-30.1782,,-3.65534
2.20029,-499.325,-25.3169,,-1.17838
2.22031,-499.053,-17.6425,,1.32921
2.24033,-493.78,-5.78402,,3.81448
2.26034,-483.588,7.99904,,6.25103
2.28036,-468.559,19.6028,,8.63927
2.30038,-448.844,28.1443,,10.946
2.3204,-424.645,34.0984,,13.127
2.34042,-396.205,38.1047,,15.187
2.36044,-363.802,40.7585,,17.0931
2.38022,-327.764,42.5335,,18.8271
2.40024,-288.458,43.7381,,20.37
2.42026,-246.267,44.5761,,21.7185
2.44028,-201.615,45.1439,,22.8401
2.4603,-154.951,45.5294,,23.7396
2.48032,-106.738,45.7551,,24.4027
2.50034,-57.4563,45.8567,,24.8176
2.52035,-7.6013,45.8482,,24.9868
2.54037,42.328,45.7242,,24.9056
2.56039,91.8357,45.4983,,24.5769
2.58041,140.424,45.1603,,24.0005
2.60043,187.614,44.7049,,23.189
2.62045,232.926,44.1415,,22.1409
2.64023,275.912,43.4557,,20.8712
2.66025,316.134,42.6464,,19.3915
2.68027,353.205,41.6953,,17.7282
2.70029,386.742,40.5824,,15.8803
2.72031,416.426,39.2767,,13.8756
2.74033,441.936,37.7243,,11.7256
2.76034,463.035,35.8793,,9.47051
2.78036,479.519,33.5873,,7.10583
2.80038,491.195,30.6293,,4.68883
2.8204,497.967,26.557,,2.20556
2.84042,499.774,20.372,,-0.285134
2.86044,496.577,10.4646,,-2.78009
2.88022,488.432,-2.84357,,-5.23882
2.90024,475.388,-15.3673,,-7.66762
2.92026,457.585,-24.8741,,-9.99861
2.94028,435.234,-31.6219,,-12.2311
2.9603,408.526,-36.2031,,-14.3478
2.98032,377.74,-39.2536,,-16.3168
3.00034,343.176,-41.3012,,-18.1281
3.02035,305.174,-42.6863,,-19.7555
3.04037,264.137,-43.6454,,-21.1788
3.06039,220.46,-44.3148,,-22.4028
3.08041,174.576,-44.7776,,-23.3952
3.10043,126.944,-45.0857,,-24.1546
3.12045,78.0506,-45.2548,,-24.6748
3.14023,28.3743,-45.3078,,-24.9468
3.16025,-21.5844,-45.2478,,-24.9694
3.18027,-71.3279,-45.0791,,-24.7441
3.20029,-120.358,-44.7906,,-24.2703
3.22031,-168.187,-44.4077,,-23.554
3.24033,-214.335,-43.9189,,-22.6029
3.26034,-258.341,-43.3093,,-21.4252
3.28036,-299.765,-42.5662,,-20.0348
3.30038,-338.196,-41.6848,,-18.4406
3.3204,-373.248,-40.6645,,-16.6728
3.34042,-404.575,-39.4598,,-14.727
3.36044,-431.85,-38.0341,,-12.6316
3.38022,-454.813,-36.3375,,-10.4202
3.40024,-473.227,-34.2775,,-8.09595
3.42026,-486.913,-31.6676,,-5.7002
3.44028,-495.752,-28.175,,-3.24933
3.4603,-499.628,-23.0972,,-0.751044
3.48032,-498.517,-15.0173,,1.73802
3.50034,-492.412,-2.92706,,4.23188
3.52035,-481.4,10.2416,,6.65649
3.54037,-465.568,20.8611,,9.04272
3.56039,-445.077,28.5157,,11.3152
3.58041,-420.15,33.7858,,13.4826
3.60043,-391.02,37.3235,,15.5212
3.62045,-357.989,39.6835,,17.3948
3.64023,-321.369,41.2871,,19.1041
3.66025,-281.551,42.3868,,20.6102
3.68027,-238.917,43.1557,,21.9205
3.70029,-193.896,43.6997,,23.0068
3.72031,-146.938,44.073,,23.8682
3.74033,-98.5128,44.2993,,24.49
3.76034,-49.0986,44.3999,,24.8629
3.78036,0.802244,44.3909,,24.9906
3.80038,50.6961,44.28,,24.8676
3.8204,100.084,44.0609,,24.4974
3.84042,148.471,43.7298,,23.8803
3.86044,195.373,43.2851,,23.0276
3.88022,240.328,42.7312,,21.9422
3.90024,282.878,42.0541,,20.6383
3.92026,322.602,41.253,,19.1264
3.94028,359.109,40.3019,,17.4326
3.9603,392.015,39.1858,,15.5476
3.98032,421.013,37.8792,,13.5241
4.00034,445.804,36.3202,,11.3482
4.02035,466.126,34.4426,,9.08358
4.04037,481.812,32.1023,,6.70582
4.06039,492.675,29.0656,,4.26725
4.08041,498.617,24.8076,,1.79372
4.10043,499.588,18.2454,,-0.704761
4.12045,495.545,7.8571,,-3.20086
4.14023,486.57,-5.30261,,-5.64881
4.16025,472.725,-17.0263,,-8.06241
4.18027,454.153,-25.712,,-10.3815
4.20029,431.041,-31.7913,,-12.5966
4.22031,403.625,-35.9007,,-14.692
4.24033,372.181,-38.648,,-16.6329
4.26034,337.013,-40.4964,,-18.4182
4.28036,298.476,-41.7639,,-20.0029
4.30038,256.964,-42.6569,,-21.4054
4.3204,212.885,-43.2837,,-22.5801
4.34042,166.676,-43.7206,,-23.5417
4.36044,118.8,-44.0133,,-24.2581
4.38022,69.7399,-44.1777,,-24.7389
4.40024,19.9807,-44.2183,,-24.9673
4.42026,-29.9769,-44.1505,,-24.9497
4.44028,-79.6357,-43.9853,,-24.6818
4.4603,-128.498,-43.7074,,-24.1659
4.48032,-176.076,-43.3149,,-23.4104
4.50034,-221.896,-42.8258,,-22.4211
4.52035,-265.497,-42.2152,,-21.2048
4.54037,-306.447,-41.4724,,-19.7813
4.56039,-344.335,-40.5929,,-18.1593
4.58041,-378.781,-39.5552,,-16.3492
4.60043,-409.444,-38.3426,,-14.3829
4.62045,-436.013,-36.9087,,-12.2731
4.64023,-458.235,-35.1814,,-10.0365
4.66025,-475.87,-33.0736,,-7.70599
4.68027,-488.752,-30.3832,,-5.28481
4.70029,-496.747,-26.7507,,-2.82487
4.72031,-499.787,-21.3671,,-0.335273
4.74033,-497.836,-12.756,,2.1574
4.76034,-490.905,-0.401712,,4.64161
4.78036,-479.064,12.226,,7.06842
4.80038,-462.44,22.0629,,9.42659
4.8204,-441.188,29.0591,,11.6919
4.84042,-415.54,33.8431,,13.8341
4.86044,-385.729,37.0387,,15.8454
4.88022,-352.072,39.1862,,17.6937
4.90024,-314.899,40.654,,19.369
4.92026,-274.57,41.6795,,20.8494
4.94028,-231.502,42.4046,,22.1182
4.9603,-186.124,42.9092,,23.1694
4.98032,-138.886,43.2575,,23.9901
5.00034,-90.2575,43.4725,,24.568
5.02035,-40.7294,43.5637,,24.9029
5.04037,9.20627,43.5492,,24.9877
5.06039,59.0501,43.4301,,24.8228
5.08041,108.304,43.2039,,24.4108
5.10043,156.474,42.8698,,23.7526
5.12045,203.08,42.4209,,22.8605
5.14023,247.661,41.859,,21.7385
5.16025,289.765,41.178,,20.3975
5.18027,328.975,40.3718,,18.8557
5.20029,364.901,39.4107,,17.1263
5.22031,397.173,38.2782,,15.2166
5.24033,425.478,36.9526,,13.1663
5.26034,449.537,35.3771,,10.9784
5.28036,469.102,33.4455,,8.68936
5.30038,483.985,31.0336,,6.29864
5.3204,494.024,27.8789,,3.85329
5.34042,499.131,23.3911,,1.38014
5.36044,499.255,16.3634,,-1.13524
5.38022,494.387,5.45416,,-3.60764
5.40024,484.582,-7.52855,,-6.06426
5.42026,469.928,-18.5456,,-8.45615
5.44028,450.573,-26.5763,,-10.765
5.4603,426.728,-32.1397,,-12.955
5.48032,398.613,-35.8733,,-15.0311
5.50034,366.517,-38.3824,,-16.9441
5.52035,330.767,-40.0897,,-18.6854
5.54037,291.706,-41.2688,,-20.2664
5.56039,249.72,-42.0925,,-21.6182
5.58041,205.249,-42.6867,,-22.76
5.60043,158.73,-43.0949,,-23.6756
5.62045,110.621,-43.3712,,-24.3583
5.64023,61.4076,-43.5181,,-24.793
5.66025,11.5811,-43.5559,,-24.9828
5.68027,-38.362,-43.4781,,-24.922
5.70029,-87.9205,-43.2863,,-24.6105
5.72031,-136.602,-43.0046,,-24.0571
5.74033,-183.917,-42.6185,,-23.2611
5.76034,-229.396,-42.1148,,-22.2309
5.78036,-272.583,-41.4859,,-20.9819
5.80038,-313.044,-40.7342,,-19.5201
5.8204,-350.377,-39.851,,-17.8663
5.84042,-384.218,-38.7938,,-16.0293
5.86044,-414.206,-37.554,,-14.0413
5.88022,-440.067,-36.0982,,-11.9044
5.90024,-461.529,-34.3379,,-9.64964
5.92026,-478.373,-32.1643,,-7.30501
5.94028,-490.444,-29.3732,,-4.87329
5.9603,-497.614,-25.5583,,-2.41
5.98032,-499.815,-19.8136,,0.0858097
6.00034,-497.012,-10.6215,,2.5841
6.02035,-489.255,1.95386,,5.04806
6.04037,-476.601,14.0493,,7.47165
6.06039,-459.18,23.2064,,9.8148
6.08041,-437.179,29.6638,,12.0614
6.10043,-410.808,34.04,,14.1819
6.12045,-380.329,36.9655,,16.1712
6.14023,-346.05,38.9523,,17.9887
6.16025,-308.328,40.3125,,19.627
6.18027,-267.511,41.2702,,21.0783
6.20029,-224.026,41.9455,,22.3094
6.22031,-178.301,42.4211,,23.3252
6.24033,-130.794,42.7494,,24.1056
6.26034,-81.9791,42.944,,24.6407
6.28036,-32.3481,43.0184,,24.9343
6.30038,17.6073,42.9977,,24.9771
6.3204,67.3871,42.8681,,24.7716
6.34042,116.493,42.6273,,24.3168
6.36044,164.434,42.2787,,23.62
6.38022,210.734,41.827,,22.6858
6.40024,254.922,41.2523,,21.5263
6.42026,296.571,40.5584,,20.1558
6.44028,335.254,39.7312,,18.5771
6.4603,370.592,38.7615,,16.8147
6.48032,402.22,37.6167,,14.8832
6.50034,429.834,36.252,,12.8102
6.52035,453.15,34.6293,,10.6004
6.54037,471.941,32.6607,,8.28975
6.56039,486.011,30.1732,,5.89086
6.58041,495.23,26.8601,,3.43928
6.60043,499.5,22.0848,,0.955163
6.62045,498.782,14.5518,,-1.54413
6.64023,493.08,3.14338,,-4.03343
6.66025,482.447,-9.60621,,-6.46903
6.68027,466.999,-19.9807,,-8.85035
6.70029,446.876,-27.4267,,-11.1409
6.72031,422.287,-32.5477,,-13.3154
6.74033,393.482,-35.9812,,-15.3636
6.76034,360.756,-38.3013,,-17.2493
6.78036,324.414,-39.878,,-18.9684
6.80038,284.835,-40.9721,,-20.5028
6.8204,242.406,-41.7536,,-21.8245
6.84042,197.56,-42.3118,,-22.9301
6.86044,150.738,-42.6962,,-23.8092
6.88022,102.411,-42.944,,-24.4469
6.90024,53.0587,-43.0777,,-24.8432
6.92026,3.17764,-43.1015,,-24.99
6.94028,-46.7353,-43.0045,,-24.8868
6.9603,-96.1817,-42.8107,,-24.536
6.98032,-144.666,-42.5177,,-23.9394
7.00034,-191.706,-42.1094,,-23.1024
7.02035,-236.829,-41.5938,,-22.0358
7.04037,-279.586,-40.9559,,-20.7522
7.06039,-319.551,-40.1881,,-19.2515
7.08041,-356.321,-39.2828,,-17.5727
7.10043,-389.542,-38.2107,,-15.7102
7.12045,-418.855,-36.9467,,-13.6863
7.14023,-443.983,-35.4502,,-11.5308
7.16025,-464.691,-33.6465,,-9.26196
7.18027,-480.732,-31.403,,-6.89365
7.20029,-491.989,-28.4953,,-4.47043
7.22031,-498.33,-24.4566,,-1.99394
7.24033,-499.691,-18.2929,,0.51396
7.26034,-496.046,-8.50457,,2.99511
7.28036,-487.465,4.20338,,5.45996
7.30038,-474.003,15.7515,,7.87663
7.3204,-455.793,24.3051,,10.1967
7.34042,-433.043,30.2806,,12.4252
7.36044,-405.965,34.3198,,14.5276
7.38022,-374.825,37.0226,,16.4834
7.40024,-339.943,38.8565,,18.2783
7.42026,-301.666,40.1225,,19.8904
7.44028,-260.371,41.0239,,21.2998
7.4603,-216.477,41.6587,,22.4987
7.48032,-170.422,42.108,,23.4704
7.50034,-122.663,42.411,,24.2112
7.52035,-73.678,42.5883,,24.7086
7.54037,-23.9566,42.6506,,24.9588
7.56039,26.0033,42.6083,,24.9597
7.58041,75.7032,42.4628,,24.7119
7.60043,124.649,42.2164,,24.2167
7.62045,172.346,41.8538,,23.4794
7.64023,218.322,41.3801,,22.5067
7.66025,262.119,40.7951,,21.3123
7.68027,303.296,40.0892,,19.9017
7.70029,341.441,39.2478,,18.2941
7.72031,376.182,38.243,,16.5035
7.74033,407.152,37.0735,,14.5431
7.76034,434.053,35.6973,,12.4444
7.78036,456.634,34.0274,,10.2233
7.80038,474.642,31.9866,,7.88722
7.8204,487.904,29.3994,,5.48468
7.84042,496.297,25.9302,,3.02455
7.86044,499.735,20.8303,,0.53176
7.88022,498.176,12.717,,-1.96126
7.90024,491.638,0.873138,,-4.44795
7.92026,480.196,-11.5534,,-6.87386
7.94028,463.936,-21.3187,,-9.24372
7.9603,443.052,-28.2538,,-11.5105
7.98032,417.736,-32.9899,,-13.6764
8.00034,388.247,-36.1613,,-15.6857
8.02036,354.885,-38.3107,,-17.5587
8.04037,317.971,-39.7897,,-19.2411
8.06039,277.886,-40.8108,,-20.7344
8.08041,235.025,-41.5311,,-22.0274
8.10043,189.811,-42.0642,,-23.0948
8.12045,142.704,-42.4319,,-23.9329
8.14023,94.1701,-42.6586,,-24.5298
8.16025,44.6959,-42.7695,,-24.8862
8.18027,-5.22643,-42.7752,,-24.9897
8.20029,-55.0954,-42.6675,,-24.8446
8.22031,-104.414,-42.4588,,-24.4536
8.24033,-152.691,-42.1435,,-23.8138
8.26035,-199.439,-41.732,,-22.9402
8.28036,-244.199,-41.2043,,-21.8374
8.30038,-286.514,-40.5451,,-20.5095
8.3204,-325.967,-39.7596,,-18.9868
8.34042,-362.169,-38.8285,,-17.2679
8.36044,-394.743,-37.7417,,-15.3771
8.38022,-423.379,-36.4475,,-13.3367
8.40024,-447.787,-34.9059,,-11.1621
8.42026,-467.717,-33.0516,,-8.86476
8.44028,-482.973,-30.7251,,-6.49417
8.4603,-493.401,-27.6881,,-4.04914
8.48032,-498.908,-23.4007,,-1.57736
8.50034,-499.426,-16.7658,,0.932099
8.52036,-494.952,-6.36669,,3.41747
8.54037,-485.537,6.3562,,5.86611
8.56039,-471.262,17.3403,,8.27647
8.58041,-452.28,25.3451,,10.5773
8.60043,-428.784,30.8999,,12.7875
8.62045,-401.004,34.628,,14.8673
8.64023,-369.212,37.1347,,16.798
8.66025,-333.731,38.8517,,18.5636
8.68027,-294.92,40.0345,,20.1403
8.70029,-253.16,40.8706,,21.5151
8.72031,-208.873,41.4734,,22.678
8.74033,-162.497,41.9012,,23.6135
8.76035,-114.498,42.1759,,24.3114
8.78036,-65.3565,42.3284,,24.7669
8.80038,-15.5598,42.3831,,24.9767
8.8204,34.3919,42.331,,24.9358
8.84042,83.9999,42.1637,,24.6465
8.86044,132.769,41.8958,,24.1081
8.88022,180.208,41.5221,,23.3329
8.90024,225.853,41.0377,,22.3215
8.92026,269.233,40.4359,,21.0887
8.94028,309.935,39.7077,,19.6435
8.9603,347.525,38.8447,,18.0022
8.98032,381.654,37.8329,,16.1887
9.00034,411.969,36.6274,,14.2042
9.02036,438.167,35.2001,,12.0741
9.04037,459.982,33.4918,,9.83634
9.06039,477.198,31.3939,,7.48749
9.08041,489.656,28.698,,5.07735
9.10043,497.224,25.0283,,2.6065
9.12045,499.823,19.5613,,0.11338
9.14023,497.418,10.8383,,-2.38939
9.16025,490.049,-1.3608,,-4.85383
9.18027,477.781,-13.3944,,-7.27985
9.20029,460.744,-22.5804,,-9.63091
9.22031,439.094,-29.0447,,-11.8819
9.24033,413.064,-33.4317,,-14.0221
9.26035,382.905,-36.3835,,-16.0135
9.28036,348.914,-38.3827,,-17.8524
9.30038,311.436,-39.7544,,-19.5065
9.3204,270.864,-40.7242,,-20.9691
9.34042,227.574,-41.409,,-22.2217
9.36044,182.012,-41.8997,,-23.2513
9.38022,134.63,-42.24,,-24.0504
9.40024,85.9025,-42.4528,,-24.608
9.42026,36.3184,-42.55,,-24.9203
9.44028,-13.629,-42.5301,,-24.983
9.4603,-63.4411,-42.4171,,-24.7967
9.48032,-112.618,-42.1895,,-24.3616
9.50034,-160.67,-41.8629,,-23.6841
9.52036,-207.117,-41.4287,,-22.7713
9.54037,-251.494,-40.8828,,-21.6255
9.56039,-293.357,-40.2101,,-20.272
9.58041,-332.297,-39.402,,-18.7118
9.60043,-367.91,-38.4575,,-16.961
9.62045,-399.844,-37.3346,,-15.0433
9.64023,-427.787,-36.0097,,-12.9771
9.66025,-451.443,-34.4328,,-10.7673
9.68027,-470.606,-32.5161,,-8.49131
9.70029,-485.066,-30.0993,,-6.08311
9.72031,-494.671,-26.9052,,-3.63591
9.74033,-499.349,-22.3443,,-1.16332
9.76035,-499.031,-15.1827,,1.35891
9.78036,-493.71,-4.2097,,3.82913
9.80038,-483.473,8.41223,,6.2797
9.8204,-468.389,18.8364,,8.67406
9.84042,-448.64,26.3291,,10.9487
9.86044,-424.404,31.4938,,13.1528
9.88022,-395.927,34.9573,,15.199
9.90024,-363.497,37.287,,17.1067
9.92026,-327.423,38.8926,,18.8497
9.94028,-288.091,40.0056,,20.3778
9.9603,-245.881,40.7959,,21.7267
9.98032,-201.21,41.3563,,22.8516
10.0003,-154.53,41.7552,,23.7453
10.0204,-106.305,42.0133,,24.4078
10.0404,-57.0142,42.1514,,24.8204
10.0604,-7.15766,42.185,,24.9867
10.0804,42.7709,42.1135,,24.9042
10.1004,92.2725,41.9341,,24.572
10.1205,140.852,41.655,,23.9963
10.1402,188.025,41.2616,,23.1787
10.1602,233.318,40.7609,,22.1307
10.1803,276.28,40.1433,,20.8596
10.2003,316.481,39.395,,19.3809
10.2203,353.519,38.5127,,17.712
10.2403,387.027,37.4677,,15.8602
10.2603,416.667,36.2396,,13.8547
10.2804,442.143,34.7795,,11.7083
10.3004,463.207,33.0175,,9.44724
10.3204,479.641,30.8312,,7.09098
10.3404,491.278,28.0128,,4.66037
10.3604,498.013,24.1336,,2.18733
10.3802,499.764,18.2593,,-0.310198
10.4002,496.522,8.89649,,-2.80291
10.4203,488.32,-3.54979,,-5.26643
10.4403,475.255,-15.1329,,-7.67517
10.4603,457.423,-23.7657,,-10.0217
10.4803,435.018,-29.7948,,-12.2516
10.5003,408.275,-33.8826,,-14.363
10.5204,377.448,-36.6323,,-16.3423
10.5404,342.849,-38.4898,,-18.137
10.5604,304.824,-39.7701,,-19.7687
10.5804,263.761,-40.6829,,-21.1925
10.6004,220.06,-41.3409,,-22.4125
10.6205,174.158,-41.7994,,-23.4015
10.6402,126.517,-42.1072,,-24.1634
10.6602,77.6123,-42.3076,,-24.6758
10.6803,27.9319,-42.385,,-24.9488
10.7003,-22.0275,-42.3534,,-24.9685
10.7203,-71.7667,-42.2118,,-24.7407
10.7403,-120.789,-41.9772,,-24.2659
10.7603,-168.605,-41.64,,-23.5462
10.7804,-214.735,-41.1869,,-22.594
10.8004,-258.719,-40.6159,,-21.4116
10.8204,-300.122,-39.9273,,-20.0258
10.8404,-338.524,-39.1001,,-18.4239
10.8604,-373.542,-38.1367,,-16.6522
10.8802,-404.829,-36.9793,,-14.7087
10.9002,-432.067,-35.6184,,-12.6127
10.9203,-454.99,-33.996,,-10.3993
10.9403,-473.372,-32.0115,,-8.08307
10.9603,-487.029,-29.5006,,-5.68043
10.9803,-495.81,-26.1384,,-3.2197
11.0003,-499.642,-21.2639,,-0.731468
11.0204,-498.475,-13.5144,,1.76816
11.0404,-492.333,-2.02992,,4.24635
11.0604,-481.278,10.3737,,6.68287
11.0804,-465.403,20.2441,,9.0581
11.1004,-444.874,27.263,,11.3395
11.1205,-419.903,32.0726,,13.4999
11.1402,-390.751,35.2899,,15.5321
11.1602,-357.676,37.4687,,17.4156
11.1803,-321.037,38.9651,,19.1145
11.2003,-281.186,40.0089,,20.6244
11.2203,-238.529,40.7583,,21.9315
11.2403,-193.489,41.2853,,23.0188
11.2603,-146.511,41.6624,,23.8752
11.2804,-98.0751,41.894,,24.491
11.3004,-48.6577,42.0094,,24.8656
11.3204,1.24629,42.0323,,24.9914
11.3404,51.1379,41.9451,,24.8654
11.3604,100.518,41.755,,24.4921
11.3802,148.895,41.4536,,23.8759
11.4002,195.785,41.0405,,23.0175
11.4203,240.717,40.5233,,21.9326
11.4403,283.242,39.8867,,20.6247
11.4603,322.937,39.1236,,19.1122
11.4803,359.416,38.2173,,17.413
11.5003,392.288,37.1445,,15.533
11.5204,421.252,35.8844,,13.5048
11.5404,446.002,34.3845,,11.34
11.5604,466.304,32.5594,,9.05521
11.5804,481.937,30.2968,,6.67914
11.6004,492.748,27.3513,,4.25115
11.6205,498.65,23.2229,,1.77058
11.6402,499.568,16.8771,,-0.732928
11.6602,495.491,6.88818,,-3.21515
11.6803,486.469,-5.67019,,-5.68067
11.7003,472.572,-16.772,,-8.07882
11.7203,453.966,-24.8865,,-10.3993
11.7403,430.818,-30.5239,,-12.6175
11.7603,403.362,-34.3193,,-14.7082
11.7804,371.884,-36.8799,,-16.6501
11.8004,336.687,-38.62,,-18.4231
11.8204,298.131,-39.8267,,-20.0276
11.8404,256.586,-40.6795,,-21.4148
11.8604,212.48,-41.2959,,-22.5937
11.8802,166.257,-41.731,,-23.5447
11.9002,118.37,-42.0226,,-24.2655
11.9203,69.3004,-42.1897,,-24.7403
11.9403,19.5377,-42.253,,-24.9694
11.9603,-30.4202,-42.2204,,-24.948
11.9803,-80.0726,-42.0618,,-24.6771
12.0003,-128.927,-41.7909,,-24.1614
12.0204,-176.491,-41.4456,,-23.4026
12.0404,-222.291,-40.9865,,-22.4092
12.0604,-265.873,-40.3927,,-21.1962
12.0804,-306.797,-39.6772,,-19.7649
12.1004,-344.655,-38.8363,,-18.142
12.1205,-379.071,-37.8423,,-16.3359
12.1402,-409.703,-36.6591,,-14.3659
12.1602,-436.234,-35.2585,,-12.2542
12.1803,-458.406,-33.5909,,-10.0161
12.2003,-476.003,-31.5302,,-7.67861
12.2203,-488.845,-28.9082,,-5.27198
12.2403,-496.8,-25.3655,,-2.80257
12.2603,-499.801,-20.1282,,-0.310322
12.2804,-497.786,-11.7755,,2.18677
12.3004,-490.815,0.145476,,4.65795
12.3204,-478.938,12.2418,,7.08943
12.3404,-462.274,21.5677,,9.44961
12.3604,-440.98,28.1474,,11.7041
12.3802,-415.292,32.6261,,13.8591
12.4002,-385.445,35.6185,,15.8601
12.4203,-351.755,37.6582,,17.713
12.4403,-314.556,39.059,,19.3787
12.4603,-274.202,40.048,,20.8595
12.4803,-231.111,40.7456,,22.1311
12.5003,-185.712,41.2451,,23.1791
12.5204,-138.461,41.5959,,23.996
12.5404,-89.8203,41.8118,,24.572
12.5604,-40.2865,41.911,,24.9046
12.5804,9.65014,41.9151,,24.9869
12.6004,59.4902,41.809,,24.8202
12.6205,108.737,41.6019,,24.4066
12.6402,156.898,41.28,,23.747
12.6602,203.489,40.8563,,22.8506
12.6803,248.048,40.327,,21.7275
12.7003,290.129,39.6662,,20.3892
12.7203,329.312,38.8746,,18.835
12.7403,365.2,37.9447,,17.1105
12.7603,397.447,36.8584,,15.2021
12.7804,425.714,35.5581,,13.1477
12.8004,449.735,34.0008,,10.9607
12.8204,469.253,32.1237,,8.66087
12.8404,484.091,29.7791,,6.27934
12.8604,494.088,26.6782,,3.83328
12.8802,499.154,22.2759,,1.35427
12.9002,499.237,15.414,,-1.15059
12.9203,494.318,4.80993,,-3.63689
12.9403,484.464,-7.73623,,-6.08936
12.9603,469.769,-18.3121,,-8.47265
12.9803,450.387,-25.9483,,-10.7802
13.0003,426.494,-31.2115,,-12.9781
13.0204,398.347,-34.745,,-15.0453
13.0404,366.218,-37.1312,,-16.9642
13.0604,330.43,-38.7744,,-18.7021
13.0804,291.341,-39.9037,,-20.2757
13.1004,249.336,-40.7029,,-21.6303
13.1205,204.843,-41.2817,,-22.7708
13.1402,158.305,-41.6949,,-23.6813
13.1602,110.189,-41.9705,,-24.3616
13.1803,60.9669,-42.1204,,-24.7968
13.2003,11.1368,-42.1634,,-24.9828
13.2203,-38.8044,-42.0976,,-24.9208
13.2403,-88.3577,-41.9342,,-24.6061
13.2603,-137.03,-41.6642,,-24.0528
13.2804,-184.328,-41.2831,,-23.2488
13.3004,-229.788,-40.7999,,-22.2233
13.3204,-272.954,-40.2,,-20.9715
13.3404,-313.394,-39.4708,,-19.5073
13.3604,-350.7,-38.5974,,-17.8487
13.3802,-384.501,-37.5712,,-16.0133
13.4002,-414.453,-36.3582,,-14.0202
13.4203,-440.276,-34.9226,,-11.8858
13.4403,-461.691,-33.1999,,-9.62655
13.4603,-478.497,-31.0749,,-7.27933
13.4803,-490.528,-28.3243,,-4.86503
13.5003,-497.658,-24.5673,,-2.37913
13.5204,-499.807,-18.9318,,0.109705
13.5404,-496.963,-9.93777,,2.6006
13.5604,-489.156,2.31267,,5.07445
13.5804,-476.465,14.0194,,7.49262
13.6004,-459.012,22.8105,,9.83285
13.6205,-436.966,28.9785,,12.0762
13.6402,-410.552,33.1521,,14.2062
13.6602,-380.039,35.953,,16.1834
13.6803,-345.736,37.8596,,18.0013
13.7003,-307.976,39.1687,,19.648
13.7203,-267.133,40.1017,,21.0861
13.7403,-223.628,40.7615,,22.3228
13.7603,-177.885,41.2385,,23.3326
13.7804,-130.363,41.5574,,24.1101
13.8004,-81.5413,41.7469,,24.6453
13.8204,-31.9048,41.8428,,24.9358
13.8404,18.0508,41.8224,,24.9763
13.8604,67.8263,41.6995,,24.7675
13.8802,116.921,41.4757,,24.3109
13.9002,164.852,41.1408,,23.6153
13.9203,211.135,40.6957,,22.678
13.9403,255.311,40.1398,,21.5162
13.9603,296.931,39.4724,,20.1392
13.9803,335.584,38.665,,18.5603
14.0003,370.888,37.6975,,16.8003
14.0204,402.484,36.5705,,14.8663
14.0404,430.057,35.2515,,12.7889
14.0604,453.337,33.6564,,10.5845
14.0804,472.083,31.7001,,8.26161
14.1004,486.111,29.2463,,5.87227
14.1205,495.286,25.9958,,3.42028
14.1402,499.521,21.2927,,0.932722
14.1602,498.761,13.8672,,-1.57124
14.1803,493.009,2.69686,,-4.04963
14.2003,482.326,-9.72893,,-6.49706
14.2203,466.833,-19.7669,,-8.8684
14.2403,446.676,-26.936,,-11.1543
14.2603,422.059,-31.8609,,-13.3329
14.2804,393.212,-35.1586,,-15.3875
14.3004,360.44,-37.3866,,-17.2674
14.3204,324.079,-38.9191,,-18.9842
14.3404,284.469,-39.9898,,-20.5101
14.3604,242.02,-40.7531,,-21.8378
14.3802,197.151,-41.2954,,-22.9398
14.4002,150.314,-41.667,,-23.8143
14.4203,101.976,-41.9316,,-24.4525
14.4403,52.6167,-42.0696,,-24.845
14.4603,2.73344,-42.0888,,-24.9896
14.4803,-47.1771,-42.0037,,-24.8847
14.5003,-96.6152,-41.8213,,-24.5301
14.5204,-145.088,-41.5395,,-23.9337
14.5404,-192.113,-41.1436,,-23.096
14.5604,-237.222,-40.6407,,-22.026
14.5804,-279.954,-40.0157,,-20.7353
14.6004,-319.89,-39.2634,,-19.2434
14.6205,-356.634,-38.3749,,-17.5565
14.6402,-389.816,-37.3166,,-15.6864
14.6602,-419.093,-36.0765,,-13.6701
14.6803,-444.191,-34.5989,,-11.5145
14.7003,-464.855,-32.8153,,-9.24168
14.7203,-480.862,-30.5974,,-6.87446
14.7403,-492.071,-27.7311,,-4.44608
14.7603,-498.361,-23.7443,,-1.96523
14.7804,-499.676,-17.6486,,0.532346
14.8004,-495.996,-8.00404,,3.02027
14.8204,-487.36,4.43644,,5.48041
14.8404,-473.86,15.6907,,7.88859
14.8604,-455.622,23.9987,,10.2239
14.8802,-432.819,29.767,,12.4418
14.9002,-405.705,33.6509,,14.5488
14.9203,-374.527,36.2712,,16.5048
14.9403,-339.615,38.0567,,18.2907
14.9603,-301.307,39.2998,,19.901
14.9803,-259.993,40.1691,,21.3103
15.0003,-216.08,40.7937,,22.5081
15.0204,-170.003,41.2439,,23.4799
15.0404,-122.231,41.5456,,24.2159
15.0604,-73.239,41.7156,,24.7115
15.0804,-23.5136,41.7837,,24.9602
15.1004,26.4466,41.7531,,24.9588
15.1205,76.143,41.614,,24.7088
15.1402,125.077,41.3719,,24.2106
15.1602,172.764,41.0201,,23.4744
15.1803,218.724,40.5633,,22.4938
15.2003,262.494,39.9818,,21.3009
15.2203,303.648,39.2808,,19.8878
15.2403,341.763,38.4563,,18.2791
15.2603,376.464,37.4804,,16.4806
15.2804,407.407,36.3199,,14.5332
15.3004,434.28,34.9465,,12.4242
15.3204,456.806,33.3011,,10.1979
15.3404,474.776,31.2946,,7.86801
15.3604,487.998,28.7273,,5.46488
15.3802,496.348,25.2828,,3.00229
15.4002,499.744,20.2393,,0.511427
15.4203,498.129,12.2232,,-1.99346
15.4403,491.549,0.558457,,-4.46364
15.4603,480.056,-11.6273,,-6.89642
15.4803,463.757,-21.1408,,-9.26516
15.5003,442.84,-27.877,,-11.5319
15.5204,417.489,-32.4742,,-13.683
15.5404,387.97,-35.5498,,-15.7096
15.5604,354.575,-37.6401,,-17.567
15.5804,317.627,-39.0805,,-19.2615
15.6004,277.516,-40.0849,,-20.7458
15.6205,234.634,-40.8031,,-22.0385
15.6402,189.4,-41.3126,,-23.1029
15.6602,142.279,-41.6817,,-23.9375
15.6803,93.7349,-41.9085,,-24.5359
15.7003,44.2533,-42.0218,,-24.8876
15.7203,-5.67028,-42.0334,,-24.9898
15.7403,-55.5364,-41.9304,,-24.842
15.7603,-104.85,-41.7365,,-24.4506
15.7804,-153.114,-41.4308,,-23.8067
15.8004,-199.849,-41.0194,,-22.9318
15.8204,-244.585,-40.4982,,-21.8232
15.8404,-286.877,-39.857,,-20.5001
15.8604,-326.303,-39.0802,,-18.9712
15.8802,-362.468,-38.1626,,-17.2514
15.9002,-395.018,-37.0832,,-15.3621
15.9203,-423.617,-35.8021,,-13.3165
15.9403,-447.986,-34.2824,,-11.139
15.9603,-467.872,-32.441,,-8.8475
15.9803,-483.083,-30.1329,,-6.46999
16.0003,-493.473,-27.1155,,-4.02985
16.0204,-498.932,-22.87,,-1.55252
16.0404,-499.409,-16.2865,,0.953831
16.0604,-494.889,-6.00502,,3.43442
16.0804,-485.434,6.52249,,5.89645
16.1004,-471.116,17.2887,,8.28374
16.1205,-452.099,25.0993,,10.6045
16.1402,-428.557,30.5065,,12.8075
16.1602,-400.741,34.1397,,14.8845
16.1803,-368.914,36.586,,16.8166
16.2003,-333.4,38.2554,,18.5829
16.2203,-294.56,39.4253,,20.1471
16.2403,-252.778,40.2485,,21.5295
16.2603,-208.469,40.8393,,22.6866
16.2804,-162.076,41.2655,,23.6192
16.3004,-114.067,41.5375,,24.3155
16.3204,-64.9158,41.6893,,24.7715
16.3404,-15.116,41.7431,,24.9767
16.3604,34.835,41.6977,,24.9348
16.3802,84.4372,41.5423,,24.6404
16.4002,133.194,41.2709,,24.1044
16.4203,180.624,40.907,,23.3246
16.4403,226.248,40.4296,,22.3094
16.4603,269.607,39.8346,,21.0787
16.4803,310.279,39.123,,19.6308
16.5003,347.853,38.264,,17.9946
16.5204,381.948,37.2577,,16.1646
16.5404,412.218,36.0682,,14.1816
16.5604,438.375,34.6595,,12.0555
16.5804,460.146,32.9609,,9.81598
16.6004,477.338,30.8663,,7.46972
16.6205,489.745,28.1917,,5.05205
16.6402,497.266,24.5529,,2.58826
16.6602,499.823,19.1199,,0.086595
16.6803,497.374,10.4644,,-2.40527
16.7003,489.959,-1.59341,,-4.88129
16.7203,477.65,-13.4392,,-7.29875
16.7403,460.565,-22.4418,,-9.6484
16.7603,438.885,-28.7608,,-11.9041
16.7804,412.809,-33.0495,,-14.0428
16.8004,382.615,-35.936,,-16.0312
16.8204,348.599,-37.8926,,-17.8668
16.8404,311.091,-39.2377,,-19.5213
16.8604,270.49,-40.1909,,-20.9772
16.8802,227.18,-40.8676,,-22.2314
16.9002,181.601,-41.3516,,-23.2599
16.9203,134.203,-41.6875,,-24.0585
16.9403,85.4661,-41.9025,,-24.6113
16.9603,35.8755,-42.0015,,-24.9221
16.9803,-14.0728,-41.9875,,-24.9822
17.0003,-63.8802,-41.8708,,-24.7937
17.0204,-113.05,-41.6508,,-24.3577
17.0404,-161.092,-41.3365,,-23.6784
17.0604,-207.523,-40.9144,,-22.7568
17.0804,-251.877,-40.3659,,-21.6185
17.1004,-293.717,-39.6958,,-20.2564
17.1205,-332.621,-38.9074,,-18.695
17.1402,-368.206,-37.968,,-16.9449
17.1602,-400.111,-36.8482,,-15.0278
17.1803,-428.014,-35.5342,,-12.9583
17.2003,-451.644,-33.969,,-10.7633
17.2203,-470.76,-32.0608,,-8.45481
17.2403,-485.181,-29.6587,,-6.05927
17.2603,-494.738,-26.4837,,-3.6187
17.2804,-499.357,-21.9478,,-1.13163
17.3004,-499,-14.8154,,1.36982
17.3204,-493.644,-3.93242,,3.85588
17.3404,-483.356,8.52884,,6.29899
17.3604,-468.247,18.7877,,8.68772
17.3802,-448.444,26.1487,,10.9794
17.4002,-424.176,31.2057,,13.1627
17.4203,-395.66,34.6008,,15.2244
17.4403,-363.188,36.8834,,17.1242
17.4603,-327.098,38.4611,,18.8521
17.4803,-287.732,39.5587,,20.4013
17.5003,-245.495,40.3372,,21.7344
17.5204,-200.806,40.8933,,22.8632
17.5404,-154.106,41.2885,,23.7523
17.5604,-105.87,41.548,,24.4121
17.5804,-56.573,41.6839,,24.8225
17.6004,-6.71385,41.7152,,24.9875
17.6205,43.2133,41.647,,24.9025
17.6402,92.7099,41.4772,,24.57
17.6602,141.279,41.2007,,23.9882
17.6803,188.436,40.8157,,23.1696
17.7003,233.709,40.3102,,22.1178
17.7203,276.65,39.7016,,20.8506
17.7403,316.827,38.9641,,19.3685
17.7603,353.836,38.0853,,17.6939
17.7804,387.308,37.049,,15.8407
17.8004,416.91,35.8276,,13.8372
17.8204,442.351,34.3714,,11.691
17.8404,463.367,32.6141,,9.42659
17.8604,479.765,30.4522,,7.07216
17.8802,491.362,27.6513,,4.63468
17.9002,498.044,23.7737,,2.16674
17.9203,499.765,17.9132,,-0.329993
17.9403,496.472,8.61399,,-2.82585
17.9603,488.236,-3.72801,,-5.28631
17.9803,475.11,-15.1589,,-7.70745
18.0003,457.24,-23.6662,,-10.0348
18.0204,434.799,-29.5965,,-12.2694
18.0404,408.018,-33.6036,,-14.385
18.0604,377.154,-36.3015,,-16.3528
18.0804,342.531,-38.1334,,-18.1522
18.1004,304.478,-39.4072,,-19.7853
18.1205,263.387,-40.2992,,-21.2056
18.1402,219.659,-40.9413,,-22.4225
18.1602,173.741,-41.4007,,-23.4101
18.1803,126.09,-41.7126,,-24.1652
18.2003,77.1749,-41.9025,,-24.6818
18.2203,27.4888,-41.9825,,-24.95
18.2403,-22.4711,-41.9542,,-24.9675
18.2603,-72.2062,-41.8267,,-24.7382
18.2804,-121.223,-41.5887,,-24.2594
18.3004,-169.023,-41.2463,,-23.5406
18.3204,-215.138,-40.8041,,-22.5819
18.3404,-259.101,-40.2504,,-21.4042
18.3604,-300.476,-39.5621,,-20.0062
18.3802,-338.85,-38.7403,,-18.4167
18.4002,-373.832,-37.7692,,-16.6303
18.4203,-405.085,-36.63,,-14.6894
18.4403,-432.293,-35.2815,,-12.5978
18.4603,-455.181,-33.6579,,-10.3835
18.4803,-473.518,-31.6835,,-8.05623
18.5003,-487.121,-29.1786,,-5.65381
18.5204,-495.862,-25.832,,-3.20303
18.5404,-499.66,-20.959,,-0.70983
18.5604,-498.444,-13.2427,,1.79169
18.5804,-492.256,-1.82124,,4.26785
18.6004,-481.151,10.4683,,6.70631
18.6205,-465.234,20.2086,,9.07982
18.6402,-444.671,27.1309,,11.3504
18.6602,-419.665,31.8622,,13.5274
18.6803,-390.465,35.0368,,15.5498
18.7003,-357.369,37.1769,,17.4253
18.7203,-320.705,38.6556,,19.1276
18.7403,-280.821,39.6954,,20.6413
18.7603,-238.138,40.4303,,21.9423
18.7804,-193.079,40.9493,,23.0264
18.8004,-146.087,41.3196,,23.8829
18.8204,-97.6389,41.5638,,24.4948
18.8404,-48.2158,41.676,,24.8682
18.8604,1.69066,41.6942,,24.9906
18.8802,51.5788,41.6141,,24.8633
18.9002,100.952,41.4227,,24.4881
18.9203,149.318,41.1216,,23.8684
18.9403,196.19,40.7197,,23.0084
18.9603,241.107,40.2028,,21.9208
18.9803,283.606,39.5767,,20.6148
19.0003,323.282,38.8078,,19.0999
19.0204,359.723,37.9092,,17.3955
19.0404,392.566,36.8416,,15.5204
19.0604,421.492,35.5853,,13.478
19.0804,446.199,34.0925,,11.3137
19.1004,466.452,32.275,,9.04052
19.1205,482.05,30.0104,,6.66793
19.1402,492.83,27.0776,,4.21872
19.1602,498.684,22.9613,,1.7558
19.1803,499.561,16.6151,,-0.755056
19.2003,495.432,6.65491,,-3.24715
19.2203,486.36,-5.81379,,-5.69589
19.2403,472.428,-16.7939,,-8.0992
19.2603,453.778,-24.8247,,-10.4247
19.2804,430.587,-30.3809,,-12.6311
19.3004,403.11,-34.1258,,-14.7274
19.3204,371.589,-36.6477,,-16.6646
19.3404,336.364,-38.3728,,-18.4356
19.3604,297.774,-39.5682,,-20.0443
19.3802,256.206,-40.4109,,-21.4255
19.4002,212.079,-41.0202,,-22.604
19.4203,165.839,-41.4488,,-23.5533
19.4403,117.939,-41.7393,,-24.2695
19.4603,68.8603,-41.9137,,-24.7447
19.4803,19.0937,-41.9809,,-24.9701
19.5003,-30.863,-41.9258,,-24.9468
19.5204,-80.5123,-41.7746,,-24.6744
19.5404,-129.356,-41.5326,,-24.1549
19.5604,-176.908,-41.1807,,-23.395
19.5804,-222.692,-40.7029,,-22.4025
19.6004,-266.251,-40.1267,,-21.1797
19.6205,-307.148,-39.4243,,-19.7558
19.6402,-344.978,-38.5824,,-18.1239
19.6602,-379.364,-37.5848,,-16.321
19.6803,-409.956,-36.4071,,-14.3488
19.7003,-436.45,-35.0183,,-12.2299
19.7203,-458.591,-33.3535,,-9.99738
19.7403,-476.141,-31.2922,,-7.65905
19.7603,-488.94,-28.6763,,-5.24747
19.7804,-496.847,-25.1367,,-2.78052
19.8004,-499.801,-19.9043,,-0.289952
19.8204,-497.747,-11.5534,,2.21074
19.8404,-490.734,0.3181,,4.67957
19.8604,-478.81,12.3179,,7.10964
19.8802,-462.098,21.5487,,9.47006
19.9002,-440.769,28.0595,,11.7279
19.9203,-415.044,32.4837,,13.8694
19.9403,-385.168,35.4493,,15.8786
19.9603,-351.44,37.4569,,17.7282
19.9803,-314.203,38.8534,,19.3974
20.0003,-273.825,39.8256,,20.8732
20.0204,-230.715,40.522,,22.1402
20.0404,-185.299,41.0139,,23.1858
20.0604,-138.031,41.3652,,24.0026
20.0804,-89.3847,41.5775,,24.5747
20.1004,-39.845,41.6787,,24.9066
20.1205,10.0935,41.681,,24.9871
20.1402,59.9313,41.5801,,24.8172
20.1602,109.168,41.3779,,24.4009
20.1803,157.317,41.0551,,23.7395
20.2003,203.892,40.6318,,22.8439
20.2203,248.434,40.0991,,21.7162
20.2403,290.489,39.4481,,20.3726
20.2603,329.643,38.6669,,18.8236
20.2804,365.505,37.7359,,17.0949
20.3004,397.714,36.6414,,15.185
20.3204,425.947,35.3509,,13.1267
20.3404,449.925,33.8058,,10.9428
20.3604,469.409,31.9269,,8.63758
20.3802,484.202,29.5725,,6.26179
20.4002,494.163,26.4778,,3.81069
20.4203,499.18,22.0875,,1.33126
20.4403,499.21,15.2278,,-1.17417
20.4603,494.251,4.62958,,-3.66239
20.4803,484.355,-7.86218,,-6.10315
20.5003,469.623,-18.3413,,-8.49121
20.5204,450.19,-25.9005,,-10.8078
20.5404,426.267,-31.1166,,-12.9956
20.5604,398.079,-34.6251,,-15.0633
20.5804,365.917,-36.9829,,-16.9773
20.6004,330.096,-38.592,,-18.7208
20.6205,290.979,-39.7238,,-20.2878
20.6402,248.953,-40.529,,-21.6384
20.6602,204.44,-41.0951,,-22.7811
20.6803,157.885,-41.4982,,-23.6894
20.7003,109.757,-41.7709,,-24.3674
20.7203,60.5256,-41.9273,,-24.7991
20.7403,10.6937,-41.973,,-24.983
20.7603,-39.2468,-41.9077,,-24.9185
20.7804,-88.7946,-41.7414,,-24.6054
20.8004,-137.456,-41.4708,,-24.0423
20.8204,-184.74,-41.0984,,-23.2455
20.8404,-230.185,-40.6243,,-22.2112
20.8604,-273.326,-40.0142,,-20.9556
20.8802,-313.733,-39.2871,,-19.4952
20.9002,-351.02,-38.4225,,-17.8368
20.9203,-384.784,-37.4004,,-15.9981
20.9403,-414.703,-36.1887,,-13.9967
20.9603,-440.487,-34.753,,-11.867
20.9803,-461.872,-33.031,,-9.61113
21.0003,-478.626,-30.9012,,-7.25212
21.0204,-490.618,-28.1601,,-4.84236
21.0404,-497.693,-24.4011,,-2.35598
21.0604,-499.804,-18.7544,,0.1253
21.0804,-496.922,-9.76519,,2.62851
21.1004,-489.073,2.45189,,5.09063
21.1205,-476.332,14.0871,,7.51253
21.1402,-458.826,22.819,,9.86024
21.1602,-436.748,28.9329,,12.0948
21.1803,-410.305,33.0746,,14.2193
21.2003,-379.758,35.8463,,16.2027
21.2203,-345.413,37.7305,,18.0204
21.2403,-307.623,39.0391,,19.6591
21.2603,-266.758,39.9652,,21.1003
21.2804,-223.229,40.6182,,22.3299
21.3004,-177.469,41.0858,,23.3417
21.3204,-129.934,41.411,,24.115
21.3404,-81.1037,41.6038,,24.6489
21.3604,-31.4616,41.6875,,24.9378
21.3802,18.4942,41.6769,,24.9753
21.4002,68.2657,41.5558,,24.7649
21.4203,117.353,41.3291,,24.3069
21.4403,165.273,40.998,,23.6057
21.4603,211.537,40.5617,,22.6686
21.4803,255.689,40.0004,,21.5048
21.5003,297.287,39.3234,,20.1258
21.5204,335.909,38.5144,,18.5492
21.5404,371.185,37.5767,,16.7795
21.5604,402.742,36.4454,,14.85
21.5804,430.282,35.1046,,12.7706
21.6004,453.52,33.5175,,10.5603
21.6205,472.228,31.5757,,8.24679
21.6402,486.214,29.119,,5.84861
21.6602,495.35,25.8528,,3.39646
21.6803,499.532,21.1413,,0.910324
21.7003,498.722,13.7193,,-1.59369
21.7203,492.928,2.54939,,-4.07183
21.7403,482.211,-9.82651,,-6.51586
21.7603,466.682,-19.8146,,-8.88074
21.7804,446.479,-26.9326,,-11.187
21.8004,421.815,-31.8111,,-13.3569
21.8204,392.938,-35.0867,,-15.3921
21.8404,360.139,-37.2983,,-17.2853
21.8604,323.735,-38.8205,,-19.0023
21.8802,284.101,-39.8778,,-20.5228
21.9002,241.627,-40.6362,,-21.846
21.9203,196.742,-41.1777,,-22.9487
21.9403,149.892,-41.5571,,-23.8204
21.9603,101.541,-41.8107,,-24.4572
21.9803,52.1761,-41.9424,,-24.8479
22.0003,2.29004,-41.9693,,-24.9901
22.0204,-47.6189,-41.8904,,-24.8828
22.0404,-97.0536,-41.7074,,-24.5273
22.0604,-145.516,-41.424,,-23.9257
22.0804,-192.524,-41.0328,,-23.0854
22.1004,-237.61,-40.5276,,-22.0178
22.1205,-280.321,-39.9019,,-20.7242
22.1402,-320.233,-39.157,,-19.228
22.1602,-356.945,-38.2667,,-17.5394
22.1803,-390.089,-37.2092,,-15.6644
22.2003,-419.334,-35.972,,-13.66
22.2203,-444.393,-34.4958,,-11.4847
22.2403,-464.996,-32.7078,,-9.22662
22.2603,-480.981,-30.4917,,-6.85183
22.2804,-492.147,-27.6206,,-4.42613
22.3004,-498.397,-23.6259,,-1.94941
22.3204,-499.672,-17.5203,,0.55495
22.3404,-495.943,-7.86474,,3.04652
22.3604,-487.267,4.55798,,5.50241
22.3802,-473.713,15.7687,,7.91888
22.4002,-455.423,24.0161,,10.2337
22.4203,-432.601,29.7477,,12.4668
22.4403,-405.439,33.6243,,14.5636
22.4603,-374.231,36.2232,,16.5193
22.4803,-339.292,37.9883,,18.3111
22.5003,-300.955,39.2154,,19.9085
22.5204,-259.615,40.096,,21.3243
22.5404,-215.678,40.7165,,22.5185
22.5604,-169.587,41.1563,,23.4831
22.5804,-121.803,41.4526,,24.224
22.6004,-72.8001,41.6287,,24.7156
22.6205,-23.0708,41.7046,,24.9604
22.6402,26.8893,41.6684,,24.9574
22.6602,76.5813,41.5268,,24.7068
22.6803,125.51,41.2861,,24.2056
22.7003,173.18,40.9373,,23.4625
22.7203,219.121,40.478,,22.4898
22.7403,262.874,39.9044,,21.2865
22.7603,304.001,39.2102,,19.8762
22.7804,342.089,38.3733,,18.2633
22.8004,376.765,37.3911,,16.4676
22.8204,407.661,36.2461,,14.5093
22.8404,434.502,34.8733,,12.4047
22.8604,456.991,33.2191,,10.1822
22.8802,474.914,31.2017,,7.84551
22.9002,488.098,28.6485,,5.44256
22.9203,496.399,25.2001,,2.97933
22.9403,499.754,20.1219,,0.490179
22.9603,498.1,12.0951,,-2.0144
22.9803,491.473,0.432165,,-4.48444
23.0003,479.932,-11.7213,,-6.92133
23.0204,463.601,-21.2016,,-9.28219
23.0404,442.635,-27.9009,,-11.5497
23.0604,417.252,-32.4662,,-13.7071
23.0804,387.688,-35.529,,-15.7315
23.1004,354.255,-37.6097,,-17.5805
23.1205,317.274,-39.038,,-19.2744
23.1402,277.146,-40.0348,,-20.7597
23.1602,234.238,-40.7484,,-22.0462
23.1803,188.991,-41.2576,,-23.1094
23.2003,141.853,-41.6161,,-23.9475
23.2203,93.2969,-41.855,,-24.5391
23.2403,43.8112,-41.9686,,-24.8883
23.2603,-6.11408,-41.9741,,-24.99
23.2804,-55.978,-41.8749,,-24.8405
23.3004,-105.281,-41.6745,,-24.4421
23.3204,-153.534,-41.3761,,-23.8025
23.3404,-200.253,-40.9632,,-22.9225
23.3604,-244.971,-40.4474,,-21.8123
23.3802,-287.238,-39.8024,,-20.4896
23.4002,-326.642,-39.0257,,-18.9582
23.4203,-362.78,-38.111,,-17.2312
23.4403,-395.294,-37.0293,,-15.3506
23.4603,-423.851,-35.7472,,-13.2893
23.4803,-448.175,-34.2249,,-11.1138
23.5003,-468.022,-32.386,,-8.83948
23.5204,-483.199,-30.0761,,-6.44358
23.5404,-493.539,-27.0498,,-4.01006
23.5604,-498.961,-22.7897,,-1.53264
23.5804,-499.39,-16.1856,,0.981057
23.6004,-494.825,-5.88305,,3.45542
23.6205,-485.322,6.62613,,5.91437
23.6402,-470.968,17.3611,,8.30671
23.6602,-451.908,25.1491,,10.6244
23.6803,-428.331,30.5225,,12.8268
23.7003,-400.473,34.1409,,14.904
23.7203,-368.614,36.5801,,16.8297
23.7403,-333.072,38.2434,,18.5974
23.7603,-294.2,39.3984,,20.1633
23.7804,-252.395,40.2195,,21.5376
23.8004,-208.068,40.81,,22.6979
23.8204,-161.657,41.2239,,23.6255
23.8404,-113.635,41.5084,,24.3231
23.8604,-64.4743,41.6643,,24.7734
23.8802,-14.6718,41.704,,24.9775
23.9002,35.2777,41.6584,,24.9333
23.9203,84.874,41.5144,,24.6356
23.9403,133.621,41.2486,,24.0987
23.9603,181.038,40.8706,,23.3186
23.9803,226.645,40.4012,,22.2994
24.0003,269.984,39.8111,,21.0669
24.0204,310.625,39.0897,,19.6129
24.0404,348.164,38.2285,,17.9778
24.0604,382.223,37.2304,,16.1457
24.0804,412.47,36.0409,,14.1691
24.1004,438.591,34.6227,,12.0377
24.1205,460.333,32.9251,,9.79942
24.1402,477.468,30.829,,7.44315
24.1602,489.831,28.1511,,5.02979
24.1803,497.305,24.4965,,2.56034
24.2003,499.814,19.0471,,0.0683539
24.2203,497.328,10.3607,,-2.42853
24.2403,489.874,-1.71316,,-4.8964
24.2603,477.521,-13.5267,,-7.32571
24.2804,460.396,-22.5036,,-9.66488
24.3004,438.676,-28.8111,,-11.9241
24.3204,412.557,-33.085,,-14.061
24.3404,382.329,-35.9492,,-16.0485
24.3604,348.28,-37.9024,,-17.8841
24.3802,310.745,-39.244,,-19.5346
24.4002,270.115,-40.1858,,-20.9909
24.4203,226.783,-40.8607,,-22.2406
24.4403,181.183,-41.344,,-23.2683
24.4603,133.773,-41.6839,,-24.0642
24.4803,85.0259,-41.8953,,-24.6145
24.5003,35.432,-41.9929,,-24.923
24.5204,-14.5164,-41.9783,,-24.9814
24.5404,-64.3212,-41.8605,,-24.7908
24.5604,-113.483,-41.6505,,-24.3527
24.5804,-161.511,-41.3317,,-23.6699
24.6004,-207.923,-40.8992,,-22.7493
24.6205,-252.258,-40.3535,,-21.6074
24.6402,-294.079,-39.6935,,-20.2454
24.6602,-332.958,-38.902,,-18.6776
24.6803,-368.507,-37.9569,,-16.9327
24.7003,-400.38,-36.8375,,-15.0088
24.7203,-428.241,-35.5234,,-12.9386
24.7403,-451.831,-33.9559,,-10.7338
24.7603,-470.909,-32.0524,,-8.4412
24.7804,-485.281,-29.6355,,-6.04698
24.8004,-494.807,-26.4523,,-3.58869
24.8204,-499.38,-21.8936,,-1.10905
24.8404,-498.973,-14.7445,,1.39448
24.8604,-493.576,-3.82863,,3.87374
24.8802,-483.246,8.63814,,6.32368
24.9002,-468.094,18.8712,,8.69907
24.9203,-448.251,26.2053,,11.0098
24.9403,-423.929,31.2506,,13.1818
24.9603,-395.387,34.6473,,15.2364
24.9803,-362.889,36.9168,,17.1412
25.0003,-326.765,38.4758,,18.8691
25.0204,-287.369,39.579,,20.4138
25.0404,-245.104,40.3607,,21.7491
25.0604,-200.394,40.9051,,22.8698
25.0804,-153.681,41.2939,,23.7591
25.1004,-105.435,41.5559,,24.4146
25.1205,-56.1333,41.7011,,24.825
25.1402,-6.27028,41.7289,,24.9882
25.1602,43.6563,41.6521,,24.9017
25.1803,93.1448,41.4881,,24.5644
25.2003,141.705,41.2174,,23.9814
25.2203,188.844,40.8228,,23.1607
25.2403,234.101,40.3164,,22.1103
25.2603,277.018,39.7147,,20.8349
25.2804,317.166,38.9821,,19.355
25.3004,354.148,38.0947,,17.6794
25.3204,387.587,37.049,,15.8243
25.3404,417.158,35.8345,,13.8213
25.3604,442.557,34.3829,,11.6684
25.3802,463.542,32.6227,,9.40536
25.4002,479.887,30.4417,,7.04543
25.4203,491.434,27.6271,,4.62164
25.4403,498.085,23.751,,2.14334
25.4603,499.753,17.8664,,-0.354415
25.4803,496.421,8.51687,,-2.84512
25.5003,488.141,-3.83714,,-5.30841
25.5204,474.975,-15.2554,,-7.72369
25.5404,457.061,-23.7392,,-10.0584
25.5604,434.581,-29.6648,,-12.2937
25.5804,407.756,-33.6692,,-14.4001
25.6004,376.87,-36.3507,,-16.3654
25.6205,342.204,-38.182,,-18.1814
25.6402,304.125,-39.4404,,-19.7911
25.6602,263.007,-40.3366,,-21.2175
25.6803,219.261,-40.9758,,-22.4311
25.7003,173.327,-41.4274,,-23.4171
25.7203,125.659,-41.7407,,-24.1711
25.7403,76.7368,-41.9379,,-24.6855
25.7603,27.0454,-42.0178,,-24.951
25.7804,-22.9146,-41.9856,,-24.9673
25.8004,-72.6457,-41.8536,,-24.7354
25.8204,-121.651,-41.62,,-24.2526
25.8404,-169.44,-41.2806,,-23.5328
25.8604,-215.538,-40.8354,,-22.573
25.8802,-259.479,-40.2805,,-21.3929
25.9002,-300.832,-39.5912,,-19.9935
25.9203,-339.174,-38.77,,-18.3974
25.9403,-374.128,-37.8048,,-16.6194
25.9603,-405.352,-36.6557,,-14.6709
25.9803,-432.516,-35.3014,,-12.5793
26.0003,-455.361,-33.6771,,-10.3574
26.0204,-473.654,-31.6998,,-8.03638
26.0404,-487.227,-29.1828,,-5.6413
26.0604,-495.921,-25.8231,,-3.17234
26.0804,-499.659,-20.9345,,-0.685542
26.1004,-498.409,-13.1787,,1.80599
26.1205,-492.179,-1.71432,,4.29696
26.1402,-481.031,10.5684,,6.72295
26.1602,-465.081,20.2971,,9.09318
26.1803,-444.471,27.2108,,11.3831
26.2003,-419.424,31.9392,,13.543
26.2203,-390.182,35.1077,,15.5686
26.2403,-357.051,37.2369,,17.444
26.2603,-320.354,38.7085,,19.1376
26.2804,-280.452,39.7433,,20.6525
26.3004,-237.747,40.4791,,21.9532
26.3204,-192.668,41.0017,,23.0341
26.3404,-145.664,41.3694,,23.8881
26.3604,-97.2046,41.6095,,24.5005
26.3802,-47.7745,41.721,,24.8707
26.4002,2.13415,41.7415,,24.9909
26.4203,52.0215,41.6621,,24.8611
26.4403,101.389,41.4664,,24.4843
26.4603,149.742,41.1743,,23.8611
26.4803,196.601,40.7693,,23.0017
26.5003,241.493,40.252,,21.9092
26.5204,283.976,39.6176,,20.5991
26.5404,323.619,38.8495,,19.0894
26.5604,360.025,37.9491,,17.3715
26.5804,392.835,36.8868,,15.5037
26.6004,421.728,35.6265,,13.4691
26.6205,446.409,34.1255,,11.3035
26.6402,466.621,32.3,,9.00353
26.6602,482.169,30.0413,,6.64419
26.6803,492.896,27.095,,4.20257
26.7003,498.714,22.9427,,1.73149
26.7203,499.54,16.578,,-0.778694
26.7403,495.374,6.57544,,-3.26062
26.7603,486.258,-5.92118,,-5.72166
26.7804,472.287,-16.8974,,-8.12407
26.8004,453.593,-24.9177,,-10.4388
26.8204,430.365,-30.4684,,-12.6549
26.8404,402.841,-34.2138,,-14.7465
26.8604,371.293,-36.735,,-16.6795
26.8802,336.032,-38.4484,,-18.4576
26.9002,297.415,-39.6348,,-20.0502
26.9203,255.823,-40.4776,,-21.4379
26.9403,211.678,-41.0856,,-22.613
26.9603,165.418,-41.5161,,-23.5615
26.9803,117.505,-41.8048,,-24.2749
27.0003,68.4209,-41.9772,,-24.7467
27.0204,18.6503,-42.0421,,-24.9707
27.0404,-31.3065,-41.9958,,-24.9457
27.0604,-80.9506,-41.8485,,-24.6711
27.0804,-129.785,-41.5893,,-24.1492
27.1004,-177.324,-41.2367,,-23.3889
27.1205,-223.091,-40.7806,,-22.3892
27.1402,-266.626,-40.1916,,-21.1715
27.1602,-307.498,-39.4842,,-19.7382
27.1803,-345.297,-38.6404,,-18.1109
27.2003,-379.648,-37.6436,,-16.3004
27.2203,-410.205,-36.4657,,-14.3342
27.2403,-436.667,-35.0689,,-12.2103
27.2603,-458.76,-33.4004,,-9.97534
27.2804,-476.277,-31.3375,,-7.64105
27.3004,-489.03,-28.7109,,-5.22424
27.3204,-496.894,-25.1551,,-2.75628
27.3404,-499.801,-19.8892,,-0.267567
27.3604,-497.711,-11.4934,,2.22887
27.3802,-490.641,0.413181,,4.70497
27.4002,-478.68,12.4139,,7.13054
27.4203,-461.936,21.6509,,9.485
27.4403,-440.561,28.1657,,11.7524
27.4603,-414.789,32.5798,,13.8954
27.4803,-384.876,35.5349,,15.892
27.5003,-351.12,37.5565,,17.7411
27.5204,-313.857,38.9413,,19.4079
27.5404,-273.456,39.9004,,20.886
27.5604,-230.324,40.5982,,22.1497
27.5804,-184.886,41.1033,,23.1959
27.6004,-137.606,41.4431,,24.0079
27.6205,-88.9474,41.6494,,24.5796
27.6402,-39.402,41.7581,,24.9082
27.6602,10.5377,41.7638,,24.9864
27.6803,60.3721,41.6581,,24.8155
27.7003,109.603,41.4464,,24.3963
27.7203,157.74,41.1361,,23.7325
27.7403,204.299,40.7135,,22.8344
27.7603,248.821,40.177,,21.7039
27.7804,290.848,39.5156,,20.3582
27.8004,329.971,38.7338,,18.8107
27.8204,365.805,37.816,,17.0769
27.8404,397.98,36.7107,,15.1692
27.8604,426.179,35.4072,,13.1093
27.8802,450.119,33.8619,,10.9215
27.9002,469.563,31.9869,,8.62184
27.9203,484.315,29.6211,,6.23267
27.9403,494.219,26.5042,,3.79075
27.9603,499.199,22.0942,,1.30829
27.9803,499.19,15.1972,,-1.19464
28.0003,494.184,4.54616,,-3.67956
28.0204,484.251,-7.95829,,-6.12825
28.0404,469.468,-18.446,,-8.52424
28.0604,449.997,-26.0188,,-10.8135
28.0804,426.033,-31.2333,,-13.0187
28.1004,397.805,-34.7295,,-15.081
28.1205,365.609,-37.0822,,-16.9951
28.1402,329.76,-38.7023,,-18.7374
28.1602,290.616,-39.8298,,-20.2962
28.1803,248.567,-40.6161,,-21.6497
28.2003,204.036,-41.1855,,-22.7884
28.2203,157.466,-41.5977,,-23.6967
28.2403,109.322,-41.87,,-24.3741
28.2603,60.0848,-42.0225,,-24.8012
28.2804,10.2493,-42.0595,,-24.9841
28.3004,-39.6892,-42.0006,,-24.9167
28.3204,-89.2326,-41.8367,,-24.6011
28.3404,-137.882,-41.5658,,-24.0362
28.3604,-185.155,-41.1917,,-23.2378
28.3802,-230.578,-40.7068,,-22.2002
28.4002,-273.698,-40.1096,,-20.9452
28.4203,-314.079,-39.377,,-19.477
28.4403,-351.326,-38.5009,,-17.8208
28.4603,-385.059,-37.4849,,-15.9834
28.4803,-414.956,-36.2759,,-13.981
28.5003,-440.693,-34.8282,,-11.8438
28.5204,-462.034,-33.0971,,-9.58757
28.5404,-478.757,-30.9654,,-7.23991
28.5604,-490.694,-28.2211,,-4.81175
28.5804,-497.729,-24.4319,,-2.3417
28.6004,-499.802,-18.7512,,0.154559
28.6205,-496.872,-9.71041,,2.64328
28.6402,-488.979,2.54593,,5.11584
28.6602,-476.199,14.197,,7.53304
28.6803,-458.661,22.9315,,9.8758
28.7003,-436.534,29.0475,,12.12
28.7203,-410.051,33.19,,14.2365
28.7403,-379.461,35.9603,,16.2245
28.7603,-345.095,37.8435,,18.0324
28.7804,-307.266,39.1449,,19.6701
28.8004,-266.385,40.07,,21.1113
28.8204,-222.835,40.7246,,22.343
28.8404,-177.053,41.1909,,23.3484
28.8604,-129.507,41.5107,,24.1208
28.8802,-80.6663,41.708,,24.6532
28.9002,-31.0187,41.7911,,24.9391
28.9203,18.9379,41.7765,,24.9744
28.9403,68.7052,41.6563,,24.7618
28.9603,117.788,41.4349,,24.3021
28.9803,165.691,41.1004,,23.5977
29.0003,211.938,40.6507,,22.6602
29.0204,256.072,40.1006,,21.4926
29.0404,297.643,39.4241,,20.1141
29.0604,336.241,38.6166,,18.5324
29.0804,371.474,37.6561,,16.7615
29.1004,403.005,36.5309,,14.8348
29.1205,430.511,35.1966,,12.7509
29.1402,453.702,33.5973,,10.5354
29.1602,472.376,31.6424,,8.23242
29.1803,486.32,29.1787,,5.82661
29.2003,495.405,25.902,,3.37388
29.2203,499.548,21.1707,,0.89146
29.2403,498.693,13.6858,,-1.62151
29.2603,492.854,2.45431,,-4.09156
29.2804,482.099,-9.92965,,-6.53379
29.3004,466.51,-19.9206,,-8.91983
29.3204,446.275,-27.0565,,-11.1912
29.3404,421.576,-31.9458,,-13.375
29.3604,392.663,-35.2167,,-15.411
29.3802,359.829,-37.4231,,-17.3013
29.4002,323.389,-38.9465,,-19.0183
29.4203,283.737,-40.0067,,-20.5326
29.4403,241.244,-40.7526,,-21.855
29.4603,196.336,-41.2967,,-22.9605
29.4803,149.468,-41.673,,-23.8277
29.5003,101.107,-41.9279,,-24.4612
29.5204,51.7343,-42.0623,,-24.8497
29.5404,1.84646,-42.089,,-24.9905
29.5604,-48.0609,-42.0062,,-24.8812
29.5804,-97.4871,-41.824,,-24.5224
29.6004,-145.94,-41.5371,,-23.9205
29.6205,-192.936,-41.146,,-23.0786
29.6402,-238.002,-40.6409,,-22.0046
29.6602,-280.69,-40.02,,-20.7117
29.6803,-320.577,-39.2723,,-19.2112
29.7003,-357.25,-38.3752,,-17.525
29.7203,-390.373,-37.3148,,-15.6581
29.7403,-419.574,-36.0628,,-13.6282
29.7603,-444.596,-34.5935,,-11.474
29.7804,-465.175,-32.8092,,-9.2011
29.8004,-481.103,-30.5646,,-6.82965
29.8204,-492.217,-27.6732,,-4.4069
29.8404,-498.436,-23.6741,,-1.92203
29.8604,-499.657,-17.5434,,0.574213
29.8802,-495.892,-7.80085,,3.06346
29.9002,-487.174,4.67061,,5.5262
29.9203,-473.579,15.8731,,7.93685
29.9403,-455.251,24.1292,,10.2607
29.9603,-432.373,29.8891,,12.4847
29.9803,-405.186,33.7633,,14.5789
30.0003,-373.94,36.3543,,16.5391
30.0204,-338.961,38.1202,,18.3243
30.0404,-300.6,39.3451,,19.9226
30.0604,-259.238,40.226,,21.3349
30.0804,-215.28,40.8448,,22.5283
30.1004,-169.17,41.279,,23.4944
30.1205,-121.372,41.5782,,24.2286
30.1402,-72.3593,41.7573,,24.7178
30.1602,-22.6265,41.8289,,24.9622
30.1803,27.3331,41.7901,,24.9567
30.2003,77.0201,41.6508,,24.702
30.2203,125.937,41.4155,,24.1993
30.2403,173.596,41.0604,,23.456
30.2603,219.521,40.6045,,22.4808
30.2804,263.252,40.0246,,21.2749
30.3004,304.35,39.3225,,19.8586
30.3204,342.407,38.4852,,18.249
30.3404,377.048,37.5117,,16.452
30.3604,407.918,36.3609,,14.4904
30.3802,434.717,34.9673,,12.3917
30.4002,457.168,33.3114,,10.1548
30.4203,475.055,31.3029,,7.83211
30.4403,488.196,28.7284,,5.41596
30.4603,496.448,25.2518,,2.95564
30.4803,499.757,20.1628,,0.469445
30.5003,498.054,12.0752,,-2.03935
30.5204,491.385,0.342149,,-4.50624
30.5404,479.812,-11.8299,,-6.93636
30.5604,463.435,-21.3216,,-9.30492
30.5804,442.431,-28.03,,-11.572
30.6004,416.997,-32.6056,,-13.7309
30.6205,387.408,-35.6747,,-15.736
30.6402,353.945,-37.7526,,-17.6028
30.6602,316.947,-39.1779,,-19.285
30.6803,276.78,-40.1693,,-20.7707
30.7003,233.847,-40.8847,,-22.0585
30.7203,188.579,-41.4016,,-23.1212
30.7403,141.43,-41.7531,,-23.9515
30.7603,92.8607,-41.9888,,-24.5437
30.7804,43.3689,-42.1059,,-24.8912
30.8004,-6.55785,-42.1089,,-24.9897
30.8204,-56.4188,-42.0083,,-24.8373
30.8404,-105.717,-41.8123,,-24.4385
30.8604,-153.957,-41.5142,,-23.7966
30.8802,-200.661,-41.0944,,-22.9105
30.9002,-245.36,-40.5727,,-21.8063
30.9203,-287.602,-39.9303,,-20.4695
30.9403,-326.975,-39.1562,,-18.9445
30.9603,-363.083,-38.2383,,-17.2227
30.9803,-395.559,-37.1477,,-15.3214
31.0003,-424.088,-35.8623,,-13.2827
31.0204,-448.372,-34.3378,,-11.0998
31.0404,-468.187,-32.4851,,-8.80573
31.0604,-483.315,-30.1682,,-6.43152
31.0804,-493.618,-27.1326,,-3.98278
31.1004,-498.989,-22.8404,,-1.50851
31.1205,-499.376,-16.1945,,1.00024
31.1402,-494.764,-5.82866,,3.47818
31.1602,-485.218,6.73364,,5.93852
31.1803,-470.821,17.4851,,8.33239
31.2003,-451.715,25.276,,10.6399
31.2203,-428.095,30.6656,,12.8498
31.2403,-400.203,34.2967,,14.9166
31.2603,-368.311,36.7382,,16.8512
31.2804,-332.741,38.3884,,18.6011
31.3004,-293.845,39.5414,,20.1822
31.3204,-252.013,40.3729,,21.5475
31.3404,-207.665,40.9602,,22.7074
31.3604,-161.238,41.3784,,23.635
31.3802,-113.203,41.6444,,24.3269
31.4002,-64.0357,41.804,,24.7765
31.4203,-14.2285,41.8663,,24.9787
31.4403,35.7203,41.8081,,24.9313
31.4603,85.3123,41.6493,,24.6346
31.4803,134.053,41.3936,,24.092
31.5003,181.452,41.0204,,23.3098
31.5204,227.042,40.5436,,22.2916
31.5404,270.359,39.9461,,21.0501
31.5604,310.974,39.2291,,19.6065
31.5804,348.483,38.3716,,17.9542
31.6004,382.511,37.3557,,16.1364
31.6205,412.725,36.1628,,14.1476
31.6402,438.799,34.7514,,12.0177
31.6602,460.499,33.038,,9.77211
31.6803,477.598,30.9357,,7.43096
31.7003,489.927,28.238,,5.0075
31.7203,497.355,24.571,,2.53748
31.7403,499.822,19.0836,,0.0509587
31.7603,497.288,10.3297,,-2.45503
31.7804,489.781,-1.8003,,-4.92233
31.8004,477.391,-13.6398,,-7.34063
31.8204,460.23,-22.6341,,-9.68885
31.8404,438.455,-28.9562,,-11.9508
31.8604,412.307,-33.2491,,-14.0725
31.8802,382.042,-36.1057,,-16.066
31.9002,347.957,-38.0545,,-17.8978
31.9203,310.408,-39.4054,,-19.5461
31.9403,269.741,-40.3431,,-21.0067
31.9603,226.385,-41.01,,-22.2532
31.9803,180.769,-41.4904,,-23.2722
32.0003,133.349,-41.8381,,-24.0703
32.0204,84.5896,-42.0536,,-24.6193
32.0404,34.9905,-42.1339,,-24.9249
32.0604,-14.9601,-42.1268,,-24.9815
32.0804,-64.7606,-42.0228,,-24.7878
32.1004,-113.913,-41.7994,,-24.3466
32.1205,-161.931,-41.4678,,-23.6648
32.1402,-208.332,-41.0473,,-22.7427
32.1602,-252.643,-40.5129,,-21.5934
32.1803,-294.44,-39.8391,,-20.2345
32.2003,-333.292,-39.0331,,-18.6641
32.2203,-368.809,-38.0956,,-16.9095
32.2403,-400.642,-36.9812,,-14.9937
32.2603,-428.479,-35.6576,,-12.924
32.2804,-452.033,-34.0745,,-10.7227
32.3004,-471.059,-32.1582,,-8.40356
32.3204,-485.381,-29.7453,,-6.02285
32.3404,-494.864,-26.5386,,-3.57543
32.3604,-499.407,-21.9545,,-1.08773
32.3802,-498.946,-14.7393,,1.42366
32.4002,-493.504,-3.76164,,3.89368
32.4203,-483.134,8.73777,,6.34072
32.4403,-467.933,18.9998,,8.72945
32.4603,-448.055,26.3645,,11.0186
32.4803,-423.7,31.4112,,13.2057
32.5003,-395.116,34.7949,,15.256
32.5204,-362.575,37.0888,,17.158
32.5404,-326.424,38.6501,,18.8818
32.5604,-287.003,39.7392,,20.4242
32.5804,-244.722,40.5085,,21.7598
32.6004,-199.989,41.067,,22.8783
32.6205,-153.258,41.4652,,23.7685
32.6402,-104.999,41.7192,,24.4189
32.6602,-55.6921,41.8491,,24.8275
32.6803,-5.82621,41.8872,,24.9884
32.7003,44.0978,41.824,,24.8989
32.7203,93.5801,41.6479,,24.5587
32.7403,142.127,41.3641,,23.9782
32.7603,189.257,40.9772,,23.154
32.7804,234.493,40.4862,,22.0989
32.8004,277.389,39.8649,,20.8236
32.8204,317.512,39.1161,,19.3403
32.8404,354.462,38.2404,,17.6642
32.8604,387.872,37.2091,,15.8056
32.8802,417.4,35.9723,,13.8009
32.9002,442.763,34.5011,,11.6506
32.9203,463.7,32.7448,,9.38557
32.9403,480.013,30.5675,,7.02589
32.9603,491.522,27.7321,,4.59504
32.9803,498.115,23.8205,,2.12203
33.0003,499.749,17.8992,,-0.374353
33.0204,496.372,8.48699,,-2.87022
33.0404,488.036,-3.92612,,-5.32843
33.0604,474.833,-15.3751,,-7.74944
33.0804,456.883,-23.8911,,-10.0746
33.1004,434.362,-29.8277,,-12.3114
33.1205,407.505,-33.8263,,-14.4213
33.1402,376.576,-36.5195,,-16.3837
33.1602,341.879,-38.3579,,-18.1884
33.1803,303.775,-39.6131,,-19.8088
33.2003,262.63,-40.497,,-21.2303
33.2203,218.862,-41.1397,,-22.44
33.2403,172.91,-41.6034,,-23.4248
33.2603,125.228,-41.9128,,-24.1784
33.2804,76.2966,-42.0988,,-24.6879
33.3004,26.6026,-42.1778,,-24.9522
33.3204,-23.3582,-42.1533,,-24.9659
33.3404,-73.0848,-42.0176,,-24.7303
33.3604,-122.078,-41.7871,,-24.2495
33.3802,-169.859,-41.4456,,-23.5255
33.4002,-215.939,-40.9962,,-22.564
33.4203,-259.86,-40.4353,,-21.3795
33.4403,-301.187,-39.7458,,-19.9848
33.4603,-339.5,-38.9252,,-18.3774
33.4803,-374.422,-37.954,,-16.6026
33.5003,-405.606,-36.7941,,-14.6515
33.5204,-432.734,-35.4395,,-12.5643
33.5404,-455.556,-33.8157,,-10.34
33.5604,-473.796,-31.8302,,-8.0098
33.5804,-487.321,-29.2976,,-5.62041
33.6004,-495.97,-25.9085,,-3.15178
33.6205,-499.675,-20.9921,,-0.665608
33.6402,-498.377,-13.1777,,1.83557
33.6602,-492.103,-1.65272,,4.31069
33.6803,-480.917,10.6805,,6.74928
33.7003,-464.902,20.4404,,9.12341
33.7203,-444.259,27.3759,,11.3922
33.7403,-419.184,32.1032,,13.5541
33.7603,-389.916,35.2797,,15.5886
33.7804,-356.744,37.4241,,17.4607
33.8004,-320.01,38.8914,,19.1581
33.8204,-280.086,39.9119,,20.6587
33.8404,-237.36,40.6464,,21.967
33.8604,-192.26,41.1823,,23.0439
33.8802,-145.24,41.5509,,23.8933
33.9002,-96.769,41.7786,,24.5067
33.9203,-47.3322,41.8977,,24.8711
33.9403,2.57787,41.9173,,24.9912
33.9603,52.4626,41.8368,,24.8593
33.9803,101.824,41.6456,,24.4798
34.0003,150.166,41.3376,,23.8541
34.0204,197.008,40.9346,,22.9908
34.0404,241.881,40.424,,21.9024
34.0604,284.343,39.7872,,20.5869
34.0804,323.954,39.0112,,19.0729
34.1004,360.334,38.1042,,17.3579
34.1205,393.11,37.0466,,15.484
34.1402,421.967,35.778,,13.4532
34.1602,446.603,34.2649,,11.2696
34.1803,466.775,32.4363,,8.99957
34.2003,482.289,30.1602,,6.62232
34.2203,492.982,27.1951,,4.18016
34.2403,498.744,23.0288,,1.70549
34.2603,499.526,16.6126,,-0.800102
34.2804,495.315,6.53682,,-3.28866
34.3004,486.16,-6.0189,,-5.73205
34.3204,472.144,-17.0239,,-8.14567
34.3404,453.41,-25.0682,,-10.4658
34.3604,430.14,-30.6438,,-12.6746
34.3802,402.573,-34.3892,,-14.7614
34.4002,370.99,-36.9091,,-16.698
34.4203,335.699,-38.627,,-18.4786
34.4403,297.05,-39.8177,,-20.0578
34.4603,255.441,-40.6587,,-21.4482
34.4803,211.277,-41.257,,-22.6215
34.5003,165.001,-41.687,,-23.5693
34.5204,117.076,-41.9888,,-24.2798
34.5404,67.9806,-42.1587,,-24.7507
34.5604,18.2065,-42.2153,,-24.9717
34.5804,-31.7493,-42.1669,,-24.9442
34.6004,-81.3882,-42.0189,,-24.6677
34.6205,-130.214,-41.7683,,-24.1428
34.6402,-177.738,-41.4112,,-23.3805
34.6602,-223.489,-40.9459,,-22.382
34.6803,-267.005,-40.361,,-21.1587
34.7003,-307.852,-39.6517,,-19.7262
34.7203,-345.621,-38.8043,,-18.0929
34.7403,-379.936,-37.8008,,-16.2823
34.7603,-410.453,-36.6165,,-14.3138
34.7804,-436.882,-35.2206,,-12.1935
34.8004,-458.935,-33.5388,,-9.95551
34.8204,-476.406,-31.4694,,-7.61601
34.8404,-489.119,-28.8242,,-5.20687
34.8604,-496.938,-25.2452,,-2.73401
34.8802,-499.808,-19.9523,,-0.248215
34.9002,-497.666,-11.4912,,2.25311
34.9203,-490.568,0.494669,,4.72326
34.9403,-478.551,12.5477,,7.15478
34.9603,-461.751,21.7988,,9.51225
34.9803,-440.351,28.3234,,11.7659
35.0003,-414.546,32.7637,,13.9084
35.0204,-384.598,35.7372,,15.9137
35.0404,-350.805,37.7389,,17.7592
35.0604,-313.5,39.1205,,19.4242
35.0804,-273.084,40.0928,,20.8946
35.1004,-229.927,40.7859,,22.1607
35.1205,-184.477,41.284,,23.2007
35.1402,-137.179,41.6288,,24.0164
35.1602,-88.5105,41.8405,,24.5831
35.1803,-38.9599,41.9447,,24.9102
35.2003,10.9812,41.9469,,24.9863
35.2203,60.813,41.8401,,24.8122
35.2403,110.039,41.6345,,24.3932
35.2603,158.16,41.3165,,23.7244
35.2804,204.706,40.8912,,22.8249
35.3004,249.199,40.3541,,21.6914
35.3204,291.209,39.7001,,20.3485
35.3404,330.306,38.9076,,18.7934
35.3604,366.103,37.9723,,17.0598
35.3802,398.247,36.8763,,15.1543
35.4002,426.416,35.5774,,13.0915
35.4203,450.307,34.0093,,10.8974
35.4403,469.716,32.1187,,8.60022
35.4603,484.417,29.7493,,6.21633
35.4803,494.296,26.6286,,3.77146
35.5003,499.224,22.1685,,1.28231
35.5204,499.17,15.2135,,-1.21528
35.5404,494.124,4.50213,,-3.70145
35.5604,484.136,-8.0681,,-6.15572
35.5804,469.319,-18.5909,,-8.53175
35.6004,449.807,-26.183,,-10.8432
35.6205,425.802,-31.4057,,-13.0349
35.6402,397.542,-34.9174,,-15.1023
35.6602,365.31,-37.2855,,-17.0062
35.6803,329.425,-38.8903,,-18.7628
35.7003,290.252,-40.0118,,-20.3035
35.7203,248.18,-40.8061,,-21.661
35.7403,203.63,-41.383,,-22.7952
35.7603,157.043,-41.7839,,-23.7081
35.7804,108.888,-42.0466,,-24.3748
35.8004,59.6454,-42.2104,,-24.8052
35.8204,9.80564,-42.2524,,-24.9845
35.8404,-40.1322,-42.188,,-24.9153
35.8604,-89.6683,-42.0171,,-24.5952
35.8802,-138.307,-41.7508,,-24.0333
35.9002,-185.568,-41.3799,,-23.2282
35.9203,-230.972,-40.8873,,-22.1891
35.9403,-274.066,-40.2785,,-20.9328
35.9603,-314.425,-39.5551,,-19.4649
35.9803,-351.642,-38.6857,,-17.8033
36.0003,-385.349,-37.649,,-15.9682
36.0204,-415.198,-36.429,,-13.96
36.0404,-440.903,-34.9873,,-11.8284
36.0604,-462.195,-33.2537,,-9.56889
36.0804,-478.884,-31.101,,-7.21462
36.1004,-490.779,-28.3338,,-4.79082
36.1205,-497.777,-24.535,,-2.3213
36.1402,-499.802,-18.8098,,0.177314
36.1602,-496.818,-9.6879,,2.6704
36.1803,-488.884,2.63071,,5.13728
36.2003,-476.059,14.3163,,7.55265
36.2203,-458.474,23.0953,,9.89853
36.2403,-436.319,29.2272,,12.1354
36.2603,-409.789,33.3705,,14.2575
36.2804,-379.174,36.1538,,16.2345
36.3004,-344.773,38.043,,18.0497
36.3204,-306.923,39.3455,,19.6858
36.3404,-266.009,40.2583,,21.1246
36.3604,-222.435,40.9176,,22.3518
36.3802,-176.636,41.391,,23.3576
36.4002,-129.077,41.7059,,24.1255
36.4203,-80.2276,41.9012,,24.6565
36.4403,-30.5761,41.985,,24.9399
36.4603,19.3817,41.9717,,24.9746
36.4803,69.1457,41.8533,,24.759
36.5003,118.219,41.6257,,24.296
36.5204,166.109,41.2891,,23.5905
36.5404,212.341,40.8415,,22.6515
36.5604,256.454,40.2879,,21.4804
36.5804,297.999,39.611,,20.1012
36.6004,336.571,38.792,,18.5151
36.6205,371.773,37.8385,,16.7499
36.6402,403.268,36.7033,,14.8127
36.6602,430.73,35.3594,,12.7322
36.6803,453.895,33.7538,,10.5252
36.7003,472.52,31.7967,,8.20312
36.7203,486.424,29.3137,,5.8042
36.7403,495.468,26.0162,,3.3548
36.7603,499.566,21.2439,,0.865613
36.7804,498.666,13.7112,,-1.6397
36.8004,492.783,2.40323,,-4.11392
36.8204,481.981,-10.0481,,-6.55841
36.8404,466.361,-20.0681,,-8.93089
36.8604,446.078,-27.2327,,-11.2197
36.8802,421.341,-32.1313,,-13.3916
36.9002,392.392,-35.4114,,-15.4309
36.9203,359.521,-37.6269,,-17.3166
36.9403,323.054,-39.1438,,-19.0328
36.9603,283.37,-40.2011,,-20.5466
36.9803,240.854,-40.9494,,-21.8666
37.0003,195.931,-41.4901,,-22.9657
37.0204,149.045,-41.8752,,-23.8373
37.0404,100.669,-42.1247,,-24.4654
37.0604,51.2929,-42.2562,,-24.852
37.0804,1.40216,-42.2817,,-24.9903
37.1004,-48.5026,-42.2016,,-24.8785
37.1205,-97.9226,-42.0201,,-24.5186
37.1402,-146.363,-41.7255,,-23.9135
37.1602,-193.343,-41.3339,,-23.0673
37.1803,-238.39,-40.8382,,-21.9966
37.2003,-281.057,-40.2104,,-20.7
37.2203,-320.912,-39.4409,,-19.1989
37.2403,-357.561,-38.5483,,-17.5044
37.2603,-390.642,-37.4964,,-15.6411
37.2804,-419.818,-36.2472,,-13.6129
37.3004,-444.799,-34.7435,,-11.4503
37.3204,-465.325,-32.947,,-9.18353
37.3404,-481.229,-30.7178,,-6.81316
37.3604,-492.303,-27.8149,,-4.38025
37.3802,-498.464,-23.7669,,-1.89691
37.4002,-499.644,-17.5696,,0.595931
37.4203,-495.834,-7.7819,,3.08483
37.4403,-487.067,4.75301,,5.55214
37.4603,-473.43,16.0142,,7.95029
37.4803,-455.072,24.3052,,10.2779
37.5003,-432.157,30.0727,,12.5072
37.5204,-404.924,33.9558,,14.6009
37.5404,-373.645,36.5572,,16.5481
37.5604,-338.646,38.3278,,18.3342
37.5804,-300.251,39.5557,,19.9482
37.6004,-258.858,40.4259,,21.3448
37.6205,-214.877,41.0444,,22.5376
37.6402,-168.749,41.487,,23.5034
37.6602,-120.941,41.7869,,24.2317
37.6803,-71.9202,41.9569,,24.7219
37.7003,-22.1838,42.029,,24.9628
37.7203,27.7762,41.9951,,24.9555
37.7403,77.4588,41.8578,,24.6987
37.7603,126.367,41.607,,24.1947
37.7804,174.01,41.2594,,23.4472
37.8004,219.919,40.7987,,22.4706
37.8204,263.631,40.2149,,21.2651
37.8404,304.704,39.5146,,19.8449
37.8604,342.732,38.6835,,18.2311
37.8802,377.343,37.6966,,16.4389
37.9002,408.175,36.5242,,14.4696
37.9203,434.934,35.1423,,12.3697
37.9403,457.349,33.4861,,10.1387
37.9603,475.196,31.4482,,7.81169
37.9803,488.292,28.8573,,5.39833
38.0003,496.505,25.3704,,2.92742
38.0204,499.757,20.2399,,0.446566
38.0404,498.024,12.0779,,-2.05199
38.0604,491.318,0.264464,,-4.53339
38.0804,479.687,-11.9475,,-6.96173
38.1004,463.267,-21.4746,,-9.32293
38.1205,442.219,-28.2134,,-11.5966
38.1402,416.751,-32.8063,,-13.7432
38.1602,387.128,-35.8826,,-15.7548
38.1803,353.634,-37.9541,,-17.6151
38.2003,316.607,-39.3789,,-19.3013
38.2203,276.408,-40.3854,,-20.786
38.2403,233.454,-41.0885,,-22.0688
38.2603,188.168,-41.5966,,-23.1289
38.2804,141.001,-41.9637,,-23.9572
38.3004,92.4263,-42.1956,,-24.5482
38.3204,42.9259,-42.311,,-24.8927
38.3404,-7.00156,-42.3125,,-24.9892
38.3604,-56.8604,-42.2155,,-24.8362
38.3802,-106.149,-42.0166,,-24.4321
38.4002,-154.379,-41.7051,,-23.7892
38.4203,-201.065,-41.2944,,-22.9034
38.4403,-245.745,-40.7706,,-21.7953
38.4603,-287.968,-40.125,,-20.461
38.4803,-327.314,-39.3458,,-18.9273
38.5003,-363.389,-38.4189,,-17.2037
38.5204,-395.828,-37.3268,,-15.3033
38.5404,-424.317,-36.0391,,-13.2641
38.5604,-448.57,-34.5026,,-11.0732
38.5804,-468.332,-32.6463,,-8.79265
38.6004,-483.433,-30.3197,,-6.41109
38.6205,-493.692,-27.2613,,-3.96206
38.6402,-499.01,-22.939,,-1.4864
38.6602,-499.356,-16.2285,,1.02363
38.6803,-494.701,-5.79474,,3.50316
38.7003,-485.115,6.82897,,5.95451
38.7203,-470.682,17.6259,,8.34672
38.7403,-451.531,25.4533,,10.6687
38.7603,-427.872,30.8632,,12.8639
38.7804,-399.942,34.4935,,14.9387
38.8004,-368.016,36.9378,,16.8672
38.8204,-332.413,38.6014,,18.6139
38.8404,-293.487,39.7551,,20.199
38.8604,-251.632,40.5814,,21.5581
38.8802,-207.264,41.1615,,22.7181
38.9002,-160.818,41.5756,,23.6429
38.9203,-112.767,41.8577,,24.3315
38.9403,-63.5945,42.0194,,24.7788
38.9603,-13.7849,42.0637,,24.9795
38.9803,36.1632,42.008,,24.9293
39.0003,85.7497,41.8576,,24.6317
39.0204,134.481,41.6034,,24.0855
39.0404,181.866,41.2263,,23.3015
39.0604,227.436,40.7355,,22.2819
39.0804,270.732,40.1389,,21.0403
39.1004,311.326,39.4277,,19.5912
39.1205,348.807,38.5618,,17.9392
39.1402,382.792,37.5391,,16.1148
39.1602,412.967,36.3386,,14.1295
39.1803,439.012,34.9237,,11.9991
39.2003,460.676,33.2087,,9.75704
39.2203,477.729,31.0906,,7.40509
39.2403,490.016,28.3699,,4.98942
39.2603,497.397,24.6766,,2.51202
39.2804,499.815,19.1525,,0.0259343
39.3004,497.243,10.3275,,-2.46972
39.3204,489.697,-1.8823,,-4.9477
39.3404,477.255,-13.7736,,-7.36378
39.3604,460.046,-22.8037,,-9.71275
39.3802,438.24,-29.1482,,-11.9621
39.4002,412.056,-33.4442,,-14.0947
39.4203,381.759,-36.3209,,-16.078
39.4403,347.644,-38.2717,,-17.9172
39.4603,310.058,-39.6173,,-19.5595
39.4803,269.369,-40.5489,,-21.0181
39.5003,225.989,-41.2175,,-22.262
39.5204,180.355,-41.7101,,-23.2847
39.5404,132.917,-42.0495,,-24.0741
39.5604,84.1544,-42.2555,,-24.6225
39.5804,34.5476,-42.3502,,-24.927
39.6004,-15.404,-42.3381,,-24.9804
39.6205,-65.2012,-42.2241,,-24.7857
39.6402,-114.347,-42.009,,-24.3405
39.6602,-162.35,-41.6842,,-23.6581
39.6803,-208.73,-41.2478,,-22.7307
39.7003,-253.026,-40.7065,,-21.5841
39.7203,-294.795,-40.0437,,-20.219
39.7403,-333.617,-39.232,,-18.6475
39.7603,-369.105,-38.2809,,-16.8983
39.7804,-400.901,-37.161,,-14.9737
39.8004,-428.7,-35.8398,,-12.8993
39.8204,-452.208,-34.2515,,-10.7033
39.8404,-471.207,-32.3158,,-8.3931
39.8604,-485.493,-29.8905,,-6.00011
39.8802,-494.921,-26.6715,,-3.54569
39.9002,-499.422,-22.0479,,-1.07325
39.9203,-498.923,-14.7703,,1.44591
39.9403,-493.43,-3.7087,,3.91848
39.9603,-483.02,8.85063,,6.36105
39.9803,-467.786,19.1442,,8.74267
40.0003,-447.86,26.5369,,11.048
40.0204,-423.466,31.6151,,13.2244
40.0404,-394.839,35.0149,,15.2695
40.0604,-362.272,37.293,,17.1746
40.0804,-326.093,38.8574,,18.8968
40.1004,-286.639,39.9534,,20.4402
40.1205,-244.33,40.7295,,21.7689
40.1402,-199.583,41.2769,,22.8867
40.1602,-152.839,41.6734,,23.7741
40.1803,-104.567,41.9327,,24.4243
40.2003,-55.2517,42.0655,,24.8309
40.2203,-5.38216,42.0985,,24.9887
40.2403,44.5401,42.032,,24.8973
40.2603,94.0167,41.8599,,24.5553
40.2804,142.555,41.5778,,23.9711
40.3004,189.667,41.1893,,23.1441
40.3204,234.887,40.6829,,22.0892
40.3404,277.758,40.0649,,20.8113
40.3604,317.853,39.3242,,19.325
40.3802,354.776,38.4415,,17.6487
40.4002,388.15,37.3882,,15.7944
40.4203,417.649,36.1502,,13.7772
40.4403,442.968,34.6906,,11.6301
40.4603,463.868,32.917,,9.36514
40.4803,480.129,30.709,,7.004
40.5003,491.593,27.8653,,4.57253
40.5204,498.154,23.9422,,2.10049
40.5404,499.735,17.964,,-0.395309
40.5604,496.317,8.46037,,-2.8901
40.5804,487.948,-4.01924,,-5.3556
40.6004,474.69,-15.506,,-7.76537
40.6205,456.691,-24.0595,,-10.1001
40.6402,434.138,-30.0219,,-12.328
40.6602,407.25,-34.0477,,-14.4365
40.6803,376.28,-36.7372,,-16.4023
40.7003,341.558,-38.5623,,-18.203
40.7203,303.417,-39.8303,,-19.8227
40.7403,262.251,-40.7187,,-21.2411
40.7603,218.465,-41.36,,-22.4498
40.7804,172.492,-41.8096,,-23.4354
40.8004,124.796,-42.1241,,-24.1827
40.8204,75.8577,-42.3187,,-24.6903
40.8404,26.159,-42.3965,,-24.9535
40.8604,-23.8016,-42.3657,,-24.9653
40.8802,-73.5237,-42.2367,,-24.7278
40.9002,-122.514,-41.9948,,-24.2444
40.9203,-170.276,-41.6561,,-23.5161
40.9403,-216.337,-41.2077,,-22.5551
40.9603,-260.238,-40.6449,,-21.3684
40.9803,-301.537,-39.946,,-19.9657
41.0003,-339.823,-39.12,,-18.3677
41.0204,-374.718,-38.15,,-16.588
41.0404,-405.869,-36.99,,-14.636
41.0604,-432.967,-35.6192,,-12.5414
41.0804,-455.73,-33.9879,,-10.3165
41.1004,-473.939,-31.9901,,-7.99858
41.1205,-487.426,-29.4441,,-5.59007
41.1402,-496.028,-26.0391,,-3.13091
41.1602,-499.683,-21.0818,,-0.643103
41.1803,-498.346,-13.202,,1.85205
41.2003,-492.024,-1.58519,,4.33676
41.2203,-480.791,10.8049,,6.77043
41.2403,-464.754,20.5968,,9.13606
41.2603,-444.062,27.5562,,11.4202
41.2804,-418.939,32.3188,,13.5775
41.3004,-389.63,35.4994,,15.6071
41.3204,-356.434,37.6368,,17.4692
41.3404,-319.668,39.1042,,19.1756
41.3604,-279.716,40.1368,,20.6734
41.3802,-236.967,40.8788,,21.9745
41.4002,-191.85,41.3955,,23.0493
41.4203,-144.817,41.7642,,23.9018
41.4403,-96.3349,41.9953,,24.5113
41.4603,-46.8901,42.1192,,24.8745
41.4803,3.02203,42.1353,,24.9907
41.5003,52.9039,42.0481,,24.8565
41.5204,102.258,41.8592,,24.4751
41.5404,150.588,41.5551,,23.8487
41.5604,197.416,41.15,,22.9829
41.5804,242.271,40.6279,,21.8884
41.6004,284.705,39.9852,,20.5788
41.6205,324.298,39.217,,19.0536
41.6402,360.646,38.3109,,17.3532
41.6602,393.395,37.2358,,15.4627
41.6803,422.207,35.9588,,13.4241
41.7003,446.797,34.4408,,11.2551
41.7203,466.934,32.6134,,8.97871
41.7403,482.394,30.3224,,6.592
41.7603,493.045,27.3274,,4.1671
41.7804,498.771,23.1313,,1.68628
41.8004,499.523,16.673,,-0.821792
41.8204,495.256,6.50177,,-3.31124
41.8404,486.06,-6.12589,,-5.75761
41.8604,471.996,-17.1699,,-8.17678
41.8802,453.213,-25.2468,,-10.4742
41.9002,429.914,-30.844,,-12.6921
41.9203,402.314,-34.6068,,-14.7821
41.9403,370.69,-37.1306,,-16.7147
41.9603,335.368,-38.8531,,-18.4938
41.9803,296.694,-40.0392,,-20.0679
42.0003,255.06,-40.8752,,-21.4619
42.0204,210.872,-41.4817,,-22.6302
42.0404,164.581,-41.9105,,-23.5772
42.0604,116.643,-42.2094,,-24.2848
42.0804,67.5417,-42.3775,,-24.7534
42.1004,17.7628,-42.4375,,-24.9723
42.1205,-32.192,-42.3879,,-24.9428
42.1402,-81.8254,-42.2395,,-24.6639
42.1602,-130.641,-41.9868,,-24.1376
42.1803,-178.152,-41.6275,,-23.3711
42.2003,-223.883,-41.1546,,-22.3723
42.2203,-267.377,-40.5706,,-21.1477
42.2403,-308.202,-39.8592,,-19.7129
42.2603,-345.944,-39.0058,,-18.086
42.2804,-380.234,-38,,-16.2643
42.3004,-410.72,-36.8126,,-14.2888
42.3204,-437.099,-35.4073,,-12.1765
42.3404,-459.121,-33.7126,,-9.93599
42.3604,-476.543,-31.635,,-7.59547
42.3802,-489.215,-28.9835,,-5.18549
42.4002,-496.998,-25.3784,,-2.71068
42.4203,-499.81,-20.0288,,-0.223592
42.4403,-497.627,-11.4972,,2.27543
42.4603,-490.477,0.562504,,4.74758
42.4803,-478.424,12.6681,,7.17279
42.5003,-461.595,21.9642,,9.5294
42.5204,-440.139,28.5204,,11.7886
42.5404,-414.299,32.9771,,13.9261
42.5604,-384.315,35.9482,,15.9317
42.5804,-350.495,37.9564,,17.7727
42.6004,-313.15,39.3431,,19.441
42.6205,-272.712,40.3163,,20.9068
42.6402,-229.534,41.0058,,22.1704
42.6602,-184.061,41.5001,,23.2112
42.6803,-136.752,41.8513,,24.0205
42.7003,-88.0739,42.0651,,24.5885
42.7203,-38.5168,42.1617,,24.9113
42.7403,11.4253,42.1618,,24.9858
42.7603,61.2531,42.0654,,24.8096
42.7804,110.469,41.8565,,24.3868
42.8004,158.581,41.5267,,23.7194
42.8204,205.107,41.1025,,22.8132
42.8404,249.586,40.5702,,21.6849
42.8604,291.571,39.9086,,20.3321
42.8802,330.643,39.1135,,18.7845
42.9002,366.407,38.1724,,17.0415
42.9203,398.516,37.0669,,15.133
42.9403,426.642,35.7591,,13.0722
42.9603,450.496,34.1938,,10.8698
42.9803,469.854,32.2937,,8.58525
43.0003,484.532,29.9022,,6.20042
43.0204,494.357,26.76,,3.74128
43.0404,499.244,22.2744,,1.26627
43.0604,499.142,15.2609,,-1.23945
43.0804,494.052,4.44901,,-3.72494
43.1004,484.027,-8.17602,,-6.17289
43.1205,469.16,-18.74,,-8.5656
43.1402,449.611,-26.3667,,-10.8526
43.1602,425.568,-31.6208,,-13.0565
43.1803,397.269,-35.1404,,-15.1168
43.2003,365.001,-37.5035,,-17.0289
43.2203,329.089,-39.1181,,-18.7683
43.2403,289.89,-40.2379,,-20.3179
43.2603,247.799,-41.0329,,-21.6714
43.2804,203.224,-41.6018,,-22.8084
43.3004,156.621,-42.0074,,-23.7107
43.3204,108.455,-42.281,,-24.3819
43.3404,59.2039,-42.4344,,-24.8072
43.3604,9.36171,-42.4751,,-24.9849
43.3802,-40.5744,-42.4083,,-24.9132
43.4002,-90.1051,-42.239,,-24.5924
43.4203,-138.736,-41.9717,,-24.0267
43.4403,-185.981,-41.5878,,-23.2194
43.4603,-231.365,-41.107,,-22.181
43.4803,-274.444,-40.5027,,-20.9205
43.5003,-314.771,-39.7609,,-19.4504
43.5204,-351.956,-38.8837,,-17.788
43.5404,-385.63,-37.8446,,-15.9493
43.5604,-415.448,-36.6305,,-13.9444
43.5804,-441.112,-35.1776,,-11.804
43.6004,-462.376,-33.4292,,-9.55082
43.6205,-479.015,-31.2655,,-7.19608
43.6402,-490.863,-28.484,,-4.76731
43.6602,-497.814,-24.6673,,-2.29393
43.6803,-499.787,-18.8875,,0.196525
43.7003,-496.773,-9.67702,,2.68772
43.7203,-488.792,2.72421,,5.16535
43.7403,-475.92,14.4459,,7.57265
43.7603,-458.299,23.2565,,9.91725
43.7804,-436.1,29.4349,,12.1549
43.8004,-409.533,33.5975,,14.2778
43.8204,-378.884,36.3706,,16.2492
43.8404,-344.449,38.2673,,18.0692
43.8604,-306.574,39.574,,19.6966
43.8802,-265.629,40.4869,,21.1359
43.9002,-222.038,41.1357,,22.361
43.9203,-176.224,41.6105,,23.3635
43.9403,-128.65,41.9351,,24.1335
43.9603,-79.7879,42.1218,,24.6608
43.9803,-30.1326,42.211,,24.9405
44.0003,19.8251,42.1969,,24.9731
44.0204,69.5847,42.0732,,24.757
44.0404,118.65,41.8393,,24.2892
44.0604,166.527,41.5093,,23.5847
44.0804,212.745,41.0612,,22.6413
44.1004,256.834,40.4994,,21.4699
44.1205,298.355,39.8174,,20.086
44.1402,336.894,39.006,,18.5011
44.1602,372.076,38.0389,,16.7346
44.1803,403.534,36.8966,,14.7978
44.2003,430.964,35.5462,,12.7133
44.2203,454.074,33.9389,,10.4929
44.2403,472.663,31.9664,,8.18893
44.2603,486.519,29.4688,,5.78261
44.2804,495.526,26.1493,,3.33401
44.3004,499.578,21.3428,,0.841682
44.3204,498.634,13.7401,,-1.6572
44.3404,492.706,2.34489,,-4.14025
44.3604,481.863,-10.1701,,-6.57649
44.3802,466.2,-20.2336,,-8.95436
44.4002,445.87,-27.42,,-11.2422
44.4203,421.1,-32.3439,,-13.4011
44.4403,392.119,-35.6404,,-15.4543
44.4603,359.207,-37.8557,,-17.3323
44.4803,322.729,-39.3707,,-19.0398
44.5003,283.006,-40.4254,,-20.5666
44.5204,240.463,-41.1787,,-21.8785
44.5404,195.518,-41.7189,,-22.9736
44.5604,148.62,-42.099,,-23.8416
44.5804,100.237,-42.3582,,-24.4709
44.6004,50.8516,-42.4852,,-24.8547
44.6205,0.957929,-42.5056,,-24.9904
44.6402,-48.9445,-42.4333,,-24.8765
44.6602,-98.3591,-42.2503,,-24.5156
44.6803,-146.79,-41.9542,,-23.9046
44.7003,-193.752,-41.552,,-23.0601
44.7203,-238.779,-41.0568,,-21.9864
44.7403,-281.425,-40.4282,,-20.6862
44.7603,-321.253,-39.6643,,-19.1838
44.7804,-357.871,-38.7557,,-17.4946
44.8004,-390.918,-37.6989,,-15.615
44.8204,-420.056,-36.4377,,-13.5975
44.8404,-445.005,-34.9377,,-11.4383
44.8604,-465.504,-33.1374,,-9.15622
44.8802,-481.348,-30.883,,-6.79547
44.9002,-492.378,-27.9598,,-4.35191
44.9203,-498.495,-23.8846,,-1.88105
44.9403,-499.634,-17.6488,,0.621398
44.9603,-495.775,-7.7624,,3.10156
44.9803,-486.975,4.85609,,5.57222
45.0003,-473.291,16.148,,7.98194
45.0204,-454.881,24.4831,,10.2974
45.0404,-431.931,30.2804,,12.5236
45.0604,-404.658,34.1827,,14.6206
45.0804,-373.353,36.7808,,16.5654
45.1004,-338.314,38.5498,,18.3499
45.1205,-299.898,39.7829,,19.9573
45.1402,-258.479,40.65,,21.3575
45.1602,-214.475,41.2727,,22.548
45.1803,-168.335,41.7128,,23.5096
45.2003,-120.509,42.0088,,24.2382
45.2203,-71.4821,42.1899,,24.7244
45.2403,-21.7398,42.2606,,24.9644
45.2603,28.2194,42.2236,,24.9538
45.2804,77.8971,42.0747,,24.6954
45.3004,126.793,41.835,,24.1876
45.3204,174.429,41.4885,,23.4438
45.3404,220.317,41.0139,,22.4582
45.3604,264.007,40.4294,,21.2538
45.3802,305.057,39.7335,,19.8336
45.4002,343.062,38.8915,,18.2186
45.4203,377.633,37.8924,,16.4179
45.4403,408.439,36.7218,,14.4568
45.4603,435.158,35.3392,,12.347
45.4803,457.524,33.6657,,10.1141
45.5003,475.33,31.6181,,7.79001
45.5204,488.382,29.0145,,5.37269
45.5404,496.549,25.5005,,2.91239
45.5604,499.766,20.3299,,0.423249
45.5804,497.982,12.0918,,-2.07976
45.6004,491.22,0.192802,,-4.5505
45.6205,479.567,-12.0793,,-6.9787
45.6402,463.106,-21.639,,-9.34523
45.6602,442.012,-28.4165,,-11.6145
45.6803,416.513,-33.0336,,-13.7599
45.7003,386.849,-36.1053,,-15.778
45.7203,353.317,-38.1858,,-17.6334
45.7403,316.27,-39.6135,,-19.3065
45.7603,276.039,-40.6127,,-20.8055
45.7804,233.065,-41.3197,,-22.0765
45.8004,187.756,-41.8258,,-23.1379
45.8204,140.574,-42.1955,,-23.9645
45.8404,91.9898,-42.4262,,-24.5514
45.8604,42.484,-42.5353,,-24.8952
45.8802,-7.44562,-42.5407,,-24.9888
45.9002,-57.3005,-42.4452,,-24.8322
45.9203,-106.583,-42.2416,,-24.4309
45.9403,-154.802,-41.9333,,-23.779
45.9603,-201.473,-41.5211,,-22.8969
45.9803,-246.13,-40.992,,-21.7812
46.0003,-288.33,-40.3378,,-20.4491
46.0204,-327.644,-39.5571,,-18.9137
46.0404,-363.694,-38.6296,,-17.1875
46.0604,-396.104,-37.5324,,-15.2893
46.0804,-424.554,-36.2376,,-13.2406
46.1004,-448.768,-34.6977,,-11.0665
46.1205,-468.496,-32.824,,-8.75926
46.1402,-483.535,-30.4793,,-6.38459
46.1602,-493.75,-27.4063,,-3.9437
46.1803,-499.035,-23.0519,,-1.46121
46.2003,-499.334,-16.2841,,1.03854
46.2203,-494.638,-5.74882,,3.52617
46.2403,-485.008,6.93741,,5.9792
46.2603,-470.518,17.7737,,8.37866
46.2804,-451.334,25.6478,,10.6746
46.3004,-427.645,31.0826,,12.8822
46.3204,-399.675,34.7193,,14.9596
46.3404,-367.718,37.1732,,16.8779
46.3604,-332.084,38.8352,,18.6361
46.3802,-293.125,39.9866,,20.2097
46.4002,-251.243,40.8064,,21.5724
46.4203,-206.853,41.3987,,22.7231
46.4403,-160.395,41.8171,,23.6492
46.4603,-112.338,42.0873,,24.3362
46.4803,-63.154,42.2415,,24.7834
46.5003,-13.3409,42.3017,,24.9794
46.5204,36.6062,42.245,,24.9287
46.5404,86.1869,42.0836,,24.6259
46.5604,134.908,41.8226,,24.0817
46.5804,182.279,41.4505,,23.2885
46.6004,227.828,40.9637,,22.2758
46.6205,271.105,40.3619,,21.0301
46.6402,311.673,39.6359,,19.5749
46.6602,349.118,38.7692,,17.9201
46.6803,383.089,37.7523,,16.1079
46.7003,413.22,36.5469,,14.1082
46.7203,439.228,35.1121,,11.9772
46.7403,460.845,33.3847,,9.74072
46.7603,477.866,31.264,,7.37682
46.7804,490.1,28.5377,,4.97184
46.8004,497.45,24.8045,,2.49241
46.8204,499.821,19.2307,,3.87E-03
46.8404,497.196,10.3323,,-2.50015
46.8604,489.605,-1.96097,,-4.96321
46.8802,477.124,-13.9125,,-7.38682
46.9002,459.872,-22.981,,-9.73664
46.9203,438.028,-29.3486,,-11.9773
46.9403,411.801,-33.6673,,-14.1118
46.9603,381.472,-36.5551,,-16.1018
46.9803,347.329,-38.4992,,-17.9197
47.0003,309.711,-39.8374,,-19.583
47.0204,268.993,-40.7832,,-21.0301
47.0404,225.594,-41.4599,,-22.271
47.0604,179.942,-41.944,,-23.2922
47.0804,132.492,-42.2758,,-24.0798
47.1004,83.7152,-42.4864,,-24.6273
47.1205,34.1042,-42.5848,,-24.9282
47.1402,-15.8474,-42.5719,,-24.98
47.1602,-65.6419,-42.4568,,-24.7828
47.1803,-114.781,-42.2311,,-24.3375
47.2003,-162.769,-41.9103,,-23.6459
47.2203,-209.136,-41.4847,,-22.7274
47.2403,-253.412,-40.9291,,-21.5698
47.2603,-295.15,-40.2535,,-20.2025
47.2804,-333.945,-39.4504,,-18.6399
47.3004,-369.408,-38.4966,,-16.8817
47.3204,-401.172,-37.3661,,-14.9515
47.3404,-428.928,-36.0307,,-12.8814
47.3604,-452.401,-34.4463,,-10.6829
47.3802,-471.352,-32.5037,,-8.37045
47.4002,-485.597,-30.0529,,-5.98272
47.4203,-494.991,-26.8097,,-3.52644
47.4403,-499.442,-22.1555,,-1.04112
47.4603,-498.89,-14.8149,,1.46586
47.4803,-493.358,-3.65849,,3.93596
47.5003,-482.91,8.96563,,6.38469
47.5204,-467.61,19.3089,,8.77549
47.5404,-447.658,26.7386,,11.0556
47.5604,-423.228,31.8343,,13.2377
47.5804,-394.571,35.2438,,15.2904
47.6004,-361.973,37.5357,,17.1909
47.6205,-325.752,39.0955,,18.9147
47.6402,-286.279,40.1841,,20.4486
47.6602,-243.948,40.9589,,21.7797
47.6803,-199.177,41.5154,,22.8985
47.7003,-152.415,41.9121,,23.7818
47.7203,-104.132,42.1677,,24.4287
47.7403,-54.81,42.302,,24.833
47.7603,-4.93835,42.3319,,24.9888
47.7804,44.9817,42.2672,,24.8945
47.8004,94.452,42.0957,,24.5521
47.8204,142.981,41.8053,,23.9656
47.8404,190.079,41.4134,,23.1362
47.8604,235.282,40.9126,,22.0796
47.8802,278.128,40.2921,,20.7984
47.9002,318.197,39.5439,,19.3102
47.9203,355.084,38.6462,,17.629
47.9403,388.427,37.6002,,15.7793
47.9603,417.891,36.3602,,13.7604
47.9803,443.173,34.8789,,11.6112
48.0003,464.034,33.0942,,9.34406
48.0204,480.256,30.892,,6.98288
48.0404,491.683,28.0282,,4.55334
48.0604,498.188,24.0583,,2.07591
48.0804,499.723,18.0338,,-0.422353
48.1004,496.262,8.45553,,-2.91107
48.1205,487.845,-4.111,,-5.3745
48.1402,474.56,-15.6569,,-7.78295
48.1602,456.524,-24.2422,,-10.1201
48.1803,433.917,-30.233,,-12.3534
48.2003,406.984,-34.2654,,-14.4541
48.2203,375.984,-36.9688,,-16.4206
48.2403,341.234,-38.7988,,-18.2179
48.2603,303.064,-40.0627,,-19.8333
48.2804,261.874,-40.9502,,-21.2516
48.3004,218.066,-41.586,,-22.4602
48.3204,172.074,-42.0458,,-23.4448
48.3404,124.369,-42.3597,,-24.1859
48.3604,75.4206,-42.5501,,-24.6948
48.3802,25.7154,-42.6308,,-24.9551
48.4002,-24.2448,-42.5998,,-24.9639
48.4203,-73.9646,-42.464,,-24.7266
48.4403,-122.942,-42.2261,,-24.2364
48.4603,-170.692,-41.8831,,-23.5093
48.4803,-216.735,-41.4302,,-22.545
48.5003,-260.618,-40.8582,,-21.3565
48.5204,-301.892,-40.1693,,-19.9568
48.5404,-340.153,-39.3411,,-18.3534
48.5604,-375.016,-38.3525,,-16.5683
48.5804,-406.124,-37.1927,,-14.6126
48.6004,-433.18,-35.8232,,-12.5228
48.6205,-455.898,-34.178,,-10.2929
48.6402,-474.083,-32.1572,,-7.98503
48.6602,-487.52,-29.6108,,-5.56704
48.6803,-496.079,-26.1878,,-3.10738
48.7003,-499.693,-21.1835,,-0.625158
48.7203,-498.307,-13.2213,,1.87877
48.7403,-491.949,-1.51521,,4.35377
48.7603,-480.67,10.9226,,6.79637
48.7804,-464.572,20.7598,,9.16379
48.8004,-443.857,27.7659,,11.4315
48.8204,-418.693,32.5428,,13.5943
48.8404,-389.359,35.7307,,15.6206
48.8604,-356.123,37.8696,,17.4933
48.8802,-319.322,39.3386,,19.1875
48.9002,-279.348,40.3796,,20.6844
48.9203,-236.576,41.1079,,21.9838
48.9403,-191.441,41.6284,,23.0609
48.9603,-144.391,41.9997,,23.9085
48.9803,-95.898,42.2368,,24.514
49.0003,-46.4482,42.3502,,24.8762
49.0204,3.46589,42.3685,,24.991
49.0404,53.345,42.2846,,24.8542
49.0604,102.689,42.0929,,24.4687
49.0804,151.011,41.7875,,23.8439
49.1004,197.827,41.373,,22.9736
49.1205,242.658,40.8534,,21.8792
49.1402,285.069,40.2112,,20.5644
49.1602,324.631,39.4346,,19.0376
49.1803,360.947,38.5203,,17.3338
49.2003,393.663,37.4395,,15.4475
49.2203,422.441,36.1654,,13.4118
49.2403,447.001,34.6424,,11.2338
49.2603,467.091,32.789,,8.95488
49.2804,482.512,30.4901,,6.57653
49.3004,493.12,27.4872,,4.14024
49.3204,498.802,23.2584,,1.66162
49.3404,499.495,16.725,,-0.840487
49.3604,495.198,6.4756,,-3.33114
49.3802,485.951,-6.2274,,-5.78682
49.4002,471.852,-17.3172,,-8.18032
49.4203,453.035,-25.4351,,-10.5038
49.4403,429.69,-31.065,,-12.714
49.4603,402.053,-34.8361,,-14.7976
49.4803,370.399,-37.3599,,-16.7336
49.5003,335.034,-39.0813,,-18.5142
49.5204,296.334,-40.2755,,-20.0754
49.5404,254.681,-41.1081,,-21.4714
49.5604,210.473,-41.7148,,-22.6409
49.5804,164.161,-42.1457,,-23.5854
49.6004,116.213,-42.4328,,-24.2888
49.6205,67.1019,-42.6138,,-24.7574
49.6402,17.3195,-42.6737,,-24.9734
49.6602,-32.6354,-42.6206,,-24.9414
49.6803,-82.2643,-42.4655,,-24.6603
49.7003,-131.071,-42.2127,,-24.1316
49.7203,-178.568,-41.8591,,-23.3666
49.7403,-224.282,-41.38,,-22.3581
49.7603,-267.75,-40.7938,,-21.1353
49.7804,-308.55,-40.0803,,-19.7029
49.8004,-346.268,-39.2182,,-18.0652
49.8204,-380.512,-38.2113,,-16.2455
49.8404,-410.972,-37.0165,,-14.2788
49.8604,-437.315,-35.6001,,-12.155
49.8802,-459.286,-33.9044,,-9.912
49.9002,-476.676,-31.8104,,-7.57638
49.9203,-489.301,-29.139,,-5.15868
49.9403,-497.036,-25.5067,,-2.6943
49.9603,-499.812,-20.1239,,-0.199262
49.9803,-497.584,-11.5108,,2.29421
50.0003,-490.392,0.649265,,4.77266
50.0204,-478.296,12.8067,,7.19188
50.0404,-461.423,22.1412,,9.55094
50.0604,-439.934,28.7319,,11.8038
50.0804,-414.057,33.2064,,13.9479
50.1004,-384.035,36.1895,,15.9482
50.1205,-350.176,38.1954,,17.7896
50.1402,-312.823,39.5765,,19.4525
50.1602,-272.342,40.5562,,20.9182
50.1803,-229.141,41.2485,,22.1839
50.2003,-183.649,41.7428,,23.2192
50.2203,-136.325,42.0801,,24.0244
50.2403,-87.6378,42.2984,,24.5939
50.2603,-38.0748,42.407,,24.9135
50.2804,11.8691,42.3996,,24.9851
50.3004,61.6936,42.2888,,24.8067
50.3204,110.901,42.0863,,24.3821
50.3404,159.004,41.7674,,23.7135
50.3604,205.514,41.3349,,22.8041
50.3802,249.974,40.7874,,21.6746
50.4002,291.931,40.125,,20.3155
50.4203,330.977,39.3329,,18.7744
50.4403,366.717,38.3889,,17.0254
50.4603,398.788,37.2749,,15.1133
50.4803,426.872,35.9615,,13.0527
50.5003,450.695,34.3898,,10.8627
50.5204,470.018,32.4725,,8.55763
50.5404,484.639,30.0717,,6.16604
50.5604,494.429,26.9067,,3.73496
50.5804,499.27,22.3871,,1.23647
50.6004,499.119,15.3121,,-1.26588
50.6205,493.985,4.40738,,-3.74012
50.6402,483.918,-8.29582,,-6.19396
50.6602,469.016,-18.896,,-8.58103
50.6803,449.415,-26.562,,-10.8855
50.7003,425.332,-31.8456,,-13.0716
50.7203,396.998,-35.3741,,-15.1354
50.7403,364.702,-37.7343,,-17.0399
50.7603,328.762,-39.3485,,-18.7805
50.7804,289.533,-40.4738,,-20.3374
50.8004,247.412,-41.271,,-21.6818
50.8204,202.821,-41.8366,,-22.8161
50.8404,156.203,-42.2467,,-23.7194
50.8604,108.023,-42.5153,,-24.3872
50.8802,58.7641,-42.6694,,-24.8095
50.9002,8.9184,-42.7117,,-24.9859
50.9203,-41.017,-42.6497,,-24.9122
50.9403,-90.5418,-42.4745,,-24.5885
50.9603,-139.164,-42.2018,,-24.0208
50.9803,-186.393,-41.8262,,-23.2107
51.0003,-231.759,-41.3359,,-22.1689
51.0204,-274.811,-40.7264,,-20.9113
51.0404,-315.115,-39.9785,,-19.4345
51.0604,-352.273,-39.0983,,-17.7742
51.0804,-385.917,-38.0653,,-15.9338
51.1004,-415.699,-36.837,,-13.9233
51.1205,-441.321,-35.3731,,-11.7847
51.1402,-462.533,-33.6141,,-9.52817
51.1602,-479.136,-31.4472,,-7.17397
51.1803,-490.95,-28.6491,,-4.74819
51.2003,-497.854,-24.787,,-2.27637
51.2203,-499.795,-18.9596,,0.222201
51.2403,-496.724,-9.68433,,2.70877
51.2603,-488.698,2.80514,,5.18728
51.2804,-475.788,14.5994,,7.59435
51.3004,-458.134,23.4507,,9.9347
51.3204,-435.88,29.6405,,12.1812
51.3404,-409.281,33.8208,,14.2909
51.3604,-378.595,36.6243,,16.2694
51.3802,-344.129,38.5071,,18.0801
51.4002,-306.225,39.7965,,19.7132
51.4203,-265.254,40.7218,,21.1482
51.4403,-221.639,41.3845,,22.3729
51.4603,-175.81,41.8504,,23.3693
51.4803,-128.22,42.1683,,24.1391
51.5003,-79.3518,42.3658,,24.664
51.5204,-29.6899,42.4497,,24.9431
51.5404,20.2686,42.4251,,24.9729
51.5604,70.0242,42.3095,,24.7522
51.5804,119.079,42.0809,,24.2857
51.6004,166.947,41.7408,,23.5774
51.6205,213.144,41.2877,,22.6291
51.6402,257.213,40.7276,,21.4597
51.6602,298.711,40.0424,,20.0744
51.6803,337.229,39.2262,,18.4883
51.7003,372.375,38.2499,,16.7171
51.7203,403.796,37.1062,,14.7768
51.7403,431.183,35.7554,,12.6935
51.7603,454.272,34.1277,,10.4833
51.7804,472.813,32.1464,,8.16066
51.8004,486.627,29.6388,,5.76097
51.8204,495.579,26.2926,,3.30948
51.8404,499.595,21.4474,,0.826754
51.8604,498.611,13.771,,-1.68475
51.8802,492.637,2.29287,,-4.16039
51.9002,481.745,-10.2825,,-6.60065
51.9203,466.04,-20.4062,,-8.97563
51.9403,445.677,-27.6255,,-11.2564
51.9603,420.857,-32.5672,,-13.4318
51.9803,391.839,-35.8629,,-15.4644
52.0003,358.899,-38.0906,,-17.3505
52.0204,322.385,-39.6139,,-19.0507
52.0404,282.642,-40.6566,,-20.5792
52.0604,240.076,-41.4094,,-21.8898
52.0804,195.11,-41.9553,,-22.9826
52.1004,148.198,-42.3375,,-23.8465
52.1205,99.8021,-42.591,,-24.4785
52.1402,50.4092,-42.7208,,-24.8561
52.1602,0.514048,-42.7453,,-24.9903
52.1803,-49.386,-42.664,,-24.8742
52.2003,-98.7932,-42.4763,,-24.5098
52.2203,-147.213,-42.182,,-23.8996
52.2403,-194.161,-41.7873,,-23.053
52.2603,-239.171,-41.2793,,-21.9757
52.2804,-281.792,-40.6464,,-20.6738
52.3004,-321.594,-39.8781,,-19.1693
52.3204,-358.182,-38.9758,,-17.4748
52.3404,-391.194,-37.9059,,-15.6014
52.3604,-420.303,-36.6388,,-13.5821
52.3802,-445.205,-35.1349,,-11.4132
52.4002,-465.657,-33.3194,,-9.1337
52.4203,-481.46,-31.0637,,-6.77148
52.4403,-492.46,-28.1114,,-4.33795
52.4603,-498.525,-24.0101,,-1.85485
52.4803,-499.616,-17.7142,,0.643095
52.5003,-495.715,-7.74511,,3.13269
52.5204,-486.863,4.95609,,5.58899
52.5404,-473.143,16.3052,,7.9905
52.5604,-454.704,24.6771,,10.3267
52.5804,-431.705,30.4978,,12.5397
52.6004,-404.402,34.4056,,14.6361
52.6205,-373.058,37.0212,,16.5876
52.6402,-337.984,38.7921,,18.3634
52.6602,-299.537,40.022,,19.9713
52.6803,-258.093,40.8868,,21.3698
52.7003,-214.074,41.5082,,22.5547
52.7203,-167.915,41.9534,,23.5169
52.7403,-120.081,42.2472,,24.2427
52.7603,-71.0432,42.425,,24.7295
52.7804,-21.2959,42.4966,,24.9649
52.8004,28.6628,42.4558,,24.9529
52.8204,78.3363,42.3157,,24.6927
52.8404,127.227,42.0676,,24.1833
52.8604,174.844,41.7099,,23.4316
52.8802,220.716,41.2431,,22.4498
52.9002,264.382,40.6593,,21.2432
52.9203,305.408,39.956,,19.8202
52.9403,343.384,39.1044,,18.2009
52.9603,377.919,38.1112,,16.4004
52.9803,408.695,36.9349,,14.4418
53.0003,435.372,35.5352,,12.3259
53.0204,457.71,33.8559,,10.0967
53.0404,475.468,31.8,,7.76693
53.0604,488.475,29.1819,,5.35445
53.0804,496.603,25.6399,,2.88709
53.1004,499.777,20.4292,,0.402592
53.1205,497.941,12.1098,,-2.10362
53.1402,491.145,0.122443,,-4.57018
53.1602,479.442,-12.207,,-7.00242
53.1803,462.93,-21.8171,,-9.3671
53.2003,441.805,-28.6226,,-11.6322
53.2203,416.264,-33.2525,,-13.7834
53.2403,386.562,-36.3377,,-15.7894
53.2603,353.005,-38.4195,,-17.6467
53.2804,315.923,-39.8517,,-19.3271
53.3004,275.671,-40.8395,,-20.8131
53.3204,232.672,-41.5575,,-22.0887
53.3404,187.346,-42.0701,,-23.1442
53.3604,140.149,-42.4251,,-23.9709
53.3802,91.5532,-42.6573,,-24.5571
53.4002,42.042,-42.7746,,-24.8969
53.4203,-7.88971,-42.7833,,-24.989
53.4403,-57.7424,-42.6756,,-24.8306
53.4603,-107.019,-42.4711,,-24.4254
53.4803,-155.224,-42.1683,,-23.7719
53.5003,-201.879,-41.7496,,-22.8886
53.5204,-246.519,-41.2154,,-21.7699
53.5404,-288.69,-40.5622,,-20.433
53.5604,-327.981,-39.7789,,-18.901
53.5804,-363.998,-38.8493,,-17.1728
53.6004,-396.368,-37.737,,-15.2711
53.6205,-424.782,-36.4382,,-13.2192
53.6402,-448.958,-34.8935,,-11.0443
53.6602,-468.646,-33.0083,,-8.74588
53.6803,-483.655,-30.6474,,-6.36878
53.7003,-493.824,-27.5508,,-3.91307
53.7203,-499.059,-23.1787,,-1.44183
53.7403,-499.319,-16.3424,,1.06204
53.7603,-494.579,-5.70804,,3.55069
53.7804,-484.887,7.04871,,6.00402
53.8004,-470.372,17.9303,,8.3818
53.8204,-451.149,25.8458,,10.7083
53.8404,-427.408,31.3059,,12.9026
53.8604,-399.404,34.9533,,14.9802
53.8802,-367.41,37.4033,,16.8908
53.9002,-331.742,39.0709,,18.6567
53.9203,-292.767,40.2287,,20.2122
53.9403,-250.861,41.047,,21.5851
53.9603,-206.452,41.6322,,22.7319
53.9803,-159.979,42.0477,,23.6581
54.0003,-111.904,42.3255,,24.3426
54.0204,-62.7138,42.4925,,24.7844
54.0404,-12.8979,42.5347,,24.981
54.0604,37.0486,42.472,,24.9261
54.0804,86.6244,42.3202,,24.6227
54.1004,135.332,42.0643,,24.0745
54.1205,182.693,41.6825,,23.2858
54.1402,228.227,41.1836,,22.2616
54.1602,271.478,40.5853,,21.0161
54.1803,312.013,39.8577,,19.5581
54.2003,349.434,38.9909,,17.917
54.2203,383.377,37.9653,,16.0821
54.2403,413.471,36.7469,,14.0929
54.2603,439.441,35.309,,11.958
54.2804,461.012,33.5813,,9.71006
54.3004,477.985,31.4434,,7.36472
54.3204,490.191,28.6898,,4.94804
54.3404,497.489,24.9365,,2.4725
54.3604,499.823,19.3219,,-0.0203232
54.3802,497.151,10.3358,,-2.52098
54.4002,489.519,-2.04782,,-4.98314
54.4203,476.991,-14.052,,-7.40637
54.4403,459.697,-23.1585,,-9.75569
54.4603,437.817,-29.5631,,-12.002
54.4803,411.557,-33.8936,,-14.129
54.5003,381.188,-36.7859,,-16.1167
54.5204,347.004,-38.7368,,-17.9443
54.5404,309.355,-40.0798,,-19.5914
54.5604,268.619,-41.0161,,-21.0396
54.5804,225.2,-41.6913,,-22.2817
54.6004,179.527,-42.1752,,-23.3015
54.6205,132.063,-42.5159,,-24.0846
54.6402,83.2787,-42.7308,,-24.6319
54.6602,33.6621,-42.8172,,-24.9293
54.6803,-16.2912,-42.8058,,-24.9796
54.7003,-66.0815,-42.6918,,-24.7793
54.7203,-115.211,-42.4728,,-24.3323
54.7403,-163.191,-42.139,,-23.6425
54.7603,-209.542,-41.7026,,-22.7157
54.7804,-253.794,-41.1567,,-21.5603
54.8004,-295.511,-40.4838,,-20.1864
54.8204,-334.275,-39.6658,,-18.6262
54.8404,-369.703,-38.7069,,-16.86
54.8604,-401.436,-37.5774,,-14.9409
54.8802,-429.157,-36.2343,,-12.8622
54.9002,-452.588,-34.6317,,-10.6609
54.9203,-471.503,-32.6834,,-8.351
54.9403,-485.696,-30.2251,,-5.95435
54.9603,-495.05,-26.962,,-3.5085
54.9803,-499.452,-22.2673,,-1.01997
55.0003,-498.868,-14.8513,,1.48197
55.0204,-493.292,-3.60926,,3.96533
55.0404,-482.791,9.09062,,6.40517
55.0604,-467.466,19.4731,,8.78638
55.0804,-447.464,26.9361,,11.0834
55.1004,-422.995,32.0557,,13.2589
55.1205,-394.305,35.4797,,15.3078
55.1402,-361.664,37.7693,,17.2102
55.1602,-325.402,39.331,,18.9311
55.1803,-285.912,40.4201,,20.4553
55.2003,-243.559,41.1949,,21.794
55.2203,-198.766,41.7589,,22.9049
55.2403,-151.991,42.1425,,23.7886
55.2603,-103.698,42.3998,,24.4326
55.2804,-54.3681,42.5421,,24.8353
55.3004,-4.49431,42.5714,,24.9892
55.3204,45.4242,42.4998,,24.8931
55.3404,94.8876,42.3222,,24.5488
55.3604,143.406,42.0391,,23.957
55.3802,190.489,41.6479,,23.1287
55.4002,235.67,41.1328,,22.0662
55.4203,278.494,40.5087,,20.788
55.4403,318.539,39.7591,,19.2985
55.4603,355.4,38.8695,,17.6159
55.4803,388.705,37.8068,,15.7577
55.5003,418.139,36.555,,13.7471
55.5204,443.385,35.0761,,11.5858
55.5404,464.189,33.2868,,9.32223
55.5604,480.381,31.0594,,6.96377
55.5804,491.755,28.1769,,4.5273
55.6004,498.219,24.1906,,2.05495
55.6205,499.713,18.1059,,-0.440221
55.6402,496.215,8.43692,,-2.92978
55.6602,487.756,-4.211,,-5.39948
55.6803,474.414,-15.8061,,-7.81198
55.7003,456.327,-24.4263,,-10.1366
55.7203,433.699,-30.452,,-12.3675
55.7403,406.728,-34.5001,,-14.4772
55.7603,375.686,-37.2038,,-16.4328
55.7804,340.91,-39.0363,,-18.2355
55.8004,302.711,-40.2992,,-19.8447
55.8204,261.497,-41.1872,,-21.2674
55.8404,217.662,-41.8269,,-22.4685
55.8604,171.659,-42.282,,-23.4491
55.8802,123.938,-42.5964,,-24.1945
55.9002,74.9807,-42.7839,,-24.6977
55.9203,25.2723,-42.8685,,-24.956
55.9403,-24.6881,-42.8394,,-24.9632
55.9603,-74.4022,-42.7027,,-24.7217
55.9803,-123.373,-42.4567,,-24.233
56.0003,-171.111,-42.1088,,-23.502
56.0204,-217.141,-41.6681,,-22.5363
56.0404,-260.995,-41.0946,,-21.3453
56.0604,-302.248,-40.3903,,-19.9403
56.0804,-340.478,-39.552,,-18.341
56.1004,-375.306,-38.5726,,-16.5462
56.1205,-406.386,-37.4089,,-14.6007
56.1402,-433.398,-36.0193,,-12.4993
56.1602,-456.094,-34.3707,,-10.2889
56.1803,-474.227,-32.3522,,-7.94641
56.2003,-487.616,-29.7769,,-5.54744
56.2203,-496.14,-26.3207,,-3.09107
56.2403,-499.707,-21.2845,,-0.600061
56.2603,-498.281,-13.2522,,1.89814
56.2804,-491.877,-1.45172,,4.37981
56.3004,-480.547,11.0554,,6.815
56.3204,-464.423,20.9361,,9.18033
56.3404,-443.654,27.9686,,11.4576
56.3604,-418.456,32.7675,,13.6138
56.3802,-389.075,35.9641,,15.64
56.4002,-355.813,38.1093,,17.4996
56.4203,-318.983,39.5799,,19.2095
56.4403,-278.98,40.6034,,20.6949
56.4603,-236.187,41.3424,,21.9961
56.4803,-191.028,41.8708,,23.07
56.5003,-143.965,42.2256,,23.9138
56.5204,-95.4632,42.4675,,24.5178
56.5404,-46.0071,42.5928,,24.8788
56.5604,3.9097,42.608,,24.9907
56.5804,53.7869,42.5147,,24.8522
56.6004,103.127,42.3142,,24.4666
56.6205,151.435,42.0192,,23.8344
56.6402,198.231,41.5999,,22.9636
56.6602,243.046,41.0711,,21.8675
56.6803,285.434,40.4347,,20.5524
56.7003,324.966,39.6533,,19.0259
56.7203,361.252,38.7353,,17.3186
56.7403,393.938,37.65,,15.4288
56.7603,422.675,36.3645,,13.3871
56.7804,447.194,34.8323,,11.2132
56.8004,467.239,32.9739,,8.93847
56.8204,482.63,30.6625,,6.55785
56.8404,493.191,27.6349,,4.11224
56.8604,498.821,23.3785,,1.64481
56.8802,499.48,16.7867,,-0.863648
56.9002,495.133,6.44272,,-3.35204
56.9203,485.854,-6.33495,,-5.80406
56.9403,471.706,-17.476,,-8.20956
56.9603,452.844,-25.6282,,-10.5191
56.9803,429.47,-31.2796,,-12.7327
57.0003,401.781,-35.0638,,-14.82
57.0204,370.097,-37.5938,,-16.7486
57.0404,334.71,-39.32,,-18.5209
57.0604,295.979,-40.5082,,-20.096
57.0804,254.297,-41.3446,,-21.4828
57.1004,210.068,-41.9461,,-22.6513
57.1205,163.743,-42.388,,-23.5897
57.1402,115.781,-42.6785,,-24.2958
57.1602,66.6615,-42.8441,,-24.7599
57.1803,16.8759,-42.9045,,-24.9741
57.2003,-33.0787,-42.8604,,-24.9404
57.2203,-82.7014,-42.7083,,-24.6556
57.2403,-131.498,-42.4422,,-24.126
57.2603,-178.981,-42.0823,,-23.3579
57.2804,-224.678,-41.6163,,-22.3512
57.3004,-268.127,-41.0196,,-21.1224
57.3204,-308.894,-40.2953,,-19.6842
57.3404,-346.585,-39.4384,,-18.056
57.3604,-380.802,-38.424,,-16.2295
57.3802,-411.214,-37.2248,,-14.2526
57.4002,-437.529,-35.7975,,-12.1427
57.4203,-459.47,-34.0895,,-9.89149
57.4403,-476.808,-31.9872,,-7.55478
57.4603,-489.395,-29.3032,,-5.13929
57.4803,-497.084,-25.6487,,-2.66703
57.5003,-499.815,-20.2062,,-0.18353
57.5204,-497.546,-11.5173,,2.3237
57.5404,-490.309,0.726034,,4.78873
57.5604,-478.175,12.9461,,7.21519
57.5804,-461.248,22.3306,,9.57098
57.6004,-439.721,28.9446,,11.8302
57.6205,-413.798,33.4291,,13.9631
57.6402,-383.743,36.4286,,15.964
57.6602,-349.855,38.4313,,17.8073
57.6803,-312.481,39.8156,,19.4622
57.7003,-271.967,40.7892,,20.9348
57.7203,-228.744,41.4845,,22.1897
57.7403,-183.236,41.9831,,23.229
57.7603,-135.897,42.3227,,24.0319
57.7804,-87.1991,42.5406,,24.5964
57.8004,-37.6316,42.6361,,24.9148
57.8204,12.3127,42.6342,,24.9846
57.8404,62.1341,42.5379,,24.8045
57.8604,111.336,42.3249,,24.3773
57.8802,159.425,41.9899,,23.7065
57.9002,205.922,41.5606,,22.7958
57.9203,250.356,41.0227,,21.6593
57.9403,292.29,40.352,,20.3079
57.9603,331.309,39.547,,18.7549
57.9803,367.011,38.601,,17.0057
58.0003,399.047,37.485,,15.1008
58.0204,427.104,36.1661,,13.0328
58.0404,450.888,34.5845,,10.8394
58.0604,470.164,32.6575,,8.54165
58.0804,484.749,30.2423,,6.15019
58.1004,494.489,27.0564,,3.70023
58.1205,499.284,22.5006,,1.21918
58.1402,499.093,15.3593,,-1.28154
58.1602,493.918,4.3663,,-3.77246
58.1803,483.802,-8.41064,,-6.21157
58.2003,468.857,-19.0644,,-8.59834
58.2203,449.226,-26.7646,,-10.9034
58.2403,425.098,-32.0511,,-13.0917
58.2603,396.731,-35.5992,,-15.1549
58.2804,364.396,-37.9697,,-17.0555
58.3004,328.43,-39.5834,,-18.7959
58.3204,289.172,-40.7033,,-20.3509
58.3404,247.026,-41.5022,,-21.6942
58.3604,202.413,-42.077,,-22.8256
58.3802,155.778,-42.4778,,-23.7257
58.4002,107.588,-42.7466,,-24.391
58.4203,58.3232,-42.9091,,-24.8122
58.4403,8.47427,-42.9474,,-24.9863
58.4603,-41.4591,-42.8779,,-24.9096
58.4803,-90.9774,-42.7077,,-24.5843
58.5003,-139.588,-42.4329,,-24.0137
58.5204,-186.803,-42.056,,-23.2035
58.5404,-232.151,-41.5574,,-22.1602
58.5604,-275.183,-40.9495,,-20.8976
58.5804,-315.462,-40.2041,,-19.4206
58.6004,-352.587,-39.3143,,-17.7559
58.6205,-386.194,-38.2663,,-15.9154
58.6402,-415.943,-37.0374,,-13.9103
58.6602,-441.542,-35.577,,-11.7696
58.6803,-462.714,-33.8005,,-9.50179
58.7003,-479.263,-31.6088,,-7.1563
58.7203,-491.031,-28.7989,,-4.7195
58.7403,-497.887,-24.9212,,-2.2558
58.7603,-499.781,-19.0423,,0.244193
58.7804,-496.672,-9.66865,,2.73212
58.8004,-488.61,2.91023,,5.2041
58.8204,-475.648,14.7437,,7.61972
58.8404,-457.95,23.6334,,9.9539
58.8604,-435.663,29.8654,,12.1982
58.8802,-409.032,34.0588,,14.3084
58.9002,-378.304,36.8453,,16.2897
58.9203,-343.802,38.7416,,18.0967
58.9403,-305.871,40.0493,,19.7236
58.9603,-264.878,40.9619,,21.1599
58.9803,-221.243,41.6162,,22.38
59.0003,-175.394,42.085,,23.3816
59.0204,-127.791,42.4105,,24.1448
59.0404,-78.9111,42.6031,,24.6668
59.0604,-29.2461,42.689,,24.9438
59.0804,20.7121,42.6681,,24.9715
59.1004,70.4634,42.5381,,24.7491
59.1205,119.51,42.3096,,24.2811
59.1402,167.365,41.9753,,23.5701
59.1602,213.548,41.5213,,22.6203
59.1803,257.591,40.9476,,21.4486
59.2003,299.068,40.2584,,20.0602
59.2203,337.55,39.4436,,18.4702
59.2403,372.667,38.4661,,16.7044
59.2603,404.054,37.3145,,14.7583
59.2804,431.407,35.9504,,12.671
59.3004,454.45,34.3176,,10.4633
59.3204,472.948,32.3283,,8.13779
59.3404,486.726,29.8057,,5.74742
59.3604,495.641,26.4396,,3.28335
59.3802,499.602,21.5494,,0.796974
59.4002,498.568,13.8097,,-1.69749
59.4203,492.564,2.22684,,-4.18373
59.4403,481.631,-10.4186,,-6.6191
59.4603,465.879,-20.5669,,-8.99856
59.4803,445.473,-27.824,,-11.2755
59.5003,420.622,-32.7862,,-13.4501
59.5204,391.565,-36.0981,,-15.4805
59.5404,358.598,-38.3171,,-17.3675
59.5604,322.046,-39.8387,,-19.068
59.5804,282.277,-40.896,,-20.5901
59.6004,239.688,-41.6494,,-21.8987
59.6205,194.703,-42.186,,-22.9926
59.6402,147.773,-42.57,,-23.8581
59.6602,99.3645,-42.8275,,-24.4783
59.6803,49.9676,-42.9616,,-24.8585
59.7003,0.0706846,-42.9742,,-24.9909
59.7203,-49.8281,-42.8964,,-24.8721
59.7403,-99.2273,-42.7131,,-24.505
59.7603,-147.638,-42.4162,,-23.8967
59.7804,-194.572,-42.0136,,-23.0406
59.8004,-239.562,-41.5018,,-21.9649
59.8204,-282.157,-40.8688,,-20.6611
59.8404,-321.931,-40.1019,,-19.1555
59.8604,-358.495,-39.1882,,-17.4619
59.8802,-391.476,-38.116,,-15.5872
59.9002,-420.539,-36.8403,,-13.5556
59.9203,-445.405,-35.3255,,-11.3981
59.9403,-465.823,-33.5019,,-9.11123
59.9603,-481.571,-31.2292,,-6.74833
59.9803,-492.535,-28.2676,,-4.31713
60.0003,-497.607,-22.1618,,-0.232578