0.02036,45.9365,65.356,,40.4423
0.0403796,134.106,78.8156,,43.6092
0.0603991,218.075,71.5726,,40.4889
0.0804186,294.945,66.6124,,36.3718
0.100438,362.286,62.338,,31.0562
0.120214,417.93,58.0362,,24.7482
0.140233,460.055,53.1692,,17.6235
0.160253,487.315,46.7281,,9.94702
0.180272,498.847,36.1325,,1.94837
0.200292,494.262,14.1748,,-6.11866
0.220311,473.691,-16.5043,,-14.002
0.240331,437.816,-39.3346,,-21.4103
0.26035,387.792,-51.9786,,-28.1423
0.28037,325.235,-57.7363,,-33.9573
0.300389,252.165,-60.1012,,-38.6766
0.320409,170.957,-60.9322,,-42.1452
0.340428,84.2228,-60.9507,,-44.251
0.360448,-5.23043,-60.4392,,-44.9285
0.380223,-94.5154,-59.5025,,-44.1559
0.400243,-180.746,-58.165,,-41.952
0.420262,-261.138,-56.4174,,-38.3989
0.440282,-333.089,-54.2303,,-33.603
0.460301,-394.287,-51.5116,,-27.7177
0.480321,-442.727,-48.0236,,-20.9365
0.500341,-476.877,-43.2713,,-13.4901
0.52036,-495.612,-35.946,,-5.59538
0.54038,-498.34,-21.6218,,2.47847
0.560399,-484.963,4.40743,,10.4652
0.580419,-455.909,28.4993,,18.1273
0.600438,-412.12,42.7419,,25.1959
0.620214,-355.014,49.8114,,31.4413
0.640233,-286.444,53.1326,,36.6825
0.660253,-208.617,54.6885,,40.7342
0.680272,-124.047,55.3512,,43.4719
0.700292,-35.4707,55.4403,,44.8003
0.720311,54.2495,55.066,,44.6854
0.740331,142.218,54.2759,,43.1259
0.76035,225.592,53.0658,,40.1716
0.78037,301.677,51.3888,,35.9221
0.800389,368.013,49.1952,,30.5019
0.820409,422.453,46.3311,,24.1109
0.840428,463.25,42.4726,,16.9377
0.860448,489.069,36.8582,,9.20211
0.880223,499.102,27.0289,,1.19361
0.900243,493.002,6.8103,,-6.87236
0.920262,470.975,-18.8954,,-14.7047
0.940282,433.723,-36.1558,,-22.0804
0.960301,382.45,-45.204,,-28.7252
0.980321,318.807,-49.5971,,-34.4509
1.00034,244.886,-51.7848,,-39.0503
1.02036,163.045,-52.8708,,-42.4022
1.04038,75.9367,-53.3148,,-44.3749
1.0604,-13.6227,-53.2851,,-44.9175
1.08042,-102.745,-52.8179,,-44.0103
1.10044,-188.544,-51.9204,,-41.6759
1.12021,-268.249,-50.573,,-37.9992
1.14023,-339.296,-48.7362,,-33.098
1.16025,-399.369,-46.3081,,-27.1125
1.18027,-446.536,-43.0598,,-20.2737
1.20029,-479.289,-38.5101,,-12.7623
1.22031,-496.546,-31.2957,,-4.84803
1.24033,-497.762,-16.9278,,3.23205
1.26035,-482.898,7.70233,,11.2015
1.28037,-452.423,28.6539,,18.8107
1.30039,-407.329,40.404,,25.8098
1.32041,-349.07,46.2409,,31.9879
1.34043,-279.524,49.1355,,37.1148
1.36045,-200.958,50.6257,,41.0458
1.38022,-115.9,51.3627,,43.6537
1.40024,-27.0942,51.5814,,44.8526
1.42026,62.5859,51.3472,,44.6003
1.44028,150.243,50.6935,,42.9065
1.4603,233.048,49.6196,,39.8297
1.48032,308.32,48.0703,,35.4609
1.50034,373.632,45.9808,,29.9495
1.52036,426.873,43.1974,,23.4698
1.54038,466.313,39.4087,,16.2271
1.5604,490.689,33.7926,,8.47121
1.58042,499.219,23.721,,0.433636
1.60044,491.609,3.37382,,-7.61594
1.62021,468.125,-20.5019,,-15.4221
1.64023,429.494,-35.6361,,-22.7354
1.66025,376.987,-43.4178,,-29.3042
1.68027,312.309,-47.2736,,-34.925
1.70029,237.533,-49.268,,-39.4213
1.72031,155.089,-50.3181,,-42.6428
1.74033,67.6322,-50.7775,,-44.4885
1.76035,-22.0116,-50.7812,,-44.8939
1.78037,-110.943,-50.3652,,-43.8511
1.80039,-196.289,-49.5174,,-41.3888
1.82041,-275.297,-48.2262,,-37.5953
1.84043,-345.401,-46.4415,,-32.5703
1.86045,-404.339,-44.0419,,-26.5158
1.88022,-450.227,-40.8176,,-19.5913
1.90024,-481.566,-36.2394,,-12.0388
1.92026,-497.346,-28.8395,,-4.09674
1.94028,-497.057,-13.9241,,3.9807
1.9603,-480.71,10.1745,,11.9301
1.98032,-448.813,29.2708,,19.5017
2.00034,-402.412,39.6597,,26.4243
2.02036,-343.022,44.829,,32.5099
2.04038,-272.533,47.4533,,37.536
2.0604,-193.247,48.8507,,41.3498
2.08042,-107.717,49.5633,,43.8258
2.10044,-18.7086,49.7732,,44.8899
2.12021,70.9041,49.5495,,44.5023
2.14023,158.225,48.9232,,42.6761
2.16025,240.433,47.8671,,39.4735
2.18027,314.879,46.3291,,34.991
2.20029,379.142,44.2442,,29.381
2.22031,431.156,41.4679,,22.821
2.24033,469.241,37.6512,,15.5237
2.26035,492.163,31.8945,,7.72789
2.28037,499.184,21.3587,,-0.324323
2.30039,490.081,0.583748,,-8.35501
2.32041,465.138,-21.9852,,-16.1296
2.34043,425.151,-35.6741,,-23.3866
2.36045,371.425,-42.6466,,-29.869
2.38022,305.719,-46.1393,,-35.3924
2.40024,230.122,-47.9818,,-39.7799
2.42026,147.091,-48.9665,,-42.8765
2.44028,59.3061,-49.4049,,-44.5881
2.4603,-30.3936,-49.4001,,-44.8576
2.48032,-119.111,-48.9835,,-43.6806
2.50034,-203.979,-48.1254,,-41.089
2.52036,-282.257,-46.8388,,-37.1739
2.54038,-351.415,-45.0534,,-32.0542
2.5604,-409.216,-42.6436,,-25.8983
2.58042,-453.79,-39.3753,,-18.91
2.60044,-483.716,-34.71,,-11.3096
2.62021,-498.009,-27.0194,,-3.34195
2.64023,-496.207,-11.3614,,4.73502
2.66025,-478.366,12.3588,,12.6646
2.68027,-445.068,30.0006,,20.1731
2.70029,-397.389,39.4044,,27.034
2.72031,-336.869,44.1053,,33.0219
2.74033,-265.462,46.5179,,37.9469
2.76035,-185.48,47.8201,,41.6386
2.78037,-99.5042,48.4951,,43.9876
2.80039,-10.3185,48.6838,,44.9143
2.82041,79.2035,48.4462,,44.3939
2.84043,166.167,47.8037,,42.433
2.86045,247.759,46.7387,,39.1064
2.88022,321.346,45.1939,,34.5126
2.90024,384.549,43.0928,,28.8056
2.92026,435.329,40.2773,,22.1691
2.94028,472.037,36.3751,,14.8095
2.9603,493.503,30.4348,,6.98393
2.98032,499.019,19.3272,,-1.08057
3.00034,488.409,-1.93764,,-9.09825
3.02036,462.022,-23.3882,,-16.8314
3.04038,420.695,-35.9239,,-24.0236
3.0604,365.776,-42.2617,,-30.4304
3.08042,299.04,-45.4831,,-35.8596
3.10044,222.637,-47.1994,,-40.122
3.12021,139.05,-48.1237,,-43.0961
3.14023,50.9628,-48.5236,,-44.6745
3.16025,-38.7679,-48.4898,,-44.8085
3.18027,-127.247,-48.0516,,-43.4978
3.20029,-211.615,-47.1873,,-40.7788
3.22031,-289.142,-45.877,,-36.7436
3.24033,-357.331,-44.0658,,-31.52
3.26035,-413.968,-41.6211,,-25.2785
3.28037,-457.236,-38.2971,,-18.2235
3.30039,-485.724,-33.4997,,-10.5726
3.32041,-498.521,-25.4372,,-2.58936
3.34043,-495.215,-8.97821,,5.48274
3.36045,-475.903,14.3701,,13.3859
3.38022,-441.207,30.7739,,20.8464
3.40024,-392.254,39.3703,,27.6354
3.42026,-330.621,43.6855,,33.5345
3.44028,-258.315,45.9357,,38.3427
3.4603,-177.662,47.1596,,41.9177
3.48032,-91.2657,47.7802,,44.1339
3.50034,-1.92526,47.9378,,44.9276
3.52036,87.4796,47.6802,,44.2698
3.54038,174.058,47.0151,,42.1821
3.5604,255.012,45.927,,38.7263
3.58042,327.724,44.3535,,34.0237
3.60044,389.847,42.217,,28.2209
3.62021,439.375,39.3529,,21.5112
3.64023,474.709,35.3582,,14.0976
3.66025,494.696,29.1891,,6.23092
3.68027,498.708,17.4056,,-1.83197
3.70029,486.609,-4.32222,,-9.83469
3.72031,458.782,-24.7022,,-17.5316
3.74033,416.114,-36.2617,,-24.6621
3.76035,360.014,-42.0873,,-30.978
3.78037,292.279,-45.0699,,-36.3099
3.80039,215.095,-46.68,,-40.4599
3.82041,130.965,-47.548,,-43.3027
3.84043,42.6061,-47.9077,,-44.7479
3.86045,-47.1306,-47.845,,-44.7476
3.88022,-135.345,-47.3842,,-43.3016
3.90024,-219.185,-46.4923,,-40.4544
3.92026,-295.942,-45.1527,,-36.3056
3.94028,-363.144,-43.3018,,-30.9776
3.9603,-418.598,-40.8182,,-24.6508
3.98032,-460.537,-37.4246,,-17.527
4.00034,-487.597,-32.4666,,-9.84356
4.02036,-498.897,-23.97,,-1.82835
4.04038,-494.08,-6.65738,,6.23059
4.0604,-473.299,16.2384,,14.1034
4.08042,-437.215,31.5324,,21.5165
4.10044,-386.997,39.454,,28.2255
4.12021,-324.288,43.4401,,34.0334
4.14023,-251.094,45.5368,,38.7297
4.16025,-169.79,46.696,,42.1817
4.18027,-83.002,47.2664,,44.2692
4.20029,6.46846,47.3932,,44.928
4.22031,95.7309,47.1021,,44.1353
4.24033,181.9,46.4131,,41.9135
4.26035,262.195,45.2918,,38.3421
4.28037,334.01,43.6907,,33.5216
4.30039,395.032,41.5151,,27.6348
4.32041,443.308,38.5801,,20.8419
4.34043,477.233,34.4799,,13.3716
4.36045,495.753,28.0441,,5.49045
4.38022,498.26,15.5087,,-2.58763
4.40024,484.655,-6.60277,,-10.578
4.42026,455.397,-25.9419,,-18.2258
4.44028,411.417,-36.638,,-25.2828
4.4603,354.139,-42.0222,,-31.5299
4.48032,285.423,-44.8092,,-36.7417
4.50034,207.488,-46.3196,,-40.7825
4.52036,122.845,-47.1239,,-43.4978
4.54038,34.2364,-47.4482,,-44.8097
4.5604,-55.4806,-47.3616,,-44.6728
4.58042,-143.405,-46.8569,,-43.0941
4.60044,-226.694,-45.9361,,-40.1208
4.62021,-302.66,-44.573,,-35.8534
4.64023,-368.855,-42.685,,-30.4304
4.66025,-423.115,-40.1404,,-24.0144
4.68027,-463.711,-36.6521,,-16.8248
4.70029,-489.325,-31.53,,-9.10194
4.72031,-499.132,-22.5453,,-1.08132
4.74033,-492.808,-4.36202,,6.98157
4.76035,-470.558,17.999,,14.8179
4.78037,-433.1,32.2669,,22.1767
4.80039,-381.639,39.5942,,28.8104
4.82041,-317.859,43.3076,,34.5173
4.84043,-243.806,45.2693,,39.1087
4.86045,-161.873,46.344,,42.4381
4.88022,-74.714,46.8871,,44.3915
4.90024,14.8606,46.9739,,44.9152
4.92026,103.956,46.6457,,43.9876
4.94028,189.691,45.9291,,41.6358
4.9603,269.296,44.7818,,37.9404
4.98032,340.201,43.1409,,33.0163
5.00034,400.102,40.9083,,27.0274
5.02036,447.101,37.9139,,20.1805
5.04038,479.635,33.6947,,12.6448
5.0604,496.668,26.9455,,4.74251
5.08042,497.672,13.5918,,-3.34404
5.10044,482.58,-8.78278,,-11.3052
5.12021,451.896,-27.1026,,-18.9187
5.14023,406.604,-37.0315,,-25.9041
5.16025,348.176,-42.0297,,-32.059
5.18027,278.498,-44.6367,,-37.1787
5.20029,199.824,-46.0539,,-41.0901
5.22031,114.694,-46.8072,,-43.6818
5.24033,25.8579,-47.0979,,-44.8582
5.26035,-63.8144,-46.9728,,-44.5874
5.28037,-151.425,-46.4415,,-42.8732
5.30039,-234.14,-45.4845,,-39.7737
5.32041,-309.289,-44.0832,,-35.3905
5.34043,-374.454,-42.1566,,-29.8723
5.36045,-427.511,-39.5553,,-23.3722
5.38022,-466.753,-35.974,,-16.1234
5.40024,-490.914,-30.6423,,-8.36167
5.42026,-499.219,-21.1075,,-0.320148
5.44028,-491.394,-2.10416,,7.72027
5.4603,-467.691,19.6512,,15.5331
5.48032,-428.857,32.9802,,22.8294
5.50034,-376.176,39.7659,,29.3838
5.52036,-311.344,43.2241,,34.9954
5.54038,-236.446,45.0797,,39.477
5.5604,-153.909,46.0961,,42.6796
5.58042,-66.4037,46.5767,,44.5012
5.60044,23.2484,46.6314,,44.8898
5.62021,112.151,46.2864,,43.8268
5.64023,197.429,45.5272,,41.3462
5.66025,276.326,44.3375,,37.5313
5.68027,346.297,42.6639,,32.5034
5.70029,405.082,40.385,,26.4235
5.72031,450.766,37.3113,,19.4877
5.74033,481.893,32.942,,11.9295
5.76035,497.451,25.8572,,3.98542
5.78037,496.935,11.6406,,-4.09997
5.80039,480.363,-10.8754,,-12.0326
5.82041,448.261,-28.1966,,-19.6004
5.84043,401.679,-37.4284,,-26.5179
5.86045,342.114,-42.0822,,-32.5804
5.88022,271.497,-44.5245,,-37.5975
5.90024,192.106,-45.8586,,-41.3916
5.92026,106.509,-46.5643,,-43.8534
5.94028,17.4716,-46.8123,,-44.8943
5.9603,-72.1304,-46.6562,,-44.4873
5.98032,-159.401,-46.0853,,-42.641
6.00034,-241.52,-45.0941,,-39.4191
6.02036,-315.837,-43.6582,,-34.9215
6.04038,-379.951,-41.6855,,-29.301
6.0604,-431.781,-39.0219,,-22.7258
6.08042,-469.669,-35.3317,,-15.4167
6.10044,-492.371,-29.7841,,-7.61708
6.12021,-499.175,-19.6325,,0.435628
6.14023,-489.845,0.152418,,8.46876
6.16025,-464.676,21.202,,16.2398
6.18027,-424.505,33.6549,,23.4678
6.20029,-370.61,39.963,,29.9587
6.22031,-304.736,43.1976,,35.4645
6.24033,-229.017,44.9462,,39.8298
6.26035,-145.903,45.906,,42.9081
6.28037,-58.0753,46.3374,,44.6008
6.30039,31.6303,46.3546,,44.8515
6.32041,120.313,45.976,,43.6543
6.34043,205.11,45.1853,,41.0451
6.36045,283.28,43.9571,,37.1093
6.38022,352.295,42.234,,31.9789
6.40024,409.93,39.9165,,25.8093
6.42026,454.315,36.7555,,18.8054
6.44028,484.016,32.2259,,11.1978
6.4603,498.09,24.7571,,3.22994
6.48032,496.06,9.65032,,-4.84933
6.50034,478.012,-12.8699,,-12.761
6.52036,444.5,-29.2328,,-20.2763
6.54038,396.635,-37.8194,,-27.1218
6.5604,335.953,-42.1564,,-33.0973
6.58042,264.411,-44.4494,,-38.0087
6.60044,184.33,-45.7188,,-41.6776
6.62021,98.2949,-46.3748,,-44.0108
6.64023,9.08022,-46.5755,,-44.9186
6.66025,-80.4257,-46.3822,,-44.3751
6.68027,-167.334,-45.7874,,-42.3975
6.70029,-248.831,-44.7599,,-39.0504
6.72031,-322.294,-43.2755,,-34.4413
6.74033,-385.335,-41.2578,,-28.7218
6.76035,-435.933,-38.5269,,-22.0681
6.78037,-472.443,-34.7257,,-14.7072
6.80039,-493.684,-28.9306,,-6.87198
6.82041,-498.983,-18.1022,,1.18813
6.84043,-488.157,2.38326,,9.20981
6.86045,-461.546,22.6572,,16.9406
6.88022,-420.024,34.2965,,24.1138
6.90024,-364.932,40.1773,,30.5122
6.92026,-298.047,43.2067,,35.9203
6.94028,-221.533,44.8483,,40.1773
6.9603,-137.858,45.7492,,43.1267
6.98032,-49.7313,46.1472,,44.6861
7.00034,40.0024,46.1264,,44.8006
7.02036,128.445,45.7132,,43.4706
7.04038,212.737,44.8885,,40.7323
7.0604,290.152,43.6191,,36.6784
7.08042,358.188,41.8532,,31.4376
7.10044,414.659,39.4724,,25.1896
7.12021,457.723,36.2288,,18.1167
7.14023,486.004,31.5336,,10.468
7.16025,498.58,23.638,,2.47743
7.18027,495.054,7.60136,,-5.59819
7.20029,475.527,-14.7744,,-13.4833
7.22031,440.62,-30.1919,,-20.9539
7.24033,391.48,-38.2052,,-27.7201
7.26035,329.69,-42.2591,,-33.6068
7.28037,257.258,-44.4107,,-38.397
7.30039,176.505,-45.6039,,-41.9602
7.32041,90.0477,-46.2175,,-44.155
7.34043,0.686921,-46.3862,,-44.9288
7.36045,-88.6986,-46.1523,,-44.2505
7.38022,-175.218,-45.5178,,-42.1418
7.40024,-256.076,-44.4591,,-38.671
7.42026,-328.657,-42.9362,,-33.9518
7.44028,-390.623,-40.8583,,-28.1373
7.4603,-439.96,-38.0578,,-21.4055
7.48032,-475.085,-34.1394,,-13.9905
7.50034,-494.857,-28.0802,,-6.1252
7.52036,-498.653,-16.5047,,1.93945
7.54038,-486.328,4.57911,,9.94827
7.5604,-458.289,24.0282,,17.6384
7.58042,-415.427,34.9017,,24.7488
7.60044,-359.148,40.3905,,31.0658
7.62021,-291.267,43.2394,,36.3723
7.64023,-213.973,44.7793,,40.5047
7.66025,-129.771,45.6263,,43.3328
7.68027,-41.3719,45.9913,,44.7578
7.70029,48.3636,45.9312,,44.7372
7.72031,136.535,45.474,,43.2712
7.74033,220.297,44.6153,,40.4102
7.76035,296.943,43.3177,,36.2355
7.78037,363.987,41.5008,,30.897
7.80039,419.271,39.051,,24.5541
7.82041,461.011,35.7178,,17.4298
7.84043,487.858,30.8475,,9.72928
7.86045,498.939,22.4755,,1.71969
7.88022,493.9,5.5084,,-6.34305
7.90024,472.902,-16.5925,,-14.2057
7.92026,436.613,-31.0966,,-21.6142
7.94028,386.217,-38.5681,,-28.3157
7.9603,323.344,-42.3619,,-34.1012
7.98032,250.023,-44.3969,,-38.7859
8.00034,168.63,-45.5248,,-42.2195
8.02036,81.7829,-46.086,,-44.2911
8.04038,-7.7068,-46.2136,,-44.9271
8.0604,-96.9471,-45.9509,,-44.1132
8.08042,-183.052,-45.2849,,-41.8744
8.10044,-263.245,-44.1839,,-38.2806
8.12021,-334.927,-42.6133,,-33.4518
8.14023,-395.793,-40.4875,,-27.5445
8.16025,-443.864,-37.6125,,-20.7411
8.18027,-477.599,-33.562,,-13.2702
8.20029,-495.9,-27.2017,,-5.37817
8.22031,-498.185,-14.8368,,2.69735
8.24033,-484.368,6.7335,,10.6831
8.26035,-454.896,25.3143,,18.3332
8.28037,-410.711,35.475,,25.3759
8.30039,-353.27,40.6053,,31.6027
8.32041,-284.406,43.2815,,36.8122
8.34043,-206.362,44.7447,,40.8275
8.36045,-121.648,45.5277,,43.5252
8.38022,-33.0019,45.8504,,44.8185
8.40024,56.7106,45.7614,,44.6607
8.42026,144.589,45.2684,,43.0627
8.44028,227.796,44.3734,,40.0696
8.4603,303.643,43.0294,,35.7881
8.48032,369.674,41.1677,,30.3382
8.50034,423.762,38.6533,,23.9241
8.52036,464.166,35.2229,,16.7309
8.54038,489.57,30.1545,,8.98832
8.5604,499.152,21.2593,,0.968893
8.58042,492.613,3.37278,,-7.08956
8.60044,470.147,-18.3116,,-14.9252
8.62021,432.479,-31.9441,,-22.2702
8.64023,380.848,-38.9175,,-28.8987
8.66025,316.903,-42.4834,,-34.5865
8.68027,242.729,-44.4053,,-39.1635
8.70029,160.704,-45.4591,,-42.4747
8.72031,73.4887,-45.973,,-44.4108
8.74033,-16.0988,-46.072,,-44.9121
8.76035,-105.167,-45.7777,,-43.9635
8.78037,-190.833,-45.0659,,-41.5934
8.80039,-270.337,-43.9217,,-37.8812
8.82041,-341.109,-42.3207,,-32.947
8.84043,-400.859,-40.1425,,-26.9408
8.86045,-447.647,-37.1705,,-20.0652
8.88022,-479.975,-32.9853,,-12.5532
8.90024,-496.803,-26.299,,-4.62272
8.92026,-497.567,-13.0843,,3.45498
8.94028,-482.264,8.82533,,11.4152
8.9603,-451.377,26.5161,,19.0102
8.98032,-405.886,36.0256,,26.0072
9.00034,-347.284,40.8219,,32.1346
9.02036,-277.47,43.3363,,37.2359
9.04038,-198.69,44.7181,,41.1384
9.0604,-113.489,45.4579,,43.7065
9.08042,-24.6216,45.7379,,44.8647
9.10044,65.042,45.6087,,44.5719
9.12021,152.605,45.0798,,42.8425
9.14023,235.235,44.1429,,39.7232
9.16025,310.265,42.7612,,35.3262
9.18027,375.262,40.85,,29.7798
9.20029,428.15,38.2734,,23.2805
9.22031,467.192,34.7296,,16.0222
9.24033,491.148,29.4478,,8.25222
9.26035,499.228,19.9768,,0.208293
9.28037,491.176,1.21896,,-7.83853
9.30039,467.247,-19.943,,-15.6294
9.32041,428.229,-32.7461,,-22.927
9.34043,375.366,-39.2537,,-29.4693
9.36045,310.368,-42.6055,,-35.0681
9.38022,235.354,-44.4157,,-39.526
9.40024,152.735,-45.417,,-42.7137
9.42026,65.1768,-45.8892,,-44.5194
9.44028,-24.4858,-45.9446,,-44.8851
9.4603,-113.357,-45.6167,,-43.801
9.48032,-198.565,-44.8655,,-41.304
9.50034,-277.359,-43.6821,,-37.4661
9.52036,-347.185,-42.0362,,-32.4254
9.54038,-405.796,-39.7943,,-26.3352
9.5604,-451.302,-36.7514,,-19.3882
9.58042,-482.217,-32.4118,,-11.8245
9.60044,-497.55,-25.3587,,-3.87026
9.62021,-496.815,-11.2467,,4.20471
9.64023,-480.024,10.8566,,12.1459
9.66025,-447.72,27.6427,,19.695
9.68027,-400.944,36.5353,,26.6108
9.70029,-341.208,41.0288,,32.6611
9.72031,-270.457,43.4037,,37.6557
9.74033,-190.962,44.6996,,41.434
9.76035,-105.299,45.3925,,43.8763
9.78037,-16.2346,45.6357,,44.8995
9.80039,73.3563,45.469,,44.4717
9.82041,160.575,44.9081,,42.6076
9.84043,242.603,43.9335,,39.362
9.86045,316.793,42.5062,,34.8507
9.88022,380.748,40.5478,,29.2122
9.90024,432.408,37.9001,,22.6372
9.92026,470.087,34.2454,,15.3113
9.94028,492.573,28.7286,,7.50258
9.9603,499.152,18.6201,,-0.540788
9.98032,489.605,-0.952459,,-8.57811
10.0003,464.235,-21.4799,,-16.3413
10.0204,423.849,-33.4886,,-23.5701
10.0404,369.774,-39.5825,,-30.037
10.0604,303.76,-42.7304,,-35.5326
10.0804,227.917,-44.4419,,-39.8844
10.1004,144.719,-45.3804,,-42.939
10.1202,56.8453,-45.8099,,-44.6155
10.1402,-32.8659,-45.8363,,-44.8448
10.1603,-121.516,-45.4628,,-43.6271
10.1803,-206.236,-44.6804,,-40.9968
10.2003,-284.296,-43.4607,,-37.0507
10.2203,-353.169,-41.7625,,-31.8975
10.2403,-410.63,-39.4644,,-25.716
10.2604,-454.822,-36.3269,,-18.7059
10.2804,-484.314,-31.8286,,-11.0875
10.3004,-498.171,-24.3825,,-3.12681
10.3204,-495.921,-9.33717,,4.96358
10.3404,-477.648,12.81,,12.869
10.3604,-443.938,28.707,,20.3745
10.3802,-395.888,37.0198,,27.2093
10.4002,-335.03,41.2376,,33.1774
10.4203,-263.36,43.4717,,38.062
10.4403,-183.179,44.6969,,41.722
10.4603,-97.0792,45.3435,,44.0326
10.4803,-7.84234,45.5483,,44.9209
10.5003,81.6481,45.3433,,44.3572
10.5204,168.5,44.7449,,42.3615
10.5404,249.908,43.7371,,38.9956
10.5604,323.238,42.2622,,34.3697
10.5804,386.13,40.2432,,28.6352
10.6004,436.536,37.529,,21.9754
10.6202,472.847,33.7589,,14.6066
10.6402,493.876,27.9849,,6.75269
10.6603,498.943,17.1723,,-1.29735
10.6803,487.898,-3.11615,,-9.32139
10.7003,461.076,-22.9288,,-17.0404
10.7203,419.356,-34.1957,,-24.2113
10.7403,364.082,-39.8952,,-30.5956
10.7604,297.049,-42.8591,,-35.9889
10.7804,220.418,-44.476,,-40.2248
10.8004,136.666,-45.3524,,-43.1569
10.8204,48.4983,-45.7513,,-44.6977
10.8404,-41.2368,-45.7386,,-44.7918
10.8604,-129.64,-45.3315,,-43.4415
10.8802,-213.854,-44.5047,,-40.6853
10.9002,-291.158,-43.2492,,-36.6138
10.9203,-359.056,-41.5076,,-31.361
10.9403,-415.345,-39.1368,,-25.094
10.9603,-458.223,-35.9109,,-18.0182
10.9803,-486.291,-31.2355,,-10.3563
11.0003,-498.644,-23.3462,,-2.36558
11.0204,-494.891,-7.35856,,5.71012
11.0404,-475.141,14.6784,,13.5954
11.0604,-440.035,29.6992,,21.0439
11.0804,-390.717,37.4899,,27.8073
11.1004,-328.765,41.4363,,33.6774
11.1202,-256.192,43.5408,,38.4631
11.1402,-175.347,44.702,,41.9942
11.1603,-88.8314,45.3114,,44.1767
11.1803,0.551488,45.4686,,44.9297
11.2003,89.9159,45.2242,,44.2294
11.2203,176.378,44.5939,,42.1054
11.2403,257.136,43.547,,38.6132
11.2604,329.586,42.0318,,33.8769
11.2804,391.4,39.9519,,28.0546
11.3004,440.552,37.1604,,21.3094
11.3204,475.466,33.2673,,13.8856
11.3404,495.025,27.2131,,6.01222
11.3604,498.589,15.6457,,-2.0547
11.3802,486.05,-5.26098,,-10.0562
11.4002,457.795,-24.2867,,-17.7367
11.4203,414.745,-34.8561,,-24.8464
11.4403,358.292,-40.1977,,-31.1428
11.4603,290.258,-42.9775,,-36.4404
11.4803,212.854,-44.5128,,-40.554
11.5003,128.576,-45.3426,,-43.359
11.5204,40.1383,-45.692,,-44.7694
11.5404,-49.5962,-45.6395,,-44.7267
11.5604,-137.726,-45.2003,,-43.2413
11.5804,-221.404,-44.3407,,-40.3558
11.6004,-297.93,-43.0404,,-36.1754
11.6202,-364.833,-41.2424,,-30.8139
11.6402,-419.948,-38.8146,,-24.4717
11.6603,-461.491,-35.4917,,-17.3139
11.6803,-488.115,-30.624,,-9.62185
11.7003,-498.979,-22.2529,,-1.61238
11.7203,-493.712,-5.3163,,6.46026
11.7403,-472.5,16.4662,,14.3075
11.7604,-436.009,30.6345,,21.7116
11.7804,-385.435,37.9183,,28.3993
11.8004,-322.403,41.6313,,34.1728
11.8204,-248.955,43.6181,,38.8457
11.8404,-167.461,44.7174,,42.258
11.8604,-80.5603,45.277,,44.3084
11.8802,8.94562,45.3937,,44.9262
11.9002,98.1619,45.118,,44.0925
11.9203,184.205,44.4524,,41.8333
11.9403,264.296,43.3651,,38.2228
11.9603,335.851,41.7976,,33.3802
11.9803,396.544,39.6678,,27.4512
12.0003,444.44,36.796,,20.6474
12.0204,477.961,32.7699,,13.165
12.0404,496.046,26.409,,5.26436
12.0604,498.1,14.023,,-2.8118
12.0804,484.07,-7.37244,,-10.7922
12.1004,454.374,-25.5701,,-18.4315
12.1202,410.009,-35.4719,,-25.4666
12.1402,352.395,-40.4866,,-31.6883
12.1603,283.392,-43.1128,,-36.8697
12.1803,205.234,-44.5458,,-40.8759
12.2003,120.447,-45.3271,,-43.5522
12.2203,31.7664,-45.6509,,-44.8277
12.2403,-57.9421,-45.5603,,-44.6493
12.2604,-145.776,-45.0759,,-43.0298
12.2804,-228.902,-44.1787,,-40.0204
12.3004,-304.627,-42.8404,,-35.7182
12.3204,-370.509,-40.9902,,-30.2602
12.3404,-424.421,-38.4962,,-23.8274
12.3604,-464.623,-35.0704,,-16.6262
12.3802,-489.807,-29.9948,,-8.87664
12.4002,-499.166,-21.0817,,-0.858603
12.4203,-492.402,-3.23023,,7.20192
12.4403,-469.724,18.1576,,15.0322
12.4603,-431.855,31.5133,,22.3608
12.4803,-380.043,38.3334,,28.9853
12.5003,-315.946,41.8156,,34.658
12.5204,-241.642,43.6942,,39.219
12.5404,-159.529,44.7292,,42.5088
12.5604,-72.2647,45.2458,,44.4271
12.5804,17.3364,45.336,,44.9092
12.6004,106.377,45.0199,,43.9411
12.6202,191.979,44.3099,,41.5517
12.6402,271.379,43.1801,,37.8206
12.6603,342.009,41.5814,,32.8662
12.6803,401.59,39.3886,,26.851
12.7003,448.189,36.4285,,19.9725
12.7203,480.318,32.2535,,12.4432
12.7403,496.918,25.5627,,4.50808
12.7604,497.465,12.3171,,-3.55618
12.7804,481.949,-9.42861,,-11.5271
12.8004,450.831,-26.7781,,-19.1184
12.8204,405.165,-36.059,,-26.0853
12.8404,346.392,-40.7553,,-32.2203
12.8604,276.438,-43.229,,-37.2977
12.8802,197.554,-44.5921,,-41.181
12.9002,112.282,-45.3279,,-43.7333
12.9203,23.3837,-45.6057,,-44.8714
12.9403,-66.2707,-45.4777,,-44.558
12.9603,-153.784,-44.9536,,-42.8075
12.9803,-236.328,-44.0214,,-39.6707
13.0003,-311.235,-42.6467,,-35.2567
13.0204,-376.084,-40.7368,,-29.6947
13.0404,-428.777,-38.1684,,-23.1817
13.0604,-467.621,-34.6403,,-15.9231
13.0804,-491.364,-29.3488,,-8.13757
13.1004,-499.219,-19.8396,,-0.100612
13.1202,-490.944,-1.10319,,7.94711
13.1402,-466.813,19.78,,15.7378
13.1603,-427.591,32.3309,,23.0158
13.1803,-374.541,38.7203,,29.5566
13.2003,-309.403,42.0009,,35.1356
13.2203,-234.259,43.7726,,39.5831
13.2403,-151.552,44.7533,,42.7452
13.2604,-63.9495,45.2233,,44.5336
13.2804,25.7227,45.2716,,44.8804
13.3004,114.562,44.9181,,43.7761
13.3204,199.701,44.1802,,41.2604
13.3404,278.388,43.0128,,37.4059
13.3604,348.073,41.3493,,32.3421
13.3802,406.514,39.1023,,26.2487
13.4002,451.821,36.069,,19.2879
13.4203,482.528,31.7287,,11.7132
13.4403,497.648,24.6658,,3.76491
13.4603,496.693,10.5114,,-4.31239
13.4803,479.69,-11.4218,,-12.255
13.5003,447.168,-27.9041,,-19.802
13.5204,400.204,-36.6101,,-26.6936
13.5404,340.305,-41.0142,,-32.7415
13.5604,269.414,-43.3542,,-37.7132
13.5804,189.818,-44.6459,,-41.4806
13.6004,104.088,-45.3273,,-43.8995
13.6202,14.996,-45.5595,,-44.9039
13.6402,-74.5804,-45.4003,,-44.4551
13.6603,-161.748,-44.8476,,-42.5716
13.6803,-243.687,-43.8702,,-39.3113
13.7003,-317.752,-42.4426,,-34.7823
13.7203,-381.555,-40.4974,,-29.1245
13.7403,-433.019,-37.8556,,-22.5335
13.7604,-470.498,-34.197,,-15.2117
13.7804,-492.776,-28.6682,,-7.39268
13.8004,-499.128,-18.5185,,0.656161
13.8204,-489.353,1.0357,,8.68801
13.8404,-463.78,21.3124,,16.434
13.8604,-423.2,33.1026,,23.6697
13.8802,-368.946,39.0804,,30.1186
13.9002,-302.778,42.176,,35.6036
13.9203,-226.816,43.8594,,39.9364
13.9403,-143.535,44.7765,,42.972
13.9603,-55.6151,45.2042,,44.6268
13.9803,34.1016,45.2172,,44.8383
14.0003,122.717,44.8298,,43.6004
14.0204,207.367,44.0535,,40.9572
14.0404,285.316,42.8396,,36.9801
14.0604,354.045,41.1314,,31.8226
14.0804,411.336,38.8248,,25.6216
14.1004,455.329,35.6953,,18.6052
14.1202,484.611,31.1939,,10.9782
14.1402,498.247,23.7196,,3.01331
14.1603,495.784,8.62393,,-5.06462
14.1803,477.295,-13.3508,,-12.9791
14.2003,443.375,-28.9724,,-20.4734
14.2203,395.124,-37.1228,,-27.3079
14.2403,334.115,-41.2682,,-33.2417
14.2604,262.312,-43.4747,,-38.1247
14.2804,182.029,-44.6911,,-41.7639
14.3004,95.8639,-45.3226,,-44.0548
14.3204,6.60343,-45.528,,-44.9231
14.3404,-82.8689,-45.3329,,-44.3381
14.3604,-169.664,-44.7375,,-42.3245
14.3802,-250.98,-43.7228,,-38.9403
14.4002,-324.181,-42.2547,,-34.2972
14.4203,-386.899,-40.246,,-28.547
14.4403,-437.134,-37.5269,,-21.8773
14.4603,-473.237,-33.7618,,-14.4992
14.4803,-494.05,-27.9682,,-6.65215
14.5003,-498.9,-17.0942,,1.41568
14.5204,-487.631,3.1765,,9.42647
14.5404,-460.602,22.7387,,17.1431
14.5604,-418.682,33.8245,,24.3039
14.5804,-363.237,39.4415,,30.6762
14.6004,-296.05,42.3471,,36.0611
14.6202,-219.307,43.929,,40.2714
14.6402,-135.477,44.803,,43.1873
14.6603,-47.2663,45.1944,,44.7095
14.6803,42.471,45.1618,,44.7835
14.7003,130.835,44.7414,,43.4118
14.7203,214.972,43.9217,,40.6367
14.7403,292.162,42.667,,36.5507
14.7604,359.917,40.9149,,31.2838
14.7804,416.033,38.5422,,24.9984
14.8004,458.702,35.31,,17.9116
14.8204,486.556,30.6303,,10.2503
14.8404,498.701,22.7091,,2.25765
14.8604,494.727,6.66398,,-5.82001
14.8802,474.763,-15.2022,,-13.6973
14.9002,439.456,-29.9787,,-21.146
14.9203,389.934,-37.6181,,-27.9018
14.9403,327.826,-41.5038,,-33.7498
14.9603,255.129,-43.591,,-38.5159
14.9803,174.184,-44.7527,,-42.0355
15.0003,87.6116,-45.3357,,-44.1966
15.0204,-1.79012,-45.4928,,-44.9294
15.0404,-91.1353,-45.2667,,-44.2111
15.0604,-177.537,-44.6393,,-42.0652
15.0804,-258.199,-43.5724,,-38.5559
15.1004,-330.515,-42.0595,,-33.8038
15.1202,-392.159,-40.0053,,-27.9642
15.1402,-441.128,-37.2165,,-21.2105
15.1603,-475.842,-33.3002,,-13.7842
15.1803,-495.186,-27.2199,,-5.90009
15.2003,-498.526,-15.5925,,2.1675
15.2203,-485.759,5.28661,,10.1697
15.2403,-457.295,24.099,,17.8347
15.2604,-414.056,34.5124,,24.9309
15.2804,-357.427,39.7661,,31.2303
15.3004,-289.25,42.5003,,36.5033
15.3204,-211.735,44.0068,,40.6023
15.3404,-127.375,44.8353,,43.3897
15.3604,-38.9036,45.1709,,44.777
15.3802,50.8287,45.1015,,44.7171
15.4002,138.916,44.6526,,43.2091
15.4203,222.519,43.7981,,40.3114
15.4403,298.924,42.4915,,36.1021
15.4603,365.678,40.6917,,30.736
15.4803,420.607,38.2629,,24.3712
15.5003,461.959,34.9219,,17.2201
15.5204,488.373,30.051,,9.50845
15.5404,499.015,21.6386,,1.50119
15.5604,493.53,4.63922,,-6.56584
15.5804,472.097,-16.9749,,-14.4121
15.6004,435.409,-30.9178,,-21.8113
15.6202,384.636,-38.0709,,-28.4875
15.6402,321.452,-41.7323,,-34.2469
15.6603,247.878,-43.7076,,-38.8984
15.6803,166.293,-44.7949,,-42.2987
15.7003,79.3359,-45.3396,,-44.3245
15.7203,-10.1837,-45.465,,-44.9249
15.7403,-99.3745,-45.1951,,-44.0699
15.7604,-185.354,-44.5266,,-41.7924
15.7804,-265.347,-43.4308,,-38.165
15.8004,-336.764,-41.8737,,-33.3006
15.8204,-397.297,-39.7473,,-27.369
15.8404,-444.998,-36.8748,,-20.5437
15.8604,-478.314,-32.8345,,-13.0615
15.8802,-496.186,-26.4403,,-5.15303
15.9002,-498.02,-13.9819,,2.92166
15.9203,-483.764,7.37864,,10.9018
15.9403,-453.863,25.3822,,18.5344
15.9603,-409.301,35.1484,,25.5547
15.9803,-351.515,40.0805,,31.7677
16.0003,-282.37,42.6643,,36.9363
16.0204,-204.105,44.0846,,40.9205
16.0404,-119.242,44.8539,,43.5801
16.0604,-30.5288,45.1583,,44.8335
16.0804,59.1715,45.0583,,44.6373
16.1004,146.96,44.5681,,42.9978
16.1202,230,43.6676,,39.9691
16.1402,305.604,42.3252,,35.6484
16.1603,371.344,40.4754,,30.1838
16.1803,425.073,37.9669,,23.7295
16.2003,465.074,34.53,,16.5199
16.2203,490.045,29.4491,,8.77365
16.2403,499.188,20.4848,,0.740562
16.2604,492.195,2.5681,,-7.31019
16.2804,469.307,-18.6569,,-15.1278
16.3004,431.239,-31.7989,,-22.4669
16.3204,379.235,-38.5029,,-29.0724
16.3404,314.985,-41.9464,,-34.7239
16.3604,240.559,-43.8188,,-39.2723
16.3802,158.358,-44.8441,,-42.5474
16.4002,71.0376,-45.3452,,-44.4441
16.4203,-18.5746,-45.4319,,-44.906
16.4403,-107.585,-45.1325,,-43.9161
16.4603,-193.122,-44.4242,,-41.5092
16.4803,-272.416,-43.284,,-37.7618
16.5003,-342.909,-41.6794,,-32.7903
16.5204,-402.332,-39.4992,,-26.7678
16.5404,-448.742,-36.539,,-19.8646
16.5604,-480.646,-32.3472,,-12.3347
16.5804,-497.036,-25.6165,,-4.40256
16.6004,-497.364,-12.2794,,3.67174
16.6202,-481.615,9.42574,,11.637
16.6402,-450.302,26.5857,,19.2157
16.6603,-404.437,35.7467,,26.1802
16.6803,-345.503,40.3798,,32.2904
16.7003,-275.412,42.8175,,37.3612
16.7203,-196.416,44.1601,,41.2279
16.7403,-111.074,44.878,,43.7579
16.7604,-22.1469,45.1538,,44.8766
16.7804,67.4976,45.0086,,44.5449
16.8004,154.961,44.4727,,42.7714
16.8204,237.418,43.5473,,39.6199
16.8404,312.199,42.162,,35.1853
16.8604,376.899,40.2462,,29.6154
16.8802,429.413,37.6713,,23.0871
16.9002,468.057,34.1333,,15.8126
16.9203,491.574,28.8263,,8.03041
16.9403,499.215,19.2477,,-8.54E-03
16.9603,490.724,0.452881,,-8.05984
16.9803,466.373,-20.2497,,-15.839
17.0003,426.948,-32.6243,,-23.1155
17.0204,373.731,-38.9144,,-29.6383
17.0404,308.431,-42.1572,,-35.2044
17.0604,233.168,-43.9202,,-39.6356
17.0804,150.371,-44.8919,,-42.7816
17.1004,62.7196,-45.3511,,-44.547
17.1202,-26.9591,-45.4017,,-44.8751
17.1402,-115.768,-45.0648,,-43.7512
17.1603,-200.835,-44.3154,,-41.2145
17.1803,-279.412,-43.1397,,-37.3441
17.2003,-348.957,-41.4877,,-32.2732
17.2203,-407.24,-39.2432,,-26.1509
17.2403,-452.353,-36.1911,,-19.1886
17.2604,-482.851,-31.8438,,-11.6093
17.2804,-497.751,-24.7355,,-3.64539
17.3004,-496.559,-10.4818,,4.42425
17.3204,-479.344,11.4044,,12.3553
17.3404,-446.617,27.7172,,19.9067
17.3604,-399.452,36.3101,,26.79
17.3802,-339.397,40.6644,,32.8061
17.4002,-268.374,42.9613,,37.7783
17.4203,-188.671,44.2329,,41.5227
17.4403,-102.876,44.9086,,43.9215
17.4603,-13.7582,45.1383,,44.9076
17.4803,75.8049,44.96,,44.4397
17.5003,162.918,44.3895,,42.5345
17.5204,244.765,43.4247,,39.2591
17.5404,318.705,41.9969,,34.7071
17.5604,382.346,40.0266,,29.0433
17.5804,433.637,37.3766,,22.4426
17.6004,470.917,33.7182,,15.0988
17.6202,492.965,28.1636,,7.28594
17.6402,499.106,17.9271,,-0.765311
17.6603,489.106,-1.67087,,-8.8032
17.6803,463.312,-21.7619,,-16.5407
17.7003,422.534,-33.4003,,-23.7576
17.7203,368.115,-39.2981,,-30.2056
17.7403,301.785,-42.3574,,-35.6685
17.7604,225.712,-44.0241,,-39.9849
17.7804,142.349,-44.9404,,-43.0063
17.8004,54.3831,-45.3546,,-44.6401
17.8204,-35.3373,-45.3745,,-44.8313
17.8404,-123.916,-44.9938,,-43.5715
17.8604,-208.491,-44.2108,,-40.9092
17.8802,-286.332,-42.9952,,-36.9222
17.9002,-354.917,-41.2908,,-31.7438
17.9203,-412.04,-38.9827,,-25.527
17.9403,-455.835,-35.8435,,-18.4989
17.9603,-484.904,-31.3286,,-10.8776
17.9803,-498.322,-23.7956,,-2.90113
18.0003,-495.637,-8.59573,,5.17419
18.0204,-476.929,13.313,,13.0908
18.0404,-442.8,28.7795,,20.5692
18.0604,-394.367,36.8432,,27.3968
18.0804,-333.187,40.9298,,33.3237
18.1004,-261.249,43.0964,,38.1789
18.1202,-180.873,44.3053,,41.8031
18.1402,-94.649,44.9405,,44.0749
18.1603,-5.366,45.1219,,44.9258
18.1803,84.0905,44.9092,,44.3215
18.2003,170.83,44.3075,,42.287
18.2203,252.05,43.2995,,38.8839
18.2403,325.123,41.8161,,34.2259
18.2604,387.686,39.7974,,28.4542
18.2804,437.729,37.0761,,21.7922
18.3004,473.638,33.2854,,14.389
18.3204,494.223,27.4707,,6.53531
18.3404,498.854,16.5203,,-1.52059
18.3604,487.361,-3.79651,,-9.53807
18.3802,460.122,-23.1994,,-17.2498
18.4002,418.004,-34.1297,,-24.3949
18.4203,362.385,-39.6582,,-30.7583
18.4403,295.052,-42.542,,-36.1246
18.4603,218.191,-44.1248,,-40.321
18.4803,134.281,-44.988,,-43.2191
18.5003,46.0325,-45.3583,,-44.7197
18.5204,-43.7052,-45.338,,-44.7747
18.5404,-132.031,-44.9344,,-43.384
18.5604,-216.092,-44.1068,,-40.5898
18.5804,-293.164,-42.8424,,-36.4814
18.6004,-360.773,-41.0883,,-31.2039
18.6202,-416.715,-38.7234,,-24.913
18.6402,-459.202,-35.4872,,-17.8089
18.6603,-486.837,-30.7805,,-10.1369
18.6803,-498.757,-22.7904,,-2.1426
18.7003,-494.556,-6.6416,,5.92449
18.7203,-474.381,15.1502,,13.8084
18.7403,-438.864,29.7865,,21.2415
18.7604,-389.166,37.3424,,27.9837
18.7804,-326.896,41.1827,,33.8255
18.8004,-254.065,43.2357,,38.576
18.8204,-173.022,44.3738,,42.0753
18.8404,-86.3932,44.9617,,44.2154
18.8604,3.02897,45.1064,,44.9304
18.8802,92.3527,44.8584,,44.1918
18.9002,178.691,44.2319,,42.0226
18.9203,259.258,43.1705,,38.5017
18.9403,331.445,41.6389,,33.7314
18.9603,392.925,39.5661,,27.8778
18.9803,441.708,36.7716,,21.1107
19.0003,476.214,32.8476,,13.6751
19.0204,495.338,26.7346,,5.7936
19.0404,498.46,15.0062,,-2.28429
19.0604,485.465,-5.90614,,-10.2696
19.0804,456.789,-24.5422,,-17.9456
19.1004,413.357,-34.8155,,-25.0286
19.1202,356.556,-40.0111,,-31.3024
19.1402,288.243,-42.7211,,-36.5646
19.1603,210.613,-44.2228,,-40.6528
19.1803,126.177,-45.0289,,-43.4193
19.2003,37.6671,-45.3696,,-44.7856
19.2203,-52.06,-45.316,,-44.7053
19.2403,-140.106,-44.8643,,-43.1786
19.2604,-223.622,-43.9985,,-40.2621
19.2804,-299.918,-42.6916,,-36.0378
19.3004,-366.512,-40.8904,,-30.6477
19.3204,-421.275,-38.4647,,-24.286
19.3404,-462.43,-35.1141,,-17.115
19.3604,-488.627,-30.208,,-9.40155
19.3802,-499.046,-21.7269,,-1.38762
19.4002,-493.347,-4.62587,,6.67216
19.4203,-471.694,16.9123,,14.5303
19.4403,-434.803,30.7252,,21.8973
19.4603,-383.857,37.8067,,28.5775
19.4803,-320.507,41.4244,,34.3182
19.5003,-246.799,43.3672,,38.9545
19.5204,-165.128,44.4406,,42.335
19.5404,-78.1137,44.9809,,44.3432
19.5604,11.4212,45.0978,,44.9229
19.5804,100.588,44.8121,,44.049
19.6004,186.507,44.1308,,41.7533
19.6202,266.395,43.0376,,38.1058
19.6402,337.676,41.4748,,33.2275
19.6603,398.049,39.3358,,27.2757
19.6803,445.551,36.4446,,20.4424
19.7003,478.671,32.3862,,12.9592
19.7203,496.32,25.9727,,5.03784
19.7403,497.919,13.3988,,-3.0331
19.7604,483.442,-7.98881,,-11.0112
19.7804,453.346,-25.8154,,-18.6299
19.8004,408.586,-35.4526,,-25.6587
19.8204,350.628,-40.3324,,-31.8346
19.8404,281.349,-42.9025,,-37.0006
19.8604,202.971,-44.3137,,-40.9674
19.8802,118.038,-45.0719,,-43.6068
19.9002,29.292,-45.3755,,-44.8405
19.9203,-60.4013,-45.2853,,-44.624
19.9403,-148.144,-44.7929,,-42.9648
19.9603,-231.097,-43.8873,,-39.9175
19.9803,-306.583,-42.547,,-35.5821
20.0003,-372.163,-40.6932,,-30.0969
20.0204,-425.724,-38.183,,-23.6358
20.0404,-465.516,-34.7286,,-16.4168
20.0604,-490.279,-29.6238,,-8.66478
20.0804,-499.199,-20.5775,,-0.634246
20.1004,-491.99,-2.5464,,7.42196
20.1202,-468.888,18.5876,,15.2355
20.1402,-430.618,31.6095,,22.5623
20.1603,-378.434,38.2557,,29.1517
20.1803,-314.028,41.6537,,34.8004
20.2003,-239.473,43.4909,,39.3282
20.2203,-157.185,44.5134,,42.5802
20.2403,-69.813,45.0083,,44.4605
20.2604,19.8119,45.0823,,44.9027
20.2804,108.796,44.7622,,43.8933
20.3004,194.264,44.0511,,41.4675
20.3204,273.452,42.9144,,37.6985
20.3404,343.816,41.2848,,32.7215
20.3604,403.061,39.1015,,26.6677
20.3802,449.276,36.1285,,19.7689
20.4002,480.985,31.9152,,12.228
20.4203,497.151,25.1422,,4.29127
20.4403,497.251,11.6921,,-3.78663
20.4603,481.292,-10.0106,,-11.7379
20.4803,449.772,-27.0142,,-19.3172
20.5003,403.711,-36.0619,,-26.2756
20.5204,344.609,-40.6417,,-32.3622
20.5404,274.378,-43.0625,,-37.4268
20.5604,195.275,-44.4082,,-41.2714
20.5804,109.869,-45.1183,,-43.7833
20.6004,20.9092,-45.3756,,-44.8817
20.6202,-68.7248,-45.2454,,-44.5304
20.6402,-156.137,-44.7259,,-42.736
20.6603,-238.504,-43.7812,,-39.5686
20.6803,-313.166,-42.3857,,-35.116
20.7003,-377.707,-40.4841,,-29.5308
20.7203,-430.043,-37.9049,,-22.9874
20.7403,-468.49,-34.345,,-15.7133
20.7604,-491.783,-29.0002,,-7.9212
20.7804,-499.215,-19.341,,0.120913
20.8004,-490.497,-0.439758,,8.16671
20.8204,-465.932,20.172,,15.9451
20.8404,-426.303,32.4359,,23.2078
20.8604,-372.909,38.6701,,29.7258
20.8802,-307.458,41.8769,,35.275
20.9002,-232.072,43.607,,39.6869
20.9203,-149.193,44.5714,,42.814
20.9403,-61.4916,45.0288,,44.5631
20.9603,28.1962,45.0642,,44.8696
20.9803,116.972,44.7116,,43.7263
21.0003,201.972,43.9586,,41.1738
21.0204,280.44,42.7729,,37.2796
21.0404,349.851,41.1103,,32.1929
21.0604,407.955,38.8622,,26.0625
21.0804,452.874,35.8005,,19.0868
21.1004,483.166,31.4192,,11.4984
21.1202,497.843,24.2646,,3.53991
21.1402,496.445,9.89169,,-4.53179
21.1603,478.993,-11.9857,,-12.4783
21.1803,446.062,-28.1383,,-19.9919
21.2003,398.725,-36.6298,,-26.8764
21.2203,338.488,-40.9358,,-32.8942
21.2403,267.322,-43.2266,,-37.8364
21.2604,187.52,-44.4943,,-41.5623
21.2804,101.664,-45.1594,,-43.9482
21.3004,12.5185,-45.3838,,-44.909
21.3204,-77.0288,-45.2111,,-44.4234
21.3404,-164.088,-44.6518,,-42.4969
21.3604,-245.843,-43.675,,-39.205
21.3802,-319.66,-42.233,,-34.6402
21.4002,-383.149,-40.2717,,-28.9581
21.4203,-434.253,-37.624,,-22.3418
21.4403,-471.328,-33.9396,,-14.9969
21.4603,-493.161,-28.3444,,-7.17464
21.4803,-499.074,-18.0181,,0.879042
21.5003,-488.865,1.68,,8.90086
21.5204,-462.854,21.6794,,16.6562
21.5404,-421.874,33.2166,,23.8548
21.5604,-367.265,39.0599,,30.2828
21.5804,-300.794,42.0832,,35.7387
21.6004,-224.606,43.728,,40.0339
21.6202,-141.159,44.6337,,43.0381
21.6402,-53.1524,45.0491,,44.6525
21.6603,36.5725,45.0479,,44.8235
21.6803,125.115,44.6547,,43.5463
21.7003,209.617,43.8617,,40.8631
21.7203,287.342,42.6426,,36.855
21.7403,355.783,40.9348,,31.6572
21.7604,412.732,38.6095,,25.447
21.7804,456.344,35.4545,,18.4022
21.8004,485.209,30.9065,,10.7681
21.8204,498.395,23.3264,,2.78384
21.8404,495.489,8.00636,,-5.28343
21.8604,476.561,-13.8804,,-13.1979
21.8802,442.229,-29.2042,,-20.6735
21.9002,393.609,-37.1708,,-27.4746
21.9203,332.268,-41.2102,,-33.4022
21.9403,260.198,-43.3762,,-38.2379
21.9603,179.719,-44.5829,,-41.8451
21.9803,93.4302,-45.1997,,-44.0989
22.0003,4.12677,-45.3856,,-44.9256
22.0204,-85.3112,-45.1782,,-44.3031
22.0404,-171.991,-44.5794,,-42.2472
22.0604,-253.116,-43.5597,,-38.8285
22.0804,-326.059,-42.0769,,-34.1534
22.1004,-388.479,-40.0609,,-28.3803
22.1202,-438.327,-37.3301,,-21.6781
22.1402,-474.017,-33.5199,,-14.2811
22.1603,-494.395,-27.6587,,-6.43311
22.1803,-498.803,-16.5976,,1.63472
22.2003,-487.092,3.80009,,9.64406
22.2203,-459.644,23.1034,,17.3487
22.2403,-417.329,33.9533,,24.4959
22.2604,-361.526,39.4324,,30.8373
22.2804,-294.055,42.2812,,36.1886
22.3004,-217.078,43.8415,,40.3712
22.3204,-133.091,44.6984,,43.2498
22.3404,-44.8,45.0665,,44.7292
22.3604,44.9382,45.0246,,44.766
22.3802,133.224,44.6001,,43.3535
22.4002,217.204,43.7665,,40.5429
22.4203,294.166,42.5081,,36.4184
22.4403,361.618,40.7424,,31.1179
22.4603,417.394,38.3528,,24.8208
22.4803,459.682,35.1088,,17.7069
22.5003,487.122,30.3743,,10.039
22.5204,498.809,22.327,,2.0223
22.5404,494.39,6.04267,,-6.02987
22.5604,473.995,-15.7097,,-13.9178
22.5804,438.266,-30.1967,,-21.3442
22.6004,388.389,-37.666,,-28.0684
22.6202,325.958,-41.4734,,-33.8983
22.6402,252.997,-43.5263,,-38.6311
22.6603,171.861,-44.6608,,-42.1139
22.6803,85.1733,-45.237,,-44.2366
22.7003,-4.26724,-45.3822,,-44.9293
22.7203,-93.5685,-45.144,,-44.1702
22.7403,-179.85,-44.5065,,-41.9869
22.7604,-260.315,-43.4385,,-38.4412
22.7804,-332.372,-41.9122,,-33.657
22.8004,-393.689,-39.8427,,-27.7883
22.8204,-442.281,-37.0277,,-21.0163
22.8404,-476.588,-33.0869,,-13.5676
22.8604,-495.49,-26.9277,,-5.67983
22.8802,-498.388,-15.0787,,2.38841
22.9002,-485.186,5.90921,,10.3844
22.9203,-456.298,24.4465,,18.0396
22.9403,-412.667,34.6355,,25.1212
22.9603,-355.692,39.7881,,31.3866
22.9803,-287.232,42.4763,,36.6317
23.0003,-209.493,43.9428,,40.6986
23.0204,-124.982,44.7464,,43.4471
23.0404,-36.4324,45.0905,,44.7948
23.0604,53.2915,45.0101,,44.6942
23.0804,141.293,44.537,,43.1493
23.1004,224.73,43.675,,40.2092
23.1202,300.906,42.3727,,35.976
23.1402,367.36,40.5538,,30.5698
23.1603,421.937,38.0968,,24.182
23.1803,462.889,34.7395,,17.013
23.2003,488.887,29.8164,,9.29839
23.2203,499.084,21.256,,1.27412
23.2403,493.158,4.01335,,-6.78354
23.2604,471.288,-17.4547,,-14.6325
23.2804,434.192,-31.1338,,-22.0035
23.3004,383.056,-38.1391,,-28.6576
23.3204,319.56,-41.7281,,-34.388
23.3404,245.724,-43.6634,,-39.0139
23.3604,163.958,-44.7378,,-42.3687
23.3802,76.89,-45.2686,,-44.3644
23.4002,-12.6602,-45.3786,,-44.9195
23.4203,-101.8,-45.1021,,-44.0263
23.4403,-187.654,-44.422,,-41.7105
23.4603,-267.44,-43.3284,,-38.047
23.4803,-338.588,-41.7513,,-33.1525
23.5003,-398.796,-39.6118,,-27.1899
23.5204,-446.117,-36.7179,,-20.3478
23.5404,-479.018,-32.6345,,-12.8412
23.5604,-496.448,-26.1564,,-4.93592
23.5804,-497.837,-13.4597,,3.1458
23.6004,-483.136,7.97851,,11.1198
23.6202,-452.83,25.7098,,18.7333
23.6402,-407.882,35.2848,,25.7375
23.6603,-349.749,40.1218,,31.9256
23.6803,-280.324,42.6564,,37.0637
23.7003,-201.841,44.0484,,41.0134
23.7203,-116.836,44.8091,,43.6327
23.7403,-28.0564,45.0974,,44.8466
23.7604,61.6302,44.9826,,44.6112
23.7804,149.323,44.4869,,42.9301
23.8004,232.193,43.5816,,39.8701
23.8204,307.56,42.2254,,35.5123
23.8404,372.991,40.3489,,30.0189
23.8604,426.366,37.8368,,23.5386
23.8802,465.974,34.3785,,16.3179
23.9002,490.517,29.2263,,8.54763
23.9203,499.211,20.0924,,0.522557
23.9403,491.785,1.93802,,-7.52812
23.9603,468.448,-19.1105,,-15.3498
23.9803,429.986,-32.0135,,-22.652
24.0003,377.615,-38.5913,,-29.2405
24.0204,313.064,-41.9706,,-34.8677
24.0404,238.385,-43.7942,,-39.3792
24.0604,156.006,-44.8078,,-42.6191
24.0804,68.5858,-45.3025,,-44.4745
24.1004,-21.0487,-45.3802,,-44.8986
24.1202,-110.003,-45.0617,,-43.869
24.1402,-195.403,-44.3427,,-41.4241
24.1603,-274.493,-43.2045,,-37.6399
24.1803,-344.705,-41.5829,,-32.634
24.2003,-403.783,-39.3821,,-26.5859
24.2203,-449.817,-36.4076,,-19.6726
24.2403,-481.316,-32.1703,,-12.1194
24.2604,-497.262,-25.3301,,-4.18067
24.2804,-497.144,-11.7406,,3.89988
24.3004,-480.954,10.0012,,11.8443
24.3204,-449.224,26.9001,,19.4244
24.3404,-402.984,35.8952,,26.3527
24.3604,-343.712,40.4359,,32.4517
24.3802,-273.336,42.829,,37.4852
24.4002,-194.133,44.1524,,41.315
24.4203,-108.659,44.857,,43.8065
24.4403,-19.6714,45.1089,,44.8861
24.4603,69.9505,44.9629,,44.5136
24.4803,157.313,44.427,,42.7054
24.5003,239.593,43.478,,39.5147
24.5204,314.131,42.0765,,35.043
24.5404,378.519,40.1573,,29.4505
24.5604,430.679,37.5706,,22.8992
24.5804,468.916,33.9831,,15.6032
24.6004,492.008,28.6056,,7.81124
24.6202,499.201,18.8551,,-0.235861
24.6402,490.269,-0.171219,,-8.27641
24.6603,465.48,-20.6893,,-16.0518
24.6803,425.659,-32.8425,,-23.3043
24.7003,372.077,-39.0126,,-29.8019
24.7203,306.481,-42.1921,,-35.3476
24.7403,230.974,-43.9213,,-39.7359
24.7604,148.009,-44.8845,,-42.8512
24.7804,60.2627,-45.3359,,-44.5765
24.8004,-29.4325,-45.3675,,-44.8636
24.8204,-118.176,-45.0181,,-43.7001
24.8404,-203.102,-44.2625,,-41.1252
24.8604,-281.462,-43.0813,,-37.2222
24.8802,-350.729,-41.4109,,-32.1126
24.9002,-408.664,-39.1487,,-25.9712
24.9203,-453.396,-36.08,,-18.9883
24.9403,-483.476,-31.6744,,-11.3907
24.9603,-497.936,-24.4546,,-3.42723
24.9803,-496.305,-9.93159,,4.6508
25.0003,-478.643,11.9683,,12.5736
25.0204,-445.501,28.0256,,20.0964
25.0404,-397.967,36.457,,26.9687
25.0604,-337.575,40.7403,,32.9649
25.0804,-266.277,42.9995,,37.8952
25.1004,-186.375,44.2369,,41.6085
25.1202,-100.45,44.9017,,43.9676
25.1402,-11.2815,45.1253,,44.9126
25.1603,78.2512,44.9407,,44.4054
25.1803,165.256,44.3536,,42.4636
25.2003,246.924,43.373,,39.1505
25.2203,320.607,41.9373,,34.5634
25.2403,383.937,39.9544,,28.8758
25.2604,434.853,37.2827,,22.2431
25.2804,471.725,33.5838,,14.8948
25.3004,493.356,27.9572,,7.06547
25.3204,499.043,17.5262,,-0.992048
25.3404,488.616,-2.29192,,-9.01331
25.3604,462.383,-22.1896,,-16.754
25.3802,421.211,-33.6218,,-23.9488
25.4002,366.434,-39.4086,,-30.3661
25.4203,299.811,-42.4092,,-35.8037
25.4403,223.5,-44.0462,,-40.0872
25.4603,139.971,-44.9522,,-43.0697
25.4803,51.922,-45.3636,,-44.6651
25.5003,-37.8071,-45.3573,,-44.8164
25.5204,-126.313,-44.9729,,-43.5173
25.5404,-210.736,-44.1799,,-40.8145
25.5604,-288.356,-42.952,,-36.7952
25.5804,-356.656,-41.2301,,-31.5863
25.6004,-413.434,-38.9092,,-25.3501
25.6202,-456.839,-35.7432,,-18.2919
25.6402,-485.494,-31.17,,-10.663
25.6603,-498.465,-23.5138,,-2.67526
25.6803,-495.325,-8.03404,,5.40768
25.7003,-476.182,13.8612,,13.2938
25.7203,-441.648,29.0845,,20.7669
25.7403,-392.844,37.0004,,27.5724
25.7604,-331.344,41.0214,,33.4697
25.7804,-259.14,43.1504,,38.2981
25.8004,-178.563,44.3316,,41.8858
25.8204,-92.2143,44.9533,,44.1189
25.8404,-2.88838,45.1259,,44.9265
25.8604,86.5297,44.9048,,44.2835
25.8802,173.151,44.2968,,42.2106
25.9002,254.183,43.2732,,38.7735
25.9203,326.997,41.7742,,34.0837
25.9403,389.248,39.7384,,28.2872
25.9603,438.918,36.9945,,21.5788
25.9803,474.403,33.1713,,14.1778
26.0003,494.561,27.2694,,6.32568
26.0204,498.757,16.0852,,-1.7451
26.0404,486.823,-4.4142,,-9.7555
26.0604,459.149,-23.6015,,-17.4539
26.0804,416.648,-34.35,,-24.5798
26.1004,360.68,-39.7855,,-30.9253
26.1202,293.053,-42.6146,,-36.2524
26.1402,215.965,-44.1649,,-40.4207
26.1603,131.895,-45.0208,,-43.2812
26.1803,43.565,-45.3845,,-44.74
26.2003,-46.1715,-45.3444,,-44.7554
26.2203,-134.416,-44.9298,,-43.3237
26.2403,-218.32,-44.0978,,-40.4946
26.2604,-295.169,-42.817,,-36.357
26.2804,-362.486,-41.0452,,-31.0424
26.3004,-418.079,-38.6687,,-24.7188
26.3204,-460.161,-35.4073,,-17.606
26.3404,-487.383,-30.6274,,-9.92175
26.3604,-498.855,-22.4992,,-1.91948
26.3802,-494.212,-6.06842,,6.14628
26.4002,-473.6,15.6695,,14.0235
26.4203,-437.664,30.0817,,21.435
26.4403,-387.605,37.5112,,28.1583
26.4603,-325.014,41.2833,,33.9757
26.4803,-251.928,43.2983,,38.683
26.5003,-170.699,44.4216,,42.1519
26.5204,-83.9537,44.997,,44.2558
26.5404,5.50483,45.1301,,44.9291
26.5604,94.785,44.8707,,44.15
26.5804,181.002,44.2286,,41.9452
26.6004,261.369,43.1608,,38.3853
26.6202,333.292,41.6257,,33.582
26.6402,394.441,39.526,,27.6977
26.6603,442.855,36.6978,,20.9269
26.6803,476.955,32.7484,,13.448
26.7003,495.636,26.5372,,5.58233
26.7203,498.325,14.5524,,-2.49987
26.7403,484.893,-6.51471,,-10.4967
26.7604,455.792,-24.9316,,-18.1455
26.7804,411.965,-35.0347,,-25.209
26.8004,354.832,-40.1425,,-31.4671
26.8204,286.217,-42.812,,-36.6977
26.8404,208.366,-44.2822,,-40.7422
26.8604,123.782,-45.0747,,-43.4783
26.8802,35.1985,-45.4048,,-44.8032
26.9002,-54.5226,-45.3399,,-44.6827
26.9203,-142.481,-44.8744,,-43.1176
26.9403,-225.837,-43.9952,,-40.1616
26.9603,-301.895,-42.686,,-35.9066
26.9803,-368.199,-40.8715,,-30.4868
27.0003,-422.601,-38.4077,,-24.0862
27.0204,-463.348,-35.0329,,-16.914
27.0404,-489.133,-30.0759,,-9.18434
27.0604,-499.106,-21.423,,-1.16747
27.0804,-492.958,-4.03091,,6.89631
27.1004,-470.879,17.4142,,14.7352
27.1202,-433.577,31.0186,,22.1015
27.1402,-382.266,37.9828,,28.7414
27.1603,-318.601,41.5389,,34.4646
27.1803,-244.644,43.4404,,39.068
27.2003,-162.786,44.5056,,42.4053
27.2203,-75.6671,45.0353,,44.3787
27.2403,13.8974,45.1323,,44.9179
27.2604,103.013,44.8412,,44.0045
27.2804,188.799,44.1545,,41.6686
27.3004,268.486,43.0471,,37.9874
27.3204,339.496,41.4623,,33.0758
27.3404,399.537,39.3079,,27.1021
27.3604,446.663,36.403,,20.2426
27.3802,479.358,32.2939,,12.7356
27.4002,496.573,25.7616,,4.82856
27.4203,497.742,12.9313,,-3.25833
27.4403,482.823,-8.57894,,-11.2223
27.4603,452.304,-26.1928,,-18.8392
27.4803,407.155,-35.6806,,-25.8321
27.5003,348.868,-40.4728,,-31.9984
27.5204,279.29,-42.997,,-37.1294
27.5404,200.706,-44.3831,,-41.0544
27.5604,115.632,-45.136,,-43.6608
27.5804,26.8197,-45.4251,,-44.8534
27.6004,-62.8589,-45.3199,,-44.5982
27.6202,-150.507,-44.8207,,-42.8981
27.6402,-233.289,-43.9033,,-39.8152
27.6603,-308.536,-42.5486,,-35.4468
27.6803,-373.811,-40.679,,-29.9323
27.7003,-427.013,-38.1429,,-23.4478
27.7203,-466.415,-34.6575,,-16.2111
27.7403,-490.751,-29.486,,-8.44371
27.7604,-499.221,-20.2603,,-0.40692
27.7804,-491.565,-1.94419,,7.64227
27.8004,-468.021,19.0768,,15.4471
27.8204,-429.352,31.8927,,22.753
27.8404,-376.81,38.4284,,29.3216
27.8604,-312.097,41.7827,,34.9434
27.8802,-237.29,43.5906,,39.4323
27.9002,-154.828,44.5835,,42.6519
27.9203,-67.3579,45.0696,,44.4906
27.9403,22.2865,45.1352,,44.893
27.9603,111.211,44.8098,,43.8462
27.9803,196.544,44.0809,,41.3782
28.0003,275.522,42.9308,,37.5803
28.0204,345.598,41.3006,,32.5607
28.0404,404.509,39.0892,,26.4917
28.0604,450.356,36.0924,,19.5719
28.0804,481.637,31.8273,,12.0104
28.1004,497.367,24.9343,,4.07041
28.1202,497.023,11.2049,,-4.00807
28.1402,480.627,-10.592,,-11.9519
28.1603,448.693,-27.3798,,-19.5187
28.1803,402.249,-36.2796,,-26.4537
28.2003,342.812,-40.7885,,-32.527
28.2203,272.299,-43.1766,,-37.5409
28.2403,192.992,-44.4852,,-41.3605
28.2604,107.45,-45.1903,,-43.8318
28.2804,18.4346,-45.4453,,-44.8914
28.3004,-71.1779,-45.3013,,-44.5007
28.3204,-158.489,-44.7575,,-42.6684
28.3404,-240.678,-43.8066,,-39.4576
28.3604,-315.088,-42.409,,-34.9782
28.3802,-379.319,-40.4851,,-29.3628
28.4002,-431.3,-37.8754,,-22.8
28.4203,-469.34,-34.2804,,-15.5051
28.4403,-492.215,-28.8608,,-7.69877
28.4603,-499.188,-18.9994,,0.344894
28.4803,-490.032,0.169123,,8.38951
28.5003,-465.034,20.6455,,16.1483
28.5204,-425.01,32.7218,,23.404
28.5404,-371.254,38.8506,,29.8905
28.5604,-305.498,42.0182,,35.4103
28.5804,-229.877,43.7206,,39.7915
28.6004,-146.826,44.6613,,42.8829
28.6202,-59.0328,45.1024,,44.5895
28.6402,30.6685,45.1317,,44.8563
28.6603,119.378,44.7663,,43.6754
28.6803,204.234,44.0059,,41.0805
28.7003,282.485,42.8117,,37.1599
28.7203,351.61,41.1272,,32.0376
28.7403,409.378,38.8564,,25.8764
28.7604,453.906,35.7652,,18.8854
28.7804,483.779,31.3382,,11.2833
28.8004,498.02,24.047,,3.3171
28.8204,496.169,9.37672,,-4.75825
28.8404,478.287,-12.5399,,-12.6823
28.8604,444.946,-28.4956,,-20.1983
28.8802,397.214,-36.8596,,-27.0594
28.9002,336.663,-41.0891,,-33.0369
28.9203,265.226,-43.3332,,-37.9575
28.9403,185.226,-44.5933,,-41.6453
28.9603,99.2387,-45.2558,,-43.993
28.9803,10.0442,-45.4544,,-44.917
29.0003,-79.4747,-45.2687,,-44.3888
29.0204,-166.423,-44.7046,,-42.4245
29.0404,-247.999,-43.7173,,-39.094
29.0604,-321.556,-42.2643,,-34.4961
29.0804,-384.718,-40.2707,,-28.7902
29.1004,-435.467,-37.6091,,-22.1469
29.1202,-472.132,-33.8876,,-14.7942
29.1402,-493.55,-28.1983,,-6.95315
29.1603,-499.019,-17.6471,,1.09926
29.1803,-488.365,2.28939,,9.12639
29.2003,-461.917,22.1225,,16.8614
29.2203,-420.552,33.5047,,24.0393
29.2403,-365.588,39.2563,,30.4502
29.2604,-298.819,42.226,,35.8774
29.2804,-222.391,43.8416,,40.132
29.3004,-138.782,44.7357,,43.1033
29.3204,-50.6889,45.1413,,44.6758
29.3404,39.0419,45.1262,,44.8074
29.3604,127.511,44.726,,43.4914
29.3802,211.859,43.9226,,40.7671
29.4002,289.364,42.685,,36.7302
29.4203,357.517,40.9609,,31.5016
29.4403,414.12,38.6169,,25.258
29.4603,457.345,35.4294,,18.1975
29.4803,485.78,30.8259,,10.5525
29.5003,498.531,23.1033,,2.5614
29.5204,495.173,7.47272,,-5.50624
29.5404,475.816,-14.4366,,-13.4053
29.5604,441.078,-29.5531,,-20.8727
29.5804,392.083,-37.3863,,-27.653
29.6004,330.413,-41.3693,,-33.5499
29.6202,258.081,-43.5087,,-38.3546
29.6402,177.405,-44.6921,,-41.9253
29.6603,90.9968,-45.2931,,-44.14
29.6803,1.65011,-45.4676,,-44.9284
29.7003,-87.7507,-45.2571,,-44.2665
29.7203,-174.315,-44.6459,,-42.1717
29.7403,-255.248,-43.6026,,-38.7141
29.7604,-327.933,-42.1138,,-34.0101
29.7804,-390.017,-40.0764,,-28.1986
29.8004,-439.507,-37.3169,,-21.4906
29.8204,-474.796,-33.4706,,-14.0778
29.8404,-494.742,-27.515,,-6.20273
29.8604,-498.701,-16.2094,,1.85418
29.8802,-486.548,4.41635,,9.86513
29.9002,-458.669,23.5396,,17.5522
29.9203,-415.963,34.2296,,24.6828
29.9403,-359.818,39.6287,,30.9996
29.9603,-292.05,42.4331,,36.3189
29.9803,-214.85,43.96,,40.4703
30.0003,-130.702,44.8075,,43.3103
30.0204,-42.3311,45.1701,,44.7501
30.0404,47.4046,45.1131,,44.7453
30.0604,135.609,44.6763,,43.2945
30.0804,219.432,43.8468,,40.4466
30.1004,296.164,42.5624,,36.2881
30.1202,363.33,40.7735,,30.959
30.1402,418.751,38.3676,,24.6368
30.1603,460.649,35.0912,,17.4985
30.1803,487.65,30.2963,,9.81061
30.2003,498.898,22.0844,,1.80969
30.2203,494.033,5.48208,,-6.26012
30.2403,473.202,-16.2459,,-14.1214
30.2604,437.078,-30.533,,-21.5365
30.2804,386.835,-37.8971,,-28.2382
30.3004,324.082,-41.6502,,-34.0523
30.3204,250.861,-43.6675,,-38.7427
30.3404,169.533,-44.7781,,-42.1927
30.3604,82.7316,-45.3436,,-44.2736
30.3802,-6.74337,-45.4851,,-44.9287
30.4002,-96.0011,-45.2315,,-44.13
30.4203,-182.157,-44.5791,,-41.9053
30.4403,-262.423,-43.5005,,-38.326
30.4603,-334.211,-41.9671,,-33.5094
30.4803,-395.205,-39.8644,,-27.61
30.5003,-443.425,-37.0237,,-20.8219
30.5204,-477.326,-33.0357,,-13.3595
30.5404,-495.792,-26.782,,-5.45562
30.5604,-498.242,-14.6682,,2.61193
30.5804,-484.599,6.51534,,10.5998
30.6004,-455.287,24.8689,,18.2501
30.6202,-411.258,34.9136,,25.3062
30.6402,-353.951,39.9777,,31.537
30.6603,-285.199,42.6311,,36.7661
30.6803,-207.238,44.0792,,40.7909
30.7003,-122.578,44.8686,,43.5043
30.7203,-33.9626,45.1859,,44.8105
30.7403,55.7537,45.1034,,44.6711
30.7604,143.667,44.6403,,43.0861
30.7804,226.94,43.761,,40.1108
30.8004,302.878,42.4245,,35.8387
30.8204,369.032,40.5938,,30.4067
30.8404,423.258,38.1267,,23.9958
30.8604,463.814,34.7341,,16.8085
30.8802,489.382,29.7252,,9.07593
30.9002,499.133,20.9884,,1.05081
30.9203,492.76,3.4489,,-7.00556
30.9403,470.466,-17.9692,,-14.842
30.9603,432.96,-31.4773,,-22.1912
30.9803,381.473,-38.3752,,-28.831
31.0003,317.65,-41.8989,,-34.5362
31.0204,243.564,-43.8138,,-39.1185
31.0404,161.613,-44.8688,,-42.4462
31.0604,74.4418,-45.3915,,-44.3957
31.0804,-15.1354,-45.486,,-44.9158
31.1004,-104.225,-45.2006,,-43.9822
31.1202,-189.944,-44.5128,,-41.6246
31.1402,-269.528,-43.3914,,-37.9292
31.1603,-340.404,-41.8035,,-33.0028
31.1803,-400.278,-39.6515,,-27.0113
31.2003,-447.221,-36.7305,,-20.1432
31.2203,-479.705,-32.5851,,-12.6332
31.2403,-496.703,-25.99,,-4.71193
31.2604,-497.645,-13.0209,,3.36557
31.2804,-482.514,8.56905,,11.3331
31.3004,-451.776,26.1245,,18.9379
31.3204,-406.445,35.5608,,25.9265
31.3404,-347.975,40.3183,,32.0807
31.3604,-278.266,42.8161,,37.1838
31.3802,-199.577,44.1934,,41.1011
31.4002,-114.431,44.9313,,43.6895
31.4203,-25.5834,45.2125,,44.8594
31.4403,64.0872,45.0912,,44.5843
31.4603,151.686,44.5882,,42.8647
31.4803,234.382,43.6687,,39.7647
31.5003,309.507,42.2926,,35.3792
31.5204,374.631,40.4078,,29.8436
31.5404,427.645,37.8652,,23.3567
31.5604,466.856,34.3657,,16.1071
31.5804,490.967,29.1351,,8.32668
31.6004,499.221,19.8131,,0.297469
31.6202,491.34,1.35697,,-7.74485
31.6402,467.592,-19.6147,,-15.5556
31.6603,428.716,-32.3488,,-22.8487
31.6803,375.996,-38.8173,,-29.4016
31.7003,311.128,-42.1411,,-35.0161
31.7203,236.202,-43.9546,,-39.4838
31.7403,153.65,-44.9541,,-42.6869
31.7604,66.1327,-45.431,,-44.5065
31.7804,-23.5232,-45.4875,,-44.8894
31.8004,-112.417,-45.1687,,-43.8208
31.8204,-197.681,-44.4321,,-41.3383
31.8404,-276.557,-43.2728,,-37.515
31.8604,-346.49,-41.6478,,-32.4845
31.8802,-405.233,-39.4327,,-26.4036
31.9002,-450.886,-36.4082,,-19.473
31.9203,-481.967,-32.1127,,-11.9016
31.9403,-497.474,-25.163,,-3.95849
31.9603,-496.907,-11.2781,,4.11911
31.9803,-480.293,10.5928,,12.0567
32.0003,-448.142,27.3108,,19.6278
32.0204,-401.513,36.1614,,26.5321
32.0404,-341.917,40.6384,,32.6039
32.0604,-271.266,42.9956,,37.6091
32.0804,-191.849,44.2973,,41.4022
32.1004,-106.241,44.9943,,43.8578
32.1202,-17.1964,45.2434,,44.8947
32.1402,72.4024,45.0765,,44.4848
32.1603,159.663,44.5285,,42.6331
32.1803,241.765,43.5733,,39.4071
32.2003,316.051,42.1642,,34.9083
32.2203,380.128,40.2182,,29.2751
32.2403,431.919,37.5946,,22.7051
32.2603,469.755,33.9791,,15.3982
32.2804,492.414,28.527,,7.59091
32.3004,499.169,18.5549,,-0.458083
32.3204,489.79,-0.768421,,-8.49254
32.3404,464.587,-21.1794,,-16.2599
32.3604,424.356,-33.1633,,-23.5007
32.3802,370.416,-39.2371,,-29.9692
32.4002,304.52,-42.3796,,-35.4787
32.4203,228.776,-44.0936,,-39.8441
32.4403,145.638,-45.0287,,-42.9154
32.4603,57.8028,-45.4607,,-44.6023
32.4803,-31.9046,-45.4948,,-44.851
32.5003,-120.58,-45.1295,,-43.6473
32.5204,-205.359,-44.36,,-41.035
32.5404,-283.507,-43.1647,,-37.0986
32.5604,-352.491,-41.48,,-31.9527
32.5804,-410.078,-39.1899,,-25.7906
32.6004,-454.43,-36.0829,,-18.7892
32.6202,-484.085,-31.6364,,-11.1717
32.6402,-498.107,-24.2714,,-3.20536
32.6603,-496.028,-9.43123,,4.86972
32.6803,-477.928,12.5427,,12.7905
32.7003,-444.375,28.4103,,20.2938
32.7203,-396.474,36.7334,,27.1432
32.7403,-335.744,40.9425,,33.1211
32.7603,-264.175,43.17,,38.0144
32.7804,-184.077,44.3943,,41.689
32.8004,-98.0235,45.0442,,44.0157
32.8204,-8.80518,45.2573,,44.9175
32.8404,80.6978,45.0614,,44.3722
32.8604,167.593,44.4721,,42.3888
32.8802,249.069,43.4747,,39.0379
32.9002,322.501,42.0202,,34.4258
32.9203,385.515,40.0151,,28.7045
32.9403,436.064,37.3225,,22.0422
32.9603,472.523,33.5856,,14.6877
32.9803,493.735,27.8608,,6.84711
33.0003,498.972,17.1879,,-1.2138
33.0204,488.102,-2.89668,,-9.23148
33.0404,461.446,-22.6561,,-16.9639
33.0604,419.872,-33.9349,,-24.1409
33.0804,364.735,-39.6468,,-30.5288
33.1004,297.819,-42.6041,,-35.9364
33.1202,221.284,-44.2164,,-40.1845
33.1402,137.591,-45.1047,,-43.1331
33.1603,49.4584,-45.5024,,-44.6886
33.1803,-40.2765,-45.497,,-44.7994
33.2003,-128.708,-45.0936,,-43.4622
33.2203,-212.981,-44.2846,,-40.7204
33.2403,-290.372,-43.0389,,-36.6654
33.2603,-358.379,-41.3056,,-31.4209
33.2804,-414.814,-38.9639,,-25.1728
33.3004,-457.831,-35.7598,,-18.0923
33.3204,-486.065,-31.1181,,-10.4397
33.3404,-498.599,-23.3078,,-2.45609
33.3604,-495.02,-7.51557,,5.62109
33.3802,-475.437,14.4107,,13.5127
33.4002,-440.493,29.4637,,20.9694
33.4203,-391.312,37.2718,,27.7425
33.4403,-329.488,41.2174,,33.6197
33.4603,-257.019,43.3266,,38.4145
33.4803,-176.248,44.4958,,41.9659
33.5003,-89.7794,45.1014,,44.1611
33.5204,-0.411479,45.2646,,44.9282
33.5404,88.969,45.0339,,44.2464
33.5604,175.474,44.4144,,42.1323
33.5804,256.31,43.3763,,38.6589
33.6004,328.865,41.8677,,33.9342
33.6202,390.795,39.8107,,28.1232
33.6402,440.092,37.0398,,21.382
33.6603,475.172,33.1688,,13.9697
33.6803,494.9,27.167,,6.10096
33.7003,498.637,15.7257,,-1.97246
33.7203,486.267,-5.02088,,-9.96802
33.7403,458.176,-24.0526,,-17.6614
33.7603,415.28,-34.6623,,-24.7685
33.7804,358.959,-40.0279,,-31.0836
33.8004,291.049,-42.8142,,-36.3858
33.8204,213.727,-44.3355,,-40.5183
33.8404,129.503,-45.1797,,-43.3383
33.8604,41.0981,-45.5395,,-44.7603
33.8802,-48.6375,-45.4918,,-44.7353
33.9002,-136.799,-45.0509,,-43.2648
33.9203,-220.545,-44.2028,,-40.3964
33.9403,-297.16,-42.9183,,-36.222
33.9603,-364.172,-41.1334,,-30.88
33.9803,-419.421,-38.7215,,-24.5346
34.0003,-461.118,-35.4109,,-17.4047
34.0204,-487.907,-30.5785,,-9.69984
34.0404,-498.944,-22.2873,,-1.70091
34.0604,-493.855,-5.51987,,6.37065
34.0804,-472.813,16.2214,,14.2252
34.1004,-436.474,30.452,,21.6418
34.1202,-386.036,37.7718,,28.329
34.1402,-323.137,41.4931,,34.1154
34.1603,-249.785,43.4905,,38.8003
34.1803,-168.368,44.5862,,42.2301
34.2003,-81.5102,45.1478,,44.2931
34.2203,7.98209,45.2763,,44.9262
34.2403,97.2144,45.008,,44.1087
34.2603,183.307,44.3524,,41.8646
34.2804,263.48,43.2753,,38.2723
34.3004,335.133,41.7154,,33.4265
34.3204,395.947,39.6009,,27.5267
34.3404,443.995,36.7514,,20.7229
34.3604,477.684,32.7352,,13.2532
34.3802,495.936,26.4227,,5.34457
34.4002,498.163,14.1689,,-2.71853
34.4203,484.303,-7.11521,,-10.7125
34.4403,454.781,-25.3777,,-18.3487
34.4603,410.565,-35.3491,,-25.3929
34.4803,353.079,-40.3752,,-31.6267
34.5003,284.189,-43.0099,,-36.8254
34.5204,206.112,-44.4671,,-40.8382
34.5404,121.38,-45.2465,,-43.5329
34.5604,32.7263,-45.5647,,-44.8192
34.5804,-56.9839,-45.48,,-44.6588
34.6004,-144.854,-45.0125,,-43.0559
34.6202,-228.042,-44.1275,,-40.0585
34.6402,-303.863,-42.7892,,-35.7734
34.6603,-369.864,-40.9509,,-30.3223
34.6803,-423.915,-38.4765,,-23.8996
34.7003,-464.268,-35.0596,,-16.7089
34.7203,-489.618,-30.0132,,-8.96136
34.7403,-499.157,-21.1792,,-0.944836
34.7603,-492.557,-3.47173,,7.11886
34.7804,-470.051,17.9407,,14.9378
34.8004,-432.346,31.3825,,22.3017
34.8204,-380.656,38.2443,,28.9128
34.8404,-316.689,41.7486,,34.605
34.8604,-242.483,43.6385,,39.1753
34.8802,-160.442,44.6798,,42.4796
34.9002,-73.2179,45.192,,44.4145
34.9203,16.3737,45.2861,,44.9112
34.9403,105.434,44.9823,,43.9586
34.9603,191.091,44.2922,,41.5853
34.9803,270.57,43.1633,,37.8669
35.0003,341.305,41.5559,,32.9247
35.0204,401.022,39.3861,,26.9293
35.0404,447.768,36.4538,,20.0423
35.0604,480.053,32.2926,,12.531
35.0804,496.829,25.6231,,4.59409
35.1004,497.548,12.5017,,-3.47942
35.1202,482.189,-9.163,,-11.4419
35.1402,451.243,-26.6177,,-19.0392
35.1603,405.724,-35.9975,,-26.0108
35.1803,347.092,-40.7173,,-32.1565
35.2003,277.248,-43.1932,,-37.2501
35.2203,198.439,-44.5787,,-41.1485
35.2403,113.223,-45.3152,,-43.714
35.2603,24.3457,-45.5909,,-44.8662
35.2804,-65.3148,-45.4702,,-44.5685
35.3004,-152.864,-44.9608,,-42.835
35.3204,-235.478,-44.0276,,-39.7096
35.3404,-310.478,-42.6625,,-35.3112
35.3604,-375.455,-40.77,,-29.7661
35.3802,-428.29,-38.2084,,-23.253
35.4002,-467.284,-34.6834,,-16.0005
35.4203,-491.184,-29.425,,-8.22163
35.4403,-499.216,-19.9888,,-0.18842
35.4603,-491.125,-1.36463,,7.85629
35.4803,-467.162,19.5824,,15.6572
35.5003,-428.088,32.2441,,22.9467
35.5204,-375.178,38.6909,,29.4856
35.5404,-310.162,41.9966,,35.086
35.5604,-235.115,43.7778,,39.5369
35.5804,-152.474,44.7642,,42.7227
35.6004,-64.9037,45.2354,,44.5231
35.6202,24.7607,45.2869,,44.883
35.6402,113.624,44.9479,,43.7959
35.6603,198.82,44.2202,,41.2961
35.6803,277.59,43.0507,,37.4581
35.7003,347.389,41.3974,,32.4023
35.7203,405.962,39.1659,,26.3152
35.7403,451.413,36.1402,,19.3624
35.7603,482.284,31.8147,,11.8031
35.7804,497.578,24.7867,,3.85007
35.8004,496.792,10.742,,-4.23008
35.8204,479.954,-11.1812,,-12.1714
35.8404,447.598,-27.7932,,-19.7213
35.8604,400.781,-36.5908,,-26.6281
35.8802,341.009,-41.0382,,-32.6817
35.9002,270.216,-43.3841,,-37.6675
35.9203,190.707,-44.6866,,-41.4448
35.9403,105.03,-45.3747,,-43.88
35.9603,15.9587,-45.6105,,-44.9002
35.9803,-73.6268,-45.4606,,-44.4671
36.0003,-160.834,-44.9102,,-42.5992
36.0204,-242.842,-43.9429,,-39.3522
36.0404,-317.008,-42.5216,,-34.8383
36.0604,-380.934,-40.5752,,-29.1954
36.0804,-432.539,-37.9479,,-22.606
36.1004,-470.175,-34.3015,,-15.2911
36.1202,-492.619,-28.7948,,-7.47936
36.1402,-499.147,-18.7142,,0.567927
36.1603,-489.543,0.761625,,8.60502
36.1803,-464.127,21.1392,,16.3583
36.2003,-423.707,33.0669,,23.5932
36.2203,-369.593,39.1114,,30.0511
36.2403,-303.541,42.2253,,35.5518
36.2603,-227.674,43.9172,,39.8944
36.2804,-144.457,44.846,,42.9472
36.3004,-56.5743,45.2735,,44.6172
36.3204,33.14,45.2868,,44.8441
36.3404,121.782,44.9142,,43.6213
36.3604,206.49,44.1487,,40.9907
36.3802,284.522,42.9348,,37.0296
36.4002,353.367,41.2323,,31.8873
36.4203,410.79,38.9387,,25.6901
36.4403,454.937,35.8086,,18.6849
36.4603,484.388,31.3265,,11.0717
36.4803,498.19,23.898,,3.091
36.5003,495.893,8.88836,,-4.97758
36.5204,477.57,-13.1323,,-12.9021
36.5404,443.811,-28.9014,,-20.3953
36.5604,395.714,-37.1526,,-27.2328
36.5804,334.83,-41.3387,,-33.1899
36.6004,263.128,-43.5596,,-38.0753
36.6202,182.922,-44.7893,,-41.7306
36.6402,96.8083,-45.4312,,-44.0383
36.6603,7.567,-45.6357,,-44.9209
36.6803,-81.9188,-45.4368,,-44.3528
36.7003,-168.758,-44.8511,,-42.3539
36.7203,-250.144,-43.8455,,-38.9807
36.7403,-323.448,-42.3753,,-34.3562
36.7603,-386.287,-40.3796,,-28.6102
36.7804,-436.667,-37.6693,,-21.9613
36.8004,-472.933,-33.8989,,-14.5715
36.8204,-493.906,-28.1344,,-6.73659
36.8404,-498.933,-17.3379,,1.32196
36.8604,-487.833,2.89607,,9.34469
36.8802,-460.974,22.6161,,17.0606
36.9002,-419.209,33.8384,,24.2289
36.9203,-363.896,39.5098,,30.6197
36.9403,-296.826,42.4409,,36.004
36.9603,-220.169,44.0461,,40.2338
36.9803,-136.404,44.9247,,43.1644
37.0003,-48.2248,45.311,,44.7
37.0204,41.5109,45.2875,,44.79
37.0404,129.904,44.8791,,43.4344
37.0604,214.103,44.0697,,40.6759
37.0804,291.38,42.8153,,36.5982
37.1004,359.238,41.0632,,31.3437
37.1202,415.502,38.6984,,25.0772
37.1402,458.335,35.4773,,17.9906
37.1603,486.349,30.8107,,10.3333
37.1803,498.655,22.9314,,2.33927
37.2003,494.856,6.95182,,-5.7262
37.2203,475.061,-15.0051,,-13.6205
37.2403,439.909,-29.9459,,-21.0645
37.2603,390.534,-37.6845,,-27.8393
37.2804,328.554,-41.6235,,-33.6887
37.3004,255.959,-43.7287,,-38.4722
37.3204,175.087,-44.8899,,-42.004
37.3404,88.5611,-45.4824,,-44.1818
37.3604,-0.826979,-45.65,,-44.9301
37.3802,-90.1865,-45.4206,,-44.2251
37.4002,-176.635,-44.7959,,-42.0962
37.4203,-257.371,-43.7452,,-38.6017
37.4403,-329.799,-42.2369,,-33.8638
37.4603,-391.56,-40.1731,,-28.0272
37.4803,-440.677,-37.3863,,-21.2907
37.5003,-475.555,-33.4861,,-13.8628
37.5204,-495.059,-27.432,,-5.98685
37.5404,-498.574,-15.8552,,2.07803
37.5604,-485.98,5.02564,,10.0836
37.5804,-457.677,24.0031,,17.7631
37.6004,-414.588,34.5563,,24.8583
37.6202,-358.096,39.8912,,31.1639
37.6402,-290.039,42.6608,,36.4521
37.6603,-212.607,44.1686,,40.5662
37.6803,-128.309,44.9892,,43.3666
37.7003,-39.8633,45.347,,44.7696
37.7203,49.8692,45.2926,,44.7249
37.7403,137.992,44.8358,,43.2353
37.7603,221.651,43.9865,,40.3451
37.7804,298.153,42.6934,,36.1605
37.8004,365.026,40.8908,,30.7983
37.8204,420.094,38.4597,,24.4418
37.8404,461.593,35.1354,,17.2993
37.8604,488.174,30.2762,,9.59228
37.8802,498.985,21.8835,,1.59015
37.9002,493.677,4.94421,,-6.47457
37.9203,472.413,-16.7865,,-14.3431
37.9403,435.875,-30.9257,,-21.7296
37.9603,385.26,-38.197,,-28.4166
37.9803,322.191,-41.8908,,-34.193
38.0003,248.713,-43.8797,,-38.8572
38.0204,167.204,-44.9847,,-42.2632
38.0404,80.2898,-45.5342,,-44.3154
38.0604,-9.22069,-45.6647,,-44.9252
38.0804,-98.4302,-45.3982,,-44.0873
38.1004,-184.458,-44.7306,,-41.8239
38.1202,-264.529,-43.6445,,-38.2121
38.1402,-336.053,-42.0854,,-33.3612
38.1603,-396.713,-39.9682,,-27.4336
38.1803,-444.562,-37.0915,,-20.6223
38.2003,-478.041,-33.0518,,-13.1405
38.2203,-496.074,-26.6852,,-5.24093
38.2403,-498.081,-14.279,,2.83761
38.2603,-483.992,7.1205,,10.814
38.2804,-454.265,25.3197,,18.4547
38.3004,-409.857,35.2434,,25.4855
38.3204,-352.199,40.2452,,31.7007
38.3404,-283.17,42.8545,,36.8886
38.3604,-204.987,44.2873,,40.8871
38.3802,-120.178,45.0627,,43.5597
38.4002,-31.4902,45.3757,,44.8273
38.4203,58.2142,45.2779,,44.6458
38.4403,146.038,44.7891,,43.0235
38.4603,229.144,43.9025,,40.0088
38.4803,304.841,42.5673,,35.6979
38.5003,370.691,40.7067,,30.2488
38.5204,424.566,38.2071,,23.8024
38.5404,464.723,34.7791,,16.6069
38.5604,489.854,29.699,,8.84974
38.5804,499.172,20.761,,0.833208
38.6004,492.361,2.88126,,-7.22242
38.6202,469.629,-18.5016,,-15.0554
38.6402,431.718,-31.8497,,-22.3875
38.6603,379.869,-38.6729,,-28.9943
38.6803,315.736,-42.147,,-34.68
38.7003,241.4,-44.0265,,-39.2306
38.7203,159.269,-45.0784,,-42.5172
38.7403,71.9922,-45.5823,,-44.431
38.7603,-17.6115,-45.6684,,-44.9085
38.7804,-106.645,-45.3713,,-43.9349
38.8004,-192.234,-44.6679,,-41.542
38.8204,-271.61,-43.5353,,-37.8109
38.8404,-342.213,-41.9279,,-32.8493
38.8604,-401.753,-39.7517,,-26.8281
38.8802,-448.31,-36.7936,,-19.9489
38.9002,-480.392,-32.602,,-12.4208
38.9203,-496.942,-25.8832,,-4.4893
38.9403,-497.447,-12.5971,,3.59519
38.9603,-481.864,9.17134,,11.545
38.9803,-450.715,26.5626,,19.1387
39.0003,-404.998,35.8848,,26.1117
39.0204,-346.201,40.5823,,32.2234
39.0404,-276.209,43.0447,,37.3207
39.0604,-197.3,44.401,,41.1891
39.0804,-112.014,45.132,,43.7388
39.1004,-23.1097,45.4,,44.8716
39.1202,66.5427,45.2637,,44.5545
39.1402,154.043,44.7466,,42.8004
39.1603,236.568,43.8242,,39.659
39.1803,311.447,42.4367,,35.2431
39.2003,376.261,40.5178,,29.6756
39.2203,428.918,37.9432,,23.1626
39.2403,467.723,34.4077,,15.8971
39.2603,491.402,29.1137,,8.11255
39.2804,499.219,19.5632,,0.0758093
39.3004,490.902,0.765064,,-7.96653
39.3204,466.712,-20.1334,,-15.7677
39.3404,427.448,-32.7051,,-23.0367
39.3604,374.361,-39.1133,,-29.5748
39.3802,309.188,-42.3971,,-35.1469
39.4002,234.02,-44.1684,,-39.5938
39.4203,151.291,-45.155,,-42.7559
39.4403,63.6767,-45.6292,,-44.5367
39.4603,-25.9973,-45.6755,,-44.8784
39.4803,-114.829,-45.3326,,-43.7715
39.5003,-199.955,-44.6022,,-41.2508
39.5204,-278.616,-43.4285,,-37.3925
39.5404,-348.272,-41.7601,,-32.3324
39.5604,-406.677,-39.5209,,-26.2182
39.5804,-451.935,-36.4881,,-19.2665
39.6004,-482.602,-32.1301,,-11.6936
39.6202,-497.678,-25.0199,,-3.73582
39.6402,-496.663,-10.8171,,4.34002
39.6603,-479.608,11.1743,,12.2737
39.6803,-447.045,27.7341,,19.8262
39.7003,-400.034,36.4868,,26.7202
39.7203,-340.099,40.9016,,32.7496
39.7403,-269.182,43.2265,,37.7296
39.7603,-189.563,44.5108,,41.488
39.7804,-103.818,45.1946,,43.9059
39.8004,-14.7206,45.425,,44.9031
39.8204,74.8529,45.2611,,44.4526
39.8404,162.006,44.6977,,42.5611
39.8604,243.927,43.7249,,39.3001
39.8802,317.959,42.2948,,34.7638
39.9002,381.724,40.3329,,29.1104
39.9203,433.152,37.686,,22.5102
39.9403,470.588,34.0219,,15.1842
39.9603,492.81,28.4749,,7.37429
39.9803,499.128,18.2702,,-0.674809
40.0003,489.309,-1.36001,,-8.71362
40.0204,463.675,-21.6796,,-16.4674
40.0404,423.047,-33.5227,,-23.6896
40.0604,368.761,-39.5282,,-30.1364
40.0804,302.551,-42.6216,,-35.615
40.1004,226.573,-44.3097,,-39.9441
40.1202,143.269,-45.236,,-42.9846
40.1402,55.3412,-45.6599,,-44.6278
40.1603,-34.3759,-45.6749,,-44.8372
40.1803,-122.983,-45.3114,,-43.5956
40.2003,-207.616,-44.5241,,-40.9407
40.2203,-285.539,-43.2956,,-36.972
40.2403,-354.241,-41.6009,,-31.8022
40.2603,-411.484,-39.3058,,-25.6037
40.2804,-455.439,-36.1519,,-18.58
40.3004,-484.68,-31.6253,,-10.9623
40.3204,-498.263,-24.1174,,-2.98185
40.3404,-495.749,-8.95546,,5.08706
40.3604,-477.216,13.1222,,13.0032
40.3802,-443.25,28.8405,,20.4994
40.4002,-394.957,37.0464,,27.3202
40.4203,-333.916,41.2005,,33.2646
40.4403,-262.077,43.3999,,38.1363
40.4603,-181.774,44.6173,,41.7726
40.4803,-95.5934,45.2486,,44.0604
40.5003,-6.32806,45.4466,,44.9224
40.5204,83.1401,45.2441,,44.335
40.5404,169.924,44.64,,42.3181
40.5604,251.218,43.6295,,38.9237
40.5804,324.387,42.1531,,34.2839
40.6004,387.086,40.1375,,28.5321
40.6202,437.272,37.412,,21.8513
40.6402,473.319,33.62,,14.4708
40.6603,494.093,27.8018,,6.63239
40.6803,498.892,16.8755,,-1.44071
40.7003,487.574,-3.49375,,-9.44992
40.7203,460.497,-23.1459,,-17.1665
40.7403,418.529,-34.2942,,-24.3264
40.7603,363.052,-39.9192,,-30.6934
40.7804,295.829,-42.8481,,-36.0762
40.8004,219.056,-44.4441,,-40.2814
40.8204,135.21,-45.3149,,-43.1949
40.8404,46.9921,-45.6974,,-44.7113
40.8604,-42.745,-45.6799,,-44.7814
40.8802,-131.101,-45.2709,,-43.4053
40.9002,-215.216,-44.4423,,-40.6231
40.9203,-292.386,-43.1852,,-36.5422
40.9403,-360.101,-41.4352,,-31.2576
40.9603,-416.183,-39.0654,,-24.9849
40.9803,-458.819,-35.8208,,-17.8906
41.0003,-486.623,-31.1072,,-10.2222
41.0204,-498.711,-23.1424,,-2.23189
41.0404,-494.687,-7.00239,,5.83863
41.0604,-474.678,14.9934,,13.7237
41.0804,-439.328,29.8755,,21.165
41.1004,-389.776,37.5791,,27.9224
41.1202,-327.618,41.4819,,33.7674
41.1402,-254.895,43.5548,,38.5296
41.1603,-173.924,44.7139,,42.0454
41.1803,-87.3414,45.3117,,44.1991
41.2003,2.06426,45.464,,44.9298
41.2203,91.4054,45.2128,,44.2076
41.2403,177.791,44.5752,,42.0538
41.2603,258.432,43.5389,,38.5465
41.2804,330.724,42.01,,33.7878
41.3004,392.334,39.9245,,27.9464
41.3204,441.257,37.1228,,21.1847
41.3404,475.925,33.2001,,13.7605
41.3604,495.218,27.0935,,5.87741
41.3802,498.518,15.376,,-2.18752
41.4002,485.702,-5.62474,,-10.1956
41.4203,457.19,-24.5291,,-17.8551
41.4403,413.901,-35.0153,,-24.9692
41.4603,357.227,-40.3044,,-31.2346
41.4803,289.029,-43.0603,,-36.5167
41.5003,211.487,-44.5648,,-40.6141
41.5204,127.112,-45.3859,,-43.3968
41.5404,38.6279,-45.7398,,-44.78
41.5604,-51.1016,-45.6863,,-44.7129
41.5804,-139.181,-45.2239,,-43.2056
41.6004,-222.764,-44.3586,,-40.2992
41.6202,-299.151,-43.072,,-36.0913
41.6402,-365.863,-41.2614,,-30.7119
41.6603,-420.762,-38.8134,,-24.3557
41.6803,-462.065,-35.4679,,-17.1946
41.7003,-488.434,-30.5734,,-9.48684
41.7203,-499.026,-22.0989,,-1.47758
41.7403,-493.5,-4.97063,,6.59268
41.7603,-472.008,16.7835,,14.4407
41.7804,-435.277,30.8438,,21.828
41.8004,-384.472,38.0734,,28.5086
41.8204,-321.247,41.7576,,34.2603
41.8404,-247.638,43.7155,,38.9163
41.8604,-166.034,44.8037,,42.3028
41.8802,-79.0648,45.3639,,44.3308
41.9002,10.4586,45.4775,,44.923
41.9203,99.6441,45.1821,,44.0659
41.9403,185.61,44.5211,,41.7832
41.9603,265.58,43.4422,,38.153
41.9803,336.965,41.8593,,33.2875
42.0003,397.468,39.7061,,27.3453
42.0204,445.12,36.8305,,20.5189
42.0404,478.386,32.7725,,13.0327
42.0604,496.209,26.3406,,5.13662
42.0804,497.996,13.78,,-2.95099
42.1004,483.688,-7.71835,,-10.9185
42.1202,453.76,-25.844,,-18.5568
42.1402,409.144,-35.6924,,-25.5827
42.1603,351.315,-40.6482,,-31.7818
42.1803,282.14,-43.26,,-36.9525
42.2003,203.85,-44.6901,,-40.9284
42.2203,118.975,-45.4569,,-43.5863
42.2403,30.2541,-45.759,,-44.8346
42.2603,-59.4441,-45.6781,,-44.6336
42.2804,-147.222,-45.195,,-42.9912
42.3004,-230.242,-44.2762,,-39.9576
42.3204,-305.823,-42.9289,,-35.637
42.3404,-371.525,-41.0857,,-30.1593
42.3604,-425.218,-38.5748,,-23.7113
42.3802,-465.172,-35.1054,,-16.4955
42.4002,-490.107,-29.9897,,-8.75498
42.4203,-499.193,-20.9704,,-0.715608
42.4403,-492.156,-2.90131,,7.33548
42.4603,-469.211,18.4971,,15.1573
42.4803,-431.101,31.7697,,22.4871
42.5003,-379.058,38.537,,29.0831
42.5204,-314.773,42.0067,,34.7495
42.5404,-240.316,43.8825,,39.283
42.5604,-158.095,44.8997,,42.5546
42.5804,-70.7664,45.3886,,44.4456
42.6004,18.8487,45.4801,,44.905
42.6202,107.855,45.1783,,43.9119
42.6402,193.377,44.4531,,41.5
42.6603,272.646,43.3171,,37.7472
42.6803,343.113,41.7051,,32.778
42.7003,402.488,39.5045,,26.7366
42.7203,448.857,36.5205,,19.8507
42.7403,480.722,32.3118,,12.3096
42.7603,497.057,25.5401,,4.37667
42.7804,497.335,12.0819,,-3.69981
42.8004,481.542,-9.78051,,-11.6547
42.8204,450.189,-27.0639,,-19.2341
42.8404,404.278,-36.3172,,-26.2033
42.8604,345.309,-40.9982,,-32.3062
42.8802,275.184,-43.4486,,-37.3779
42.9002,196.162,-44.792,,-41.2395
42.9203,110.806,-45.5257,,-43.7627
42.9403,21.8718,-45.8007,,-44.8774
42.9603,-67.7694,-45.6595,,-44.5407
42.9803,-155.222,-45.1286,,-42.7646
43.0003,-237.658,-44.1986,,-39.6076
43.0204,-312.417,-42.8064,,-35.172
43.0404,-377.079,-40.8863,,-29.5977
43.0604,-429.559,-38.3005,,-23.066
43.0804,-468.159,-34.7385,,-15.7922
43.1004,-491.629,-29.3905,,-8.00319
43.1202,-499.214,-19.7386,,0.0364484
43.1402,-490.674,-0.777903,,8.08147
43.1603,-466.278,20.1087,,15.8632
43.1803,-426.81,32.6311,,23.1367
43.2003,-373.538,38.9943,,29.6578
43.2203,-308.213,42.2528,,35.2215
43.2403,-232.923,44.008,,39.6427
43.2603,-150.113,44.9833,,42.7911
43.2804,-62.4487,45.4447,,44.5504
43.3004,27.2339,45.4862,,44.8738
43.3204,116.036,45.1407,,43.7472
43.3404,201.085,44.3862,,41.2017
43.3604,279.639,43.209,,37.3362
43.3802,349.157,41.5437,,32.2455
43.4002,407.389,39.2832,,26.1347
43.4203,452.474,36.2136,,19.1714
43.4403,482.921,31.8316,,11.5806
43.4603,497.772,24.6817,,3.62694
43.4803,496.541,10.2894,,-4.45641
43.5003,479.255,-11.7762,,-12.3849
43.5204,446.495,-28.2264,,-19.9128
43.5404,399.302,-36.9199,,-26.8079
43.5604,339.198,-41.3143,,-32.8335
43.5804,268.136,-43.6252,,-37.793
43.6004,188.415,-44.9028,,-41.5261
43.6202,102.606,-45.5942,,-43.9313
43.6402,13.4829,-45.8171,,-44.9067
43.6603,-76.0759,-45.6393,,-44.4349
43.6803,-163.177,-45.0889,,-42.5287
43.7003,-245.007,-44.1092,,-39.243
43.7203,-318.919,-42.659,,-34.6996
43.7403,-382.529,-40.6944,,-29.0199
43.7603,-433.769,-38.0456,,-22.4157
43.7804,-471.002,-34.3557,,-15.085
43.8004,-493.02,-28.7438,,-7.2608
43.8204,-499.104,-18.4227,,0.794014
43.8404,-489.064,1.34814,,8.81705
43.8604,-463.215,21.6434,,16.5723
43.8802,-422.391,33.4511,,23.7857
43.9002,-367.913,39.416,,30.2223
43.9203,-301.565,42.4677,,35.682
43.9403,-225.466,44.1445,,39.9938
43.9603,-142.082,45.0864,,43.0138
43.9803,-54.111,45.4775,,44.6427
44.0003,35.6113,45.475,,44.8286
44.0204,124.181,45.1146,,43.5671
44.0404,208.738,44.3288,,40.8952
44.0604,286.55,43.0791,,36.9092
44.0804,355.106,41.3675,,31.7214
44.1004,412.189,39.0611,,25.5153
44.1202,455.952,35.898,,18.4777
44.1402,484.975,31.3267,,10.8504
44.1603,498.338,23.742,,2.8771
44.1803,495.597,8.41751,,-5.20915
44.2003,476.84,-13.699,,-13.1028
44.2203,442.676,-29.3399,,-20.5967
44.2403,394.202,-37.488,,-27.4072
44.2603,332.993,-41.5977,,-33.3399
44.2804,261.017,-43.7945,,-38.1987
44.3004,180.616,-45.0254,,-41.81
44.3204,94.3794,-45.6499,,-44.0817
44.3404,5.09045,-45.8287,,-44.9255
44.3604,-84.3609,-45.6307,,-44.3171
44.3802,-171.087,-45.0433,,-42.278
44.4002,-252.284,-44.0086,,-38.8711
44.4203,-325.328,-42.5212,,-34.2064
44.4403,-387.864,-40.4983,,-28.4464
44.4603,-437.866,-37.7643,,-21.7608
44.4803,-473.72,-33.9482,,-14.369
44.5003,-494.27,-28.079,,-6.51088
44.5204,-498.843,-17.012,,1.54612
44.5404,-487.308,3.50359,,9.56108
44.5604,-460.012,23.1097,,17.2716
44.5804,-417.862,34.1989,,24.4151
44.6004,-362.199,39.8022,,30.775
44.6202,-294.834,42.7109,,36.1428
44.6402,-217.946,44.2821,,40.3331
44.6603,-134.018,45.1353,,43.2246
44.6803,-45.7592,45.5207,,44.722
44.7003,43.9788,45.5023,,44.7726
44.7203,132.296,45.0687,,43.3766
44.7403,216.339,44.2285,,40.5804
44.7603,293.389,42.971,,36.4687
44.7804,360.958,41.2122,,31.1855
44.8004,416.867,38.8179,,24.8865
44.8204,459.307,35.5494,,17.7895
44.8404,486.9,30.8079,,10.1157
44.8604,498.771,22.7617,,2.12141
44.8802,494.515,6.44333,,-5.96183
44.9002,474.287,-15.5685,,-13.8266
44.9203,438.726,-30.3648,,-21.2595
44.9403,388.992,-38.0129,,-28.0064
44.9603,326.688,-41.8851,,-33.8431
44.9803,253.827,-43.9634,,-38.5846
45.0003,172.765,-45.1183,,-42.0818
45.0204,86.125,-45.7066,,-44.2226
45.0404,-3.30337,-45.8495,,-44.9303
45.0604,-92.6228,-45.6148,,-44.1866
45.0804,-178.948,-44.9803,,-42.0143
45.1004,-259.492,-43.9063,,-38.4907
45.1202,-331.657,-42.3799,,-33.7144
45.1402,-393.09,-40.3,,-27.8507
45.1603,-441.833,-37.4814,,-21.0984
45.1803,-476.302,-33.5209,,-13.6477
45.2003,-495.37,-27.3563,,-5.76494
45.2203,-498.442,-15.5134,,2.29565
45.2403,-485.416,5.62653,,10.3044
45.2603,-456.68,24.4934,,17.9661
45.2804,-413.2,34.9219,,25.0474
45.3004,-356.364,40.1735,,31.3203
45.3204,-288.019,42.9009,,36.5806
45.3404,-210.365,44.4074,,40.662
45.3604,-125.913,45.2225,,43.4256
45.3802,-37.3941,45.5513,,44.7886
45.4002,52.3338,45.4775,,44.7025
45.4203,140.369,45.026,,43.1727
45.4403,223.869,44.173,,40.2492
45.4603,300.14,42.85,,36.0272
45.4803,366.711,41.0116,,30.6326
45.5003,421.426,38.5646,,24.2519
45.5204,462.521,35.2147,,17.096
45.5404,488.687,30.2688,,9.38232
45.5604,499.057,21.6853,,1.35905
45.5804,493.291,4.39772,,-6.70442
45.6004,471.603,-17.3398,,-14.54
45.6202,434.659,-31.328,,-21.9306
45.6402,383.669,-38.509,,-28.5939
45.6603,320.288,-42.1677,,-34.3288
45.6803,246.561,-44.1224,,-38.9686
45.7003,164.864,-45.2052,,-42.3412
45.7203,77.8428,-45.7546,,-44.3491
45.7403,-11.6969,-45.8686,,-44.9213
45.7603,-100.858,-45.5958,,-44.0438
45.7804,-186.758,-44.9128,,-41.741
45.8004,-266.624,-43.8035,,-38.0942
45.8204,-337.877,-42.2309,,-33.2071
45.8404,-398.21,-40.0872,,-27.2643
45.8604,-445.676,-37.1833,,-20.4214
45.8802,-478.739,-33.0849,,-12.9197
45.9002,-496.343,-26.5955,,-5.02823
45.9203,-497.904,-13.8906,,3.0601
45.9403,-483.383,7.72523,,11.033
45.9603,-453.23,25.7879,,18.6536
45.9803,-408.435,35.5918,,25.6707
46.0003,-350.438,40.5308,,31.8643
46.0204,-281.12,43.105,,37.0133
46.0404,-202.721,44.5175,,40.9754
46.0604,-117.774,45.2913,,43.6141
46.0804,-29.0179,45.5868,,44.8414
46.1004,60.6738,45.4747,,44.6212
46.1202,148.407,44.9796,,42.9597
46.1402,231.343,44.0805,,39.904
46.1603,306.801,42.7195,,35.5678
46.1803,372.35,40.8384,,30.0792
46.2003,425.864,38.3152,,23.6126
46.2203,465.622,34.8466,,16.3996
46.2403,490.339,29.6862,,8.63754
46.2603,499.207,20.5497,,0.608697
46.2804,491.944,2.31446,,-7.45243
46.3004,468.782,-19.0453,,-15.2627
46.3204,430.47,-32.2427,,-22.5747
46.3404,378.254,-38.9738,,-29.1704
46.3604,313.813,-42.4172,,-34.8188
46.3802,239.234,-44.2693,,-39.3354
46.4002,156.921,-45.298,,-42.592
46.4203,69.5386,-45.7985,,-44.4632
46.4403,-20.0867,-45.8763,,-44.9008
46.4603,-109.065,-45.5692,,-43.8887
46.4803,-194.517,-44.8474,,-41.4562
46.5003,-273.686,-43.6927,,-37.6865
46.5204,-344.007,-42.0683,,-32.6986
46.5404,-403.217,-39.8686,,-26.6551
46.5604,-449.396,-36.8786,,-19.7475
46.5804,-481.057,-32.6248,,-12.1983
46.6004,-497.169,-25.7791,,-4.26996
46.6202,-497.229,-12.1756,,3.81148
46.6402,-481.217,9.78318,,11.7613
46.6603,-449.651,27.0213,,19.3419
46.6803,-403.548,36.2203,,26.288
46.7003,-344.415,40.8631,,32.3871
46.7203,-274.144,43.2956,,37.4411
46.7403,-195.022,44.6342,,41.2778
46.7603,-109.6,45.347,,43.7889
46.7804,-20.635,45.6218,,44.8836
46.8004,68.997,45.4687,,44.5251
46.8204,156.398,44.9295,,42.7309
46.8404,238.745,43.9896,,39.5567
46.8604,313.38,42.5947,,35.0963
46.8802,377.885,40.6581,,29.5186
46.9002,430.185,38.0512,,22.9668
46.9203,468.587,34.4675,,15.6908
46.9403,491.842,29.0832,,7.89465
46.9603,499.204,19.317,,-0.150508
46.9803,490.452,0.188229,,-8.18367
47.0003,465.838,-20.6567,,-15.9682
47.0204,426.169,-33.0963,,-23.2377
47.0404,372.726,-39.4166,,-29.7345
47.0604,307.239,-42.6627,,-35.2983
47.0804,231.825,-44.4153,,-39.6949
47.1004,148.929,-45.3755,,-42.8239
47.1202,61.2176,-45.8404,,-44.5656
47.1402,-28.4707,-45.8908,,-44.868
47.1603,-117.24,-45.5336,,-43.7199
47.1803,-202.218,-44.7654,,-41.1602
47.2003,-280.667,-43.5813,,-37.2708
47.2203,-350.049,-41.9154,,-32.1773
47.2403,-408.109,-39.6442,,-26.0397
47.2603,-452.988,-36.555,,-19.0648
47.2804,-483.23,-32.144,,-11.4717
47.3004,-497.855,-24.9114,,-3.51344
47.3204,-496.407,-10.3614,,4.55832
47.3404,-478.915,11.7839,,12.4932
47.3604,-445.938,28.1793,,20.0214
47.3802,-398.553,36.8196,,26.8927
47.4002,-338.285,41.1771,,32.9093
47.4203,-267.089,43.4804,,37.8503
47.4403,-187.268,44.7401,,41.5716
47.4603,-101.397,45.4161,,43.951
47.4803,-12.2456,45.6397,,44.9123
47.5003,77.3001,45.4569,,44.4179
47.5204,164.348,44.8804,,42.4925
47.5404,246.083,43.8972,,39.191
47.5604,319.869,42.4595,,34.6207
47.5804,383.31,40.4663,,28.9407
47.6004,434.385,37.7808,,22.3239
47.6202,471.413,34.0746,,14.9725
47.6402,493.212,28.444,,7.15171
47.6603,499.07,17.9932,,-0.904359
47.6803,488.815,-1.95912,,-8.92895
47.7003,462.751,-22.1957,,-16.6756
47.7203,421.727,-33.9062,,-23.8727
47.7403,367.087,-39.8219,,-30.308
47.7603,300.575,-42.8807,,-35.7475
47.7804,224.363,-44.5579,,-40.0481
47.8004,140.894,-45.4715,,-43.046
47.8204,52.8788,-45.8754,,-44.6551
47.8404,-36.8465,-45.8785,,-44.8216
47.8604,-125.383,-45.5072,,-43.5401
47.8802,-209.864,-44.7114,,-40.8493
47.9002,-287.566,-43.4589,,-36.8418
47.9203,-355.979,-41.7359,,-31.6483
47.9403,-412.886,-39.4181,,-25.4213
47.9603,-456.455,-36.2409,,-18.3764
47.9803,-485.267,-31.6348,,-10.7396
48.0003,-498.409,-23.9695,,-2.76395
48.0204,-495.448,-8.46487,,5.31263
48.0404,-476.478,13.7013,,13.213
48.0604,-442.102,29.2713,,20.6954
48.0804,-393.434,37.3797,,27.5021
48.1004,-332.065,41.4735,,33.4111
48.1202,-259.963,43.6469,,38.2544
48.1402,-179.46,44.8422,,41.8533
48.1603,-93.1613,45.4735,,44.101
48.1803,-3.85275,45.6564,,44.9273
48.2003,85.5812,45.4419,,44.2976
48.2203,172.249,44.8239,,42.2417
48.2403,253.354,43.7971,,38.8159
48.2603,326.273,42.3117,,34.1421
48.2804,388.644,40.2706,,28.3501
48.3004,438.454,37.502,,21.6581
48.3204,474.113,33.6629,,14.2749
48.3404,494.444,27.7616,,6.39252
48.3604,498.794,16.5602,,-1.65112
48.3802,487.038,-4.10733,,-9.67219
48.4002,459.537,-23.6438,,-17.3704
48.4203,417.181,-34.6531,,-24.5121
48.4403,361.346,-40.2261,,-30.8617
48.4603,293.832,-43.1123,,-36.2057
48.4803,216.83,-44.6782,,-40.381
48.5003,132.825,-45.5389,,-43.2555
48.5204,44.525,-45.9209,,-44.7336
48.5404,-45.2122,-45.8835,,-44.7627
48.5604,-133.488,-45.4594,,-43.3456
48.5804,-217.453,-44.626,,-40.5344
48.6004,-294.387,-43.3452,,-36.4016
48.6202,-361.816,-41.5733,,-31.1075
48.6402,-417.549,-39.1707,,-24.7942
48.6603,-459.79,-35.8908,,-17.6858
48.6803,-487.17,-31.1099,,-10.0053
48.7003,-498.819,-22.97,,-2.00811
48.7203,-494.349,-6.48181,,6.0604
48.7403,-473.909,15.5625,,13.9371
48.7603,-438.139,30.2988,,21.3623
48.7804,-388.215,37.9068,,28.0937
48.8004,-325.751,41.7514,,33.9131
48.8204,-252.761,43.8078,,38.6431
48.8404,-171.602,44.9482,,42.125
48.8604,-84.902,45.5257,,44.2387
48.8802,4.54147,45.669,,44.9297
48.9002,93.8404,45.411,,44.1668
48.9203,180.104,44.7678,,41.975
48.9403,260.547,43.7077,,38.4318
48.9603,332.575,42.1609,,33.6411
48.9803,393.857,40.0584,,27.768
49.0003,442.41,37.2191,,20.9937
49.0204,476.675,33.249,,13.5501
49.0404,495.532,27.028,,5.65207
49.0604,498.38,15.027,,-2.41245
49.0804,485.126,-6.2288,,-10.4098
49.1004,456.182,-25.007,,-18.0689
49.1202,412.501,-35.3704,,-25.1425
49.1402,355.495,-40.5993,,-31.401
49.1603,287.008,-43.3134,,-36.6452
49.1803,209.239,-44.8031,,-40.7078
49.2003,124.714,-45.6132,,-43.4535
49.2203,36.159,-45.9531,,-44.798
49.2403,-53.5651,-45.878,,-44.6918
49.2603,-141.56,-45.4172,,-43.1416
49.2804,-224.975,-44.5402,,-40.1985
49.3004,-301.127,-43.2216,,-35.9606
49.3204,-367.543,-41.3922,,-30.549
49.3404,-422.086,-38.9266,,-24.1644
49.3604,-462.992,-35.5398,,-16.9871
49.3802,-488.936,-30.5564,,-9.27458
49.4002,-499.089,-21.8918,,-1.24639
49.4203,-493.102,-4.42757,,6.80928
49.4403,-471.191,17.3363,,14.652
49.4603,-434.057,31.263,,22.0186
49.4803,-382.89,38.3982,,28.6799
49.5003,-319.342,42.0233,,34.4078
49.5204,-245.489,43.9619,,39.0206
49.5404,-163.701,45.0426,,42.3798
49.5604,-76.619,45.58,,44.3671
49.5804,12.9348,45.6807,,44.92
49.6004,102.07,45.3881,,44.0215
49.6202,187.91,44.7046,,41.7036
49.6402,267.675,43.6004,,38.0313
49.6603,338.792,42.012,,33.1408
49.6803,398.963,39.8473,,27.1639
49.7003,446.24,36.9185,,20.3259
49.7203,479.101,32.8044,,12.8248
49.7403,496.48,26.2606,,4.90283
49.7603,497.819,13.3933,,-3.1659
49.7804,483.077,-8.33062,,-11.1434
49.8004,452.709,-26.3042,,-18.7588
49.8204,407.715,-36.0352,,-25.7667
49.8404,349.552,-40.9409,,-31.9371
49.8604,280.098,-43.5159,,-37.0713
49.8802,201.591,-44.9255,,-41.0241
49.9002,116.57,-45.6828,,-43.6407
49.9203,27.7814,-45.9769,,-44.8493
49.9403,-61.9022,-45.8749,,-44.606
49.9603,-149.588,-45.3723,,-42.9291
49.9803,-232.44,-44.4544,,-39.8546
50.0003,-307.782,-43.0924,,-35.4996
50.0204,-373.176,-41.2126,,-29.9969
50.0404,-426.515,-38.6755,,-23.5224
50.0604,-466.07,-35.1757,,-16.2854
50.0804,-490.556,-29.9747,,-8.52523
50.1004,-499.21,-20.7348,,-0.497755
50.1202,-491.726,-2.32335,,7.55669
50.1402,-468.359,19.0287,,15.3642
50.1603,-429.837,32.1656,,22.6763
50.1803,-377.445,38.8625,,29.258
50.2003,-312.849,42.2717,,34.881
50.2203,-238.147,44.1131,,39.3961
50.2403,-155.742,45.129,,42.6253
50.2603,-68.3132,45.6203,,44.4777
50.2804,21.3238,45.6942,,44.8973
50.3004,110.272,45.3647,,43.8635
50.3204,195.658,44.6359,,41.416
50.3404,274.721,43.4831,,37.6259
50.3604,344.908,41.8564,,32.6217
50.3802,403.952,39.6349,,26.5628
50.4002,449.943,36.6129,,19.6484
50.4203,481.391,32.3346,,12.0957
50.4403,497.286,25.4341,,4.15436
50.4603,497.119,11.6649,,-3.91942
50.4803,480.891,-10.3827,,-11.8721
50.5003,449.112,-27.5295,,-19.4418
50.5204,402.816,-36.667,,-26.387
50.5404,343.506,-41.2682,,-32.458
50.5604,273.107,-43.6945,,-37.5006
50.5804,193.88,-45.0435,,-41.3229
50.6004,108.392,-45.7547,,-43.8131
50.6202,19.3973,-45.9984,,-44.8886
50.6402,-70.2227,-45.8631,,-44.5104
50.6603,-157.575,-45.3292,,-42.6976
50.6803,-239.83,-44.3665,,-39.4998
50.7003,-314.342,-42.9558,,-35.0293
50.7203,-378.689,-41.0244,,-29.428
50.7403,-430.816,-38.4105,,-22.8799
50.7603,-469.008,-34.7987,,-15.5804
50.7804,-492.053,-29.3606,,-7.7873
50.8004,-499.197,-19.4798,,0.260501
50.8204,-490.208,-0.188716,,8.29784
50.8404,-465.385,20.6333,,16.0771
50.8604,-425.515,33.0185,,23.3231
50.8802,-371.896,39.3042,,29.8258
50.9002,-306.259,42.5118,,35.3582
50.9203,-230.73,44.2439,,39.7525
50.9403,-147.745,45.2118,,42.8552
50.9603,-59.9903,45.6678,,44.5791
50.9803,29.7072,45.6908,,44.8621
51.0003,118.444,45.3287,,43.6948
51.0204,203.351,44.5702,,41.114
51.0404,281.691,43.3761,,37.2107
51.0604,350.928,41.6855,,32.0952
51.0804,408.818,39.3988,,25.9487
51.1004,453.512,36.3002,,18.9681
51.1202,483.543,31.8569,,11.3651
51.1402,497.952,24.5493,,3.40584
51.1603,496.275,9.83007,,-4.67649
51.1803,478.566,-12.3691,,-12.5957
51.2003,445.378,-28.6796,,-20.1218
51.2203,397.807,-37.2569,,-26.9854
51.2403,337.373,-41.5881,,-32.9835
51.2603,266.047,-43.8804,,-37.9094
51.2804,186.117,-45.148,,-41.6175
51.3004,100.181,-45.8052,,-43.9729
51.3204,11.0074,-46.029,,-44.9146
51.3404,-78.5233,-45.8549,,-44.4016
51.3604,-165.516,-45.2777,,-42.4529
51.3802,-247.159,-44.2755,,-39.1374
51.4002,-320.82,-42.8193,,-34.5545
51.4203,-384.111,-40.8299,,-28.848
51.4403,-434.986,-38.1393,,-22.2274
51.4603,-471.818,-34.4047,,-14.8716
51.4803,-493.398,-28.7119,,-7.03918
51.5003,-499.039,-18.1403,,1.01517
51.5204,-488.546,1.96543,,9.04088
51.5404,-462.278,22.1643,,16.7755
51.5604,-421.068,33.8174,,23.97
51.5804,-366.242,39.7151,,30.3856
51.6004,-299.586,42.7477,,35.8198
51.6202,-223.253,44.3861,,40.0949
51.6402,-139.708,45.2848,,43.0786
51.6603,-51.6461,45.7041,,44.6662
51.6803,38.0816,45.6967,,44.8141
51.7003,126.581,45.2967,,43.5117
51.7203,210.987,44.4966,,40.8053
51.7403,288.578,43.2573,,36.778
51.7603,356.842,41.5188,,31.5621
51.7804,413.58,39.1656,,25.3319
51.8004,456.956,35.9693,,18.2839
51.8204,485.562,31.3497,,10.6256
51.8404,498.481,23.6078,,2.65184
51.8604,495.292,7.90952,,-5.41969
51.8802,476.105,-14.2971,,-13.3269
51.9002,441.517,-29.7583,,-20.7965
51.9203,392.673,-37.8082,,-27.5811
51.9403,331.133,-41.8874,,-33.4911
51.9603,258.906,-44.0541,,-38.3093
51.9803,178.306,-45.2441,,-41.8936
52.0003,91.9455,-45.8615,,-44.1235
52.0204,2.61324,-46.0465,,-44.9292
52.0404,-86.8013,-45.8393,,-44.2797
52.0604,-173.413,-45.2182,,-42.2015
52.0804,-254.419,-44.1717,,-38.7595
52.1004,-327.199,-42.6772,,-34.0616
52.1202,-389.416,-40.6342,,-28.2765
52.1402,-439.053,-37.8637,,-21.5636
52.1603,-474.495,-33.9917,,-14.1519
52.1803,-494.604,-28.0168,,-6.29489
52.2003,-498.737,-16.6936,,1.7739
52.2203,-486.757,4.11506,,9.77529
52.2403,-459.046,23.6044,,17.4737
52.2603,-416.499,34.5757,,24.6099
52.2804,-360.479,40.1035,,30.9363
52.3004,-292.831,42.9618,,36.2711
52.3204,-215.714,44.5076,,40.429
52.3404,-131.632,45.3674,,43.2863
52.3604,-43.2916,45.7425,,44.7427
52.3802,46.4452,45.6937,,44.7527
52.4002,134.682,45.2533,,43.3187
52.4203,218.565,44.4186,,40.484
52.4403,295.387,43.1369,,36.3391
52.4603,362.662,41.3426,,31.0174
52.4803,418.222,38.9248,,24.7055
52.5003,460.264,35.6326,,17.5849
52.5204,487.43,30.818,,9.89389
52.5404,498.865,22.5849,,1.90212
52.5604,494.172,5.91263,,-6.17657
52.5804,473.51,-16.1381,,-14.0401
52.6004,437.544,-30.7808,,-21.4595
52.6202,387.438,-38.34,,-28.174
52.6402,324.809,-42.1631,,-33.9949
52.6603,251.691,-44.2085,,-38.6983
52.6803,170.439,-45.3501,,-42.1606
52.7003,83.6817,-45.9238,,-44.2598
52.7203,-5.78037,-46.0642,,-44.9292
52.7403,-95.0547,-45.805,,-44.1458
52.7603,-181.259,-45.1581,,-41.9368
52.7804,-261.606,-44.077,,-38.3734
52.8004,-333.502,-42.5295,,-33.5687
52.8204,-394.619,-40.4205,,-27.6742
52.8404,-442.975,-37.5712,,-20.8962
52.8604,-477.03,-33.5676,,-13.4405
52.8802,-495.675,-27.2903,,-5.54531
52.9002,-498.303,-15.1425,,2.52636
52.9203,-484.823,6.24791,,10.5099
52.9403,-455.688,24.9711,,18.1739
52.9603,-411.811,35.278,,25.2327
52.9803,-354.627,40.468,,31.4852
53.0003,-285.989,43.165,,36.708
53.0204,-208.114,44.6321,,40.7552
53.0404,-123.517,45.4401,,43.4822
53.0604,-34.9235,45.7726,,44.8049
53.0804,54.7963,45.6914,,44.6804
53.1004,142.747,45.2115,,43.1116
53.1202,226.083,44.3374,,40.1493
53.1402,302.112,43.0101,,35.8893
53.1603,368.383,41.1611,,30.4714
53.1803,422.746,38.6794,,24.0647
53.2003,463.447,35.2744,,16.8884
53.2203,489.181,30.2607,,9.16292
53.2403,499.118,21.4952,,1.14103
53.2603,492.914,3.84645,,-6.92191
53.2804,470.786,-17.9047,,-14.754
53.3004,433.441,-31.7382,,-22.1226
53.3204,382.091,-38.8299,,-28.7612
53.3404,318.395,-42.4341,,-34.4789
53.3604,244.404,-44.3662,,-39.0823
53.3802,162.524,-45.4373,,-42.4145
53.4002,75.3949,-45.9694,,-44.3817
53.4203,-14.1721,-46.0772,,-44.9186
53.4403,-103.282,-45.7867,,-43.9994
53.4603,-189.055,-45.0951,,-41.6597
53.4803,-268.72,-43.9706,,-37.9738
53.5003,-339.7,-42.3774,,-33.0601
53.5204,-399.702,-40.2052,,-27.0809
53.5404,-446.791,-37.2701,,-20.2236
53.5604,-479.445,-33.1205,,-12.7186
53.5804,-496.605,-26.5111,,-4.7924
53.6004,-497.723,-13.4894,,3.27639
53.6202,-482.761,8.3428,,11.2541
53.6402,-452.185,26.2584,,18.8569
53.6603,-407.009,35.9427,,25.8467
53.6803,-348.675,40.8212,,32.0249
53.7003,-279.07,43.3617,,37.1375
53.7203,-200.457,44.7488,,41.0695
53.7403,-115.366,45.5071,,43.6663
53.7603,-26.5451,45.8038,,44.8548
53.7804,63.1318,45.6824,,44.5943
53.8004,150.769,45.1662,,42.8914
53.8204,233.531,44.2506,,39.8049
53.8404,308.752,42.8807,,35.4319
53.8604,374,40.9849,,29.9133
53.8802,427.155,38.421,,23.4227
53.9002,466.505,34.9085,,16.1845
53.9203,490.783,29.6709,,8.41868
53.9403,499.216,20.3252,,0.38945
53.9603,491.515,1.7418,,-7.66627
53.9803,467.931,-19.5937,,-15.467
54.0003,429.218,-32.6447,,-22.7768
54.0204,376.626,-39.284,,-29.341
54.0404,311.885,-42.6762,,-34.9564
54.0604,237.055,-44.5219,,-39.4464
54.0804,154.568,-45.5306,,-42.6588
54.1004,67.0867,-46.0122,,-44.4954
54.1202,-22.5613,-46.0779,,-44.8928
54.1402,-111.481,-45.7623,,-43.8403
54.1603,-196.796,-45.0299,,-41.3707
54.1803,-275.752,-43.8605,,-37.5623
54.2003,-345.796,-42.2167,,-32.5425
54.2203,-404.677,-39.9928,,-26.4789
54.2403,-450.47,-36.9671,,-19.5447
54.2603,-481.717,-32.655,,-11.9902
54.2804,-497.395,-25.6745,,-4.04406
54.3004,-497.008,-11.7371,,4.02443
54.3204,-480.56,10.3868,,11.9864
54.3404,-448.567,27.4706,,19.5414
54.3604,-402.085,36.5699,,26.4708
54.3802,-342.616,41.152,,32.538
54.4002,-272.072,43.5409,,37.5623
54.4203,-192.739,44.8613,,41.3701
54.4403,-107.18,45.5721,,43.8372
54.4603,-18.1597,45.8241,,44.8917
54.4803,71.4492,45.6671,,44.4964
54.5003,158.751,45.114,,42.6613
54.5204,240.916,44.1611,,39.4478
54.5404,315.303,42.7455,,34.9623
54.5604,379.508,40.7915,,29.3454
54.5804,431.434,38.1575,,22.7784
54.6004,469.43,34.5233,,15.476
54.6202,492.258,29.0512,,7.67749
54.6402,499.186,19.0577,,-0.372797
54.6603,489.974,-0.409661,,-8.40939
54.6803,464.936,-21.1882,,-16.1756
54.7003,424.864,-33.4857,,-23.4224
54.7203,371.065,-39.7198,,-29.9042
54.7403,305.282,-42.9226,,-35.431
54.7603,229.633,-44.6605,,-39.8002
54.7804,146.563,-45.6122,,-42.8921
54.8004,58.7588,-46.0522,,-44.5923
54.8204,-30.9431,-46.0863,,-44.8558
54.8404,-119.645,-45.7354,,-43.6675
54.8604,-204.48,-44.9561,,-41.0709
54.8802,-282.711,-43.7444,,-37.1445
54.9002,-351.804,-42.0544,,-32.0173
54.9203,-409.536,-39.7661,,-25.8638
54.9403,-454.029,-36.6459,,-18.8653
54.9603,-483.854,-32.1614,,-11.2586
54.9803,-498.044,-24.7804,,-3.28865
55.0003,-496.143,-9.89158,,4.77858
55.0204,-478.213,12.3709,,12.7118
55.0404,-444.816,28.6213,,20.2192
55.0604,-397.055,37.163,,27.0751
55.0804,-336.463,41.4565,,33.0574
55.1004,-264.998,43.7209,,37.9686
55.1202,-184.973,44.9698,,41.6564
55.1402,-98.9698,45.6362,,44
55.1603,-9.76874,45.8485,,44.916
55.1803,79.746,45.6527,,44.3849
55.2003,166.684,45.0644,,42.4177
55.2203,248.236,44.0654,,39.0828
55.2403,321.768,42.6068,,34.481
55.2603,384.904,40.5957,,28.7675
55.2804,435.602,37.8861,,22.1253
55.3004,472.223,34.1291,,14.7655
55.3204,493.581,28.3948,,6.93093
55.3404,499.004,17.6903,,-1.12775
55.3604,488.295,-2.56605,,-9.14918
55.3802,461.811,-22.7058,,-16.8778
55.4002,420.4,-34.2846,,-24.0626
55.4203,365.397,-40.1302,,-30.4692
55.4403,298.6,-43.1507,,-35.8866
55.4603,222.146,-44.7937,,-40.147
55.4803,138.518,-45.6907,,-43.1094
55.5003,50.4148,-46.0949,,-44.6781
55.5204,-39.3161,-46.0932,,-44.8065
55.5404,-127.777,-45.6935,,-43.4838
55.5604,-212.11,-44.8816,,-40.7556
55.5804,-289.587,-43.632,,-36.7177
55.6004,-357.712,-41.8868,,-31.4849
55.6202,-414.272,-39.529,,-25.2377
55.6402,-457.451,-36.3079,,-18.1716
55.6603,-485.847,-31.6562,,-10.532
55.6803,-498.548,-23.828,,-2.5367
55.7003,-495.144,-7.95323,,5.52988
55.7203,-475.734,14.2944,,13.4312
55.7403,-440.947,29.6949,,20.8946
55.7603,-391.907,37.7076,,27.6765
55.7804,-330.211,41.7551,,33.5624
55.8004,-257.844,43.8892,,38.3691
55.8204,-177.148,45.0729,,41.9319
55.8404,-90.7283,45.6914,,44.146
55.8604,-1.37588,45.8621,,44.9285
55.8802,88.0213,45.6312,,44.2614
55.9002,174.572,45.0077,,42.1627
55.9203,255.48,43.972,,38.7015
55.9403,328.137,42.4568,,33.9913
55.9603,390.192,40.3913,,28.1876
55.9803,439.643,37.6113,,21.4641
56.0003,474.873,33.7123,,14.0467
56.0204,494.773,27.6892,,6.18871
56.0404,498.684,16.2259,,-1.88263
56.0604,486.479,-4.71523,,-9.88868
56.0804,458.56,-24.142,,-17.5782
56.1004,415.811,-35.0308,,-24.6957
56.1202,359.63,-40.5254,,-31.0202
56.1402,291.826,-43.3637,,-36.3364
56.1603,214.597,-44.9212,,-40.4804
56.1803,130.433,-45.7711,,-43.3155
56.2003,42.0577,-46.1304,,-44.7525
56.2203,-47.6783,-46.092,,-44.7439
56.2403,-135.874,-45.6496,,-43.2878
56.2603,-219.677,-44.8011,,-40.4357
56.2804,-296.387,-43.5141,,-36.2715
56.3004,-363.516,-41.7162,,-30.9437
56.3204,-418.896,-39.2888,,-24.6071
56.3404,-460.739,-35.9627,,-17.4757
56.3604,-487.707,-31.1199,,-9.80117
56.3802,-498.912,-22.8011,,-1.77702
56.4002,-494,-5.94261,,6.27749
56.4203,-473.12,16.1324,,14.1508
56.4403,-436.949,30.7159,,21.5574
56.4603,-386.648,38.2262,,28.2699
56.4803,-323.866,42.0309,,34.0567
56.5003,-250.622,44.0517,,38.7568
56.5204,-169.274,45.1684,,42.2001
56.5404,-82.4602,45.7439,,44.2784
56.5604,7.01882,45.8777,,44.9276
56.5804,96.2709,45.612,,44.1254
56.6004,182.413,44.9485,,41.8964
56.6202,262.659,43.8686,,38.3136
56.6402,334.418,42.3131,,33.4925
56.6603,395.376,40.1824,,27.5966
56.6803,443.556,37.3135,,20.7938
56.7003,477.398,33.2798,,13.3287
56.7203,495.816,26.9594,,5.43754
56.7403,498.225,14.6608,,-2.63445
56.7603,484.525,-6.85404,,-10.6247
56.7804,455.176,-25.4972,,-18.2727
56.8004,411.109,-35.731,,-25.3212
56.8204,353.758,-40.8864,,-31.5631
56.8404,284.975,-43.5765,,-36.7799
56.8604,206.985,-45.0483,,-40.8002
56.8802,122.313,-45.8312,,-43.51
56.9002,33.6879,-46.161,,-44.8121
56.9203,-56.0271,-46.0928,,-44.6689
56.9403,-143.934,-45.6127,,-43.0801
56.9603,-227.186,-44.7127,,-40.0984
56.9803,-303.098,-43.3813,,-35.8232
57.0003,-369.219,-41.5406,,-30.3931
57.0204,-423.409,-39.0345,,-23.9716
57.0404,-463.913,-35.6039,,-16.7852
57.0604,-489.438,-30.5547,,-9.04939
57.0804,-499.134,-21.6965,,-1.0256
57.1004,-492.718,-3.85996,,7.02489
57.1202,-470.377,17.8984,,14.8679
57.1402,-432.825,31.662,,22.215
57.1603,-381.287,38.7162,,28.8517
57.1803,-317.433,42.2969,,34.549
57.2003,-243.324,44.2012,,39.1308
57.2203,-161.353,45.2602,,42.455
57.2403,-74.17,45.7923,,44.3987
57.2603,15.4099,45.887,,44.9146
57.2804,104.493,45.5862,,43.9766
57.3004,190.2,44.8804,,41.6171
57.3204,269.758,43.7625,,37.9137
57.3404,340.603,42.1538,,32.9853
57.3604,400.434,39.9712,,26.9829
57.3802,447.338,37.0128,,20.1342
57.4002,479.788,32.8324,,12.6083
57.4203,496.733,26.166,,4.68859
57.4403,497.623,12.9916,,-3.39687
57.4603,482.438,-8.94768,,-11.3542
57.4803,451.664,-26.7833,,-18.9574
57.5003,406.285,-36.3947,,-25.9499
57.5204,347.78,-41.229,,-32.093
57.5404,278.042,-43.7664,,-37.2028
57.5604,199.32,-45.1644,,-41.112
57.5804,114.156,-45.9075,,-43.6937
57.6004,25.3078,-46.1922,,-44.8606
57.6202,-64.3596,-46.0787,,-44.5801
57.6402,-151.949,-45.5661,,-42.8603
57.6603,-234.627,-44.6318,,-39.752
57.6803,-309.723,-43.2533,,-35.3612
57.7003,-374.812,-41.3506,,-29.8292
57.7203,-427.795,-38.78,,-23.3368
57.7403,-466.951,-35.2419,,-16.0729
57.7603,-491.01,-29.9582,,-8.3115
57.7804,-499.223,-20.5006,,-0.275132
57.8004,-491.301,-1.73934,,7.77455
57.8204,-467.491,19.5696,,15.5812
57.8404,-428.577,32.567,,22.8646
57.8604,-375.825,39.1814,,29.424
57.8802,-310.91,42.5432,,35.0274
57.9002,-235.964,44.3463,,39.4991
57.9203,-153.389,45.351,,42.6947
57.9403,-65.858,45.8444,,44.5102
57.9603,23.7985,45.8955,,44.8877
57.9803,112.687,45.5468,,43.8149
58.0003,197.933,44.8216,,41.326
58.0204,276.786,43.6624,,37.5072
58.0404,346.691,41.9933,,32.4649
58.0604,405.403,39.7431,,26.3872
58.0804,451.003,36.7037,,19.4433
58.1004,482.035,32.3696,,11.8793
58.1202,497.499,25.3216,,3.9367
58.1402,496.882,11.2195,,-4.15085
58.1603,480.212,-10.9869,,-12.0776
58.1803,448.024,-27.9862,,-19.6426
58.2003,401.346,-37.008,,-26.5654
58.2203,341.71,-41.5575,,-32.6109
58.2403,271.034,-43.9532,,-37.6246
58.2603,191.597,-45.2757,,-41.4111
58.2804,105.971,-45.9702,,-43.8629
58.3004,16.9214,-46.2136,,-44.8967
58.3204,-72.6749,-46.0617,,-44.4807
58.3404,-159.923,-45.513,,-42.6246
58.3604,-242.006,-44.5443,,-39.3986
58.3802,-316.263,-43.1158,,-34.8862
58.4002,-380.298,-41.152,,-29.2599
58.4203,-432.054,-38.5145,,-22.6829
58.4403,-469.856,-34.8578,,-15.3751
58.4603,-492.458,-29.3259,,-7.56685
58.4803,-499.169,-19.2086,,0.480818
58.5003,-489.739,0.408238,,8.51545
58.5204,-464.484,21.1623,,16.2916
58.5404,-424.212,33.4119,,23.5124
58.5604,-370.236,39.6144,,29.9949
58.5804,-304.298,42.7773,,35.492
58.6004,-228.53,44.49,,39.8524
58.6202,-145.378,45.4411,,42.9235
58.6402,-57.5306,45.8814,,44.606
58.6603,32.179,45.8966,,44.8495
58.6803,120.848,45.5265,,43.6411
58.7003,205.609,44.75,,41.0226
58.7203,283.734,43.5384,,37.0886
58.7403,352.684,41.832,,31.9361
58.7603,410.236,39.5244,,25.7683
58.7804,454.531,36.381,,18.7617
58.8004,484.158,31.8728,,11.1591
58.8204,498.127,24.4185,,3.17514
58.8404,495.995,9.35024,,-4.9044
58.8604,477.845,-12.968,,-12.8042
58.8802,444.252,-29.1151,,-20.3216
58.9002,396.295,-37.5956,,-27.1638
58.9203,335.543,-41.874,,-33.1286
58.9403,263.948,-44.1273,,-38.0312
58.9603,183.819,-45.3727,,-41.6975
58.9803,97.7534,-46.029,,-44.021
59.0003,8.5305,-46.2438,,-44.9192
59.0204,-80.9685,-46.0487,,-44.3672
59.0404,-167.85,-45.4537,,-42.3804
59.0604,-249.31,-44.442,,-39.0281
59.0804,-322.717,-42.9794,,-34.4121
59.1004,-385.691,-40.9624,,-28.6805
59.1202,-436.201,-38.2355,,-22.0257
59.1402,-472.623,-34.4558,,-14.6597
59.1603,-493.763,-28.6673,,-6.82406
59.1803,-498.971,-17.8361,,1.23573
59.2003,-488.04,2.5781,,9.26229
59.2203,-461.338,22.6752,,16.9845
59.2403,-419.734,34.1934,,24.1532
59.2603,-364.558,40.0233,,30.554
59.2804,-297.6,43.0119,,35.9512
59.3004,-221.038,44.6206,,40.1959
59.3204,-137.33,45.5177,,43.1423
59.3404,-49.1825,45.9274,,44.6903
59.3604,40.5508,45.9052,,44.7972
59.3802,128.974,45.4827,,43.4551
59.4002,213.228,44.6737,,40.71
59.4203,290.595,43.4256,,36.6524
59.4403,358.578,41.668,,31.4083
59.4603,414.963,39.281,,25.1427
59.4803,457.943,36.05,,18.0737
59.5003,486.133,31.3675,,10.4175
59.5204,498.611,23.4486,,2.42508
59.5404,494.977,7.39748,,-5.64197
59.5604,475.358,-14.8794,,-13.5318
59.5804,440.368,-30.1822,,-20.9945
59.6004,391.139,-38.1421,,-27.7644
59.6202,329.279,-42.1668,,-33.639
59.6402,256.782,-44.2958,,-38.4247
59.6603,175.988,-45.4688,,-41.9729
59.6803,89.5086,-46.0884,,-44.1658
59.7003,0.13686,-46.2669,,-44.9292
59.7203,-89.2402,-46.0264,,-44.2415
59.7403,-175.733,-45.39,,-42.1262
59.7603,-256.552,-44.3478,,-38.6462
59.7804,-329.069,-42.8403,,-33.9163
59.8004,-390.967,-40.7544,,-28.104
59.8204,-440.223,-37.947,,-21.3604
59.8404,-475.257,-34.0388,,-13.9416
59.8604,-494.93,-27.9677,,-6.07855
59.8802,-498.628,-16.348,,1.99386
59.9002,-486.199,4.73703,,9.99575
59.9203,-458.071,24.1085,,17.6806
59.9403,-415.123,34.9412,,24.7918
59.9603,-358.768,40.4083,,31.0981
59.9803,-290.823,43.2185,,36.404
60.0003,-213.037,44.5269,,39.6727