0.0203271,0.15307,0.666659,,0.135051
0.0403313,0.450663,1.81345,,0.149078
0.0603356,0.744459,2.88921,,0.145336
0.0803399,1.03074,3.9237,,0.140959
0.100329,1.30674,4.89697,,0.135091
0.120333,1.5697,5.80204,,0.127967
0.140337,1.81693,6.69449,,0.119504
0.160326,2.04609,7.42366,,0.109958
0.180331,2.25475,8.08614,,0.0990973
0.200335,2.44089,8.66317,,0.0874075
0.220339,2.60263,9.15852,,0.0747958
0.240328,2.73836,9.54444,,0.0615065
0.260333,2.8467,9.82508,,0.0474809
0.280337,2.92663,10.0218,,0.0331218
0.300326,2.97742,10.1156,,0.0183533
0.32033,2.99836,10.0994,,3.32E-03
0.340334,2.98933,9.9867,,-0.0116487
0.360339,2.95043,9.77258,,-0.0264132
0.380328,2.88204,9.46341,,-0.0412013
0.400332,2.78491,9.05881,,-0.0552519
0.420336,2.65988,8.56399,,-0.0688175
0.44034,2.50835,7.98435,,-0.081974
0.46033,2.33171,7.32148,,-0.0939536
0.480334,2.13182,6.58298,,-0.105192
0.500338,1.91059,5.78416,,-0.115332
0.520327,1.67029,4.9068,,-0.12433
0.540331,1.41326,3.97157,,-0.13211
0.560336,1.14217,2.9972,,-0.138515
0.58034,0.859622,1.99064,,-0.143531
0.600329,0.568531,0.957396,,-0.147118
0.620333,0.271734,-0.0951298,,-0.149289
0.640337,-0.0277911,-1.13892,,-0.149949
0.660326,-0.327004,-2.17852,,-0.149093
0.680331,-0.622979,-3.19753,,-0.146724
0.700335,-0.912732,-4.18E+00,,-0.142942
0.720339,-1.19338,-5.11616,,-0.137744
0.740328,-1.46209,-6.00223,,-0.131101
0.760333,-1.71619,-6.82486,,-0.123158
0.780337,-1.9531,-7.57642,,-0.114027
0.800326,-2.17056,-8.24529,,-0.103774
0.82033,-2.36632,-8.83394,,-0.0924112
0.840334,-2.53839,-9.33701,,-0.0801349
0.860339,-2.68514,-9.74982,,-0.0671089
0.880328,-2.80505,-10.0599,,-5.34E-02
0.900332,-2.89695,-10.2744,,-3.91E-02
0.920336,-2.95983,-10.3957,,-2.44E-02
0.940341,-2.9932,-10.409,,-9.68E-03
0.96033,-2.99671,-10.3222,,5.45E-03
0.980334,-2.97016,-10.1399,,0.0202898
1.00034,-2.91404,-9.86492,,0.0350852
1.02033,-2.82871,-9.48924,,4.94E-02
1.04033,-2.71516,-9.01744,,6.34E-02
1.06034,-2.57438,-8.47254,,7.66E-02
1.08034,-2.40801,-7.82977,,8.90E-02
1.10033,-2.21759,-7.11187,,1.01E-01
1.12033,-2.00499,-6.33143,,1.11E-01
1.14034,-1.77236,-5.48414,,1.21E-01
1.16033,-1.522,-4.57714,,1.29E-01
1.18033,-1.25645,-3.61733,,1.36E-01
1.20034,-0.978342,-2.62341,,1.42E-01
1.22034,-0.690428,-1.59815,,1.46E-01
1.24033,-0.395642,-0.547506,,1.49E-01
1.26033,-0.0968846,0.500925,,1.50E-01
1.28034,0.202838,1.54474,,1.50E-01
1.30033,0.500528,2.57415,,1.48E-01
1.32033,0.793198,3.58093,,1.45E-01
1.34033,1.07798,4.54542,,1.40E-01
1.36034,1.35198,5.45483,,1.34E-01
1.38033,1.61248,6.31138,,1.27E-01
1.40033,1.85684,7.09881,,1.18E-01
1.42034,2.08266,7.8081,,1.08E-01
1.44034,2.28767,8.43226,,9.72E-02
1.46033,2.46986,8.97088,,8.54E-02
1.48033,2.62737,9.42384,,7.27E-02
1.50034,2.75858,9.77729,,5.91E-02
1.52033,2.8622,10.038,,4.51E-02
1.54033,2.93728,10.2004,,3.07E-02
1.56034,2.98298,10.2614,,1.57E-02
1.58034,2.99891,10.2221,,9.26E-04
1.60033,2.98488,10.0828,,-1.41E-02
1.62033,2.94095,9.84618,,-2.90E-02
1.64034,2.86769,9.52094,,-4.35E-02
1.66033,2.76577,9.09747,,-5.76E-02
1.68033,2.63622,8.57457,,-7.11E-02
1.70034,2.48039,7.97958,,-0.083979
1.72034,2.29966,7.30909,,-0.0959413
1.74033,2.09602,6.55375,,-0.107044
1.76033,1.87146,5.72927,,-0.116802
1.78034,1.62818,4.8489,,-0.125773
1.80033,1.3686,3.91493,,-0.133245
1.82033,1.09541,2.92422,,-0.139443
1.84033,0.811202,1.90363,,-0.144256
1.86034,0.518921,0.878903,,-0.147656
1.88033,0.221451,-0.169076,,-0.149476
1.90033,-0.078212,-1.22394,,-0.149886
1.92034,-0.377122,-2.25864,,-1.49E-01
1.94034,-0.67223,-3.26272,,-1.46E-01
1.96033,-0.960647,-4.24776,,-1.42E-01
1.98033,-1.23946,-5.18954,,-1.37E-01
2.00034,-1.50593,-6.05716,,-0.129878
2.02033,-1.7573,-6.86335,,-0.121713
2.04033,-1.99112,-7.60585,,-0.112406
2.06034,-2.20504,-8.27727,,-0.101886
2.08034,-2.39695,-8.84818,,-0.0904622
2.10033,-2.56493,-9.33399,,-0.0780153
2.12033,-2.70724,-9.7288,,-0.0648277
2.14034,-2.82251,-10.037,,-0.0509812
2.16033,-2.90953,-10.2402,,-0.0366777
2.18033,-2.96749,-10.3366,,-0.0219967
2.20034,-2.99595,-10.3391,,-7.11E-03
2.22034,-2.99432,-10.2436,,7.99E-03
2.24033,-2.96275,-10.046,,0.0227961
2.26033,-2.90166,-9.74899,,0.037512
2.28034,-2.81159,-9.36114,,5.18E-02
2.30033,-2.6934,-8.88154,,0.0655226
2.32033,-2.54835,-8.31437,,0.0787748
2.34033,-2.37769,-7.65934,,0.0911066
2.36034,-2.18339,-6.9389,,0.102516
2.38033,-1.96723,-6.14141,,0.112933
2.40033,-1.73146,-5.28268,,0.122202
2.42034,-1.47836,-4.36709,,0.130243
2.44034,-1.21051,-3.39969,,0.137005
2.46033,-0.930507,-2.40531,,0.142473
2.48033,-6.41E-01,-1.37467,,0.146417
2.50034,-0.345585,-0.32018,,0.148887
2.52033,-0.046465,0.725639,,0.149931
2.54033,0.253123,1.76438,,0.149436
2.56034,0.55016,2.78829,,0.147485
2.58034,0.841731,3.78828,,0.144021
2.60033,1.12489,4.74947,,0.139131
2.62033,1.39683,5.64376,,0.132861
2.64034,1.65479,6.48589,,0.125271
2.66033,1.89619,7.26582,,0.116378
2.68033,2.11865,7.9684,,0.10642
2.70034,2.31998,8.56427,,0.0953004
2.72034,2.4981,9.0867,,0.0832192
2.74033,2.65123,9.53155,,0.0704247
2.76033,2.77789,9.87018,,0.0568462
2.78034,2.87685,10.1057,,0.042736
2.80033,2.94704,10.2475,,0.028133
2.82033,2.98766,10.299,,0.0132857
2.84033,2.99869,10.2421,,-1.65E-03
2.86034,2.97953,10.0798,,-0.0166615
2.88033,2.93067,9.82744,,-0.0314415
2.90033,2.85254,9.48669,,-0.0459283
2.92034,2.74592,9.04356,,-0.0599074
2.94034,2.61186,8.51302,,-0.0734176
2.96033,2.45165,7.9035,,-0.0859903
2.98033,2.26701,7.21537,,-9.79E-02
3.00034,2.0597,6.44462,,-1.09E-01
3.02033,1.83178,5.61352,,-1.19E-01
3.04033,1.58558,4.72475,,-1.27E-01
3.06034,1.32353,3.77771,,-0.134419
3.08034,1.04827,2.78217,,-0.140351
3.10033,0.762551,1.75688,,-0.144898
3.12033,0.469179,0.72393,,-0.148026
3.14034,0.171147,-0.323405,,-0.149663
3.16033,-0.128602,-1.37757,,-0.149872
3.18033,-0.427066,-2.41794,,-0.148435
3.20034,-0.721281,-3.41297,,-0.145619
3.22034,-1.00828,-4.38538,,-0.141353
3.24033,-1.28521,-5.31536,,-0.135649
3.26033,-1.54931,-6.18906,,-0.128604
3.28034,-1.79792,-6.97834,,-0.120207
3.30033,-2.02856,-7.70663,,-0.110703
3.32033,-2.23889,-8.36387,,-0.10001
3.34033,-2.42692,-8.92671,,-0.0884078
3.36034,-2.59072,-9.3969,,-0.0758675
3.38033,-2.72853,-9.77304,,-0.0625372
3.40033,-2.8391,-10.0706,,-0.0486352
3.42034,-2.92136,-10.2553,,-0.0342447
3.44034,-2.97439,-10.3341,,-0.0195247
3.46033,-2.99777,-10.3199,,-4.56E-03
3.48033,-2.99113,-10.2159,,0.0104634
3.50034,-2.95459,-9.99863,,0.0252923
3.52033,-2.88858,-9.67769,,0.0399356
3.54033,-2.79365,-9.27858,,0.0542043
3.56034,-2.67085,-8.79122,,0.0678251
3.58034,-2.52133,-8.19815,,0.0808972
3.60033,-2.34661,-7.53299,,0.0930374
3.62033,-2.14851,-6.80318,,0.104338
3.64034,-1.92893,-5.99522,,0.114601
3.66033,-1.69003,-5.12008,,0.123654
3.68033,-1.43427,-4.19302,,0.131512
3.70034,-1.16418,-3.2254,,0.138022
3.72034,-0.882471,-2.21782,,0.143204
3.74033,-0.591938,-1.17927,,0.146883
3.76033,-0.29548,-0.130195,,0.149184
3.78034,3.93E-03,0.918147,,0.149912
3.80033,0.303282,1.95913,,0.149219
3.82033,0.599634,2.98329,,0.147038
3.84033,0.889988,3.97074,,0.143322
3.86034,1.17145,4.91707,,0.138145
3.88033,1.44118,5.81763,,0.131688
3.90033,1.69656,6.64802,,0.123837
3.92034,1.93499,7.40904,,0.114873
3.94034,2.15405,8.08405,,0.104504
3.96033,2.35158,8.68651,,0.0933707
3.98033,2.52566,9.20128,,0.0812339
4.00034,2.6745,9.61046,,0.0681413
4.02033,2.79657,9.93531,,5.45E-02
4.04033,2.89068,10.1697,,4.03E-02
4.06034,2.95598,10.2973,,2.57E-02
4.08034,2.99173,10.3164,,1.08E-02
4.10033,2.99767,10.2436,,-4.31E-03
4.12033,2.97344,10.0821,,-0.019094
4.14034,2.91963,9.80967,,-0.0338979
4.16033,2.83659,9.44073,,-4.83E-02
4.18033,2.72523,8.98526,,-6.23E-02
4.20034,2.58666,8.44461,,-7.56E-02
4.22034,2.42229,7.81979,,-8.81E-02
4.24033,2.23367,7.11183,,-9.98E-02
4.26033,2.02275,6.33969,,-1.10E-01
4.28034,1.79164,5.48875,,-1.20E-01
4.30033,1.5426,4.5855,,-1.28E-01
4.32033,1.27811,3.63272,,-1.36E-01
4.34033,1.00091,2.62913,,-1.41E-01
4.36034,0.713703,1.59928,,-1.46E-01
4.38033,0.419343,0.558338,,-1.48E-01
4.40033,0.120804,-0.488648,,-1.50E-01
4.42034,-0.178943,-1.53989,,-1.50E-01
4.44034,-0.47691,-2.57451,,-1.48E-01
4.46033,-0.77012,-3.57656,,-1.45E-01
4.48033,-1.05565,-4.5417,,-1.40E-01
4.50034,-1.33057,-5.46843,,-1.34E-01
4.52033,-1.59223,-6.31754,,-1.27E-01
4.54033,-1.83801,-7.10084,,-1.19E-01
4.56034,-2.06536,-7.8259,,-1.09E-01
4.58034,-2.27212,-8.46911,,-9.81E-02
4.60033,-2.45621,-9.01589,,-8.64E-02
4.62033,-2.61576,-9.46427,,-7.37E-02
4.64034,-2.7491,-9.84023,,-6.02E-02
4.66033,-2.85497,-10.1149,,-4.62E-02
4.68033,-2.93233,-10.2859,,-3.18E-02
4.70034,-2.98044,-10.3493,,-1.70E-02
4.72034,-2.99879,-10.3143,,-2.08E-03
4.74033,-2.9871,-10.1945,,1.30E-02
4.76033,-2.94557,-9.96345,,2.78E-02
4.78034,-2.87459,-9.63054,,4.24E-02
4.80033,-2.77496,-9.21418,,5.65E-02
4.82033,-2.64753,-8.70143,,7.01E-02
4.84033,-2.4937,-8.10579,,0.082927
4.86034,-2.31495,-7.42594,,0.0950532
4.88033,-2.11304,-6.67238,,0.106122
4.90033,-1.89007,-5.85462,,0.11621
4.92034,-1.64816,-4.96921,,0.125079
4.94034,-1.3898,-4.03867,,0.132689
4.96033,-1.11757,-3.06275,,0.139057
4.98033,-0.834146,-2.04198,,0.143859
5.00034,-0.542416,-0.998767,,0.147423
5.02033,-0.245255,0.052492,,0.14937
5.04033,0.054346,1.09973,,0.14993
5.06034,0.35342,2.14228,,0.148935
5.08034,0.64896,3.15983,,1.46E-01
5.10033,0.938021,4.14758,,1.43E-01
5.12033,1.21771,5.08573,,1.37E-01
5.14034,1.48521,5.97793,,0.13042
5.16033,1.73789,6.80134,,0.122433
5.18033,1.97324,7.54633,,0.113165
5.20034,2.18882,8.21733,,0.102768
5.22034,2.38253,8.80011,,0.0913508
5.24033,2.55244,9.29614,,0.0790538
5.26033,2.69684,9.70292,,0.0658866
5.28034,2.81434,10.0087,,0.0521744
5.30033,2.90373,10.214,,0.0378244
5.32033,2.964,10.3307,,0.0231511
5.34033,2.99476,10.3469,,8.35E-03
5.36034,2.99563,10.2511,,-6.72E-03
5.38033,2.96646,10.0626,,-0.0216589
5.40033,2.90767,9.77952,,-0.0362928
5.42034,2.81981,9.40109,,-5.08E-02
5.44034,2.70388,8.92871,,-0.06448
5.46033,2.56083,8.36735,,-0.0777203
5.48033,2.39224,7.72754,,-0.0901318
5.50034,2.1997,7.01012,,-0.101659
5.52033,1.98524,6.2167,,-0.112103
5.54033,1.75092,5.35745,,-0.121481
5.56034,1.49913,4.44691,,-0.129695
5.58034,1.23232,3.47448,,-0.136562
5.60033,0.953259,2.4672,,-0.142064
5.62033,0.664633,1.44148,,-0.146112
5.64034,0.369363,0.391329,,-0.148769
5.66033,0.0704081,-0.661382,,-0.149883
5.68033,-0.229267,-1.70858,,-0.149532
5.70034,-0.52663,-2.73789,,-0.14769
5.72034,-0.818731,-3.74832,,-0.144319
5.74033,-1.10266,-4.70339,,-0.139609
5.76033,-1.37557,-5.603,,-0.133417
5.78034,-1.63473,-6.46056,,-0.125921
5.80033,-1.87757,-7.24408,,-0.11717
5.82033,-2.10166,-7.94508,,-0.107213
5.84033,-2.30472,-8.56056,,-0.0962368
5.86034,-2.48475,-9.11211,,-0.0842796
5.88033,-2.63996,-9.56024,,-0.0714265
5.90033,-2.76884,-9.90707,,-0.0579633
5.92034,-2.86995,-10.1579,,-0.0438254
5.94034,-2.94241,-10.3152,,-0.0293033
5.96033,-2.98553,-10.3731,,-0.0145125
5.98033,-2.99885,-10.3239,,5.23E-04
6.00034,-2.9821,-10.1731,,0.0154389
6.02033,-2.93561,-9.92614,,0.030233
6.04033,-2.85975,-9.5864,,0.044802
6.06034,-2.75541,-9.15104,,0.0588516
6.08034,-2.62341,-8.61884,,0.0723551
6.10033,-2.46526,-8.0085,,0.0850088
6.12033,-2.28254,-7.31888,,9.69E-02
6.14034,-2.07698,-6.55032,,1.08E-01
6.16033,-1.85064,-5.71621,,1.18E-01
6.18033,-1.60578,-4.82414,,1.26E-01
6.20034,-1.34491,-3.88259,,0.133832
6.22034,-1.0706,-2.89285,,0.13997
6.24033,-0.785608,-1.86672,,0.14462
6.26033,-0.492727,-0.822828,,0.147801
6.28034,-0.194963,0.234121,,0.149613
6.30033,0.10477,1.2845,,0.149884
6.32033,0.403456,2.32187,,0.148645
6.34033,0.698121,3.33761,,0.145909
6.36034,0.98579,4.31985,,0.141698
6.38033,1.26362,5.25487,,0.136148
6.40033,1.52885,6.13588,,0.129201
6.42034,1.77877,6.94579,,0.120926
6.44034,2.01091,7.68944,,0.111515
6.46033,2.223,8.33523,,0.100973
6.48033,2.41282,8.90757,,0.089307
6.50034,2.57859,9.39509,,0.0769024
6.52033,2.71855,9.78756,,0.0635883
6.54033,2.83139,10.0747,,0.0498153
6.56034,2.91593,10.2659,,0.0354006
6.58034,2.9713,10.3626,,0.0206728
6.60033,2.99703,10.3655,,5.79E-03
6.62033,2.9928,10.2577,,-9.28E-03
6.64034,2.95867,10.0448,,-0.0241218
6.66033,2.8949,9.74707,,-0.0388372
6.68033,2.80229,9.35819,,-0.0529992
6.70034,2.68164,8.86884,,-0.06682
6.72034,2.53426,8.28885,,-0.0798203
6.74033,2.36146,7.62927,,-0.0921466
6.76033,2.16512,6.90251,,-0.1035
6.78034,1.94715,6.1083,,-0.11379
6.80033,1.70975,5.22566,,-0.122944
6.82033,1.45526,4.29988,,-1.31E-01
6.84033,1.18618,3.32613,,-0.137558
6.86034,0.905295,2.31581,,-0.142837
6.88033,0.615375,1.27848,,-0.146683
6.90033,0.319277,0.223362,,-0.14902
6.92034,0.0199802,-0.833865,,-0.149974
6.94034,-0.279492,-1.87947,,-0.149301
6.96033,-0.576196,-2.90123,,-0.147206
6.98033,-0.867118,-3.90657,,-0.143676
7.00034,-1.14937,-4.86388,,-0.138656
7.02033,-1.42019,-5.76158,,-0.132215
7.04033,-1.67679,-6.59566,,-0.124536
7.06034,-1.91664,-7.36983,,-0.115618
7.08034,-2.13732,-8.06937,,-0.105398
7.10033,-2.33666,-8.67632,,-0.0943255
7.12033,-2.5126,-9.1955,,-0.0820707
7.14034,-2.66351,-9.63133,,-0.0693063
7.16033,-2.78786,-9.97466,,-5.56E-02
7.18033,-2.88422,-10.2057,,-4.15E-02
7.20034,-2.95181,-10.3457,,-2.68E-02
7.22034,-2.98994,-10.3861,,-1.20E-02
7.24033,-2.99814,-10.3239,,3.08E-03
7.26033,-2.97637,-10.1543,,0.0179409
7.28034,-2.92487,-9.88851,,0.0327156
7.30033,-2.84419,-9.53702,,4.71E-02
7.32033,-2.73512,-9.08927,,6.11E-02
7.34033,-2.60E+00,-8.53394,,7.45E-02
7.36034,-2.43624,-7.90834,,8.71E-02
7.38033,-2.24954,-7.20916,,9.89E-02
7.40033,-2.04028,-6.42902,,1.10E-01
7.42034,-1.81069,-5.57849,,1.19E-01
7.44034,-1.56299,-4.67328,,1.28E-01
7.46033,-1.29966,-3.72093,,1.35E-01
7.48033,-1.02336,-2.72526,,1.41E-01
7.50034,-0.736833,-1.69948,,1.45E-01
7.52033,-0.442939,-0.640413,,1.48E-01
7.54033,-0.144616,0.41285,,1.50E-01
7.56034,0.155151,1.46447,,1.50E-01
7.58034,0.453343,2.50169,,1.48E-01
7.60033,0.747036,3.51267,,1.45E-01
7.62033,1.03327,4.49356,,1.41E-01
7.64034,1.30917,5.42128,,1.35E-01
7.66033,1.57198,6.28741,,1.28E-01
7.68033,1.81908,7.0935,,1.19E-01
7.70034,2.04803,7.82198,,1.10E-01
7.72034,2.25652,8.46255,,9.90E-02
7.74033,2.44244,9.02118,,8.73E-02
7.76033,2.60401,9.48402,,7.47E-02
7.78034,2.73948,9.86288,,6.13E-02
7.80033,2.84762,10.1445,,4.74E-02
7.82033,2.92728,10.3244,,3.29E-02
7.84033,2.97772,10.3972,,1.82E-02
7.86034,2.99846,10.3751,,3.25E-03
7.88033,2.98911,10.2587,,-1.18E-02
7.90033,2.94994,10.0348,,-2.66E-02
7.92034,2.88132,9.7142,,-4.13E-02
7.94034,2.78395,9.30224,,-5.53E-02
7.96033,2.65869,8.80186,,-6.91E-02
7.98033,2.50696,8.21099,,-0.0819462
8.00034,2.33009,7.5383,,-0.0941425
8.02033,2.12997,6.79164,,-0.105239
8.04033,1.90855,5.97895,,-0.115446
8.06034,1.66811,5.0931,,-0.12437
8.08034,1.41099,4.15674,,-0.13219
8.10033,1.13973,3.16688,,-0.138525
8.12033,0.857104,2.15432,,-0.1436
8.14034,0.565919,1.11258,,-0.147153
8.16033,0.269117,0.0528328,,-0.149296
8.18033,-0.0304387,-1.00371,,-0.149946
8.20033,-0.329655,-2.04946,,-0.149091
8.22034,-0.625576,-3.07315,,-1.47E-01
8.24033,-0.915249,-4.07354,,-1.43E-01
8.26033,-1.19581,-5.01847,,-1.38E-01
8.28034,-1.46441,-5.91142,,-0.131007
8.30033,-1.71837,-6.74497,,-0.123115
8.32033,-1.95515,-7.50298,,-0.113904
8.34033,-2.17239,-8.18189,,-0.103675
8.36034,-2.36792,-8.78456,,-0.092252
8.38033,-2.53979,-9.30167,,-0.0800506
8.40033,-2.68634,-9.7154,,-0.0670157
8.42034,-2.80599,-10.0288,,-0.0532757
8.44034,-2.89763,-10.2608,,-0.0389608
8.46033,-2.96026,-10.3881,,-0.0243281
8.48033,-2.99334,-10.397,,-9.53E-03
8.50034,-2.99657,-10.3174,,5.59E-03
8.52033,-2.9698,-10.1434,,0.0203884
8.54033,-2.91336,-9.86453,,0.0352223
8.56034,-2.82783,-9.48171,,4.96E-02
8.58034,-2.71402,-9.00962,,0.0634627
8.60033,-2.57314,-8.46187,,0.0767061
8.62033,-2.40648,-7.81547,,0.0891277
8.64034,-2.21587,-7.09027,,0.100777
8.66033,-2.00303,-6.29932,,0.11135
8.68033,-1.77024,-5.44671,,0.120791
8.70033,-1.51974,-4.53106,,0.129063
8.72034,-1.25407,-3.56381,,0.136027
8.74033,-0.975837,-2.55801,,0.141662
8.76033,-0.687846,-1.52394,,0.145867
8.78034,-0.393014,-0.473451,,0.148626
8.80033,-0.0942315,0.590438,,0.149852
8.82033,0.205492,1.64783,,0.149603
8.84033,0.503134,2.6807,,0.147888
8.86034,0.795794,3.6872,,0.144702
8.88033,1.08048,4.66207,,0.139984
8.90033,1.35433,5.58397,,0.133939
8.92034,1.61471,6.44316,,0.126608
8.94034,1.85895,7.23778,,0.117866
8.96033,2.08459,7.9538,,0.108047
8.98033,2.28939,8.58368,,0.0971329
9.00034,2.47134,9.1278,,0.0852794
9.02033,2.62857,9.58636,,0.0724632
9.04033,2.75961,9.9442,,0.0590798
9.06034,2.86303,10.2034,,0.0449946
9.08034,2.93782,1.04E+01,,0.0305201
9.10033,2.98329,10.43,,0.0156208
9.12033,2.999,10.3971,,7.72E-04
9.14034,2.98464,10.2542,,-0.0143209
9.16033,2.94048,10.0116,,-0.0290738
9.18033,2.86703,9.67814,,-0.0436071
9.20033,2.76E+00,9.25108,,-0.0577973
9.22034,2.63497,8.73478,,-0.0712892
9.24033,2.47889,8.12868,,-0.0840287
9.26033,2.29801,7.44283,,-9.61E-02
9.28034,2.09414,6.68104,,-1.07E-01
9.30033,1.86938,5.85689,,-1.17E-01
9.32033,1.62596,4.96148,,-1.26E-01
9.34033,1.36629,4.00679,,-0.133285
9.36034,1.09293,3.00723,,-0.139562
9.38033,0.808682,1.99267,,-0.144237
9.40033,0.516343,0.941507,,-0.147629
9.42034,0.21885,-0.115842,,-0.149533
9.44034,-0.0808388,-1.17344,,-0.149896
9.46033,-0.379721,-2.22207,,-0.148812
9.48033,-0.674814,-3.24593,,-0.146179
9.50034,-0.963139,-4.23843,,-0.14208
9.52033,-1.24188,-5.17409,,-0.136694
9.54033,-1.5082,-6.06224,,-0.129763
9.56034,-1.75943,-6.88414,,-0.121661
9.58034,-1.99309,-7.63025,,-0.112242
9.60033,-2.20684,-8.3008,,-0.101848
9.62033,-2.39854,-8.89511,,-0.0903299
9.64034,-2.56626,-9.38977,,-0.0778573
9.66033,-2.70835,-9.78888,,-0.0647708
9.68033,-2.8234,-10.0935,,-0.0508464
9.70033,-2.91015,-10.3088,,-0.0365649
9.72034,-2.96788,-10.4166,,-0.0218388
9.74033,-2.99604,-10.4126,,-7.08E-03
9.76033,-2.99416,-10.3122,,8.18E-03
9.78034,-2.96234,-10.1217,,0.0229238
9.80033,-2.901,-9.82838,,0.0375994
9.82033,-2.81065,-9.43227,,0.0520158
9.84033,-2.69217,-8.94287,,0.0656773
9.86034,-2.54683,-8.36995,,0.0788347
9.88033,-2.37608,-7.71794,,0.0911822
9.90033,-2.18156,-6.98392,,0.102621
9.92034,-1.96524,-6.17178,,0.113021
9.94034,-1.72929,-5.29991,,0.12226
9.96033,-1.47608,-4.38189,,1.30E-01
9.98033,-1.20807,-3.40552,,0.137075
10.0003,-0.928019,-2.39006,,0.142513
10.0203,-0.638684,-1.3473,,0.14637
10.0403,-0.342971,-0.289822,,0.148908
10.0603,-0.0438169,0.769218,,0.149958
10.0803,0.255761,1.82495,,0.14941
10.1003,0.552773,2.85937,,0.147434
10.1203,0.844268,3.86529,,0.144012
10.1403,1.12734,4.83274,,0.139093
10.1603,1.39916,5.75098,,0.132822
10.1803,1.65699,6.60393,,0.125142
10.2003,1.89822,7.38168,,0.11635
10.2203,2.12055,8.08199,,0.1063
10.2403,2.32164,8.70522,,0.0951324
10.2603,2.49957,9.24096,,0.0832688
10.2803,2.65249,9.67202,,0.0702221
10.3003,2.7789,10.0172,,5.67E-02
10.3203,2.87755,10.2725,,4.25E-02
10.3403,2.94756,10.418,,2.81E-02
10.3603,2.98803,10.4563,,1.31E-02
10.3803,2.99862,10.4,,-1.77E-03
10.4003,2.97924,10.2498,,-0.0167991
10.4203,2.93014,10.0007,,-0.0315806
10.4403,2.85177,9.64435,,-4.60E-02
10.4603,2.74488,9.19255,,-6.00E-02
10.4803,2.61056,8.66392,,-7.35E-02
10.5003,2.45016,8.04415,,-8.61E-02
10.5203,2.26532,7.34647,,-9.80E-02
10.5403,2.05779,6.5708,,-1.09E-01
10.5603,1.8297,5.72011,,-1.19E-01
10.5803,1.58339,4.82562,,-1.27E-01
10.6003,1.32117,3.86983,,-1.34E-01
10.6203,1.04583,2.8609,,-1.40E-01
10.6403,0.760007,1.82406,,-1.45E-01
10.6603,0.46659,0.766005,,-1.48E-01
10.6803,0.168515,-0.282533,,-1.50E-01
10.7003,-0.131222,-1.34636,,-1.50E-01
10.7203,-0.429695,-2.39485,,-1.48E-01
10.7403,-0.723841,-3.41382,,-1.46E-01
10.7603,-1.01076,-4.40623,,-1.41E-01
10.7803,-1.28759,-5.33728,,-1.36E-01
10.8003,-1.55155,-6.21268,,-1.28E-01
10.8203,-1.80004,-7.02518,,-1.20E-01
10.8403,-2.03051,-7.76646,,-1.11E-01
10.8603,-2.24065,-8.42511,,-9.99E-02
10.8803,-2.42846,-8.99856,,-8.83E-02
10.9003,-2.59196,-9.47944,,-7.57E-02
10.9203,-2.72954,-9.87037,,-6.24E-02
10.9403,-2.83996,-10.1614,,-4.86E-02
10.9603,-2.92192,-10.3562,,-3.41E-02
10.9803,-2.97469,-10.4394,,-1.94E-02
11.0003,-2.99783,-10.4264,,-4.46E-03
11.0203,-2.99091,-10.3102,,1.06E-02
11.0403,-2.95415,-10.1028,,2.55E-02
11.0603,-2.88781,-9.78993,,4.01E-02
11.0803,-2.7927,-9.37253,,5.43E-02
11.1003,-2.66959,-8.87336,,6.80E-02
11.1203,-2.51993,-8.28907,,0.0809098
11.1403,-2.345,-7.61607,,0.0932617
11.1603,-2.14662,-6.86435,,0.10438
11.1803,-1.93E+00,-6.05209,,0.114693
11.2003,-1.68783,-5.16667,,0.123725
11.2203,-1.43196,-4.22907,,0.131538
11.2403,-1.16174,-3.25163,,0.138068
11.2603,-0.87995,-2.22648,,0.143266
11.2803,-0.589343,-1.17461,,0.146941
11.3003,-0.292824,-0.116119,,0.14921
11.3203,6.57E-03,0.949132,,0.149933
11.3403,0.305936,1.99991,,0.149198
11.3603,0.602245,3.03942,,1.47E-01
11.3803,0.892547,4.04093,,1.43E-01
11.4003,1.17388,5.00019,,1.38E-01
11.4203,1.44354,5.90917,,0.131641
11.4403,1.69874,6.75008,,0.123754
11.4603,1.93698,7.52663,,0.114706
11.4803,2.15587,8.21737,,0.104489
11.5003,2.35325,8.81634,,0.0932766
11.5203,2.52712,9.33071,,0.0810356
11.5403,2.67564,9.76436,,0.0680433
11.5603,2.79745,10.0986,,0.0544516
11.5803,2.89142,10.3222,,0.0401279
11.6003,2.95639,10.4446,,0.025515
11.6203,2.99191,10.4851,,0.010688
11.6403,2.9975,10.4211,,-4.34E-03
11.6603,2.973,10.2409,,-0.0193245
11.6803,2.91895,9.96258,,-0.0340061
11.7003,2.83569,9.59812,,-4.84E-02
11.7203,2.72416,9.14814,,-0.0624064
11.7403,2.58536,8.58973,,-0.0757037
11.7603,2.42074,7.95484,,-0.0881841
11.7803,2.23189,7.24334,,-0.0998759
11.8003,2.02077,6.4527,,-0.11052
11.8203,1.78947,5.5982,,-0.120158
11.8403,1.54028,4.68227,,-0.128404
11.8603,1.27571,3.7112,,-0.135538
11.8803,0.998381,2.69808,,-0.141253
11.9003,0.711118,1.65572,,-0.145588
11.9203,0.416712,0.603911,,-0.148436
11.9403,0.118131,-0.461918,,-0.149798
11.9603,-0.181618,-1.52401,,-0.149704
11.9803,-0.479539,-2.56265,,-0.148083
12.0003,-0.772699,-3.59201,,-0.14501
12.0203,-1.05812,-4.56851,,-0.140403
12.0403,-1.33296,-5.49177,,-0.134508
12.0603,-1.5945,-6.36365,,-0.127223
12.0803,-1.84007,-7.17416,,-0.118559
12.1003,-2.0673,-7.89788,,-0.10894
12.1203,-2.27387,-8.5352,,-0.0979888
12.1403,-2.45768,-9.09972,,-0.0862337
12.1603,-2.61699,-9.57346,,-0.0735997
12.1803,-2.75016,-9.94985,,-0.0601066
12.2003,-2.85574,-10.2225,,-0.0461402
12.2203,-2.93284,-10.3994,,-0.0315474
12.2403,-2.98069,-1.05E+01,,-0.016959
12.2603,-2.9988,-10.44,,-1.91E-03
12.2803,-2.98679,-10.3142,,0.0130913
12.3003,-2.94504,-10.08,,0.0279099
12.3203,-2.87387,-9.74289,,0.0424589
12.3403,-2.77E+00,-9.32375,,0.0567014
12.3603,-2.64627,-8.80991,,0.0701911
12.3803,-2.49224,-8.20413,,0.0830767
12.4003,-2.31326,-7.50924,,9.51E-02
12.4203,-2.11117,-6.75245,,1.06E-01
12.4403,-1.888,-5.92452,,1.16E-01
12.4603,-1.64595,-5.02669,,1.25E-01
12.4803,-1.38743,-4.08148,,0.132731
12.5003,-1.11513,-3.084,,0.13899
12.5203,-0.831608,-2.05786,,0.14404
12.5403,-0.53983,-1.0032,,0.147405
12.5603,-0.242628,0.0601862,,0.149439
12.5803,0.056992,1.12901,,0.149905
12.6003,0.356041,2.18064,,0.14892
12.6203,0.651536,3.21038,,0.146446
12.6403,0.94053,4.21002,,0.142482
12.6603,1.22012,5.16984,,0.137128
12.6803,1.48752,6.06524,,0.130414
12.7003,1.74007,6.90053,,0.122295
12.7203,1.97518,7.66224,,0.113113
12.7403,2.19063,8.34188,,0.102687
12.7603,2.38413,8.9346,,0.0912577
12.7803,2.55387,9.43526,,0.0789657
12.8003,2.69806,9.8509,,0.0657431
12.8203,2.81527,10.1656,,0.0520248
12.8403,2.90436,10.3773,,0.0377496
12.8603,2.96435,10.4885,,0.0229526
12.8803,2.99488,10.5091,,8.23E-03
12.9003,2.99552,10.4192,,-6.92E-03
12.9203,2.96601,10.2282,,-0.0217427
12.9403,2.90698,9.9431,,-0.0365077
12.9603,2.81892,9.55335,,-0.0507512
12.9803,2.7027,9.07926,,-0.0646546
13.0003,2.55941,8.51549,,-0.0778136
13.0203,2.3906,7.86265,,-0.0903121
13.0403,2.1979,7.13711,,-0.101709
13.0603,1.98328,6.33859,,-0.112166
13.0803,1.74879,5.46775,,-0.121612
13.1003,1.49682,4.53791,,-1.30E-01
13.1203,1.22993,3.55756,,-0.136588
13.1403,0.95071,2.54078,,-0.142141
13.1603,0.662022,1.48914,,-0.146145
13.1803,0.366703,0.431342,,-0.148737
13.2003,0.0677164,-0.633808,,-0.149947
13.2203,-0.231931,-1.69642,,-0.14952
13.2403,-0.529286,-2.74212,,-0.147692
13.2603,-0.821323,-3.76138,,-0.144248
13.2803,-1.10519,-4.72899,,-0.139617
13.3003,-1.37796,-5.65316,,-0.133285
13.3203,-1.63697,-6.51637,,-0.125845
13.3403,-1.87968,-7.31065,,-0.117075
13.3603,-2.10356,-8.01798,,-0.107141
13.3803,-2.30646,-8.65969,,-0.0961034
13.4003,-2.48623,-9.20992,,-0.0841893
13.4203,-2.64124,-9.65945,,-0.0713278
13.4403,-2.76986,-10.0147,,-5.78E-02
13.4603,-2.87078,-10.2815,,-4.37E-02
13.4803,-2.94301,-10.4473,,-2.92E-02
13.5003,-2.98587,-10.4923,,-1.43E-02
13.5203,-2.99888,-10.4456,,6.47E-04
13.5403,-2.98186,-10.3066,,0.0155675
13.5603,-2.93511,-10.0572,,0.0303993
13.5803,-2.85904,-9.70586,,4.49E-02
13.6003,-2.75436,-9.26148,,5.90E-02
13.6203,-2.62222,-8.73248,,7.25E-02
13.6403,-2.46378,-8.11513,,8.51E-02
13.6603,-2.28085,-7.41452,,9.70E-02
13.6803,-2.07505,-6.6307,,1.08E-01
13.7003,-1.84855,-5.78875,,1.18E-01
13.7203,-1.60356,-4.88956,,1.27E-01
13.7403,-1.34256,-3.92807,,1.34E-01
13.7603,-1.06817,-2.91964,,1.40E-01
13.7803,-0.783057,-1.88755,,1.45E-01
13.8003,-0.490155,-0.832125,,1.48E-01
13.8203,-0.19234,0.239279,,1.50E-01
13.8403,0.107396,1.30991,,1.50E-01
13.8603,0.406039,2.35947,,1.49E-01
13.8803,0.700654,3.38816,,1.46E-01
13.9003,0.98825,4.38325,,1.42E-01
13.9203,1.26597,5.33884,,1.36E-01
13.9403,1.53107,6.22272,,1.29E-01
13.9603,1.78087,7.04963,,1.21E-01
13.9803,2.01287,7.80307,,1.11E-01
14.0003,2.22E+00,8.46131,,1.01E-01
14.0203,2.4144,9.04299,,8.93E-02
14.0403,2.57988,9.53646,,7.67E-02
14.0603,2.71971,9.93618,,6.36E-02
14.0803,2.83227,10.2346,,4.96E-02
14.1003,2.91656,10.4308,,3.53E-02
14.1203,2.97163,10.5301,,2.05E-02
14.1403,2.99707,10.5284,,5.59E-03
14.1603,2.99263,10.4288,,-9.32E-03
14.1803,2.95812,10.2161,,-2.43E-02
14.2003,2.8942,9.90271,,-3.89E-02
14.2203,2.80137,9.51631,,-5.32E-02
14.2403,2.68044,9.02469,,-6.69E-02
14.2603,2.53287,8.43208,,-0.0799067
14.2803,2.35982,7.76448,,-0.0922253
14.3003,2.1633,7.02881,,-0.103596
14.3203,1.94513,6.22128,,-0.113898
14.3403,1.70756,5.33274,,-0.123082
14.3603,1.4529,4.38781,,-0.130942
14.3803,1.18375,3.39898,,-0.137614
14.4003,0.902751,2.37486,,-0.142882
14.4203,0.612752,1.32241,,-0.146757
14.4403,0.316611,0.261879,,-0.14905
14.4603,0.0173053,-0.807341,,-0.149897
14.4803,-0.282151,-1.87718,,-0.149294
14.5003,-0.578813,-2.91548,,-1.47E-01
14.5203,-0.869684,-3.92476,,-1.44E-01
14.5403,-1.15186,-4.89789,,-1.39E-01
14.5603,-1.42252,-5.8105,,-1.32E-01
14.5803,-1.67899,-6.665,,-0.124433
14.6003,-1.91864,-7.44505,,-0.115459
14.6203,-2.13917,-8.14802,,-0.105366
14.6403,-2.33833,-8.77388,,-0.0942187
14.6603,-2.51413,-9.30936,,-0.0820244
14.6803,-2.66467,-9.75155,,-0.0690878
14.7003,-2.78877,-10.0902,,-0.0555559
14.7203,-2.885,-10.333,,-0.0413065
14.7403,-2.95232,-10.4828,,-0.0266963
14.7603,-2.99009,-10.5182,,-0.0118417
14.7803,-2.99809,-10.4546,,3.16E-03
14.8003,-2.97605,-10.2922,,0.0180962
14.8203,-2.92433,-10.0248,,0.0328328
14.8403,-2.84337,-9.67019,,0.0473088
14.8603,-2.73401,-9.20489,,0.0612794
14.8803,-2.5974,-8.65532,,0.0746041
14.9003,-2.43472,-8.02039,,0.0872742
14.9203,-2.24777,-7.30311,,0.098991
14.9403,-2.03837,-6.51571,,0.109707
14.9603,-1.80856,-5.65136,,0.119377
14.9803,-1.56071,-4.74399,,0.127843
15.0003,-1.29731,-3.77356,,0.135037
15.0203,-1.02E+00,-2.7624,,0.140857
15.0403,-0.734272,-1.72237,,0.145318
15.0603,-0.44034,-0.653508,,0.148215
15.0803,-0.141987,0.417095,,0.14978
15.1003,0.157782,1.48418,,0.149724
15.1203,0.45596,2.53995,,0.148278
15.1403,0.749591,3.56759,,0.145279
15.1603,1.03576,4.55699,,0.140886
15.1803,1.31153,5.49696,,0.13493
15.2003,1.57424,6.38362,,0.127883
15.2203,1.82119,7.20054,,0.119339
15.2403,2.04995,7.93509,,0.109714
15.2603,2.25823,8.58851,,0.0989575
15.2803,2.44396,9.16111,,0.0871376
15.3003,2.60527,9.63302,,0.0746265
15.3203,2.74057,10.0139,,6.13E-02
15.3403,2.84842,10.3053,,0.0472478
15.3603,2.92784,10.4867,,0.0328342
15.3803,2.97794,10.561,,0.0179916
15.4003,2.99847,10.5442,,3.13E-03
15.4203,2.98889,10.4263,,-0.0118322
15.4403,2.94946,10.2021,,-0.0267739
15.4603,2.8806,9.87426,,-0.0413549
15.4803,2.78E+00,9.46057,,-0.0555909
15.5003,2.65747,8.95609,,-0.0690893
15.5203,2.50538,8.3562,,-0.0821294
15.5403,2.32838,7.6721,,-9.42E-02
15.5603,2.12804,6.92254,,-1.05E-01
15.5803,1.90647,6.09527,,-1.15E-01
15.6003,1.66586,5.19668,,-1.25E-01
15.6203,1.4086,4.242,,-0.132128
15.6403,1.13725,3.25117,,-0.138664
15.6603,0.854542,2.21595,,-0.143606
15.6803,0.563306,1.14818,,-0.147173
15.7003,0.266424,0.0878981,,-0.149339
15.7203,-0.0331252,-0.982329,,-0.149957
15.7403,-0.332322,-2.04506,,-0.149078
15.7603,-0.628189,-3.09499,,-0.146666
15.7803,-0.917806,-4.10055,,-0.142828
15.8003,-1.19826,-5.05385,,-0.137667
15.8203,-1.46671,-5.96916,,-0.130952
15.8403,-1.72053,-6.81252,,-0.12303
15.8603,-1.95717,-7.58059,,-0.113843
15.8803,-2.17422,-8.27319,,-0.103534
15.9003,-2.36956,-8.8867,,-0.0921951
15.9203,-2.54124,-9.40939,,-0.0799746
15.9403,-2.6875,-9.83389,,-0.0669038
15.9603,-2.80692,-10.1595,,-0.0530896
15.9803,-2.8983,-10.392,,-0.0388337
16.0003,-2.96066,-10.5192,,-0.0242538
16.0203,-2.99358,-10.5391,,-9.35E-03
16.0403,-2.99648,-10.4578,,5.68E-03
16.0603,-2.96943,-10.2815,,0.0206011
16.0803,-2.91274,-9.99627,,0.0353186
16.1003,-2.827,-9.6176,,0.049674
16.1203,-2.71292,-9.14406,,0.0636261
16.1403,-2.57181,-8.57841,,0.0767731
16.1603,-2.40497,-7.92593,,0.0892246
16.1803,-2.21412,-7.19385,,0.100881
16.2003,-2.00109,-6.39976,,0.111401
16.2203,-1.76811,-5.52747,,0.12093
16.2403,-1.51747,-4.58657,,1.29E-01
16.2603,-1.25168,-3.61917,,0.136081
16.2803,-0.973319,-2.60672,,0.141745
16.3003,-0.685282,-1.54908,,0.145896
16.3203,-0.390413,-0.468142,,0.148616
16.3403,-0.0916082,0.595497,,0.14989
16.3603,0.208103,1.6555,,0.149565
16.3803,0.505725,2.71225,,0.147858
16.4003,0.798288,3.74369,,0.144647
16.4203,1.08292,4.72481,,0.139958
16.4403,1.35668,5.65523,,0.133869
16.4603,1.6169,6.53244,,0.1265
16.4803,1.86095,7.34768,,0.117799
16.5003,2.08644,8.06833,,0.107981
16.5203,2.29107,8.70185,,0.0970463
16.5403,2.47282,9.26101,,0.0851659
16.5603,2.6298,9.73182,,0.072359
16.5803,2.76062,10.0969,,0.0589729
16.6003,2.86374,10.356,,4.48E-02
16.6203,2.9383,10.5274,,3.03E-02
16.6403,2.98351,10.6057,,1.56E-02
16.6603,2.99894,10.5567,,5.86E-04
16.6803,2.98432,10.413,,-0.0143831
16.7003,2.93992,10.175,,-0.0292328
16.7203,2.86613,9.84329,,-4.38E-02
16.7403,2.7637,9.41051,,-5.78E-02
16.7603,2.63369,8.87789,,-7.14E-02
16.7803,2.47732,8.26816,,-8.42E-02
16.8003,2.29625,7.57715,,-9.61E-02
16.8203,2.09221,6.80708,,-1.07E-01
16.8403,1.8673,5.96406,,-1.17E-01
16.8603,1.6237,5.05292,,-1.26E-01
16.8803,1.36386,4.0917,,-1.33E-01
16.9003,1.09042,3.091,,-1.40E-01
16.9203,0.806094,2.0467,,-1.44E-01
16.9403,0.513684,0.976699,,-1.48E-01
16.9603,0.216157,-0.0902717,,-1.50E-01
16.9803,-0.0835408,-1.16029,,-1.50E-01
17.0003,-0.38239,-2.22536,,-1.49E-01
17.0203,-0.677421,-3.26725,,-1.46E-01
17.0403,-0.965704,-4.27106,,-1.42E-01
17.0603,-1.24433,-5.22336,,-1.37E-01
17.0803,-1.51049,-6.12567,,-1.30E-01
17.1003,-1.76162,-6.95873,,-1.22E-01
17.1203,-1.99507,-7.71915,,-1.12E-01
17.1403,-2.21E+00,-8.40745,,-1.02E-01
17.1603,-2.40013,-8.99673,,-9.02E-02
17.1803,-2.56765,-9.50069,,-7.78E-02
17.2003,-2.70951,-9.92244,,-6.46E-02
17.2203,-2.82431,-10.2382,,-5.08E-02
17.2403,-2.91087,-10.4423,,-3.64E-02
17.2603,-2.96833,-10.5512,,-2.17E-02
17.2803,-2.99617,-10.5612,,-6.82E-03
17.3003,-2.994,-10.4649,,8.22E-03
17.3203,-2.96203,-10.2632,,2.31E-02
17.3403,-2.90041,-9.96245,,3.77E-02
17.3603,-2.80976,-9.56935,,5.21E-02
17.3803,-2.6911,-9.07918,,6.58E-02
17.4003,-2.54558,-8.49457,,0.0789256
17.4203,-2.37454,-7.82702,,0.0913259
17.4403,-2.17976,-7.08817,,0.102748
17.4603,-1.96325,-6.27003,,0.113116
17.4803,-1.72715,-5.38339,,0.12233
17.5003,-1.47375,-4.44953,,0.130451
17.5203,-1.20567,-3.46009,,0.137074
17.5403,-0.925528,-2.43405,,0.142494
17.5603,-0.636098,-1.37701,,0.146486
17.5803,-0.340353,-0.303428,,0.148953
17.6003,-0.041188,0.774506,,0.149925
17.6203,0.25837,1.84418,,0.149393
17.6403,0.555355,2.89239,,1.47E-01
17.6603,0.846802,3.91562,,1.44E-01
17.6803,1.12976,4.89883,,1.39E-01
17.7003,1.40147,5.82748,,1.33E-01
17.7203,1.65916,6.69258,,0.125052
17.7403,1.90023,7.48549,,0.11626
17.7603,2.12235,8.20429,,0.10625
17.7803,2.32329,8.83409,,0.0950571
17.8003,2.50099,9.37249,,0.0830862
17.8203,2.65369,9.82053,,0.0701336
17.8403,2.77986,10.1718,,0.0566181
17.8603,2.87829,10.4295,,0.0424355
17.8803,2.948,10.5737,,0.0278965
17.9003,2.98819,10.6212,,0.013064
17.9203,2.99855,10.5736,,-1.95E-03
17.9403,2.97891,10.4151,,-0.0169632
17.9603,2.92953,10.1528,,-0.031672
17.9803,2.8509,9.80191,,-0.0461344
18.0003,2.74375,9.34988,,-0.060188
18.0203,2.6092,8.80898,,-0.0736091
18.0403,2.4486,8.18442,,-0.0862431
18.0603,2.26347,7.47699,,-0.0981021
18.0803,2.05581,6.69055,,-0.108894
18.1003,1.82757,5.82696,,-0.118637
18.1203,1.58109,4.92246,,-0.12726
18.1403,1.31878,3.94854,,-0.134492
18.1603,1.04329,2.92487,,-0.140407
18.1803,0.757407,1.87495,,-0.145002
18.2003,0.463936,0.815721,,-0.148083
18.2203,0.165842,-0.259376,,-0.149695
18.2403,-0.133916,-1.34353,,-0.149817
18.2603,-0.432323,-2.40236,,-0.148404
18.2803,-0.726447,-3.4351,,-0.145579
18.3003,-1.01327,-4.43807,,-0.141238
18.3203,-1.29001,-5.38865,,-0.135551
18.3403,-1.55382,-6.27684,,-1.28E-01
18.3603,-1.80214,-7.10121,,-0.12009
18.3803,-2.03244,-7.85933,,-0.110536
18.4003,-2.24244,-8.52415,,-0.0998459
18.4203,-2.43005,-9.10189,,-0.088208
18.4403,-2.59331,-9.60493,,-0.0755812
18.4603,-2.73073,-10.003,,-0.0623726
18.4803,-2.84083,-10.2958,,-0.048335
18.5003,-2.92257,-10.485,,-0.034013
18.5203,-2.97517,-10.5878,,-0.0192569
18.5403,-2.99792,-10.5764,,-4.23E-03
18.5603,-2.99072,-10.457,,0.0106604
18.5803,-2.95369,-10.2416,,0.0255328
18.6003,-2.8871,-9.92896,,0.0402987
18.6203,-2.79E+00,-9.51613,,0.0543505
18.6403,-2.66846,-9.00485,,0.0681183
18.6603,-2.51851,-8.41138,,0.0810476
18.6803,-2.34338,-7.73283,,9.33E-02
18.7003,-2.1448,-6.97538,,1.05E-01
18.7203,-1.92488,-6.1352,,1.15E-01
18.7403,-1.68571,-5.24941,,1.24E-01
18.7603,-1.42965,-4.30108,,0.131624
18.7803,-1.15934,-3.29998,,0.138165
18.8003,-0.877422,-2.26473,,0.143275
18.8203,-0.586723,-1.19846,,0.146967
18.8403,-0.290207,-0.126059,,0.149193
18.8603,9.23E-03,0.947588,,0.149947
18.8803,0.308562,2.02856,,0.149164
18.9003,0.60482,3.07911,,0.146943
18.9203,0.895054,4.08799,,0.143241
18.9403,1.17631,5.061,,0.138078
18.9603,1.44585,5.99322,,0.13158
18.9803,1.70093,6.85351,,0.123658
19.0003,1.93901,7.62584,,0.11467
19.0203,2.15774,8.32606,,0.104407
19.0403,2.35485,8.95219,,0.0931026
19.0603,2.52848,9.47642,,0.080933
19.0803,2.67679,9.91157,,0.0679146
19.1003,2.79841,10.2469,,0.0543281
19.1203,2.8921,10.4786,,0.0399881
19.1403,2.95683,10.6188,,0.0253808
19.1603,2.99201,10.654,,0.0105669
19.1803,2.99732,10.5784,,-4.46E-03
19.2003,2.97274,10.4034,,-0.019372
19.2203,2.91837,10.1323,,-0.0342284
19.2403,2.83486,9.76581,,-0.0485203
19.2603,2.72309,9.29028,,-0.0624863
19.2803,2.58404,8.73888,,-0.0757943
19.3003,2.41911,8.09624,,-0.0883127
19.3203,2.23011,7.36608,,-0.0999657
19.3403,2.01881,6.57307,,-0.110619
19.3603,1.78731,5.71374,,-0.120219
19.3803,1.53798,4.77353,,-1.29E-01
19.4003,1.27331,3.7825,,-0.135529
19.4203,0.995877,2.7717,,-0.141332
19.4403,0.708504,1.71486,,-0.145643
19.4603,0.414075,0.633533,,-0.148415
19.4803,0.11548,-0.448369,,-0.149809
19.5003,-0.184286,-1.51211,,-0.149729
19.5203,-0.482199,-2.57108,,-0.148074
19.5403,-0.775271,-3.61912,,-0.144903
19.5603,-1.06061,-4.60974,,-0.14038
19.5803,-1.33536,-5.54716,,-0.134423
19.6003,-1.59676,-6.43072,,-0.127154
19.6203,-1.84221,-7.25076,,-0.11855
19.6403,-2.06924,-7.98453,,-0.108816
19.6603,-2.27562,-8.64246,,-0.0978648
19.6803,-2.4592,-9.21818,,-0.0861333
19.7003,-2.61824,-9.69143,,-0.0734399
19.7203,-2.75117,-10.0734,,-0.0600019
19.7403,-2.85659,-10.3584,,-4.60E-02
19.7603,-2.93348,-10.5408,,-3.16E-02
19.7803,-2.981,-10.6084,,-1.67E-02
19.8003,-2.99881,-10.5845,,-1.74E-03
19.8203,-2.98655,-10.4595,,0.0132146
19.8403,-2.94456,-10.223,,0.0280298
19.8603,-2.87306,-9.8861,,4.27E-02
19.8803,-2.77291,-9.45806,,5.67E-02
19.9003,-2.64509,-8.94115,,7.04E-02
19.9203,-2.49074,-8.32084,,8.32E-02
19.9403,-2.31154,-7.62847,,9.53E-02
19.9603,-2.10927,-6.8569,,1.06E-01
19.9803,-1.88591,-6.0121,,1.16E-01
20.0003,-1.6437,-5.1061,,1.25E-01
20.0203,-1.38511,-4.14565,,1.33E-01
20.0403,-1.11264,-3.13901,,1.39E-01
20.0603,-0.829042,-2.09527,,1.44E-01
20.0803,-0.537221,-1.02306,,1.47E-01
20.1003,-0.239991,0.0481781,,1.49E-01
20.1203,0.0596307,1.13972,,1.50E-01
20.1403,0.358669,2.20516,,1.49E-01
20.1603,0.654128,3.24992,,1.46E-01
20.1803,0.943021,4.26401,,1.42E-01
20.2003,1.22254,5.23437,,1.37E-01
20.2203,1.48983,6.14859,,1.30E-01
20.2403,1.74223,6.99792,,1.22E-01
20.2603,1.97719,7.77031,,1.13E-01
20.2803,2.19242,8.45398,,1.03E-01
20.3003,2.38578,9.06238,,9.12E-02
20.3203,2.55522,9.58012,,7.87E-02
20.3403,2.69918,9.99789,,6.57E-02
20.3603,2.81622,10.3145,,5.19E-02
20.3803,2.90508,10.5386,,3.76E-02
20.4003,2.96483,10.6653,,2.28E-02
20.4203,2.995,10.669,,8.05E-03
20.4403,2.99531,10.5791,,-6.97E-03
20.4603,2.9656,10.4031,,-2.19E-02
20.4803,2.90637,10.1098,,-3.66E-02
20.5003,2.81806,9.70147,,-5.10E-02
20.5203,2.70152,9.22388,,-6.47E-02
20.5403,2.55808,8.67208,,-0.0779317
20.5603,2.38902,8.00662,,-0.0903977
20.5803,2.19606,7.25134,,-0.101788
20.6003,1.98124,6.44513,,-0.112335
20.6203,1.74662,5.58055,,-0.121667
20.6403,1.49449,4.63356,,-0.129818
20.6603,1.22751,3.62448,,-0.136596
20.6803,0.948178,2.59827,,-0.142207
20.7003,0.659438,1.54775,,-0.146131
20.7203,0.364089,0.466121,,-0.148813
20.7403,0.0650839,-0.625154,,-0.149905
20.7603,-0.234576,-1.69596,,-0.149516
20.7803,-0.531862,-2.75004,,-1.48E-01
20.8003,-0.823845,-3.78618,,-1.44E-01
20.8203,-1.10761,-4.77806,,-1.40E-01
20.8403,-1.38033,-5.70898,,-1.33E-01
20.8603,-1.63922,-6.5829,,-0.125733
20.8803,-1.88174,-7.39372,,-0.116977
20.9003,-2.10544,-8.12334,,-0.107044
20.9203,-2.30813,-8.75653,,-0.0960298
20.9403,-2.48776,-9.32004,,-0.0840263
20.9603,-2.64248,-9.79118,,-0.0712904
20.9803,-2.77086,-10.1542,,-0.0576641
21.0003,-2.87156,-10.4177,,-0.043594
21.0203,-2.94353,-10.5802,,-0.0290477
21.0403,-2.98604,-10.6437,,-0.0141745
21.0603,-2.99888,-10.5971,,6.60E-04
21.0803,-2.98155,-10.4493,,0.0157565
21.1003,-2.93462,-10.1991,,0.0305359
21.1203,-2.85823,-9.84725,,0.0449891
21.1403,-2.75335,-9.39928,,0.0590672
21.1603,-2.62093,-8.86328,,0.0725769
21.1803,-2.46229,-8.23792,,0.0853043
21.2003,-2.27911,-7.52564,,0.0971958
21.2203,-2.07314,-6.73525,,0.108102
21.2403,-1.84648,-5.88038,,0.117865
21.2603,-1.60132,-4.96486,,0.126582
21.2803,-1.34022,-3.99722,,0.133963
21.3003,-1.0657,-2.98144,,0.140074
21.3203,-0.780514,-1.92272,,0.14464
21.3403,-0.487543,-0.850297,,0.147864
21.3603,-0.189702,0.232734,,0.14967
21.3803,0.110055,1.31403,,0.149877
21.4003,0.40868,2.3819,,0.148573
21.4203,0.703229,3.43315,,0.145838
21.4403,0.990756,4.44123,,0.141649
21.4603,1.2684,5.40321,,0.136058
21.4803,1.53336,6.30919,,1.29E-01
21.5003,1.78299,7.14563,,0.120761
21.5203,2.01485,7.91136,,0.111363
21.5403,2.2265,8.58751,,0.100664
21.5603,2.41594,9.17101,,0.08915
21.5803,2.5812,9.67518,,0.0766207
21.6003,2.72074,10.0878,,0.0634187
21.6203,2.83308,10.3917,,0.0494971
21.6403,2.9171,10.5838,,0.0351978
21.6603,2.97196,10.6917,,0.0203806
21.6803,2.99717,10.6941,,5.51E-03
21.7003,2.9924,10.5899,,-9.52E-03
21.7203,2.95771,10.3746,,-0.0243883
21.7403,2.89351,10.0673,,-0.0390464
21.7603,2.80029,9.67076,,-0.0533044
21.7803,2.67919,9.17013,,-0.0670193
21.8003,2.53145,8.57745,,-0.0800317
21.8203,2.35819,7.90558,,-9.23E-02
21.8403,2.16143,7.15954,,-1.04E-01
21.8603,1.94312,6.32879,,-1.14E-01
21.8803,1.70537,5.43479,,-1.23E-01
21.9003,1.45056,4.48017,,-0.13107
21.9203,1.18131,3.482,,-0.137679
21.9403,0.900241,2.43672,,-0.14289
21.9603,0.610155,1.36768,,-0.146748
21.9803,0.313973,0.286451,,-0.149059
22.0003,0.0146619,-0.792282,,-0.149913
22.0203,-0.284779,-1.87088,,-0.149331
22.0403,-0.581405,-2.93371,,-0.147196
22.0603,-0.872226,-3.9564,,-0.143544
22.0803,-1.15429,-4.93936,,-0.138521
22.1003,-1.42486,-5.8734,,-0.132151
22.1203,-1.6812,-6.73356,,-0.124353
22.1403,-1.92072,-7.52942,,-0.115417
22.1603,-2.14105,-8.24948,,-0.105264
22.1803,-2.34001,-8.88151,,-9.41E-02
22.2003,-2.51559,-9.42563,,-0.0819478
22.2203,-2.66599,-9.87135,,-0.068954
22.2403,-2.78972,-10.2282,,-0.0553582
22.2603,-2.88567,-10.4782,,-0.0412218
22.2803,-2.95278,-10.6227,,-0.0266067
22.3003,-2.99032,-10.6595,,-0.011719
22.3203,-2.99812,-10.6073,,3.35E-03
22.3403,-2.97573,-10.4409,,0.0182189
22.3603,-2.9238,-10.1676,,0.0329721
22.3803,-2.84259,-9.80151,,0.0473741
22.4003,-2.73293,-9.34318,,0.0614362
22.4203,-2.59607,-8.78912,,0.0747685
22.4403,-2.43316,-8.14064,,0.0872763
22.4603,-2.24604,-7.41473,,0.0991369
22.4803,-2.03643,-6.61602,,0.109787
22.5003,-1.80646,-5.75229,,0.119462
22.5203,-1.55847,-4.81917,,0.127924
22.5403,-1.29491,-3.8373,,0.135061
22.5603,-1.0184,-2.81653,,0.140915
22.5803,-0.731724,-1.75588,,0.145307
22.6003,-0.43775,-0.677011,,0.148266
22.6203,-0.139349,0.409441,,0.149795
22.6403,0.160416,1.49648,,0.149735
22.6603,0.458575,2.56368,,0.14828
22.6803,0.752166,3.6033,,0.145229
22.7003,1.03823,4.60732,,0.140813
22.7203,1.31391,5.56419,,0.134946
22.7403,1.57649,6.47251,,0.127734
22.7603,1.8233,7.2943,,0.119302
22.7803,2.05189,8.03524,,0.109599
22.8003,2.25996,8.71028,,0.0988711
22.8203,2.4455,9.29169,,0.0870732
22.8403,2.60655,9.77115,,0.0744772
22.8603,2.74155,10.1574,,0.0610473
22.8803,2.84919,10.4519,,4.72E-02
22.9003,2.92842,10.6443,,3.27E-02
22.9203,2.9783,10.7242,,1.79E-02
22.9403,2.99846,10.7055,,2.93E-03
22.9603,2.98863,10.5822,,-0.012007
22.9803,2.94897,10.3593,,-0.0268882
23.0003,2.87985,10.0365,,-4.15E-02
23.0203,2.78188,9.61423,,-5.56E-02
23.0403,2.65621,9.10303,,-6.93E-02
23.0603,2.50397,8.49237,,-8.22E-02
23.0803,2.3267,7.8017,,-9.43E-02
23.1003,2.12616,7.03613,,-1.05E-01
23.1203,1.90439,6.20342,,-1.16E-01
23.1403,1.66366,5.29768,,-1.25E-01
23.1603,1.40623,4.3254,,-1.32E-01
23.1803,1.13478,3.31132,,-1.39E-01
23.2003,0.851991,2.26765,,-1.44E-01
23.2203,0.56069,1.19675,,-1.47E-01
23.2403,0.263771,0.107722,,-1.49E-01
23.2603,-0.0357819,-0.978212,,-1.50E-01
23.2803,-0.334978,-2.05301,,-1.49E-01
23.3003,-0.630819,-3.10979,,-1.47E-01
23.3203,-0.920355,-4.13192,,-1.43E-01
23.3403,-1.20071,-5.11615,,-1.38E-01
23.3603,-1.46908,-6.03126,,-1.31E-01
23.3803,-1.72274,-6.88603,,-1.23E-01
23.4003,-1.95917,-7.67755,,-1.14E-01
23.4203,-2.17605,-8.38305,,-1.03E-01
23.4403,-2.37123,-8.99653,,-9.21E-02
23.4603,-2.54261,-9.52639,,-7.98E-02
23.4803,-2.68872,-9.96736,,-6.68E-02
23.5003,-2.80789,-10.3031,,-5.30E-02
23.5203,-2.89899,-10.5281,,-3.87E-02
23.5403,-2.9611,-10.6632,,-2.41E-02
23.5603,-2.99373,-10.6973,,-9.25E-03
23.5803,-2.99639,-10.61,,5.85E-03
23.6003,-2.96903,-10.418,,2.07E-02
23.6203,-2.9121,-10.147,,3.54E-02
23.6403,-2.82612,-9.76221,,4.98E-02
23.6603,-2.71184,-9.27508,,6.37E-02
23.6803,-2.57046,-8.69898,,0.0769267
23.7003,-2.40338,-8.05043,,0.0893941
23.7203,-2.2123,-7.31037,,0.10095
23.7403,-1.99913,-6.48386,,0.111456
23.7603,-1.76598,-5.61383,,0.121063
23.7803,-1.51517,-4.67958,,0.129173
23.8003,-1.24926,-3.68434,,0.136185
23.8203,-0.970843,-2.64255,,0.141716
23.8403,-0.682707,-1.57934,,0.145968
23.8603,-0.387777,-0.505529,,0.148601
23.8803,-0.088969,0.59327,,0.14988
23.9003,0.210744,1.68156,,0.149562
23.9203,0.508327,2.74414,,1.48E-01
23.9403,0.800842,3.77706,,1.45E-01
23.9603,1.08537,4.77837,,1.40E-01
23.9803,1.35904,5.73978,,1.34E-01
24.0003,1.61914,6.62823,,0.126444
24.0203,1.86306,7.4403,,0.117701
24.0403,2.08836,8.17392,,0.107868
24.0603,2.29281,8.8329,,0.0969459
24.0803,2.47431,9.40453,,0.0850328
24.1003,2.63115,9.865,,0.072322
24.1203,2.7617,10.2375,,0.0587718
24.1403,2.86455,10.5125,,0.0447156
24.1603,2.93888,10.6891,,0.0302394
24.1803,2.98379,10.7559,,0.0153665
24.2003,2.99892,10.7211,,4.94E-04
24.2203,2.98408,10.5808,,-0.0145869
24.2403,2.93938,10.335,,-0.029408
24.2603,2.86528,9.99884,,-0.0438236
24.2803,2.76269,9.56614,,-0.0579284
24.3003,2.63245,9.02887,,-0.0715054
24.3203,2.47587,8.39934,,-0.0843151
24.3403,2.29455,7.70818,,-0.0962665
24.3603,2.09034,6.93275,,-0.107241
24.3803,1.86522,6.07376,,-0.117208
24.4003,1.62149,5.14961,,-0.125894
24.4203,1.36153,4.17742,,-0.133402
24.4403,1.08796,3.15772,,-0.139639
24.4603,0.803525,2.09961,,-0.14436
24.4803,0.511091,1.01935,,-0.14769
24.5003,0.213509,-0.0633279,,-0.149551
24.5203,-0.0861832,-1.15417,,-0.149884
24.5403,-0.385016,-2.23264,,-0.148739
24.5603,-0.680005,-3.28598,,-0.146117
24.5803,-0.968199,-4.30597,,-0.142079
24.6003,-1.24672,-5.27912,,-0.136478
24.6203,-1.51281,-6.18775,,-1.30E-01
24.6403,-1.76375,-7.03782,,-0.121454
24.6603,-1.99708,-7.81127,,-0.11212
24.6803,-2.21046,-8.50536,,-0.101618
24.7003,-2.40174,-9.11325,,-0.090113
24.7203,-2.56903,-9.6262,,-0.0776824
24.7403,-2.71064,-10.0526,,-0.0644115
24.7603,-2.82513,-10.364,,-0.0506589
24.7803,-2.91151,-10.5839,,-0.0363756
24.8003,-2.96865,-10.706,,-0.0215334
24.8203,-2.99629,-10.7083,,-6.78E-03
24.8403,-2.99394,-10.6039,,8.44E-03
24.8603,-2.96151,-10.4084,,0.0232211
24.8803,-2.89966,-10.1148,,0.03786
24.9003,-2.8088,-9.70698,,0.0522035
24.9203,-2.68984,-9.2071,,0.0658992
24.9403,-2.54415,-8.61942,,0.0790829
24.9603,-2.37287,-7.94969,,9.14E-02
24.9803,-2.17795,-7.19894,,1.03E-01
25.0003,-1.96125,-6.3628,,1.13E-01
25.0203,-1.72496,-5.47334,,1.22E-01
25.0403,-1.47146,-4.52169,,0.130409
25.0603,-1.20323,-3.5207,,0.137219
25.0803,-0.922983,-2.4806,,0.142572
25.1003,-0.633529,-1.40525,,0.146448
25.1203,-0.33771,-0.317735,,0.149002
25.1403,-0.0385614,0.77994,,0.149903
25.1603,0.261016,1.85757,,0.149414
25.1803,0.557957,2.92484,,0.147401
25.2003,0.849338,3.96385,,0.143867
25.2203,1.13222,4.95957,,0.139029
25.2403,1.4038,5.90086,,0.132638
25.2603,1.66133,6.78012,,0.125058
25.2803,1.90228,7.58657,,0.116153
25.3003,2.12425,8.31339,,0.106122
25.3203,2.32496,8.95473,,9.50E-02
25.3403,2.50247,9.50803,,0.0828915
25.3603,2.65501,9.96072,,0.0701623
25.3803,2.78091,10.3177,,0.0564058
25.4003,2.87903,10.5775,,0.0423298
25.4203,2.94851,10.7356,,0.027757
25.4403,2.98843,10.7868,,0.0129457
25.4603,2.99851,10.7348,,-2.16E-03
25.4803,2.97858,10.572,,-0.0169906
25.5003,2.92899,10.3162,,-0.0318721
25.5203,2.85005,9.96056,,-0.046292
25.5403,2.74267,9.5059,,-0.0602588
25.5603,2.60791,8.95526,,-0.0737229
25.5803,2.44703,8.31402,,-0.0863654
25.6003,2.26176,7.60378,,-0.09812
25.6203,2.05391,6.81703,,-0.109022
25.6403,1.82548,5.94234,,-0.118783
25.6603,1.57884,5.00029,,-0.127265
25.6803,1.3164,4.02654,,-0.134571
25.7003,1.04083,3.00149,,-0.140476
25.7203,0.754869,1.93152,,-0.145011
25.7403,0.461353,0.839911,,-0.148085
25.7603,0.163206,-0.241983,,-0.149722
25.7803,-0.136532,-1.32901,,-0.149816
25.8003,-0.434942,-2.40956,,-0.148394
25.8203,-0.728989,-3.46894,,-0.145544
25.8403,-1.01577,-4.47869,,-0.141249
25.8603,-1.29236,-5.43517,,-0.135416
25.8803,-1.55608,-6.34439,,-0.128377
25.9003,-1.80427,-7.19044,,-0.120003
25.9203,-2.0344,-7.94815,,-0.110424
25.9403,-2.24421,-8.62359,,-0.0997686
25.9603,-2.43155,-9.22335,,-0.0880929
25.9803,-2.59471,-9.72898,,-0.0755012
26.0003,-2.73188,-10.1252,,-0.0622366
26.0203,-2.84173,-10.4288,,-4.82E-02
26.0403,-2.92312,-10.6394,,-3.38E-02
26.0603,-2.97539,-10.7328,,-1.91E-02
26.0803,-2.99798,-10.7142,,-4.17E-03
26.1003,-2.99052,-10.6016,,0.0108125
26.1203,-2.95323,-10.3945,,0.0257189
26.1403,-2.88639,-10.0767,,0.0403611
26.1603,-2.79077,-9.64691,,5.45E-02
26.1803,-2.66727,-9.13605,,6.82E-02
26.2003,-2.51707,-8.53812,,8.12E-02
26.2203,-2.34171,-7.85208,,9.34E-02
26.2403,-2.14298,-7.07893,,1.05E-01
26.2603,-1.92283,-6.23323,,1.15E-01
26.2803,-1.68347,-5.33288,,1.24E-01
26.3003,-1.42732,-4.37663,,1.32E-01
26.3203,-1.15689,-3.36135,,1.38E-01
26.3403,-0.874881,-2.31051,,1.43E-01
26.3603,-0.584133,-1.2247,,1.47E-01
26.3803,-0.287549,-0.140929,,1.49E-01
26.4003,0.0118699,0.952826,,1.50E-01
26.4203,0.311191,2.04227,,1.49E-01
26.4403,0.60743,3.10619,,1.47E-01
26.4603,0.89758,4.13861,,1.43E-01
26.4803,1.17875,5.12596,,1.38E-01
26.5003,1.44813,6.06419,,1.31E-01
26.5203,1.70308,6.93109,,1.24E-01
26.5403,1.94099,7.73386,,1.15E-01
26.5603,2.15956,8.44727,,1.04E-01
26.5803,2.35648,9.06454,,9.30E-02
26.6003,2.52989,9.61072,,8.08E-02
26.6203,2.67807,10.0528,,6.78E-02
26.6403,2.7994,10.3964,,5.41E-02
26.6603,2.89281,10.6338,,3.99E-02
26.6803,2.95727,10.7729,,2.52E-02
26.7003,2.99218,10.811,,1.05E-02
26.7203,2.9973,10.7384,,-4.69E-03
26.7403,2.97229,10.5666,,-1.95E-02
26.7603,2.91773,10.295,,-3.42E-02
26.7803,2.83399,9.90891,,-4.87E-02
26.8003,2.72195,9.44174,,-6.26E-02
26.8203,2.58265,8.88248,,-0.0759644
26.8403,2.41756,8.22841,,-0.0883547
26.8603,2.22833,7.49401,,-0.100067
26.8803,2.01686,6.6845,,-0.110717
26.9003,1.78523,5.81207,,-0.120262
26.9203,1.53574,4.86779,,-0.128581
26.9403,1.27098,3.86721,,-0.135636
26.9603,0.993407,2.82865,,-0.141353
26.9803,0.705978,1.75872,,-0.145632
27.0003,0.411455,0.671379,,-0.14853
27.0203,0.112843,-0.422599,,-0.149773
27.0403,-0.186891,-1.51274,,-0.149693
27.0603,-0.484781,-2.58644,,-1.48E-01
27.0803,-0.777817,-3.64153,,-1.45E-01
27.1003,-1.06306,-4.64994,,-1.40E-01
27.1203,-1.33771,-5.60605,,-1.34E-01
27.1403,-1.59897,-6.5039,,-0.127064
27.1603,-1.84431,-7.33424,,-0.118469
27.1803,-2.07116,-8.08324,,-0.108702
27.2003,-2.27729,-8.74954,,-0.0978321
27.2203,-2.46071,-9.33043,,-0.0859924
27.2403,-2.61953,-9.82094,,-0.0733045
27.2603,-2.75219,-10.2144,,-0.0599007
27.2803,-2.85739,-10.4923,,-0.0458713
27.3003,-2.93401,-10.6766,,-0.0314651
27.3203,-2.9813,-10.7609,,-0.0165877
27.3403,-2.99883,-10.7403,,-1.60E-03
27.3603,-2.98631,-10.6018,,0.0132205
27.3803,-2.9441,-10.3607,,0.028238
27.4003,-2.87231,-10.0311,,0.0428192
27.4203,-2.77193,-9.603,,0.056859
27.4403,-2.64377,-9.06624,,0.0704528
27.4603,-2.48931,-8.44052,,0.0832875
27.4803,-2.30988,-7.74634,,0.0953466
27.5003,-2.10742,-6.9663,,0.106401
27.5203,-1.88387,-6.10837,,0.116442
27.5403,-1.6415,-5.1858,,0.125305
27.5603,-1.38275,-4.2197,,0.132848
27.5803,-1.11021,-3.20005,,0.13913
27.6003,-0.826536,-2.13426,,0.144048
27.6203,-0.534612,-1.05137,,0.147516
27.6403,-0.237329,0.0370272,,0.149436
27.6603,0.0622892,1.14031,,0.149886
27.6803,0.361318,2.23124,,0.14892
27.7003,0.656726,3.28512,,0.146389
27.7203,0.945575,4.30276,,0.142407
27.7403,1.22497,5.30555,,0.137
27.7603,1.4921,6.23505,,1.30E-01
27.7803,1.74439,7.08487,,0.122235
27.8003,1.97922,7.86776,,0.112856
27.8203,2.19424,8.57859,,0.102479
27.8403,2.38735,9.1962,,0.0910395
27.8603,2.55666,9.70803,,0.0787729
27.8803,2.70035,10.1362,,0.0654773
27.9003,2.81707,10.4732,,0.0517703
27.9203,2.90568,10.6961,,0.0374899
27.9403,2.9652,10.8121,,0.0227417
27.9603,2.99513,10.8321,,7.91E-03
27.9803,2.99518,10.7499,,-7.11E-03
28.0003,2.96522,10.5522,,-0.0221157
28.0203,2.9057,10.2563,,-0.0366911
28.0403,2.81713,9.86969,,-0.0510364
28.0603,2.70035,9.38475,,-0.0649628
28.0803,2.55664,8.79687,,-0.077962
28.1003,2.38742,8.12961,,-0.0904815
28.1203,2.19431,7.38929,,-1.02E-01
28.1403,1.97928,6.5707,,-1.12E-01
28.1603,1.74448,5.67284,,-1.22E-01
28.1803,1.49221,4.71183,,-0.129872
28.2003,1.22507,3.70949,,-0.136693
28.2203,0.945659,2.66917,,-0.14219
28.2403,0.65684,1.58846,,-0.146166
28.2603,0.361433,0.492958,,-0.148863
28.2803,0.0624367,-0.604938,,-0.149895
28.3003,-0.237199,-1.69024,,-0.14949
28.3203,-0.534466,-2.76427,,-0.14766
28.3403,-0.826382,-3.82025,,-0.144204
28.3603,-1.11007,-4.82335,,-0.139459
28.3803,-1.38265,-5.76521,,-0.133199
28.4003,-1.64141,-6.65693,,-0.125714
28.4203,-1.88376,-7.47961,,-0.116874
28.4403,-2.10735,-8.21335,,-0.106981
28.4603,-2.30981,-8.87173,,-9.59E-02
28.4803,-2.48921,-9.43848,,-0.0839487
28.5003,-2.64376,-9.91031,,-0.071115
28.5203,-2.7719,-10.2781,,-0.0576212
28.5403,-2.87233,-10.5546,,-0.043452
28.5603,-2.94399,-10.7276,,-0.0289061
28.5803,-2.98634,-10.7867,,-0.0140712
28.6003,-2.99882,-10.7334,,8.29E-04
28.6203,-2.9813,-10.5914,,0.015896
28.6403,-2.93404,-10.3452,,0.030595
28.6603,-2.86E+00,-9.99387,,0.0451731
28.6803,-2.75228,-9.52926,,0.0592191
28.7003,-2.61963,-8.98367,,0.0726893
28.7203,-2.46076,-8.35837,,0.0854085
28.7403,-2.2774,-7.63618,,0.0972338
28.7603,-2.07123,-6.83559,,0.108193
28.7803,-1.84435,-5.96607,,0.117995
28.8003,-1.59906,-5.04379,,0.126625
28.8203,-1.33781,-4.05839,,0.134051
28.8403,-1.0632,-3.02672,,0.140066
28.8603,-0.777948,-1.96085,,0.144722
28.8803,-0.484933,-0.871627,,0.147897
28.9003,-0.187053,0.226655,,0.14964
28.9203,0.112698,1.32102,,0.149882
28.9403,0.411306,2.40869,,0.148522
28.9603,0.705813,3.47277,,0.145805
28.9803,0.993293,4.49365,,0.141672
29.0003,1.27081,5.46605,,0.135928
29.0203,1.53561,6.38888,,0.128971
29.0403,1.78512,7.246,,0.120757
29.0603,2.01679,8.01704,,0.11127
29.0803,2.22828,8.69598,,0.100597
29.1003,2.41753,9.301,,0.0890022
29.1203,2.58258,9.82077,,0.0765414
29.1403,2.72192,10.226,,0.0633328
29.1603,2.83397,10.5325,,4.93E-02
29.1803,2.91772,10.742,,3.50E-02
29.2003,2.97227,10.8581,,2.03E-02
29.2203,2.99725,10.8529,,5.43E-03
29.2403,2.9922,10.7408,,-9.68E-03
29.2603,2.95725,10.5413,,-0.0244918
29.2803,2.89282,10.2355,,-0.0391349
29.3003,2.79938,9.81592,,-5.35E-02
29.3203,2.67803,9.30766,,-6.72E-02
29.3403,2.52994,8.7214,,-8.02E-02
29.3603,2.35653,8.04713,,-9.25E-02
29.3803,2.15962,7.26842,,-1.04E-01
29.4003,1.94109,6.43372,,-1.14E-01
29.4203,1.70319,5.54154,,-1.23E-01
29.4403,1.44827,4.5728,,-1.31E-01
29.4603,1.17889,3.54869,,-1.38E-01
29.4803,0.897701,2.48686,,-1.43E-01
29.5003,0.607551,1.41752,,-1.47E-01
29.5203,0.311352,0.323231,,-1.49E-01
29.5403,0.0120123,-0.788131,,-1.50E-01
29.5603,-0.287437,-1.87456,,-1.49E-01
29.5803,-0.584004,-2.94621,,-1.47E-01
29.6003,-0.874743,-3.99393,,-1.44E-01
29.6203,-1.15677,-4.98724,,-1.38E-01
29.6403,-1.42718,-5.92877,,-1.32E-01
29.6603,-1.68336,-6.81162,,-1.24E-01
29.6803,-1.92276,-7.62056,,-1.15E-01
29.7003,-2.1429,-8.34778,,-1.05E-01
29.7203,-2.34165,-8.99026,,-9.40E-02
29.7403,-2.51702,-9.53587,,-8.19E-02
29.7603,-2.66716,-10.0026,,-6.88E-02
29.7803,-2.79072,-10.367,,-5.52E-02
29.8003,-2.88638,-10.6141,,-4.11E-02
29.8203,-2.95319,-10.7594,,-2.65E-02
29.8403,-2.9905,-10.8078,,-1.16E-02
29.8603,-2.99793,-10.7566,,3.40E-03
29.8803,-2.97549,-10.5813,,1.83E-02
29.9003,-2.92323,-10.3081,,3.32E-02
29.9203,-2.84168,-9.94658,,4.75E-02
29.9403,-2.73191,-9.4812,,6.15E-02
29.9603,-2.59476,-8.90702,,0.0748305
29.9803,-2.43163,-8.25691,,0.0874769
30.0003,-2.24428,-7.53583,,0.0992135
30.0203,-2.03447,-6.71639,,0.1099
30.0403,-1.80434,-5.82798,,0.119552
30.0603,-1.55621,-4.89656,,0.127946
30.0803,-1.29247,-3.9071,,0.135177
30.1003,-1.01589,-2.8614,,0.14096
30.1203,-0.729152,-1.78745,,0.145303
30.1403,-0.435101,-0.699262,,0.148303
30.1603,-0.136694,0.404992,,0.149771
30.1803,0.163063,1.51118,,0.149722
30.2003,0.461204,2.59059,,1.48E-01
30.2203,0.754732,3.63641,,1.45E-01
30.2403,1.04071,4.6683,,1.41E-01
30.2603,1.31627,5.64086,,1.35E-01
30.2803,1.57871,6.54447,,0.127697
30.3003,1.82538,7.39025,,0.119179
30.3203,2.05381,8.15496,,0.109565
30.3403,2.26172,8.82636,,0.0987357
30.3603,2.44705,9.40856,,0.0870132
30.3803,2.6079,9.91219,,0.0743594
30.4003,2.74271,10.3076,,0.0609447
30.4203,2.85002,10.5991,,0.0470323
30.4403,2.92895,10.796,,0.0325424
30.4603,2.97857,10.8833,,0.0177953
30.4803,2.99851,10.8668,,2.84E-03
30.5003,2.98839,10.7467,,-0.012193
30.5203,2.94844,10.5221,,-0.0269653
30.5403,2.87909,10.1855,,-0.0416104
30.5603,2.78091,9.76226,,-0.0557933
30.5803,2.65497,9.24733,,-0.0693826
30.6003,2.50255,8.62701,,-0.0822592
30.6203,2.32505,7.93534,,-0.0944923
30.6403,2.12431,7.15876,,-0.105519
30.6603,1.90239,6.31196,,-0.115669
30.6803,1.66143,5.38714,,-0.124634
30.7003,1.40391,4.40848,,-0.13235
30.7203,1.13232,3.38993,,-0.138655
30.7403,0.849437,2.32677,,-0.143725
30.7603,0.55807,1.23413,,-0.147267
30.7803,0.261127,0.140554,,-0.149339
30.8003,-0.0384251,-0.964613,,-0.149926
30.8203,-0.337577,-2.05839,,-0.149021
30.8403,-0.633398,-3.13464,,-0.146648
30.8603,-0.922882,-4.15929,,-0.142821
30.8803,-1.20312,-5.15445,,-0.137476
30.9003,-1.47134,-6.10365,,-1.31E-01
30.9203,-1.72488,-6.96834,,-0.122889
30.9403,-1.96118,-7.75176,,-0.113664
30.9603,-2.17788,-8.47632,,-0.103375
30.9803,-2.37282,-9.1178,,-0.0919791
31.0003,-2.54407,-9.64505,,-0.0797492
31.0203,-2.68986,-10.0874,,-0.0666299
31.0403,-2.80878,-10.4299,,-0.0528417
31.0603,-2.89959,-10.6731,,-0.0385684
31.0803,-2.96154,-10.807,,-0.0240313
31.1003,-2.99388,-10.8311,,-9.10E-03
31.1203,-2.99632,-10.7529,,5.96E-03
31.1403,-2.96872,-10.5681,,0.0208575
31.1603,-2.91145,-10.2853,,0.0356243
31.1803,-2.82521,-9.89883,,0.0498744
31.2003,-2.71068,-9.40512,,0.0638232
31.2203,-2.56907,-8.82917,,0.077006
31.2403,-2.4018,-8.16541,,0.0894831
31.2603,-2.21049,-7.41447,,1.01E-01
31.2803,-1.99712,-6.59273,,1.12E-01
31.3003,-1.7638,-5.69734,,1.21E-01
31.3203,-1.51287,-4.74408,,0.129243
31.3403,-1.24684,-3.73568,,0.136229
31.3603,-0.968309,-2.69678,,0.141814
31.3803,-0.680118,-1.61773,,0.145936
31.4003,-0.385147,-0.514622,,0.148651
31.4203,-0.0863075,0.594933,,0.149855
31.4403,0.213401,1.68439,,0.149613
31.4603,0.510955,2.77046,,0.147819
31.4803,0.803413,3.82998,,0.144558
31.5003,1.08785,4.84214,,0.139847
31.5203,1.36142,5.80268,,0.133793
31.5403,1.62137,6.70657,,0.126336
31.5603,1.86515,7.53841,,0.117672
31.5803,2.09027,8.28196,,0.107759
31.6003,2.29448,8.95459,,9.68E-02
31.6203,2.47582,9.52615,,0.0849471
31.6403,2.6324,10.0019,,0.0721312
31.6603,2.76268,10.3815,,0.0586833
31.6803,2.86537,10.6695,,0.0446509
31.7003,2.93936,10.8442,,0.0300372
31.7203,2.98405,10.9092,,0.0152922
31.7403,2.99894,10.8794,,3.56E-04
31.7603,2.98382,10.7428,,-0.0146385
31.7803,2.93891,10.4963,,-0.0295085
31.8003,2.86453,10.1493,,-0.0440681
31.8203,2.76168,9.70949,,-0.0581292
31.8403,2.63113,9.17075,,-0.0715323
31.8603,2.47441,8.54285,,-0.0844263
31.8803,2.29283,7.83615,,-0.0964112
31.9003,2.08843,7.03957,,-0.107301
31.9203,1.86313,6.17249,,-0.117262
31.9403,1.61924,5.25115,,-0.125996
31.9603,1.35915,4.2643,,-0.13351
31.9803,1.08548,3.22254,,-0.139667
32.0003,0.800975,2.14439,,-0.144374
32.0203,0.508464,1.06343,,-0.147719
32.0403,0.210871,-0.0380757,,-0.149533
32.0603,-0.0888245,-1.15201,,-0.149868
32.0803,-0.387652,-2.24159,,-0.148743
32.1003,-0.682591,-3.30985,,-0.146085
32.1203,-0.970719,-4.34253,,-0.142012
32.1403,-1.24914,-5.32651,,-0.136485
32.1603,-1.51507,-6.25489,,-0.12961
32.1803,-1.7659,-7.12071,,-0.121352
32.2003,-1.99903,-7.90514,,-0.112039
32.2203,-2.21226,-8.60745,,-0.101581
32.2403,-2.40333,-9.21997,,-0.0899433
32.2603,-2.57034,-9.74685,,-0.0775259
32.2803,-2.71171,-10.1791,,-0.0643829
32.3003,-2.82609,-10.5009,,-5.05E-02
32.3203,-2.91211,-10.7234,,-3.62E-02
32.3403,-2.9691,-10.8362,,-2.15E-02
32.3603,-2.99639,-10.8511,,-6.56E-03
32.3803,-2.99373,-10.7533,,8.50E-03
32.4003,-2.96116,-10.5522,,0.0233244
32.4203,-2.89897,-10.2463,,0.0379695
32.4403,-2.80791,-9.84182,,5.23E-02
32.4603,-2.68879,-9.34136,,6.60E-02
32.4803,-2.54272,-8.74057,,7.92E-02
32.5003,-2.37123,-8.0616,,9.15E-02
32.5203,-2.17608,-7.30261,,1.03E-01
32.5403,-1.95921,-6.46033,,1.13E-01
32.5603,-1.72276,-5.55828,,1.23E-01
32.5803,-1.46909,-4.5938,,1.31E-01
32.6003,-1.20076,-3.57881,,1.37E-01
32.6203,-0.920442,-2.51766,,1.43E-01
32.6403,-0.630927,-1.43418,,1.47E-01
32.6603,-0.335072,-0.339502,,1.49E-01
32.6803,-0.0358888,0.774601,,1.50E-01
32.7003,0.263652,1.87907,,1.49E-01
32.7203,0.560569,2.95536,,1.47E-01
32.7403,0.851878,4.00118,,1.44E-01
32.7603,1.13469,5.01769,,1.39E-01
32.7803,1.40616,5.97741,,1.33E-01
32.8003,1.66358,6.86567,,1.25E-01
32.8203,1.90437,7.68245,,1.16E-01
32.8403,2.12613,8.42531,,1.06E-01
32.8603,2.32664,9.07581,,9.49E-02
32.8803,2.50395,9.63197,,8.28E-02
32.9003,2.65621,10.0925,,6.99E-02
32.9203,2.78191,10.4668,,5.64E-02
32.9403,2.87984,10.7371,,4.22E-02
32.9603,2.94903,10.8844,,2.76E-02
32.9803,2.98866,10.9345,,1.28E-02
33.0003,2.99853,10.8898,,-2.27E-03
33.0203,2.97826,10.7395,,-1.72E-02
33.0403,2.9284,10.4749,,-3.19E-02
33.0603,2.84924,10.1034,,-4.64E-02
33.0803,2.74157,9.64529,,-6.05E-02
33.1003,2.60658,9.1012,,-0.073771
33.1203,2.44554,8.45687,,-0.0864962
33.1403,2.26001,7.71934,,-0.098264
33.1603,2.05196,6.91966,,-0.109103
33.1803,1.82335,6.05172,,-0.118838
33.2003,1.57657,5.10287,,-0.127359
33.2203,1.31401,4.09556,,-0.134564
33.2403,1.03832,3.06055,,-0.14057
33.2603,0.752276,1.98518,,-0.14508
33.2803,0.458687,0.882439,,-0.148119
33.3003,0.160552,-0.221157,,-0.149673
33.3203,-0.139222,-1.32704,,-0.149813
33.3403,-0.437594,-2.42409,,-1.48E-01
33.3603,-0.731588,-3.48953,,-1.45E-01
33.3803,-1.0183,-4.51492,,-1.41E-01
33.4003,-1.29479,-5.49422,,-1.35E-01
33.4203,-1.55836,-6.4088,,-0.128303
33.4403,-1.80642,-7.26419,,-0.119941
33.4603,-2.03637,-8.04312,,-0.11036
33.4803,-2.24599,-8.73353,,-0.0996017
33.5003,-2.43316,-9.32813,,-0.0880106
33.5203,-2.60E+00,-9.84474,,-0.0753537
33.5403,-2.73291,-10.2631,,-0.0621306
33.5603,-2.84261,-10.5628,,-0.0481392
33.5803,-2.92376,-10.7622,,-0.0336687
33.6003,-2.97577,-10.8772,,-0.018978
33.6203,-2.99815,-10.8684,,-4.12E-03
33.6403,-2.99041,-10.7451,,0.010999
33.6603,-2.95279,-10.5265,,0.0258798
33.6803,-2.88574,-10.2123,,0.0404389
33.7003,-2.78981,-9.79402,,0.0547041
33.7203,-2.66602,-9.2631,,0.0682812
33.7403,-2.51564,-8.65316,,0.0813109
33.7603,-2.34009,-7.96405,,0.0934774
33.7803,-2.14111,-7.18511,,0.104736
33.8003,-1.92084,-6.32761,,0.114897
33.8203,-1.68132,-5.41123,,0.12398
33.8403,-1.42498,-4.44372,,0.131808
33.8603,-1.15443,-3.41654,,0.138208
33.8803,-0.872362,-2.34138,,0.143327
33.9003,-0.581562,-1.254,,0.146994
33.9203,-0.284958,-0.154679,,0.149251
33.9403,0.0144969,0.956903,,0.149978
33.9603,0.313813,2.06479,,0.149153
33.9803,0.609991,3.14676,,0.14687
34.0003,0.900102,4.17927,,0.143157
34.0203,1.18119,5.18888,,0.137946
34.0403,1.45047,6.14727,,0.131457
34.0603,1.70527,7.03136,,0.123518
34.0803,1.94304,7.82699,,0.114488
34.1003,2.16136,8.55289,,0.104198
34.1203,2.35811,9.20178,,0.0929222
34.1403,2.53128,9.74038,,0.080767
34.1603,2.67923,10.1885,,0.0676555
34.1803,2.8003,10.5378,,0.0540256
34.2003,2.89348,10.7911,,0.039832
34.2203,2.95772,10.9283,,0.0250608
34.2403,2.99239,10.9671,,0.0103348
34.2603,2.99722,10.9001,,-4.82E-03
34.2803,2.97194,10.7237,,-0.0196877
34.3003,2.91708,10.4404,,-0.0344085
34.3203,2.83311,10.066,,-0.0487718
34.3403,2.72081,9.58896,,-0.0627313
34.3603,2.58126,9.01878,,-0.0759675
34.3803,2.41599,8.35977,,-0.0885097
34.4003,2.22657,7.62135,,-1.00E-01
34.4203,2.01489,6.79987,,-1.11E-01
34.4403,1.78307,5.90842,,-1.20E-01
34.4603,1.53345,4.95596,,-0.128678
34.4803,1.2685,3.9425,,-0.135733
34.5003,0.990863,2.89033,,-0.141412
34.5203,0.703371,1.81052,,-0.145619
34.5403,0.408801,0.710593,,-0.148556
34.5603,0.110174,-0.407267,,-0.149808
34.5803,-0.189572,-1.51614,,-0.149664
34.6003,-0.487409,-2.60411,,-0.148
34.6203,-0.780378,-3.66821,,-0.144864
34.6403,-1.06558,-4.69414,,-0.140302
34.6603,-1.3401,-5.66355,,-0.134311
34.6803,-1.60122,-6.57032,,-0.127001
34.7003,-1.84641,-7.4109,,-0.118386
34.7203,-2.0731,-8.17513,,-0.10862
34.7403,-2.27906,-8.85691,,-9.77E-02
34.7603,-2.46226,-9.44562,,-0.0859134
34.7803,-2.6209,-9.94049,,-0.0732155
34.8003,-2.75335,-10.331,,-0.0597721
34.8203,-2.85817,-10.6259,,-0.045734
34.8403,-2.93456,-10.8171,,-0.0313099
34.8603,-2.98161,-10.9004,,-0.0164772
34.8803,-2.99884,-10.8718,,-1.46E-03
34.9003,-2.98604,-10.7405,,0.0134824
34.9203,-2.94355,-10.5082,,0.0283121
34.9403,-2.87155,-10.1708,,0.0428677
34.9603,-2.77093,-9.72995,,0.0569672
34.9803,-2.64256,-9.19119,,0.0705694
35.0003,-2.48778,-8.5686,,0.0834308
35.0203,-2.3082,-7.85676,,0.0954471
35.0403,-2.10553,-7.05906,,0.10649
35.0603,-1.88181,-6.19651,,0.116547
35.0803,-1.63929,-5.27144,,0.125364
35.1003,-1.38044,-4.27675,,0.132884
35.1203,-1.10775,-3.24072,,0.139224
35.1403,-0.823994,-2.17969,,0.144083
35.1603,-0.532027,-1.0777,,0.147498
35.1803,-0.234725,0.0434496,,0.149439
35.2003,0.0649249,1.14906,,0.149909
35.2203,0.363935,2.24386,,0.148896
35.2403,0.659285,3.31994,,0.14639
35.2603,0.948057,4.3665,,0.142334
35.2803,1.22735,5.36868,,0.136976
35.3003,1.49439,6.30327,,0.130183
35.3203,1.74648,7.1827,,0.122148
35.3403,1.98117,7.97264,,0.112814
35.3603,2.19602,8.68958,,0.102343
35.3803,2.38894,9.31727,,0.0909671
35.4003,2.55801,9.84307,,0.0785755
35.4203,2.70147,10.2771,,0.0654604
35.4403,2.818,10.614,,5.16E-02
35.4603,2.90633,10.843,,3.73E-02
35.4803,2.96561,10.9656,,2.27E-02
35.5003,2.99526,10.9933,,7.74E-03
35.5203,2.99501,10.8993,,-7.30E-03
35.5403,2.96479,10.7058,,-0.0221659
35.5603,2.90499,10.4172,,-0.0368091
35.5803,2.81616,10.0194,,-5.12E-02
35.6003,2.69917,9.51906,,-6.49E-02
35.6203,2.55524,8.93288,,-7.82E-02
35.6403,2.38575,8.26798,,-9.06E-02
35.6603,2.19245,7.51219,,-1.02E-01
35.6803,1.97728,6.67085,,-1.12E-01
35.7003,1.74228,5.76752,,-1.22E-01
35.7203,1.48989,4.80708,,-1.30E-01
35.7403,1.22264,3.788,,-1.37E-01
35.7603,0.943173,2.71941,,-1.42E-01
35.7803,0.65423,1.63161,,-1.46E-01
35.8003,0.358801,0.528163,,-1.49E-01
35.8203,0.0597718,-0.586222,,-1.50E-01
35.8403,-0.239861,-1.69035,,-1.50E-01
35.8603,-0.537099,-2.78455,,-1.48E-01
35.8803,-0.828975,-3.84605,,-1.44E-01
35.9003,-1.11257,-4.86328,,-1.39E-01
35.9203,-1.38504,-5.82331,,-1.33E-01
35.9403,-1.64362,-6.72503,,-1.26E-01
35.9603,-1.88585,-7.55763,,-1.17E-01
35.9803,-2.10921,-8.30412,,-1.07E-01
36.0003,-2.31151,-8.97124,,-9.58E-02
36.0203,-2.49071,-9.55179,,-8.39E-02
36.0403,-2.64506,-10.032,,-7.10E-02
36.0603,-2.77296,-10.4064,,-5.74E-02
36.0803,-2.87305,-10.6845,,-4.33E-02
36.1003,-2.94455,-10.8606,,-2.88E-02
36.1203,-2.98648,-10.9271,,-1.39E-02
36.1403,-2.9988,-10.8767,,9.90E-04
36.1603,-2.98102,-10.735,,1.60E-02
36.1803,-2.93347,-10.4837,,3.08E-02
36.2003,-2.85659,-10.1264,,4.53E-02
36.2203,-2.75127,-9.66432,,5.93E-02
36.2403,-2.61835,-9.11268,,7.28E-02
36.2603,-2.45925,-8.47612,,0.0854912
36.2803,-2.27567,-7.7467,,0.0973759
36.3003,-2.06931,-6.93573,,0.108253
36.3203,-1.84231,-6.05677,,0.118114
36.3403,-1.59683,-5.11767,,0.126689
36.3603,-1.33546,-4.12417,,0.134111
36.3803,-1.06074,-3.08139,,0.140111
36.4003,-0.775418,-1.9973,,0.144725
36.4203,-0.482324,-0.892705,,0.14796
36.4403,-0.184424,0.223145,,0.149616
36.4603,0.11534,1.328,,0.149916
36.4803,0.413922,2.42881,,1.48E-01
36.5003,0.708384,3.50558,,1.46E-01
36.5203,0.995762,4.54712,,1.42E-01
36.5403,1.2732,5.53346,,1.36E-01
36.5603,1.53791,6.46424,,0.128899
36.5803,1.78724,7.33448,,0.120637
36.6003,2.01872,8.11834,,0.111202
36.6203,2.23005,8.81895,,0.1005
36.6403,2.4191,9.42236,,0.0889091
36.6603,2.58398,9.94377,,0.0764069
36.6803,2.72297,10.3663,,0.063167
36.7003,2.83478,10.682,,0.0492758
36.7203,2.91829,10.8957,,0.0348525
36.7403,2.9726,11.0015,,0.0201479
36.7603,2.9973,11.0065,,5.25E-03
36.7803,2.99203,10.8952,,-9.74E-03
36.8003,2.95687,10.6927,,-0.0246298
36.8203,2.89205,10.3835,,-0.0393965
36.8403,2.7984,9.96314,,-5.35E-02
36.8603,2.67688,9.45188,,-0.0672327
36.8803,2.52849,8.85889,,-0.0803079
36.9003,2.35491,8.16925,,-0.0925471
36.9203,2.15773,7.38699,,-0.103933
36.9403,1.93904,6.54282,,-0.114107
36.9603,1.70099,5.63356,,-0.123271
36.9803,1.44592,4.65061,,-0.131115
37.0003,1.17642,3.62037,,-0.13782
37.0203,0.895139,2.55179,,-0.142994
37.0403,0.604951,1.4567,,-0.146789
37.0603,0.308692,0.346501,,-0.149113
37.0803,9.36E-03,-0.775606,,-0.149933
37.1003,-0.290092,-1.87816,,-0.149273
37.1203,-0.586624,-2.96144,,-0.147103
37.1403,-0.877286,-4.02164,,-0.143472
37.1603,-1.15919,-5.03869,,-0.13845
37.1803,-1.42952,-5.99328,,-0.132028
37.2003,-1.68558,-6.87708,,-0.124183
37.2203,-1.92478,-7.69633,,-0.115271
37.2403,-2.14478,-8.45004,,-0.105068
37.2603,-2.34329,-9.09625,,-0.0938818
37.2803,-2.51844,-9.65246,,-0.0816918
37.3003,-2.66836,-10.117,,-0.0687528
37.3203,-2.79164,-10.4899,,-0.0551426
37.3403,-2.8871,-10.7495,,-0.0409393
37.3603,-2.95E+00,-10.8942,,-0.0262983
37.3803,-2.99072,-10.9443,,-0.0114573
37.4003,-2.99791,-10.8946,,3.58E-03
37.4203,-2.97511,-10.7286,,0.0184944
37.4403,-2.92262,-10.4446,,0.0331923
37.4603,-2.84087,-10.0719,,0.0476939
37.4803,-2.73075,-9.60854,,0.0616269
37.5003,-2.5933,-9.03591,,0.0750091
37.5203,-2.4301,-8.3688,,0.0874985
37.5403,-2.24252,-7.63093,,9.93E-02
37.5603,-2.0325,-6.81658,,1.10E-01
37.5803,-1.80223,-5.92271,,1.20E-01
37.6003,-1.55397,-4.96183,,0.128008
37.6203,-1.29013,-3.95643,,0.135225
37.6403,-1.01338,-2.90918,,0.141012
37.6603,-0.726568,-1.81598,,0.14536
37.6803,-0.43247,-0.710776,,0.148344
37.7003,-0.134055,0.404819,,0.14975
37.7203,0.165715,1.51595,,0.149782
37.7403,0.4638,2.62177,,0.14815
37.7603,0.757279,3.68831,,0.145228
37.7803,1.0432,4.72196,,0.140686
37.8003,1.31865,5.70963,,0.134786
37.8203,1.58098,6.63442,,0.127621
37.8403,1.82748,7.48318,,0.11916
37.8603,2.05577,8.25199,,0.109445
37.8803,2.26346,8.94484,,9.86E-02
37.9003,2.44855,9.54711,,0.086852
37.9203,2.60918,10.0402,,0.0742906
37.9403,2.74372,10.4462,,0.0607958
37.9603,2.85087,10.7517,,0.046905
37.9803,2.9295,10.9446,,0.0324543
38.0003,2.97891,11.0341,,0.0176319
38.0203,2.99855,11.0207,,2.71E-03
38.0403,2.98821,10.905,,-0.012279
38.0603,2.94798,10.6707,,-0.0271334
38.0803,2.87827,10.3431,,-0.0417739
38.1003,2.7799,9.91216,,-0.0558486
38.1203,2.65373,9.384,,-0.0695128
38.1403,2.50103,8.76474,,-0.0824452
38.1603,2.32333,8.06317,,-0.094537
38.1803,2.12241,7.27699,,-0.105684
38.2003,1.90032,6.41335,,-0.115706
38.2203,1.65927,5.48553,,-0.124668
38.2403,1.40156,4.49351,,-0.132397
38.2603,1.12987,3.45904,,-0.138789
38.2803,0.846908,2.37772,,-0.143666
38.3003,0.555489,1.27746,,-0.147307
38.3203,0.258504,0.16501,,-0.149346
38.3403,-0.0410801,-0.948708,,-0.149956
38.3603,-0.340231,-2.05845,,-0.149008
38.3803,-0.635971,-3.15131,,-0.146616
38.4003,-0.925403,-4.20026,,-0.142776
38.4203,-1.20555,-5.19634,,-0.137393
38.4403,-1.47364,-6.15213,,-0.130818
38.4603,-1.72703,-7.0426,,-0.122772
38.4803,-1.96318,-7.84576,,-0.11361
38.5003,-2.1797,-8.56564,,-0.103231
38.5203,-2.37445,-9.20955,,-0.0919004
38.5403,-2.54543,-9.76626,,-0.0795795
38.5603,-2.69104,-10.2084,,-0.0665739
38.5803,-2.8097,-10.554,,-5.27E-02
38.6003,-2.90036,-10.8015,,-3.85E-02
38.6203,-2.96199,-10.9471,,-2.38E-02
38.6403,-2.99402,-10.971,,-8.99E-03
38.6603,-2.99621,-10.8852,,6.11E-03
38.6803,-2.96826,-10.7078,,0.0209326
38.7003,-2.91084,-10.4193,,0.0356982
38.7203,-2.82426,-10.0214,,5.00E-02
38.7403,-2.7095,-9.53244,,6.40E-02
38.7603,-2.56769,-8.95043,,7.71E-02
38.7803,-2.40015,-8.27677,,8.96E-02
38.8003,-2.20867,-7.51661,,1.01E-01
38.8203,-1.99516,-6.67924,,1.12E-01
38.8403,-1.76168,-5.77858,,1.21E-01
38.8603,-1.5106,-4.81375,,1.29E-01
38.8803,-1.24441,-3.80174,,1.36E-01
38.9003,-0.965796,-2.73267,,1.42E-01
38.9203,-0.677549,-1.63937,,1.46E-01
38.9403,-0.382537,-0.532732,,1.49E-01
38.9603,-0.0836584,0.591176,,1.50E-01
38.9803,0.21603,1.70259,,1.50E-01
39.0003,0.513553,2.80432,,1.48E-01
39.0203,0.805958,3.86351,,1.45E-01
39.0403,1.0903,4.89998,,1.40E-01
39.0603,1.36373,5.88247,,1.34E-01
39.0803,1.62361,6.7919,,1.26E-01
39.1003,1.86723,7.63457,,1.18E-01
39.1203,2.09214,8.3964,,1.08E-01
39.1403,2.29619,9.06849,,9.67E-02
39.1603,2.47733,9.65301,,8.49E-02
39.1803,2.63376,10.1408,,7.21E-02
39.2003,2.76374,10.5238,,5.85E-02
39.2203,2.86607,10.813,,4.45E-02
39.2403,2.93987,10.9975,,3.00E-02
39.2603,2.98432,11.0659,,1.52E-02
39.2803,2.99893,11.0262,,1.39E-04
39.3003,2.98349,10.8932,,-1.48E-02
39.3203,2.93833,10.6516,,-2.96E-02
39.3403,2.86383,10.299,,-4.42E-02
39.3603,2.76062,9.8469,,-5.82E-02
39.3803,2.62985,9.30899,,-7.17E-02
39.4003,2.47288,8.67941,,-0.0845137
39.4203,2.29116,7.95609,,-0.0964864
39.4403,2.0865,7.14839,,-0.107451
39.4603,1.86103,6.28082,,-0.11733
39.4803,1.617,5.33924,,-0.126025
39.5003,1.3568,4.33567,,-0.133571
39.5203,1.083,3.29127,,-0.139731
39.5403,0.798417,2.2044,,-0.14441
39.5603,0.505861,1.09371,,-0.147716
39.5803,0.20824,-0.0204083,,-0.149533
39.6003,-0.0914704,-1.13578,,-0.149869
39.6203,-0.390276,-2.24797,,-1.49E-01
39.6403,-0.685161,-3.3347,,-1.46E-01
39.6603,-0.973228,-4.37618,,-1.42E-01
39.6803,-1.25155,-5.37227,,-1.36E-01
39.7003,-1.51737,-6.32347,,-0.12953
39.7203,-1.76803,-7.19428,,-0.121316
39.7403,-2.00103,-7.98019,,-0.11195
39.7603,-2.21402,-8.70148,,-0.101427
39.7803,-2.40492,-9.33127,,-0.0898864
39.8003,-2.57176,-9.86171,,-0.0774316
39.8203,-2.71294,-10.2963,,-0.0642818
39.8403,-2.82695,-10.6305,,-0.0503333
39.8603,-2.91281,-10.8518,,-0.0361505
39.8803,-2.96949,-10.9737,,-0.0212762
39.9003,-2.99653,-10.9864,,-6.41E-03
39.9203,-2.99358,-10.8925,,8.62E-03
39.9403,-2.96071,-10.6885,,0.0234152
39.9603,-2.89828,-10.3781,,0.0381787
39.9803,-2.80692,-9.97098,,5.24E-02
40.0003,-2.68752,-9.46724,,0.0661726
40.0203,-2.54128,-8.8625,,0.0792821
40.0403,-2.36965,-8.17036,,0.0916049
40.0603,-2.17431,-7.40002,,0.103045
40.0803,-1.95723,-6.55965,,0.113349
40.1003,-1.72066,-5.63628,,0.122574
40.1203,-1.46684,-4.65638,,0.130594
40.1403,-1.19837,-3.63652,,0.137283
40.1603,-0.917941,-2.56741,,0.142647
40.1803,-6.28E-01,-1.46532,,0.146528
40.2003,-0.332473,-0.342386,,0.149003
40.2203,-0.0332786,0.77642,,1.50E-01
40.2403,0.266273,1.88678,,0.149421
40.2603,0.563155,2.98356,,0.147368
40.2803,0.854422,4.05049,,0.143848
40.3003,1.13714,5.07427,,0.138902
40.3203,1.40846,6.04311,,0.13252
40.3403,1.66577,6.95193,,0.12488
40.3603,1.90641,7.78579,,0.116012
40.3803,2.12799,8.52854,,0.10589
40.4003,2.32832,9.18415,,0.094794
40.4203,2.50538,9.76066,,0.0827323
40.4403,2.65743,10.232,,0.0698348
40.4603,2.78294,10.5994,,0.0562452
40.4803,2.88051,10.8724,,0.041944
40.5003,2.94936,11.0398,,0.0275989
40.5203,2.98883,11.089,,0.012639
40.5403,2.99844,11.0358,,-2.31E-03
40.5603,2.97803,10.8867,,-0.0173369
40.5803,2.92783,10.623,,-0.0320909
40.6003,2.84839,10.2515,,-0.0465278
40.6203,2.74055,9.78416,,-0.0605487
40.6403,2.60525,9.23659,,-0.0739927
40.6603,2.44399,8.58339,,-0.0865394
40.6803,2.25826,7.84216,,-9.83E-02
40.7003,2.04999,7.02796,,-1.09E-01
40.7203,1.82123,6.14788,,-1.19E-01
40.7403,1.5743,5.19089,,-1.27E-01
40.7603,1.31166,4.17284,,-0.134616
40.7803,1.03585,3.11633,,-0.14059
40.8003,0.749728,2.02819,,-0.145089
40.8203,0.456085,0.919936,,-0.148166
40.8403,0.157898,-0.202731,,-0.149718
40.8603,-0.141858,-1.32615,,-0.149814
40.8803,-0.440197,-2.43446,,-0.148331
40.9003,-0.734147,-3.51168,,-0.145517
40.9203,-1.02076,-4.55306,,-0.141095
40.9403,-1.29719,-5.54456,,-0.135373
40.9603,-1.56066,-6.48101,,-0.128188
40.9803,-1.80851,-7.34421,,-0.11987
41.0003,-2.03829,-8.12808,,-0.110274
41.0203,-2.24771,-8.82687,,-0.0994806
41.0403,-2.43468,-9.43824,,-0.087885
41.0603,-2.59734,-9.96001,,-0.075263
41.0803,-2.73398,-10.3899,,-0.0619652
41.1003,-2.84337,-10.6956,,-0.0479951
41.1203,-2.9243,-10.8967,,-0.0335769
41.1403,-2.97608,-11.0004,,-0.0188576
41.1603,-2.99811,-11.0106,,-3.97E-03
41.1803,-2.99012,-10.8895,,0.011143
41.2003,-2.95236,-10.656,,0.0259605
41.2203,-2.88497,-10.3393,,0.0405723
41.2403,-2.7888,-9.92424,,0.0547866
41.2603,-2.66475,-9.39417,,0.0684954
41.2803,-2.51416,-8.76653,,0.0813352
41.3003,-2.3384,-8.06786,,0.0936424
41.3203,-2.13926,-7.28573,,0.104781
41.3403,-1.91879,-6.41827,,0.115028
41.3603,-1.67907,-5.4872,,0.123976
41.3803,-1.42266,-4.50427,,0.131845
41.4003,-1.15198,-3.47042,,0.1383
41.4203,-0.869829,-2.38281,,0.143394
41.4403,-0.578954,-1.27888,,0.147064
41.4603,-0.28229,-0.164611,,0.149254
41.4803,0.0171702,0.96841,,0.149947
41.5003,0.316483,2.08187,,0.14912
41.5203,0.612628,3.17193,,0.146903
41.5403,0.902636,4.23096,,0.143083
41.5603,1.18362,5.25187,,0.137922
41.5803,1.4528,6.21915,,0.131355
41.6003,1.70746,7.11139,,0.123468
41.6203,1.94508,7.92762,,0.114358
41.6403,2.16322,8.66433,,0.10413
41.6603,2.35975,9.3205,,0.0928269
41.6803,2.53275,9.87115,,0.0806086
41.7003,2.68046,10.3182,,0.0676142
41.7203,2.80128,10.6811,,5.38E-02
41.7403,2.89416,10.9353,,3.97E-02
41.7603,2.95813,11.0801,,2.50E-02
41.7803,2.99255,11.112,,1.02E-02
41.8003,2.99706,11.0477,,-4.94E-03
41.8203,2.97159,10.8803,,-0.019773
41.8403,2.91647,10.5943,,-0.0345647
41.8603,2.83221,10.2086,,-4.89E-02
41.8803,2.71962,9.72816,,-6.28E-02
41.9003,2.57993,9.15294,,-7.61E-02
41.9203,2.4144,8.48922,,-8.87E-02
41.9403,2.22478,7.73827,,-1.00E-01
41.9603,2.01293,6.90615,,-1.11E-01
41.9803,1.78091,6.00808,,-1.20E-01
42.0003,1.5312,5.03429,,-1.29E-01
42.0203,1.2661,4.01661,,-1.36E-01
42.0403,0.988393,2.95311,,-1.41E-01
42.0603,0.700779,1.85337,,-1.46E-01
42.0803,0.406196,0.732442,,-1.48E-01
42.1003,0.107533,-0.390995,,-1.50E-01
42.1203,-0.192211,-1.50208,,-1.50E-01
42.1403,-0.490016,-2.61711,,-1.48E-01
42.1603,-0.782937,-3.69756,,-1.45E-01
42.1803,-1.06804,-4.73004,,-1.40E-01
42.2003,-1.34244,-5.71096,,-1.34E-01
42.2203,-1.60348,-6.63791,,-1.27E-01
42.2403,-1.84846,-7.49056,,-1.18E-01
42.2603,-2.07499,-8.26548,,-1.08E-01
42.2803,-2.28079,-8.95152,,-9.76E-02
42.3003,-2.46375,-9.55502,,-8.58E-02
42.3203,-2.6222,-10.0601,,-7.31E-02
42.3403,-2.75436,-10.4584,,-5.96E-02
42.3603,-2.85905,-10.7552,,-4.57E-02
42.3803,-2.9351,-10.9535,,-3.11E-02
42.4003,-2.98185,-11.0406,,-1.63E-02
42.4203,-2.99887,-11.0124,,-1.38E-03
42.4403,-2.98578,-10.8781,,1.36E-02
42.4603,-2.94303,-10.6441,,2.84E-02
42.4803,-2.87075,-10.3009,,4.30E-02
42.5003,-2.76991,-9.85893,,5.72E-02
42.5203,-2.64125,-9.31805,,7.07E-02
42.5403,-2.48629,-8.67642,,0.0835118
42.5603,-2.30648,-7.96156,,0.0955403
42.5803,-2.10359,-7.15823,,0.106599
42.6003,-1.87972,-6.28784,,0.116643
42.6203,-1.63705,-5.34262,,0.125388
42.6403,-1.37804,-4.34008,,0.13301
42.6603,-1.10527,-3.298,,0.139217
42.6803,-0.821429,-2.21296,,0.144104
42.7003,-0.529388,-1.10071,,0.147591
42.7203,-0.232051,0.0291371,,0.149371
42.7403,0.0676023,1.15318,,0.149999
42.7603,0.36658,2.26357,,0.148869
42.7803,0.661877,3.35499,,1.46E-01
42.8003,0.950588,4.41145,,1.42E-01
42.8203,1.2298,5.42971,,1.37E-01
42.8403,1.4967,6.38044,,0.130097
42.8603,1.74868,7.26216,,0.122063
42.8803,1.98315,8.07365,,0.112706
42.9003,2.19786,8.80041,,0.102299
42.9203,2.39057,9.43488,,0.0908588
42.9403,2.55934,9.96689,,0.0783934
42.9603,2.70259,10.4066,,0.065413
42.9803,2.81891,10.7536,,0.0514578
43.0003,2.90697,10.9939,,0.0372233
43.0203,2.966,11.1156,,0.0225386
43.0403,2.99547,11.1329,,7.65E-03
43.0603,2.99492,11.0517,,-7.47E-03
43.0803,2.96441,10.8565,,-0.0222513
43.1003,2.90434,10.5605,,-0.0369845
43.1203,2.81528,10.1551,,-5.13E-02
43.1403,2.69806,9.65779,,-0.0651753
43.1603,2.55391,9.07243,,-0.0782461
43.1803,2.38423,8.38854,,-0.0907022
43.2003,2.19068,7.62023,,-0.102158
43.2203,1.97524,6.77437,,-0.112565
43.2403,1.74015,5.86216,,-0.121875
43.2603,1.48763,4.88589,,-0.130003
43.2803,1.22024,3.85553,,-0.136819
43.3003,0.940667,2.77107,,-0.142208
43.3203,6.52E-01,1.66789,,-0.146353
43.3403,0.35618,0.555448,,-0.148836
43.3603,0.0571303,-0.569609,,-0.149878
43.3803,-0.242496,-1.70353,,-0.149504
43.4003,-0.539694,-2.80263,,-0.14757
43.4203,-0.831482,-3.86868,,-0.144172
43.4403,-1.115,-4.90926,,-0.13933
43.4603,-1.38734,-5.88729,,-0.133091
43.4803,-1.64584,-6.79526,,-0.125567
43.5003,-1.88789,-7.63541,,-0.116721
43.5203,-2.11112,-8.39983,,-0.106786
43.5403,-2.31319,-9.07996,,-0.0956981
43.5603,-2.49217,-9.66175,,-0.0837402
43.5803,-2.64623,-10.1476,,-0.0708652
43.6003,-2.77387,-10.536,,-0.0573714
43.6203,-2.87386,-10.8208,,-0.0431946
43.6403,-2.94505,-10.9991,,-0.028682
43.6603,-2.9868,-11.0529,,-0.0138053
43.6803,-2.99873,-11.0219,,1.21E-03
43.7003,-2.98069,-10.8787,,0.0161074
43.7203,-2.93295,-10.6125,,0.030856
43.7403,-2.85584,-10.2513,,0.0454353
43.7603,-2.75013,-9.79651,,0.0594671
43.7803,-2.61695,-9.23906,,0.0729114
43.8003,-2.45769,-8.58437,,0.0855974
43.8203,-2.2739,-7.84819,,9.74E-02
43.8403,-2.06736,-7.0352,,1.08E-01
43.8603,-1.84017,-6.14419,,1.18E-01
43.8803,-1.59454,-5.19048,,1.27E-01
43.9003,-1.33306,-4.1855,,0.134135
43.9203,-1.05824,-3.12583,,0.14014
43.9403,-0.772821,-2.02769,,0.144785
43.9603,-0.479653,-0.917316,,0.147965
43.9803,-0.181746,0.211299,,0.149633
44.0003,0.117996,1.33856,,0.149858
44.0203,0.416558,2.4556,,0.1485
44.0403,0.710992,3.54415,,0.145804
44.0603,0.998298,4.59221,,0.141533
44.0803,1.27562,5.59753,,0.135858
44.1003,1.54022,6.54465,,0.128828
44.1203,1.78937,7.42294,,0.120536
44.1403,2.02071,8.21554,,0.111055
44.1603,2.23186,8.9194,,0.100457
44.1803,2.42066,9.54691,,0.0888382
44.2003,2.5853,10.0736,,0.0762618
44.2203,2.72414,10.4983,,0.0630182
44.2403,2.83572,10.8148,,0.0492025
44.2603,2.91897,11.0387,,0.0347084
44.2803,2.97299,11.1549,,0.0200012
44.3003,2.99742,11.154,,5.15E-03
44.3203,2.99181,11.0443,,-9.96E-03
44.3403,2.95638,1.08E+01,,-0.0247052
44.3603,2.89142,10.5254,,-0.0394761
44.3803,2.79749,10.1047,,-0.0536602
44.4003,2.67564,9.58807,,-0.0673733
44.4203,2.52707,8.9816,,-0.0804282
44.4403,2.35326,8.28836,,-0.0926452
44.4603,2.15593,7.50259,,-0.104001
44.4803,1.93704,6.64448,,-0.114195
44.5003,1.69885,5.71819,,-0.123354
44.5203,1.44362,4.72665,,-1.31E-01
44.5403,1.17399,3.68757,,-0.137801
44.5603,0.89262,2.59816,,-0.143079
44.5803,0.602366,1.49183,,-0.146799
44.6003,0.306052,0.371117,,-0.149091
44.6203,6.71E-03,-0.763962,,-0.149969
44.6403,-0.292715,-1.88334,,-0.149242
44.6603,-0.589206,-2.98006,,-0.147121
44.6803,-0.879825,-4.05698,,-0.143447
44.7003,-1.16164,-5.08356,,-0.138373
44.7203,-1.43188,-6.04461,,-0.131947
44.7403,-1.68778,-6.951,,-0.124156
44.7603,-1.92683,-7.78378,,-0.115184
44.7803,-2.14663,-8.53456,,-0.104922
44.8003,-2.34496,-9.19873,,-0.0937711
44.8203,-2.51985,-9.76668,,-0.081578
44.8403,-2.66965,-10.2418,,-0.068705
44.8603,-2.79265,-10.6134,,-5.50E-02
44.8803,-2.88781,-10.8765,,-4.08E-02
44.9003,-2.95409,-11.0368,,-2.61E-02
44.9203,-2.99084,-11.0814,,-1.14E-02
44.9403,-2.9978,-11.0286,,3.74E-03
44.9603,-2.97471,-10.8569,,0.0186386
44.9803,-2.92196,-10.5808,,0.0333602
45.0003,-2.83999,-10.2056,,4.77E-02
45.0203,-2.72971,-9.7339,,6.18E-02
45.0403,-2.59203,-9.15036,,7.51E-02
45.0603,-2.42855,-8.47952,,8.77E-02
45.0803,-2.24073,-7.74192,,9.94E-02
45.1003,-2.03055,-6.90734,,1.10E-01
45.1203,-1.80009,-6.0019,,1.20E-01
45.1403,-1.55164,-5.03575,,1.28E-01
45.1603,-1.28772,-4.02723,,1.35E-01
45.1803,-1.01091,-2.95669,,1.41E-01
45.2003,-0.723982,-1.84786,,1.45E-01
45.2203,-0.429831,-0.73359,,1.48E-01
45.2403,-0.131384,0.391152,,1.50E-01
45.2603,0.168367,1.52918,,1.50E-01
45.2803,0.466446,2.64629,,1.48E-01
45.3003,0.759877,3.71905,,1.45E-01
45.3203,1.04572,4.76374,,1.41E-01
45.3403,1.32103,5.77219,,1.35E-01
45.3603,1.58325,6.71239,,1.28E-01
45.3803,1.82958,7.57128,,1.19E-01
45.4003,2.05769,8.34936,,1.09E-01
45.4203,2.26519,9.05097,,9.86E-02
45.4403,2.45005,9.66385,,8.67E-02
45.4603,2.61052,10.1679,,7.41E-02
45.4803,2.7448,10.5745,,6.07E-02
45.5003,2.85168,10.8839,,4.68E-02
45.5203,2.9301,11.0877,,3.23E-02
45.5403,2.97925,11.1814,,1.75E-02
45.5603,2.99859,11.1649,,2.53E-03
45.5803,2.98797,11.0449,,-1.24E-02
45.6003,2.94751,10.8194,,-2.73E-02
45.6203,2.87756,10.4816,,-4.19E-02
45.6403,2.77896,10.0432,,-5.60E-02
45.6603,2.65254,9.51819,,-6.97E-02
45.6803,2.49955,8.8906,,-0.0824829
45.7003,2.32171,8.17789,,-0.0946421
45.7203,2.12056,7.38068,,-0.105787
45.7403,1.89828,6.51479,,-0.115797
45.7603,1.65705,5.5676,,-0.124777
45.7803,1.39923,4.5634,,-0.132489
45.8003,1.12742,3.51912,,-0.138791
45.8203,0.84436,2.4283,,-0.143743
45.8403,0.552875,1.30832,,-0.147307
45.8603,0.25586,0.181321,,-0.149338
45.8803,-0.0437009,-0.941404,,-0.149956
45.9003,-0.342837,-2.06854,,-0.148989
45.9203,-0.638558,-3.17375,,-1.47E-01
45.9403,-0.9279,-4.23416,,-1.43E-01
45.9603,-1.20797,-5.25261,,-1.37E-01
45.9803,-1.47595,-6.21689,,-0.1307
46.0003,-1.72922,-7.10656,,-0.122734
46.0203,-1.96518,-7.92859,,-0.113555
46.0403,-2.18148,-8.66768,,-0.103147
46.0603,-2.37603,-9.32229,,-0.0917405
46.0803,-2.54689,-9.87242,,-0.0795266
46.1003,-2.69222,-10.3307,,-0.0664046
46.1203,-2.81064,-10.6826,,-0.0525841
46.1403,-2.90095,-10.9335,,-0.038381
46.1603,-2.96237,-11.0752,,-0.0236799
46.1803,-2.99419,-11.1069,,-8.85E-03
46.2003,-2.996,-11.0316,,6.23E-03
46.2203,-2.96794,-10.8411,,0.0210684
46.2403,-2.91023,-10.5522,,0.0358928
46.2603,-2.82339,-10.1546,,5.02E-02
46.2803,-2.70839,-9.6615,,0.0640365
46.3003,-2.56635,-9.06937,,0.0772715
46.3203,-2.39861,-8.38335,,0.0896804
46.3403,-2.20692,-7.61562,,0.101243
46.3603,-1.99319,-6.77796,,0.11178
46.3803,-1.75951,-5.86932,,0.121174
46.4003,-1.5083,-4.88413,,0.129466
46.4203,-1.242,-3.85208,,0.136344
46.4403,-0.963291,-2.78332,,0.141833
46.4603,-0.674937,-1.67646,,0.146009
46.4803,-0.379872,-0.543398,,0.148676
46.5003,-0.0809913,0.588329,,0.149908
46.5203,0.218691,1.7137,,0.149549
46.5403,0.516187,2.82163,,0.147793
46.5603,0.808525,3.91166,,0.144491
46.5803,1.09279,4.95357,,0.139732
46.6003,1.36612,5.9385,,0.133683
46.6203,1.62586,6.8675,,0.126254
46.6403,1.86929,7.72661,,0.117455
46.6603,2.09407,8.496,,0.107586
46.6803,2.2979,9.17367,,0.0966303
46.7003,2.4788,9.76894,,0.0846997
46.7203,2.63498,10.268,,0.0719578
46.7403,2.76475,10.6613,,0.0583867
46.7603,2.86689,10.9463,,0.0443822
46.7803,2.94037,11.1342,,0.0297987
46.8003,2.98453,11.2123,,0.0150476
46.8203,2.99889,11.1804,,4.13E-05
46.8403,2.98327,11.0333,,-0.0148842
46.8603,2.93782,10.7901,,-0.0298025
46.8803,2.86299,10.4442,,-0.0442591
46.9003,2.76E+00,9.98857,,-0.058292
46.9203,2.62862,9.4372,,-0.0719072
46.9403,2.47139,8.79439,,-0.0846148
46.9603,2.28941,8.06903,,-9.66E-02
46.9803,2.08464,7.26144,,-1.07E-01
47.0003,1.85898,6.37694,,-1.17E-01
47.0203,1.61476,5.41982,,-1.26E-01
47.0403,1.35442,4.40811,,-0.133612
47.0603,1.08054,3.34863,,-0.139747
47.0803,0.795872,2.24687,,-0.144413
47.1003,0.503242,1.12863,,-0.147766
47.1203,0.205575,6.60E-04,,-0.149585
47.1403,-0.0941492,-1.13111,,-0.149931
47.1603,-0.392914,-2.25435,,-0.14865
47.1803,-0.687762,-3.35313,,-0.14608
47.2003,-0.975706,-4.4139,,-0.141864
47.2203,-1.25395,-5.42583,,-0.136378
47.2403,-1.51965,-6.37812,,-0.129448
47.2603,-1.77016,-7.26464,,-0.121263
47.2803,-2.00301,-8.07081,,-0.111837
47.3003,-2.21579,-8.79429,,-0.101318
47.3203,-2.4065,-9.43196,,-0.0898097
47.3403,-2.57309,-9.9807,,-0.0772784
47.3603,-2.714,-10.418,,-0.0641643
47.3803,-2.82783,-10.7477,,-0.0502941
47.4003,-2.91342,-10.9824,,-0.0358688
47.4203,-2.96978,-11.1123,,-0.0212312
47.4403,-2.9966,-11.1225,,-6.30E-03
47.4603,-2.99345,-11.0188,,8.76E-03
47.4803,-2.96028,-10.8235,,0.0235996
47.5003,-2.89763,-10.5142,,0.0382488
47.5203,-2.80609,-10.1019,,0.0525335
47.5403,-2.68637,-9.58237,,0.0663507
47.5603,-2.53986,-8.97606,,0.079403
47.5803,-2.368,-8.27748,,0.0917177
47.6003,-2.17246,-7.50131,,0.103082
47.6203,-1.95522,-6.64465,,0.113454
47.6403,-1.71845,-5.70552,,0.122628
47.6603,-1.4645,-4.73017,,1.31E-01
47.6803,-1.19594,-3.69086,,0.137335
47.7003,-0.915395,-2.60231,,0.14271
47.7203,-0.62576,-1.48928,,0.146526
47.7403,-0.329817,-0.358972,,0.149002
47.7603,-0.030603,0.773558,,1.50E-01
47.7803,0.268911,1.90862,,0.149314
47.8003,0.565773,3.0112,,0.147388
47.8203,0.856963,4.08738,,0.143764
47.8403,1.13957,5.13218,,0.138848
47.8603,1.41079,6.11544,,0.132461
47.8803,1.66797,7.02922,,0.124856
47.9003,1.90843,7.87453,,0.115919
47.9203,2.12986,8.63413,,0.105804
47.9403,2.32996,9.299,,0.094692
47.9603,2.50681,9.87624,,0.0825701
47.9803,2.65862,10.3602,,0.0697586
48.0003,2.78387,10.7351,,5.61E-02
48.0203,2.88125,11.0098,,4.19E-02
48.0403,2.94986,11.1813,,2.74E-02
48.0603,2.98908,11.2369,,1.26E-02
48.0803,2.99845,11.1874,,-2.55E-03
48.1003,2.97765,11.0236,,-0.0174897
48.1203,2.92725,10.771,,-0.0321843
48.1403,2.84757,10.3963,,-4.66E-02
48.1603,2.73944,9.92228,,-6.07E-02
48.1803,2.60393,9.35595,,-7.41E-02
48.2003,2.44241,8.70377,,-8.67E-02
48.2203,2.25653,7.96417,,-9.84E-02
48.2403,2.04806,7.13436,,-1.09E-01
48.2603,1.81912,6.23902,,-1.19E-01
48.2803,1.57204,5.2722,,-1.27E-01
48.3003,1.30924,4.24883,,-1.35E-01
48.3203,1.03336,3.17612,,-1.41E-01
48.3403,0.747156,2.07245,,-1.45E-01
48.3603,0.453462,0.951971,,-1.48E-01
48.3803,0.155247,-0.186704,,-1.50E-01
48.4003,-0.144521,-1.32109,,-1.50E-01
48.4203,-0.442827,-2.4405,,-1.48E-01
48.4403,-0.736736,-3.53684,,-1.45E-01
48.4603,-1.02329,-4.59155,,-1.41E-01
48.4803,-1.29958,-5.5979,,-1.35E-01
48.5003,-1.56288,-6.54548,,-1.28E-01
48.5203,-1.81064,-7.41483,,-1.20E-01
48.5403,-2.04025,-8.20849,,-1.10E-01
48.5603,-2.24946,-8.92123,,-9.95E-02
48.5803,-2.43621,-9.55324,,-8.78E-02
48.6003,-2.59867,-10.0748,,-7.52E-02
48.6203,-2.73507,-10.491,,-6.18E-02
48.6403,-2.84419,-10.8138,,-4.79E-02
48.6603,-2.92494,-11.039,,-3.35E-02
48.6803,-2.97639,-11.1407,,-1.87E-02
48.7003,-2.99817,-11.1332,,-3.78E-03
48.7203,-2.98994,-11.0129,,1.12E-02
48.7403,-2.95179,-10.7991,,2.61E-02
48.7603,-2.88429,-10.4741,,4.07E-02
48.7803,-2.78785,-10.0417,,5.49E-02
48.8003,-2.66357,-9.50714,,6.87E-02
48.8203,-2.51271,-8.88243,,0.0814478
48.8403,-2.33672,-8.1853,,0.0936644
48.8603,-2.13742,-7.37338,,0.104911
48.8803,-1.91672,-6.49744,,0.115119
48.9003,-1.67689,-5.5687,,0.124072
48.9203,-1.42032,-4.57,,0.131953
48.9403,-1.14954,-3.51313,,0.138296
48.9603,-0.867272,-2.42309,,0.143446
48.9803,-0.576363,-1.30954,,0.14705
49.0003,-0.279669,-0.174233,,0.149261
49.0203,0.0198202,0.974047,,0.149945
49.0403,0.319102,2.10065,,0.149134
49.0603,0.615205,3.19702,,1.47E-01
49.0803,0.905134,4.27321,,1.43E-01
49.1003,1.18604,5.31161,,1.38E-01
49.1203,1.45511,6.28798,,0.131308
49.1403,1.70965,7.18927,,0.123379
49.1603,1.94705,8.02196,,0.114281
49.1803,2.16503,8.76792,,0.104064
49.2003,2.3614,9.42561,,0.0927037
49.2203,2.53418,9.99E+00,,0.0805383
49.2403,2.68158,10.4521,,0.0674089
49.2603,2.80221,10.8055,,0.0538189
49.2803,2.89483,11.0723,,0.0394802
49.3003,2.95852,11.2225,,0.0248241
49.3203,2.99267,11.2608,,0.0100495
49.3403,2.99698,11.185,,-5.00E-03
49.3603,2.97128,11.0126,,-0.0199262
49.3803,2.91586,10.7367,,-0.0347624
49.4003,2.83131,10.3478,,-4.90E-02
49.4203,2.71851,9.85843,,-0.062961
49.4403,2.57855,9.27392,,-0.0761872
49.4603,2.41279,8.60743,,-0.0887537
49.4803,2.22297,7.85117,,-0.10039
49.5003,2.01091,7.00834,,-0.110962
49.5203,1.77878,6.09119,,-0.120525
49.5403,1.52887,5.11509,,-0.128767
49.5603,1.26369,4.08876,,-0.135827
49.5803,0.98585,3.00643,,-0.141468
49.6003,0.698201,1.88799,,-0.145753
49.6203,0.403551,0.763361,,-0.148509
49.6403,0.104849,-0.368579,,-0.149863
49.6603,-0.194883,-1.50668,,-0.149653
49.6803,-0.492647,-2.63291,,-0.147974
49.7003,-0.785522,-3.7203,,-0.144774
49.7203,-1.07052,-4.77131,,-0.140231
49.7403,-1.34483,-5.76526,,-0.134217
49.7603,-1.60571,-6.70045,,-0.126831
49.7803,-1.8506,-7.56895,,-0.118221
49.8003,-2.07696,-8.35282,,-0.108439
49.8203,-2.28253,-9.05118,,-0.0975308
49.8403,-2.46532,-9.65153,,-0.0857088
49.8603,-2.62349,-10.1724,,-0.0729407
49.8803,-2.75538,-10.5824,,-0.0595133
49.9003,-2.85979,-10.8789,,-0.0455199
49.9203,-2.93566,-11.0738,,-0.03102
49.9403,-2.98216,-11.1701,,-0.0162038
49.9603,-2.99896,-11.1463,,-1.24E-03
49.9803,-2.98559,-11.0096,,0.0137166
50.0003,-2.94251,-10.7737,,0.0286203
50.0203,-2.87004,-10.4298,,0.0431134
50.0403,-2.77E+00,-9.9796,,0.0572975
50.0603,-2.64004,-9.43089,,0.0707617
50.0803,-2.4848,-8.78822,,0.083625
50.1003,-2.30483,-8.06916,,9.57E-02
50.1203,-2.10175,-7.25599,,1.07E-01
50.1403,-1.87769,-6.36529,,1.17E-01
50.1603,-1.63488,-5.41356,,1.26E-01
50.1803,-1.37571,-4.40877,,0.133031
50.2003,-1.10279,-3.34852,,0.139327
50.2203,-0.818904,-2.24384,,0.14415
50.2403,-0.526803,-1.11997,,0.147541
50.2603,-0.229433,0.0142371,,0.14949
50.2803,0.0702211,1.15773,,0.149866
50.3003,0.369182,2.28248,,0.148884
50.3203,0.664443,3.3906,,0.146304
50.3403,0.953086,4.4633,,0.142282
50.3603,1.23221,5.48263,,0.136813
50.3803,1.49901,6.45166,,0.130138
50.4003,1.75081,7.35224,,0.121915
50.4203,1.98513,8.16911,,0.112634
50.4403,2.19964,8.89671,,0.102236
50.4603,2.39212,9.54278,,0.0906736
50.4803,2.56074,10.0874,,0.0783612
50.5003,2.70372,10.539,,0.0651901
50.5203,2.81975,10.8854,,0.0514234
50.5403,2.90757,11.1266,,0.0370342
50.5603,2.96639,11.2519,,0.0224557
50.5803,2.99559,11.2748,,7.48E-03
50.6003,2.99471,11.1966,,-7.58E-03
50.6203,2.96402,11.002,,-0.0223661
50.6403,2.9037,10.6957,,-0.0371256
50.6603,2.81436,10.2932,,-0.0514269
50.6803,2.69687,9.79072,,-0.0652722
50.7003,2.55243,9.19367,,-0.0783647
50.7203,2.38253,8.50308,,-0.090799
50.7403,2.18884,7.72157,,-0.102169
50.7603,1.97326,6.87794,,-0.112703
50.7803,1.73797,5.95558,,-0.121987
50.8003,1.48531,4.95627,,-1.30E-01
50.8203,1.2178,3.9135,,-0.136909
50.8403,0.938116,2.82745,,-0.142305
50.8603,0.649102,1.71374,,-0.146311
50.8803,0.353534,0.579073,,-0.148844
50.9003,0.0544766,-0.567992,,-0.149927
50.9203,-0.245149,-1.69949,,-0.149475
50.9403,-0.542302,-2.80977,,-0.147547
50.9603,-0.834044,-3.9037,,-0.144134
50.9803,-1.11746,-4.95253,,-0.139278
51.0003,-1.38972,-5.93752,,-0.133028
51.0203,-1.64805,-6.85711,,-0.125491
51.0403,-1.88996,-7.71592,,-0.116627
51.0603,-2.11298,-8.49106,,-0.10673
51.0803,-2.3149,-9.17267,,-0.0956081
51.1003,-2.49364,-9.76666,,-0.0835696
51.1203,-2.64752,-10.2662,,-0.0708017
51.1403,-2.77494,-10.6527,,-5.72E-02
51.1603,-2.87457,-10.9397,,-4.30E-02
51.1803,-2.94557,-11.1205,,-2.86E-02
51.2003,-2.98709,-11.1928,,-1.37E-02
51.2203,-2.99873,-11.1511,,1.27E-03
51.2403,-2.98042,-11.0037,,0.0162567
51.2603,-2.93234,-10.7448,,0.0310899
51.2803,-2.855,-10.3778,,4.54E-02
51.3003,-2.74912,-9.91442,,5.96E-02
51.3203,-2.61574,-9.35241,,7.30E-02
51.3403,-2.45622,-8.6904,,8.57E-02
51.3603,-2.27223,-7.94735,,9.76E-02
51.3803,-2.06545,-7.1306,,1.08E-01
51.4003,-1.83807,-6.22694,,1.18E-01
51.4203,-1.59236,-5.25779,,1.27E-01
51.4403,-1.33072,-4.23997,,1.34E-01
51.4603,-1.05574,-3.17374,,1.40E-01
51.4803,-0.770268,-2.06704,,1.45E-01
51.5003,-0.477089,-0.93531,,1.48E-01
51.5203,-0.179131,0.205564,,1.50E-01
51.5403,0.12062,1.34826,,1.50E-01
51.5603,0.419168,2.47277,,1.49E-01
51.5803,0.713512,3.57453,,1.46E-01
51.6003,1.00075,4.6405,,1.41E-01
51.6203,1.27797,5.6625,,1.36E-01
51.6403,1.54241,6.62078,,1.29E-01
51.6603,1.79149,7.49952,,1.21E-01
51.6803,2.02266,8.30956,,1.11E-01
51.7003,2.23358,9.03296,,1.00E-01
51.7203,2.4222,9.65671,,8.87E-02
51.7403,2.58656,10.1956,,7.61E-02
51.7603,2.72516,10.626,,6.30E-02
51.7803,2.83658,10.9507,,4.91E-02
51.8003,2.91952,11.1802,,3.46E-02
51.8203,2.97339,11.2934,,1.99E-02
51.8403,2.99754,11.2968,,5.00E-03
51.8603,2.99169,11.1859,,-1.01E-02
51.8803,2.95595,10.9828,,-2.49E-02
51.9003,2.89065,10.6635,,-3.96E-02
51.9203,2.79654,10.2378,,-5.38E-02
51.9403,2.67441,9.7191,,-6.75E-02
51.9603,2.52562,9.10382,,-0.0804569
51.9803,2.35158,8.39726,,-0.0927883
52.0003,2.15407,7.60699,,-0.104038
52.0203,1.93502,6.74803,,-0.114304
52.0403,1.69665,5.80821,,-0.123487
52.0603,1.44127,4.79503,,-0.131225
52.0803,1.17156,3.74721,,-0.137926
52.1003,0.890109,2.65525,,-0.143092
52.1203,0.599747,1.52884,,-0.146809
52.1403,0.303429,0.386978,,-0.149111
52.1603,4.03E-03,-0.747616,,-0.149961
52.1803,-0.295362,-1.88263,,-0.149227
52.2003,-0.591826,-3.00508,,-1.47E-01
52.2203,-0.882356,-4.08972,,-1.43E-01
52.2403,-1.16408,-5.12748,,-1.38E-01
52.2603,-1.4342,-6.10086,,-0.131896
52.2803,-1.68998,-7.02114,,-0.124081
52.3003,-1.92885,-7.86357,,-0.115075
52.3203,-2.14847,-8.62347,,-0.104842
52.3403,-2.34662,-9.29698,,-0.0936852
52.3603,-2.52132,-9.87368,,-0.0814749
52.3803,-2.67076,-10.3557,,-0.0685351
52.4003,-2.79361,-10.7331,,-0.0548959
52.4203,-2.88854,-11.0023,,-0.0406426
52.4403,-2.95463,-11.1624,,-0.0260696
52.4603,-2.99114,-11.2166,,-0.0112217
52.4803,-2.99781,-11.1525,,3.85E-03
52.5003,-2.97447,-10.9892,,0.0187186
52.5203,-2.9214,-10.7131,,0.0335431
52.5403,-2.83919,-10.3276,,0.0479109
52.5603,-2.72854,-9.85178,,0.061899
52.5803,-2.59071,-9.26755,,0.0752128
52.6003,-2.42697,-8.59132,,0.0877394
52.6203,-2.23901,-7.83001,,0.0994828
52.6403,-2.02863,-7.00003,,0.11022
52.6603,-1.798,-6.09117,,0.119742
52.6803,-1.54942,-5.1031,,0.128192
52.7003,-1.28535,-4.07063,,0.135287
52.7203,-1.00842,-3.00307,,0.141127
52.7403,-0.721449,-1.89162,,0.145443
52.7603,-0.427238,-0.74308,,0.148359
52.7803,-0.128766,0.39963,,0.14977
52.8003,0.170994,1.52978,,0.14973
52.8203,0.469021,2.66149,,0.148144
52.8403,0.762386,3.7617,,0.145107
52.8603,1.04816,4.8255,,0.140661
52.8803,1.32341,5.83342,,0.13466
52.9003,1.58548,6.78054,,0.127526
52.9203,1.83166,7.66,,0.118944
52.9403,2.0596,8.45193,,0.1093
52.9603,2.26695,9.15752,,0.0983838
52.9803,2.45159,9.7727,,0.0866594
53.0003,2.61175,10.29,,0.0740507
53.0203,2.74584,10.711,,0.0605678
53.0403,2.85251,11.0202,,0.0466715
53.0603,2.93066,11.2258,,0.0321688
53.0803,2.97952,11.3231,,0.0173729
53.1003,2.99864,11.3041,,2.47E-03
53.1203,2.98773,11.1871,,-0.0125997
53.1403,2.947,10.9583,,-0.0273228
53.1603,2.87689,10.6211,,-0.0420078
53.1803,2.78E+00,10.1804,,-0.0561391
53.2003,2.6513,9.64197,,-0.0697835
53.2203,2.4981,9.01202,,-0.0826424
53.2403,2.32,8.29031,,-9.47E-02
53.2603,2.11869,7.48526,,-1.06E-01
53.2803,1.89623,6.61247,,-1.16E-01
53.3003,1.65482,5.6501,,-1.25E-01
53.3203,1.39686,4.6399,,-0.132539
53.3403,1.12496,3.58357,,-0.138832
53.3603,0.841834,2.4745,,-0.143811
53.3803,0.550275,1.34309,,-0.147311
53.4003,0.253215,0.205961,,-0.149377
53.4203,-0.0463788,-0.933464,,-0.149957
53.4403,-0.345486,-2.07517,,-0.148988
53.4603,-0.641171,-3.19328,,-0.146591
53.4803,-0.930431,-4.26532,,-1.43E-01
53.5003,-1.2104,-5.29411,,-0.137352
53.5203,-1.4783,-6.27252,,-0.130648
53.5403,-1.73138,-7.1797,,-0.122626
53.5603,-1.96716,-8.00485,,-0.113472
53.5803,-2.18336,-8.75741,,-0.103052
53.6003,-2.37766,-9.41476,,-0.0916682
53.6203,-2.54826,-9.98076,,-0.0793464
53.6403,-2.6934,-10.4407,,-0.0662923
53.6603,-2.81162,-10.7998,,-0.0525556
53.6803,-2.90167,-11.0592,,-0.0381709
53.7003,-2.96285,-11.1998,,-0.0236538
53.7203,-2.99436,-11.2288,,-8.64E-03
53.7403,-2.99592,-11.1521,,6.38E-03
53.7603,-2.96757,-10.9728,,0.021205
53.7803,-2.90959,-10.6748,,0.0360114
53.8003,-2.82254,-10.2707,,0.0502614
53.8203,-2.70727,-9.77404,,0.0641893
53.8403,-2.56491,-9.1776,,0.0774052
53.8603,-2.397,-8.48614,,0.089751
53.8803,-2.20512,-7.71357,,0.101342
53.9003,-1.99119,-6.8602,,0.111865
53.9203,-1.7574,-5.93198,,0.121323
53.9403,-1.50598,-4.94835,,1.29E-01
53.9603,-1.2396,-3.90823,,0.136348
53.9803,-0.960801,-2.81876,,0.141934
54.0003,-0.672375,-1.69704,,0.146044
54.0203,-0.377253,-0.561455,,0.148703
54.0403,-0.0783484,0.585742,,0.149892
54.0603,0.221327,1.73338,,0.149572
54.0803,0.518787,2.85464,,0.147733
54.1003,0.811083,3.94562,,0.144484
54.1203,1.09525,5.00888,,0.139671
54.1403,1.3685,6.01054,,0.133655
54.1603,1.62807,6.94814,,0.12605
54.1803,1.87135,7.81574,,0.117445
54.2003,2.09594,8.5937,,0.10752
54.2203,2.29961,9.28185,,0.0964906
54.2403,2.48025,9.88523,,0.084609
54.2603,2.63618,10.3955,,0.0718582
54.2803,2.76578,10.7867,,5.83E-02
54.3003,2.86767,11.0789,,4.42E-02
54.3203,2.94094,11.2761,,2.97E-02
54.3403,2.98485,11.3553,,1.49E-02
54.3603,2.99894,11.3139,,-1.01E-04
54.3803,2.98288,11.1759,,-0.0151318
54.4003,2.93721,10.9342,,-0.0298237
54.4203,2.86215,10.5787,,-0.0444217
54.4403,2.75852,10.1131,,-0.0584224
54.4603,2.62734,9.56402,,-0.0720127
54.4803,2.46983,8.91839,,-0.0847109
54.5003,2.2877,8.18378,,-0.0966573
54.5203,2.08274,7.35902,,-0.107616
54.5403,1.85687,6.47031,,-0.117567
54.5603,1.61254,5.50415,,-0.126128
54.5803,1.35205,4.48332,,-0.133733
54.6003,1.07808,3.40112,,-0.13975
54.6203,0.793326,2.29097,,-0.144504
54.6403,0.500619,1.16334,,-1.48E-01
54.6603,0.202941,0.01981,,-0.149562
54.6803,-0.0967793,-1.13293,,-0.149878
54.7003,-0.395537,-2.26726,,-0.1487
54.7203,-0.690349,-3.36968,,-0.146019
54.7403,-0.978252,-4.4517,,-0.141849
54.7603,-1.25638,-5.48182,,-0.136286
54.7803,-1.52197,-6.43689,,-0.129406
54.8003,-1.77233,-7.33184,,-0.12118
54.8203,-2.00495,-8.15458,,-0.111724
54.8403,-2.22E+00,-8.88855,,-0.101275
54.8603,-2.4081,-9.53036,,-0.0896442
54.8803,-2.57449,-10.084,,-0.077237
54.9003,-2.71518,-10.5339,,-0.0640247
54.9203,-2.82867,-10.8723,,-0.0501041
54.9403,-2.91401,-11.106,,-0.0358126
54.9603,-2.97016,-11.2343,,-0.0210394
54.9803,-2.99671,-11.2474,,-6.18E-03
55.0003,-2.99318,-11.1545,,8.87E-03
55.0203,-2.95991,-10.9514,,0.0236821
55.0403,-2.89698,-10.6355,,0.0384185
55.0603,-2.80513,-10.2158,,0.0526991
55.0803,-2.68517,-9.70374,,0.06643
55.1003,-2.53843,-9.09282,,0.0795155
55.1203,-2.36635,-8.38092,,0.0918263
55.1403,-2.17064,-7.5897,,0.103185
55.1603,-1.95324,-6.72801,,0.113515
55.1803,-1.71632,-5.79396,,0.122711
55.2003,-1.4622,-4.78803,,0.130756
55.2203,-1.19352,-3.72931,,0.137396
55.2403,-0.912911,-2.64595,,0.142767
55.2603,-0.623158,-1.52214,,0.146592
55.2803,-0.327205,-0.368999,,0.149012
55.3003,-0.0279577,0.782611,,1.50E-01
55.3203,0.271573,1.91503,,0.149366
55.3403,0.568363,3.03652,,1.47E-01
55.3603,0.859479,4.13606,,0.143741
55.3803,1.14204,5.18561,,0.138837
55.4003,1.41318,6.17E+00,,0.132408
55.4203,1.67017,7.10764,,0.124735
55.4403,1.91051,7.96705,,0.115824
55.4603,2.13173,8.73359,,0.105726
55.4803,2.33171,9.40306,,0.0946482
55.5003,2.50824,9.99547,,0.0823921
55.5203,2.65984,10.4904,,0.0696312
55.5403,2.78484,10.8631,,0.0560486
55.5603,2.882,11.1401,,0.041752
55.5803,2.95043,11.3137,,0.0272988
55.6003,2.98931,11.3778,,0.0123664
55.6203,2.99836,11.3223,,-2.70E-03
55.6403,2.97735,11.1668,,-0.0175274
55.6603,2.9267,10.8992,,-0.0322772
55.6803,2.84675,10.5242,,-0.0468463
55.7003,2.73837,10.0508,,-0.0607708
55.7203,2.60261,9.48637,,-0.0742345
55.7403,2.4409,8.81483,,-0.0867533
55.7603,2.25478,8.06142,,-0.0985671
55.7803,2.04614,7.23714,,-0.10938
55.8003,1.81703,6.33158,,-0.119069
55.8203,1.56978,5.34774,,-0.127581
55.8403,1.3069,4.3103,,-0.134718
55.8603,1.03E+00,3.23758,,-0.140714
55.8803,0.744597,2.11431,,-0.145141
55.9003,0.450858,0.971183,,-0.148199
55.9203,0.152612,-0.17376,,-0.149742
55.9403,-0.147157,-1.31669,,-0.149798
55.9603,-0.445445,-2.45147,,-0.1483
55.9803,-0.739315,-3.56576,,-0.145459
56.0003,-1.02574,-4.63708,,-0.140991
56.0203,-1.30197,-5.64382,,-0.135266
56.0403,-1.56518,-6.60271,,-0.128086
56.0603,-1.81271,-7.4918,,-0.119653
56.0803,-2.04217,-8.29838,,-0.110073
56.1003,-2.25122,-9.01738,,-0.0993401
56.1203,-2.43778,-9.64609,,-0.0876685
56.1403,-2.59997,-10.1853,,-0.0750309
56.1603,-2.73613,-10.6182,,-0.0616989
56.1803,-2.84508,-10.9393,,-0.0478184
56.2003,-2.92549,-11.1533,,-0.03328
56.2203,-2.9767,-11.2676,,-0.0185846
56.2403,-2.99822,-11.2651,,-3.61E-03
56.2603,-2.98967,-11.1463,,0.0113703
56.2803,-2.95133,-10.926,,0.0262018
56.3003,-2.88348,-10.5973,,0.0408141
56.3203,-2.78684,-10.1613,,0.0550482
56.3403,-2.66232,-9.62382,,0.0686908
56.3603,-2.51122,-8.99517,,0.0816712
56.3803,-2.33502,-8.27842,,0.0937877
56.4003,-2.13552,-7.47316,,0.104974
56.4203,-1.91469,-6.58702,,0.115175
56.4403,-1.67472,-5.64016,,0.124142
56.4603,-1.41794,-4.62835,,0.131956
56.4803,-1.14707,-3.5674,,0.138411
56.5003,-0.864727,-2.46188,,0.143469
56.5203,-0.573735,-1.32936,,0.147051
56.5403,-0.277009,-0.181576,,0.149317
56.5603,0.0224824,0.967979,,0.149934
56.5803,0.321755,2.11033,,0.149108
56.6003,0.617812,3.22783,,0.146819
56.6203,0.90771,4.32141,,0.143045
56.6403,1.18852,5.36591,,0.13782
56.6603,1.45745,6.34971,,0.131248
56.6803,1.71181,7.2668,,0.12328
56.7003,1.94911,8.10726,,0.114223
56.7203,2.16689,8.86749,,0.103899
56.7403,2.36303,9.5301,,0.0926553
56.7603,2.53564,10.0982,,0.0803405
56.7803,2.68277,10.5718,,0.0673647
56.8003,2.80316,10.9401,,0.053671
56.8203,2.89557,11.1986,,0.039361
56.8403,2.95898,11.3479,,0.0246739
56.8603,2.9929,11.3919,,9.95E-03
56.8803,2.99694,11.3302,,-5.15E-03
56.9003,2.97093,11.152,,-0.0200881
56.9203,2.91523,10.8632,,-0.0348481
56.9403,2.8305,10.4771,,-0.0491499
56.9603,2.71745,9.98601,,-0.0630178
56.9803,2.57725,9.39727,,-0.0763673
57.0003,2.41133,8.71277,,-0.0888425
57.0203,2.2212,7.95095,,-0.10049
57.0403,2.009,7.10748,,-0.111067
57.0603,1.77666,6.17904,,-0.120587
57.0803,1.52659,5.18939,,-1.29E-01
57.1003,1.26126,4.14453,,-0.135899
57.1203,0.983348,3.05778,,-0.141539
57.1403,0.695626,1.93225,,-0.145736
57.1603,0.40094,0.782304,,-0.148549
57.1803,0.102238,-0.362686,,-0.149797
57.2003,-0.197502,-1.50692,,-0.149661
57.2203,-0.495237,-2.64475,,-0.147974
57.2403,-0.788048,-3.7468,,-0.144802
57.2603,-1.07299,-4.81675,,-0.140111
57.2803,-1.34719,-5.82082,,-0.134125
57.3003,-1.60794,-6.76635,,-0.126785
57.3203,-1.85265,-7.64142,,-0.118142
57.3403,-2.07881,-8.43364,,-0.10834
57.3603,-2.28424,-9.14454,,-0.0974273
57.3803,-2.46679,-9.75903,,-0.0855897
57.4003,-2.62469,-10.2773,,-0.0728244
57.4203,-2.75648,-10.6955,,-0.0594603
57.4403,-2.86059,-11.0038,,-0.0453371
57.4603,-2.9362,-11.2062,,-0.0308859
57.4803,-2.9824,-11.2894,,-0.0160676
57.5003,-2.99891,-11.2641,,-1.12E-03
57.5203,-2.98534,-11.1432,,0.0138334
57.5403,-2.94195,-10.9038,,0.0287662
57.5603,-2.86921,-10.5415,,0.043262
57.5803,-2.7678,-10.0944,,0.0573332
57.6003,-2.63877,-9.55391,,0.0709507
57.6203,-2.48336,-8.89905,,0.0837131
57.6403,-2.3031,-8.15693,,0.0957471
57.6603,-2.09983,-7.34338,,0.106764
57.6803,-1.8756,-6.45276,,0.116829
57.7003,-1.6326,-5.48612,,0.125567
57.7203,-1.3733,-4.46254,,0.133106
57.7403,-1.10033,-3.39293,,0.139345
57.7603,-0.81634,-2.28438,,0.144171
57.7803,-0.524172,-1.1431,,1.48E-01
57.8003,-0.226765,9.83E-03,,0.149497
57.8203,0.0728845,1.16577,,0.1499
57.8403,0.371836,2.30418,,0.148834
57.8603,0.667053,3.41352,,0.146255
57.8803,0.955609,4.5059,,0.142248
57.9003,1.23461,5.54201,,0.136863
57.9203,1.50132,6.51969,,0.129954
57.9403,1.75297,7.42515,,0.121897
57.9603,1.98712,8.26029,,0.112537
57.9803,2.20145,9.0031,,0.102102
58.0003,2.3938,9.64551,,0.0906108
58.0203,2.56215,10.2047,,0.0782593
58.0403,2.70488,10.663,,0.0650378
58.0603,2.82067,11.0134,,0.0513696
58.0803,2.90832,11.2461,,0.0368899
58.1003,2.96676,11.3839,,0.0222601
58.1203,2.99563,11.4227,,7.32E-03
58.1403,2.99455,11.3298,,-7.64E-03
58.1603,2.96361,11.1264,,-0.0225452
58.1803,2.90303,10.8288,,-0.0372476
58.2003,2.81343,10.4248,,-0.0515285
58.2203,2.69574,9.91675,,-0.0654034
58.2403,2.55108,9.30951,,-0.0784587
58.2603,2.38096,8.61428,,-0.0909065
58.2803,2.18703,7.82904,,-0.102338
58.3003,1.97129,6.97117,,-0.112725
58.3203,1.73581,6.03482,,-0.122077
58.3403,1.48298,5.03336,,-0.130109
58.3603,1.21538,3.97532,,-0.136968
58.3803,0.935609,2.87176,,-0.142306
58.4003,0.646502,1.75286,,-0.146353
58.4203,0.350903,0.602868,,-0.148885
58.4403,0.0518186,-0.551466,,-0.149914
58.4603,-0.247789,-1.70694,,-0.149447
58.4803,-0.544912,-2.83572,,-1.48E-01
58.5003,-0.83661,-3.9241,,-0.144087
58.5203,-1.11992,-4.98402,,-0.139221
58.5403,-1.39206,-5.99857,,-0.132968
58.5603,-1.65029,-6.93352,,-0.125465
58.5803,-1.89202,-7.78202,,-0.116546
58.6003,-2.11487,-8.57513,,-0.10659
58.6203,-2.31657,-9.27293,,-0.0955356
58.6403,-2.49509,-9.87055,,-0.0834367
58.6603,-2.64875,-10.3697,,-0.0707319
58.6803,-2.77596,-10.7731,,-0.057017
58.7003,-2.87535,-11.0662,,-0.042971
58.7203,-2.94606,-11.2446,,-0.0284343
58.7403,-2.9873,-11.3178,,-0.0136157
58.7603,-2.99881,-11.2808,,1.43E-03
58.7803,-2.98017,-11.1273,,0.0164474
58.8003,-2.93179,-10.8617,,0.0311937
58.8203,-2.85417,-10.5003,,0.045617
58.8403,-2.74805,-10.0386,,0.0596719
58.8603,-2.61446,-9.45932,,0.0731488
58.8803,-2.45473,-8.79951,,0.0858494
58.9003,-2.2705,-8.05015,,0.0976679
58.9203,-2.06356,-7.21483,,0.108566
58.9403,-1.83602,-6.301,,0.118324
58.9603,-1.59015,-5.32898,,0.126891
58.9803,-1.32835,-4.30285,,0.134221
59.0003,-1.05331,-3.21444,,0.140318
59.0203,-0.767731,-2.09725,,0.144799
59.0403,-0.474466,-0.95738,,0.148035
59.0603,-0.176475,0.19485,,0.14964
59.0803,0.123277,1.35995,,0.149846
59.1003,0.421785,2.50021,,0.148499
59.1203,0.716086,3.60537,,0.145687
59.1403,1.00324,4.68419,,0.141483
59.1603,1.28037,5.71665,,0.135744
59.1803,1.54467,6.69426,,1.29E-01
59.2003,1.7936,7.58764,,0.120408
59.2203,2.02459,8.3999,,0.110861
59.2403,2.23538,9.12756,,0.100251
59.2603,2.42375,9.76507,,0.0886148
59.2803,2.58797,10.3147,,0.0760239
59.3003,2.72628,10.7481,,0.0628376
59.3203,2.8374,11.072,,0.0488704
59.3403,2.92012,11.2998,,0.0345326
59.3603,2.97366,11.431,,0.0196512
59.3803,2.99755,11.4302,,4.98E-03
59.4003,2.99151,11.3203,,-0.0102632
59.4203,2.95542,11.1095,,-0.0250272
59.4403,2.88994,10.7959,,-0.0396339
59.4603,2.79555,10.3638,,-0.0539693
59.4803,2.6732,9.83541,,-0.0676205
59.5003,2.52417,9.22001,,-0.0806248
59.5203,2.34991,8.51063,,-0.0928702
59.5403,2.15221,7.71229,,-0.104121
59.5603,1.93296,6.83313,,-0.114416
59.5803,1.69442,5.88129,,-0.123507
59.6003,1.43892,4.86963,,-0.131359
59.6203,1.16908,3.80914,,-0.137974
59.6403,0.887535,2.69855,,-0.143081
59.6603,0.597151,1.55755,,-0.146872
59.6803,0.30076,0.41076,,-0.149139
59.7003,1.38E-03,-0.735112,,-0.149952
59.7203,-0.29801,-1.89402,,-0.149239
59.7403,-0.594416,-3.02381,,-0.147036
59.7603,-0.884911,-4.11467,,-0.143362
59.7803,-1.16655,-5.17375,,-0.138322
59.8003,-1.43654,-6.1622,,-0.131795
59.8203,-1.69218,-7.08792,,-0.12397
59.8403,-1.93087,-7.93705,,-0.114999
59.8603,-2.15032,-8.71127,,-0.104796
59.8803,-2.34825,-9.39468,,-0.0935093
59.9003,-2.52277,-9.97628,,-0.0814088
59.9203,-2.672,-10.4616,,-0.0684183
59.9403,-2.79462,-10.8518,,-0.0547513
59.9603,-2.88927,-11.1187,,-0.0405497
59.9803,-2.95506,-11.285,,-0.0258959
60.0003,-2.90994,-10.9761,,0.0973061