0.0203704,51.1631,67.7342,,45.1355
0.04039,150.484,79.5957,,49.7381
0.0604095,248.442,72.5248,,48.426
0.080429,343.861,68.5277,,46.9758
0.100449,435.846,65.6149,,45.0319
0.120224,523.485,63.1821,,42.6497
0.140243,605.89,61.0012,,39.832
0.160263,682.237,58.8889,,36.6161
0.180283,751.764,56.7842,,33.0312
0.200302,813.788,54.6044,,29.1317
0.220322,867.679,52.245,,24.9313
0.240341,912.909,49.6269,,20.48
0.260361,949.012,46.5745,,15.8186
0.28038,975.609,42.8054,,11.0069
0.3004,992.476,37.7051,,6.08885
0.320419,999.442,29.6085,,1.11749
0.340439,996.418,14.5776,,-3.88609
0.360214,983.435,-7.41283,,-8.85128
0.380234,960.604,-26.4586,,-13.7055
0.400253,928.199,-39.2044,,-18.4388
0.420273,886.508,-46.7505,,-22.9947
0.440292,835.957,-50.9522,,-27.3016
0.460312,777.057,-53.3319,,-31.3384
0.480331,710.396,-54.7596,,-35.079
0.500351,636.645,-55.6662,,-38.4546
0.52037,556.514,-56.2712,,-41.4539
0.54039,470.832,-56.6578,,-44.0265
0.560409,380.447,-56.8613,,-46.1793
0.580429,286.254,-56.9222,,-47.8503
0.600449,189.21,-56.858,,-49.0516
0.620224,90.2755,-56.6664,,-49.7663
0.640243,-9.56528,-56.3315,,-49.9815
0.660263,-109.309,-55.9122,,-49.6943
0.680283,-207.957,-55.3758,,-48.9114
0.700302,-304.535,-54.7136,,-47.6495
0.720322,-398.067,-53.9421,,-45.8927
0.740341,-487.62,-53.0501,,-43.694
0.760361,-572.302,-52.0296,,-41.0507
0.78038,-651.26,-50.8625,,-37.9941
0.8004,-723.722,-49.5334,,-34.569
0.820419,-788.932,-48.0236,,-30.785
0.840439,-846.278,-46.2834,,-26.7153
0.860214,-895.172,-44.2526,,-22.3571
0.880234,-935.116,-41.8139,,-17.7891
0.900253,-965.709,-38.7944,,-13.0216
0.920273,-986.661,-34.7992,,-8.14963
0.940292,-997.763,-28.8478,,-3.19346
0.960312,-998.889,-18.3427,,1.82149
0.980331,-990.033,-0.325008,,6.78958
1.00035,-971.271,18.4458,,11.6992
1.02037,-942.824,31.442,,16.4888
1.04039,-904.95,39.3127,,21.1187
1.06041,-858.031,43.8572,,25.5441
1.08043,-802.528,46.5811,,29.6982
1.10045,-739.021,48.3342,,33.568
1.12022,-668.129,49.5714,,37.0927
1.14024,-590.556,50.4948,,40.2541
1.16026,-507.087,51.1862,,43.0109
1.18028,-418.552,51.6893,,45.3352
1.2003,-325.838,52.0302,,47.2076
1.22032,-229.865,52.2344,,48.6155
1.24034,-131.59,52.3058,,49.5316
1.26036,-32.0057,52.2333,,49.9506
1.28038,67.8977,52.0391,,49.8732
1.3004,167.124,51.7246,,49.2986
1.32042,264.679,51.289,,48.229
1.34044,359.592,50.7224,,46.6872
1.36021,450.916,50.0305,,44.6618
1.38023,537.729,49.2048,,42.2005
1.40025,619.165,48.2279,,39.3185
1.42027,694.426,47.0889,,36.0353
1.44029,762.742,45.7693,,32.4052
1.46031,823.429,44.2373,,28.4312
1.48033,875.895,42.4417,,24.2046
1.50035,919.618,40.2918,,19.7023
1.52037,954.145,37.6612,,15.0286
1.54039,979.134,34.2635,,10.1855
1.56041,994.338,29.4891,,5.25499
1.58043,999.64,21.6486,,0.277676
1.60045,994.924,7.27903,,-4.72961
1.62022,980.27,-11.591,,-9.66314
1.64024,955.822,-26.2015,,-14.5213
1.66026,921.802,-35.2775,,-19.2285
1.68028,878.594,-40.5849,,-23.7281
1.7003,826.62,-43.7607,,-27.9915
1.72032,766.378,-45.7802,,-31.9999
1.74034,698.464,-47.1869,,-35.6705
1.76036,623.582,-48.2411,,-38.9864
1.78038,542.472,-49.0523,,-41.9093
1.8004,455.939,-49.6823,,-44.4271
1.82042,364.845,-50.1434,,-46.4837
1.84044,270.116,-50.4599,,-48.0908
1.86021,172.681,-50.641,,-49.2088
1.88023,73.5228,-50.6903,,-49.8359
1.90025,-26.3702,-50.6107,,-49.9672
1.92027,-125.999,-50.4048,,-49.5988
1.94029,-224.37,-50.0775,,-48.7337
1.96031,-320.495,-49.6313,,-47.3812
1.98033,-413.423,-49.0493,,-45.5598
2.00035,-502.223,-48.3326,,-43.2767
2.02037,-586.004,-47.4662,,-40.5694
2.04039,-663.928,-46.4551,,-37.4503
2.06041,-735.213,-45.2612,,-33.9507
2.08043,-799.153,-43.8668,,-30.121
2.10045,-855.106,-42.2377,,-25.9989
2.12022,-902.526,-40.2981,,-21.5972
2.14024,-940.913,-37.941,,-16.9905
2.16026,-969.91,-34.9715,,-12.216
2.18028,-989.208,-30.9706,,-7.32355
2.2003,-998.662,-24.8572,,-2.35408
2.22032,-998.094,-13.8694,,2.65367
2.24034,-987.558,3.75777,,7.63127
2.26036,-967.167,20.271,,12.5126
2.28038,-937.101,31.0391,,17.2759
2.3004,-897.687,37.4305,,21.8835
2.32042,-849.277,41.2049,,26.2555
2.34044,-792.408,43.5538,,30.3728
2.36021,-727.596,45.1472,,34.1867
2.38023,-655.518,46.3266,,37.6592
2.40025,-576.909,47.2267,,40.735
2.42027,-492.535,47.9399,,43.4352
2.44029,-403.231,48.4887,,45.6816
2.46031,-309.905,48.8827,,47.4777
2.48033,-213.474,49.1236,,48.805
2.50035,-114.913,49.2517,,49.6335
2.52037,-15.2036,49.2556,,49.9757
2.54039,84.6565,49.1186,,49.8111
2.56041,183.674,48.8673,,49.1557
2.58043,280.854,48.492,,48.0024
2.60045,375.223,47.9881,,46.3711
2.62022,465.846,47.3558,,44.2788
2.64024,551.817,46.5731,,41.7493
2.66026,632.273,45.6412,,38.7888
2.68028,706.413,44.5514,,35.4587
2.7003,773.494,43.2786,,31.7474
2.72032,832.845,41.7706,,27.7599
2.74034,883.885,39.9921,,23.4449
2.76036,926.065,37.8662,,18.9387
2.78038,959.022,35.225,,14.2141
2.8004,982.376,31.7671,,9.36598
2.82042,995.941,26.7989,,4.42524
2.84044,999.548,18.4474,,-0.565876
2.86021,993.147,3.46321,,-5.57102
2.88023,976.834,-14.3175,,-10.4931
2.90025,950.759,-27.1035,,-15.3188
2.92027,915.169,-34.8463,,-19.9881
2.94029,870.471,-39.3918,,-24.4687
2.96031,817.05,-42.1831,,-28.6885
2.98033,755.469,-44.0083,,-32.6425
3.00035,686.332,-45.3129,,-36.2676
3.02037,610.34,-46.3208,,-39.49
3.04039,528.277,-47.12,,-42.3674
3.06041,440.916,-47.7392,,-44.7986
3.08043,349.154,-48.2001,,-46.7906
3.10045,253.889,-48.5265,,-48.3125
3.12022,156.1,-48.7196,,-49.349
3.14024,56.7485,-48.7782,,-49.8928
3.16026,-43.1683,-48.7211,,-49.9386
3.18028,-142.654,-48.5435,,-49.4873
3.2003,-240.711,-48.2339,,-48.5397
3.22032,-336.379,-47.7996,,-47.1141
3.24034,-428.673,-47.2424,,-45.2053
3.26036,-516.685,-46.5426,,-42.8493
3.28038,-599.532,-45.6976,,-40.0679
3.3004,-676.391,-44.6895,,-36.8878
3.32042,-746.494,-43.5122,,-33.3339
3.34044,-809.13,-42.1287,,-29.4494
3.36021,-863.695,-40.5007,,-25.2699
3.38023,-909.62,-38.546,,-20.8447
3.40025,-946.461,-36.1592,,-16.2013
3.42027,-973.845,-33.1358,,-11.3925
3.44029,-991.498,-28.9753,,-6.48795
3.46031,-999.257,-22.4497,,-1.51392
3.48033,-997.024,-10.6054,,3.49134
3.50035,-984.826,6.99343,,8.44892
3.52037,-962.775,22.0022,,13.3381
3.54039,-931.126,31.4515,,18.0627
3.56041,-890.152,37.0194,,22.6347
3.58043,-840.308,40.3449,,26.9591
3.60045,-782.043,42.4797,,31.0455
3.62022,-715.971,43.9672,,34.7884
3.64024,-642.75,45.0756,,38.2052
3.66026,-563.1,45.9427,,41.2257
3.68028,-477.831,46.6363,,43.8399
3.7003,-387.798,47.1629,,46.0122
3.72032,-293.878,47.5371,,47.7405
3.74034,-197.022,47.7903,,48.9766
3.76036,-98.1992,47.9288,,49.7266
3.78038,1.60502,47.9129,,49.9812
3.8004,101.393,47.7805,,49.7355
3.82042,200.169,47.5427,,48.9942
3.84044,296.941,47.174,,47.7621
3.86021,390.746,46.6657,,46.0541
3.88023,480.657,46.0306,,43.8842
3.90025,565.757,45.2632,,41.2776
3.92027,645.202,44.3328,,38.2499
3.94029,718.204,43.2299,,34.8586
3.96031,784.038,41.9529,,31.1076
3.98033,842.018,40.441,,27.034
4.00035,891.597,38.6419,,22.7055
4.02037,932.255,36.4756,,18.1637
4.04039,963.623,33.7692,,13.4149
4.06041,985.352,30.1961,,8.54327
4.08043,997.247,24.9381,,3.58807
4.10045,999.167,15.834,,-1.42727
4.12022,991.09,0.117269,,-6.39334
4.14024,973.13,-16.7055,,-11.3052
4.16026,945.442,-28.142,,-16.1178
4.18028,908.298,-34.9805,,-20.7635
4.2003,862.089,-39.0222,,-25.1894
4.22032,807.249,-41.5387,,-29.3833
4.24034,744.364,-43.2238,,-33.267
4.26036,674.025,-44.4691,,-36.8336
4.28038,596.955,-45.4248,,-40.0129
4.3004,513.932,-46.1875,,-42.8032
4.32042,425.767,-46.7805,,-45.1705
4.34044,333.348,-47.2262,,-47.0772
4.36021,237.6,-47.5439,,-48.5178
4.38023,139.478,-47.7314,,-49.4764
4.40025,39.9609,-47.7763,,-49.9348
4.42027,-59.9546,-47.71,,-49.8999
4.44029,-159.27,-47.5342,,-49.36
4.46031,-256.996,-47.227,,-48.337
4.48033,-352.154,-46.7825,,-46.8206
4.50035,-443.797,-46.2159,,-44.8401
4.52037,-530.997,-45.5146,,-42.413
4.54039,-612.892,-44.6628,,-39.5582
4.56041,-688.684,-43.6503,,-36.325
4.58043,-757.583,-42.4602,,-32.6998
4.60045,-818.897,-41.0608,,-28.761
4.62022,-872.033,-39.4,,-24.5435
4.64024,-916.484,-37.4134,,-20.0889
4.66026,-951.749,-34.9776,,-15.3868
4.68028,-977.49,-31.8424,,-10.5792
4.7003,-993.498,-27.4632,,-5.65264
4.72032,-999.577,-20.3983,,-0.664394
4.74034,-995.657,-7.56489,,4.32289
4.76036,-981.799,9.89942,,9.27861
4.78038,-958.113,23.6269,,14.1403
4.8004,-924.863,32.0552,,18.8491
4.82042,-882.371,37.0147,,23.3785
4.84044,-831.079,40.0276,,27.6681
4.86021,-771.458,41.9873,,31.6913
4.88023,-704.137,43.3839,,35.3935
4.90025,-629.784,44.439,,38.7312
4.92027,-549.143,45.2676,,41.6992
4.94029,-463.007,45.9293,,44.2329
4.96031,-372.252,46.4387,,46.3438
4.98033,-277.773,46.7983,,47.9745
5.00035,-180.516,47.0329,,49.1399
5.02037,-81.4581,47.1526,,49.8054
5.04039,18.4126,47.1301,,49.975
5.06041,118.1,46.9941,,49.6461
5.08043,216.608,46.7487,,48.8207
5.10045,312.947,46.3576,,47.5051
5.12022,406.163,45.8452,,45.7232
5.14024,495.322,45.2044,,43.4752
5.16026,579.53,44.4243,,40.7931
5.18028,657.943,43.4855,,37.7092
5.2003,729.787,42.3698,,34.25
5.22032,794.351,41.0669,,30.4544
5.24034,850.979,39.5278,,26.3274
5.26036,899.075,37.7064,,21.9472
5.28038,938.201,35.4803,,17.3692
5.3004,967.955,32.6811,,12.6079
5.32042,988.045,28.9417,,7.70361
5.34044,998.258,23.3102,,2.75954
5.36021,998.509,13.3357,,-2.26389
5.38023,988.756,-3.02166,,-7.22829
5.40025,969.137,-18.868,,-12.1368
5.42027,939.84,-29.1832,,-16.8924
5.44029,901.153,-35.2967,,-21.5292
5.46031,853.441,-38.9483,,-25.9212
5.48033,797.226,-41.2522,,-30.0505
5.50035,733.043,-42.8348,,-33.893
5.52037,661.532,-44.0036,,-37.3724
5.54039,583.404,-44.9196,,-40.5285
5.56041,499.442,-45.6526,,-43.2345
5.58043,410.503,-46.2267,,-45.5202
5.60045,317.457,-46.6493,,-47.3544
5.62022,221.241,-46.9439,,-48.7164
5.64024,122.816,-47.1144,,-49.5868
5.66026,23.1613,-47.1538,,-49.9644
5.68028,-76.723,-47.0782,,-49.8429
5.7003,-175.84,-46.883,,-49.2227
5.72032,-273.203,-46.5627,,-48.1147
5.74034,-367.832,-46.111,,-46.5196
5.76036,-458.787,-45.5335,,-44.4647
5.78038,-545.164,-44.8162,,-41.9608
5.8004,-626.086,-43.9524,,-39.0395
5.82042,-700.762,-42.9204,,-35.7372
5.84044,-768.426,-41.7037,,-32.0577
5.86021,-828.408,-40.285,,-28.0781
5.88023,-880.122,-38.5955,,-23.8066
5.90025,-923.075,-36.5523,,-19.3117
5.92027,-956.746,-34.0386,,-14.5947
5.94029,-980.884,-30.776,,-9.76356
5.96031,-995.22,-26.1263,,-4.80462
5.98033,-999.618,-18.4176,,0.172393
6.00035,-994.026,-4.56415,,5.16137
6.02037,-978.497,12.5771,,10.1078
6.04039,-953.187,25.1257,,14.9349
6.06041,-918.364,32.7034,,19.627
6.08043,-874.354,37.1723,,24.123
6.10045,-821.597,39.9275,,28.3764
6.12022,-760.645,41.7567,,32.326
6.14024,-692.109,43.0724,,35.9722
6.16026,-616.658,44.0713,,39.2616
6.18028,-535.017,44.8676,,42.1548
6.2003,-448.049,45.5081,,44.6253
6.22032,-356.59,45.9878,,46.6489
6.24034,-261.586,46.3311,,48.204
6.26036,-163.961,46.5514,,49.2858
6.28038,-64.6946,46.6493,,49.8681
6.3004,35.2141,46.6138,,49.9539
6.32042,134.772,46.4693,,49.5424
6.34044,232.983,46.2027,,48.635
6.36021,328.868,45.799,,47.241
6.38023,421.469,45.2748,,45.3752
6.40025,509.856,44.6247,,43.0531
6.42027,593.147,43.8153,,40.3069
6.44029,670.51,42.8566,,37.1494
6.46031,741.173,41.7284,,33.6358
6.48033,804.441,40.3967,,29.7646
6.50035,859.663,38.8243,,25.6214
6.52037,906.293,36.9559,,21.1912
6.54039,943.87,34.6728,,16.5838
6.56041,972.021,31.7627,,11.7888
6.58043,990.456,27.825,,6.87098
6.60045,998.995,21.7411,,1.91071
6.62022,997.558,10.7762,,-3.09341
6.64024,986.148,-6.03105,,-8.06228
6.66026,964.884,-20.8414,,-12.945
6.68028,933.978,-30.1687,,-17.6972
6.7003,893.745,-35.6827,,-22.2704
6.72032,844.566,-39.0173,,-26.6466
6.74034,786.955,-41.1488,,-30.7158
6.76036,721.501,-42.6253,,-34.4999
6.78038,648.84,-43.7401,,-37.9331
6.8004,569.667,-44.6276,,-41.0075
6.82042,484.813,-45.3311,,-43.6496
6.84044,395.121,-45.8653,,-45.8596
6.86021,301.475,-46.2716,,-47.618
6.88023,204.819,-46.5635,,-48.8944
6.90025,106.12,-46.7078,,-49.684
6.92027,6.35538,-46.725,,-49.9818
6.94029,-93.4697,-46.6376,,-49.7721
6.96031,-192.362,-46.4318,,-49.0747
6.98033,-289.331,-46.0881,,-47.8748
7.00035,-383.406,-45.6178,,-46.2072
7.02037,-473.66,-45.0336,,-44.0748
7.04039,-559.174,-44.2984,,-41.4973
7.06041,-639.104,-43.4078,,-38.5158
7.08043,-712.647,-42.3558,,-35.1368
7.10045,-779.068,-41.1257,,-31.4086
7.12022,-837.694,-39.6718,,-27.3786
7.14024,-887.972,-37.93,,-23.0669
7.16026,-929.374,-35.8389,,-18.5207
7.18028,-961.472,-33.2446,,-13.7964
7.2003,-983.971,-29.8265,,-8.93095
7.22032,-996.651,-24.8461,,-3.98398
7.24034,-999.374,-16.3773,,1.02015
7.26036,-992.1,-1.55684,,5.99054
7.28038,-974.934,15.0375,,10.922
7.3004,-948.005,26.5059,,15.7519
7.32042,-911.582,33.3534,,20.3893
7.34044,-866.078,37.4081,,24.8599
7.36021,-811.922,39.9513,,29.05
7.38023,-749.649,41.6525,,32.9703
7.40025,-679.892,42.8943,,36.5489
7.42027,-603.324,43.8612,,39.7876
7.44029,-520.737,44.6262,,42.5981
7.46031,-432.956,45.2302,,44.9936
7.48033,-340.844,45.6926,,46.9422
7.50035,-245.323,46.0156,,48.4254
7.52037,-147.351,46.2163,,49.4144
7.54039,-47.9146,46.293,,49.9168
7.56041,52.0065,46.2484,,49.9201
7.58043,151.407,46.0819,,49.4228
7.60045,249.294,45.7916,,48.4318
7.62022,344.691,45.3797,,46.961
7.64024,436.646,44.8468,,45.0144
7.66026,524.237,44.1678,,42.6225
7.68028,606.579,43.3416,,39.7955
7.7003,682.874,42.3594,,36.591
7.72032,752.349,41.2103,,33.0062
7.74034,814.291,39.8516,,29.0812
7.76036,868.109,38.2378,,24.8968
7.78038,913.252,36.3138,,20.438
7.8004,949.283,33.9629,,15.7929
7.82042,975.81,30.9413,,10.9612
7.84044,992.588,26.7549,,6.04658
7.86021,999.476,20.1322,,1.07537
7.88023,996.342,8.11491,,-3.93966
7.90025,983.267,-8.87813,,-8.89019
7.92027,960.373,-22.6463,,-13.7537
7.94029,927.864,-31.116,,-18.4813
7.96031,886.091,-36.1053,,-23.0223
7.98033,835.461,-39.1501,,-27.3558
8.00035,776.484,-41.1411,,-31.3682
8.02037,709.78,-42.5398,,-35.1042
8.04039,635.949,-43.6012,,-38.49
8.06041,555.773,-44.4491,,-41.471
8.08043,470.047,-45.1225,,-44.0551
8.10045,379.624,-45.6438,,-46.1828
8.12022,285.415,-46.0261,,-47.8674
8.14024,188.341,-46.285,,-49.0631
8.16026,89.3902,-46.419,,-49.7709
8.18028,-10.4529,-46.4243,,-49.9799
8.2003,-110.191,-46.3171,,-49.6899
8.22032,-208.827,-46.0891,,-48.9054
8.24034,-305.38,-45.7258,,-47.6305
8.26036,-398.886,-45.2509,,-45.8825
8.28038,-488.398,-44.6415,,-43.6679
8.3004,-573.029,-43.882,,-41.0223
8.32042,-651.928,-42.9683,,-37.9681
8.34044,-724.328,-41.9017,,-34.5438
8.36021,-789.495,-40.6422,,-30.7591
8.38023,-846.76,-39.1447,,-26.6664
8.40025,-895.569,-37.3651,,-22.3144
8.42027,-935.427,-35.2099,,-17.7364
8.44029,-965.93,-32.512,,-12.9879
8.46031,-986.805,-28.9193,,-8.10327
8.48033,-997.805,-23.5655,,-3.15462
8.50035,-998.851,-14.2314,,1.87327
8.52037,-989.902,1.43863,,6.82833
8.54039,-971.066,17.307,,11.7442
8.56041,-942.517,27.7664,,16.5448
8.58043,-904.556,33.981,,21.146
8.60045,-857.565,37.6912,,25.5823
8.62022,-802.006,40.0265,,29.7301
8.64024,-738.431,41.6322,,33.5976
8.66026,-667.46,42.819,,37.1329
8.68028,-589.839,43.7442,,40.2723
8.7003,-506.33,44.4737,,43.0252
8.72032,-417.746,45.0539,,45.368
8.74034,-324.994,45.4951,,47.2211
8.76036,-228.998,45.8,,48.6227
8.78038,-130.711,45.979,,49.5361
8.8004,-31.1192,46.0306,,49.9526
8.82042,68.7836,45.9703,,49.8715
8.84044,168,45.7889,,49.2933
8.86021,265.539,45.4878,,48.2169
8.88023,360.422,45.0525,,46.6667
8.90025,451.702,44.4938,,44.6407
8.92027,538.48,43.7972,,42.1826
8.94029,619.864,42.9573,,39.2766
8.96031,695.058,41.9498,,36.0212
8.98033,763.312,40.7629,,32.3688
9.00035,823.936,39.3766,,28.3961
9.02037,876.325,37.7305,,24.1619
9.04039,919.971,35.7467,,19.6708
9.06041,954.401,33.3063,,14.9719
9.08043,979.314,30.1511,,10.152
9.10045,994.446,25.7063,,5.20921
9.12022,999.627,18.44,,0.229588
9.14024,994.823,5.33538,,-4.77398
9.16026,980.091,-11.5705,,-9.71486
9.18028,955.558,-24.285,,-14.5531
9.2003,921.484,-31.9859,,-19.2628
9.22032,878.18,-36.5331,,-23.7759
9.24034,826.111,-39.3354,,-28.0335
9.26036,765.795,-41.1916,,-32.0256
9.28038,697.837,-42.518,,-35.6997
9.3004,622.884,-43.5359,,-39.0187
9.32042,541.726,-44.3426,,-41.9358
9.34044,455.154,-44.9938,,-44.4416
9.36021,364.02,-45.4915,,-46.5067
9.38023,269.26,-45.8548,,-48.0987
9.40025,171.807,-46.0885,,-49.217
9.42027,72.6368,-46.2005,,-49.8401
9.44029,-27.258,-46.1949,,-49.9657
9.46031,-126.881,-46.0682,,-49.5935
9.48033,-225.236,-45.8159,,-48.723
9.50035,-321.338,-45.4435,,-47.3666
9.52037,-414.234,-44.9483,,-45.5449
9.54039,-502.991,-44.3154,,-43.2479
9.56041,-586.719,-43.5335,,-40.5512
9.58043,-664.587,-42.6086,,-37.4092
9.60045,-735.8,-41.5136,,-33.9176
9.62022,-799.665,-40.2078,,-30.0947
9.64024,-855.566,-38.6784,,-25.9599
9.66026,-902.897,-36.856,,-21.5466
9.68028,-941.215,-34.6323,,-16.9702
9.7003,-970.132,-31.8174,,-12.1668
9.72032,-989.357,-28.0157,,-7.28496
9.74034,-998.702,-22.2431,,-2.30389
9.76036,-998.058,-11.9263,,2.70689
9.78038,-987.421,4.39224,,7.66225
9.8004,-966.941,19.39,,12.56
9.82042,-936.771,28.9344,,17.3464
9.84044,-897.284,34.5841,,21.8988
9.86021,-848.805,37.9862,,26.3011
9.88023,-791.848,40.1576,,30.4068
9.90025,-726.982,41.6605,,34.2136
9.92027,-654.848,42.7958,,37.6874
9.94029,-576.186,43.6872,,40.7585
9.96031,-491.767,44.387,,43.4547
9.98033,-402.418,44.9431,,45.7048
10.0004,-309.058,45.3626,,47.4908
10.0204,-212.611,45.6407,,48.814
10.0404,-114.028,45.8061,,49.6405
10.0604,-14.3153,45.8438,,49.9741
10.0804,85.5424,45.7603,,49.809
10.1004,184.545,45.5619,,49.1423
10.1202,281.705,45.2354,,47.9955
10.1402,376.051,44.7844,,46.3555
10.1603,466.634,44.2092,,44.26
10.1803,552.555,43.4916,,41.7147
10.2003,632.962,42.6198,,38.7673
10.2203,707.038,41.5905,,35.4232
10.2403,774.059,40.383,,31.7219
10.2604,833.331,38.9543,,27.707
10.2804,884.289,37.2599,,23.4218
10.3004,926.415,35.2171,,18.8906
10.3204,959.278,32.6916,,14.1763
10.3404,982.547,29.3818,,9.32949
10.3602,996.009,24.6183,,4.36243
10.3802,999.534,16.6342,,-0.606559
10.4003,993.051,2.48266,,-5.61525
10.4203,976.64,-14.1,,-10.5306
10.4403,950.487,-25.7956,,-15.3533
10.4603,914.826,-32.7896,,-20.0456
10.4803,870.019,-36.9465,,-24.5026
10.5004,816.531,-39.5453,,-28.7256
10.5204,754.894,-41.281,,-32.6664
10.5404,685.7,-42.5405,,-36.2946
10.5604,609.645,-43.5155,,-39.5271
10.5804,527.522,-44.2981,,-42.3897
10.6004,440.119,-44.9173,,-44.8206
10.6202,348.312,-45.3903,,-46.8076
10.6402,253.033,-45.7322,,-48.322
10.6603,155.224,-45.9498,,-49.3544
10.6803,55.8637,-46.043,,-49.8954
10.7003,-44.0555,-46.015,,-49.9378
10.7203,-143.535,-45.8697,,-49.482
10.7403,-241.574,-45.6039,,-48.5278
10.7604,-337.207,-45.2121,,-47.0939
10.7804,-429.471,-44.6905,,-45.1871
10.8004,-517.446,-44.0343,,-42.8344
10.8204,-600.249,-43.2356,,-40.042
10.8404,-677.047,-42.2852,,-36.8532
10.8602,-747.087,-41.1618,,-33.2975
10.8802,-809.658,-39.8252,,-29.4201
10.9003,-864.143,-38.2547,,-25.2345
10.9203,-909.981,-36.3748,,-20.7861
10.9403,-946.753,-34.0745,,-16.1783
10.9603,-974.047,-31.1489,,-11.3412
10.9803,-991.607,-27.1187,,-6.44653
11.0004,-999.285,-20.8185,,-1.47598
11.0204,-996.959,-9.45498,,3.54986
11.0404,-984.665,7.24254,,8.49284
11.0604,-962.534,21.2962,,13.3734
11.0804,-930.797,30.0122,,18.1017
11.1004,-889.753,35.1471,,22.6787
11.1202,-839.808,38.2702,,27.0057
11.1402,-781.484,40.3134,,31.0711
11.1603,-715.36,41.7387,,34.8177
11.1803,-642.068,42.8097,,38.2337
11.2003,-562.37,43.6617,,41.2459
11.2203,-477.063,44.3511,,43.8621
11.2403,-386.98,44.8776,,46.0385
11.2604,-293.022,45.2578,,47.7536
11.2804,-196.147,45.5364,,48.9817
11.3004,-97.3163,45.6793,,49.7305
11.3204,2.49267,45.6869,,49.9822
11.3404,102.277,45.5818,,49.7327
11.3602,201.039,45.3767,,48.9828
11.3802,297.788,45.0372,,47.7475
11.4003,391.565,44.5519,,46.0374
11.4203,481.429,43.9527,,43.8606
11.4403,566.485,43.2234,,41.2568
11.4603,645.879,42.3357,,38.2264
11.4803,718.827,41.2683,,34.8258
11.5004,784.582,40.0272,,31.0638
11.5204,842.501,38.5655,,27.0038
11.5404,891.997,36.8321,,22.6812
11.5604,932.601,34.7188,,18.1083
11.5804,963.862,32.0824,,13.3589
11.6004,985.491,28.6069,,8.50725
11.6202,997.308,23.492,,3.54918
11.6402,999.135,14.6652,,-1.47629
11.6603,990.981,-0.440984,,-6.42997
11.6803,972.925,-16.4333,,-11.3546
11.7003,945.152,-27.1665,,-16.1685
11.7203,907.933,-33.5551,,-20.7898
11.7403,861.627,-37.3577,,-25.2386
11.7604,806.725,-39.7575,,-29.4094
11.7804,743.765,-41.3951,,-33.3154
11.8004,673.375,-42.5979,,-36.8375
11.8204,596.258,-43.529,,-40.0519
11.8404,513.169,-44.2773,,-42.8312
11.8602,424.968,-44.8857,,-45.1843
11.8802,332.51,-45.3322,,-47.0974
11.9003,236.738,-45.6449,,-48.5257
11.9203,138.599,-45.8428,,-49.4819
11.9403,39.0756,-45.9184,,-49.9385
11.9603,-60.8405,-45.8738,,-49.896
11.9803,-160.149,-45.7086,,-49.3571
12.0004,-257.856,-45.4209,,-48.3189
12.0204,-352.984,-45.0097,,-46.8113
12.0404,-444.595,-44.468,,-44.8186
12.0604,-531.746,-43.7998,,-42.3848
12.0804,-613.597,-42.9733,,-39.536
12.1004,-689.314,-41.988,,-36.2843
12.1202,-758.142,-40.8403,,-32.6642
12.1402,-819.398,-39.4724,,-28.739
12.1603,-872.467,-37.8616,,-24.5018
12.1803,-916.811,-35.9161,,-20.0288
12.2003,-952,-33.5357,,-15.3667
12.2203,-977.689,-30.4698,,-10.5387
12.2403,-993.592,-26.1831,,-5.6055
12.2604,-999.596,-19.2959,,-0.619218
12.2804,-995.563,-6.82326,,4.38039
12.3004,-981.614,9.98625,,9.31685
12.3204,-957.858,23.0421,,14.1779
12.3404,-924.529,30.994,,18.8888
12.3602,-881.95,35.6898,,23.4277
12.3802,-830.567,38.5793,,27.6984
12.4003,-770.886,40.4762,,31.7298
12.4203,-703.502,41.8281,,35.4166
12.4403,-629.103,42.8582,,38.759
12.4603,-548.396,43.6801,,41.7253
12.4803,-462.219,44.3379,,44.2554
12.5004,-371.422,44.8402,,46.3598
12.5204,-276.917,45.2025,,47.9879
12.5404,-179.643,45.451,,49.1445
12.5604,-80.5733,45.5845,,49.8099
12.5804,19.3,45.5707,,49.9741
12.6004,118.981,45.4498,,49.64
12.6202,217.473,45.2164,,48.8135
12.6402,313.791,44.8522,,47.4893
12.6603,406.971,44.3612,,45.705
12.6803,496.095,43.7418,,43.4554
12.7003,580.262,42.9833,,40.7776
12.7203,658.626,42.0587,,37.6743
12.7403,730.399,40.9783,,34.2133
12.7604,794.88,39.7114,,30.4076
12.7804,851.435,38.2036,,26.3036
12.8004,899.469,36.4081,,21.9101
12.8204,938.508,34.2354,,17.3213
12.8404,968.174,31.4975,,12.5625
12.8602,988.177,27.8172,,7.66541
12.8802,998.303,22.2852,,2.71785
12.9003,998.471,12.5251,,-2.31229
12.9203,988.632,-3.3569,,-7.26646
12.9403,968.942,-18.5979,,-12.1795
12.9603,939.528,-28.4313,,-16.9563
12.9803,900.76,-34.2499,,-21.559
13.0004,852.982,-37.7494,,-25.962
13.0204,796.673,-39.9903,,-30.0833
13.0404,732.433,-41.524,,-33.9139
13.0604,660.864,-42.6678,,-37.4171
13.0804,582.679,-43.5741,,-40.5476
13.1004,498.68,-44.2978,,-43.2543
13.1202,409.695,-44.8633,,-45.5387
13.1402,316.617,-45.2875,,-47.3714
13.1603,220.374,-45.5963,,-48.7254
13.1803,121.934,-45.7763,,-49.5916
13.2003,22.2747,-45.82,,-49.9655
13.2203,-77.6083,-45.7576,,-49.8417
13.2403,-176.714,-45.575,,-49.2129
13.2604,-274.057,-45.2649,,-48.1019
13.2804,-368.657,-44.8403,,-46.5018
13.3004,-459.576,-44.282,,-44.4496
13.3204,-545.906,-43.5789,,-41.9325
13.3404,-626.774,-42.723,,-39.0112
13.3602,-701.383,-41.7369,,-35.7039
13.3802,-768.989,-40.543,,-32.0337
13.4003,-828.922,-39.1332,,-28.0432
13.4203,-880.553,-37.4789,,-23.7617
13.4403,-923.384,-35.4794,,-19.2601
13.4603,-957.014,-33.0082,,-14.568
13.4803,-981.067,-29.7835,,-9.71028
13.5004,-995.305,-25.2061,,-4.76819
13.5204,-999.629,-17.6225,,0.216614
13.5404,-993.929,-4.05813,,5.21512
13.5604,-978.315,12.5738,,10.1418
13.5804,-952.926,24.6411,,14.9774
13.6004,-918.028,31.9029,,19.6721
13.6202,-873.93,36.1995,,24.1597
13.6402,-821.103,38.8716,,28.4018
13.6603,-760.081,40.6513,,32.3773
13.6803,-691.461,41.9378,,35.9978
13.7003,-615.958,42.925,,39.2905
13.7203,-534.267,43.7163,,42.181
13.7403,-447.251,44.3465,,44.642
13.7604,-355.763,44.8201,,46.6659
13.7804,-260.72,45.1692,,48.2202
13.8004,-163.084,45.403,,49.2871
13.8204,-63.8116,45.501,,49.8728
13.8404,36.1019,45.4719,,49.9527
13.8602,135.652,45.3407,,49.5366
13.8802,233.844,45.086,,48.621
13.9003,329.706,44.6937,,47.2283
13.9203,422.275,44.1825,,45.3524
13.9403,510.611,43.5538,,43.0348
13.9603,593.861,42.7629,,40.2782
13.9803,671.17,41.8109,,37.124
14.0004,741.768,40.707,,33.5992
14.0204,804.968,39.3992,,29.7334
14.0404,860.105,37.8527,,25.5805
14.0604,906.675,36.0064,,21.158
14.0804,944.159,33.7566,,16.534
14.1004,972.233,30.8922,,11.7469
14.1202,990.573,26.9967,,6.8293
14.1402,999.039,20.9883,,1.87523
14.1603,997.507,10.1914,,-3.15248
14.1803,986.007,-6.22486,,-8.09642
14.2003,964.653,-20.5884,,-12.9903
14.2203,933.65,-29.5824,,-17.7479
14.2403,893.341,-34.9042,,-22.309
14.2604,844.1,-38.1317,,-26.6654
14.2804,786.433,-40.21,,-30.7503
14.3004,720.894,-41.6601,,-34.5456
14.3204,648.159,-42.7691,,-37.9682
14.3404,568.934,-43.6354,,-41.0301
14.3602,484.03,-44.3249,,-43.6684
14.3802,394.301,-44.8629,,-45.8775
14.4003,300.627,-45.2772,,-47.6327
14.4203,203.947,-45.5598,,-48.9019
14.4403,105.236,-45.7099,,-49.6892
14.4603,5.46827,-45.7425,,-49.9807
14.4803,-94.3545,-45.6656,,-49.77
14.5004,-193.23,-45.4618,,-49.0573
14.5204,-290.177,-45.1283,,-47.8719
14.5404,-384.229,-44.6792,,-46.186
14.5604,-474.437,-44.1042,,-44.0552
14.5804,-559.912,-43.3806,,-41.4715
14.6004,-639.779,-42.5058,,-38.491
14.6202,-713.28,-41.475,,-35.1063
14.6402,-779.63,-40.2549,,-31.3745
14.6603,-838.188,-38.8185,,-27.3437
14.6803,-888.377,-37.1071,,-23.0208
14.7003,-929.705,-35.0378,,-18.4863
14.7203,-961.721,-32.4687,,-13.7501
14.7403,-984.146,-29.085,,-8.89161
14.7604,-996.728,-24.1665,,-3.93157
14.7804,-999.354,-15.7917,,1.06085
14.8004,-991.988,-1.20602,,6.05245
14.8204,-974.716,14.9945,,10.952
14.8404,-947.719,26.1048,,15.7827
14.8602,-911.225,32.7358,,20.4457
14.8802,-865.636,36.6787,,24.8879
14.9003,-811.393,39.1594,,29.092
14.9203,-749.063,40.8316,,32.9958
14.9403,-679.235,42.0549,,36.5971
14.9603,-602.606,43.0096,,39.7991
14.9803,-519.986,43.7682,,42.6214
15.0004,-432.155,44.3626,,45.0154
15.0204,-340.008,44.8247,,46.9546
15.0404,-244.466,45.1579,,48.4356
15.0604,-146.478,45.3583,,49.424
15.0804,-47.0273,45.438,,49.9199
15.1004,52.8929,45.3938,,49.9172
15.1202,152.284,45.2429,,49.4184
15.1402,250.156,44.9688,,48.4205
15.1603,345.525,44.5591,,46.944
15.1803,437.439,44.0205,,44.9932
15.2003,524.992,43.3642,,42.601
15.2203,607.296,42.5633,,39.7774
15.2403,683.529,41.5849,,36.5539
15.2604,752.927,40.4393,,32.9669
15.2804,814.814,39.1037,,29.0648
15.3004,868.561,37.5178,,24.8505
15.3204,913.611,35.6038,,20.3918
15.3404,949.545,33.2744,,15.7357
15.3602,975.988,30.2835,,10.9278
15.3802,992.682,26.1424,,6.00155
15.4003,999.485,19.5668,,1.02889
15.4203,996.274,7.68233,,-3.97851
15.4403,983.101,-9.00086,,-8.93295
15.4603,960.116,-22.4171,,-13.7978
15.4803,927.508,-30.6484,,-18.5332
15.5004,885.675,-35.5135,,-23.0543
15.5204,834.968,-38.4889,,-27.3856
15.5404,775.933,-40.4352,,-31.4052
15.5604,709.151,-41.8179,,-35.1343
15.5804,635.255,-42.8685,,-38.5178
15.6004,555.039,-43.701,,-41.4946
15.6202,469.263,-44.3717,,-44.0773
15.6402,378.802,-44.8895,,-46.2049
15.6603,284.557,-45.2786,,-47.8757
15.6803,187.468,-45.5367,,-49.0734
15.7003,88.5055,-45.669,,-49.7741
15.7203,-11.3409,-45.6861,,-49.9795
15.7403,-111.073,-45.5865,,-49.6848
15.7604,-209.7,-45.3627,,-48.9002
15.7804,-306.226,-45.0132,,-47.6114
15.8004,-399.691,-44.5425,,-45.8646
15.8204,-489.173,-43.9395,,-43.6494
15.8404,-573.757,-43.1886,,-41.0028
15.8602,-652.609,-42.2988,,-37.9311
15.8802,-724.945,-41.2384,,-34.5162
15.9003,-790.03,-39.9805,,-30.7112
15.9203,-847.235,-38.5047,,-26.6437
15.9403,-895.976,-36.7437,,-22.2796
15.9603,-935.746,-34.6097,,-17.6832
15.9803,-966.164,-31.9289,,-12.9504
16.0004,-986.963,-28.3587,,-8.06426
16.0204,-997.874,-23.0527,,-3.09902
16.0404,-998.824,-13.782,,1.90104
16.0604,-989.79,1.67893,,6.8824
16.0804,-970.851,17.2446,,11.7943
16.1004,-942.223,27.4522,,16.5692
16.1202,-904.182,33.5023,,21.2062
16.1402,-857.105,37.1282,,25.6152
16.1603,-801.479,39.4412,,29.762
16.1803,-737.827,41.0155,,33.6387
16.2003,-666.788,42.186,,37.1675
16.2203,-589.121,43.0965,,40.2914
16.2403,-505.555,43.8275,,43.0541
16.2604,-416.939,44.4068,,45.3749
16.2804,-324.156,44.8409,,47.2383
16.3004,-228.129,45.1456,,48.6342
16.3204,-129.833,45.3303,,49.5411
16.3404,-30.2318,45.3948,,49.9542
16.3602,69.6689,45.333,,49.8676
16.3802,168.874,45.1565,,49.2832
16.4003,266.389,44.8579,,48.2097
16.4203,361.248,44.4383,,46.6486
16.4403,452.494,43.8814,,44.6195
16.4603,539.221,43.1949,,42.1535
16.4803,620.56,42.3606,,39.2693
16.5004,695.702,41.3667,,35.975
16.5204,763.876,40.1893,,32.3248
16.5404,824.431,38.8137,,28.3828
16.5604,876.758,37.1823,,24.1059
16.5804,920.282,35.2136,,19.6231
16.6004,954.667,32.7859,,14.9463
16.6202,979.494,29.6542,,10.1038
16.6402,994.532,25.2313,,5.17045
16.6603,999.638,18.0168,,0.176832
16.6803,994.749,5.02127,,-4.8128
16.7003,979.921,-11.6454,,-9.76109
16.7203,955.289,-24.0963,,-14.5994
16.7403,921.119,-31.6215,,-19.2943
16.7604,877.763,-36.0718,,-23.8123
16.7804,825.61,-38.8311,,-28.0759
16.8004,765.229,-40.6616,,-32.0656
16.8204,697.194,-41.9721,,-35.7323
16.8404,622.178,-42.974,,-39.0419
16.8602,540.976,-43.786,,-41.9579
16.8802,454.351,-44.4319,,-44.4653
16.9003,363.196,-44.9179,,-46.52
16.9203,268.404,-45.2853,,-48.1116
16.9403,170.932,-45.5275,,-49.2237
16.9603,71.7506,-45.6444,,-49.8426
16.9803,-28.1455,-45.631,,-49.9653
17.0004,-127.762,-45.5177,,-49.5865
17.0204,-226.103,-45.2787,,-48.7164
17.0404,-322.181,-44.9001,,-47.3531
17.0604,-415.04,-44.4112,,-45.5187
17.0804,-503.762,-43.7908,,-43.2396
17.1004,-587.436,-43.0142,,-40.5098
17.1202,-665.259,-42.0931,,-37.3939
17.1402,-736.406,-41.0053,,-33.8796
17.1603,-800.212,-39.7226,,-30.0632
17.1803,-856.031,-38.1957,,-25.9156
17.2003,-903.29,-36.3796,,-21.5325
17.2203,-941.528,-34.1694,,-16.9034
17.2403,-970.348,-31.3775,,-12.1274
17.2604,-989.485,-27.5996,,-7.22939
17.2804,-998.724,-21.8369,,-2.26223
17.3004,-997.996,-11.5791,,2.74098
17.3204,-987.298,4.56471,,7.70759
17.3404,-966.72,19.3254,,12.604
17.3602,-936.493,28.6828,,17.3623
17.3802,-896.902,34.2098,,21.9715
17.4003,-848.35,37.556,,26.3274
17.4203,-791.309,39.7116,,30.4499
17.4403,-726.369,41.2016,,34.243
17.4603,-654.182,42.3164,,37.7135
17.4803,-575.461,43.1949,,40.7931
17.5004,-490.993,43.9043,,43.4742
17.5204,-401.605,44.4564,,45.7208
17.5404,-308.209,44.8653,,47.5064
17.5604,-211.738,45.1512,,48.8239
17.5804,-113.145,45.3179,,49.6444
17.6004,-13.4277,45.3564,,49.9751
17.6202,86.4277,45.2775,,49.8062
17.6402,185.419,45.0862,,49.1371
17.6603,282.555,44.7628,,47.975
17.6803,376.866,44.3167,,46.3432
17.7003,467.418,43.7469,,44.2359
17.7203,553.297,43.0354,,41.6981
17.7403,633.65,42.1708,,38.7363
17.7604,707.671,41.1511,,35.389
17.7804,774.618,39.9492,,31.6906
17.8004,833.828,38.5284,,27.6689
17.8204,884.711,36.8456,,23.3853
17.8404,926.739,34.8165,,18.8452
17.8602,959.523,32.2972,,14.1321
17.8802,982.706,28.9968,,9.27596
17.9003,996.076,24.2562,,4.335
17.9203,999.522,16.297,,-0.654022
17.9403,992.948,2.22632,,-5.65492
17.9603,976.453,-14.1408,,-10.5765
17.9803,950.21,-25.6346,,-15.4059
18.0004,914.477,-32.509,,-20.0702
18.0204,869.592,-36.6058,,-24.5493
18.0404,816.023,-39.172,,-28.7632
18.0604,754.301,-40.8797,,-32.7105
18.0804,685.051,-42.1257,,-36.2968
18.1004,608.962,-43.1,,-39.5748
18.1202,526.767,-43.8808,,-42.4105
18.1402,439.32,-44.4926,,-44.8422
18.1603,347.479,-44.9604,,-46.8173
18.1803,252.182,-45.3083,,-48.3337
18.2003,154.346,-45.5309,,-49.3642
18.2203,54.9771,-45.621,,-49.8988
18.2403,-44.9424,-45.5905,,-49.9348
18.2604,-144.413,-45.4619,,-49.477
18.2804,-242.446,-45.1924,,-48.5196
18.3004,-338.044,-44.8039,,-47.0764
18.3204,-430.269,-44.2892,,-45.1657
18.3404,-518.197,-43.6412,,-42.8047
18.3602,-600.952,-42.8468,,-40.0209
18.3802,-677.697,-41.8955,,-36.823
18.4003,-747.669,-40.7762,,-33.276
18.4203,-810.18,-39.4582,,-29.373
18.4403,-864.595,-37.892,,-25.2
18.4603,-910.377,-36.0194,,-20.7661
18.4803,-947.042,-33.728,,-16.1089
18.5004,-974.241,-30.8059,,-11.306
18.5204,-991.723,-26.7971,,-6.40428
18.5404,-999.302,-20.505,,-1.41021
18.5604,-996.874,-9.17627,,3.57576
18.5804,-984.516,7.38058,,8.52933
18.6004,-962.302,21.235,,13.4189
18.6202,-930.472,29.8086,,18.1508
18.6402,-889.337,34.8722,,22.7257
18.6603,-839.309,37.9621,,27.0408
18.6803,-780.924,39.9745,,31.0947
18.7003,-714.733,41.3869,,34.8543
18.7203,-641.401,42.4554,,38.2505
18.7403,-561.642,43.3024,,41.2822
18.7604,-476.283,43.9843,,43.8842
18.7804,-386.153,44.5093,,46.0587
18.8004,-292.174,44.8961,,47.7587
18.8204,-195.28,45.1649,,48.9938
18.8404,-96.4314,45.3108,,49.735
18.8602,3.38033,45.3283,,49.9817
18.8802,103.159,45.2258,,49.7285
18.9003,201.907,45.0153,,48.9743
18.9203,298.636,44.6765,,47.74
18.9403,392.386,44.2068,,46.0163
18.9603,482.211,43.6154,,43.8411
18.9803,567.217,42.8791,,41.225
19.0004,646.564,41.9926,,38.2048
19.0204,719.431,40.9421,,34.7775
19.0404,785.117,39.7084,,31.0462
19.0604,842.985,38.2518,,26.9591
19.0804,892.392,36.516,,22.6298
19.1004,932.9,34.4117,,18.0752
19.1202,964.094,31.7902,,13.3359
19.1402,985.655,28.3203,,8.44476
19.1603,997.366,23.2078,,3.50782
19.1803,999.11,14.3942,,-1.51249
19.2003,990.866,-0.638125,,-6.48916
19.2203,972.707,-16.4594,,-11.4012
19.2403,944.862,-27.0432,,-16.1787
19.2604,907.554,-33.3413,,-20.8556
19.2804,861.178,-37.0968,,-25.2751
19.3004,806.199,-39.4754,,-29.4442
19.3204,743.17,-41.102,,-33.3375
19.3404,672.723,-42.29,,-36.8747
19.3602,595.542,-43.2198,,-40.0812
19.3802,512.409,-43.9709,,-42.8517
19.4003,424.161,-44.5596,,-45.2036
19.4203,331.673,-45.0126,,-47.113
19.4403,235.876,-45.3244,,-48.5358
19.4603,137.719,-45.5333,,-49.4869
19.4803,38.1889,-45.6062,,-49.9411
19.5004,-61.7262,-45.5571,,-49.8941
19.5204,-161.024,-45.4016,,-49.3471
19.5404,-258.709,-45.1152,,-48.3104
19.5604,-353.816,-44.7104,,-46.7946
19.5804,-445.389,-44.1684,,-44.8014
19.6004,-532.508,-43.4915,,-42.3664
19.6202,-614.303,-42.6886,,-39.507
19.6402,-689.962,-41.7106,,-36.2531
19.6603,-758.72,-40.5491,,-32.6266
19.6803,-819.904,-39.1941,,-28.7064
19.7003,-872.901,-37.5863,,-24.4528
19.7203,-917.174,-35.6516,,-19.9964
19.7403,-952.281,-33.2683,,-15.3245
19.7604,-977.874,-30.2144,,-10.4866
19.7804,-993.685,-25.9403,,-5.56581
19.8004,-999.605,-19.0387,,-0.581604
19.8204,-995.49,-6.59159,,4.42506
19.8404,-981.464,10.0925,,9.35718
19.8602,-957.61,22.9887,,14.2243
19.8802,-924.181,30.8471,,18.9389
19.9003,-881.535,35.4876,,23.452
19.9203,-830.075,38.3414,,27.749
19.9403,-770.319,40.2262,,31.7574
19.9603,-702.88,41.5764,,35.4454
19.9803,-628.416,42.5977,,38.7927
20.0004,-547.652,43.4064,,41.7465
20.0204,-461.43,44.0643,,44.2852
20.0404,-370.598,44.5705,,46.3646
20.0604,-276.06,44.9392,,48.0096
20.0804,-178.768,45.1778,,49.1493
20.1004,-79.6882,45.3041,,49.8132
20.1202,20.1876,45.3069,,49.9727
20.1402,119.863,45.1888,,49.6354
20.1603,218.338,44.9545,,48.8021
20.1803,314.638,44.5902,,47.4829
20.2003,407.787,44.1016,,45.6812
20.2203,496.866,43.4911,,43.4326
20.2403,580.974,42.73,,40.7398
20.2604,659.276,41.8171,,37.6567
20.2804,731.005,40.7338,,34.1791
20.3004,795.423,39.4622,,30.3728
20.3204,851.888,37.9692,,26.2621
20.3404,899.853,36.1781,,21.8742
20.3602,938.811,34.0056,,17.287
20.3802,968.4,31.2692,,12.5189
20.4003,988.317,27.5963,,7.61947
20.4203,998.358,22.067,,2.66308
20.4403,998.426,12.2965,,-2.34963
20.4603,988.495,-3.51785,,-7.32086
20.4803,968.698,-18.6186,,-12.2119
20.5004,939.243,-28.3375,,-16.9885
20.5204,900.387,-34.097,,-21.6032
20.5404,852.527,-37.5611,,-25.9968
20.5604,796.149,-39.7804,,-30.1317
20.5804,731.823,-41.3121,,-33.9439
20.6004,660.2,-42.4492,,-37.45
20.6202,581.954,-43.3482,,-40.5675
20.6402,497.904,-44.0655,,-43.2798
20.6603,408.879,-44.635,,-45.5574
20.6803,315.776,-45.0597,,-47.3786
20.7003,219.513,-45.3598,,-48.7368
20.7203,121.052,-45.5443,,-49.5977
20.7403,21.3874,-45.5918,,-49.9669
20.7604,-78.4929,-45.5308,,-49.8368
20.7804,-177.589,-45.3512,,-49.2098
20.8004,-274.91,-45.0437,,-48.0874
20.8204,-369.487,-44.6192,,-46.4901
20.8404,-460.371,-44.0598,,-44.4202
20.8602,-546.647,-43.3631,,-41.9152
20.8802,-627.464,-42.5194,,-38.9861
20.9003,-702.022,-41.5131,,-35.665
20.9203,-769.563,-40.3332,,-32.0066
20.9403,-829.414,-38.9363,,-27.998
20.9603,-880.969,-37.2798,,-23.7237
20.9803,-923.734,-35.2764,,-19.2216
21.0004,-957.251,-32.8026,,-14.5149
21.0204,-981.218,-29.5972,,-9.67131
21.0404,-995.375,-25.0183,,-4.72299
21.0604,-999.608,-17.419,,0.256509
21.0804,-993.842,-3.86651,,5.24455
21.1004,-978.14,12.6577,,10.2013
21.1202,-952.647,24.6088,,15.0249
21.1402,-917.645,31.796,,19.7026
21.1603,-873.489,36.0578,,24.2077
21.1803,-820.588,38.7047,,28.4403
21.2003,-759.494,40.4698,,32.4004
21.2203,-690.829,41.7529,,36.0371
21.2403,-615.239,42.7372,,39.3117
21.2604,-533.521,43.5225,,42.2021
21.2804,-446.455,44.1481,,44.6646
21.3004,-354.939,44.6259,,46.6775
21.3204,-259.873,44.976,,48.231
21.3404,-162.206,45.1991,,49.2991
21.3602,-62.9236,45.3082,,49.8738
21.3802,36.9887,45.2828,,49.9521
21.4003,136.531,45.1468,,49.5312
21.4203,234.711,44.8942,,48.6094
21.4403,330.542,44.5125,,47.2141
21.4603,423.078,44.0049,,45.3358
21.4803,511.372,43.3626,,43.0097
21.5004,594.574,42.5788,,40.2504
21.5204,671.82,41.6409,,37.0956
21.5404,742.361,40.5278,,33.5636
21.5604,805.488,39.2278,,29.6985
21.5804,860.56,37.6831,,25.5426
21.6004,907.043,35.8376,,21.1232
21.6202,944.47,33.5843,,16.5002
21.6402,972.432,30.7292,,11.6884
21.6603,990.689,26.8301,,6.78949
21.6803,999.057,20.8071,,1.82214
21.7003,997.441,10.002,,-3.18647
21.7203,985.85,-6.35818,,-8.1502
21.7403,964.422,-20.6137,,-13.0173
21.7604,933.358,-29.5277,,-17.7813
21.7804,892.953,-34.7899,,-22.3591
21.8004,843.633,-37.9957,,-26.7086
21.8204,785.875,-40.0755,,-30.7827
21.8404,720.28,-41.5165,,-34.5813
21.8602,647.469,-42.6068,,-37.997
21.8802,568.208,-43.4745,,-41.047
21.9003,483.265,-44.1663,,-43.6913
21.9203,393.489,-44.7039,,-45.9024
21.9403,299.779,-45.1099,,-47.6417
21.9603,203.079,-45.4006,,-48.9143
21.9803,104.351,-45.5535,,-49.6946
22.0004,4.57973,-45.5798,,-49.9799
22.0204,-95.2381,-45.503,,-49.7661
22.0404,-194.106,-45.3042,,-49.053
22.0604,-291.03,-44.9818,,-47.8528
22.0804,-385.053,-44.5242,,-46.1747
22.1004,-475.219,-43.9461,,-44.0282
22.1202,-560.648,-43.2244,,-41.4529
22.1402,-640.465,-42.3549,,-38.4502
22.1603,-713.891,-41.3306,,-35.0793
22.1803,-780.181,-40.1066,,-31.342
22.2003,-838.681,-38.6662,,-27.3106
22.2203,-888.786,-36.9616,,-22.9734
22.2403,-930.001,-34.8978,,-18.4504
22.2604,-961.972,-32.3324,,-13.7058
22.2804,-984.288,-28.943,,-8.84775
22.3004,-996.796,-24.0116,,-3.89476
22.3204,-999.333,-15.6207,,1.11003
22.3404,-991.881,-1.04581,,6.091
22.3602,-974.518,15.0723,,11.0094
22.3802,-947.416,26.0951,,15.8365
22.4003,-910.833,32.6626,,20.466
22.4203,-865.182,36.5844,,24.9325
22.4403,-810.872,39.0478,,29.1223
22.4603,-748.465,40.713,,33.0306
22.4803,-678.589,41.9284,,36.6276
22.5004,-601.892,42.8764,,39.8246
22.5204,-519.227,43.6362,,42.6447
22.5404,-431.36,44.2316,,45.0316
22.5604,-339.18,44.69,,46.9729
22.5804,-243.602,45.0231,,48.4465
22.6004,-145.599,45.2264,,49.4312
22.6202,-46.1408,45.3072,,49.921
22.6402,53.7798,45.2663,,49.9154
22.6603,153.162,45.1131,,49.4098
22.6803,251.015,44.8398,,48.4097
22.7003,346.357,44.4284,,46.9307
22.7203,438.244,43.9074,,44.9773
22.7403,525.746,43.2419,,42.576
22.7604,608.001,42.4332,,39.7465
22.7804,684.178,41.467,,36.5281
22.8004,753.513,40.3227,,32.9407
22.8204,815.335,38.9826,,29.0053
22.8404,868.979,37.3966,,24.8184
22.8602,913.983,35.4934,,20.3631
22.8802,949.831,33.1591,,15.6936
22.9003,976.187,30.1573,,10.8833
22.9203,992.807,26.0157,,5.9591
22.9403,999.499,19.4287,,0.976379
22.9603,996.194,7.51571,,-4.01837
22.9803,982.943,-9.11539,,-8.97838
23.0004,959.863,-22.4474,,-13.836
23.0204,927.212,-30.6127,,-18.5641
23.0404,885.264,-35.4434,,-23.0983
23.0604,834.497,-38.4046,,-27.4228
23.0804,775.377,-40.3471,,-31.4497
23.1004,708.517,-41.7194,,-35.1706
23.1202,634.549,-42.7688,,-38.5464
23.1402,554.299,-43.596,,-41.5152
23.1603,468.477,-44.2646,,-44.0992
23.1803,377.98,-44.7887,,-46.2188
23.2003,283.705,-45.1693,,-47.8927
23.2203,186.597,-45.4305,,-49.0804
23.2403,87.6199,-45.5627,,-49.7764
23.2604,-12.2284,-45.5806,,-49.9794
23.2804,-111.955,-45.4837,,-49.6804
23.3004,-210.561,-45.2567,,-48.8846
23.3204,-307.068,-44.9052,,-47.6061
23.3404,-400.505,-44.4399,,-45.8422
23.3602,-489.942,-43.845,,-43.6309
23.3802,-574.485,-43.0911,,-40.9745
23.4003,-653.279,-42.1898,,-37.9118
23.4203,-725.55,-41.1352,,-34.4667
23.4403,-790.571,-39.8881,,-30.6878
23.4603,-847.693,-38.4041,,-26.5938
23.4803,-896.346,-36.6471,,-22.221
23.5004,-936.045,-34.5059,,-17.68
23.5204,-966.394,-31.8299,,-12.8915
23.5404,-987.086,-28.2505,,-8.02677
23.5604,-997.914,-22.9307,,-3.04541
23.5804,-998.77,-13.6372,,1.94163
23.6004,-989.652,1.8372,,6.9246
23.6202,-970.639,17.3178,,11.8267
23.6402,-941.936,27.455,,16.616
23.6603,-903.802,33.465,,21.2466
23.6803,-856.657,37.0738,,25.6523
23.7003,-800.944,39.3729,,29.8013
23.7203,-737.223,40.9442,,33.6706
23.7403,-666.135,42.106,,37.1893
23.7604,-588.398,43.0161,,40.3226
23.7804,-504.794,43.7444,,43.0756
23.8004,-416.135,44.3247,,45.397
23.8204,-323.313,44.7549,,47.253
23.8404,-227.268,45.066,,48.6425
23.8602,-128.95,45.2531,,49.5479
23.8802,-29.3451,45.3117,,49.9562
23.9003,70.5553,45.2446,,49.8657
23.9203,169.747,45.0798,,49.2718
23.9403,267.247,44.7849,,48.1991
23.9603,362.075,44.3504,,46.6348
23.9803,453.287,43.8016,,44.6013
24.0004,539.968,43.1233,,42.1284
24.0204,621.244,42.284,,39.2333
24.0404,696.341,41.2815,,35.9524
24.0604,764.45,40.1178,,32.2901
24.0804,824.946,38.743,,28.3414
24.1004,877.188,37.102,,24.0848
24.1202,920.674,35.1325,,19.5802
24.1402,954.935,32.7116,,14.8943
24.1603,979.667,29.5741,,10.0634
24.1803,994.622,25.1366,,5.12343
24.2003,999.647,17.8885,,0.134679
24.2203,994.655,4.864,,-4.86275
24.2403,979.741,-11.7443,,-9.80263
24.2604,955.021,-24.1333,,-14.6423
24.2804,920.788,-31.6161,,-19.3404
24.3004,877.328,-36.0457,,-23.8466
24.3204,825.116,-38.7876,,-28.1106
24.3404,764.659,-40.6148,,-32.0937
24.3602,696.56,-41.9241,,-35.7717
24.3802,621.509,-42.9242,,-39.066
24.4003,540.225,-43.7238,,-41.9886
24.4203,453.567,-44.3644,,-44.4784
24.4403,362.37,-44.8672,,-46.538
24.4603,267.549,-45.2291,,-48.1245
24.4803,170.055,-45.4605,,-49.2326
24.5004,70.866,-45.5771,,-49.8453
24.5204,-29.033,-45.5771,,-49.9632
24.5404,-128.642,-45.4574,,-49.5817
24.5604,-226.965,-45.214,,-48.7042
24.5804,-323.021,-44.8437,,-47.3409
24.6004,-415.853,-44.3514,,-45.5036
24.6202,-504.52,-43.7268,,-43.2098
24.6402,-588.15,-42.9565,,-40.4844
24.6603,-665.912,-42.0354,,-37.3639
24.6803,-737.01,-40.9502,,-33.861
24.7003,-800.761,-39.6559,,-30.0227
24.7203,-856.485,-38.1399,,-25.8644
24.7403,-903.656,-36.3214,,-21.4777
24.7604,-941.809,-34.1053,,-16.8799
24.7804,-970.559,-31.3135,,-12.0893
24.8004,-989.603,-27.5231,,-7.1817
24.8204,-998.768,-21.7413,,-2.22842
24.8404,-997.939,-11.4433,,2.80486
24.8602,-987.132,4.70277,,7.75148
24.8802,-966.487,19.3931,,12.6333
24.9003,-936.173,28.7064,,17.4122
24.9203,-896.493,34.2051,,22.0063
24.9403,-847.867,37.534,,26.3651
24.9603,-790.767,39.6875,,30.4754
24.9803,-725.773,41.1683,,34.2815
25.0004,-653.518,42.2756,,37.7398
25.0204,-574.738,43.1548,,40.8214
25.0404,-490.215,43.8654,,43.4998
25.0604,-400.786,44.4142,,45.7396
25.0804,-307.367,44.8216,,47.5176
25.1004,-210.868,45.1027,,48.834
25.1202,-112.265,45.2747,,49.6471
25.1402,-12.5403,45.3178,,49.9766
25.1603,87.3111,45.2402,,49.8016
25.1803,186.289,45.0428,,49.1284
25.2003,283.404,44.7202,,47.9636
25.2203,377.691,44.2766,,46.3295
25.2403,468.205,43.7073,,44.2133
25.2604,554.034,42.9977,,41.672
25.2804,634.333,42.1337,,38.7079
25.3004,708.294,41.1095,,35.3588
25.3204,775.182,39.9113,,31.6496
25.3404,834.307,38.4907,,27.6443
25.3602,885.115,36.8052,,23.336
25.3802,927.088,34.7738,,18.8127
25.4003,959.774,32.2467,,14.0903
25.4203,982.865,28.9491,,9.23078
25.4403,996.147,24.1946,,4.28968
25.4603,999.504,16.1888,,-0.702502
25.4803,992.853,2.08067,,-5.68343
25.5004,976.273,-14.2373,,-10.6355
25.5204,949.929,-25.6777,,-15.4493
25.5404,914.108,-32.5269,,-20.1087
25.5604,869.16,-36.6108,,-24.5799
25.5804,815.509,-39.1561,,-28.8133
25.6004,753.721,-40.8651,,-32.7319
25.6202,684.411,-42.1109,,-36.3347
25.6402,608.263,-43.0824,,-39.5953
25.6603,526.013,-43.8607,,-42.4376
25.6803,438.526,-44.4652,,-44.8591
25.7003,346.645,-44.9358,,-46.8405
25.7203,251.316,-45.2809,,-48.3407
25.7403,153.467,-45.5028,,-49.3699
25.7604,54.0904,-45.5993,,-49.9016
25.7804,-45.8288,-45.5706,,-49.9334
25.8004,-145.292,-45.4314,,-49.4717
25.8204,-243.306,-45.1683,,-48.5063
25.8404,-338.88,-44.7782,,-47.0645
25.8602,-431.081,-44.265,,-45.1483
25.8802,-518.959,-43.617,,-42.7857
25.9003,-601.667,-42.8239,,-39.9895
25.9203,-678.345,-41.8723,,-36.7893
25.9403,-748.258,-40.7523,,-33.2374
25.9603,-810.698,-39.4339,,-29.3454
25.9803,-865.03,-37.8644,,-25.1508
26.0004,-910.724,-35.9908,,-20.7232
26.0204,-947.321,-33.6921,,-16.0807
26.0404,-974.461,-30.7729,,-11.276
26.0604,-991.847,-26.7491,,-6.34041
26.0804,-999.33,-20.429,,-1.38344
26.1004,-996.818,-9.04072,,3.62597
26.1202,-984.357,7.50664,,8.59092
26.1402,-962.057,21.3009,,13.4432
26.1603,-930.153,29.8517,,18.2
26.1803,-888.929,34.9005,,22.7563
26.2003,-838.847,37.9681,,27.0765
26.2203,-780.377,39.9647,,31.1456
26.2403,-714.097,41.386,,34.8868
26.2604,-640.713,42.4607,,38.2772
26.2804,-560.906,43.2932,,41.3044
26.3004,-475.492,43.9658,,43.9064
26.3204,-385.343,44.5011,,46.065
26.3404,-291.332,44.887,,47.7787
26.3602,-194.409,45.1561,,49.0046
26.3802,-95.5476,45.2969,,49.7387
26.4003,4.26829,45.3151,,49.982
26.4203,104.043,45.2218,,49.7224
26.4403,202.775,45.011,,48.9657
26.4603,299.482,44.6666,,47.7237
26.4803,393.199,44.2012,,46.0009
26.5004,482.985,43.6055,,43.8193
26.5204,567.947,42.8696,,41.2033
26.5404,647.236,41.9835,,38.1706
26.5604,720.051,40.9396,,34.7551
26.5804,785.683,39.7003,,31.0136
26.6004,843.458,38.2296,,26.9201
26.6202,892.806,36.5002,,22.6019
26.6402,933.234,34.4024,,18.013
26.6603,964.329,31.7709,,13.2987
26.6803,985.803,28.2789,,8.40479
26.7003,997.417,23.155,,3.45576
26.7203,999.077,14.301,,-1.55729
26.7403,990.746,-0.770011,,-6.5159
26.7604,972.522,-16.567,,-11.449
26.7804,944.562,-27.1018,,-16.2501
26.8004,907.172,-33.3745,,-20.8762
26.8204,860.731,-37.1277,,-25.3139
26.8404,805.676,-39.4964,,-29.488
26.8602,742.573,-41.1165,,-33.3593
26.8802,672.068,-42.3025,,-36.9045
26.9003,594.835,-43.2355,,-40.1097
26.9203,511.651,-43.9784,,-42.8717
26.9403,423.359,-44.5681,,-45.225
26.9603,330.847,-45.0156,,-47.1223
26.9803,235.013,-45.3427,,-48.5555
27.0004,136.84,-45.5382,,-49.4925
27.0204,37.3014,-45.6097,,-49.9411
27.0404,-62.6123,-45.5652,,-49.8906
27.0604,-161.901,-45.4127,,-49.3448
27.0804,-259.571,-45.1258,,-48.2964
27.1004,-354.649,-44.7097,,-46.7758
27.1202,-446.181,-44.1794,,-44.7824
27.1402,-533.253,-43.5072,,-42.3408
27.1603,-614.994,-42.6865,,-39.4729
27.1803,-690.591,-41.7123,,-36.2251
27.2003,-759.3,-40.5596,,-32.6023
27.2203,-820.411,-39.1949,,-28.669
27.2403,-873.334,-37.5799,,-24.417
27.2604,-917.523,-35.653,,-19.9568
27.2804,-952.556,-33.2681,,-15.2822
27.3004,-978.069,-30.1922,,-10.4467
27.3204,-993.793,-25.9054,,-5.52266
27.3404,-999.626,-18.9748,,-0.531357
27.3602,-995.432,-6.47312,,4.45469
27.3802,-981.295,10.2109,,9.424
27.4003,-957.352,23.0769,,14.2569
27.4203,-923.877,30.9017,,18.973
27.4403,-881.129,35.5287,,23.4957
27.4603,-829.577,38.3752,,27.793
27.4803,-769.751,40.2603,,31.7958
27.5004,-702.235,41.5997,,35.4791
27.5204,-627.717,42.6204,,38.8124
27.5404,-546.906,43.4303,,41.7775
27.5604,-460.643,44.0871,,44.2925
27.5804,-369.775,44.5888,,46.3937
27.6004,-275.209,44.9537,,48.0145
27.6202,-177.896,45.201,,49.1607
27.6402,-78.8048,45.3278,,49.815
27.6603,21.075,45.3264,,49.9739
27.6803,120.744,45.2074,,49.6299
27.7003,219.205,44.969,,48.7912
27.7203,315.474,44.6127,,47.4667
27.7403,408.602,44.1246,,45.6686
27.7604,497.638,43.5118,,43.409
27.7804,581.697,42.7485,,40.7169
27.8004,659.951,41.8303,,37.6318
27.8204,731.621,40.7544,,34.1478
27.8404,795.962,39.4816,,30.3265
27.8602,852.342,37.9817,,26.2206
27.8802,900.227,36.1935,,21.8518
27.9003,939.132,34.0099,,17.2356
27.9203,968.616,31.265,,12.4705
27.9403,988.452,27.5861,,7.58142
27.9603,998.395,22.0288,,2.61718
27.9803,998.365,12.2036,,-2.40204
28.0004,988.373,-3.65154,,-7.33778
28.0204,968.5,-18.7182,,-12.2727
28.0404,938.914,-28.409,,-17.0544
28.0604,899.978,-34.1543,,-21.6242
28.0804,852.052,-37.6126,,-26.0327
28.1004,795.612,-39.8216,,-30.1685
28.1202,731.212,-41.3517,,-33.9799
28.1402,659.506,-42.4924,,-37.4862
28.1603,581.222,-43.3834,,-40.5823
28.1803,497.136,-44.0989,,-43.2984
28.2003,408.073,-44.6693,,-45.5754
28.2203,314.932,-45.095,,-47.3966
28.2403,218.648,-45.3942,,-48.7429
28.2604,120.171,-45.5727,,-49.6054
28.2804,20.4991,-45.6288,,-49.968
28.3004,-79.3784,-45.5676,,-49.8336
28.3204,-178.464,-45.3864,,-49.2007
28.3404,-275.761,-45.0733,,-48.0734
28.3602,-370.306,-44.6504,,-46.4711
28.3802,-461.152,-44.0931,,-44.4064
28.4003,-547.397,-43.3924,,-41.89
28.4203,-628.164,-42.5439,,-38.9541
28.4403,-702.653,-41.5463,,-35.6432
28.4603,-770.12,-40.3658,,-31.9563
28.4803,-829.896,-38.9545,,-27.9678
28.5004,-881.389,-37.2941,,-23.6875
28.5204,-924.058,-35.297,,-19.1843
28.5404,-957.523,-32.8212,,-14.475
28.5604,-981.394,-29.5952,,-9.63167
28.5804,-995.471,-24.9966,,-4.67654
28.6004,-999.61,-17.3628,,0.304509
28.6202,-993.744,-3.74047,,5.30191
28.6402,-977.946,12.778,,10.2337
28.6603,-952.375,24.6942,,15.0705
28.6803,-917.315,31.8651,,19.7411
28.7003,-873.057,36.1148,,24.2399
28.7203,-820.096,38.7579,,28.4766
28.7403,-758.938,40.5255,,32.4254
28.7604,-690.182,41.8007,,36.087
28.7804,-614.528,42.7849,,39.3383
28.8004,-532.763,43.5678,,42.2237
28.8204,-445.668,44.1914,,44.6811
28.8404,-354.11,44.6682,,46.6962
28.8602,-259.016,45.0217,,48.2421
28.8802,-161.33,45.2509,,49.3078
28.9003,-62.0375,45.3459,,49.8766
28.9203,37.8759,45.3221,,49.9492
28.9403,137.411,45.1973,,49.5246
28.9603,235.575,44.9458,,48.6023
28.9803,331.383,44.5537,,47.2003
29.0004,423.882,44.0421,,45.3178
29.0204,512.141,43.4105,,42.9831
29.0404,595.285,42.6223,,40.2258
29.0604,672.481,41.6783,,37.0693
29.0804,742.957,40.5693,,33.5253
29.1004,806.007,39.2621,,29.6663
29.1202,861.014,37.7142,,25.4946
29.1402,907.399,35.8667,,21.0791
29.1603,944.752,33.6132,,16.4635
29.1803,972.641,30.7435,,11.649
29.2003,990.809,26.825,,6.75304
29.2203,999.106,20.7773,,1.77843
29.2403,997.388,9.91197,,-3.23753
29.2604,985.707,-6.48997,,-8.18689
29.2804,964.187,-20.7158,,-13.0703
29.3004,933.022,-29.6075,,-17.8372
29.3204,892.542,-34.8733,,-22.3857
29.3404,843.148,-38.0659,,-26.7441
29.3602,785.324,-40.1345,,-30.826
29.3802,719.662,-41.5796,,-34.5963
29.4003,646.774,-42.6685,,-38.041
29.4203,567.473,-43.5313,,-41.0648
29.4403,482.482,-44.2231,,-43.7155
29.4603,392.667,-44.768,,-45.9169
29.4803,298.929,-45.1732,,-47.6562
29.5004,202.21,-45.4501,,-48.9212
29.5204,103.468,-45.6064,,-49.6985
29.5404,3.69165,-45.6395,,-49.9805
29.5604,-96.1222,-45.5621,,-49.7618
29.5804,-194.974,-45.3633,,-49.0448
29.6004,-291.881,-45.0335,,-47.841
29.6202,-385.867,-44.581,,-46.1536
29.6402,-475.997,-43.9998,,-44.0075
29.6603,-561.38,-43.2841,,-41.4306
29.6803,-641.147,-42.4072,,-38.4229
29.7003,-714.502,-41.3743,,-35.0392
29.7203,-780.729,-40.1564,,-31.3218
29.7403,-839.157,-38.7171,,-27.2566
29.7604,-889.196,-37.0093,,-22.9578
29.7804,-930.348,-34.9303,,-18.3899
29.8004,-962.203,-32.3549,,-13.6679
29.8204,-984.446,-28.9623,,-8.80711
29.8404,-996.864,-24.0082,,-3.85051
29.8602,-999.32,-15.5651,,1.15587
29.8802,-991.768,-0.919804,,6.13003
29.9003,-974.33,15.1809,,11.0525
29.9203,-947.154,26.1898,,15.8649
29.9403,-910.502,32.7531,,20.5205
29.9603,-864.753,36.6619,,24.9674
29.9803,-810.372,39.1215,,29.1686
30.0004,-747.885,40.786,,33.0606
30.0204,-677.932,41.9988,,36.6642
30.0404,-601.188,42.9394,,39.8452
30.0604,-518.469,43.7027,,42.6691
30.0804,-430.555,44.3064,,45.053
30.1004,-338.335,44.7557,,46.9934
30.1202,-242.743,45.0812,,48.4508
30.1402,-144.724,45.2907,,49.4349
30.1603,-45.2538,45.3785,,49.9263
30.1803,54.6661,45.3299,,49.9132
30.2003,154.04,45.175,,49.4044
30.2203,251.871,44.9039,,48.3962
30.2403,347.194,44.4975,,46.9177
30.2604,439.04,43.968,,44.9546
30.2804,526.501,43.3026,,42.5526
30.3004,608.701,42.4952,,39.7186
30.3204,684.82,41.5198,,36.4968
30.3404,754.093,40.3768,,32.9013
30.3602,815.84,39.0419,,28.989
30.3802,869.427,37.4449,,24.7753
30.4003,914.328,35.5362,,20.3113
30.4203,950.114,33.1927,,15.6554
30.4403,976.385,30.1925,,10.8484
30.4603,992.91,26.0314,,5.91175
30.4803,999.519,19.3967,,0.932184
30.5004,996.111,7.41017,,-4.07212
30.5204,982.766,-9.24217,,-9.01716
30.5404,959.613,-22.5499,,-13.8775
30.5604,926.866,-30.7126,,-18.6105
30.5804,884.844,-35.5383,,-23.1414
30.6004,833.992,-38.4911,,-27.4588
30.6202,774.811,-40.4269,,-31.4742
30.6402,707.89,-41.8004,,-35.2028
30.6603,633.901,-42.8523,,-38.5679
30.6803,553.555,-43.6776,,-41.5521
30.7003,467.695,-44.3444,,-44.1141
30.7203,377.16,-44.8562,,-46.2375
30.7403,282.857,-45.2426,,-47.9043
30.7604,185.722,-45.5112,,-49.0889
30.7804,86.7362,-45.6415,,-49.7814
30.8004,-13.116,-45.6497,,-49.9793
30.8204,-112.838,-45.5562,,-49.6753
30.8404,-211.433,-45.3364,,-48.8749
30.8602,-307.911,-44.9862,,-47.5911
30.8802,-401.315,-44.5119,,-45.8229
30.9003,-490.714,-43.913,,-43.6101
30.9203,-575.209,-43.1648,,-40.9484
30.9403,-653.957,-42.2675,,-37.8904
30.9603,-726.167,-41.208,,-34.4247
30.9803,-791.108,-39.9503,,-30.6549
31.0004,-848.169,-38.464,,-26.5644
31.0204,-896.752,-36.7032,,-22.2002
31.0404,-936.368,-34.5619,,-17.6128
31.0604,-966.623,-31.8753,,-12.8502
31.0804,-987.215,-28.2809,,-7.97488
31.1004,-997.968,-22.929,,-3.01661
31.1202,-998.735,-13.573,,1.99946
31.1402,-989.529,1.96543,,6.95254
31.1603,-970.43,17.4334,,11.8849
31.1803,-941.632,27.5579,,16.6577
31.2003,-903.428,33.567,,21.2847
31.2203,-856.188,37.172,,25.6908
31.2403,-800.398,39.4625,,29.8481
31.2604,-736.617,41.0339,,33.6824
31.2804,-665.487,42.1944,,37.2124
31.3004,-587.69,43.1044,,40.3623
31.3204,-504.023,43.8287,,43.0996
31.3404,-415.324,44.4088,,45.4109
31.3602,-322.473,44.8485,,47.2718
31.3802,-226.403,45.1448,,48.6526
31.4003,-128.069,45.3304,,49.5523
31.4203,-28.4587,45.3998,,49.957
31.4403,71.4408,45.3345,,49.8631
31.4603,170.625,45.1577,,49.2701
31.4803,268.108,44.8653,,48.1827
31.5004,362.902,44.4381,,46.6139
31.5204,454.079,43.8876,,44.5899
31.5404,540.719,43.196,,42.0997
31.5604,621.95,42.36,,39.2044
31.5804,696.965,41.3663,,35.921
31.6004,765.039,40.1936,,32.2666
31.6202,825.44,38.803,,28.2961
31.6402,877.6,37.1645,,24.0318
31.6603,920.991,35.1997,,19.5489
31.6803,955.204,32.7641,,14.8614
31.7003,979.842,29.6058,,10.0085
31.7203,994.701,25.1536,,5.08246
31.7403,999.631,17.868,,0.0845434
31.7604,994.563,4.75775,,-4.89466
31.7804,979.574,-11.8847,,-9.84235
31.8004,954.761,-24.2408,,-14.6937
31.8204,920.446,-31.7192,,-19.3735
31.8404,876.902,-36.1478,,-23.8914
31.8602,824.622,-38.8982,,-28.1498
31.8802,764.073,-40.708,,-32.1299
31.9003,695.932,-42.0079,,-35.7921
31.9203,620.816,-43.0205,,-39.0953
31.9403,539.48,-43.828,,-42.0134
31.9603,452.775,-44.4647,,-44.5011
31.9803,361.54,-44.9492,,-46.5556
32.0004,266.693,-45.3232,,-48.1335
32.0204,169.184,-45.5634,,-49.2414
32.0404,69.9787,-45.6708,,-49.8494
32.0604,-29.9204,-45.6713,,-49.9623
32.0804,-129.522,-45.5504,,-49.5766
32.1004,-227.825,-45.305,,-48.6909
32.1202,-323.859,-44.9337,,-47.3284
32.1402,-416.654,-44.4439,,-45.4818
32.1603,-505.282,-43.8208,,-43.1904
32.1803,-588.874,-43.0364,,-40.468
32.2003,-666.578,-42.1201,,-37.3314
32.2203,-737.61,-41.0369,,-33.8186
32.2403,-801.279,-39.7341,,-29.9847
32.2604,-856.945,-38.2094,,-25.8478
32.2804,-904.059,-36.3979,,-21.4459
32.3004,-942.12,-34.175,,-16.8094
32.3204,-970.766,-31.3634,,-12.0486
32.3404,-989.726,-27.5604,,-7.14519
32.3602,-998.816,-21.7477,,-2.17554
32.3802,-997.891,-11.3746,,2.83325
32.4003,-987.016,4.83491,,7.7986
32.4203,-966.254,19.5076,,12.6966
32.4403,-935.843,28.817,,17.4527
32.4603,-896.094,34.3242,,22.0339
32.4803,-847.397,37.6468,,26.4067
32.5004,-790.224,39.7875,,30.5072
32.5204,-725.153,41.271,,34.315
32.5404,-652.846,42.3801,,37.7677
32.5604,-574.007,43.2632,,40.8509
32.5804,-489.431,43.9631,,43.5211
32.6004,-399.978,44.5057,,45.7502
32.6202,-306.522,44.9227,,47.5396
32.6402,-209.997,45.209,,48.8365
32.6603,-111.383,45.375,,49.6563
32.6803,-11.6518,45.4153,,49.9765
32.7003,88.1955,45.3305,,49.7981
32.7203,187.16,45.1416,,49.1163
32.7403,284.256,44.8238,,47.9561
32.7604,378.511,44.3727,,46.3054
32.7804,468.989,43.7979,,44.1972
32.8004,554.773,43.0881,,41.6467
32.8204,635.027,42.2269,,38.6884
32.8404,708.927,41.1978,,35.3209
32.8602,775.731,39.9917,,31.6144
32.8802,834.798,38.574,,27.5991
32.9003,885.53,36.8843,,23.3043
32.9203,927.399,34.8432,,18.7633
32.9403,960.003,32.3062,,14.0484
32.9603,983.033,28.9925,,9.20665
32.9803,996.236,24.2144,,4.23442
33.0004,999.487,16.1503,,-0.747252
33.0204,992.733,1.96995,,-5.74243
33.0404,976.079,-14.3661,,-10.6543
33.0604,949.666,-25.8033,,-15.4921
33.0804,913.766,-32.6487,,-20.1568
33.1004,868.716,-36.7173,,-24.6257
33.1202,814.994,-39.2691,,-28.8356
33.1402,753.146,-40.9861,,-32.7722
33.1603,683.763,-42.2262,,-36.3694
33.1803,607.548,-43.1818,,-39.6228
33.2003,525.255,-43.9602,,-42.4582
33.2203,437.724,-44.5829,,-44.8792
33.2403,345.82,-45.0468,,-46.8517
33.2604,250.453,-45.3862,,-48.358
33.2804,152.59,-45.6126,,-49.3748
33.3004,53.2045,-45.7071,,-49.9031
33.3204,-46.7161,-45.6741,,-49.9319
33.3404,-146.169,-45.5374,,-49.4634
33.3602,-244.163,-45.2732,,-48.497
33.3802,-339.715,-44.8905,,-47.0515
33.4003,-431.881,-44.3741,,-45.1267
33.4203,-519.713,-43.7168,,-42.7569
33.4403,-602.372,-42.9209,,-39.9695
33.4603,-679.001,-41.9729,,-36.7556
33.4803,-748.845,-40.8523,,-33.2105
33.5004,-811.222,-39.5182,,-29.3057
33.5204,-865.473,-37.9531,,-25.1182
33.5404,-911.099,-36.0737,,-20.682
33.5604,-947.594,-33.7694,,-16.0242
33.5804,-974.635,-30.8282,,-11.2333
33.6004,-991.95,-26.7852,,-6.31087
33.6202,-999.356,-20.4326,,-1.3276
33.6402,-996.75,-8.96354,,3.6719
33.6603,-984.207,7.63978,,8.61595
33.6803,-961.815,21.4236,,13.5056
33.7003,-929.81,29.9686,,18.2385
33.7203,-888.533,35.0247,,22.7843
33.7403,-838.367,38.0937,,27.1167
33.7604,-779.818,40.0901,,31.1818
33.7804,-713.474,41.5012,,34.9179
33.8004,-640.017,42.5726,,38.3111
33.8204,-560.168,43.4085,,41.3254
33.8404,-474.714,44.0761,,43.927
33.8602,-384.522,44.6198,,46.0843
33.8802,-290.48,45.0074,,47.79
33.9003,-193.541,45.2622,,49.0119
33.9203,-94.6627,45.4113,,49.745
33.9403,5.156,45.4363,,49.981
33.9603,104.926,45.3346,,49.7179
33.9803,203.649,45.1162,,48.9623
34.0004,300.333,44.7801,,47.7026
34.0204,394.011,44.3159,,45.986
34.0404,483.761,43.7163,,43.8009
34.0604,568.679,42.9788,,41.1734
34.0804,647.907,42.0853,,38.1466
34.1004,720.661,41.0355,,34.7178
34.1202,786.221,39.7935,,30.9711
34.1402,843.936,38.3326,,26.9008
34.1603,893.204,36.5898,,22.5487
34.1803,933.554,34.4791,,17.9919
34.2003,964.565,31.8412,,13.2453
34.2203,985.958,28.3432,,8.35987
34.2403,997.481,23.1761,,3.41431
34.2604,999.048,14.2525,,-1.61028
34.2804,990.634,-0.885888,,-6.56799
34.3004,972.312,-16.6854,,-11.476
34.3204,944.27,-27.2313,,-16.291
34.3404,906.814,-33.5091,,-20.9222
34.3602,860.282,-37.2503,,-25.3449
34.3802,805.149,-39.6165,,-29.5252
34.4003,741.975,-41.238,,-33.4058
34.4203,671.401,-42.4303,,-36.9441
34.4403,594.105,-43.3516,,-40.1196
34.4603,510.886,-44.0988,,-42.8948
34.4803,422.555,-44.688,,-45.242
34.5004,330.004,-45.1439,,-47.1396
34.5204,234.15,-45.4619,,-48.5637
34.5404,135.962,-45.6496,,-49.4989
34.5604,36.413,-45.7367,,-49.9438
34.5804,-63.4992,-45.6917,,-49.8892
34.6004,-162.776,-45.5306,,-49.3335
34.6202,-260.426,-45.2368,,-48.2874
34.6402,-355.473,-44.8321,,-46.7586
34.6603,-446.971,-44.2986,,-44.7655
34.6803,-534.002,-43.6193,,-42.3152
34.7003,-615.697,-42.7969,,-39.4505
34.7203,-691.236,-41.8171,,-36.1885
34.7403,-759.875,-40.6671,,-32.5727
34.7604,-820.923,-39.298,,-28.629
34.7804,-873.768,-37.6778,,-24.3768
34.8004,-917.882,-35.7467,,-19.9189
34.8204,-952.813,-33.3462,,-15.2255
34.8404,-978.229,-30.2638,,-10.4112
34.8602,-993.894,-25.9543,,-5.48225
34.8802,-999.61,-18.9755,,-0.481779
34.9003,-995.336,-6.38115,,4.50449
34.9203,-981.117,10.3478,,9.44434
34.9403,-957.108,23.1983,,14.3153
34.9603,-923.491,31.0274,,19.0169
34.9803,-880.704,35.6614,,23.5344
35.0004,-829.089,38.5104,,27.815
35.0204,-769.198,40.386,,31.8272
35.0404,-701.608,41.7226,,35.5173
35.0604,-627.006,42.7526,,38.8499
35.0804,-546.162,43.5594,,41.7926
35.1004,-459.857,44.2017,,44.3163
35.1202,-368.948,44.7103,,46.4061
35.1402,-274.36,45.0834,,48.0302
35.1603,-177.023,45.3286,,49.1661
35.1803,-77.9197,45.4462,,49.8211
35.2003,21.9625,45.4419,,49.9719
35.2203,121.624,45.3364,,49.6236
35.2403,220.071,45.099,,48.785
35.2604,316.319,44.7319,,47.4498
35.2804,409.405,44.2403,,45.6453
35.3004,498.402,43.6263,,43.3923
35.3204,582.424,42.8655,,40.6962
35.3404,660.619,41.9446,,37.5908
35.3602,732.22,40.8639,,34.1222
35.3802,796.501,39.5865,,30.2961
35.4003,852.82,38.0802,,26.1836
35.4203,900.626,36.2885,,21.8071
35.4403,939.426,34.1026,,17.1868
35.4603,968.836,31.3413,,12.435
35.4803,988.575,27.6392,,7.53481
35.5004,998.441,22.0527,,2.5705
35.5204,998.322,12.1562,,-2.43463
35.5404,988.245,-3.78166,,-7.39995
35.5604,968.276,-18.8533,,-12.3055
35.5804,938.629,-28.5417,,-17.0668
35.6004,899.604,-34.2866,,-21.6908
35.6202,851.584,-37.7499,,-26.0685
35.6402,795.068,-39.9586,,-30.2034
35.6603,730.607,-41.4863,,-34.011
35.6803,658.852,-42.6205,,-37.5176
35.7003,580.508,-43.5179,,-40.6099
35.7203,496.357,-44.2351,,-43.3264
35.7403,407.261,-44.7883,,-45.5884
35.7604,314.089,-45.2277,,-47.4173
35.7804,217.775,-45.5293,,-48.7493
35.8004,119.291,-45.7004,,-49.6087
35.8204,19.6119,-45.7498,,-49.9692
35.8404,-80.2639,-45.6947,,-49.8308
35.8602,-179.337,-45.5233,,-49.1891
35.8802,-276.616,-45.203,,-48.0685
35.9003,-371.136,-44.7662,,-46.4546
35.9203,-461.945,-44.2158,,-44.3822
35.9403,-548.138,-43.5251,,-41.8664
35.9603,-628.851,-42.6719,,-38.9267
35.9803,-703.293,-41.657,,-35.6161
36.0004,-770.688,-40.4697,,-31.9153
36.0204,-830.397,-39.0749,,-27.9316
36.0404,-881.804,-37.4053,,-23.6566
36.0604,-924.381,-35.3934,,-19.1249
36.0804,-957.767,-32.9048,,-14.4441
36.1004,-981.563,-29.6726,,-9.58171
36.1202,-995.545,-25.0444,,-4.63599
36.1402,-999.598,-17.3499,,0.350861
36.1603,-993.635,-3.64393,,5.33774
36.1803,-977.757,12.9135,,10.2825
36.2003,-952.108,24.8327,,15.1095
36.2203,-916.931,32,,19.7917
36.2403,-872.63,36.2542,,24.2661
36.2604,-819.574,38.9043,,28.5202
36.2804,-758.35,40.6654,,32.4686
36.3004,-689.545,41.9364,,36.0924
36.3204,-613.851,42.9179,,39.3786
36.3404,-532.013,43.7016,,42.2459
36.3602,-444.865,44.331,,44.7082
36.3802,-353.271,44.8082,,46.7071
36.4003,-258.156,45.1475,,48.2524
36.4203,-160.456,45.3806,,49.3139
36.4403,-61.1517,45.4884,,49.8809
36.4603,38.7634,45.4641,,49.9485
36.4803,138.292,45.3255,,49.5183
36.5004,236.436,45.0685,,48.591
36.5204,332.223,44.6866,,47.1868
36.5404,424.684,44.1778,,45.2935
36.5604,512.898,43.5338,,42.9617
36.5804,596.001,42.7451,,40.2083
36.6004,673.135,41.8023,,37.0269
36.6202,743.54,40.6902,,33.4941
36.6402,806.54,39.3753,,29.6425
36.6603,861.458,37.8272,,25.4496
36.6803,907.784,35.9722,,21.0554
36.7003,945.047,33.7048,,16.4059
36.7203,972.843,30.8252,,11.6061
36.7403,990.937,26.8963,,6.71362
36.7604,999.14,20.7965,,1.73415
36.7804,997.336,9.84165,,-3.27753
36.8004,985.574,-6.61945,,-8.23776
36.8204,963.951,-20.8454,,-13.1183
36.8404,932.708,-29.753,,-17.8577
36.8602,892.142,-35.0163,,-22.4488
36.8802,842.674,-38.2093,,-26.7718
36.9003,784.772,-40.2745,,-30.8732
36.9203,719.032,-41.7208,,-34.6244
36.9403,646.122,-42.8097,,-38.059
36.9603,566.74,-43.6739,,-41.0981
36.9803,481.705,-44.3636,,-43.7382
37.0004,391.849,-44.9026,,-45.9316
37.0204,298.089,-45.3133,,-47.6644
37.0404,201.342,-45.5932,,-48.9362
37.0604,102.585,-45.7479,,-49.7036
37.0804,2.80392,-45.7783,,-49.9803
37.1004,-97.0054,-45.7022,,-49.7574
37.1202,-195.846,-45.497,,-49.0367
37.1402,-292.73,-45.1663,,-47.8285
37.1603,-386.686,-44.7196,,-46.1354
37.1803,-476.782,-44.1364,,-43.99
37.2003,-562.112,-43.406,,-41.4019
37.2203,-641.831,-42.538,,-38.3966
37.2403,-715.134,-41.5033,,-35.0147
37.2604,-781.279,-40.2767,,-31.2786
37.2804,-839.631,-38.8306,,-27.2152
37.3004,-889.586,-37.117,,-22.907
37.3204,-930.663,-35.0419,,-18.3689
37.3404,-962.449,-32.4489,,-13.6367
37.3602,-984.62,-29.0332,,-8.75304
37.3802,-996.924,-24.0565,,-3.80074
37.4003,-999.29,-15.5458,,1.20829
37.4203,-991.652,-0.804521,,6.17042
37.4403,-974.122,15.3259,,11.0988
37.4603,-946.862,26.3357,,15.8961
37.4803,-910.134,32.8977,,20.568
37.5004,-864.302,36.8053,,25.0021
37.5204,-809.848,39.2664,,29.1975
37.5404,-747.304,40.9387,,33.1043
37.5604,-677.283,42.1538,,36.6725
37.5804,-600.497,43.0819,,39.893
37.6004,-517.709,43.8398,,42.6867
37.6202,-429.759,44.451,,45.0758
37.6402,-337.501,44.9079,,47.0029
37.6603,-241.885,45.2202,,48.4677
37.6803,-143.844,45.429,,49.4422
37.7003,-44.3666,45.5162,,49.9271
37.7203,55.5524,45.4773,,49.9105
37.7403,154.917,45.3187,,49.3974
37.7604,252.737,45.0389,,48.3898
37.7804,348.028,44.6317,,46.8992
37.8004,439.843,44.1067,,44.9377
37.8204,527.259,43.4422,,42.5269
37.8404,609.411,42.6212,,39.695
37.8602,685.473,41.6521,,36.473
37.8802,754.69,40.5142,,32.8649
37.9003,816.346,39.1577,,28.9445
37.9203,869.88,37.556,,24.7356
37.9403,914.707,35.6464,,20.2874
37.9603,950.391,33.3026,,15.6061
37.9803,976.581,30.2745,,10.7928
38.0004,993.006,26.0805,,5.867
38.0204,999.528,19.4227,,0.892275
38.0404,996.037,7.33883,,-4.11462
38.0604,982.623,-9.38995,,-9.06073
38.0804,959.357,-22.6932,,-13.9255
38.1004,926.527,-30.8515,,-18.652
38.1202,884.434,-35.6796,,-23.1831
38.1402,833.498,-38.6474,,-27.4867
38.1603,774.251,-40.5805,,-31.5137
38.1803,707.273,-41.9453,,-35.2199
38.2003,633.232,-42.9913,,-38.6031
38.2203,552.825,-43.8287,,-41.5748
38.2403,466.909,-44.4894,,-44.1403
38.2604,376.333,-45.007,,-46.2609
38.2804,282.002,-45.393,,-47.9146
38.3004,184.848,-45.6512,,-49.0958
38.3204,85.8522,-45.7857,,-49.7843
38.3404,-14.0043,-45.7974,,-49.978
38.3602,-113.719,-45.7052,,-49.671
38.3802,-212.296,-45.4737,,-48.8647
38.4003,-308.758,-45.1232,,-47.5788
38.4203,-402.129,-44.6563,,-45.8068
38.4403,-491.486,-44.0517,,-43.5867
38.4603,-575.935,-43.3018,,-40.9259
38.4803,-654.627,-42.4012,,-37.8507
38.5004,-726.771,-41.3326,,-34.4089
38.5204,-791.666,-40.0794,,-30.6208
38.5404,-848.641,-38.5964,,-26.5126
38.5604,-897.133,-36.8172,,-22.1475
38.5804,-936.655,-34.6638,,-17.5862
38.6004,-966.852,-31.9688,,-12.8131
38.6202,-987.37,-28.3638,,-7.9295
38.6402,-998.029,-22.9706,,-2.97074
38.6603,-998.706,-13.5349,,2.03179
38.6803,-989.398,2.07825,,7.02372
38.7003,-970.208,17.5685,,11.911
38.7203,-941.333,27.707,,16.6949
38.7403,-903.054,33.7236,,21.3196
38.7604,-855.748,37.3274,,25.7337
38.7804,-799.869,39.6111,,29.8843
38.8004,-736.019,41.1781,,33.7288
38.8204,-664.836,42.3452,,37.2212
38.8404,-586.979,43.2575,,40.4021
38.8602,-503.261,43.9841,,43.122
38.8802,-414.513,44.5495,,45.4305
38.9003,-321.638,44.9918,,47.283
38.9203,-225.539,45.2988,,48.663
38.9403,-127.191,45.4837,,49.5609
38.9603,-27.5691,45.54,,49.9585
38.9803,72.3266,45.4772,,49.8593
39.0004,171.5,45.3109,,49.2629
39.0204,268.96,45.0138,,48.1678
39.0404,363.731,44.5756,,46.6036
39.0604,454.866,44.0246,,44.56
39.0804,541.463,43.3412,,42.0852
39.1004,622.651,42.5005,,39.186
39.1202,697.611,41.4934,,35.8723
39.1402,765.59,40.3165,,32.2424
39.1603,825.941,38.9387,,28.2492
39.1803,878.032,37.292,,24.0103
39.2003,921.35,35.3027,,19.4958
39.2203,955.456,32.857,,14.8224
39.2403,980.032,29.7009,,9.97326
39.2604,994.797,25.2205,,5.02711
39.2804,999.631,17.8643,,0.0419369
39.3004,994.476,4.65916,,-4.94148
39.3204,979.406,-12.0158,,-9.87229
39.3404,954.521,-24.3836,,-14.7373
39.3602,920.086,-31.8779,,-19.4362
39.3802,876.477,-36.3108,,-23.9186
39.4003,824.118,-39.0428,,-28.1789
39.4203,763.509,-40.8643,,-32.1767
39.4403,695.277,-42.1763,,-35.8196
39.4603,620.112,-43.1797,,-39.1244
39.4803,538.736,-43.9784,,-42.0335
39.5004,451.975,-44.6158,,-44.5295
39.5204,360.706,-45.1146,,-46.5671
39.5404,265.837,-45.4761,,-48.1456
39.5604,168.304,-45.7132,,-49.2474
39.5804,69.0946,-45.8264,,-49.8513
39.6004,-30.8079,-45.8207,,-49.9618
39.6202,-130.403,-45.7048,,-49.5699
39.6402,-228.695,-45.4558,,-48.6832
39.6603,-324.699,-45.0857,,-47.3139
39.6803,-417.462,-44.5911,,-45.4656
39.7003,-506.048,-43.9648,,-43.1606
39.7203,-589.588,-43.1869,,-40.4436
39.7403,-667.233,-42.2617,,-37.2976
39.7604,-738.215,-41.1683,,-33.7993
39.7804,-801.81,-39.8716,,-29.9434
39.8004,-857.398,-38.3408,,-25.8035
39.8204,-904.421,-36.5168,,-21.3895
39.8404,-942.407,-34.287,,-16.7906
39.8602,-970.971,-31.4622,,-12.0046
39.8802,-989.85,-27.6371,,-7.09502
39.9003,-998.845,-21.7834,,-2.13424
39.9203,-997.831,-11.3224,,2.88172
39.9403,-986.854,4.95879,,7.84664
39.9603,-966.028,19.651,,12.7143
39.9803,-935.553,28.9678,,17.4976
40.0004,-895.706,34.481,,22.0828
40.0204,-846.919,37.8055,,26.4521
40.0404,-789.674,39.9426,,30.5431
40.0604,-724.543,41.4324,,34.3381
40.0804,-652.174,42.5395,,37.8034
40.1004,-573.282,43.4141,,40.872
40.1202,-488.663,44.1143,,43.5398
40.1402,-399.17,44.6699,,45.7719
40.1603,-305.676,45.0814,,47.5469
40.1803,-209.137,45.3657,,48.8507
40.2003,-110.504,45.5304,,49.6624
40.2203,-10.764,45.568,,49.9773
40.2403,89.0806,45.488,,49.7947
40.2604,188.034,45.2928,,49.1124
40.2804,285.11,44.9753,,47.9408
40.3004,379.333,44.5245,,46.2898
40.3204,469.771,43.9507,,44.1739
40.3404,555.514,43.2363,,41.6265
40.3602,635.702,42.3732,,38.6493
40.3802,709.549,41.335,,35.2973
40.4003,776.296,40.1231,,31.5834
40.4203,835.295,38.7065,,27.56
40.4403,885.937,37.0138,,23.2591
40.4603,927.744,34.9566,,18.7356
40.4803,960.26,32.4115,,14.003
40.5004,983.201,29.0854,,9.14988
40.5204,996.315,24.2711,,4.20423
40.5404,999.477,16.1509,,-0.803589
40.5604,992.632,1.86138,,-5.77761
40.5804,975.887,-14.5063,,-10.7107
40.6004,949.38,-25.9506,,-15.5341
40.6202,913.382,-32.808,,-20.1949
40.6402,868.274,-36.8821,,-24.6559
40.6603,814.475,-39.4349,,-28.883
40.6803,752.546,-41.1433,,-32.8013
40.7003,683.104,-42.3845,,-36.4075
40.7203,606.833,-43.3455,,-39.6356
40.7403,524.505,-44.1233,,-42.4819
40.7604,436.928,-44.7408,,-44.8996
40.7804,344.986,-45.2084,,-46.8713
40.8004,249.591,-45.5462,,-48.3682
40.8204,151.714,-45.7732,,-49.3793
40.8404,52.3182,-45.8619,,-49.9072
40.8602,-47.6032,-45.832,,-49.9299
40.8802,-147.048,-45.6946,,-49.456
40.9003,-245.023,-45.4326,,-48.4877
40.9203,-340.551,-45.0393,,-47.0335
40.9403,-432.68,-44.5192,,-45.1116
40.9603,-520.476,-43.8703,,-42.7366
40.9803,-603.079,-43.0687,,-39.9354
41.0004,-679.659,-42.1184,,-36.7373
41.0204,-749.44,-40.9886,,-33.1695
41.0404,-811.738,-39.6561,,-29.2661
41.0604,-865.921,-38.0824,,-25.0826
41.0804,-911.455,-36.1985,,-20.6364
41.1004,-947.881,-33.8823,,-15.9931
41.1202,-974.842,-30.9266,,-11.1879
41.1402,-992.06,-26.8641,,-6.25818
41.1603,-999.365,-20.4645,,-1.29032
41.1803,-996.685,-8.90787,,3.71991
41.2003,-984.046,7.7772,,8.66332
41.2203,-961.582,21.5792,,13.5349
41.2403,-929.506,30.1272,,18.2749
41.2604,-888.116,35.1797,,22.8504
41.2804,-837.868,38.2565,,27.1448
41.3004,-779.264,40.2569,,31.2124
41.3204,-712.853,41.6636,,34.9524
41.3404,-639.328,42.7284,,38.3378
41.3602,-559.433,43.5774,,41.3479
41.3802,-473.931,44.2505,,43.9469
41.4003,-383.705,44.7732,,46.1048
41.4203,-289.629,45.1605,,47.8011
41.4403,-192.671,45.4333,,49.0217
41.4603,-93.7801,45.5811,,49.7495
41.4803,6.04427,45.5911,,49.9807
41.5004,105.808,45.4878,,49.7132
41.5204,204.514,45.2822,,48.9494
41.5404,301.175,44.9427,,47.6957
41.5604,394.83,44.4631,,45.9669
41.5804,484.542,43.8634,,43.7774
41.6004,569.412,43.1318,,41.1568
41.6202,648.588,42.2411,,38.1088
41.6402,721.279,41.1754,,34.6915
41.6603,786.772,39.9336,,30.9276
41.6803,844.389,38.4655,,26.8591
41.7003,893.595,36.7173,,22.5113
41.7203,933.864,34.5978,,17.9597
41.7403,964.801,31.9458,,13.1901
41.7604,986.088,28.4315,,8.3215
41.7804,997.54,23.2349,,3.37037
41.8004,999.016,14.2388,,-1.64717
41.8204,990.503,-1.00681,,-6.60704
41.8404,972.103,-16.8363,,-11.5358
41.8602,943.969,-27.3901,,-16.3489
41.8802,906.404,-33.6633,,-20.9388
41.9003,859.817,-37.4172,,-25.3903
41.9203,804.628,-39.7898,,-29.5482
41.9403,741.384,-41.3994,,-33.4439
41.9603,670.731,-42.5902,,-36.9898
41.9803,593.376,-43.5238,,-40.1318
42.0004,510.117,-44.2625,,-42.9196
42.0204,421.748,-44.853,,-45.2607
42.0404,329.159,-45.3017,,-47.1541
42.0604,233.285,-45.6287,,-48.5705
42.0804,135.082,-45.8248,,-49.5058
42.1004,35.5259,-45.8871,,-49.9451
42.1202,-64.3844,-45.8494,,-49.8848
42.1402,-163.652,-45.692,,-49.3297
42.1603,-261.283,-45.404,,-48.2732
42.1803,-356.304,-44.9907,,-46.7431
42.2003,-447.763,-44.4472,,-44.7447
42.2203,-534.757,-43.7742,,-42.293
42.2403,-616.4,-42.9524,,-39.4278
42.2604,-691.884,-41.97,,-36.1574
42.2804,-760.454,-40.8069,,-32.5431
42.3004,-821.439,-39.43,,-28.5804
42.3204,-874.2,-37.817,,-24.3512
42.3404,-918.233,-35.8714,,-19.8709
42.3602,-953.079,-33.466,,-15.1842
42.3802,-978.417,-30.3581,,-10.3685
42.4003,-993.974,-26.0256,,-5.42442
42.4203,-999.612,-18.999,,-0.448463
42.4403,-995.261,-6.30042,,4.53922
42.4603,-980.964,10.4868,,9.50176
42.4803,-956.847,23.356,,14.3459
42.5004,-923.181,31.1919,,19.0579
42.5204,-880.273,35.8273,,23.5849
42.5404,-828.592,38.6746,,27.8511
42.5604,-768.624,40.5565,,31.8546
42.5804,-700.988,41.8958,,35.5512
42.6004,-626.307,42.9097,,38.872
42.6202,-545.429,43.7189,,41.8199
42.6402,-459.068,44.381,,44.3425
42.6603,-368.125,44.8849,,46.4204
42.6803,-273.503,45.2477,,48.0431
42.7003,-176.149,45.4891,,49.1741
42.7203,-77.035,45.6155,,49.8243
42.7403,22.85,45.6181,,49.9713
42.7604,122.506,45.4975,,49.6193
42.7804,220.936,45.2609,,48.7736
42.8004,317.161,44.8848,,47.4364
42.8204,410.215,44.408,,45.6292
42.8404,499.171,43.7944,,43.3709
42.8602,583.148,43.0173,,40.6708
42.8802,661.286,42.0904,,37.5594
42.9003,732.821,41.0166,,34.0876
42.9203,797.032,39.7382,,30.2599
42.9403,853.287,38.2191,,26.151
42.9603,901.005,36.4123,,21.7434
42.9803,939.717,34.2264,,17.1689
43.0004,969.055,31.4547,,12.3883
43.0204,988.714,27.7278,,7.49646
43.0404,998.482,22.0997,,2.52266
43.0604,998.285,12.1173,,-2.48395
43.0804,988.087,-3.90519,,-7.44806
43.1004,968.045,-18.9994,,-12.3359
43.1202,938.315,-28.6996,,-17.1244
43.1402,899.221,-34.4588,,-21.7201
43.1603,851.123,-37.9224,,-26.1151
43.1803,794.528,-40.1267,,-30.225
43.2003,730.004,-41.6487,,-34.0579
43.2203,658.187,-42.7889,,-37.5229
43.2403,579.79,-43.6832,,-40.6527
43.2604,495.592,-44.4,,-43.3433
43.2804,406.454,-44.9696,,-45.6094
43.3004,313.246,-45.395,,-47.4279
43.3204,216.91,-45.6918,,-48.7614
43.3404,118.408,-45.8643,,-49.6159
43.3602,18.7225,-45.9255,,-49.9696
43.3802,-81.1488,-45.8646,,-49.8268
43.4003,-180.208,-45.6728,,-49.1818
43.4203,-277.465,-45.367,,-48.0537
43.4403,-371.964,-44.9381,,-46.4419
43.4603,-462.726,-44.3845,,-44.3579
43.4803,-548.878,-43.6749,,-41.8404
43.5004,-629.536,-42.8156,,-38.9061
43.5204,-703.92,-41.813,,-35.5736
43.5404,-771.244,-40.6262,,-31.8958
43.5604,-830.89,-39.212,,-27.8841
43.5804,-882.223,-37.5352,,-23.6171
43.6004,-924.761,-35.5215,,-19.0997
43.6202,-958.023,-33.0276,,-14.3902
43.6402,-981.721,-29.7708,,-9.53326
43.6603,-995.625,-25.1121,,-4.60109
43.6803,-999.59,-17.3508,,0.396844
43.7003,-993.546,-3.54717,,5.38635
43.7203,-977.584,13.0551,,10.3253
43.7403,-951.844,24.9885,,15.1452
43.7604,-916.603,32.1737,,19.8291
43.7804,-872.191,36.4336,,24.3179
43.8004,-819.073,39.0688,,28.5533
43.8204,-757.762,40.8304,,32.5058
43.8404,-688.896,42.1089,,36.1191
43.8602,-613.152,43.1007,,39.4031
43.8802,-531.259,43.8712,,42.2719
43.9003,-444.075,44.4914,,44.7211
43.9203,-352.445,44.9798,,46.7322
43.9403,-257.297,45.3274,,48.2638
43.9603,-159.579,45.5509,,49.3206
43.9803,-60.265,45.6502,,49.8825
44.0004,39.6504,45.6334,,49.9461
44.0204,139.17,45.4942,,49.513
44.0404,237.301,45.2352,,48.5818
44.0604,333.059,44.8512,,47.1701
44.0804,425.488,44.3407,,45.2774
44.1004,513.664,43.6929,,42.9404
44.1202,596.705,42.9057,,40.1694
44.1402,673.794,41.96,,37.0036
44.1603,744.146,40.8404,,33.4723
44.1803,807.074,39.5227,,29.5933
44.2003,861.909,37.9681,,25.4211
44.2203,908.138,36.1041,,20.989
44.2403,945.321,33.8305,,16.3763
44.2604,973.044,30.937,,11.5782
44.2804,991.04,26.9809,,6.65225
44.3004,999.15,20.839,,1.69029
44.3204,997.27,9.78772,,-3.32029
44.3404,985.405,-6.7534,,-8.27426
44.3602,963.717,-21.0012,,-13.1575
44.3802,932.394,-29.9132,,-17.907
44.4003,891.75,-35.1867,,-22.477
44.4203,842.191,-38.385,,-26.8171
44.4403,784.228,-40.4482,,-30.8961
44.4603,718.415,-41.8935,,-34.6728
44.4803,645.453,-42.9856,,-38.0731
44.5004,566.013,-43.8447,,-41.1321
44.5204,480.923,-44.5374,,-43.7568
44.5404,391.037,-45.0792,,-45.9523
44.5604,297.237,-45.4844,,-47.6792
44.5804,200.473,-45.7667,,-48.9418
44.6004,101.703,-45.9135,,-49.708
44.6202,1.91651,-45.9512,,-49.9818
44.6402,-97.8889,-45.8696,,-49.7531
44.6603,-196.717,-45.6734,,-49.0321
44.6803,-293.582,-45.3351,,-47.8099
44.7003,-387.505,-44.8787,,-46.1194
44.7203,-477.56,-44.3046,,-43.971
44.7403,-562.846,-43.5733,,-41.3732
44.7604,-642.516,-42.6974,,-38.3815
44.7804,-715.763,-41.6567,,-34.9722
44.8004,-781.836,-40.4344,,-31.2305
44.8204,-840.116,-38.982,,-27.1983
44.8404,-890.006,-37.2525,,-22.8772
44.8602,-931.009,-35.1676,,-18.3061
44.8802,-962.682,-32.5727,,-13.5855
44.9003,-984.746,-29.1338,,-8.71197
44.9203,-996.988,-24.1216,,-3.76744
44.9403,-999.268,-15.5401,,1.25013
44.9603,-991.546,-0.699492,,6.21216
44.9803,-973.932,15.4718,,11.1455
45.0004,-946.566,26.4878,,15.9527
45.0204,-909.758,33.0677,,20.5931
45.0404,-863.854,36.9842,,25.0481
45.0604,-809.312,39.4429,,29.24
45.0804,-746.693,41.1002,,33.1343
45.1004,-676.624,42.316,,36.6912
45.1202,-599.797,43.2658,,39.9202
45.1402,-516.952,44.0186,,42.713
45.1603,-428.958,44.6171,,45.0948
45.1803,-336.668,45.077,,47.0187
45.2003,-241.021,45.4013,,48.4755
45.2203,-142.964,45.6059,,49.4513
45.2403,-43.4798,45.6866,,49.929
45.2604,56.4389,45.6483,,49.9073
45.2804,155.793,45.4914,,49.3913
45.3004,253.593,45.2101,,48.3754
45.3204,348.854,44.8001,,46.884
45.3404,440.637,44.2669,,44.9197
45.3602,528.009,43.6065,,42.504
45.3802,610.113,42.7895,,39.6685
45.4003,686.118,41.8049,,36.4358
45.4203,755.272,40.6607,,32.8373
45.4403,816.865,39.3087,,28.9081
45.4603,870.302,37.7073,,24.6952
45.4803,915.053,35.7778,,20.2383
45.5004,950.661,33.4157,,15.5677
45.5204,976.748,30.3888,,10.7511
45.5404,993.099,26.1725,,5.82425
45.5604,999.528,19.444,,0.845003
45.5804,995.96,7.2683,,-4.15283
45.6004,982.442,-9.51989,,-9.10412
45.6202,959.118,-22.8471,,-13.968
45.6402,926.195,-31.0249,,-18.6943
45.6603,884.021,-35.8574,,-23.2075
45.6803,833.028,-38.8178,,-27.5313
45.7003,773.692,-40.7558,,-31.5584
45.7203,706.621,-42.1235,,-35.2569
45.7403,632.534,-43.1669,,-38.6241
45.7604,552.074,-44.0013,,-41.6039
45.7804,466.123,-44.6688,,-44.155
45.8004,375.513,-45.1837,,-46.2704
45.8204,281.152,-45.5652,,-47.9299
45.8404,183.978,-45.8274,,-49.1046
45.8602,84.9683,-45.9656,,-49.7896
45.8802,-14.8915,-45.9768,,-49.9777
45.9003,-114.602,-45.8688,,-49.6651
45.9203,-213.168,-45.6496,,-48.8599
45.9403,-309.602,-45.301,,-47.5619
45.9603,-402.94,-44.8171,,-45.7856
45.9803,-492.26,-44.2172,,-43.5657
46.0004,-576.655,-43.4674,,-40.9007
46.0204,-655.291,-42.5572,,-37.8245
46.0404,-727.387,-41.4924,,-34.3738
46.0604,-792.203,-40.2275,,-30.5845
46.0804,-849.11,-38.7396,,-26.4769
46.1004,-897.528,-36.9592,,-22.1232
46.1202,-936.987,-34.792,,-17.5301
46.1402,-967.073,-32.0817,,-12.7739
46.1603,-987.506,-28.458,,-7.88701
46.1803,-998.073,-23.0355,,-2.91798
46.2003,-998.658,-13.51,,2.08357
46.2203,-989.274,2.21073,,7.04808
46.2403,-970.005,17.7169,,11.9623
46.2604,-941.035,27.864,,16.75
46.2804,-902.659,33.897,,21.351
46.3004,-855.279,37.5072,,25.7706
46.3204,-799.332,39.7922,,29.9241
46.3404,-735.422,41.3552,,33.7524
46.3602,-664.159,42.5279,,37.2686
46.3802,-586.25,43.4345,,40.414
46.4003,-502.487,44.1582,,43.1444
46.4203,-413.711,44.7367,,45.4474
46.4403,-320.794,45.1731,,47.2958
46.4603,-224.677,45.4758,,48.674
46.4803,-126.308,45.663,,49.568
46.5004,-26.6818,45.7187,,49.9581
46.5204,73.2118,45.6557,,49.8578
46.5404,172.375,45.4849,,49.2518
46.5604,269.816,45.1863,,48.1644
46.5804,364.564,44.7527,,46.5859
46.6004,455.664,44.1947,,44.5353
46.6202,542.208,43.5085,,42.062
46.6402,623.345,42.6638,,39.1573
46.6603,698.247,41.6601,,35.8487
46.6803,766.17,40.4753,,32.1914
46.7003,826.429,39.0846,,28.2215
46.7203,878.452,37.4355,,23.967
46.7403,921.685,35.4477,,19.4673
46.7604,955.726,32.9926,,14.7684
46.7804,980.198,29.8047,,9.9324
46.8004,994.885,25.2955,,4.98492
46.8204,999.645,17.8935,,5.81E-03
46.8404,994.38,4.58058,,-4.9934
46.8602,979.193,-12.1675,,-9.93095
46.8802,954.239,-24.5476,,-14.7682
46.9003,919.755,-32.0363,,-19.4673
46.9203,876.048,-36.4798,,-23.9606
46.9403,823.603,-39.2339,,-28.2318
46.9603,762.933,-41.0479,,-32.1969
46.9803,694.641,-42.3395,,-35.8516
47.0004,619.408,-43.3508,,-39.1527
47.0204,537.991,-44.1656,,-42.0533
47.0404,451.194,-44.7984,,-44.5506
47.0604,359.879,-45.2827,,-46.5837
47.0804,264.983,-45.6522,,-48.1569
47.1004,167.432,-45.8967,,-49.2558
47.1202,68.2089,-46.0063,,-49.8569
47.1402,-31.6955,-45.9913,,-49.9596
47.1603,-131.283,-45.8759,,-49.5642
47.1803,-229.559,-45.6311,,-48.6755
47.2003,-325.54,-45.2578,,-47.2946
47.2203,-418.269,-44.7569,,-45.4506
47.2403,-506.819,-44.1305,,-43.1435
47.2604,-590.307,-43.3544,,-40.4091
47.2804,-667.897,-42.4259,,-37.2685
47.3004,-738.807,-41.3188,,-33.7611
47.3204,-802.334,-40.021,,-29.9123
47.3404,-857.851,-38.4896,,-25.7656
47.3602,-904.808,-36.6522,,-21.3709
47.3802,-942.712,-34.4157,,-16.7366
47.4003,-971.199,-31.5766,,-11.9535
47.4203,-989.97,-27.7313,,-7.05727
47.4403,-998.872,-21.8313,,-2.08139
47.4603,-997.783,-11.2807,,2.92059
47.4803,-986.724,5.08809,,7.8789
47.5004,-965.816,19.8083,,12.7649
47.5204,-935.231,29.1388,,17.5611
47.5404,-895.299,34.6622,,22.1082
47.5604,-846.448,37.9861,,26.4804
47.5804,-789.127,40.124,,30.5841
47.6004,-723.934,41.6102,,34.3786
47.6202,-651.502,42.7265,,37.825
47.6402,-572.549,43.5944,,40.9
47.6603,-487.895,44.2985,,43.5569
47.6803,-398.352,44.8521,,45.7923
47.7003,-304.831,45.2675,,47.5643
47.7203,-208.264,45.5388,,48.8586
47.7403,-109.619,45.7091,,49.6664
47.7604,-9.87631,45.7562,,49.9772
47.7804,89.9639,45.67,,49.7899
47.8004,188.907,45.4667,,49.105
47.8204,285.962,45.148,,47.9282
47.8404,380.161,44.709,,46.2734
47.8602,470.559,44.1228,,44.1547
47.8802,556.249,43.3986,,41.5942
47.9003,636.388,42.5338,,38.6248
47.9203,710.171,41.5089,,35.2651
47.9403,776.853,40.2905,,31.5525
47.9603,835.775,38.8544,,27.5226
47.9803,886.343,37.1514,,23.221
48.0004,928.073,35.0985,,18.6882
48.0204,960.507,32.5464,,13.9608
48.0404,983.347,29.1845,,9.10257
48.0604,996.369,24.3437,,4.15793
48.0804,999.447,16.168,,-0.83587
48.1004,992.528,1.76619,,-5.82694
48.1202,975.681,-14.6602,,-10.752
48.1402,949.104,-26.1104,,-15.5715
48.1603,913.037,-32.9819,,-20.2355
48.1803,867.833,-37.0618,,-24.7021
48.2003,813.97,-39.6096,,-28.9106
48.2203,751.972,-41.3109,,-32.8357
48.2403,682.46,-42.5606,,-36.4439
48.2604,606.124,-43.5371,,-39.6593
48.2804,523.751,-44.303,,-42.5082
48.3004,436.125,-44.9075,,-44.9205
48.3204,344.153,-45.3873,,-46.8836
48.3404,248.736,-45.7357,,-48.3753
48.3602,150.841,-45.9456,,-49.3893
48.3802,51.4321,-46.0334,,-49.91
48.4003,-48.4893,-46.0128,,-49.9269
48.4203,-147.926,-45.8784,,-49.4524
48.4403,-245.882,-45.6049,,-48.4731
48.4603,-341.386,-45.2082,,-47.0211
48.4803,-433.476,-44.6975,,-45.0911
48.5004,-521.235,-44.0427,,-42.7118
48.5204,-603.781,-43.2348,,-39.9068
48.5404,-680.307,-42.2723,,-36.7134
48.5604,-750.022,-41.1549,,-33.1281
48.5804,-812.244,-39.8187,,-29.2346
48.6004,-866.367,-38.2257,,-25.0478
48.6202,-911.796,-36.3269,,-20.5844
48.6402,-948.161,-34.0166,,-15.9587
48.6603,-975.029,-31.0505,,-11.1439
48.6803,-992.176,-26.9499,,-6.22489
48.7003,-999.397,-20.4929,,-1.24219
48.7203,-996.615,-8.84446,,3.77142
48.7403,-983.881,7.90816,,8.70545
48.7604,-961.321,21.7406,,13.5868
48.7804,-929.144,30.3116,,18.3275
48.8004,-887.704,35.3577,,22.8562
48.8204,-837.4,38.4314,,27.1964
48.8404,-778.705,40.4378,,31.2402
48.8602,-712.233,41.8519,,34.9914
48.8802,-638.64,42.9149,,38.366
48.9003,-558.693,43.7468,,41.3684
48.9203,-473.149,44.4309,,43.9737
48.9403,-382.878,44.9621,,46.118
48.9603,-288.776,45.3489,,47.8196
48.9803,-191.796,45.6053,,49.0242
49.0004,-92.8952,45.7541,,49.7536
49.0204,6.93144,45.7773,,49.9813
49.0404,106.691,45.6734,,49.7095
49.0604,205.383,45.4596,,48.9386
49.0804,302.025,45.1149,,47.6872
49.1004,395.647,44.6406,,45.9461
49.1202,485.32,44.04,,43.7578
49.1402,570.138,43.3002,,41.1289
49.1603,649.27,42.4104,,38.085
49.1803,721.907,41.343,,34.6661
49.2003,787.33,40.0838,,30.8858
49.2203,844.884,38.6197,,26.8188
49.2403,893.996,36.87,,22.4863
49.2604,934.196,34.7369,,17.8928
49.2804,965.03,32.0644,,13.1605
49.3004,986.238,28.5284,,8.26972
49.3204,997.593,23.3108,,3.32396
49.3404,998.979,14.2294,,-1.68582
49.3602,990.384,-1.12926,,-6.65766
49.3802,971.893,-16.9922,,-11.5633
49.4003,943.697,-27.5435,,-16.3709
49.4203,906.058,-33.8418,,-21.0098
49.4403,859.372,-37.6041,,-25.4223
49.4603,804.103,-39.9741,,-29.5947
49.4803,740.794,-41.5786,,-33.4641
49.5004,670.067,-42.7707,,-37.0332
49.5204,592.665,-43.7071,,-40.1468
49.5404,509.362,-44.4469,,-42.9445
49.5604,420.943,-45.0326,,-45.2807
49.5804,328.323,-45.4877,,-47.1675
49.6004,232.428,-45.8096,,-48.5811
49.6202,134.203,-46.0027,,-49.5138
49.6402,34.6381,-46.0704,,-49.9472
49.6603,-65.2705,-46.0331,,-49.8823
49.6803,-164.529,-45.8733,,-49.3222
49.7003,-262.142,-45.575,,-48.2626
49.7203,-357.136,-45.1568,,-46.7275
49.7403,-448.563,-44.6281,,-44.7247
49.7604,-535.502,-43.9519,,-42.2663
49.7804,-617.091,-43.1196,,-39.3995
49.8004,-692.517,-42.1262,,-36.1314
49.8204,-761.026,-40.965,,-32.5053
49.8404,-821.937,-39.6006,,-28.5404
49.8602,-874.627,-37.9703,,-24.3163
49.8802,-918.563,-36.0015,,-19.8223
49.9003,-953.351,-33.5886,,-15.1582
49.9203,-978.605,-30.4854,,-10.3182
49.9403,-994.07,-26.1116,,-5.38549
49.9603,-999.621,-19.0173,,-0.398728
49.9803,-995.162,-6.22479,,4.58813
50.0004,-980.792,10.6266,,9.54431
50.0204,-956.585,23.512,,14.392
50.0404,-922.831,31.3752,,19.094
50.0604,-879.865,36.0155,,23.6154
50.0804,-828.094,38.8612,,27.8987
50.1004,-768.054,40.7336,,31.8897
50.1202,-700.358,42.0737,,35.5737
50.1402,-625.636,43.1052,,38.9104
50.1603,-544.677,43.9139,,41.8382
50.1803,-458.278,44.554,,44.3628
50.2003,-367.3,45.0558,,46.4392
50.2203,-272.647,45.4383,,48.0473
50.2403,-175.274,45.6812,,49.1905
50.2604,-76.1468,45.7913,,49.824
50.2804,23.7378,45.7925,,49.9702
50.3004,123.386,45.6832,,49.6137
50.3204,221.805,45.4409,,48.7645
50.3404,318.002,45.0713,,47.4247
50.3602,411.024,44.5812,,45.6098
50.3802,499.942,43.9612,,43.3428
50.4003,583.856,43.1904,,40.6383
50.4203,661.955,42.2683,,37.5421
50.4403,733.419,41.1769,,34.0476
50.4603,797.554,39.8908,,30.223
50.4803,853.737,38.3747,,26.1137
50.5004,901.387,36.5665,,21.7285
50.5204,940.029,34.3528,,17.1173
50.5404,969.286,31.5749,,12.3414
50.5604,988.849,27.8333,,7.44776
50.5804,998.534,22.1541,,2.48129
50.6004,998.237,12.0901,,-2.53083
50.6202,987.971,-4.02886,,-7.4804
50.6402,967.825,-19.1515,,-12.3928
50.6603,938.014,-28.877,,-17.1597
50.6803,898.837,-34.6373,,-21.7621
50.7003,850.654,-38.0941,,-26.1546
50.7203,793.996,-40.3073,,-30.2578
50.7403,729.401,-41.8335,,-34.0879
50.7604,657.519,-42.9737,,-37.5564
50.7804,579.065,-43.8619,,-40.6775
50.8004,494.824,-44.5775,,-43.3645
50.8204,405.639,-45.149,,-45.6331
50.8404,312.405,-45.5783,,-47.4354
50.8602,216.047,-45.875,,-48.7752
50.8802,117.526,-46.0493,,-49.6198
50.9003,17.8363,-46.0986,,-49.9707
50.9203,-82.0334,-46.0417,,-49.8243
50.9403,-181.083,-45.8592,,-49.177
50.9603,-278.324,-45.5459,,-48.037
50.9803,-372.778,-45.11,,-46.4222
51.0004,-463.516,-44.5508,,-44.3423
51.0204,-549.617,-43.8486,,-41.8202
51.0404,-630.232,-42.9897,,-38.8709
51.0604,-704.539,-41.9784,,-35.5424
51.0804,-771.82,-40.7855,,-31.8646
51.1004,-831.391,-39.3673,,-27.852
51.1202,-882.638,-37.6839,,-23.5784
51.1402,-925.073,-35.663,,-19.0539
51.1603,-958.282,-33.1543,,-14.3478
51.1803,-981.901,-29.8757,,-9.48803
51.2003,-995.709,-25.1948,,-4.55759
51.2203,-999.572,-17.3719,,0.442028
51.2403,-993.438,-3.45048,,5.43548
51.2604,-977.393,13.2068,,10.3584
51.2804,-951.566,25.1574,,15.2029
51.3004,-916.243,32.3485,,19.8653
51.3204,-871.762,36.6114,,24.3495
51.3404,-818.56,39.2625,,28.5922
51.3602,-757.172,41.0205,,32.545
51.3802,-688.254,42.294,,36.1482
51.4003,-612.444,43.2757,,39.4287
51.4203,-530.511,44.0609,,42.2896
51.4403,-443.278,44.6899,,44.7482
51.4603,-351.616,45.1679,,46.7398
51.4803,-256.438,45.5106,,48.2798
51.5004,-158.701,45.735,,49.3247
51.5204,-59.3806,45.8397,,49.8875
51.5404,40.5376,45.8168,,49.9452
51.5604,140.05,45.679,,49.5064
51.5804,238.158,45.4187,,48.5693
51.6004,333.889,45.0303,,47.149
51.6202,426.285,44.5184,,45.2683
51.6402,514.428,43.875,,42.9217
51.6603,597.428,43.0763,,40.1453
51.6803,674.453,42.121,,36.973
51.7003,744.738,41.0061,,33.4313
51.7203,807.586,39.6822,,29.5623
51.7403,862.371,38.1187,,25.3807
51.7604,908.536,36.2479,,20.9682
51.7804,945.619,33.9662,,16.3238
51.8004,973.256,31.0538,,11.5295
51.8204,991.182,27.0738,,6.6147
51.8404,999.182,20.8886,,1.63659
51.8602,997.209,9.7433,,-3.36271
51.8802,985.275,-6.88813,,-8.31973
51.9003,963.491,-21.1576,,-13.2008
51.9203,932.073,-30.0906,,-17.9475
51.9403,891.343,-35.3703,,-22.5218
51.9603,841.709,-38.5621,,-26.858
51.9803,783.662,-40.6295,,-30.9357
52.0004,717.793,-42.0788,,-34.6878
52.0204,644.781,-43.1675,,-38.1072
52.0404,565.279,-44.0267,,-41.1611
52.0604,480.146,-44.7201,,-43.7745
52.0804,390.221,-45.2694,,-45.966
52.1004,296.397,-45.6669,,-47.6962
52.1202,199.605,-45.9418,,-48.9539
52.1402,100.819,-46.1024,,-49.7117
52.1603,1.02856,-46.1381,,-49.9814
52.1803,-98.7719,-46.0565,,-49.7489
52.2003,-197.589,-45.8434,,-49.02
52.2203,-294.427,-45.5107,,-47.8015
52.2403,-388.322,-45.0618,,-46.1023
52.2604,-478.34,-44.4797,,-43.9486
52.2804,-563.581,-43.7418,,-41.3523
52.3004,-643.191,-42.8636,,-38.3401
52.3204,-716.371,-41.8263,,-34.9498
52.3404,-782.391,-40.5919,,-31.1992
52.3602,-840.591,-39.1321,,-27.159
52.3802,-890.398,-37.4009,,-22.824
52.4003,-931.31,-35.311,,-18.2746
52.4203,-962.916,-32.6906,,-13.5458
52.4403,-984.912,-29.2413,,-8.67201
52.4603,-997.048,-24.1987,,-3.71484
52.4803,-999.247,-15.5358,,1.28562
52.5004,-991.432,-0.585319,,6.26816
52.5204,-973.724,15.6244,,11.1735
52.5404,-946.288,26.6604,,15.9906
52.5604,-909.402,33.2514,,20.644
52.5804,-863.414,37.1665,,25.0792
52.6004,-808.806,39.6274,,29.2782
52.6202,-746.106,41.2876,,33.1747
52.6402,-675.971,42.5061,,36.7278
52.6603,-599.075,43.4496,,39.9437
52.6803,-516.187,44.2044,,42.7364
52.7003,-428.147,44.8032,,45.1082
52.7203,-335.834,45.261,,47.0389
52.7403,-240.154,45.5878,,48.4852
52.7604,-142.087,45.7946,,49.455
52.7804,-42.5931,45.874,,49.9315
52.8004,57.3253,45.8295,,49.9059
52.8204,156.671,45.6731,,49.3842
52.8404,254.452,45.3911,,48.3657
52.8602,349.686,44.9839,,46.8672
52.8802,441.43,44.4477,,44.8955
52.9003,528.77,43.7768,,42.4868
52.9203,610.806,42.9548,,39.6361
52.9403,686.753,41.9764,,36.4069
52.9603,755.844,40.8236,,32.8056
52.9803,817.378,39.465,,28.8686
53.0004,870.735,37.8535,,24.6613
53.0204,915.416,35.9229,,20.2013
53.0404,950.928,33.5493,,15.5195
53.0604,976.943,30.5007,,10.7115
53.0804,993.208,26.2644,,5.78606
53.1004,999.546,19.4781,,0.790682
53.1202,995.883,7.19848,,-4.19464
53.1402,982.307,-9.66485,,-9.13488
53.1603,958.869,-23.009,,-14.0247
53.1803,925.854,-31.2065,,-18.7274
53.2003,883.606,-36.0434,,-23.2643
53.2203,832.531,-39.0008,,-27.5571
53.2403,773.138,-40.9353,,-31.5853
53.2604,706.01,-42.3152,,-35.2974
53.2804,631.83,-43.3549,,-38.6571
53.3004,551.333,-44.187,,-41.6177
53.3204,465.344,-44.8567,,-44.1806
53.3404,374.689,-45.369,,-46.2877
53.3602,280.302,-45.7575,,-47.9421
53.3802,183.104,-46.0114,,-49.114
53.4003,84.0834,-46.1453,,-49.793
53.4203,-15.7793,-46.1625,,-49.978
53.4403,-115.483,-46.0617,,-49.6603
53.4603,-214.036,-45.8297,,-48.85
53.4803,-310.447,-45.4715,,-47.5514
53.5004,-403.758,-45.0066,,-45.7659
53.5204,-493.029,-44.3969,,-43.5446
53.5404,-577.38,-43.6302,,-40.8632
53.5604,-655.965,-42.7301,,-37.809
53.5804,-728,-41.6593,,-34.3442
53.6004,-792.74,-40.3916,,-30.5408
53.6202,-849.576,-38.8901,,-26.4397
53.6402,-897.913,-37.1088,,-22.079
53.6603,-937.299,-34.9383,,-17.505
53.6803,-967.3,-32.2099,,-12.7197
53.7003,-987.651,-28.5645,,-7.84803
53.7203,-998.121,-23.0977,,-2.86626
53.7403,-998.627,-13.4928,,2.12046
53.7604,-989.147,2.32454,,7.10082
53.7804,-969.787,17.8773,,11.9967
53.8004,-940.738,28.039,,16.7767
53.8204,-902.294,34.0764,,21.4135
53.8404,-854.821,37.691,,25.8035
53.8602,-798.812,39.9787,,29.9587
53.8802,-734.815,41.5466,,33.7853
53.9003,-663.496,42.7118,,37.3002
53.9203,-585.528,43.6188,,40.4409
53.9403,-501.719,44.3466,,43.1641
53.9603,-412.902,44.9239,,45.4661
53.9803,-319.957,45.3575,,47.3134
54.0004,-223.808,45.6565,,48.6823
54.0204,-125.432,45.8456,,49.573
54.0404,-25.7944,45.9109,,49.9616
54.0604,74.0979,45.8436,,49.8527
54.0804,173.247,45.6606,,49.2437
54.1004,270.662,45.3631,,48.1496
54.1202,365.385,44.9375,,46.5703
54.1402,456.45,44.3742,,44.5241
54.1603,542.955,43.6797,,42.0341
54.1803,624.034,42.8342,,39.1239
54.2003,698.879,41.8274,,35.8198
54.2203,766.743,40.635,,32.1687
54.2403,826.928,39.2411,,28.1814
54.2604,878.874,37.5882,,23.9224
54.2804,922.035,35.5874,,19.4284
54.3004,955.975,33.1144,,14.7198
54.3204,980.38,29.9211,,9.88689
54.3404,994.961,25.3882,,4.95017
54.3602,999.633,17.9097,,-0.0462583
54.3802,994.289,4.48395,,-5.03193
54.4003,979.035,-12.3045,,-9.97379
54.4203,953.976,-24.7113,,-14.8149
54.4403,919.379,-32.2287,,-19.5061
54.4603,875.635,-36.673,,-23.9977
54.4803,823.108,-39.411,,-28.2655
54.5004,762.363,-41.2247,,-32.2318
54.5204,694.001,-42.5339,,-35.8835
54.5404,618.71,-43.539,,-39.1802
54.5604,537.243,-44.3453,,-42.084
54.5804,450.394,-44.9797,,-44.5628
54.6004,359.058,-45.4725,,-46.6019
54.6202,264.12,-45.8382,,-48.1721
54.6402,166.555,-46.0804,,-49.2616
54.6603,67.3227,-46.19,,-49.8587
54.6803,-32.5822,-46.1763,,-49.9585
54.7003,-132.165,-46.0589,,-49.5602
54.7203,-230.424,-45.8163,,-48.6635
54.7403,-326.378,-45.438,,-47.2818
54.7604,-419.077,-44.9379,,-45.4336
54.7804,-507.584,-44.3043,,-43.115
54.8004,-591.018,-43.5298,,-40.3848
54.8204,-668.551,-42.598,,-37.2455
54.8404,-739.407,-41.4872,,-33.7244
54.8602,-802.873,-40.1818,,-29.8764
54.8802,-858.312,-38.6435,,-25.7263
54.9003,-905.177,-36.8034,,-21.3243
54.9203,-942.996,-34.5477,,-16.6938
54.9403,-971.403,-31.7016,,-11.9253
54.9603,-990.096,-27.8366,,-6.99863
54.9803,-998.902,-21.8862,,-2.04532
55.0004,-997.737,-11.2418,,2.95623
55.0204,-986.583,5.23119,,7.93808
55.0404,-965.576,19.9627,,12.8097
55.0604,-934.928,29.3142,,17.5725
55.0804,-894.92,34.8495,,22.1715
55.1004,-845.978,38.1722,,26.5123
55.1202,-788.589,40.306,,30.627
55.1402,-723.32,41.7894,,34.399
55.1603,-650.811,42.9178,,37.8727
55.1803,-571.82,43.7865,,40.9131
55.2003,-487.109,44.4797,,43.5836
55.2203,-397.538,45.035,,45.8089
55.2403,-303.983,45.4519,,47.5805
55.2604,-207.392,45.7359,,48.8617
55.2804,-108.738,45.8929,,49.6729
55.3004,-8.98817,45.9286,,49.978
55.3204,90.8485,45.857,,49.7862
55.3404,189.777,45.6605,,49.0963
55.3602,286.808,45.3333,,47.9129
55.3802,380.975,44.8713,,46.2609
55.4003,471.339,44.2984,,44.132
55.4203,556.989,43.5852,,41.5785
55.4403,637.079,42.7042,,38.5899
55.4603,710.798,41.6666,,35.2346
55.4803,777.41,40.4521,,31.5118
55.5004,836.264,39.0097,,27.4907
55.5204,886.755,37.3021,,23.1763
55.5404,928.371,35.2416,,18.6442
55.5604,960.751,32.6696,,13.9271
55.5804,983.505,29.2944,,9.05909
55.6004,996.445,24.418,,4.11464
55.6202,999.429,16.1661,,-0.886038
55.6402,992.425,1.65909,,-5.8683
55.6603,975.505,-14.8136,,-10.7858
55.6803,948.82,-26.2827,,-15.6294
55.7003,912.663,-33.1623,,-20.2694
55.7203,867.388,-37.245,,-24.7451
55.7403,813.436,-39.7976,,-28.9479
55.7604,751.378,-41.5061,,-32.8626
55.7804,681.813,-42.7484,,-36.4903
55.8004,605.4,-43.7105,,-39.6755
55.8204,522.996,-44.489,,-42.5244
55.8404,435.334,-45.1122,,-44.9423
55.8602,343.321,-45.5749,,-46.8971
55.8802,247.878,-45.9108,,-48.3913
55.9003,149.961,-46.1368,,-49.3948
55.9203,50.5456,-46.2288,,-49.9132
55.9403,-49.3764,-46.1988,,-49.9254
55.9603,-148.806,-46.0572,,-49.4444
55.9803,-246.747,-45.7863,,-48.4648
56.0004,-342.219,-45.3932,,-47.002
56.0204,-434.275,-44.8679,,-45.0716
56.0404,-521.991,-44.216,,-42.6957
56.0604,-604.5,-43.4094,,-39.8791
56.0804,-680.958,-42.4516,,-36.6779
56.1004,-750.618,-41.3125,,-33.1008
56.1202,-812.771,-39.9732,,-29.1956
56.1402,-866.803,-38.385,,-25.0061
56.1603,-912.185,-36.4841,,-20.5629
56.1803,-948.453,-34.149,,-15.8986
56.2003,-975.222,-31.1604,,-11.0978
56.2203,-992.277,-27.0465,,-6.17751
56.2403,-999.409,-20.5435,,-1.19969
56.2604,-996.551,-8.7896,,3.80129
56.2804,-983.74,8.05633,,8.75485
56.3004,-961.086,21.902,,13.6278
56.3204,-928.84,30.4788,,18.3615
56.3404,-887.307,35.5498,,22.9099
56.3602,-836.906,38.6277,,27.2273
56.3802,-778.15,40.625,,31.2805
56.4003,-711.624,42.0262,,35.006
56.4203,-637.964,43.0991,,38.4139
56.4403,-557.952,43.9478,,41.3928
56.4603,-472.371,44.6194,,43.9908
56.4803,-382.054,45.1432,,46.1385
56.5004,-287.926,45.5373,,47.8277
56.5204,-190.923,45.8025,,49.0373
56.5404,-92.0114,45.9411,,49.7557
56.5604,7.81927,45.9595,,49.9805
56.5804,107.574,45.8592,,49.7055
56.6004,206.251,45.6412,,48.9297
56.6202,302.867,45.2948,,47.6691
56.6402,396.454,44.8239,,45.9303
56.6603,486.091,44.2229,,43.7378
56.6803,570.871,43.4714,,41.0996
56.7003,649.928,42.5712,,38.0586
56.7203,722.511,41.5119,,34.6299
56.7403,787.878,40.2582,,30.8623
56.7604,845.346,38.7701,,26.775
56.7804,894.384,37.0101,,22.4223
56.8004,934.49,34.8809,,17.8775
56.8204,965.258,32.1967,,13.1155
56.8404,986.381,28.6314,,8.23028
56.8602,997.648,23.3675,,3.28318
56.8802,998.954,14.2188,,-1.73318
56.9003,990.26,-1.23887,,-6.70256
56.9203,971.68,-17.1487,,-11.6208
56.9403,943.398,-27.7292,,-16.4007
56.9603,905.68,-34.0304,,-21.0494
56.9803,858.917,-37.7827,,-25.4618
57.0004,803.576,-40.1595,,-29.6277
57.0204,740.19,-41.7724,,-33.5068
57.0404,669.424,-42.952,,-37.0186
57.0604,591.972,-43.8858,,-40.2102
57.0804,508.594,-44.64,,-42.9642
57.1004,420.141,-45.22,,-45.3022
57.1202,327.484,-45.6653,,-47.1835
57.1402,231.559,-45.9979,,-48.5928
57.1603,133.32,-46.1923,,-49.5171
57.1803,33.7505,-46.2516,,-49.9482
57.2003,-66.1568,-46.21,,-49.8806
57.2203,-165.404,-46.0547,,-49.3118
57.2403,-263,-45.7654,,-48.2527
57.2604,-357.967,-45.3416,,-46.7182
57.2804,-449.355,-44.8026,,-44.6966
57.3004,-536.251,-44.1207,,-42.2463
57.3204,-617.791,-43.2925,,-39.3709
57.3404,-693.164,-42.2992,,-36.1073
57.3602,-761.625,-41.1356,,-32.4694
57.3802,-822.444,-39.7573,,-28.506
57.4003,-875.05,-38.1114,,-24.2693
57.4203,-918.937,-36.1478,,-19.7976
57.4403,-953.628,-33.7253,,-15.0988
57.4603,-978.769,-30.5982,,-10.2705
57.4803,-994.171,-26.1972,,-5.3484
57.5004,-999.63,-19.0455,,-0.361424
57.5204,-995.095,-6.14534,,4.64085
57.5404,-980.607,10.7775,,9.58986
57.5604,-956.328,23.6887,,14.426
57.5804,-922.49,31.552,,19.1403
57.6004,-879.434,36.1985,,23.6574
57.6202,-827.591,39.0512,,27.932
57.6402,-767.485,40.926,,31.9264
57.6603,-699.71,42.2648,,35.6088
57.6803,-624.961,43.2916,,38.9266
57.7003,-543.932,44.0932,,41.8663
57.7203,-457.493,44.7468,,44.383
57.7403,-366.472,45.2605,,46.4571
57.7604,-271.792,45.6227,,48.0645
57.7804,-174.398,45.8584,,49.1923
57.8004,-75.2633,45.9812,,49.8287
57.8204,24.6257,45.9927,,49.9696
57.8404,124.269,45.8681,,49.6092
57.8602,222.668,45.6169,,48.7518
57.8802,318.849,45.2522,,47.4167
57.9003,411.838,44.7661,,45.5908
57.9203,500.716,44.1401,,43.3211
57.9403,584.577,43.3602,,40.6118
57.9603,662.618,42.4378,,37.5114
57.9803,734.025,41.3466,,34.0105
58.0004,798.089,40.0489,,30.198
58.0204,854.201,38.5303,,26.0689
58.0404,901.766,36.7119,,21.6771
58.0604,940.328,34.4949,,17.0782
58.0804,969.492,31.7002,,12.3072
58.1004,988.978,27.9317,,7.40047
58.1202,998.567,22.2182,,2.43638
58.1402,998.181,12.0586,,-2.5724
58.1603,987.821,-4.16294,,-7.53375
58.1803,967.602,-19.316,,-12.4248
58.2003,937.709,-29.0475,,-17.2
58.2203,898.44,-34.8237,,-21.8067
58.2403,850.194,-38.2873,,-26.1814
58.2604,793.453,-40.4957,,-30.3086
58.2804,728.793,-42.0205,,-34.1073
58.3004,656.849,-43.1589,,-37.6034
58.3204,578.337,-44.0522,,-40.6908
58.3404,494.052,-44.7728,,-43.3924
58.3602,404.826,-45.3411,,-45.6421
58.3802,311.56,-45.7655,,-47.4548
58.4003,215.181,-46.0582,,-48.7839
58.4203,116.644,-46.2398,,-49.6259
58.4403,16.9482,-46.2923,,-49.9715
58.4603,-82.9175,-46.2315,,-49.8184
58.4803,-181.956,-46.0448,,-49.1723
58.5004,-279.181,-45.7251,,-48.0258
58.5204,-373.612,-45.295,,-46.4083
58.5404,-464.306,-44.7321,,-44.3192
58.5604,-550.363,-44.0241,,-41.7918
58.5804,-630.926,-43.1619,,-38.8482
58.6004,-705.171,-42.1442,,-35.5108
58.6202,-772.396,-40.951,,-31.8257
58.6402,-831.878,-39.5234,,-27.8202
58.6603,-883.056,-37.8376,,-23.5352
58.6803,-925.433,-35.8075,,-19.0077
58.7003,-958.517,-33.2821,,-14.3039
58.7203,-982.061,-29.9934,,-9.45748
58.7403,-995.782,-25.2709,,-4.50205
58.7604,-999.569,-17.3926,,0.480878
58.7804,-993.337,-3.35709,,5.47612
58.8004,-977.216,13.3602,,10.4036
58.8204,-951.296,25.322,,15.24
58.8404,-915.878,32.5358,,19.9124
58.8602,-871.326,36.8012,,24.3909
58.8802,-818.039,39.4436,,28.6295
58.9003,-756.622,41.2034,,32.5511
58.9203,-687.614,42.478,,36.2014
58.9403,-611.744,43.4675,,39.4555
58.9603,-529.758,44.2487,,42.3173
58.9803,-442.484,44.8746,,44.7646
59.0004,-350.784,45.3524,,46.7572
59.0204,-255.585,45.6992,,48.2899
59.0404,-157.825,45.9249,,49.3352
59.0604,-58.4931,46.0276,,49.8877
59.0804,41.4245,46.0016,,49.9435
59.1004,140.927,45.8593,,49.4988
59.1202,239.023,45.6089,,48.5627
59.1402,334.729,45.2128,,47.1379
59.1603,427.094,44.6945,,45.2439
59.1803,515.189,44.0464,,42.8959
59.2003,598.138,43.2509,,40.123
59.2203,675.107,42.2964,,36.9429
59.2403,745.338,41.1681,,33.4049
59.2604,808.103,39.8391,,29.5101
59.2804,862.813,38.2742,,25.3494
59.3004,908.888,36.3941,,20.913
59.3204,945.895,34.0937,,16.2941
59.3404,973.458,31.1748,,11.4868
59.3602,991.28,27.1752,,6.56491
59.3802,999.214,20.9386,,1.60551
59.4003,997.148,9.68172,,-3.4105
59.4203,985.105,-7.03227,,-8.36758
59.4403,963.242,-21.3158,,-13.2436
59.4603,931.755,-30.2703,,-17.9853
59.4803,890.936,-35.5574,,-22.5589
59.5004,841.235,-38.7517,,-26.9012
59.5204,783.117,-40.8177,,-30.9572
59.5404,717.184,-42.2671,,-34.7263
59.5604,644.089,-43.3514,,-38.1457
59.5804,564.55,-44.2157,,-41.1735
59.6004,479.372,-44.9104,,-43.7994
59.6202,389.404,-45.4509,,-45.9859
59.6402,295.549,-45.849,,-47.7136
59.6603,198.73,-46.1343,,-48.9571
59.6803,99.9353,-46.2942,,-49.7172
59.7003,0.14079,-46.3153,,-49.9818
59.7203,-99.6558,-46.2355,,-49.7444
59.7403,-198.457,-46.0306,,-49.0108
59.7604,-295.274,-45.6987,,-47.7889
59.7804,-389.14,-45.2375,,-46.0849
59.8004,-479.122,-44.65,,-43.9287
59.8204,-564.316,-43.9192,,-41.3266
59.8404,-643.857,-43.0382,,-38.3055
59.8602,-716.991,-41.9866,,-34.9206
59.8802,-782.936,-40.756,,-31.1747
59.9003,-841.074,-39.2905,,-27.1124
59.9203,-890.812,-37.5489,,-22.8003
59.9403,-931.661,-35.4403,,-18.2316
59.9603,-963.156,-32.8223,,-13.4888
59.9803,-985.049,-29.357,,-8.6236
60.0004,-996.162,-22.5153,,-2.04852