0.0203282,0.0308479,0.0735652,,0.0270694
0.0403324,0.0905183,0.318963,,0.0301297
0.0603367,0.150482,0.540631,,0.0298658
0.0803257,0.210396,0.758947,,0.0300642
0.10033,0.270205,0.980653,,0.0299166
0.120334,0.329899,1.19653,,0.0297365
0.140339,0.389483,1.41486,,0.0297464
0.160328,0.448904,1.6191,,0.0297113
0.180332,0.508129,1.83075,,0.0294622
0.200336,0.567179,2.03502,,0.0295955
0.22034,0.625969,2.236,,0.0293299
0.240329,0.68454,2.4407,,0.0291935
0.260334,0.742833,2.64102,,0.0290591
0.280338,0.800835,2.83633,,0.0289673
0.300327,0.85851,3.03001,,0.0287517
0.320331,0.915825,3.22877,,0.0285373
0.340335,0.97279,3.41619,,0.0284305
0.36034,1.02936,3.60376,,0.0281104
0.380329,1.08551,3.78957,,0.0280444
0.400333,1.14124,3.9765,,0.0277929
0.420337,1.19651,4.15595,,0.0275107
0.440326,1.25131,4.33218,,0.0272835
0.460331,1.30555,4.51142,,0.0269716
0.480335,1.35936,4.68242,,0.0267542
0.500339,1.41259,4.85468,,0.0265443
0.520328,1.46524,5.02699,,0.0261085
0.540332,1.5173,5.19069,,0.0259033
0.560337,1.56874,5.34939,,0.0255153
0.580326,1.61961,5.50953,,0.0253352
0.60033,1.66979,5.66945,,0.0248953
0.620334,1.71934,5.82072,,0.0247255
0.640339,1.76817,5.97234,,0.0241385
0.660328,1.81626,6.12743,,0.023926
0.680332,1.86366,6.26716,,0.0235458
0.700336,1.91032,6.41082,,0.0230925
0.72034,1.95621,6.60077,,0.0227324
0.740329,2.00132,6.71014,,0.0223852
0.760334,2.04562,6.83903,,0.0219551
0.780338,2.08913,6.97089,,0.0215378
0.800327,2.13178,7.09867,,0.0211625
0.820331,2.17354,7.22187,,0.0206943
0.840335,2.2145,7.34275,,0.0202366
0.86034,2.25451,7.45385,,0.0198082
0.880329,2.29368,7.56351,,0.0193992
0.900333,2.33187,7.67594,,0.0187902
0.920337,2.36919,7.78843,,0.0184305
0.940326,2.40554,7.88802,,0.0180829
0.960331,2.44091,7.98371,,0.0173951
0.980335,2.47532,8.07828,,0.0168863
1.00034,2.5087,8.17457,,0.0165236
1.02033,2.5412,8.26212,,0.0159943
1.04033,2.57253,8.34239,,0.0153573
1.06034,2.60289,8.42354,,0.0150258
1.08033,2.63226,8.50424,,0.0144724
1.10033,2.66052,8.58044,,0.0139089
1.12033,2.68774,8.65012,,0.0131995
1.14034,2.71383,8.7128,,0.0128613
1.16033,2.73893,8.76997,,0.0123665
1.18033,2.76288,8.83538,,0.0116931
1.20034,2.78572,8.89287,,0.0110598
1.22034,2.80749,8.93824,,0.0106513
1.24033,2.82808,8.98528,,0.0100867
1.26033,2.84755,9.03152,,9.42E-03
1.28034,2.86592,9.07003,,8.93E-03
1.30033,2.88307,9.10259,,8.32E-03
1.32033,2.89912,9.13426,,7.75E-03
1.34034,2.91401,9.16694,,7.15E-03
1.36034,2.92771,9.19093,,6.60E-03
1.38033,2.94029,9.20842,,5.92E-03
1.40033,2.95165,9.22738,,5.53E-03
1.42034,2.96185,9.23993,,4.74E-03
1.44033,2.97087,9.25065,,4.25E-03
1.46033,2.97863,9.25229,,3.51E-03
1.48033,2.98522,9.25509,,3.08E-03
1.50034,2.99067,9.25249,,2.44E-03
1.52033,2.99494,9.24869,,1.87E-03
1.54033,2.99803,9.23676,,1.17E-03
1.56034,2.99982,9.22005,,6.28E-04
1.58033,3.00046,9.20682,,5.93E-05
1.60033,2.9999,9.18818,,-4.94E-04
1.62033,2.99812,9.15739,,-1.21E-03
1.64034,2.99515,9.12803,,-1.80E-03
1.66033,2.99101,9.09894,,-2.32E-03
1.68033,2.98561,9.0631,,-3.00E-03
1.70034,2.97907,9.02346,,-3.55E-03
1.72034,2.97138,8.97804,,-4.14E-03
1.74033,2.96246,8.92699,,-4.75E-03
1.76033,2.95231,8.8771,,-5.43E-03
1.78034,2.941,8.8293,,-5.84E-03
1.80033,2.92855,8.76783,,-6.54E-03
1.82033,2.9149,8.70178,,-7.03E-03
1.84034,2.90011,8.6384,,-7.75E-03
1.86034,2.88409,8.57462,,-8.23E-03
1.88033,2.86702,8.49936,,-8.85E-03
1.90033,2.84871,8.41862,,-9.36E-03
1.92034,2.82934,8.34275,,-0.0100582
1.94033,2.80878,8.26262,,-0.0105193
1.96033,2.78703,8.17319,,-0.0111214
1.98033,2.76433,8.08306,,-0.0116554
2.00034,2.74048,7.99468,,-0.012142
2.02033,2.71542,7.89554,,-0.0127788
2.04033,2.68939,7.79347,,-0.0133118
2.06034,2.66223,7.69423,,-0.0139128
2.08033,2.63402,7.59239,,-0.0142363
2.10033,2.60479,7.4741,,-0.0149144
2.12033,2.5745,7.36233,,-0.015419
2.14034,2.54318,7.24939,,-0.0158197
2.16033,2.51078,7.1336,,-0.0164479
2.18033,2.47745,7.00839,,-0.0169158
2.20034,2.44309,6.88297,,-0.0173995
2.22034,2.40777,6.75447,,-0.0179448
2.24033,2.37145,6.62198,,-0.0183176
2.26033,2.33425,6.49546,,-0.018844
2.28034,2.29609,6.35735,,-0.0192603
2.30033,2.25702,6.2144,,-0.0198612
2.32033,2.21702,6.07989,,-0.0201285
2.34034,2.17612,5.93466,,-0.0205612
2.36034,2.13438,5.78646,,-0.0212338
2.38033,2.09177,5.63966,,-0.0214681
2.40033,2.04832,5.48882,,-0.0218976
2.42034,2.00411,5.33108,,-0.0222838
2.44033,1.95902,5.17588,,-0.0227317
2.46033,1.91319,5.02585,,-0.0231159
2.48033,1.86658,4.85833,,-0.0234916
2.50034,1.81922,4.68892,,-0.0238141
2.52033,1.77113,4.52482,,-0.0242407
2.54033,1.72234,4.36642,,-0.0246236
2.56034,1.67289,4.19495,,-0.0248442
2.58033,1.62275,4.01366,,-0.0252329
2.60033,1.57191,3.84048,,-0.0255415
2.62033,1.52049,3.67206,,-0.0259512
2.64034,1.46842,3.49934,,-0.0260926
2.66033,1.41586,3.31485,,-0.0264418
2.68033,1.36264,3.12452,,-0.0267077
2.70034,1.30894,2.95485,,-0.026963
2.72034,1.25466,2.77037,,-0.0272747
2.74033,1.1999,2.58392,,-0.0274762
2.76033,1.14469,2.40028,,-0.0277693
2.78034,1.08898,2.20895,,-0.0279482
2.80033,1.03286,2.02058,,-0.0281578
2.82033,0.976289,1.83478,,-0.0283903
2.84034,0.919364,1.64496,,-0.0285411
2.86034,0.862058,1.44774,,-0.0286995
2.88033,0.80443,1.25519,,-0.0289241
2.90033,0.74643,1.0679,,-0.0290728
2.92034,0.688172,0.874231,,-0.0292321
2.94033,0.629661,0.677379,,-0.0292729
2.96033,0.570861,0.483246,,-0.0294609
2.98033,0.511832,0.285603,,-0.0295636
3.00034,0.452613,0.0911366,,-0.0296914
3.02033,0.393173,-0.0988533,,-0.0297679
3.04033,0.333623,-0.299355,,-0.0298028
3.06034,0.273934,-0.501109,,-0.0298555
3.08033,0.214101,-0.694003,,-0.0299323
3.10033,0.154206,-0.881134,,-0.0299544
3.12033,0.0942661,-1.07866,,-0.0299878
3.14034,0.0342719,-1.28278,,-0.0300383
3.16033,-0.0257573,-1.47886,,-0.030048
3.18033,-0.0857487,-1.66759,,-0.0299175
3.20034,-0.145713,-1.85447,,-0.0299985
3.22034,-0.205603,-2.04765,,-0.0298965
3.24033,-0.26543,-2.24486,,-0.0298737
3.26033,-0.325139,-2.4352,,-0.0298164
3.28034,-0.384747,-2.62889,,-0.0297428
3.30033,-0.444169,-2.80926,,-0.0296828
3.32033,-0.50344,-2.9909,,-0.0295997
3.34034,-0.562464,-3.19474,,-0.0294976
3.36034,-0.621293,-3.38152,,-0.029307
3.38033,-0.679903,-3.55015,,-0.029315
3.40033,-0.738227,-3.7257,,-0.0290922
3.42034,-0.796193,-3.91919,,-0.0288925
3.44033,-0.853886,-4.10926,,-0.0288064
3.46033,-0.911216,-4.28078,,-0.0285006
3.48033,-0.968212,-4.44027,,-0.0284269
3.50034,-1.02481,-4.62577,,-0.0282145
3.52033,-1.08102,-4.80685,,-0.0280112
3.54033,-1.13678,-4.97331,,-0.0277693
3.56034,-1.19209,-5.13308,,-0.0275708
3.58033,-1.24691,-5.30476,,-0.0272706
3.60033,-1.30125,-5.47814,,-0.0270644
3.62033,-1.35507,-5.64031,,-0.0268039
3.64034,-1.40834,-5.79156,,-0.0264481
3.66033,-1.46103,-5.95116,,-0.0262411
3.68033,-1.51312,-6.11319,,-0.0259488
3.70034,-1.56465,-6.264,,-0.0255459
3.72034,-1.61554,-6.41182,,-0.0253274
3.74033,-1.6658,-6.56524,,-0.0248852
3.76033,-1.71537,-6.70473,,-0.0246714
3.78034,-1.76427,-6.84665,,-0.02433
3.80033,-1.81246,-6.98709,,-0.0239276
3.82033,-1.85988,-7.12562,,-0.0235678
3.84034,-1.90659,-7.25915,,-0.0231476
3.86034,-1.95259,-7.38571,,-0.0227909
3.88033,-1.99774,-7.51309,,-0.0223641
3.90033,-2.0421,-7.64239,,-0.021959
3.92034,-2.08567,-7.76845,,-0.021654
3.94033,-2.12839,-7.87959,,-0.0210566
3.96033,-2.17025,-7.99467,,-0.0207569
3.98033,-2.21125,-8.11104,,-0.0202957
4.00034,-2.25137,-8.22099,,-0.0199306
4.02033,-2.29062,-8.32525,,-0.019292
4.04033,-2.3289,-8.42754,,-0.0189377
4.06034,-2.36624,-8.53153,,-0.0184867
4.08033,-2.40268,-8.62006,,-0.0180162
4.10033,-2.43814,-8.7121,,-0.0174708
4.12033,-2.47263,-8.80705,,-0.0170166
4.14034,-2.50613,-8.89479,,-0.0165298
4.16033,-2.53857,-8.97277,,-0.0159147
4.18033,-2.57006,-9.04425,,-0.0155427
4.20034,-2.60053,-9.12599,,-0.0150384
4.22034,-2.63002,-9.19942,,-0.0144749
4.24033,-2.65831,-9.25879,,-0.0139331
4.26033,-2.68553,-9.33E+00,,-0.0132956
4.28034,-2.71179,-9.39404,,-0.012957
4.30033,-2.73694,-9.44757,,-0.0122352
4.32033,-2.76098,-9.49098,,-0.0117684
4.34034,-2.78396,-9.55238,,-0.0112018
4.36034,-2.80585,-9.60644,,-0.0107198
4.38033,-2.82645,-9.63453,,-0.0100204
4.40033,-2.84603,-9.66382,,-9.48E-03
4.42034,-2.8645,-9.70912,,-8.99E-03
4.44033,-2.88173,-9.75501,,-8.34E-03
4.46033,-2.89789,-9.77136,,-7.83E-03
4.48033,-2.91285,-9.78585,,-7.21E-03
4.50034,-2.92662,-9.80971,,-6.62E-03
4.52033,-2.93937,-9.83935,,-5.94E-03
4.54033,-2.9507,-9.85434,,-5.53E-03
4.56034,-2.96108,-9.84219,,-4.93E-03
4.58033,-2.97016,-9.84962,,-4.18E-03
4.60033,-2.97803,-9.86651,,-3.75E-03
4.62033,-2.98477,-9.8661,,-2.97E-03
4.64034,-2.99027,-9.85225,,-2.53E-03
4.66033,-2.99472,-9.83604,,-1.97E-03
4.68033,-2.99781,-9.82526,,-1.24E-03
4.70034,-2.9997,-9.81527,,-6.86E-04
4.72034,-3.00045,-9.80013,,-7.80E-06
4.74033,-2.99999,-9.76751,,5.19E-04
4.76033,-2.99834,-9.72969,,1.07E-03
4.78034,-2.99544,-9.70796,,1.74E-03
4.80033,-2.99135,-9.67851,,2.24E-03
4.82033,-2.98608,-9.6411,,3.01E-03
4.84034,-2.97965,-9.58696,,3.47E-03
4.86034,-2.97208,-9.54516,,4.13E-03
4.88033,-2.9632,-9.50376,,4.70E-03
4.90033,-2.95314,-9.4518,,5.30E-03
4.92034,-2.94195,-9.38924,,5.86E-03
4.94033,-2.92956,-9.32692,,6.47E-03
4.96033,-2.91599,-9.26525,,6.97E-03
4.98033,-2.90138,-9.2013,,7.79E-03
5.00034,-2.88538,-9.13358,,8.08E-03
5.02033,-2.8684,-9.05325,,8.91E-03
5.04033,-2.8501,-8.97855,,9.31E-03
5.06034,-2.83093,-8.89789,,9.95E-03
5.08033,-2.8104,-8.8187,,0.0103868
5.10033,-2.78883,-8.72644,,0.0111776
5.12033,-2.7662,-8.63087,,0.0115283
5.14034,-2.74239,-8.53938,,0.0121935
5.16033,-2.71743,-8.44523,,0.0126691
5.18033,-2.69146,-8.34681,,0.0132931
5.20034,-2.66447,-8.23405,,0.0137861
5.22034,-2.63623,-8.133,,0.0144119
5.24033,-2.60713,-8.0232,,0.0147405
5.26033,-2.57691,-7.9081,,0.0153561
5.28034,-2.54566,-7.78777,,0.0159071
5.30033,-2.51333,-7.67083,,0.0163489
5.32033,-2.4801,-7.54806,,0.0168817
5.34034,-2.44584,-7.42489,,0.0172779
5.36034,-2.41057,-7.29069,,0.017965
5.38033,-2.37434,-7.16023,,0.0183232
5.40033,-2.33719,-7.03433,,0.0187865
5.42034,-2.29911,-6.89303,,0.0192902
5.44033,-2.26011,-6.74803,,0.01977
5.46033,-2.2202,-6.60594,,0.0200992
5.48033,-2.17936,-6.46942,,0.0205868
5.50034,-2.1377,-6.31915,,0.0210881
5.52033,-2.09518,-6.16652,,0.0213852
5.54033,-2.0518,-6.01486,,0.0219187
5.56034,-2.00759,-5.8574,,0.0222588
5.58033,-1.96263,-5.69855,,0.0226831
5.60033,-1.91683,-5.53995,,0.0230791
5.62033,-1.87025,-5.37338,,0.0235089
5.64034,-1.82301,-5.21173,,0.0237911
5.66033,-1.77497,-5.04691,,0.0241903
5.68033,-1.7262,-4.87742,,0.024617
5.70034,-1.67678,-4.70503,,0.02483
5.72034,-1.62669,-4.53233,,0.025225
5.74033,-1.57592,-4.36327,,0.0254391
5.76033,-1.52458,-4.17852,,0.0258885
5.78034,-1.47259,-4.00602,,0.0261386
5.80033,-1.42001,-3.83109,,0.0264235
5.82033,-1.36683,-3.64104,,0.0266578
5.84034,-1.31317,-3.45687,,0.0269785
5.86034,-1.25895,-3.27776,,0.0273054
5.88033,-1.20424,-3.0914,,0.0274313
5.90033,-1.14905,-2.89378,,0.027702
5.92034,-1.09339,-2.71342,,0.0278935
5.94033,-1.0373,-2.52969,,0.0282392
5.96033,-0.980797,-2.33075,,0.0282452
5.98033,-0.923879,-2.1414,,0.0285574
6.00034,-0.866606,-1.95346,,0.0288007
6.02033,-0.808985,-1.76027,,0.0288715
6.04033,-0.751022,-1.55615,,0.0289915
6.06034,-0.692787,-1.37042,,0.0291934
6.08033,-0.634268,-1.18074,,0.0293167
6.10033,-0.575522,-0.981062,,0.0294797
6.12033,-0.516494,-0.777666,,0.0295101
6.14034,-0.457266,-0.585575,,0.0296925
6.16033,-0.397869,-0.394441,,0.0297817
6.18033,-0.338348,-0.194713,,0.0297438
6.20034,-0.278645,3.78E-03,,0.0298548
6.22034,-0.218839,0.198564,,0.0299679
6.24033,-0.158957,0.396573,,0.0300175
6.26033,-0.0990053,0.59217,,0.0299024
6.28034,-0.0390083,0.78521,,0.0300724
6.30033,0.0210073,0.985706,,0.0300605
6.32033,0.0809854,1.18673,,0.0299244
6.34034,0.140981,1.37661,,0.0299602
6.36034,0.200856,1.56641,,0.0299236
6.38033,0.260694,1.77071,,0.0299021
6.40033,0.320411,1.96463,,0.0297729
6.42034,0.380021,2.15084,,0.0297758
6.44033,0.439455,2.33943,,0.0296599
6.46033,0.498758,2.54073,,0.0296131
6.48033,0.557814,2.7284,,0.0295196
6.50034,0.616669,2.91053,,0.0293598
6.52033,0.675256,3.09949,,0.0291826
6.54033,0.733598,3.28683,,0.0291545
6.56034,0.791667,3.47018,,0.0289475
6.58033,0.849354,3.65589,,0.0288217
6.60033,0.906757,3.8358,,0.0286353
6.62033,0.963787,4.0066,,0.0283322
6.64034,1.02042,4.18865,,0.0282312
6.66033,1.0766,4.37201,,0.027999
6.68033,1.13242,4.54145,,0.0278443
6.70034,1.18778,4.70306,,0.0275281
6.72034,1.24263,4.8792,,0.0272911
6.74033,1.29699,5.05177,,0.0270743
6.76033,1.35087,5.20941,,0.0268831
6.78034,1.40413,5.37047,,0.0264527
6.80033,1.45689,5.52977,,0.0262067
6.82033,1.50906,5.69073,,0.0260032
6.84034,1.56064,5.84722,,0.0255644
6.86034,1.61156,5.99974,,0.0253358
6.88033,1.66185,6.15075,,0.0249735
6.90033,1.71146,6.2966,,0.0246972
6.92034,1.76043,6.44916,,0.0243055
6.94033,1.80868,6.58858,,0.0239199
6.96033,1.85619,6.72515,,0.0236338
6.98033,1.90295,6.85892,,0.0231615
7.00034,1.94898,7.00351,,0.0229236
7.02033,1.99423,7.12994,,0.0223393
7.04033,2.03863,7.25,,0.0220182
7.06034,2.08224,7.3787,,0.0216058
7.08033,2.12501,7.50341,,0.0210914
7.10033,2.16699,7.61865,,0.0208918
7.12033,2.20808,7.73045,,0.0203286
7.14034,2.24826,7.84456,,0.0198732
7.16033,2.28752,7.96062,,0.0194559
7.18033,2.32592,8.05665,,0.0189282
7.20034,2.36334,8.15719,,0.0185272
7.22034,2.39983,8.2618,,0.01798
7.24033,2.43538,8.36301,,0.0175676
7.26033,2.46992,8.44726,,0.017061
7.28034,2.50347,8.52711,,0.0164878
7.30033,2.53609,8.62084,,0.0161033
7.32033,2.56766,8.71374,,0.0155367
7.34034,2.59819,8.78855,,0.0149713
7.36034,2.6277,8.84702,,0.0145881
7.38033,2.65614,8.92156,,0.0139469
7.40033,2.68354,9.00478,,0.0134775
7.42034,2.70983,9.0588,,0.0128303
7.44033,2.73511,9.11451,,0.0123688
7.46033,2.75923,9.17201,,0.011792
7.48033,2.78215,9.23108,,0.0111845
7.50034,2.80412,9.27901,,0.0107145
7.52033,2.82493,9.3199,,0.0101345
7.54033,2.84455,9.35934,,9.55E-03
7.56034,2.86304,9.39871,,8.98E-03
7.58033,2.8804,9.43366,,8.45E-03
7.60033,2.89668,9.46802,,7.81E-03
7.62033,2.91171,9.49196,,7.27E-03
7.64034,2.92557,9.51123,,6.69E-03
7.66033,2.93837,9.53501,,6.12E-03
7.68033,2.9499,9.54719,,5.52E-03
7.70034,2.96037,9.55603,,4.90E-03
7.72034,2.96954,9.57029,,4.34E-03
7.74033,2.97752,9.57427,,3.63E-03
7.76033,2.98434,9.57091,,3.12E-03
7.78034,2.98993,9.56616,,2.60E-03
7.80033,2.99439,9.56421,,1.85E-03
7.82033,2.99758,9.54698,,1.39E-03
7.84034,2.99966,9.53004,,7.43E-04
7.86034,3.00046,9.51469,,1.17E-04
7.88033,3.00007,9.49324,,-5.53E-04
7.90033,2.9985,9.46563,,-1.05E-03
7.92034,2.99573,9.43133,,-1.66E-03
7.94033,2.99174,9.40119,,-2.24E-03
7.96033,2.98654,9.36942,,-2.87E-03
7.98033,2.98022,9.32039,,-3.45E-03
8.00034,2.97277,9.27388,,-4.03E-03
8.02033,2.96393,9.23247,,-4.78E-03
8.04033,2.95394,9.1855,,-5.13E-03
8.06034,2.94293,9.11766,,-5.83E-03
8.08033,2.93061,9.05846,,-6.46E-03
8.10033,2.91711,9.00384,,-7.00E-03
8.12033,2.90256,8.93644,,-7.51E-03
8.14034,2.88677,8.85976,,-8.23E-03
8.16033,2.86982,8.7853,,-8.76E-03
8.18033,2.85168,8.71352,,-9.31E-03
8.20034,2.83253,8.6333,,-9.82E-03
8.22034,2.81213,8.5472,,-0.0105197
8.24033,2.7906,8.45795,,-0.0110587
8.26033,2.76803,8.36745,,-0.0115778
8.28034,2.74432,8.27293,,-0.0120926
8.30033,2.71947,8.18181,,-0.0126087
8.32033,2.69363,8.07966,,-0.0132072
8.34034,2.66663,7.96474,,-0.0137092
8.36034,2.63861,7.86362,,-0.0143216
8.38033,2.60948,7.76406,,-0.0148382
8.40033,2.57931,7.64064,,-0.0153488
8.42034,2.54818,7.51378,,-0.0157398
8.44033,2.51605,7.40299,,-0.0163298
8.46033,2.48284,7.29297,,-0.0167709
8.48034,2.4486,7.16057,,-0.0173452
8.50034,2.41345,7.01474,,-0.017857
8.52033,2.37737,6.88555,,-0.0183224
8.54033,2.34024,6.77134,,-0.0187386
8.56034,2.30223,6.63346,,-0.0192276
8.58033,2.26328,6.47139,,-0.0196973
8.60033,2.22345,6.33819,,-0.0201606
8.62033,2.18267,6.20294,,-0.0205357
8.64034,2.14109,6.05031,,-0.0209876
8.66033,2.09862,5.88548,,-0.0215059
8.68033,2.05532,5.74042,,-0.0217714
8.70034,2.01118,5.59713,,-0.022306
8.72034,1.96626,5.42737,,-0.0226323
8.74033,1.92057,5.25933,,-0.0230223
8.76033,1.87408,5.10689,,-0.0233714
8.78034,1.82683,4.95141,,-0.0238582
8.80033,1.77888,4.76487,,-0.0242299
8.82033,1.73019,4.5971,,-0.0244423
8.84034,1.68079,4.43741,,-0.0248446
8.86034,1.63076,4.26293,,-0.0251576
8.88033,1.58007,4.07988,,-0.0255518
8.90033,1.52875,3.89849,,-0.0257478
8.92034,1.47682,3.73079,,-0.0262175
8.94033,1.42426,3.54825,,-0.0264044
8.96033,1.37117,3.35612,,-0.0265723
8.98034,1.31757,3.1745,,-0.0269937
9.00034,1.26338,2.99721,,-0.0272247
9.02033,1.20869,2.81508,,-0.0274202
9.04033,1.15352,2.62064,,-0.0276578
9.06034,1.0979,2.42643,,-0.0279302
9.08033,1.04185,2.24413,,-0.0281762
9.10033,0.985352,2.05299,,-0.0283294
9.12033,0.928492,1.85537,,-0.0285295
9.14034,0.871234,1.66141,,-0.0287717
9.16033,0.813634,1.47472,,-0.0288525
9.18033,0.755703,1.28152,,-0.0289871
9.20034,0.697497,1.07388,,-0.0292642
9.22034,0.638996,0.874881,,-0.0292575
9.24033,0.580238,0.688935,,-0.0294298
9.26033,0.521249,0.494922,,-0.0295219
9.28034,0.462056,0.288667,,-0.0296331
9.30033,0.402681,0.0866625,,-0.0298047
9.32033,0.343119,-0.10685,,-0.0297984
9.34034,0.283452,-0.295224,,-0.0298373
9.36034,0.223669,-0.504137,,-0.0299255
9.38033,0.16379,-0.711485,,-0.0299358
9.40033,0.103854,-0.905239,,-0.0299731
9.42034,0.0438241,-1.09079,,-0.0300104
9.44033,-0.0161596,-1.28948,,-0.0299594
9.46033,-0.0761781,-1.49833,,-0.0300712
9.48034,-0.136139,-1.69297,,-0.0299419
9.50034,-0.196054,-1.87979,,-0.0299711
9.52033,-0.255902,-2.06687,,-0.0298918
9.54033,-0.315609,-2.2693,,-0.029814
9.56034,-0.375226,-2.46786,,-0.0297908
9.58033,-0.434713,-2.65201,,-0.0296259
9.60033,-0.494026,-2.83775,,-0.0296804
9.62033,-0.55306,-3.03173,,-0.0294273
9.64034,-0.611935,-3.22727,,-0.0294341
9.66033,-0.670567,-3.40911,,-0.0292577
9.68033,-0.728913,-3.59111,,-0.0290301
9.70034,-0.78697,-3.77744,,-0.0290405
9.72034,-0.844716,-3.95932,,-0.028767
9.74033,-0.902125,-4.13892,,-0.0286229
9.76033,-0.959186,-4.32095,,-0.0284358
9.78034,-1.01585,-4.49797,,-0.0282259
9.80033,-1.0721,-4.67321,,-0.0280207
9.82033,-1.12793,-4.84775,,-0.0278217
9.84034,-1.18331,-5.01806,,-0.0275291
9.86034,-1.2382,-5.18996,,-0.0273283
9.88033,-1.29261,-5.35938,,-0.0271103
9.90033,-1.34653,-5.52164,,-0.0268797
9.92034,-1.3999,-5.68362,,-0.0265108
9.94033,-1.45267,-5.85003,,-0.0262979
9.96033,-1.50486,-6.01368,,-0.0259035
9.98034,-1.5565,-6.16386,,-0.0256142
10.0003,-1.6075,-6.31244,,-0.0254895
10.0203,-1.65785,-6.46632,,-0.0249185
10.0403,-1.70747,-6.61856,,-0.0246592
10.0603,-1.75653,-6.76414,,-0.0243917
10.0803,-1.80485,-6.89941,,-0.0239711
10.1003,-1.85239,-7.04394,,-0.0236031
10.1203,-1.89923,-7.18227,,-0.0232717
10.1403,-1.9453,-7.31329,,-0.0228152
10.1603,-1.99058,-7.4458,,-0.0224723
10.1803,-2.0351,-7.57453,,-0.0220317
10.2003,-2.07877,-7.70163,,-0.0217234
10.2203,-2.12162,-7.82344,,-0.0211636
10.2403,-2.16364,-7.94669,,-0.0208233
10.2603,-2.20477,-8.05572,,-0.0203764
10.2803,-2.24505,-8.16635,,-0.019883
10.3003,-2.28443,-8.27788,,-0.0195282
10.3203,-2.32286,-8.38619,,-0.0189366
10.3403,-2.36038,-8.48693,,-0.0185514
10.3603,-2.39693,-8.58371,,-0.0180294
10.3803,-2.43254,-8.67763,,-0.0176268
10.4003,-2.46721,-8.77301,,-0.017082
10.4203,-2.50089,-8.85898,,-0.016589
10.4403,-2.53352,-8.94608,,-0.016088
10.4603,-2.5651,-9.02754,,-0.0155635
10.4803,-2.59573,-9.1039,,-0.015058
10.5003,-2.62532,-9.17831,,-0.0144611
10.5203,-2.65381,-9.25115,,-0.0141256
10.5403,-2.68135,-9.31974,,-0.0134785
10.5603,-2.70773,-9.37641,,-0.0129367
10.5803,-2.73302,-9.43688,,-0.0123818
10.6003,-2.75719,-9.49884,,-0.0118353
10.6203,-2.78041,-9.55255,,-0.0113265
10.6403,-2.80239,-9.59111,,-0.0107513
10.6603,-2.82325,-9.63704,,-0.0101258
10.6803,-2.84303,-9.69084,,-9.63E-03
10.7003,-2.86157,-9.72073,,-9.04E-03
10.7203,-2.87906,-9.75225,,-8.38E-03
10.7403,-2.89533,-9.77887,,-7.89E-03
10.7603,-2.91053,-9.81637,,-7.27E-03
10.7803,-2.92449,-9.83424,,-6.80E-03
10.8003,-2.93741,-9.84981,,-6.10E-03
10.8203,-2.94898,-9.86361,,-5.53E-03
10.8403,-2.95951,-9.87931,,-5.03E-03
10.8603,-2.96881,-9.89193,,-4.37E-03
10.8803,-2.9769,-9.88444,,-3.72E-03
10.9003,-2.98379,-9.88367,,-3.18E-03
10.9203,-2.98951,-9.88903,,-2.58E-03
10.9403,-2.99401,-9.87726,,-1.97E-03
10.9603,-2.99739,-9.86605,,-1.42E-03
10.9803,-2.99955,-9.84904,,-7.29E-04
11.0003,-3.00045,-9.83435,,-2.23E-04
11.0203,-3.00021,-9.80965,,4.58E-04
11.0403,-2.99869,-9.7793,,1.04E-03
11.0603,-2.996,-9.75545,,1.60E-03
11.0803,-2.99209,-9.72357,,2.28E-03
11.1003,-2.98703,-9.68119,,2.71E-03
11.1203,-2.98075,-9.63965,,3.49E-03
11.1403,-2.97336,-9.59532,,3.97E-03
11.1603,-2.96466,-9.54775,,4.65E-03
11.1803,-2.95482,-9.49408,,5.16E-03
11.2003,-2.94389,-9.44061,,5.65E-03
11.2203,-2.93167,-9.3827,,6.56E-03
11.2403,-2.91823,-9.31761,,6.94E-03
11.2603,-2.90373,-9.25301,,7.53E-03
11.2803,-2.88795,-9.18385,,8.09E-03
11.3003,-2.87124,-9.10729,,8.70E-03
11.3203,-2.85312,-9.0323,,9.28E-03
11.3403,-2.834,-8.95297,,9.88E-03
11.3603,-2.81378,-8.87036,,0.0103673
11.3803,-2.79241,-8.77701,,0.0109344
11.4003,-2.76989,-8.68777,,0.0115083
11.4203,-2.74627,-8.59308,,0.0121323
11.4403,-2.72152,-8.4995,,0.0125726
11.4603,-2.69578,-8.39595,,0.0131889
11.4803,-2.66883,-8.29292,,0.0137081
11.5003,-2.64089,-8.18896,,0.0141555
11.5203,-2.6119,-8.07076,,0.0148059
11.5403,-2.58179,-7.95805,,0.015293
11.5603,-2.55073,-7.84569,,0.0157822
11.5803,-2.51862,-7.72177,,0.0163154
11.6003,-2.48547,-7.59765,,0.0168244
11.6203,-2.45135,-7.4745,,0.0172137
11.6403,-2.41628,-7.34885,,0.0178041
11.6603,-2.38021,-7.21076,,0.0182804
11.6803,-2.34322,-7.07283,,0.0187171
11.7003,-2.30527,-6.93942,,0.019172
11.7203,-2.26643,-6.80051,,0.0196662
11.7403,-2.22661,-6.65748,,0.0201486
11.7603,-2.18595,-6.50876,,0.0204805
11.7803,-2.14442,-6.36002,,0.021006
11.8003,-2.10201,-6.21305,,0.0214079
11.8203,-2.05875,-6.05611,,0.0218122
11.8403,-2.01471,-5.89423,,0.0222155
11.8603,-1.96985,-5.73744,,0.0225938
11.8803,-1.9242,-5.58298,,0.0230045
11.9003,-1.87775,-5.41628,,0.0234389
11.9203,-1.83061,-5.24533,,0.0237394
11.9403,-1.78271,-5.08122,,0.0241624
11.9603,-1.73406,-4.91244,,0.0244467
11.9803,-1.68476,-4.73538,,0.0248296
12.0003,-1.63479,-4.56237,,0.0251461
12.0203,-1.58412,-4.39332,,0.0254398
12.0403,-1.53284,-4.20955,,0.025769
12.0603,-1.48093,-4.02949,,0.0261337
12.0803,-1.42846,-3.84873,,0.0263721
12.1003,-1.37544,-3.66599,,0.0267139
12.1203,-1.32182,-3.4839,,0.0268368
12.1403,-1.26767,-3.29185,,0.0271884
12.1603,-1.21307,-3.10258,,0.0274724
12.1803,-1.15792,-2.91547,,0.0276927
12.2003,-1.10235,-2.72995,,0.0278161
12.2203,-1.04631,-2.53706,,0.0281535
12.2403,-0.989855,-2.33403,,0.0284144
12.2603,-0.933026,-2.14862,,0.0284482
12.2803,-0.875792,-1.95837,,0.0287234
12.3003,-0.818217,-1.76243,,0.0288295
12.3203,-0.760321,-1.55961,,0.0290468
12.3403,-0.702101,-1.36496,,0.0290838
12.3603,-0.643628,-1.17596,,0.0294047
12.3803,-0.584904,-0.973681,,0.0293688
12.4003,-0.525917,-0.774351,,0.0295255
12.4203,-0.466744,-0.57461,,0.0296838
12.4403,-0.407392,-0.379674,,0.0296292
12.4603,-0.347841,-0.177224,,0.0298525
12.4803,-0.288181,0.0139966,,0.0298839
12.5003,-0.228393,0.213598,,0.0299343
12.5203,-0.168533,0.424543,,0.0299836
12.5403,-0.108576,0.618312,,0.0299331
12.5603,-0.0485704,0.808111,,0.0300455
12.5803,0.0114056,1.00812,,0.0299363
12.6003,0.0714168,1.21918,,0.0300207
12.6203,0.131404,1.41404,,0.0299951
12.6403,0.191297,1.60456,,0.0299013
12.6603,0.251149,1.80005,,0.0299276
12.6803,0.3109,2.00187,,0.029851
12.7003,0.370546,2.20001,,0.0297691
12.7203,0.429995,2.38779,,0.0297542
12.7403,0.489317,2.58014,,0.0296146
12.7603,0.548403,2.77346,,0.0294482
12.7803,0.60727,2.96626,,0.0293996
12.8003,0.665917,3.16177,,0.0292682
12.8203,0.724309,3.33558,,0.0291321
12.8403,0.782375,3.52241,,0.0289354
12.8603,0.840158,3.71562,,0.0288089
12.8803,0.897583,3.90535,,0.0286283
12.9003,0.954683,4.07428,,0.0284969
12.9203,1.01137,4.25134,,0.0281978
12.9403,1.06764,4.43762,,0.0280429
12.9603,1.12351,4.61643,,0.0277926
12.9803,1.17896,4.78294,,0.0276646
13.0003,1.23387,4.95108,,0.0273345
13.0203,1.28832,5.13365,,0.0271473
13.0403,1.34222,5.29761,,0.026786
13.0603,1.39565,5.45531,,0.0265965
13.0803,1.44851,5.62218,,0.0262984
13.1003,1.50073,5.78734,,0.0259513
13.1203,1.55248,5.94022,,0.0257257
13.1403,1.60351,6.09751,,0.025387
13.1603,1.65386,6.25438,,0.0250622
13.1803,1.70364,6.39945,,0.0246403
13.2003,1.75268,6.54647,,0.0243941
13.2203,1.80102,6.69337,,0.0239971
13.2403,1.84862,6.83964,,0.0235921
13.2603,1.89551,6.97148,,0.0233436
13.2803,1.94166,7.10388,,0.0228097
13.3003,1.98703,7.24301,,0.0224725
13.3203,2.0316,7.37499,,0.0221811
13.3403,2.07533,7.4983,,0.02166
13.3603,2.11824,7.62271,,0.0211847
13.3803,2.16032,7.74099,,0.0208805
13.4003,2.20156,7.86015,,0.0203798
13.4203,2.2419,7.97819,,0.0200075
13.4403,2.28131,8.08566,,0.0194525
13.4603,2.31985,8.19262,,0.0191286
13.4803,2.35744,8.29564,,0.0184821
13.5003,2.39407,8.39549,,0.0181215
13.5203,2.42979,8.49752,,0.0176351
13.5403,2.46448,8.59151,,0.0170742
13.5603,2.49824,8.67591,,0.0167252
13.5803,2.53097,8.76494,,0.0160802
13.6003,2.56265,8.85191,,0.0155938
13.6203,2.59338,8.9362,,0.0151385
13.6403,2.62304,9.00546,,0.0145715
13.6603,2.65166,9.07475,,0.0140746
13.6803,2.67918,9.15073,,0.0134765
13.7003,2.70567,9.21748,,0.0129741
13.7203,2.73109,9.27421,,0.0125309
13.7403,2.75538,9.32843,,0.0118838
13.7603,2.77861,9.38806,,0.0113181
13.7803,2.80066,9.44082,,0.010738
13.8003,2.82159,9.48299,,0.0102181
13.8203,2.84146,9.52416,,9.61E-03
13.8403,2.8602,9.56668,,9.14E-03
13.8603,2.87771,9.60447,,8.52E-03
13.8803,2.89417,9.63266,,8.04E-03
13.9003,2.90948,9.65755,,7.23E-03
13.9203,2.92342,9.69207,,6.72E-03
13.9403,2.93634,9.7072,,6.15E-03
13.9603,2.9481,9.71746,,5.58E-03
13.9803,2.95866,9.73411,,5.10E-03
14.0003,2.96812,9.74823,,4.40E-03
14.0203,2.97624,9.75265,,3.77E-03
14.0403,2.98329,9.74761,,3.16E-03
14.0603,2.98905,9.74628,,2.66E-03
14.0803,2.99366,9.74375,,2.04E-03
14.1003,2.99714,9.73299,,1.51E-03
14.1203,2.99938,9.71322,,8.03E-04
14.1403,3.0004,9.69494,,1.52E-04
14.1603,3.00024,9.67662,,-3.34E-04
14.1803,2.99887,9.65195,,-9.20E-04
14.2003,2.99629,9.6187,,-1.62E-03
14.2203,2.99242,9.58717,,-2.26E-03
14.2403,2.98741,9.54995,,-2.79E-03
14.2603,2.98121,9.51053,,-3.38E-03
14.2803,2.97396,9.46589,,-3.88E-03
14.3003,2.96539,9.4105,,-4.56E-03
14.3203,2.95562,9.36932,,-5.15E-03
14.3403,2.94468,9.30948,,-5.68E-03
14.3603,2.93264,9.24827,,-6.42E-03
14.3803,2.91929,9.18544,,-6.91E-03
14.4003,2.90493,9.12461,,-7.47E-03
14.4203,2.88928,9.05343,,-8.09E-03
14.4403,2.87251,8.97237,,-8.66E-03
14.4603,2.85457,8.90036,,-9.24E-03
14.4803,2.83563,8.82353,,-9.70E-03
14.5003,2.81543,8.73641,,-0.0103983
14.5203,2.79415,8.64345,,-0.0108935
14.5403,2.77172,8.5544,,-0.0115748
14.5603,2.74814,8.46219,,-0.011957
14.5803,2.72348,8.36704,,-0.0126753
14.6003,2.69779,8.26484,,-0.0130784
14.6203,2.67102,8.15473,,-0.0136253
14.6403,2.64311,8.0521,,-0.0141785
14.6603,2.6142,7.94488,,-0.0147474
14.6803,2.58426,7.82246,,-0.0151414
14.7003,2.5533,7.70456,,-0.0158014
14.7203,2.52123,7.58613,,-0.0162295
14.7403,2.48812,7.46984,,-0.0168262
14.7603,2.45409,7.33671,,-0.0172225
14.7803,2.41913,7.20103,,-0.0177427
14.8003,2.3831,7.07261,,-0.018255
14.8203,2.34618,6.93913,,-0.018654
14.8403,2.30829,6.7997,,-0.0191354
14.8603,2.26947,6.6555,,-0.0196016
14.8803,2.2298,6.515,,-0.0200659
14.9003,2.18921,6.3635,,-0.0204717
14.9203,2.14774,6.21578,,-0.0209782
14.9403,2.10539,6.06802,,-0.0213709
14.9603,2.06224,5.91517,,-0.0217779
14.9803,2.01824,5.75509,,-0.02225
15.0003,1.97344,5.58776,,-0.0225666
15.0203,1.92784,5.43665,,-0.0228715
15.0403,1.88148,5.27741,,-0.0234341
15.0603,1.83438,5.10002,,-0.0237288
15.0803,1.78652,4.92485,,-0.0241847
15.1003,1.73798,4.76449,,-0.0243386
15.1203,1.68871,4.60022,,-0.0248332
15.1403,1.63877,4.40842,,-0.0252007
15.1603,1.58816,4.22813,,-0.0254096
15.1803,1.5369,4.06157,,-0.0257735
15.2003,1.48507,3.88152,,-0.0260383
15.2203,1.43263,3.6897,,-0.0263949
15.2403,1.37965,3.49753,,-0.0265672
15.2603,1.32608,3.33103,,-0.0269275
15.2803,1.27199,3.1455,,-0.0271783
15.3003,1.21738,2.94099,,-0.0273164
15.3203,1.1623,2.75545,,-0.0277667
15.3403,1.10674,2.57016,,-0.0278515
15.3603,1.05076,2.37854,,-0.028071
15.3803,0.994348,2.17565,,-0.0283271
15.4003,0.937544,1.98196,,-0.0284888
15.4203,0.880349,1.79229,,-0.0286375
15.4403,0.822778,1.59939,,-0.0289393
15.4603,0.764952,1.39391,,-0.0289667
15.4803,0.70676,1.19314,,-0.0291923
15.5003,0.648305,0.995929,,-0.0292435
15.5203,0.589571,0.801982,,-0.0294306
15.5403,0.530598,0.602391,,-0.0294903
15.5603,0.471449,0.39059,,-0.0296885
15.5803,0.412085,0.196818,,-0.029764
15.6003,0.352562,-6.69E-04,,-0.0297659
15.6203,0.292907,-0.203909,,-0.0298376
15.6403,0.233134,-0.410886,,-0.02997
15.6603,0.17327,-0.607895,,-0.0299202
15.6803,0.113336,-0.801242,,-0.029944
15.7003,0.0533401,-1.01,,-0.030078
15.7203,-6.65E-03,-1.21483,,-0.0299573
15.7403,-0.0666654,-1.40616,,-0.0299403
15.7603,-0.126635,-1.59905,,-0.0299881
15.7803,-0.18654,-1.80369,,-0.0299561
15.8003,-0.2464,-2.009,,-0.029935
15.8203,-0.306155,-2.19679,,-0.0298806
15.8403,-0.365795,-2.38905,,-0.0297556
15.8603,-0.425274,-2.58681,,-0.0297056
15.8803,-0.484604,-2.77985,,-0.0295869
15.9003,-0.543706,-2.97804,,-0.0295544
15.9203,-0.602638,-3.163,,-0.0294169
15.9403,-0.661269,-3.35028,,-0.0292064
15.9603,-0.719662,-3.54515,,-0.0291828
15.9803,-0.777766,-3.73012,,-0.0289726
16.0003,-0.835569,-3.90923,,-0.0287989
16.0203,-0.893026,-4.09292,,-0.0286234
16.0403,-0.950129,-4.28852,,-0.0284756
16.0603,-1.00689,-4.46222,,-0.0283248
16.0803,-1.0632,-4.62998,,-0.0279627
16.1003,-1.11911,-4.81917,,-0.0279272
16.1203,-1.17454,-4.99848,,-0.0275182
16.1403,-1.22953,-5.16119,,-0.0274513
16.1603,-1.28399,-5.33451,,-0.0271572
16.1803,-1.33799,-5.50449,,-0.0267849
16.2003,-1.39143,-5.67564,,-0.0266046
16.2203,-1.4443,-5.83331,,-0.0263109
16.2403,-1.49665,-6.00252,,-0.0259528
16.2603,-1.5483,-6.16413,,-0.0258421
16.2803,-1.5994,-6.31029,,-0.0253154
16.3003,-1.64988,-6.46562,,-0.0251558
16.3203,-1.69968,-6.62293,,-0.0246691
16.3403,-1.74877,-6.77029,,-0.0243885
16.3603,-1.79718,-6.91184,,-0.0240298
16.3803,-1.84485,-7.04776,,-0.0236671
16.4003,-1.89182,-7.19358,,-0.0233257
16.4203,-1.93801,-7.33657,,-0.0228859
16.4403,-1.98344,-7.46984,,-0.0225034
16.4603,-2.02808,-7.59398,,-0.022235
16.4803,-2.07188,-7.71812,,-0.0216744
16.5003,-2.11488,-7.85403,,-0.0212092
16.5203,-2.15699,-7.97572,,-0.0208676
16.5403,-2.19831,-8.09164,,-0.0204705
16.5603,-2.2387,-8.20008,,-0.0200483
16.5803,-2.27818,-8.32426,,-0.0194319
16.6003,-2.31679,-8.42937,,-0.0190908
16.6203,-2.35449,-8.52963,,-0.0187011
16.6403,-2.39118,-8.63259,,-0.0181209
16.6603,-2.42699,-8.73209,,-0.0176314
16.6803,-2.46173,-8.82866,,-0.0171365
16.7003,-2.49552,-8.91468,,-0.0166693
16.7203,-2.5284,-9.00469,,-0.0161153
16.7403,-2.5602,-9.08626,,-0.0157331
16.7603,-2.59089,-9.17064,,-0.0151324
16.7803,-2.62072,-9.24143,,-0.0146064
16.8003,-2.64936,-9.314,,-0.0140499
16.8203,-2.67702,-9.39038,,-0.0136803
16.8403,-2.70358,-9.45341,,-0.0129886
16.8603,-2.72909,-9.51012,,-0.0125041
16.8803,-2.75348,-9.57224,,-0.0118958
16.9003,-2.77679,-9.63062,,-0.0113515
16.9203,-2.79893,-9.67488,,-0.0108388
16.9403,-2.82,-9.72379,,-0.0103253
16.9603,-2.84,-9.77231,,-9.68E-03
16.9803,-2.85871,-9.8128,,-9.11E-03
17.0003,-2.8764,-9.84326,,-8.54E-03
17.0203,-2.89287,-9.87498,,-8.04E-03
17.0403,-2.90826,-9.90911,,-7.40E-03
17.0603,-2.92236,-9.92369,,-6.72E-03
17.0803,-2.93539,-9.94119,,-6.24E-03
17.1003,-2.9472,-9.9693,,-5.62E-03
17.1203,-2.95783,-9.97752,,-5.13E-03
17.1403,-2.96745,-9.98465,,-4.41E-03
17.1603,-2.97567,-9.98732,,-3.85E-03
17.1803,-2.9828,-9.99228,,-3.35E-03
17.2003,-2.98862,-9.99486,,-2.54E-03
17.2203,-2.99338,-9.98019,,-2.19E-03
17.2403,-2.99696,-9.97229,,-1.47E-03
17.2603,-2.99921,-9.954,,-8.42E-04
17.2803,-3.00037,-9.94534,,-2.56E-04
17.3003,-3.00033,-9.92138,,2.99E-04
17.3203,-2.99896,-9.89506,,9.85E-04
17.3403,-2.99645,-9.86569,,1.51E-03
17.3603,-2.99279,-9.82854,,2.09E-03
17.3803,-2.98792,-9.79855,,2.75E-03
17.4003,-2.98179,-9.75679,,3.29E-03
17.4203,-2.97458,-9.70798,,3.95E-03
17.4403,-2.9661,-9.66213,,4.54E-03
17.4603,-2.95646,-9.61187,,5.14E-03
17.4803,-2.94563,-9.55577,,5.65E-03
17.5003,-2.93367,-9.4947,,6.24E-03
17.5203,-2.9204,-9.43257,,6.79E-03
17.5403,-2.90614,-9.36638,,7.54E-03
17.5603,-2.89063,-9.3054,,8.09E-03
17.5803,-2.87391,-9.22691,,8.56E-03
17.6003,-2.85616,-9.14419,,9.14E-03
17.6203,-2.83719,-9.06556,,9.72E-03
17.6403,-2.81708,-8.98702,,0.0103599
17.6603,-2.79584,-8.903,,0.0109357
17.6803,-2.77349,-8.80349,,0.0114191
17.7003,-2.75008,-8.71366,,0.0119229
17.7203,-2.72547,-8.6141,,0.0125572
17.7403,-2.69993,-8.51299,,0.0131349
17.7603,-2.67317,-8.41041,,0.0135577
17.7803,-2.64542,-8.29609,,0.0141113
17.8003,-2.61656,-8.187,,0.0146716
17.8203,-2.58667,-8.07467,,0.0151665
17.8403,-2.55573,-7.96104,,0.015722
17.8603,-2.52383,-7.83462,,0.0162714
17.8803,-2.49079,-7.71178,,0.016739
17.9003,-2.45685,-7.58087,,0.0171979
17.9203,-2.42194,-7.45536,,0.0176474
17.9403,-2.38602,-7.32269,,0.0182236
17.9603,-2.34914,-7.18538,,0.0185876
17.9803,-2.31133,-7.04509,,0.0192016
18.0003,-2.27265,-6.9058,,0.0195634
18.0203,-2.23301,-6.76509,,0.0199765
18.0403,-2.19249,-6.61293,,0.0204621
18.0603,-2.15111,-6.45999,,0.0209606
18.0803,-2.10882,-6.30717,,0.0212566
18.1003,-2.06569,-6.15811,,0.0218118
18.1203,-2.02181,-6.0016,,0.0221483
18.1403,-1.97707,-5.83418,,0.0225017
18.1603,-1.9315,-5.66851,,0.0230435
18.1803,-1.88522,-5.50857,,0.0232886
18.2003,-1.83816,-5.3419,,0.0237295
18.2203,-1.79037,-5.1676,,0.0240876
18.2403,-1.74184,-4.99578,,0.0243632
18.2603,-1.69261,-4.82075,,0.0248837
18.2803,-1.64274,-4.64648,,0.0250585
18.3003,-1.59223,-4.46895,,0.0253943
18.3203,-1.54104,-4.29368,,0.0257092
18.3403,-1.48925,-4.10851,,0.0260793
18.3603,-1.43687,-3.92317,,0.026378
18.3803,-1.38391,-3.74126,,0.0265103
18.4003,-1.33036,-3.5556,,0.026919
18.4203,-1.27635,-3.36212,,0.0271443
18.4403,-1.22175,-3.16942,,0.0274138
18.4603,-1.16674,-2.98522,,0.0276135
18.4803,-1.11119,-2.79551,,0.0278787
18.5003,-1.05525,-2.59424,,0.0280629
18.5203,-0.998871,-2.39779,,0.0283487
18.5403,-0.942059,-2.20721,,0.0284568
18.5603,-0.884906,-2.00854,,0.0286194
18.5803,-0.827397,-1.80657,,0.0288438
18.6003,-0.769567,-1.60845,,0.0289792
18.6203,-0.711404,-1.41734,,0.0291633
18.6403,-0.652954,-1.21514,,0.0293272
18.6603,-0.594255,-1.01294,,0.0294183
18.6803,-0.535348,-0.812629,,0.0295068
18.7003,-0.476171,-0.619053,,0.0296303
18.7203,-0.41685,-0.410517,,0.0296898
18.7403,-0.357342,-0.20848,,0.0298371
18.7603,-0.297683,-9.72E-03,,0.0298323
18.7803,-0.23793,0.188537,,0.0298782
18.8003,-0.178048,0.393573,,0.0300064
18.8203,-0.118133,0.596776,,0.02989
18.8403,-0.0581158,0.795023,,0.0301087
18.8603,1.87E-03,0.995436,,0.0299478
18.8803,0.0618819,1.19867,,0.0300501
18.9003,0.121853,1.39739,,0.0299306
18.9203,0.181802,1.59938,,0.0300107
18.9403,0.241626,1.79928,,0.029835
18.9603,0.301396,1.99745,,0.0298221
18.9803,0.36105,2.19756,,0.0298168
19.0003,0.420544,2.39103,,0.0297354
19.0203,0.479867,2.58847,,0.0295705
19.0403,0.539014,2.78315,,0.0294992
19.0603,0.597912,2.97735,,0.0295161
19.0803,0.656595,3.16846,,0.0292293
19.1003,0.715006,3.35445,,0.0291241
19.1203,0.773158,3.55233,,0.0290011
19.1403,0.830978,3.73485,,0.0288168
19.1603,0.888474,3.92445,,0.0287015
19.1803,0.945643,4.10724,,0.0284648
19.2003,1.00236,4.28945,,0.0283087
19.2203,1.05874,4.47128,,0.0280249
19.2403,1.11468,4.64979,,0.0278638
19.2603,1.17014,4.83016,,0.0276275
19.2803,1.22519,4.99773,,0.0274675
19.3003,1.2797,5.1734,,0.0270832
19.3203,1.33371,5.34516,,0.0269497
19.3403,1.38719,5.51228,,0.0266147
19.3603,1.44014,5.67599,,0.0262489
19.3803,1.49247,5.83861,,0.0260733
19.4003,1.54423,6.00361,,0.0256591
19.4203,1.59538,6.16037,,0.0254834
19.4403,1.64588,6.3171,,0.0251215
19.4603,1.69573,6.46881,,0.0248124
19.4803,1.74488,6.61324,,0.0243316
19.5003,1.79336,6.76663,,0.0240958
19.5203,1.84109,6.91422,,0.0236384
19.5403,1.88812,7.05149,,0.0234027
19.5603,1.93436,7.19394,,0.0229565
19.5803,1.97987,7.32877,,0.0225405
19.6003,2.02454,7.46086,,0.0220821
19.6203,2.06844,7.58876,,0.021835
19.6403,2.11146,7.71474,,0.0212863
19.6603,2.15367,7.83848,,0.0208989
19.6803,2.19504,7.95781,,0.0204877
19.7003,2.23552,8.07288,,0.0200063
19.7203,2.27506,8.19002,,0.0195846
19.7403,2.31377,8.29766,,0.0190875
19.7603,2.35146,8.39953,,0.0187331
19.7803,2.38829,8.50904,,0.0180881
19.8003,2.42413,8.60747,,0.0176896
19.8203,2.45899,8.70049,,0.0171762
19.8403,2.49287,8.79753,,0.0167428
19.8603,2.52583,8.88806,,0.0162146
19.8803,2.5577,8.97026,,0.0157359
19.9003,2.58856,9.05367,,0.0151889
19.9203,2.61838,9.13351,,0.0146383
19.9403,2.64714,9.20601,,0.0141249
19.9603,2.6749,9.27851,,0.0136336
19.9803,2.70152,9.3422,,0.0130723
20.0003,2.72707,9.40993,,0.0125428
20.0203,2.75157,9.46653,,0.0119445
20.0403,2.77498,9.52136,,0.0114209
20.0603,2.79728,9.57914,,0.0109807
20.0803,2.81839,9.6292,,0.0101729
20.1003,2.83846,9.66844,,9.80E-03
20.1203,2.85725,9.70725,,9.08E-03
20.1403,2.87504,9.75137,,8.66E-03
20.1603,2.8916,9.78145,,8.02E-03
20.1803,2.90706,9.81077,,7.52E-03
20.2003,2.92129,9.83682,,6.78E-03
20.2203,2.93446,9.85733,,6.29E-03
20.2403,2.94631,9.87658,,5.74E-03
20.2603,2.9571,9.88629,,5.00E-03
20.2803,2.96666,9.90313,,4.50E-03
20.3003,2.97508,9.90224,,4.00E-03
20.3203,2.98225,9.90711,,3.28E-03
20.3403,2.98828,9.9073,,2.79E-03
20.3603,2.9931,9.90408,,2.05E-03
20.3803,2.99673,9.89066,,1.52E-03
20.4003,2.99914,9.87368,,9.24E-04
20.4203,3.00034,9.85948,,3.35E-04
20.4403,3.00035,9.84257,,-3.11E-04
20.4603,2.99916,9.81348,,-9.06E-04
20.4803,2.99681,9.78021,,-1.44E-03
20.5003,2.99315,9.75331,,-2.13E-03
20.5203,2.98831,9.72005,,-2.69E-03
20.5403,2.98239,9.67687,,-3.29E-03
20.5603,2.97525,9.63467,,-3.81E-03
20.5803,2.96689,9.57979,,-4.46E-03
20.6003,2.95731,9.53302,,-5.07E-03
20.6203,2.94659,9.47805,,-5.57E-03
20.6403,2.93462,9.4199,,-6.31E-03
20.6603,2.92155,9.35461,,-6.83E-03
20.6803,2.90738,9.28747,,-7.40E-03
20.7003,2.89193,9.22053,,-7.99E-03
20.7203,2.87527,9.14985,,-8.47E-03
20.7403,2.85756,9.0687,,-9.21E-03
20.7603,2.83876,8.9855,,-9.66E-03
20.7803,2.81874,8.90354,,-0.0103111
20.8003,2.79761,8.82036,,-0.010852
20.8203,2.77533,8.72477,,-0.011382
20.8403,2.752,8.62926,,-0.0119252
20.8603,2.72751,8.53038,,-0.012518
20.8803,2.70203,8.43129,,-0.0129533
20.9003,2.6754,8.32532,,-0.0136034
20.9203,2.64765,8.21599,,-0.0141443
20.9403,2.61892,8.10591,,-0.0146014
20.9603,2.58907,7.98903,,-0.0151928
20.9803,2.55819,7.87193,,-0.0156718
21.0003,2.52641,7.74667,,-0.0161116
21.0203,2.49352,7.62785,,-0.0166704
21.0403,2.45965,7.50041,,-0.0172253
21.0603,2.42475,7.36569,,-0.0176205
21.0803,2.38895,7.23453,,-0.0181509
21.1003,2.35215,7.09258,,-0.0186273
21.1203,2.31443,6.95543,,-0.0191454
21.1403,2.27579,6.8171,,-0.0194688
21.1603,2.23624,6.66979,,-0.0199114
21.1803,2.19579,6.52331,,-0.0206077
21.2003,2.15449,6.36671,,-0.0207202
21.2203,2.11226,6.21481,,-0.021436
21.2403,2.06921,6.06261,,-0.0216756
21.2603,2.02535,5.90152,,-0.0220721
21.2803,1.98066,5.74181,,-0.0225809
21.3003,1.93519,5.58149,,-0.0229009
21.3203,1.88896,5.41109,,-0.023295
21.3403,1.84195,5.24383,,-0.0236899
21.3603,1.79422,5.0765,,-0.0240438
21.3803,1.74577,4.90045,,-0.0243575
21.4003,1.69661,4.71924,,-0.0247785
21.4203,1.64678,4.55161,,-0.0250321
21.4403,1.59629,4.37527,,-0.0253996
21.4603,1.54513,4.18744,,-0.0257448
21.4803,1.49341,3.99903,,-0.0260372
21.5003,1.44107,3.82507,,-0.0262752
21.5203,1.38817,3.6408,,-0.0265747
21.5403,1.33469,3.44499,,-0.0269132
21.5603,1.28067,3.25218,,-0.0270705
21.5803,1.22616,3.07491,,-0.0273919
21.6003,1.17114,2.87998,,-0.0276066
21.6203,1.11567,2.6808,,-0.0278158
21.6403,1.05973,2.48165,,-0.0281283
21.6603,1.00338,2.29165,,-0.0282185
21.6803,0.946633,2.09535,,-0.0285043
21.7003,0.889488,1.89295,,-0.0287017
21.7203,0.832016,1.69419,,-0.028826
21.7403,0.774213,1.49273,,-0.0289693
21.7603,0.716083,1.29608,,-0.0291338
21.7803,0.657657,1.09401,,-0.0292638
21.8003,0.598976,0.895168,,-0.0293673
21.8203,0.54005,0.684389,,-0.0295706
21.8403,0.480929,0.482382,,-0.0295806
21.8603,0.421608,0.290702,,-0.0297115
21.8803,0.362121,0.0776104,,-0.0297222
21.9003,0.302471,-0.125556,,-0.0299233
21.9203,0.242682,-0.326846,,-0.0299443
21.9403,0.182871,-0.534581,,-0.0299407
21.9603,0.12291,-0.737414,,-0.0299279
21.9803,0.0629437,-0.943435,,-0.0299556
22.0003,2.92E-03,-1.14305,,-0.0300774
22.0203,-0.0570565,-1.34297,,-0.0299018
22.0403,-0.117056,-1.5447,,-0.0299665
22.0603,-0.176998,-1.74526,,-0.030057
22.0803,-0.236868,-1.94964,,-0.0298406
22.1003,-0.296638,-2.14347,,-0.0299362
22.1203,-0.35628,-2.3408,,-0.0297586
22.1403,-0.415801,-2.54237,,-0.0296813
22.1603,-0.475107,-2.7397,,-0.0296574
22.1803,-0.534268,-2.929,,-0.0295162
22.2003,-0.593223,-3.12259,,-0.0293742
22.2203,-0.651903,-3.32174,,-0.0293371
22.2403,-0.710355,-3.51515,,-0.0291757
22.2603,-0.768502,-3.69882,,-0.0289887
22.2803,-0.826368,-3.8856,,-0.0288473
22.3003,-0.883884,-4.07536,,-0.0286826
22.3203,-0.941045,-4.26171,,-0.028473
22.3403,-0.997846,-4.43866,,-0.0283318
22.3603,-1.05423,-4.62401,,-0.0281044
22.3803,-1.11021,-4.80795,,-0.0278993
22.4003,-1.16574,-4.98547,,-0.027657
22.4203,-1.22082,-5.15433,,-0.0273478
22.4403,-1.27534,-5.33349,,-0.0270878
22.4603,-1.32943,-5.51319,,-0.0270218
22.4803,-1.38297,-5.6706,,-0.0266194
22.5003,-1.43593,-5.83566,,-0.0263695
22.5203,-1.48833,-6.0118,,-0.026077
22.5403,-1.54009,-6.17545,,-0.025761
22.5603,-1.59128,-6.32414,,-0.0253584
22.5803,-1.64186,-6.47959,,-0.025169
22.6003,-1.69176,-6.64141,,-0.0247549
22.6203,-1.74095,-6.79195,,-0.0244359
22.6403,-1.78949,-6.93754,,-0.0241978
22.6603,-1.83731,-7.07986,,-0.0236783
22.6803,-1.88437,-7.22978,,-0.0233686
22.7003,-1.93069,-7.37136,,-0.0229524
22.7203,-1.97626,-7.50078,,-0.0226313
22.7403,-2.02101,-7.63383,,-0.0221633
22.7603,-2.06494,-7.77252,,-0.0217198
22.7803,-2.1081,-7.90332,,-0.0214568
22.8003,-2.15036,-8.02058,,-0.0209406
22.8203,-2.19178,-8.13755,,-0.0204571
22.8403,-2.23228,-8.25946,,-0.0200892
22.8603,-2.27199,-8.38032,,-0.0195652
22.8803,-2.31067,-8.48279,,-0.0190885
22.9003,-2.34853,-8.59056,,-0.0187971
22.9203,-2.38538,-8.69459,,-0.0182415
22.9403,-2.4213,-8.79636,,-0.0177037
22.9603,-2.45629,-8.89709,,-0.0172819
22.9803,-2.49015,-8.98645,,-0.0166103
23.0003,-2.52321,-9.07524,,-0.0163595
23.0203,-2.55517,-9.16168,,-0.0156787
23.0403,-2.58612,-9.24682,,-0.0151762
23.0603,-2.61606,-9.32473,,-0.0147923
23.0803,-2.64497,-9.39715,,-0.0141715
23.1003,-2.67277,-9.47561,,-0.0136902
23.1203,-2.69947,-9.54179,,-0.0131309
23.1403,-2.7251,-9.59936,,-0.0124963
23.1603,-2.74963,-9.65855,,-0.0120144
23.1803,-2.77314,-9.72366,,-0.0115014
23.2003,-2.79543,-9.77601,,-0.0108443
23.2203,-2.81674,-9.81675,,-0.0104557
23.2403,-2.83686,-9.86443,,-9.76E-03
23.2603,-2.85581,-9.91169,,-9.22E-03
23.2803,-2.87367,-9.94412,,-8.66E-03
23.3003,-2.89031,-9.9768,,-8.08E-03
23.3203,-2.90586,-10.0052,,-7.45E-03
23.3403,-2.92023,-10.0336,,-6.92E-03
23.3603,-2.93346,-10.0566,,-6.38E-03
23.3803,-2.94541,-10.0724,,-5.66E-03
23.4003,-2.95622,-10.0859,,-5.14E-03
23.4203,-2.96594,-10.099,,-4.58E-03
23.4403,-2.97444,-10.1022,,-3.94E-03
23.4603,-2.98174,-10.1045,,-3.40E-03
23.4803,-2.98779,-10.1013,,-2.67E-03
23.5003,-2.99276,-10.1012,,-2.27E-03
23.5203,-2.99641,-10.0929,,-1.47E-03
23.5403,-2.99899,-10.0769,,-1.07E-03
23.5603,-3.00027,-10.0577,,-2.62E-04
23.5803,-3.00039,-10.0406,,2.18E-04
23.6003,-2.99926,-10.0187,,8.16E-04
23.6203,-2.99699,-9.98608,,1.37E-03
23.6403,-2.99349,-9.94965,,2.11E-03
23.6603,-2.98867,-9.91969,,2.64E-03
23.6803,-2.98286,-9.8827,,3.21E-03
23.7003,-2.97586,-9.83368,,3.74E-03
23.7203,-2.96754,-9.78403,,4.49E-03
23.7403,-2.95811,-9.7378,,5.01E-03
23.7603,-2.94741,-9.68631,,5.53E-03
23.7803,-2.93563,-9.61883,,6.20E-03
23.8003,-2.92264,-9.55921,,6.80E-03
23.8203,-2.90844,-9.49751,,7.31E-03
23.8403,-2.89318,-9.42889,,7.95E-03
23.8603,-2.87664,-9.34898,,8.55E-03
23.8803,-2.85905,-9.27555,,9.07E-03
23.9003,-2.84033,-9.19988,,9.68E-03
23.9203,-2.82036,-9.11109,,0.0102607
23.9403,-2.79933,-9.02108,,0.010731
23.9603,-2.77717,-8.93137,,0.0113176
23.9803,-2.75389,-8.84152,,0.0119537
24.0003,-2.72952,-8.74102,,0.0124424
24.0203,-2.70406,-8.63947,,0.0129699
24.0403,-2.67753,-8.53329,,0.0136026
24.0603,-2.64985,-8.42239,,0.0139973
24.0803,-2.62123,-8.31552,,0.0146263
24.1003,-2.59143,-8.19762,,0.0151355
24.1203,-2.56071,-8.07625,,0.0155807
24.1403,-2.52896,-7.95765,,0.0160772
24.1603,-2.49609,-7.83593,,0.0167278
24.1803,-2.46234,-7.70484,,0.0171336
24.2003,-2.42755,-7.56966,,0.0176022
24.2203,-2.39179,-7.4426,,0.0180327
24.2403,-2.35511,-7.30796,,0.0186246
24.2603,-2.31745,-7.15728,,0.0190172
24.2803,-2.27887,-7.01703,,0.0194846
24.3003,-2.23937,-6.87478,,0.020013
24.3203,-2.19898,-6.72928,,0.0203572
24.3403,-2.15774,-6.57346,,0.020867
24.3603,-2.11562,-6.4156,,0.0212619
24.3803,-2.07263,-6.2692,,0.0215964
24.4003,-2.0288,-6.10799,,0.0222657
24.4203,-1.98423,-5.93753,,0.0223789
24.4403,-1.93885,-5.76974,,0.0229311
24.4603,-1.89263,-5.60782,,0.0232917
24.4803,-1.84569,-5.44756,,0.0235653
24.5003,-1.798,-5.26895,,0.0241345
24.5203,-1.7496,-5.09049,,0.0242595
24.5403,-1.7005,-4.91784,,0.0247874
24.5603,-1.65069,-4.74006,,0.0249964
24.5803,-1.6003,-4.56388,,0.0254245
24.6003,-1.54923,-4.37882,,0.0257092
24.6203,-1.49753,-4.18941,,0.0259658
24.6403,-1.44524,-4.0098,,0.0262569
24.6603,-1.39233,-3.82747,,0.0265756
24.6803,-1.33888,-3.63875,,0.0268688
24.7003,-1.28497,-3.44126,,0.0270559
24.7203,-1.23047,-3.24982,,0.027396
24.7403,-1.17552,-3.05886,,0.0275811
24.7603,-1.12006,-2.85995,,0.0278406
24.7803,-1.06416,-2.66966,,0.0280233
24.8003,-1.00786,-2.47208,,0.0282641
24.8203,-0.951118,-2.26928,,0.028482
24.8403,-0.894038,-2.06675,,0.0286665
24.8603,-0.836562,-1.87537,,0.0287585
24.8803,-0.778782,-1.67177,,0.029022
24.9003,-0.720679,-1.46626,,0.0290502
24.9203,-0.6623,-1.26924,,0.0292762
24.9403,-0.603636,-1.06876,,0.029418
24.9603,-0.544755,-0.86255,,0.0294879
24.9803,-0.485636,-0.655964,,0.0295514
25.0003,-0.426302,-0.460178,,0.0297928
25.0203,-0.366829,-0.249346,,0.0298263
25.0403,-0.307185,-0.0399829,,0.0297415
25.0603,-0.247447,0.155142,,0.0299717
25.0803,-0.187596,0.360525,,0.0299826
25.1003,-0.127676,0.56234,,0.0298097
25.1203,-0.067692,0.772067,,0.0301061
25.1403,-7.70E-03,0.978841,,0.0299715
25.1603,0.0523144,1.17392,,0.029966
25.1803,0.112302,1.38326,,0.0299585
25.2003,0.172234,1.58413,,0.0300296
25.2203,0.232095,1.78613,,0.0298417
25.2403,0.291897,1.98998,,0.0299117
25.2603,0.351531,2.18797,,0.0297901
25.2803,0.411058,2.38617,,0.0297624
25.3003,0.470425,2.5879,,0.0295751
25.3203,0.529578,2.78681,,0.0295769
25.3403,0.588557,2.98635,,0.0294632
25.3603,0.647279,3.1732,,0.0292815
25.3803,0.705739,3.36853,,0.0291471
25.4003,0.763902,3.5666,,0.0290102
25.4203,0.821773,3.75698,,0.0288697
25.4403,0.879362,3.94373,,0.028671
25.4603,0.936536,4.13132,,0.0285303
25.4803,0.993364,4.31836,,0.028376
25.5003,1.04978,4.50313,,0.0280362
25.5203,1.10577,4.68443,,0.0279212
25.5403,1.16134,4.86331,,0.0276871
25.5603,1.21644,5.03678,,0.0274067
25.5803,1.27103,5.21625,,0.0271196
25.6003,1.32517,5.39053,,0.0270011
25.6203,1.37875,5.55674,,0.026675
25.6403,1.43176,5.72743,,0.0263728
25.6603,1.48419,5.89302,,0.0260789
25.6803,1.53603,6.05422,,0.0257697
25.7003,1.58726,6.21644,,0.025425
25.7203,1.63784,6.3764,,0.0251547
25.7403,1.68784,6.53565,,0.0249669
25.7603,1.73712,6.68667,,0.0243311
25.7803,1.78569,6.8379,,0.024146
25.8003,1.83353,6.98089,,0.0237686
25.8203,1.88068,7.1308,,0.0234033
25.8403,1.92702,7.27255,,0.0229213
25.8603,1.97263,7.40517,,0.0226679
25.8803,2.01748,7.53934,,0.0222335
25.9003,2.06149,7.67002,,0.0218079
25.9203,2.10467,7.80798,,0.0213051
25.9403,2.14703,7.93342,,0.02107
25.9603,2.18853,8.04635,,0.0205448
25.9803,2.22913,8.16827,,0.0200653
26.0003,2.26883,8.29057,,0.0197152
26.0203,2.30764,8.39791,,0.0191479
26.0403,2.34557,8.50557,,0.0187848
26.0603,2.38251,8.61011,,0.0182325
26.0803,2.41852,8.71747,,0.0177679
26.1003,2.45356,8.81305,,0.0172342
26.1203,2.48762,8.90575,,0.0168119
26.1403,2.52067,9.00237,,0.0163172
26.1603,2.55271,9.09044,,0.0156889
26.1803,2.58367,9.17022,,0.015265
26.2003,2.61365,9.25464,,0.0147947
26.2203,2.64266,9.33332,,0.0141815
26.2403,2.67053,9.40529,,0.0137146
26.2603,2.69738,9.47036,,0.0132178
26.2803,2.7231,9.53951,,0.0125698
26.3003,2.74777,9.60468,,0.0120814
26.3203,2.77131,9.65744,,0.011529
26.3403,2.79372,9.71218,,0.0109629
26.3603,2.81509,9.76302,,0.0103685
26.3803,2.83527,9.80906,,9.77E-03
26.4003,2.85427,9.85108,,9.34E-03
26.4203,2.87229,9.89403,,8.66E-03
26.4403,2.889,9.92969,,8.10E-03
26.4603,2.90472,9.95787,,7.57E-03
26.4803,2.9191,9.98617,,6.86E-03
26.5003,2.93246,10.0077,,6.53E-03
26.5203,2.94452,10.0288,,5.65E-03
26.5403,2.95548,10.0447,,5.28E-03
26.5603,2.96525,10.0504,,4.56E-03
26.5803,2.97384,10.0584,,4.05E-03
26.6003,2.98122,10.0709,,3.33E-03
26.6203,2.98733,10.0685,,2.84E-03
26.6403,2.99233,10.0551,,2.19E-03
26.6603,2.99617,10.0481,,1.62E-03
26.6803,2.99881,10.0409,,1.11E-03
26.7003,3.00024,10.0278,,3.87E-04
26.7203,3.00041,9.99801,,-2.29E-04
26.7403,2.9994,9.97806,,-8.51E-04
26.7603,2.99718,9.95506,,-1.39E-03
26.7803,2.99377,9.9173,,-1.96E-03
26.8003,2.98914,9.88516,,-2.61E-03
26.8203,2.98335,9.84565,,-3.15E-03
26.8403,2.97642,9.79763,,-3.71E-03
26.8603,2.96827,9.75092,,-4.42E-03
26.8803,2.95881,9.70112,,-5.02E-03
26.9003,2.94832,9.65078,,-5.45E-03
26.9203,2.93662,9.58928,,-6.13E-03
26.9403,2.92366,9.5259,,-6.81E-03
26.9603,2.90962,9.4645,,-7.21E-03
26.9803,2.89438,9.39686,,-7.97E-03
27.0003,2.87805,9.31463,,-8.36E-03
27.0203,2.86049,9.23868,,-9.09E-03
27.0403,2.84182,9.16097,,-9.64E-03
27.0603,2.82198,9.07807,,-0.0101989
27.0803,2.80103,8.98526,,-0.0107651
27.1003,2.77894,8.89562,,-0.01122
27.1203,2.75571,8.80203,,-0.0119814
27.1403,2.73142,8.69946,,-0.0123174
27.1603,2.70613,8.59979,,-0.0128855
27.1803,2.67973,8.49225,,-0.013469
27.2003,2.65216,8.38239,,-0.0140624
27.2203,2.62355,8.27697,,-0.0145271
27.2403,2.59387,8.15913,,-0.015071
27.2603,2.5632,8.03615,,-0.0155853
27.2803,2.5315,7.91698,,-0.0161116
27.3003,2.49877,7.79157,,-0.0166194
27.3203,2.46508,7.66386,,-0.0171342
27.3403,2.43035,7.52672,,-0.0175654
27.3603,2.39468,7.39734,,-0.0180772
27.3803,2.35805,7.26276,,-0.0185441
27.4003,2.3205,7.1141,,-0.018945
27.4203,2.28201,6.97253,,-0.0195378
27.4403,2.24257,6.82777,,-0.019883
27.4603,2.20226,6.67883,,-0.0203917
27.4803,2.16107,6.52174,,-0.0207788
27.5003,2.11899,6.37182,,-0.0212818
27.5203,2.07608,6.21237,,-0.021674
27.5403,2.03237,6.05604,,-0.0219423
27.5603,1.98782,5.89325,,-0.0225519
27.5803,1.94248,5.7274,,-0.0227218
27.6003,1.89636,5.55891,,-0.0233531
27.6203,1.8495,5.38556,,-0.0235961
27.6403,1.80184,5.21979,,-0.0240046
27.6603,1.75347,5.04553,,-0.0243151
27.6803,1.70445,4.8655,,-0.0246812
27.7003,1.65474,4.68065,,-0.0250409
27.7203,1.60435,4.50534,,-0.0253379
27.7403,1.5533,4.32889,,-0.0256389
27.7603,1.50166,4.13405,,-0.0260258
27.7803,1.44942,3.94813,,-0.0261656
27.8003,1.39659,3.7668,,-0.0266262
27.8203,1.34324,3.57894,,-0.0268691
27.8403,1.28927,3.3806,,-0.0270691
27.8603,1.23486,3.18719,,-0.0273717
27.8803,1.1799,2.99496,,-0.0274667
27.9003,1.1245,2.80194,,-0.0278499
27.9203,1.06862,2.60056,,-0.0281014
27.9403,1.01234,2.40325,,-0.0282245
27.9603,0.955647,2.20287,,-0.0283328
27.9803,0.898563,2.00327,,-0.0286904
28.0003,0.841145,1.79895,,-0.0287957
28.0203,0.783399,1.59913,,-0.028979
28.0403,0.725283,1.39505,,-0.0290747
28.0603,0.666934,1.18838,,-0.0292841
28.0803,0.608302,0.983478,,-0.0293912
28.1003,0.549429,0.783444,,-0.0294639
28.1203,0.490323,0.575927,,-0.0294991
28.1403,0.431024,0.363878,,-0.0297475
28.1603,0.37156,0.159624,,-0.0298389
28.1803,0.311938,-0.0348681,,-0.0298574
28.2003,0.252218,-0.250112,,-0.0298369
28.2203,0.192348,-0.462991,,-0.0299738
28.2403,0.132425,-0.65999,,-0.0299791
28.2603,0.0724618,-0.8706,,-0.0299842
28.2803,0.0124512,-1.07672,,-0.030004
28.3003,-0.0475463,-1.2795,,-0.030048
28.3203,-0.10753,-1.48474,,-0.0299308
28.3403,-0.167486,-1.68517,,-0.0298806
28.3603,-0.227362,-1.89043,,-0.0299305
28.3803,-0.287147,-2.08608,,-0.0298751
28.4003,-0.346811,-2.29429,,-0.0298431
28.4203,-0.406338,-2.49803,,-0.0297372
28.4403,-0.465703,-2.69197,,-0.0296909
28.4603,-0.524904,-2.88502,,-0.0295014
28.4803,-0.583853,-3.0867,,-0.0293791
28.5003,-0.642594,-3.28827,,-0.0294025
28.5203,-0.701105,-3.47588,,-0.0291208
28.5403,-0.759297,-3.6632,,-0.0290567
28.5603,-0.8172,-3.86123,,-0.0288752
28.5803,-0.874773,-4.05592,,-0.0287088
28.6003,-0.932,-4.24274,,-0.0284871
28.6203,-0.988849,-4.41949,,-0.0283954
28.6403,-1.0453,-4.60483,,-0.0281726
28.6603,-1.10133,-4.7947,,-0.0278739
28.6803,-1.15692,-4.97651,,-0.0276621
28.7003,-1.21207,-5.15668,,-0.0274624
28.7203,-1.26671,-5.32734,,-0.0271375
28.7403,-1.32083,-5.50053,,-0.0270387
28.7603,-1.37445,-5.68513,,-0.0266323
28.7803,-1.42754,-5.85463,,-0.0264078
28.8003,-1.48006,-6.00808,,-0.0261277
28.8203,-1.53192,-6.18002,,-0.025764
28.8403,-1.58319,-6.35134,,-0.0254781
28.8603,-1.63384,-6.51097,,-0.0252725
28.8803,-1.68387,-6.65583,,-0.0247979
28.9003,-1.73321,-6.81306,,-0.0244824
28.9203,-1.78184,-6.96391,,-0.0241242
28.9403,-1.82973,-7.11243,,-0.0238129
28.9603,-1.87695,-7.26203,,-0.0233992
28.9803,-1.92337,-7.40197,,-0.0230923
29.0003,-1.96904,-7.53961,,-0.0225632
29.0203,-2.01394,-7.6783,,-0.0222949
29.0403,-2.058,-7.80907,,-0.0218539
29.0603,-2.10127,-7.94365,,-0.0215244
29.0803,-2.14368,-8.07073,,-0.0208535
29.1003,-2.18524,-8.19242,,-0.0205911
29.1203,-2.22589,-8.31329,,-0.0201632
29.1403,-2.26572,-8.42747,,-0.0196747
29.1603,-2.30461,-8.54391,,-0.0193198
29.1803,-2.34254,-8.6549,,-0.0187119
29.2003,-2.37957,-8.76207,,-0.0182246
29.2203,-2.41568,-8.85833,,-0.0178713
29.2403,-2.45073,-8.96092,,-0.0172458
29.2603,-2.48488,-9.06576,,-0.01685
29.2803,-2.518,-9.15042,,-0.0163317
29.3003,-2.55015,-9.23592,,-0.0157944
29.3203,-2.58128,-9.3227,,-0.0154679
29.3403,-2.61131,-9.41118,,-0.014656
29.3603,-2.64034,-9.48091,,-0.0143301
29.3803,-2.66828,-9.55662,,-0.0136504
29.4003,-2.69526,-9.62312,,-0.0132566
29.4203,-2.72104,-9.69414,,-0.0126139
29.4403,-2.74579,-9.7536,,-0.0121727
29.4603,-2.76944,-9.81188,,-0.0114797
29.4803,-2.792,-9.86981,,-0.0110568
29.5003,-2.81346,-9.92147,,-0.0104456
29.5203,-2.8337,-9.96813,,-9.89E-03
29.5403,-2.85285,-10.0074,,-9.35E-03
29.5603,-2.87094,-10.0481,,-8.69E-03
29.5803,-2.88777,-10.0862,,-8.08E-03
29.6003,-2.90347,-10.1166,,-7.71E-03
29.6203,-2.91792,-10.14,,-6.89E-03
29.6403,-2.93135,-10.1649,,-6.42E-03
29.6603,-2.94358,-10.1883,,-5.89E-03
29.6803,-2.95464,-10.2011,,-5.17E-03
29.7003,-2.96448,-10.2102,,-4.70E-03
29.7203,-2.97319,-10.2179,,-4.05E-03
29.7403,-2.98063,-10.2268,,-3.41E-03
29.7603,-2.98691,-10.2225,,-2.93E-03
29.7803,-2.99207,-10.217,,-2.23E-03
29.8003,-2.99597,-10.2136,,-1.73E-03
29.8203,-2.99866,-10.1959,,-1.04E-03
29.8403,-3.00019,-10.1799,,-4.32E-04
29.8603,-3.00048,-10.1699,,1.12E-04
29.8803,-2.99955,-10.1419,,7.52E-04
29.9003,-2.99738,-10.1101,,1.34E-03
29.9203,-2.9941,-10.0783,,1.98E-03
29.9403,-2.98957,-10.0538,,2.57E-03
29.9603,-2.9838,-10.0085,,3.14E-03
29.9803,-2.977,-9.95848,,3.66E-03
30.0003,-2.96896,-9.91953,,4.30E-03
30.0203,-2.95968,-9.87421,,4.96E-03
30.0403,-2.94924,-9.81379,,5.43E-03
30.0603,-2.93762,-9.75349,,6.08E-03
30.0803,-2.92471,-9.69343,,6.81E-03
30.1003,-2.91072,-9.62957,,7.21E-03
30.1203,-2.89563,-9.56116,,7.92E-03
30.1403,-2.8794,-9.48141,,8.39E-03
30.1603,-2.86191,-9.40819,,8.97E-03
30.1803,-2.84333,-9.32696,,9.48E-03
30.2003,-2.82361,-9.24525,,0.0101828
30.2203,-2.80274,-9.15324,,0.010751
30.2403,-2.7808,-9.06027,,0.0112051
30.2603,-2.75766,-8.97236,,0.0118351
30.2803,-2.73343,-8.87508,,0.0123561
30.3003,-2.70816,-8.76647,,0.0128884
30.3203,-2.6818,-8.66013,,0.0134293
30.3403,-2.65432,-8.55529,,0.0139997
30.3603,-2.62587,-8.44481,,0.0144699
30.3803,-2.59624,-8.32851,,0.0150948
30.4003,-2.56566,-8.208,,0.0156016
30.4203,-2.53409,-8.08822,,0.0159679
30.4403,-2.50143,-7.95837,,0.0164982
30.4603,-2.46778,-7.82948,,0.0170997
30.4803,-2.43321,-7.70401,,0.0175532
30.5003,-2.39758,-7.56404,,0.0180654
30.5203,-2.36104,-7.42138,,0.0184602
30.5403,-2.32349,-7.28059,,0.0189539
30.5603,-2.28512,-7.14379,,0.0193536
30.5803,-2.24574,-7.0014,,0.019997
30.6003,-2.2055,-6.83694,,0.0203295
30.6203,-2.16439,-6.68009,,0.0206908
30.6403,-2.12237,-6.54066,,0.0213159
30.6603,-2.07954,-6.38783,,0.0215641
30.6803,-2.03587,-6.21249,,0.0220648
30.7003,-1.99142,-6.04509,,0.0224073
30.7203,-1.9461,-5.89009,,0.0228408
30.7403,-1.90005,-5.72214,,0.023207
30.7603,-1.85324,-5.54299,,0.0235445
30.7803,-1.80566,-5.36992,,0.023988
30.8003,-1.75735,-5.20582,,0.0243982
30.8203,-1.70842,-5.02579,,0.0245476
30.8403,-1.65874,-4.83598,,0.0250456
30.8603,-1.60838,-4.6586,,0.0252537
30.8803,-1.55739,-4.47857,,0.0256301
30.9003,-1.50582,-4.29105,,0.0259912
30.9203,-1.45363,-4.09986,,0.0262597
30.9403,-1.40081,-3.91208,,0.0265281
30.9603,-1.34748,-3.72485,,0.0267914
30.9803,-1.2936,-3.52901,,0.0270631
31.0003,-1.23919,-3.32901,,0.0272901
31.0203,-1.18431,-3.13587,,0.0275961
31.0403,-1.12892,-2.94023,,0.0277246
31.0603,-1.07311,-2.74629,,0.0280508
31.0803,-1.01687,-2.54124,,0.0282799
31.1003,-0.9602,-2.34364,,0.0284105
31.1203,-0.903165,-2.14152,,0.0286402
31.1403,-0.845756,-1.94023,,0.0287684
31.1603,-0.788007,-1.7355,,0.0289015
31.1803,-0.729959,-1.53068,,0.0291015
31.2003,-0.671607,-1.33233,,0.0292146
31.2203,-0.613019,-1.11982,,0.0293476
31.2403,-0.55413,-0.914808,,0.0296362
31.2603,-0.495058,-0.708278,,0.029486
31.2803,-0.435766,-0.506916,,0.0297363
31.3003,-0.376307,-0.296405,,0.0296772
31.3203,-0.316709,-0.0890816,,0.0299371
31.3403,-0.256976,0.115681,,0.02981
31.3603,-0.197137,0.3258,,0.0299405
31.3803,-0.13723,0.527897,,0.0299551
31.4003,-0.0772632,0.737761,,0.0300801
31.4203,-0.0172618,0.944012,,0.0299239
31.4403,0.0427714,1.15431,,0.0300872
31.4603,0.102763,1.35618,,0.0299471
31.4803,0.162685,1.56092,,0.0299042
31.5003,0.222584,1.77158,,0.0300131
31.5203,0.282407,1.97893,,0.0298864
31.5403,0.342069,2.17569,,0.0297937
31.5603,0.401603,2.38196,,0.0297167
31.5803,0.460995,2.58347,,0.0296219
31.6003,0.520198,2.78415,,0.0295898
31.6203,0.579165,2.98528,,0.0293817
31.6403,0.637949,3.18023,,0.029387
31.6603,0.696437,3.37448,,0.0291188
31.6803,0.754652,3.57632,,0.0290725
31.7003,0.812577,3.76693,,0.0288299
31.7203,0.870181,3.95849,,0.0287367
31.7403,0.927423,4.15231,,0.0285742
31.7603,0.984326,4.33706,,0.028416
31.7803,1.04083,4.52789,,0.0280925
31.8003,1.09691,4.70297,,0.0279636
31.8203,1.15251,4.89517,,0.0276531
31.8403,1.20769,5.07677,,0.0275208
31.8603,1.26238,5.24748,,0.0271507
31.8803,1.31656,5.42271,,0.0269892
31.9003,1.37022,5.59922,,0.0266198
31.9203,1.42335,5.77571,,0.0264536
31.9403,1.47585,5.93511,,0.0262573
31.9603,1.52782,6.1022,,0.0257915
31.9803,1.57915,6.27363,,0.0255016
32.0003,1.62984,6.43531,,0.0251694
32.0203,1.67991,6.58624,,0.0249849
32.0403,1.72929,6.74771,,0.0243974
32.0603,1.77802,6.90159,,0.0242714
32.0803,1.82598,7.05078,,0.0237632
32.1003,1.87322,7.19394,,0.023424
32.1203,1.91969,7.34503,,0.0230681
32.1403,1.96547,7.48668,,0.0227325
32.1603,2.01042,7.61504,,0.0222752
32.1803,2.05455,7.75804,,0.0218771
32.2003,2.09787,7.8934,,0.0214899
32.2203,2.14038,8.01356,,0.0210159
32.2403,2.18196,8.13763,,0.0206606
32.2603,2.22276,8.25956,,0.0201162
32.2803,2.26257,8.38659,,0.0197155
32.3003,2.30153,8.49424,,0.0192617
32.3203,2.3396,8.59932,,0.0187759
32.3403,2.37671,8.71578,,0.0183475
32.3603,2.41283,8.8214,,0.017838
32.3803,2.44801,8.922,,0.0174031
32.4003,2.48222,9.01236,,0.0168046
32.4203,2.51546,9.11508,,0.016363
32.4403,2.54765,9.21081,,0.0158794
32.4603,2.57881,9.28842,,0.015347
32.4803,2.60898,9.36699,,0.0147962
32.5003,2.63811,9.45469,,0.0143568
32.5203,2.66613,9.53449,,0.0138217
32.5403,2.69316,9.59351,,0.0131778
32.5603,2.71909,9.66429,,0.012768
32.5803,2.74392,9.73107,,0.0120901
32.6003,2.76764,9.78943,,0.0116651
32.6203,2.79026,9.84156,,0.0109808
32.6403,2.8117,9.89684,,0.0103901
32.6603,2.83211,9.94866,,0.010079
32.6803,2.85137,9.98824,,9.32E-03
32.7003,2.86957,10.029,,8.73E-03
32.7203,2.8864,10.0676,,8.20E-03
32.7403,2.90231,10.1001,,7.69E-03
32.7603,2.91693,10.1273,,7.01E-03
32.7803,2.93035,10.1475,,6.47E-03
32.8003,2.94271,10.1745,,5.89E-03
32.8203,2.95381,10.1937,,5.28E-03
32.8403,2.96375,10.1998,,4.69E-03
32.8603,2.97254,10.2102,,4.07E-03
32.8803,2.98007,10.2157,,3.46E-03
32.9003,2.98643,10.2206,,2.91E-03
32.9203,2.99159,10.2128,,2.38E-03
32.9403,2.99571,10.2032,,1.75E-03
32.9603,2.99857,10.1944,,1.14E-03
32.9803,3.0001,10.1817,,4.66E-04
33.0003,3.0005,10.1598,,-1.65E-05
33.0203,2.99971,10.1354,,-7.58E-04
33.0403,2.99774,10.1103,,-1.24E-03
33.0603,2.99442,10.0777,,-1.99E-03
33.0803,2.99004,10.0434,,-2.45E-03
33.1003,2.98435,9.99855,,-3.09E-03
33.1203,2.97759,9.96358,,-3.69E-03
33.1403,2.96968,9.91562,,-4.22E-03
33.1603,2.96051,9.85905,,-4.90E-03
33.1803,2.95003,9.81051,,-5.39E-03
33.2003,2.93861,9.75024,,-6.07E-03
33.2203,2.92582,9.69121,,-6.79E-03
33.2403,2.91195,9.62645,,-7.04E-03
33.2603,2.89694,9.55503,,-7.92E-03
33.2803,2.88069,9.47831,,-8.37E-03
33.3003,2.86341,9.40162,,-8.84E-03
33.3203,2.84484,9.32325,,-9.64E-03
33.3403,2.82514,9.24385,,-0.0100861
33.3603,2.80445,9.15111,,-0.0106188
33.3803,2.78255,9.05415,,-0.0112135
33.4003,2.75948,8.96391,,-0.0117122
33.4203,2.73543,8.86694,,-0.0123942
33.4403,2.71024,8.76116,,-0.0128029
33.4603,2.68397,8.6525,,-0.0134185
33.4803,2.65663,8.54385,,-0.013947
33.5003,2.62812,8.43993,,-0.0144573
33.5203,2.59871,8.32287,,-0.0150268
33.5403,2.56818,8.19272,,-0.0154109
33.5603,2.53666,8.06922,,-0.0160905
33.5803,2.50407,7.9538,,-0.0165026
33.6003,2.47048,7.8198,,-0.0170338
33.6203,2.43597,7.67907,,-0.0174536
33.6403,2.40043,7.55187,,-0.017969
33.6603,2.36395,7.41385,,-0.0185619
33.6803,2.32651,7.27186,,-0.018889
33.7003,2.28816,7.12202,,-0.0193786
33.7203,2.24891,6.97783,,-0.0198732
33.7403,2.20872,6.8285,,-0.0202867
33.7603,2.16765,6.67487,,-0.0207559
33.7803,2.12575,6.51731,,-0.0210215
33.8003,2.083,6.36196,,-0.021738
33.8203,2.03939,6.20217,,-0.0219985
33.8403,1.99497,6.03309,,-0.0223326
33.8603,1.9497,5.8715,,-0.0228592
33.8803,1.90372,5.69742,,-0.0231692
33.9003,1.85702,5.52852,,-0.0235305
33.9203,1.80951,5.3571,,-0.0239577
33.9403,1.76127,5.17558,,-0.0242736
33.9603,1.71232,4.99566,,-0.0245948
33.9803,1.6627,4.8182,,-0.0249809
34.0003,1.61243,4.63865,,-0.0253006
34.0203,1.56149,4.45023,,-0.0256609
34.0403,1.50997,4.26273,,-0.0258452
34.0603,1.45779,4.07352,,-0.0262458
34.0803,1.40504,3.88855,,-0.0264987
34.1003,1.35175,3.69528,,-0.0267361
34.1203,1.29792,3.49836,,-0.0270723
34.1403,1.24356,3.29771,,-0.0272381
34.1603,1.18872,3.11003,,-0.0275876
34.1803,1.13334,2.91552,,-0.0278419
34.2003,1.0776,2.71289,,-0.0279082
34.2203,1.02137,2.50407,,-0.0282595
34.2403,0.964741,2.30553,,-0.0284099
34.2603,0.907724,2.11195,,-0.0285924
34.2803,0.850351,1.90417,,-0.0287363
34.3003,0.792633,1.69083,,-0.0289627
34.3203,0.734609,1.48748,,-0.0290654
34.3403,0.676307,1.28878,,-0.0293089
34.3603,0.617707,1.0814,,-0.0293055
34.3803,0.558855,0.864074,,-0.0294764
34.4003,0.499799,0.658561,,-0.0296193
34.4203,0.440499,0.457487,,-0.0296511
34.4403,0.381051,0.248184,,-0.0297662
34.4603,0.321484,0.0333801,,-0.0297929
34.4803,0.261749,-0.178466,,-0.0299365
34.5003,0.201919,-0.379227,,-0.0298996
34.5203,0.142001,-0.596198,,-0.029955
34.5403,0.0820515,-0.802932,,-0.0299968
34.5603,0.0220307,-1.00973,,-0.0300454
34.5803,-0.037959,-1.21729,,-0.0300096
34.6003,-0.0979421,-1.42618,,-0.0299565
34.6203,-0.1579,-1.6352,,-0.0300178
34.6403,-0.217833,-1.83559,,-0.0299482
34.6603,-0.277606,-2.04316,,-0.0297766
34.6803,-0.337302,-2.24731,,-0.029863
34.7003,-0.396846,-2.4487,,-0.0297225
34.7203,-0.456252,-2.65356,,-0.0297183
34.7403,-0.515467,-2.85459,,-0.0294373
34.7603,-0.574466,-3.05095,,-0.0295086
34.7803,-0.633251,-3.25313,,-0.0293459
34.8003,-0.691761,-3.44987,,-0.0291879
34.8203,-0.750027,-3.64179,,-0.0290652
34.8403,-0.80798,-3.83679,,-0.0289539
34.8603,-0.86563,-4.03194,,-0.0286829
34.8803,-0.922921,-4.22513,,-0.0285548
34.9003,-0.979798,-4.40866,,-0.0282667
34.9203,-1.03631,-4.5994,,-0.0282528
34.9403,-1.09243,-4.78119,,-0.0280306
34.9603,-1.1481,-4.96918,,-0.027634
34.9803,-1.20329,-5.15129,,-0.0275265
35.0003,-1.25802,-5.33247,,-0.0272367
35.0203,-1.31228,-5.50492,,-0.0269525
35.0403,-1.36597,-5.6852,,-0.0267684
35.0603,-1.41911,-5.86352,,-0.0264938
35.0803,-1.4717,-6.02656,,-0.0261228
35.1003,-1.52369,-6.19517,,-0.0259122
35.1203,-1.57507,-6.362,,-0.0255452
35.1403,-1.62581,-6.52645,,-0.0250853
35.1603,-1.67595,-6.68462,,-0.0250048
35.1803,-1.72537,-6.84404,,-0.0244774
35.2003,-1.77412,-6.99741,,-0.0241926
35.2203,-1.82217,-7.1425,,-0.023903
35.2403,-1.86949,-7.29518,,-0.0234639
35.2603,-1.91603,-7.44313,,-0.0231756
35.2803,-1.96184,-7.58308,,-0.0226794
35.3003,-2.00684,-7.71765,,-0.022283
35.3203,-2.05102,-7.85605,,-0.0218949
35.3403,-2.09441,-7.99676,,-0.0214404
35.3603,-2.13697,-8.11852,,-0.0210787
35.3803,-2.17867,-8.2452,,-0.0206922
35.4003,-2.2195,-8.36654,,-0.0202006
35.4203,-2.2594,-8.49045,,-0.0197465
35.4403,-2.29844,-8.60813,,-0.0193078
35.4603,-2.33654,-8.71666,,-0.0188366
35.4803,-2.37373,-8.82966,,-0.0183175
35.5003,-2.40996,-8.93021,,-0.017968
35.5203,-2.44522,-9.03771,,-0.0173263
35.5403,-2.47952,-9.13235,,-0.0169544
35.5603,-2.51284,-9.22959,,-0.0164051
35.5803,-2.54508,-9.31965,,-0.0158541
35.6003,-2.57639,-9.40377,,-0.0154273
35.6203,-2.6066,-9.48822,,-0.0148751
35.6403,-2.63577,-9.56879,,-0.0143731
35.6603,-2.66391,-9.64561,,-0.0137563
35.6803,-2.69097,-9.71468,,-0.0132714
35.7003,-2.717,-9.78364,,-0.0127934
35.7203,-2.7419,-9.84846,,-0.012225
35.7403,-2.76576,-9.90879,,-0.0116184
35.7603,-2.78845,-9.97164,,-0.0111772
35.7803,-2.81015,-10.0235,,-0.0104449
35.8003,-2.83052,-10.0617,,-0.0100204
35.8203,-2.84988,-10.1075,,-9.38E-03
35.8403,-2.86809,-10.1596,,-8.82E-03
35.8603,-2.88511,-10.1966,,-8.26E-03
35.8803,-2.90109,-10.2187,,-7.67E-03
35.9003,-2.91576,-10.2502,,-7.02E-03
35.9203,-2.92928,-10.2794,,-6.56E-03
35.9403,-2.94174,-10.3043,,-5.90E-03
35.9603,-2.95292,-10.3141,,-5.39E-03
35.9803,-2.96302,-10.3264,,-4.69E-03
36.0003,-2.97188,-10.3362,,-4.16E-03
36.0203,-2.97951,-10.3439,,-3.50E-03
36.0403,-2.98594,-10.347,,-2.95E-03
36.0603,-2.99126,-10.335,,-2.40E-03
36.0803,-2.99532,-10.3318,,-1.74E-03
36.1003,-2.99828,-10.3269,,-1.23E-03
36.1203,-2.99997,-10.3049,,-4.80E-04
36.1403,-3.0005,-10.2857,,-6.37E-05
36.1603,-2.99981,-10.2693,,6.79E-04
36.1803,-2.99785,-10.2396,,1.29E-03
36.2003,-2.99473,-10.2001,,1.76E-03
36.2203,-2.99036,-10.1808,,2.49E-03
36.2403,-2.98484,-10.1424,,3.05E-03
36.2603,-2.97818,-10.0857,,3.58E-03
36.2803,-2.97044,-10.0431,,4.22E-03
36.3003,-2.96122,-10.0093,,4.96E-03
36.3203,-2.95088,-9.94363,,5.34E-03
36.3403,-2.93954,-9.88285,,6.09E-03
36.3603,-2.92689,-9.822,,6.53E-03
36.3803,-2.91306,-9.76378,,7.19E-03
36.4003,-2.89809,-9.69583,,7.73E-03
36.4203,-2.88203,-9.61233,,8.30E-03
36.4403,-2.86473,-9.53421,,8.97E-03
36.4603,-2.8463,-9.46488,,9.40E-03
36.4803,-2.8268,-9.37757,,0.0101014
36.5003,-2.80614,-9.28357,,0.0106066
36.5203,-2.78432,-9.19447,,0.0110617
36.5403,-2.76142,-9.10303,,0.0117431
36.5603,-2.73733,-9.00651,,0.0123158
36.5803,-2.71222,-8.89386,,0.0128653
36.6003,-2.68601,-8.79362,,0.0133131
36.6203,-2.65878,-8.68317,,0.0138792
36.6403,-2.63042,-8.57621,,0.0144984
36.6603,-2.60103,-8.46127,,0.0148832
36.6803,-2.57061,-8.33667,,0.0154651
36.7003,-2.5392,-8.2135,,0.0159973
36.7203,-2.50664,-8.09321,,0.0164382
36.7403,-2.47315,-7.95926,,0.0170166
36.7603,-2.43871,-7.82487,,0.0174028
36.7803,-2.40328,-7.69523,,0.017916
36.8003,-2.36691,-7.55215,,0.0184962
36.8203,-2.32955,-7.40643,,0.0189586
36.8403,-2.29126,-7.26541,,0.0192981
36.8603,-2.25206,-7.1187,,0.0197743
36.8803,-2.21194,-6.96051,,0.0202942
36.9003,-2.17095,-6.81067,,0.0207617
36.9203,-2.12912,-6.65508,,0.0211217
36.9403,-2.08642,-6.49727,,0.0214879
36.9603,-2.04284,-6.33642,,0.0219814
36.9803,-1.9985,-6.16466,,0.0222996
37.0003,-1.95337,-5.9941,,0.0228296
37.0203,-1.9074,-5.83198,,0.0231572
37.0403,-1.86072,-5.66157,,0.0235113
37.0603,-1.81328,-5.4794,,0.0239191
37.0803,-1.7651,-5.30704,,0.0242783
37.1003,-1.71621,-5.13044,,0.0245297
37.1203,-1.66668,-4.94614,,0.0249903
37.1403,-1.61646,-4.75884,,0.0252258
37.1603,-1.56557,-4.57432,,0.0256199
37.1803,-1.51403,-4.39303,,0.0259045
37.2003,-1.46195,-4.20133,,0.0261176
37.2203,-1.40928,-4.00521,,0.0265158
37.2403,-1.35602,-3.81353,,0.0267929
37.2603,-1.30217,-3.61867,,0.0271355
37.2803,-1.2479,-3.42593,,0.0271623
37.3003,-1.19306,-3.22027,,0.0275418
37.3203,-1.13777,-3.0237,,0.0277285
37.3403,-1.08201,-2.82974,,0.0280308
37.3603,-1.02584,-2.61956,,0.0281322
37.3803,-0.969255,-2.42008,,0.0284108
37.4003,-0.91227,-2.21222,,0.0286107
37.4203,-0.854924,-2.01538,,0.028725
37.4403,-0.7972,-1.80952,,0.0289601
37.4603,-0.739239,-1.59766,,0.0290123
37.4803,-0.680911,-1.39217,,0.0292841
37.5003,-0.622356,-1.18367,,0.0292881
37.5203,-0.563523,-0.982291,,0.0294311
37.5403,-0.504492,-0.771907,,0.0296288
37.5603,-0.4452,-0.563899,,0.0296984
37.5803,-0.385805,-0.353221,,0.0297829
37.6003,-0.326217,-0.147225,,0.0298301
37.6203,-0.266513,0.0682533,,0.0298323
37.6403,-0.206678,0.279555,,0.0299233
37.6603,-0.146773,0.482351,,0.0299623
37.6803,-0.0868216,0.692575,,0.0300294
37.7003,-0.0268193,0.906486,,0.0300096
37.7203,0.0331959,1.11568,,0.0299888
37.7403,0.0931774,1.3211,,0.0299482
37.7603,0.15314,1.52859,,0.0300012
37.7803,0.213042,1.74574,,0.0299702
37.8003,0.272838,1.95233,,0.0298811
37.8203,0.332547,2.15814,,0.0298331
37.8403,0.392137,2.35772,,0.0296716
37.8603,0.451516,2.56063,,0.0296665
37.8803,0.510749,2.7762,,0.0295553
37.9003,0.569792,2.97229,,0.0294936
37.9203,0.628585,3.17174,,0.0293395
37.9403,0.687133,3.37234,,0.0292197
37.9603,0.745415,3.57196,,0.0290811
37.9803,0.803387,3.76577,,0.0288245
38.0003,0.861033,3.9594,,0.0288065
38.0203,0.918337,4.15526,,0.0285963
38.0403,0.97529,4.34908,,0.0283866
38.0603,1.03184,4.53682,,0.0280986
38.0803,1.08799,4.72496,,0.0279963
38.1003,1.14368,4.91136,,0.027763
38.1203,1.19894,5.08768,,0.0275302
38.1403,1.2537,5.27991,,0.0272203
38.1603,1.30795,5.45494,,0.027033
38.1803,1.3617,5.62583,,0.0267264
38.2003,1.41491,5.79904,,0.0265951
38.2203,1.46755,5.98141,,0.0261203
38.2403,1.51961,6.14864,,0.0258048
38.2603,1.57101,6.30885,,0.0255441
38.2803,1.62189,6.47091,,0.0253806
38.3003,1.67201,6.63955,,0.024872
38.3203,1.72148,6.79874,,0.0245914
38.3403,1.77028,6.95213,,0.0241698
38.3603,1.81838,7.10407,,0.0238811
38.3803,1.86574,7.25394,,0.0235195
38.4003,1.91234,7.40596,,0.0231033
38.4203,1.95822,7.5466,,0.0228172
38.4403,2.00328,7.69257,,0.0223458
38.4603,2.04757,7.82281,,0.0218984
38.4803,2.09102,7.96187,,0.0215604
38.5003,2.13364,8.08844,,0.0211509
38.5203,2.17539,8.21801,,0.0206063
38.5403,2.21631,8.34049,,0.0202371
38.5603,2.2563,8.46068,,0.019822
38.5803,2.2954,8.5785,,0.0193484
38.6003,2.33361,8.69293,,0.0189031
38.6203,2.37084,8.8072,,0.0184548
38.6403,2.40717,8.90672,,0.017894
38.6603,2.4425,9.00902,,0.0172976
38.6803,2.47682,9.11314,,0.016979
38.7003,2.51022,9.21402,,0.0164457
38.7203,2.54254,9.30065,,0.0160731
38.7403,2.57394,9.38839,,0.0153352
38.7603,2.60425,9.47783,,0.0149242
38.7803,2.63354,9.55924,,0.0144443
38.8003,2.66176,9.63532,,0.013871
38.8203,2.68894,9.71076,,0.0133084
38.8403,2.71493,9.77479,,0.0126932
38.8603,2.74001,9.84278,,0.0122759
38.8803,2.76388,9.90839,,0.0117104
38.9003,2.78674,9.9644,,0.0112176
38.9203,2.80838,10.0197,,0.0103624
38.9403,2.82893,10.0658,,0.0102189
38.9603,2.84838,10.1067,,9.30E-03
38.9803,2.86666,10.1597,,8.92E-03
39.0003,2.88381,10.2021,,8.27E-03
39.0203,2.89988,10.2233,,7.72E-03
39.0403,2.91465,10.2489,,7.13E-03
39.0603,2.92835,10.2878,,6.59E-03
39.0803,2.94079,10.3186,,5.92E-03
39.1003,2.95216,10.3207,,5.56E-03
39.1203,2.96225,10.3299,,4.65E-03
39.1403,2.97125,10.3488,,4.19E-03
39.1603,2.97891,10.3592,,3.64E-03
39.1803,2.98551,10.3576,,2.98E-03
39.2003,2.99088,10.3506,,2.35E-03
39.2203,2.99508,10.3464,,1.91E-03
39.2403,2.99815,10.3366,,1.12E-03
39.2603,2.99997,10.3302,,7.12E-04
39.2803,3.00053,10.3046,,-1.95E-05
39.3003,2.99984,10.2785,,-6.16E-04
39.3203,2.99803,10.2559,,-1.22E-03
39.3403,2.995,10.2275,,-1.73E-03
39.3603,2.99078,10.1954,,-2.50E-03
39.3803,2.98536,10.1543,,-3.00E-03
39.4003,2.9788,10.1062,,-3.48E-03
39.4203,2.97104,10.0652,,-4.18E-03
39.4403,2.96205,10.0125,,-4.83E-03
39.4603,2.95175,9.96325,,-5.39E-03
39.4803,2.9405,9.9038,,-5.88E-03
39.5003,2.92795,9.83555,,-6.57E-03
39.5203,2.91422,9.7769,,-7.09E-03
39.5403,2.89942,9.71337,,-7.82E-03
39.5603,2.88336,9.63687,,-8.23E-03
39.5803,2.86624,9.54956,,-8.86E-03
39.6003,2.8479,9.46871,,-9.39E-03
39.6203,2.82845,9.39641,,-0.0100951
39.6403,2.80781,9.30806,,-0.010461
39.6603,2.78616,9.20623,,-0.0111092
39.6803,2.7633,9.11201,,-0.011652
39.7003,2.73939,9.02091,,-0.0122771
39.7203,2.71431,8.91676,,-0.0127136
39.7403,2.68825,8.80516,,-0.0134016
39.7603,2.66103,8.69119,,-0.0138294
39.7803,2.63277,8.58444,,-0.0143737
39.8003,2.60345,8.4673,,-0.014886
39.8203,2.57307,8.35004,,-0.015462
39.8403,2.54177,8.22166,,-0.0158594
39.8603,2.5093,8.09263,,-0.0164866
39.8803,2.47594,7.97066,,-0.0169605
39.9003,2.44153,7.83326,,-0.0174025
39.9203,2.40618,7.69375,,-0.0179639
39.9403,2.36984,7.55774,,-0.0183732
39.9603,2.33257,7.41546,,-0.0188755
39.9803,2.29434,7.26453,,-0.0193567
40.0003,2.25525,7.11919,,-0.0196735
40.0203,2.21521,6.97232,,-0.0202272
40.0403,2.17424,6.81318,,-0.0206709
40.0603,2.13247,6.65784,,-0.021163
40.0803,2.08986,6.50115,,-0.0214684
40.1003,2.04639,6.33474,,-0.0219305
40.1203,2.00211,6.16954,,-0.0224018
40.1403,1.95699,6.00163,,-0.0227173
40.1603,1.91113,5.8369,,-0.0231163
40.1803,1.86449,5.66251,,-0.0234713
40.2003,1.81709,5.48467,,-0.0237846
40.2203,1.76897,5.29975,,-0.0243601
40.2403,1.72016,5.12305,,-0.0245348
40.2603,1.67062,4.95021,,-0.0249344
40.2803,1.62046,4.76104,,-0.0252163
40.3003,1.56961,4.56886,,-0.025711
40.3203,1.51821,4.37849,,-0.0256744
40.3403,1.46612,4.19343,,-0.0262465
40.3603,1.41346,4.00758,,-0.0264268
40.3803,1.36026,3.80622,,-0.0267513
40.4003,1.30656,3.60839,,-0.0270232
40.4203,1.25225,3.4117,,-0.0272663
40.4403,1.19747,3.22249,,-0.027466
40.4603,1.1422,3.02006,,-0.0277631
40.4803,1.08649,2.81416,,-0.0279095
40.5003,1.03035,2.60653,,-0.0282235
40.5203,0.973791,2.41163,,-0.0282894
40.5403,0.91681,2.20919,,-0.0286708
40.5603,0.859522,1.99155,,-0.028672
40.5803,0.801848,1.78258,,-0.0289439
40.6003,0.743856,1.57991,,-0.0290799
40.6203,0.685571,1.37449,,-0.0292356
40.6403,0.627028,1.16089,,-0.0293244
40.6603,0.56823,0.948422,,-0.0294258
40.6803,0.509183,0.738618,,-0.0296361
40.7003,0.449946,0.529947,,-0.0296086
40.7203,0.390565,0.32025,,-0.0297793
40.7403,0.330964,0.104548,,-0.0297629
40.7603,0.271261,-0.103656,,-0.0299135
40.7803,0.211428,-0.321433,,-0.029932
40.8003,0.151552,-0.531002,,-0.029991
40.8203,0.0916031,-0.741793,,-0.0299303
40.8403,0.0315719,-0.951126,,-0.03005
40.8603,-0.0284068,-1.16252,,-0.0299868
40.8803,-0.0884218,-1.37337,,-0.0299414
40.9003,-0.148389,-1.58119,,-0.030031
40.9203,-0.208264,-1.79103,,-0.029906
40.9403,-0.268109,-1.99338,,-0.0298607
40.9603,-0.327807,-2.20071,,-0.0298398
40.9803,-0.387387,-2.41625,,-0.029777
41.0003,-0.44681,-2.61885,,-0.0296824
41.0203,-0.506039,-2.81452,,-0.0295433
41.0403,-0.565111,-3.0182,,-0.0295661
41.0603,-0.623931,-3.23306,,-0.0292843
41.0803,-0.682502,-3.42682,,-0.0292487
41.1003,-0.740787,-3.61766,,-0.0289286
41.1203,-0.798776,-3.81927,,-0.0290192
41.1403,-0.856444,-4.01753,,-0.0287329
41.1603,-0.913819,-4.20742,,-0.0286012
41.1803,-0.970769,-4.39385,,-0.0284793
41.2003,-1.02735,-4.59157,,-0.0281814
41.2203,-1.08354,-4.78709,,-0.0279858
41.2403,-1.13929,-4.96653,,-0.0277668
41.2603,-1.19455,-5.14933,,-0.0275045
41.2803,-1.24934,-5.33062,,-0.0272201
41.3003,-1.30364,-5.51576,,-0.0270386
41.3203,-1.35744,-5.69734,,-0.0267862
41.3403,-1.41068,-5.86303,,-0.026539
41.3603,-1.46334,-6.04096,,-0.0261352
41.3803,-1.51547,-6.21585,,-0.0259162
41.4003,-1.56697,-6.3892,,-0.0255611
41.4203,-1.61781,-6.5488,,-0.0253784
41.4403,-1.66801,-6.70526,,-0.0249071
41.4603,-1.71755,-6.86952,,-0.0246358
41.4803,-1.76641,-7.02941,,-0.0242378
41.5003,-1.81459,-7.18054,,-0.0238438
41.5203,-1.86199,-7.33178,,-0.0236518
41.5403,-1.90869,-7.47961,,-0.0231314
41.5603,-1.9546,-7.62509,,-0.0228016
41.5803,-1.99973,-7.76232,,-0.0223045
41.6003,-2.04406,-7.90694,,-0.0220494
41.6203,-2.08759,-8.04564,,-0.0214358
41.6403,-2.13024,-8.16648,,-0.0212067
41.6603,-2.17211,-8.30342,,-0.020687
41.6803,-2.21307,-8.43066,,-0.0202972
41.7003,-2.25314,-8.5475,,-0.0198667
41.7203,-2.29232,-8.67384,,-0.0193374
41.7403,-2.33059,-8.78524,,-0.0188626
41.7603,-2.36794,-8.89092,,-0.0185101
41.7803,-2.40431,-8.99925,,-0.0179388
41.8003,-2.43969,-9.11345,,-0.0174709
41.8203,-2.4741,-9.2133,,-0.0169639
41.8403,-2.50758,-9.29999,,-0.016555
41.8603,-2.54,-9.39656,,-0.0159375
41.8803,-2.57144,-9.49114,,-0.0155349
41.9003,-2.60184,-9.57875,,-0.0148819
41.9203,-2.63126,-9.65089,,-0.0144316
41.9403,-2.65952,-9.72802,,-0.0138815
41.9603,-2.68677,-9.81362,,-0.0133958
41.9803,-2.71294,-9.87679,,-0.0128651
42.0003,-2.73805,-9.94557,,-0.012231
42.0203,-2.7621,-10.0006,,-0.0117876
42.0403,-2.7849,-10.0613,,-0.0112129
42.0603,-2.80669,-10.1212,,-0.0105335
42.0803,-2.82732,-10.1748,,-0.0100976
42.1003,-2.84678,-10.2141,,-9.46E-03
42.1203,-2.8653,-10.2475,,-8.97E-03
42.1403,-2.88248,-10.2991,,-8.29E-03
42.1603,-2.89852,-10.3364,,-7.78E-03
42.1803,-2.91349,-10.3604,,-7.20E-03
42.2003,-2.92728,-10.3833,,-6.64E-03
42.2203,-2.93985,-10.4108,,-6.00E-03
42.2403,-2.95122,-10.4335,,-5.39E-03
42.2603,-2.96148,-10.4425,,-4.85E-03
42.2803,-2.97055,-10.4518,,-4.19E-03
42.3003,-2.97838,-10.4593,,-3.67E-03
42.3203,-2.985,-10.4641,,-3.03E-03
42.3403,-2.99051,-10.4577,,-2.50E-03
42.3603,-2.99479,-10.4562,,-1.88E-03
42.3803,-2.99785,-10.4452,,-1.23E-03
42.4003,-2.99977,-10.4282,,-7.27E-04
42.4203,-3.0005,-10.4112,,-6.28E-05
42.4403,-2.99998,-10.3913,,6.62E-04
42.4603,-2.99814,-10.3639,,1.04E-03
42.4803,-2.99523,-10.334,,1.84E-03
42.5003,-2.99115,-10.3034,,2.35E-03
42.5203,-2.98585,-10.2634,,2.94E-03
42.5403,-2.97932,-10.2184,,3.52E-03
42.5603,-2.9717,-10.1779,,4.07E-03
42.5803,-2.96276,-10.1279,,4.74E-03
42.6003,-2.95268,-10.068,,5.37E-03
42.6203,-2.94144,-10.0128,,5.98E-03
42.6403,-2.92896,-9.95926,,6.40E-03
42.6603,-2.91536,-9.89221,,7.13E-03
42.6803,-2.90054,-9.81774,,7.64E-03
42.7003,-2.88464,-9.74899,,8.25E-03
42.7203,-2.86761,-9.6737,,8.85E-03
42.7403,-2.84929,-9.59399,,9.28E-03
42.7603,-2.83003,-9.50265,,9.96E-03
42.7803,-2.80952,-9.41622,,0.0105361
42.8003,-2.78782,-9.33118,,0.0110908
42.8203,-2.76509,-9.23684,,0.0116677
42.8403,-2.74128,-9.12813,,0.0121379
42.8603,-2.7163,-9.02285,,0.0127762
42.8803,-2.69026,-8.9289,,0.0132487
42.9003,-2.66316,-8.81983,,0.0138478
42.9203,-2.63502,-8.69854,,0.0142901
42.9403,-2.60583,-8.57288,,0.0147947
42.9603,-2.57558,-8.46805,,0.0154487
42.9803,-2.54425,-8.34536,,0.0159039
43.0003,-2.51195,-8.2115,,0.0163266
43.0203,-2.47863,-8.08514,,0.016943
43.0403,-2.44431,-7.94973,,0.017385
43.0603,-2.40902,-7.81198,,0.0179194
43.0803,-2.37276,-7.67409,,0.0183306
43.1003,-2.33555,-7.53631,,0.0188012
43.1203,-2.29741,-7.38515,,0.0192081
43.1403,-2.2584,-7.231,,0.0198704
43.1603,-2.21842,-7.08614,,0.0201349
43.1803,-2.17756,-6.93146,,0.0206496
43.2003,-2.13586,-6.7685,,0.0211211
43.2203,-2.09329,-6.60792,,0.0213605
43.2403,-2.04987,-6.45015,,0.0220023
43.2603,-2.00561,-6.28142,,0.0222843
43.2803,-1.96061,-6.10874,,0.0226679
43.3003,-1.91481,-5.94033,,0.0230821
43.3203,-1.86826,-5.76312,,0.0234639
43.3403,-1.82091,-5.58431,,0.0238175
43.3603,-1.77282,-5.41382,,0.0241882
43.3803,-1.72408,-5.23176,,0.0246281
43.4003,-1.67466,-5.04721,,0.0248026
43.4203,-1.62448,-4.85941,,0.0253315
43.4403,-1.57373,-4.67522,,0.0255059
43.4603,-1.52235,-4.48559,,0.0258397
43.4803,-1.4703,-4.2981,,0.0260946
43.5003,-1.41769,-4.0973,,0.0265021
43.5203,-1.36451,-3.9036,,0.0267327
43.5403,-1.31083,-3.70991,,0.026948
43.5603,-1.2566,-3.50726,,0.0272113
43.5803,-1.20187,-3.31131,,0.0275235
43.6003,-1.14663,-3.10794,,0.0277101
43.6203,-1.09096,-2.90214,,0.0279789
43.6403,-1.03482,-2.69842,,0.0281338
43.6603,-0.978309,-2.49919,,0.0283231
43.6803,-0.921378,-2.29036,,0.0286075
43.7003,-0.864096,-2.08273,,0.0287158
43.7203,-0.806447,-1.87718,,0.028859
43.7403,-0.748486,-1.66339,,0.0291198
43.7603,-0.690238,-1.45616,,0.0291333
43.7803,-0.631698,-1.24897,,0.029366
43.8003,-0.572919,-1.04433,,0.029385
43.8203,-0.513912,-0.822888,,0.0295602
43.8403,-0.454674,-0.608682,,0.0297801
43.8603,-0.395277,-0.410792,,0.0296273
43.8803,-0.335732,-0.193086,,0.0297949
43.9003,-0.276028,0.0322076,,0.0298768
43.9203,-0.216202,0.235159,,0.029964
43.9403,-0.156332,0.438614,,0.0299989
43.9603,-0.0963586,0.659082,,0.0299899
43.9803,-0.0363786,0.875298,,0.0299508
44.0003,0.0236422,1.07744,,0.0300261
44.0203,0.0836483,1.295,,0.0301019
44.0403,0.143608,1.5081,,0.0298426
44.0603,0.203498,1.71501,,0.0299113
44.0803,0.263346,1.91817,,0.0299611
44.1003,0.323051,2.13694,,0.0297694
44.1203,0.382643,2.34733,,0.0298066
44.1403,0.442079,2.55042,,0.0296889
44.1603,0.501342,2.75124,,0.0295496
44.1803,0.560416,2.95981,,0.0294755
44.2003,0.619232,3.17043,,0.0293551
44.2203,0.67783,3.37224,,0.0292801
44.2403,0.736174,3.56359,,0.0290145
44.2603,0.79418,3.76366,,0.0289966
44.2803,0.851874,3.96675,,0.0287869
44.3003,0.909242,4.16504,,0.028591
44.3203,0.966267,4.35575,,0.0284552
44.3403,1.02287,4.54614,,0.0281677
44.3603,1.07906,4.7417,,0.0280103
44.3803,1.13484,4.92994,,0.0277844
44.4003,1.19017,5.11219,,0.0275143
44.4203,1.24503,5.29555,,0.0273704
44.4403,1.29938,5.48187,,0.0269931
44.4603,1.3532,5.66147,,0.0267966
44.4803,1.40647,5.83402,,0.026444
44.5003,1.45919,6.01102,,0.0262691
44.5203,1.51137,6.18691,,0.0259141
44.5403,1.56291,6.34657,,0.0256555
44.5603,1.61383,6.51743,,0.0253415
44.5803,1.66404,6.68743,,0.024977
44.6003,1.71366,6.84378,,0.0245744
44.6203,1.76258,7.00443,,0.0243221
44.6403,1.81081,7.16097,,0.0239216
44.6603,1.85829,7.31125,,0.0236011
44.6803,1.905,7.46224,,0.0231446
44.7003,1.95097,7.60193,,0.0228385
44.7203,1.99619,7.74966,,0.0224443
44.7403,2.04057,7.89739,,0.0219286
44.7603,2.08415,8.03197,,0.0216127
44.7803,2.1269,8.15571,,0.0211788
44.8003,2.16882,8.28534,,0.020745
44.8203,2.20983,8.4252,,0.0202928
44.8403,2.25001,8.544,,0.0199899
44.8603,2.28928,8.65339,,0.0193056
44.8803,2.32753,8.77218,,0.0189442
44.9003,2.36496,8.89578,,0.0185271
44.9203,2.40142,9.00312,,0.0179878
44.9403,2.43688,9.10184,,0.01749
44.9603,2.4714,9.20644,,0.017013
44.9803,2.50493,9.30469,,0.0164945
45.0003,2.53752,9.40329,,0.016057
45.0203,2.56898,9.48983,,0.0155146
45.0403,2.59948,9.57718,,0.0150131
45.0603,2.62897,9.65972,,0.0145243
45.0803,2.65738,9.74162,,0.0138786
45.1003,2.68466,9.81559,,0.0134157
45.1203,2.71095,9.88692,,0.0128927
45.1403,2.7361,9.9574,,0.0124173
45.1603,2.76021,10.0199,,0.0117313
45.1803,2.78319,10.082,,0.0111503
45.2003,2.80504,10.1394,,0.0107659
45.2203,2.82577,10.188,,0.0100502
45.2403,2.84535,10.2328,,9.47E-03
45.2603,2.86383,10.2761,,9.00E-03
45.2803,2.88116,10.3219,,8.30E-03
45.3003,2.89732,10.352,,7.92E-03
45.3203,2.91237,10.3843,,7.19E-03
45.3403,2.92623,10.4174,,6.70E-03
45.3603,2.93892,10.4362,,6.01E-03
45.3803,2.95033,10.4538,,5.52E-03
45.4003,2.96072,10.4693,,4.81E-03
45.4203,2.96991,10.4839,,4.42E-03
45.4403,2.97787,10.4867,,3.70E-03
45.4603,2.98458,10.4924,,2.94E-03
45.4803,2.99013,10.4972,,2.58E-03
45.5003,2.99448,10.4816,,1.91E-03
45.5203,2.99772,10.475,,1.29E-03
45.5403,2.99969,10.4683,,6.77E-04
45.5603,3.00049,10.4496,,1.28E-04
45.5803,3.00004,10.4248,,-5.15E-04
45.6003,2.9984,10.3978,,-1.05E-03
45.6203,2.99561,10.3737,,-1.74E-03
45.6403,2.99149,10.3431,,-2.25E-03
45.6603,2.98634,10.3001,,-2.89E-03
45.6803,2.97989,10.254,,-3.53E-03
45.7003,2.97231,10.2174,,-4.05E-03
45.7203,2.96353,10.1686,,-4.70E-03
45.7403,2.95346,10.1071,,-5.34E-03
45.7603,2.94237,10.0485,,-5.77E-03
45.7803,2.93,9.99807,,-6.52E-03
45.8003,2.91651,9.92709,,-6.99E-03
45.8203,2.90187,9.84633,,-7.63E-03
45.8403,2.88595,9.78731,,-8.18E-03
45.8603,2.86904,9.71496,,-8.80E-03
45.8803,2.85088,9.6242,,-9.30E-03
45.9003,2.83156,9.53765,,-9.94E-03
45.9203,2.8112,9.45957,,-0.0104951
45.9403,2.78959,9.36555,,-0.0110806
45.9603,2.76698,9.26223,,-0.011522
45.9803,2.74318,9.16397,,-0.0121868
46.0003,2.71834,9.06198,,-0.0126142
46.0203,2.69245,8.96169,,-0.0132504
46.0403,2.66548,8.84887,,-0.0137072
46.0603,2.63735,8.72795,,-0.0143595
46.0803,2.60819,8.61113,,-0.014793
46.1003,2.57803,8.49706,,-0.0153604
46.1203,2.5468,8.36972,,-0.0157641
46.1403,2.51452,8.23873,,-0.0164775
46.1603,2.48129,8.1104,,-0.0168851
46.1803,2.44707,7.97771,,-0.0172896
46.2003,2.41186,7.84553,,-0.0178647
46.2203,2.3757,7.69695,,-0.0182335
46.2403,2.33856,7.55134,,-0.0188401
46.2603,2.30048,7.41351,,-0.0192552
46.2803,2.26153,7.25942,,-0.0197009
46.3003,2.22162,7.10674,,-0.0202146
46.3203,2.18088,6.94839,,-0.020552
46.3403,2.13921,6.79562,,-0.0210042
46.3603,2.09669,6.63444,,-0.0214607
46.3803,2.05341,6.4675,,-0.021856
46.4003,2.00921,6.30432,,-0.0222057
46.4203,1.96425,6.13288,,-0.0227427
46.4403,1.91847,5.9628,,-0.0230065
46.4603,1.87194,5.78535,,-0.0235203
46.4803,1.8247,5.61548,,-0.0238143
46.5003,1.77672,5.43646,,-0.024167
46.5203,1.72802,5.24637,,-0.0244511
46.5403,1.67862,5.06398,,-0.024924
46.5603,1.62852,4.88345,,-0.0251818
46.5803,1.5778,4.69056,,-0.0254757
46.6003,1.52648,4.49827,,-0.0258668
46.6203,1.4745,4.31193,,-0.026183
46.6403,1.42191,4.11464,,-0.0263596
46.6603,1.36884,3.9189,,-0.0266821
46.6803,1.31515,3.72327,,-0.0269642
46.7003,1.261,3.52061,,-0.02723
46.7203,1.20623,3.32413,,-0.0274019
46.7403,1.15107,3.12249,,-2.77E-02
46.7603,1.09542,2.91703,,-0.0279116
46.7803,1.03935,2.71286,,-0.0281674
46.8003,0.982847,2.50541,,-0.028349
46.8203,0.925946,2.30404,,-0.0285924
46.8403,0.868678,2.09116,,-0.0287443
46.8603,0.811087,1.87693,,-0.0288337
46.8803,0.753129,1.6694,,-0.0290479
46.9003,0.694905,1.46025,,-0.0291751
46.9203,0.63639,1.24838,,-0.029346
46.9403,0.577622,1.0294,,-0.0293993
46.9603,0.518614,0.822542,,-0.0296435
46.9803,0.459428,0.609399,,-0.029544
47.0003,0.400035,0.395366,,-0.0297845
47.0203,0.340502,0.178044,,-0.0297589
47.0403,0.280822,-0.0321873,,-0.0298389
47.0603,0.220997,-0.247386,,-0.0299974
47.0803,0.161112,-0.463955,,-0.029969
47.1003,0.101168,-0.679222,,-0.0299717
47.1203,0.0411498,-0.888298,,-0.029942
47.1403,-0.0188402,-1.10215,,-0.0301029
47.1603,-0.0788473,-1.31926,,-0.0299486
47.1803,-0.138804,-1.53133,,-0.0299365
47.2003,-0.198702,-1.73537,,-0.029939
47.2203,-0.258543,-1.94464,,-0.0299132
47.2403,-0.318274,-2.15862,,-0.0298402
47.2603,-0.377873,-2.37038,,-0.0297694
47.2803,-0.437354,-2.57746,,-0.0297582
47.3003,-0.496607,-2.7771,,-0.0295187
47.3203,-0.555691,-2.98386,,-0.0294476
47.3403,-0.614537,-3.19565,,-0.0293842
47.3603,-0.673166,-3.3953,,-0.0292476
47.3803,-0.731512,-3.59488,,-0.0291278
47.4003,-0.789542,-3.79182,,-0.0288966
47.4203,-0.84726,-3.99328,,-0.0288079
47.4403,-0.904668,-4.19158,,-0.0286912
47.4603,-0.961706,-4.38293,,-0.0283886
47.4803,-1.01836,-4.57752,,-0.0282472
47.5003,-1.07461,-4.76642,,-0.0280297
47.5203,-1.13039,-4.95795,,-0.027761
47.5403,-1.18576,-5.14588,,-0.0275606
47.5603,-1.24064,-5.3304,,-0.027341
47.5803,-1.295,-5.51669,,-0.0270789
47.6003,-1.34887,-5.68899,,-0.0267734
47.6203,-1.40225,-5.87624,,-0.0265534
47.6403,-1.45496,-6.0519,,-0.0262286
47.6603,-1.5072,-6.22266,,-0.0260166
47.6803,-1.55877,-6.39481,,-0.0256526
47.7003,-1.6097,-6.56106,,-0.0252784
47.7203,-1.66003,-6.72884,,-0.0249805
47.7403,-1.7097,-6.88827,,-0.0246974
47.7603,-1.75864,-7.05199,,-0.0242952
47.7803,-1.8069,-7.20834,,-0.0239724
47.8003,-1.85445,-7.35734,,-0.0236643
47.8203,-1.90129,-7.51064,,-0.0231646
47.8403,-1.94731,-7.65987,,-0.0228557
47.8603,-1.99254,-7.80436,,-0.0224587
47.8803,-2.03705,-7.94371,,-0.022001
47.9003,-2.08066,-8.08439,,-0.0216128
47.9203,-2.12351,-8.22091,,-0.0212063
47.9403,-2.16546,-8.3494,,-0.0207954
47.9603,-2.20657,-8.47418,,-0.0203427
47.9803,-2.24679,-8.60088,,-0.019902
48.0003,-2.28611,-8.72201,,-0.0194439
48.0203,-2.32453,-8.8397,,-0.0189924
48.0403,-2.36197,-8.95206,,-0.0185015
48.0603,-2.3985,-9.06154,,-0.0180605
48.0803,-2.4341,-9.16997,,-0.0175778
48.1003,-2.46868,-9.27405,,-0.0170116
48.1203,-2.50231,-9.37282,,-0.0165423
48.1403,-2.53488,-9.46661,,-0.0160943
48.1603,-2.56649,-9.55463,,-0.0155493
48.1803,-2.59708,-9.65021,,-0.015067
48.2003,-2.62656,-9.73748,,-0.0144943
48.2203,-2.65506,-9.81215,,-0.013963
48.2403,-2.68249,-9.88275,,-0.0134758
48.2603,-2.70886,-9.95831,,-0.0129364
48.2803,-2.73409,-10.035,,-0.0123983
48.3003,-2.7583,-10.0957,,-0.011822
48.3203,-2.78134,-10.145,,-0.0112261
48.3403,-2.80333,-10.2066,,-0.0107325
48.3603,-2.8241,-10.2653,,-0.0101278
48.3803,-2.84388,-10.3124,,-9.67E-03
48.4003,-2.86234,-10.3483,,-8.91E-03
48.4203,-2.87979,-10.3868,,-8.39E-03
48.4403,-2.89601,-10.4332,,-7.95E-03
48.4603,-2.91118,-10.462,,-7.20E-03
48.4803,-2.92509,-10.4866,,-6.70E-03
48.5003,-2.93793,-10.5131,,-6.21E-03
48.5203,-2.94949,-10.5331,,-5.42E-03
48.5403,-2.95989,-10.5489,,-4.95E-03
48.5603,-2.96913,-10.5607,,-4.28E-03
48.5803,-2.97721,-10.5642,,-3.84E-03
48.6003,-2.98406,-10.572,,-3.19E-03
48.6203,-2.98972,-10.5702,,-2.45E-03
48.6403,-2.9942,-10.5602,,-1.97E-03
48.6603,-2.99749,-10.557,,-1.37E-03
48.6803,-2.99958,-10.5488,,-7.75E-04
48.7003,-3.00041,-10.5245,,-1.65E-04
48.7203,-3.0001,-10.5008,,5.25E-04
48.7403,-2.99862,-10.4825,,9.96E-04
48.7603,-2.99586,-10.452,,1.66E-03
48.7803,-2.99184,-10.4159,,2.23E-03
48.8003,-2.98673,-10.3787,,2.84E-03
48.8203,-2.98044,-10.341,,3.56E-03
48.8403,-2.97298,-10.2949,,3.91E-03
48.8603,-2.9643,-10.2449,,4.63E-03
48.8803,-2.95435,-10.1937,,5.32E-03
48.9003,-2.94328,-10.1314,,5.73E-03
48.9203,-2.9311,-10.0738,,6.46E-03
48.9403,-2.91754,-10.015,,7.02E-03
48.9603,-2.90309,-9.94166,,7.51E-03
48.9803,-2.88726,-9.86821,,8.16E-03
49.0003,-2.87043,-9.79512,,8.70E-03
49.0203,-2.85232,-9.71473,,9.30E-03
49.0403,-2.83319,-9.62655,,9.84E-03
49.0603,-2.81284,-9.53839,,0.0104618
49.0803,-2.79145,-9.44882,,0.0110076
49.1003,-2.76879,-9.35345,,0.0114793
49.1203,-2.74519,-9.25926,,0.0120814
49.1403,-2.72041,-9.15286,,0.012653
49.1603,-2.69455,-9.04118,,0.0131784
49.1803,-2.66762,-8.93406,,0.0137326
49.2003,-2.63958,-8.83047,,0.0142791
49.2203,-2.61055,-8.70349,,0.0147746
49.2403,-2.58046,-8.57505,,0.0152976
49.2603,-2.54935,-8.46332,,0.0157208
49.2803,-2.51717,-8.33621,,0.016476
49.3003,-2.48401,-8.20447,,0.0167731
49.3203,-2.44982,-8.06716,,0.0172774
49.3403,-2.41473,-7.9306,,0.0178382
49.3603,-2.37862,-7.78602,,0.0182921
49.3803,-2.34156,-7.6471,,0.0187251
49.4003,-2.30353,-7.50573,,0.0191817
49.4203,-2.26467,-7.34381,,0.0196482
49.4403,-2.22483,-7.19429,,0.0201421
49.4603,-2.18413,-7.04216,,0.0206405
49.4803,-2.14257,-6.87936,,0.0209823
49.5003,-2.10012,-6.72083,,0.0213791
49.5203,-2.05685,-6.55011,,0.0218525
49.5403,-2.01276,-6.38353,,0.0222372
49.5603,-1.96785,-6.21609,,0.0226084
49.5803,-1.92214,-6.04875,,0.0230729
49.6003,-1.8757,-5.86591,,0.0233742
49.6203,-1.82848,-5.68129,,0.0237802
49.6403,-1.78055,-5.51508,,0.0241324
49.6603,-1.73188,-5.33348,,0.0244494
49.6803,-1.68255,-5.14112,,0.0248247
49.7003,-1.63252,-4.95102,,0.0252371
49.7203,-1.5818,-4.76988,,0.0254955
49.7403,-1.53055,-4.58751,,0.0257359
49.7603,-1.47862,-4.38178,,0.0261851
49.7803,-1.42611,-4.1835,,0.0263288
49.8003,-1.37302,-3.99465,,0.0267032
49.8203,-1.31937,-3.79768,,0.0269228
49.8403,-1.26527,-3.58982,,0.0272279
49.8603,-1.21059,-3.38566,,0.0274264
49.8803,-1.15544,-3.19137,,0.0277173
49.9003,-1.09982,-2.98694,,0.0279231
49.9203,-1.04379,-2.77422,,0.0281095
49.9403,-0.987318,-2.56737,,0.0283757
49.9603,-0.930467,-2.35789,,0.0284916
49.9803,-0.873231,-2.15543,,0.0286523
50.0003,-0.815646,-1.94246,,0.0288265
50.0203,-0.757741,-1.72871,,0.0291095
50.0403,-0.699535,-1.52014,,0.0291503
50.0603,-0.641047,-1.30718,,0.0292907
50.0803,-0.582281,-1.10018,,0.0294625
50.1003,-0.523324,-0.881082,,0.0295403
50.1203,-0.464134,-0.663747,,0.0296044
50.1403,-0.404751,-0.455185,,0.0297771
50.1603,-0.345203,-0.242955,,0.0298
50.1803,-0.285548,-0.0254294,,0.029871
50.2003,-0.225747,0.186999,,0.0299224
50.2203,-0.165862,0.402843,,0.0298993
50.2403,-0.105892,0.622775,,0.0300292
50.2603,-0.0459166,0.833003,,0.0299648
50.2803,0.0140909,1.04322,,0.0299914
50.3003,0.0740951,1.2647,,0.0300332
50.3203,0.13405,1.48283,,0.0300216
50.3403,0.193984,1.68639,,0.0298392
50.3603,0.253818,1.89955,,0.0299245
50.3803,0.313558,2.11595,,0.0298609
50.4003,0.373175,2.33091,,0.0297938
50.4203,0.432629,2.53634,,0.0296773
50.4403,0.491927,2.73912,,0.0296372
50.4603,0.55102,2.9566,,0.0294222
50.4803,0.609896,3.16139,,0.0293894
50.5003,0.668516,3.36147,,0.0292983
50.5203,0.726891,3.56422,,0.0291228
50.5403,0.784947,3.77354,,0.0289526
50.5603,0.842712,3.97042,,0.0287711
50.5803,0.900136,4.16955,,0.0286575
50.6003,0.957196,4.36578,,0.0283982
50.6203,1.01387,4.56034,,0.0282921
50.6403,1.07015,4.75252,,0.0280331
50.6603,1.12601,4.94557,,0.0278763
50.6803,1.18139,5.13644,,0.0275248
50.7003,1.23631,5.32315,,0.0273793
50.7203,1.2907,5.5108,,0.0269937
50.7403,1.34464,5.68711,,0.0268933
50.7603,1.39807,5.86396,,0.0265811
50.7803,1.45086,6.04219,,0.0262232
50.8003,1.50308,6.22346,,0.0259677
50.8203,1.5547,6.39054,,0.0256996
50.8403,1.6057,6.56194,,0.0253716
50.8603,1.65608,6.72954,,0.0249984
50.8803,1.70579,6.8927,,0.0247022
50.9003,1.75481,7.0548,,0.0243394
50.9203,1.80311,7.21318,,0.0240011
50.9403,1.85074,7.36743,,0.0236611
50.9603,1.89757,7.51506,,0.0231615
50.9803,1.9437,7.67491,,0.0228596
51.0003,1.989,7.81857,,0.0224796
51.0203,2.03356,7.9542,,0.0221686
51.0403,2.07729,8.092,,0.0216219
51.0603,2.12018,8.23554,,0.0212241
51.0803,2.1622,8.36698,,0.0208201
51.1003,2.20337,8.49512,,0.0203821
51.1203,2.24363,8.61024,,0.0199622
51.1403,2.28306,8.74593,,0.0194576
51.1603,2.32153,8.86744,,0.0190178
51.1803,2.35907,8.97282,,0.0186053
51.2003,2.39568,9.08227,,0.0180359
51.2203,2.43133,9.19882,,0.0175561
51.2403,2.46601,9.30601,,0.0171208
51.2603,2.49963,9.39712,,0.0166465
51.2803,2.53236,9.49776,,0.0161638
51.3003,2.5641,9.59526,,0.0155924
51.3203,2.59468,9.6797,,0.0149733
51.3403,2.62429,9.76288,,0.0146097
51.3603,2.65284,9.8465,,0.01397
51.3803,2.68035,9.92829,,0.01355
51.4003,2.7068,9.99654,,0.0129701
51.4203,2.73214,10.0659,,0.0123807
51.4403,2.75643,10.1359,,0.0118546
51.4603,2.77958,10.1941,,0.0113498
51.4803,2.8016,10.2456,,0.0107549
51.5003,2.82251,10.3099,,0.0101171
51.5203,2.84236,10.356,,9.69E-03
51.5403,2.86096,10.3993,,8.99E-03
51.5603,2.87853,10.4425,,8.50E-03
51.5803,2.89492,10.4777,,7.97E-03
51.6003,2.91007,10.5141,,7.27E-03
51.6203,2.92411,10.5426,,6.81E-03
51.6403,2.93703,10.5607,,6.12E-03
51.6603,2.94861,10.5883,,5.49E-03
51.6803,2.9591,10.5995,,5.02E-03
51.7003,2.96849,10.6175,,4.42E-03
51.7203,2.97669,10.6236,,3.82E-03
51.7403,2.98358,10.6258,,3.09E-03
51.7603,2.98933,10.6281,,2.67E-03
51.7803,2.99388,10.6263,,2.02E-03
51.8003,2.9973,10.6188,,1.34E-03
51.8203,2.99948,10.5986,,8.20E-04
51.8403,3.00044,10.5876,,2.00E-04
51.8603,3.00022,10.5622,,-3.76E-04
51.8803,2.99877,10.545,,-1.03E-03
51.9003,2.99609,10.5119,,-1.63E-03
51.9203,2.99225,10.4756,,-2.16E-03
51.9403,2.98721,10.4436,,-2.83E-03
51.9603,2.98101,10.4046,,-3.39E-03
51.9803,2.9736,10.357,,-3.94E-03
52.0003,2.96503,10.3031,,-4.59E-03
52.0203,2.95514,10.2533,,-5.22E-03
52.0403,2.94427,10.1989,,-5.72E-03
52.0603,2.93212,10.1372,,-6.33E-03
52.0803,2.91875,10.0733,,-7.02E-03
52.1003,2.90434,9.999,,-7.46E-03
52.1203,2.88863,9.93001,,-8.08E-03
52.1403,2.87183,9.85289,,-8.75E-03
52.1603,2.85381,9.77367,,-9.25E-03
52.1803,2.8348,9.6864,,-9.80E-03
52.2003,2.81456,9.59488,,-0.0104192
52.2203,2.79313,9.51094,,-0.0109442
52.2403,2.7707,9.4147,,-0.0114882
52.2603,2.74717,9.30802,,-0.0119609
52.2803,2.72247,9.20803,,-0.0126199
52.3003,2.69667,9.10283,,-0.0132167
52.3203,2.66979,8.99491,,-0.0136824
52.3403,2.64189,8.87672,,-0.0142003
52.3603,2.61287,8.76116,,-0.0147313
52.3803,2.58288,8.64002,,-0.0153016
52.4003,2.55183,8.51535,,-0.0157416
52.4203,2.51977,8.38791,,-0.0162411
52.4403,2.48664,8.25563,,-0.0167986
52.4603,2.45265,8.1184,,-0.0172157
52.4803,2.41755,7.98001,,-0.0178234
52.5003,2.38154,7.84453,,-0.018225
52.5203,2.34458,7.69972,,-0.0186825
52.5403,2.30666,7.54633,,-0.0192305
52.5603,2.26781,7.39479,,-0.019561
52.5803,2.22806,7.24974,,-0.0201456
52.6003,2.18747,7.0912,,-0.0204637
52.6203,2.14594,6.92615,,-0.020991
52.6403,2.10352,6.76337,,-0.0213695
52.6603,2.06035,6.60602,,-0.0218196
52.6803,2.01632,6.43688,,-0.0221713
52.7003,1.97149,6.26196,,-0.0226007
52.7203,1.92585,6.08863,,-0.0230905
52.7403,1.87942,5.91855,,-0.0233729
52.7603,1.83228,5.74095,,-0.0236659
52.7803,1.78438,5.55505,,-0.0241612
52.8003,1.73584,5.37009,,-0.0244618
52.8203,1.68654,5.18928,,-0.0248698
52.8403,1.63655,5.00147,,-0.0250652
52.8603,1.58592,4.80708,,-0.025524
52.8803,1.53466,4.61563,,-0.0257371
52.9003,1.48279,4.42045,,-0.0260842
52.9203,1.43032,4.22713,,-0.0263707
52.9403,1.37734,4.02471,,-0.0265717
52.9603,1.32375,3.82776,,-0.0269292
52.9803,1.2696,3.63438,,-0.0272805
53.0003,1.21499,3.42792,,-0.0273897
53.0203,1.15988,3.21922,,-0.0276562
53.0403,1.10431,3.01569,,-0.0279091
53.0603,1.04829,2.81282,,-0.0281119
53.0803,0.991862,2.59953,,-0.0282971
53.1003,0.935026,2.39219,,-0.0285063
53.1203,0.877829,2.18394,,-0.0287017
53.1403,0.820279,1.97367,,-0.028895
53.1603,0.762372,1.75993,,-0.029002
53.1803,0.704208,1.54482,,-0.0291203
53.2003,0.645728,1.33198,,-0.0292648
53.2203,0.587001,1.11098,,-0.0294594
53.2403,0.52803,0.899619,,-0.0295664
53.2603,0.468867,0.685804,,-0.0295765
53.2803,0.409497,0.471926,,-0.0297573
53.3003,0.349966,0.248004,,-0.0297048
53.3203,0.290316,0.0305468,,-0.0299364
53.3403,0.230524,-0.175075,,-0.0299914
53.3603,0.170671,-0.397484,,-0.0298596
53.3803,0.110744,-0.626425,,-0.0300186
53.4003,0.0507385,-0.831004,,-0.0299942
53.4203,-9.28E-03,-1.03718,,-0.0300186
53.4403,-0.0692681,-1.25974,,-0.0299925
53.4603,-0.129242,-1.48524,,-0.0299649
53.4803,-0.189168,-1.68542,,-0.0298988
53.5003,-0.249035,-1.89932,,-0.0299588
53.5203,-0.308758,-2.12252,,-0.0298344
53.5403,-0.368392,-2.32973,,-0.0297818
53.5603,-0.427876,-2.53081,,-0.0297689
53.5803,-0.487186,-2.74548,,-0.0296087
53.6003,-0.546278,-2.96011,,-0.0294629
53.6203,-0.605188,-3.16323,,-0.029332
53.6403,-0.663825,-3.36508,,-0.0292642
53.6603,-0.722199,-3.57198,,-0.0291583
53.6803,-0.780303,-3.77745,,-0.0289741
53.7003,-0.838068,-3.97254,,-0.0288051
53.7203,-0.895536,-4.17216,,-0.0286654
53.7403,-0.952625,-4.37055,,-0.0284589
53.7603,-1.00936,-4.56869,,-0.0282355
53.7803,-1.06564,-4.76524,,-0.0280474
53.8003,-1.12152,-4.9511,,-0.0278754
53.8203,-1.17694,-5.146,,-0.0275629
53.8403,-1.2319,-5.33391,,-0.0273004
53.8603,-1.28639,-5.51659,,-0.0272362
53.8803,-1.34033,-5.70287,,-0.0267603
53.9003,-1.39377,-5.88558,,-0.0266601
53.9203,-1.44663,-6.06575,,-0.0262749
53.9403,-1.49894,-6.24146,,-0.026057
53.9603,-1.55059,-6.409,,-0.0256594
53.9803,-1.60163,-6.58446,,-0.0252832
54.0003,-1.65207,-6.7493,,-0.0251077
54.0203,-1.70182,-6.91781,,-0.0247262
54.0403,-1.75093,-7.08251,,-0.0243393
54.0603,-1.79928,-7.23604,,-0.0241186
54.0803,-1.84695,-7.39159,,-0.0235743
54.1003,-1.8939,-7.54992,,-0.0232807
54.1203,-1.94001,-7.70124,,-0.0229279
54.1403,-1.98543,-7.84431,,-0.0225586
54.1603,-2.03001,-7.98911,,-0.0220776
54.1803,-2.07381,-8.13151,,-0.0216795
54.2003,-2.11675,-8.26999,,-0.0212002
54.2203,-2.15883,-8.39982,,-0.0208663
54.2403,-2.20007,-8.53328,,-0.0204292
54.2603,-2.24044,-8.65796,,-0.0200093
54.2803,-2.27996,-8.78007,,-1.95E-02
54.3003,-2.31845,-8.89879,,-0.0189584
54.3203,-2.35607,-9.01858,,-0.0186485
54.3403,-2.39277,-9.13249,,-0.0181394
54.3603,-2.42849,-9.23876,,-0.0176597
54.3803,-2.46325,-9.34113,,-0.0171065
54.4003,-2.49701,-9.44462,,-0.016637
54.4203,-2.5298,-9.54736,,-0.0161268
54.4403,-2.56156,-9.6334,,-0.0156895
54.4603,-2.59225,-9.72482,,-0.0150606
54.4803,-2.62199,-9.81488,,-0.0146655
54.5003,-2.65062,-9.89806,,-0.0140474
54.5203,-2.6782,-9.97544,,-0.0135687
54.5403,-2.70471,-10.0447,,-0.0129503
54.5603,-2.73016,-10.1157,,-0.0124906
54.5803,-2.75453,-10.1854,,-0.0119509
54.6003,-2.77774,-10.2426,,-0.0113143
54.6203,-2.79985,-10.3058,,-0.0107792
54.6403,-2.82085,-10.3577,,-0.0102773
54.6603,-2.84078,-10.4085,,-9.70E-03
54.6803,-2.85948,-10.4538,,-9.09E-03
54.7003,-2.87712,-10.4911,,-8.45E-03
54.7203,-2.89358,-10.5373,,-7.95E-03
54.7403,-2.90895,-10.5591,,-7.43E-03
54.7603,-2.92293,-10.5895,,-6.77E-03
54.7803,-2.93606,-10.6245,,-6.28E-03
54.8003,-2.94777,-10.6455,,-5.51E-03
54.8203,-2.95833,-10.6553,,-5.04E-03
54.8403,-2.96781,-10.6662,,-4.45E-03
54.8603,-2.97604,-10.6839,,-3.81E-03
54.8803,-2.98308,-10.6866,,-3.33E-03
54.9003,-2.98889,-10.6807,,-2.51E-03
54.9203,-2.99358,-10.6846,,-2.13E-03
54.9403,-2.99701,-10.6804,,-1.46E-03
54.9603,-2.99934,-10.6651,,-8.02E-04
54.9803,-3.00035,-10.6441,,-3.04E-04
55.0003,-3.00022,-10.6255,,4.23E-04
55.0203,-2.99889,-10.6096,,8.93E-04
55.0403,-2.99639,-10.5736,,1.53E-03
55.0603,-2.9926,-10.5387,,2.23E-03
55.0803,-2.98764,-10.505,,2.73E-03
55.1003,-2.98146,-10.4686,,3.33E-03
55.1203,-2.97423,-10.4241,,3.93E-03
55.1403,-2.96573,-10.3664,,4.63E-03
55.1603,-2.95595,-10.3142,,5.08E-03
55.1803,-2.94508,-10.2643,,5.75E-03
55.2003,-2.9331,-10.2063,,6.23E-03
55.2203,-2.9198,-10.1339,,6.93E-03
55.2403,-2.90539,-10.0661,,7.39E-03
55.2603,-2.88982,-10.0035,,8.19E-03
55.2803,-2.87318,-9.92408,,8.56E-03
55.3003,-2.85532,-9.83552,,9.21E-03
55.3203,-2.8363,-9.75643,,9.81E-03
55.3403,-2.81611,-9.67086,,0.0103921
55.3603,-2.79487,-9.57995,,0.0108943
55.3803,-2.77252,-9.48058,,0.0114539
55.4003,-2.74903,-9.38194,,0.0118925
55.4203,-2.72442,-9.27734,,0.0127281
55.4403,-2.69872,-9.17211,,0.0129952
55.4603,-2.67197,-9.06155,,0.0136055
55.4803,-2.64418,-8.95087,,0.0141983
55.5003,-2.61525,-8.8305,,0.0146266
55.5203,-2.58535,-8.708,,0.0152315
55.5403,-2.55435,-8.58227,,0.0157994
55.5603,-2.52231,-8.45738,,0.0162268
55.5803,-2.48931,-8.32738,,0.0167642
55.6003,-2.45535,-8.19001,,0.0171465
55.6203,-2.42034,-8.05117,,0.017801
55.6403,-2.38443,-7.90958,,0.0181281
55.6603,-2.34749,-7.76495,,0.0186499
55.6803,-2.30965,-7.61575,,0.0191947
55.7003,-2.27089,-7.4668,,0.0196043
55.7203,-2.23122,-7.31626,,0.0200669
55.7403,-2.19067,-7.15483,,0.0205378
55.7603,-2.14922,-6.99581,,0.0208708
55.7803,-2.10692,-6.8325,,0.0213353
55.8003,-2.06374,-6.66927,,0.0218474
55.8203,-2.01981,-6.49433,,0.0221032
55.8403,-1.97507,-6.32504,,0.0226369
55.8603,-1.92944,-6.15392,,0.022986
55.8803,-1.88312,-5.97619,,0.0233065
55.9003,-1.83605,-5.79451,,0.023721
55.9203,-1.78821,-5.61713,,0.0240651
55.9403,-1.73964,-5.4295,,0.0243894
55.9603,-1.69042,-5.24819,,0.0248368
55.9803,-1.64051,-5.05866,,0.0250771
56.0003,-1.58991,-4.86678,,0.0254944
56.0203,-1.53873,-4.67438,,0.0257228
56.0403,-1.48691,-4.47764,,0.0261156
56.0603,-1.43448,-4.28676,,0.0263257
56.0803,-1.38152,-4.08067,,0.0265628
56.1003,-1.32798,-3.87995,,0.0269544
56.1203,-1.27389,-3.68327,,0.0271136
56.1403,-1.21931,-3.47804,,0.0274515
56.1603,-1.16425,-3.27102,,0.0276286
56.1803,-1.10871,-3.06296,,0.0278147
56.2003,-1.05272,-2.86023,,0.0280991
56.2203,-0.996333,-2.64815,,0.0283605
56.2403,-0.939574,-2.43515,,0.0284887
56.2603,-0.882378,-2.22144,,0.0286795
56.2803,-0.824851,-2.01956,,0.0288194
56.3003,-0.766994,-1.80517,,0.0289565
56.3203,-0.70885,-1.58692,,0.0291852
56.3403,-0.650388,-1.37216,,0.0292506
56.3603,-0.591633,-1.16193,,0.0294909
56.3803,-0.5327,-0.942935,,0.029455
56.4003,-0.473574,-0.72852,,0.0296198
56.4203,-0.414206,-0.508901,,0.0297926
56.4403,-0.354711,-0.292996,,0.0298114
56.4603,-0.295053,-0.0784794,,0.0298074
56.4803,-0.235299,0.136991,,0.0298647
56.5003,-0.175396,0.358576,,0.030032
56.5203,-0.115479,0.575384,,0.0299003
56.5403,-0.0555009,0.788001,,0.0300252
56.5603,4.53E-03,1.00691,,0.0300083
56.5803,0.0645435,1.2243,,0.0299639
56.6003,0.124511,1.43974,,0.0300162
56.6203,0.184419,1.65671,,0.0300166
56.6403,0.244259,1.87422,,0.0297945
56.6603,0.304036,2.08738,,0.0298672
56.6803,0.363674,2.29977,,0.0298241
56.7003,0.423163,2.51267,,0.0296457
56.7203,0.482485,2.72966,,0.0296869
56.7403,0.541601,2.9375,,0.0294219
56.7603,0.600546,3.13972,,0.0295239
56.7803,0.659173,3.35073,,0.0292085
56.8003,0.717585,3.56121,,0.0291305
56.8203,0.775727,3.76646,,0.0290469
56.8403,0.833524,3.96078,,0.0288261
56.8603,0.891007,4.16865,,0.028621
56.8803,0.948115,4.37132,,0.0284219
56.9003,1.00487,4.56836,,0.0283132
56.9203,1.0612,4.76101,,0.028034
56.9403,1.1171,4.95773,,0.0278912
56.9603,1.17258,5.14928,,0.0276565
56.9803,1.22762,5.33676,,0.0274073
57.0003,1.28205,5.52541,,0.0271385
57.0203,1.3361,5.70965,,0.0268755
57.0403,1.38954,5.89195,,0.0265494
57.0603,1.4425,6.06985,,0.0263863
57.0803,1.49478,6.24628,,0.0259718
57.1003,1.54647,6.42564,,0.0257259
57.1203,1.59765,6.60209,,0.0254163
57.1403,1.64811,6.76472,,0.0250326
57.1603,1.69792,6.92764,,0.0248328
57.1803,1.74704,7.09495,,0.024407
57.2003,1.79549,7.26465,,0.023988
57.2203,1.84318,7.41781,,0.0237001
57.2403,1.89018,7.56322,,0.0232988
57.2603,1.93636,7.719,,0.0228747
57.2803,1.98184,7.8774,,0.0226208
57.3003,2.02648,8.01784,,0.0221472
57.3203,2.07033,8.15209,,0.0216437
57.3403,2.11335,8.29593,,0.0213267
57.3603,2.15554,8.42999,,0.020865
57.3803,2.19683,8.56182,,0.020469
57.4003,2.23726,8.68394,,0.019975
57.4203,2.2768,8.81354,,0.019658
57.4403,2.31543,8.93848,,0.0190222
57.4603,2.35315,9.05096,,0.0186099
57.4803,2.3899,9.16689,,0.0182211
57.5003,2.42568,9.2732,,0.0176065
57.5203,2.4605,9.38369,,0.0172144
57.5403,2.49431,9.49013,,0.0166717
57.5603,2.52725,9.58492,,0.0161089
57.5803,2.55901,9.67949,,0.0157781
57.6003,2.58989,9.77316,,0.015117
57.6203,2.61965,9.85815,,0.0146409
57.6403,2.64838,9.94235,,0.014125
57.6603,2.6761,10.0246,,0.0136832
57.6803,2.70268,10.0986,,0.0129983
57.7003,2.72824,10.165,,0.012492
57.7203,2.7526,10.2379,,0.0119649
57.7403,2.77597,10.3063,,0.0114375
57.7603,2.79821,10.3577,,0.0107296
57.7803,2.81928,10.4109,,0.0102956
57.8003,2.83931,10.4635,,9.77E-03
57.8203,2.85806,10.5169,,9.17E-03
57.8403,2.8758,10.5591,,8.53E-03
57.8603,2.89232,10.593,,8.03E-03
57.8803,2.90774,10.6274,,7.41E-03
57.9003,2.92198,10.6637,,6.89E-03
57.9203,2.93508,10.688,,6.19E-03
57.9403,2.94682,10.7068,,5.60E-03
57.9603,2.95758,10.7281,,5.18E-03
57.9803,2.9671,10.7413,,4.34E-03
58.0003,2.97534,10.7488,,3.91E-03
58.0203,2.98248,10.7596,,3.34E-03
58.0403,2.98843,10.758,,2.56E-03
58.0603,2.99323,10.7502,,2.27E-03
58.0803,2.99683,10.742,,1.46E-03
58.1003,2.99922,10.7374,,9.07E-04
58.1203,3.00037,10.7215,,2.34E-04
58.1403,3.00037,10.6948,,-2.54E-04
58.1603,2.99903,10.6763,,-9.55E-04
58.1803,2.99658,10.6484,,-1.46E-03
58.2003,2.99298,10.6163,,-2.18E-03
58.2203,2.98801,10.582,,-2.60E-03
58.2403,2.98203,10.5423,,-3.36E-03
58.2603,2.97491,10.4947,,-3.82E-03
58.2803,2.96646,10.445,,-4.57E-03
58.3003,2.95683,10.3967,,-5.12E-03
58.3203,2.94601,10.3423,,-5.61E-03
58.3403,2.93411,10.2781,,-6.30E-03
58.3603,2.92096,10.2122,,-6.82E-03
58.3803,2.90668,10.1459,,-7.40E-03
58.4003,2.89114,10.0724,,-8.05E-03
58.4203,2.87456,9.997,,-8.57E-03
58.4403,2.85677,9.91171,,-9.19E-03
58.4603,2.83786,9.82938,,-9.76E-03
58.4803,2.81781,9.74243,,-0.0101981
58.5003,2.79662,9.65339,,-0.010942
58.5203,2.77435,9.55267,,-0.0112913
58.5403,2.75093,9.45341,,-0.0121114
58.5603,2.72639,9.3513,,-0.0124392
58.5803,2.70084,9.24433,,-0.0130727
58.6003,2.67421,9.13154,,-0.0136241
58.6203,2.64641,9.02239,,-0.0141218
58.6403,2.6176,8.90866,,-0.0145288
58.6603,2.58775,8.77691,,-0.0153265
58.6803,2.55676,8.6541,,-0.0156651
58.7003,2.5249,8.52652,,-0.0161015
58.7203,2.49199,8.39966,,-0.0167847
58.7403,2.4581,8.2576,,-0.0171031
58.7603,2.42319,8.11745,,-0.0177315
58.7803,2.38729,7.97931,,-0.0181253
58.8003,2.35047,7.83174,,-0.0187179
58.8203,2.31272,7.67899,,-0.0191451
58.8403,2.27405,7.53156,,-0.0194865
58.8603,2.23444,7.37723,,-0.0200606
58.8803,2.19395,7.22187,,-0.0204381
58.9003,2.15259,7.05999,,-0.0208676
58.9203,2.11035,6.89722,,-0.0212605
58.9403,2.06726,6.73408,,-0.0217753
58.9603,2.02337,6.55876,,-0.0221816
58.9803,1.97866,6.3904,,-0.0225692
59.0003,1.93312,6.22148,,-0.022926
59.0203,1.88685,6.04124,,-0.0233266
59.0403,1.83987,5.85417,,-0.0236456
59.0603,1.79205,5.67964,,-0.0240732
59.0803,1.74355,5.49678,,-0.0244374
59.1003,1.69438,5.30579,,-0.02478
59.1203,1.64452,5.11256,,-0.0250231
59.1403,1.59402,4.9272,,-0.0254223
59.1603,1.54289,4.73255,,-0.0257303
59.1803,1.49112,4.53823,,-0.0259703
59.2003,1.43874,4.33597,,-0.0263583
59.2203,1.38578,4.1362,,-0.0266509
59.2403,1.33231,3.93678,,-0.0268468
59.2603,1.27827,3.7339,,-0.0270981
59.2803,1.22372,3.53503,,-0.0274428
59.3003,1.16867,3.32936,,-0.0276583
59.3203,1.11317,3.1183,,-0.0277861
59.3403,1.05724,2.90916,,-0.0280556
59.3603,1.00085,2.7014,,-0.0283001
59.3803,0.944084,2.48868,,-0.028486
59.4003,0.886946,2.27413,,-0.0287203
59.4203,0.82944,2.06154,,-0.0288356
59.4403,0.771624,1.84957,,-0.0288859
59.4603,0.713483,1.63212,,-0.0292198
59.4803,0.655049,1.41438,,-0.029287
59.5003,0.596365,1.19854,,-0.0294443
59.5203,0.537425,0.977541,,-0.0293887
59.5403,0.478295,0.763836,,-0.0297436
59.5603,0.418951,0.548396,,-0.0296262
59.5803,0.359445,0.326427,,-0.0298074
59.6003,0.2998,0.101778,,-0.0298165
59.6203,0.240059,-0.111284,,-0.0299724
59.6403,0.180208,-0.327876,,-0.029881
59.6603,0.120247,-0.552635,,-0.0299955
59.6803,0.0602732,-0.76906,,-0.0299969
59.7003,2.63E-04,-0.985425,,-0.0300021
59.7203,-0.0597369,-1.20129,,-0.0299804
59.7403,-0.119729,-1.4229,,-0.0299723
59.7603,-0.179657,-1.6391,,-0.0300051
59.7803,-0.239534,-1.85027,,-0.0299087
59.8003,-0.299278,-2.06648,,-0.0299371
59.8203,-0.358938,-2.28384,,-0.0296864
59.8403,-0.418403,-2.49329,,-0.0297065
59.8603,-0.477758,-2.70652,,-0.0296334
59.8803,-0.536903,-2.91936,,-0.0295602
59.9003,-0.595841,-3.12725,,-0.0294089
59.9203,-0.654541,-3.33144,,-0.0292763
59.9403,-0.712965,-3.54156,,-0.0291509
59.9603,-0.771111,-3.74663,,-0.0289563
59.9803,-0.828926,-3.94994,,-0.028868
60.0003,-0.860611,-4.02845,,7.86E-03