0.0203316,0.715731,2.62459,,6.32E-01
0.0403359,2.11239,7.44655,,7.04E-01
0.0603402,3.5117,11.8785,,6.99E-01
0.0803292,4.9095,15.9522,,0.698571
0.100333,6.30547,19.662,,0.697387
0.120338,7.69874,22.988,,0.696043
0.140327,9.08933,25.906,,0.694437
0.160331,10.476,28.3852,,0.692307
0.180335,11.8585,30.4887,,0.69023
0.20034,13.2364,32.2624,,0.687762
0.220329,14.6089,33.732,,0.684884
0.240333,15.9754,34.9593,,0.681714
0.260337,17.3356,35.9673,,0.678546
0.280326,18.6888,36.8021,,0.674917
0.30033,20.0345,37.4963,,6.71E-01
0.320335,21.372,38.0804,,6.67E-01
0.340339,22.701,38.5597,,6.62E-01
0.360328,24.0209,38.9585,,6.58E-01
0.380332,25.3314,39.2831,,0.652669
0.400337,26.6317,39.5564,,0.64768
0.420341,27.9212,39.7815,,0.642145
0.44033,29.1994,39.9542,,0.63634
0.460334,30.4662,40.0973,,0.630736
0.480338,31.7213,40.2079,,0.6249
0.500327,32.9631,40.2753,,0.617164
0.520332,34.1918,40.3285,,0.612088
0.540336,35.4078,40.3559,,0.602816
0.56034,36.6061,40.3654,,0.597167
0.580329,37.7935,40.3553,,5.90E-01
0.600333,38.9645,40.3284,,5.82E-01
0.620338,40.1194,40.2794,,0.573841
0.640327,41.2587,40.2183,,0.565776
0.660331,42.3821,40.1472,,5.58E-01
0.680335,43.4883,40.0645,,0.548858
0.70034,44.5765,39.9754,,0.539759
0.720329,45.6476,39.8738,,0.531238
0.740333,46.6997,39.7615,,0.521823
0.760337,47.7334,39.643,,0.512258
0.780326,48.7479,39.5052,,0.502753
0.80033,49.7432,39.3712,,0.493009
0.820335,50.7182,39.2376,,0.482786
0.840339,51.6735,39.0893,,0.472597
0.860328,5.26E+01,38.927,,0.462204
0.880332,53.5211,38.7705,,0.451797
0.900337,54.4131,38.6083,,0.440501
0.920341,55.2829,38.4284,,0.429987
0.94033,56.1311,38.2501,,0.419372
0.960334,56.9577,38.0623,,0.406749
0.980338,57.7596,37.8763,,0.395655
1.00033,58.5391,37.6882,,0.384453
1.02033,59.2956,37.4977,,0.372521
1.04034,60.0279,37.2858,,0.360584
1.06034,60.736,37.0646,,0.348244
1.08033,61.4198,36.8584,,0.336367
1.10033,62.0805,36.6414,,0.324727
1.12034,62.7157,36.408,,0.310795
1.14033,63.3244,36.1687,,0.298628
1.16033,63.9089,35.9241,,0.286517
1.18034,64.468,35.6824,,0.273511
1.20034,65.0013,35.4238,,0.260151
1.22033,65.5079,35.1612,,2.47E-01
1.24033,65.989,34.8983,,0.234514
1.26034,66.4431,34.6182,,0.220811
1.28033,66.8712,34.3371,,0.20771
1.30033,67.2726,34.0432,,0.193892
1.32033,67.6465,33.7409,,0.181047
1.34034,67.994,33.4189,,0.166943
1.36033,68.3133,33.0958,,1.53E-01
1.38033,68.6075,32.7668,,1.40E-01
1.40034,68.8714,32.4168,,1.26E-01
1.42034,69.1094,32.0527,,1.12E-01
1.44033,69.319,31.673,,0.0986351
1.46033,69.5014,31.2904,,0.0844396
1.48034,69.656,30.8876,,0.0708657
1.50033,69.7836,30.4562,,0.0566539
1.52033,69.8813,30.0058,,0.0422416
1.54034,69.9526,29.5516,,0.0300417
1.56034,69.9952,29.0802,,0.0128634
1.58033,70.0072,28.5657,,1.68E-04
1.60033,69.9954,28.0348,,-0.0116824
1.62034,69.9547,27.4872,,-0.0275556
1.64033,69.8866,26.9103,,-0.0406023
1.66033,69.7891,26.307,,-0.0554907
1.68034,69.6645,25.6675,,-0.0689272
1.70034,69.5117,25.0107,,-0.0831301
1.72033,69.3307,24.3119,,-0.0969982
1.74033,69.1227,23.5788,,-0.110379
1.76034,68.8868,22.8216,,-0.124703
1.78033,68.6226,22.0254,,-0.138791
1.80033,68.3315,21.1948,,-0.151863
1.82033,68.0132,20.3386,,-0.165164
1.84034,67.6681,19.4549,,-1.80E-01
1.86033,67.2946,18.5271,,-0.193272
1.88033,66.8951,17.5798,,-0.205786
1.90034,66.4687,16.6002,,-0.21983
1.92034,66.0157,15.6003,,-0.232393
1.94033,65.536,14.5807,,-0.246399
1.96033,65.0304,13.5377,,-0.258509
1.98034,64.4999,12.4932,,-0.271141
2.00033,63.9427,11.4313,,-0.285547
2.02033,63.3594,10.3752,,-0.29784
2.04034,62.7506,9.30419,,-0.310185
2.06034,62.1169,8.23554,,-0.322426
2.08033,61.4592,7.16316,,-0.334778
2.10033,60.7763,6.10378,,-0.347414
2.12034,60.0701,5.05796,,-0.357922
2.14033,59.339,4.02573,,-0.372648
2.16033,5.86E+01,2.99323,,-0.38305
2.18034,57.8052,1.97425,,-0.394302
2.20034,57.0039,0.980412,,-0.405697
2.22033,56.1798,0.0102878,,-0.418224
2.24033,55.3319,-0.948879,,-0.429045
2.26034,54.4629,-1.89936,,-0.439072
2.28033,53.573,-2.84245,,-0.450916
2.30033,52.6605,-3.75633,,-0.460448
2.32033,51.728,-4.64295,,-0.472415
2.34034,50.7726,-5.53735,,-0.481651
2.36033,49.7991,-6.41613,,-0.491786
2.38033,48.8049,-7.26346,,-0.501588
2.40034,47.7915,-8.08962,,-5.11E-01
2.42034,46.7592,-8.9237,,-5.21E-01
2.44033,45.7072,-9.74473,,-5.30E-01
2.46033,44.638,-10.5414,,-5.39E-01
2.48034,43.5512,-11.3318,,-5.47E-01
2.50033,42.4457,-12.1088,,-0.557783
2.52033,41.3229,-12.8716,,-0.564948
2.54034,40.1853,-13.6165,,-5.73E-01
2.56034,39.0313,-14.3649,,-5.80E-01
2.58033,37.8606,-15.1009,,-5.89E-01
2.60033,36.6752,-15.8096,,-5.96E-01
2.62034,35.4732,-16.5227,,-6.05E-01
2.64033,34.2598,-17.2231,,-6.09E-01
2.66033,33.0331,-17.9064,,-6.17E-01
2.68034,31.7917,-18.5771,,-6.24E-01
2.70034,30.5379,-19.2476,,-6.30E-01
2.72033,29.2717,-19.8972,,-6.36E-01
2.74033,27.9942,-20.5498,,-6.41E-01
2.76034,26.7051,-21.1837,,-6.47E-01
2.78033,25.4059,-21.7956,,-6.52E-01
2.80033,24.0963,-22.4018,,-6.58E-01
2.82033,22.7765,-23.0105,,-6.62E-01
2.84034,21.4484,-23.6028,,-6.67E-01
2.86033,20.111,-24.1797,,-6.70E-01
2.88033,18.7662,-24.7425,,-6.75E-01
2.90034,17.4133,-25.2976,,-6.78E-01
2.92034,16.0536,-25.8443,,-6.82E-01
2.94033,14.6877,-26.3761,,-6.84E-01
2.96033,13.3159,-26.8946,,-6.87E-01
2.98034,11.9386,-27.407,,-6.90E-01
3.00033,10.5568,-27.8905,,-6.92E-01
3.02033,9.17035,-28.3725,,-6.94E-01
3.04034,7.78046,-28.8513,,-6.96E-01
3.06034,6.38758,-29.3093,,-6.97E-01
3.08033,4.99192,-29.7514,,-6.98E-01
3.10033,3.59439,-30.1743,,-6.99E-01
3.12034,2.19541,-30.599,,-7.00E-01
3.14033,0.7956,-30.999,,-7.00E-01
3.16033,-0.604605,-31.3943,,-7.00E-01
3.18034,-2.00456,-31.7641,,-7.00E-01
3.20034,-3.40367,-32.1377,,-6.99E-01
3.22033,-4.80143,-32.486,,-0.698423
3.24033,-6.19729,-32.8107,,-0.697395
3.26034,-7.59069,-33.1315,,-0.696044
3.28033,-8.98102,-33.4378,,-0.694406
3.30033,-10.3678,-33.7398,,-0.692382
3.32033,-11.7504,-34.0064,,-0.690127
3.34034,-13.1281,-34.2503,,-0.687811
3.36033,-14.5009,-34.5098,,-0.685107
3.38033,-15.8678,-34.7478,,-0.681833
3.40034,-17.2282,-34.9583,,-0.678717
3.42034,-18.5819,-35.1629,,-0.675066
3.44033,-19.9282,-35.3479,,-0.67132
3.46033,-21.2666,-35.5219,,-6.67E-01
3.48034,-22.596,-35.6861,,-6.63E-01
3.50033,-23.917,-35.8261,,-6.58E-01
3.52033,-25.2279,-35.9614,,-0.653328
3.54034,-26.5292,-36.0884,,-0.648143
3.56034,-27.8193,-36.1856,,-0.642409
3.58033,-29.0989,-36.2724,,-0.636989
3.60033,-30.3662,-36.3691,,-0.630603
3.62034,-31.6209,-36.4339,,-0.624647
3.64033,-32.8638,-36.4849,,-0.618688
3.66033,-34.0942,-36.5304,,-0.611863
3.68034,-35.3108,-36.5693,,-0.604487
3.70034,-36.5121,-36.5818,,-0.597692
3.72033,-37.6996,-36.6045,,-5.90E-01
3.74033,-38.8715,-36.6075,,-5.83E-01
3.76034,-40.0286,-36.6052,,-0.574556
3.78033,-41.1692,-36.5888,,-0.567245
3.80033,-42.2937,-36.5617,,-5.57E-01
3.82033,-43.4008,-36.519,,-0.549727
3.84034,-44.4914,-36.4802,,-0.54063
3.86033,-45.5627,-36.4404,,-0.531918
3.88033,-46.6163,-36.3794,,-0.52221
3.90034,-47.6516,-36.3083,,-0.513476
3.92034,-48.6675,-36.2326,,-0.503246
3.94033,-49.6645,-36.1547,,-0.493459
3.96033,-50.6414,-36.0592,,-0.484264
3.98034,-51.5984,-35.9619,,-0.473168
4.00033,-52.5342,-35.8628,,-0.462719
4.02033,-53.4492,-35.7574,,-0.452641
4.04034,-54.3425,-35.6404,,-0.441904
4.06034,-55.2152,-35.5139,,-0.430747
4.08033,-56.0644,-35.3822,,-0.419342
4.10033,-56.8917,-35.2424,,-0.408398
4.12034,-57.6953,-35.1044,,-0.396073
4.14033,-58.4776,-34.9494,,-0.386171
4.16033,-59.2361,-34.7877,,-0.37297
4.18034,-59.9702,-34.6256,,-0.361493
4.20034,-60.6803,-34.4598,,-0.349782
4.22033,-61.367,-34.2867,,-0.337362
4.24033,-62.0285,-34.1043,,-0.324748
4.26034,-62.6651,-33.9129,,-0.312587
4.28033,-63.2769,-33.7085,,-0.299731
4.30033,-63.8634,-33.5028,,-0.287467
4.32033,-64.4241,-33.2906,,-0.273826
4.34034,-64.9589,-33.0596,,-0.2617
4.36033,-65.4688,-32.83,,-2.49E-01
4.38033,-65.9516,-32.5893,,-0.234957
4.40034,-66.4079,-32.3343,,-0.222101
4.42034,-66.8385,-32.0726,,-0.208933
4.44033,-67.2414,-31.8019,,-0.19456
4.46033,-67.6173,-31.5293,,-0.182166
4.48034,-67.9672,-31.2355,,-0.168462
4.50033,-68.2901,-30.9395,,-1.55E-01
4.52033,-68.5856,-30.6202,,-1.41E-01
4.54034,-68.8521,-30.2912,,-1.26E-01
4.56034,-69.0909,-29.9492,,-1.14E-01
4.58033,-69.3038,-29.5891,,-0.0996794
4.60033,-69.4884,-29.2136,,-0.0856443
4.62034,-69.6451,-28.8151,,-0.0719154
4.64033,-69.7746,-28.4088,,-0.0577025
4.66033,-69.8744,-27.9851,,-0.0440617
4.68034,-69.9474,-27.5334,,-0.0287681
4.70034,-69.9927,-27.0598,,-0.0159098
4.72033,-70.0077,-26.5719,,-1.49E-03
4.74033,-69.9982,-26.0565,,0.0113642
4.76034,-69.9595,-25.5134,,0.025384
4.78033,-69.8935,-24.9366,,0.0408203
4.80033,-69.7984,-24.3508,,0.053554
4.82033,-69.6752,-23.7249,,0.0686282
4.84034,-69.5247,-23.0625,,0.0811325
4.86033,-69.3467,-22.3745,,0.0963392
4.88033,-69.1397,-21.6555,,0.109813
4.90034,-68.9068,-20.8988,,0.122422
4.92034,-68.6463,-20.1074,,0.138141
4.94033,-68.3551,-19.2817,,0.151184
4.96033,-68.0395,-18.4282,,0.164105
4.98034,-67.6972,-17.5412,,1.78E-01
5.00033,-67.3251,-16.6096,,1.92E-01
5.02033,-66.9281,-15.6624,,0.204814
5.04034,-66.5039,-14.6903,,0.218595
5.06034,-66.0528,-13.7062,,0.231297
5.08033,-65.5756,-12.6839,,0.245291
5.10033,-65.0717,-11.6388,,0.25806
5.12034,-64.5426,-10.5881,,0.27093
5.14033,-63.9871,-9.52957,,0.283412
5.16033,-63.4062,-8.45122,,0.296671
5.18034,-62.7999,-7.37159,,0.309209
5.20034,-62.1686,-6.30839,,3.21E-01
5.22033,-61.5122,-5.24381,,0.33424
5.24033,-60.8312,-4.16581,,0.346121
5.26034,-60.1259,-3.10758,,0.35882
5.28033,-59.3962,-2.0775,,0.370018
5.30033,-58.6442,-1.05548,,0.38164
5.32033,-57.8675,-0.0439911,,0.394046
5.34034,-57.0672,0.956358,,0.405576
5.36033,-56.2454,1.92683,,0.41649
5.38033,-55.3999,2.89006,,0.427646
5.40034,-54.5338,3.83944,,0.43797
5.42034,-53.6453,4.75352,,0.450635
5.44033,-52.7336,5.66342,,0.460064
5.46033,-51.8019,6.56076,,0.471019
5.48034,-50.8497,7.42209,,0.48056
5.50033,-49.8787,8.26324,,0.490895
5.52033,-48.8852,9.10285,,0.501201
5.54034,-47.8726,9.92195,,5.11E-01
5.56034,-46.8418,10.7232,,5.20E-01
5.58033,-45.7922,11.4945,,5.29E-01
5.60033,-44.724,12.2761,,5.39E-01
5.62034,-43.6375,13.0245,,5.47E-01
5.64033,-42.5341,13.7484,,0.556148
5.66033,-41.4135,14.4642,,0.563936
5.68034,-40.2764,15.1671,,5.73E-01
5.70034,-39.124,15.8538,,5.80E-01
5.72033,-3.80E+01,16.5314,,5.89E-01
5.74033,-36.7693,17.1924,,5.95E-01
5.76034,-35.5701,17.8177,,6.03E-01
5.78033,-34.3575,18.444,,6.10E-01
5.80033,-33.131,19.0633,,6.16E-01
5.82033,-31.8913,19.6576,,6.24E-01
5.84034,-30.6384,20.2318,,6.29E-01
5.86033,-29.3733,20.8063,,6.35E-01
5.88033,-28.0964,21.359,,6.41E-01
5.90034,-26.8085,21.8986,,6.47E-01
5.92034,-25.5098,22.4222,,6.52E-01
5.94033,-24.2009,22.9326,,6.57E-01
5.96033,-22.8819,23.4353,,6.62E-01
5.98034,-21.5542,23.926,,6.66E-01
6.00033,-20.2172,24.3832,,6.70E-01
6.02033,-18.8733,24.8329,,6.74E-01
6.04034,-17.5213,25.2912,,6.78E-01
6.06034,-16.1621,25.7234,,6.81E-01
6.08033,-14.7966,26.1367,,6.84E-01
6.10033,-13.4253,26.5445,,6.87E-01
6.12034,-12.0484,26.9273,,6.90E-01
6.14033,-10.6666,27.3146,,6.92E-01
6.16033,-9.28077,27.6769,,6.94E-01
6.18034,-7.89136,28.0314,,6.96E-01
6.20034,-6.49852,28.384,,6.97E-01
6.22033,-5.10311,28.7142,,6.98E-01
6.24033,-3.70564,29.0248,,6.99E-01
6.26034,-2.30675,29.3285,,7.00E-01
6.28033,-0.90701,29.63,,7.00E-01
6.30033,0.493205,29.9327,,7.00E-01
6.32033,1.89314,30.1948,,7.00E-01
6.34034,3.29236,30.4447,,6.99E-01
6.36033,4.69029,30.7071,,0.698567
6.38033,6.08621,30.9562,,0.697462
6.40034,7.47996,31.1815,,0.69617
6.42034,8.87043,31.4011,,0.69446
6.44033,10.2576,31.6122,,0.69269
6.46033,11.6405,31.8165,,0.690344
6.48034,13.0187,32.0098,,0.687834
6.50033,14.3918,32.1834,,0.685347
6.52033,15.7591,32.3583,,0.682136
6.54034,17.1201,32.5265,,0.678949
6.56034,18.4741,32.6777,,0.675385
6.58033,19.8213,32.8119,,0.671622
6.60033,21.1598,32.9483,,6.68E-01
6.62034,22.4906,33.0796,,6.63E-01
6.64033,23.8119,33.199,,6.58E-01
6.66033,25.124,33.2958,,0.653668
6.68034,26.4251,33.392,,0.648225
6.70034,27.7164,33.4881,,0.642904
6.72033,28.9971,33.5724,,0.637607
6.74033,30.2653,33.6409,,0.631401
6.76034,31.5219,33.7092,,0.625333
6.78033,32.7655,33.7674,,0.618902
6.80033,33.9969,33.8076,,0.612086
6.82033,35.2128,33.8511,,0.605607
6.84034,36.4167,33.8876,,0.597527
6.86033,37.6058,33.9123,,5.92E-01
6.88033,38.7792,33.9296,,5.83E-01
6.90034,39.9375,33.9357,,0.575503
6.92034,41.0786,33.9377,,0.566752
6.94033,42.2043,33.9389,,5.58E-01
6.96033,43.3126,33.9207,,0.550603
6.98034,44.4055,33.901,,0.541387
7.00033,45.4774,33.8743,,0.532594
7.02033,46.5331,33.8499,,0.523051
7.04034,47.5699,33.809,,0.514083
7.06034,48.5877,33.7473,,0.504234
7.08033,49.5859,33.6971,,0.494531
7.10033,50.5639,33.6489,,0.484243
7.12034,51.5226,33.5766,,0.474372
7.14033,52.4602,33.4993,,0.464464
7.16033,53.3776,33.4205,,0.453032
7.18034,54.2723,33.3352,,0.442849
7.20034,55.1475,33.2419,,0.431252
7.22033,55.9973,33.1345,,0.420033
7.24033,56.8265,33.0265,,0.409382
7.26034,57.633,32.9069,,0.398028
7.28033,58.4166,32.794,,0.385925
7.30033,59.1764,32.6722,,0.374495
7.32033,59.9125,32.5241,,0.36225
7.34034,60.6255,32.3847,,0.35073
7.36033,61.3135,32.2298,,0.338194
7.38033,61.9765,32.0783,,0.325932
7.40034,62.6158,31.911,,0.313497
7.42034,63.2294,31.7324,,0.300998
7.44033,63.8175,31.5442,,0.287729
7.46033,64.3803,3.13E+01,,0.27572
7.48034,64.918,31.1484,,0.262542
7.50033,65.43,30.9471,,2.50E-01
7.52033,65.9141,30.7234,,0.235617
7.54034,66.3733,30.489,,0.223193
7.56034,66.8053,30.2584,,0.21008
7.58033,6.72E+01,30.0141,,0.196191
7.60033,67.589,29.7423,,0.182716
7.62034,67.9405,29.4674,,0.169082
7.64033,68.2644,29.1901,,1.56E-01
7.66033,68.5628,28.888,,1.43E-01
7.68034,68.8314,28.5799,,1.27E-01
7.70034,69.0737,28.2516,,1.15E-01
7.72033,69.2888,27.9093,,0.10053
7.74033,69.4744,27.5496,,0.0865059
7.76034,69.6333,27.1766,,0.0729599
7.78033,69.7653,26.7815,,0.0591055
7.80033,69.8679,26.363,,0.0443339
7.82033,69.9426,25.931,,0.0310119
7.84034,69.9898,25.4795,,0.0167175
7.86033,70.0071,24.9927,,1.74E-03
7.88033,69.999,24.4852,,-9.83E-03
7.90034,69.9648,23.9573,,-0.0235658
7.92034,69.9001,23.406,,-0.0398691
7.94033,69.8065,22.8215,,-0.0531615
7.96033,69.6862,22.2012,,-0.0664653
7.98034,69.5383,21.5589,,-0.0809396
8.00033,69.3615,20.877,,-0.0947533
8.02033,69.1571,20.1598,,-0.108637
8.04034,68.926,19.4159,,-0.122281
8.06034,68.6665,18.636,,-0.136094
8.08033,68.38,17.8186,,-0.150158
8.10033,68.0656,16.9657,,-0.16374
8.12034,67.7239,16.0975,,-1.77E-01
8.14033,67.3556,15.1832,,-1.91E-01
8.16033,66.9603,14.2359,,-0.203987
8.18034,66.539,13.2602,,-0.216979
8.20034,66.0902,12.2687,,-0.229824
8.22033,65.6154,11.2573,,-0.244976
8.24033,65.1145,10.2203,,-0.256046
8.26034,64.5857,9.16618,,-0.270857
8.28033,64.0321,8.1141,,-0.282592
8.30033,63.4538,7.05644,,-0.294973
8.32033,62.8494,5.98021,,-0.308655
8.34034,62.2203,4.9049,,-3.20E-01
8.36033,61.5658,3.84004,,-0.33312
8.38033,60.8861,2.78497,,-0.34572
8.40034,60.1834,1.72598,,-0.356898
8.42034,59.4562,0.69058,,-0.3697
8.44033,58.7049,-0.330036,,-0.380911
8.46033,57.9305,-1.34295,,-0.392918
8.48034,57.1322,-2.33909,,-0.40445
8.50033,56.3113,-3.30755,,-0.4162
8.52033,55.4677,-4.24926,,-0.426584
8.54034,54.603,-5.18062,,-0.437467
8.56034,53.7163,-6.11108,,-0.448907
8.58033,52.8069,-7.01548,,-0.459643
8.60033,51.8779,-7.88142,,-0.469467
8.62034,50.9267,-8.73249,,-0.480633
8.64033,49.9556,-9.58795,,-0.489822
8.66033,48.9647,-10.4101,,-0.500307
8.68034,47.9546,-11.1975,,-5.10E-01
8.70034,46.9252,-11.9811,,-5.19E-01
8.72033,45.8763,-12.7607,,-5.29E-01
8.74033,44.809,-13.5073,,-5.38E-01
8.76034,43.7248,-14.2353,,-5.46E-01
8.78033,42.6244,-14.9539,,-0.556007
8.80033,41.5027,-15.6527,,-0.563773
8.82033,40.3686,-16.3279,,-5.71E-01
8.84034,39.2152,-16.9926,,-5.80E-01
8.86033,38.0474,-17.6472,,-5.87E-01
8.88033,36.8647,-18.2809,,-5.95E-01
8.90034,35.6672,-18.9001,,-6.02E-01
8.92034,34.4553,-19.4972,,-6.10E-01
8.94033,33.229,-20.0802,,-6.16E-01
8.96033,31.9904,-20.6522,,-6.22E-01
8.98034,30.7384,-21.2122,,-6.29E-01
9.00033,29.4747,-21.7494,,-6.35E-01
9.02033,28.1988,-22.2765,,-6.40E-01
9.04034,26.9115,-22.7965,,-6.47E-01
9.06034,25.6133,-23.2869,,-6.51E-01
9.08033,24.3052,-23.7589,,-6.57E-01
9.10033,22.987,-24.2379,,-6.61E-01
9.12034,21.6602,-24.6933,,-6.65E-01
9.14033,20.3246,-25.1425,,-6.70E-01
9.16033,18.9805,-25.565,,-6.74E-01
9.18034,17.6291,-25.9726,,-6.77E-01
9.20034,16.2706,-26.3765,,-6.81E-01
9.22033,14.9055,-26.7756,,-6.84E-01
9.24033,13.5345,-27.1458,,-6.87E-01
9.26034,12.158,-27.5102,,-6.90E-01
9.28033,10.7769,-27.8525,,-6.92E-01
9.30033,9.39123,-28.1948,,-6.94E-01
9.32033,8.00193,-28.5382,,-6.96E-01
9.34034,6.60952,-28.8434,,-6.97E-01
9.36033,5.21435,-29.1439,,-6.98E-01
9.38033,3.817,-29.4486,,-6.99E-01
9.40034,2.41821,-29.7295,,-7.00E-01
9.42034,1.01845,-29.9911,,-7.00E-01
9.44033,-0.381734,-30.2614,,-7.00E-01
9.46033,-1.78172,-30.5164,,-7.00E-01
9.48034,-3.18101,-30.7601,,-6.99E-01
9.50033,-4.57909,-30.99,,-0.69858
9.52033,-5.97522,-31.2046,,-0.697582
9.54034,-7.36897,-31.4185,,-0.696202
9.56034,-8.76E+00,-31.6257,,-0.694676
9.58033,-10.1474,-31.8247,,-0.69303
9.60033,-11.5308,-32.0137,,-0.690428
9.62034,-12.9092,-32.1676,,-0.688026
9.64033,-14.2827,-32.3394,,-0.68546
9.66033,-15.6505,-32.5085,,-0.682465
9.68034,-17.012,-32.6572,,-0.679234
9.70034,-1.84E+01,-32.7953,,-0.675667
9.72033,-19.7142,-32.9223,,-0.671937
9.74033,-21.0537,-33.046,,-6.68E-01
9.76034,-22.3849,-33.1692,,-6.63E-01
9.78033,-23.7072,-33.2774,,-6.59E-01
9.80033,-25.0194,-33.3665,,-0.65421
9.82033,-26.3228,-33.4644,,-0.648911
9.84034,-27.6146,-33.5467,,-0.643415
9.86033,-28.8961,-33.6207,,-0.637953
9.88033,-30.1649,-33.6906,,-0.631784
9.90034,-31.4224,-33.7485,,-0.625628
9.92034,-32.6672,-33.8055,,-0.619768
9.94033,-33.8993,-33.8509,,-0.612207
9.96033,-35.1168,-33.8806,,-0.605785
9.98034,-36.3213,-33.9035,,-0.599159
10.0003,-37.5107,-33.9441,,-0.590555
10.0203,-38.6852,-33.9562,,-5.84E-01
10.0403,-39.8449,-33.9584,,-0.576538
10.0603,-40.9881,-33.964,,-0.567583
10.0803,-42.1153,-33.9641,,-5.59E-01
10.1003,-43.2249,-33.9351,,-0.550799
10.1203,-44.3184,-33.9124,,-0.542776
10.1403,-45.3929,-33.9031,,-0.532837
10.1603,-46.4505,-33.8723,,-0.524839
10.1803,-47.4886,-33.826,,-0.513852
10.2003,-48.5069,-33.7766,,-0.504877
10.2203,-49.5068,-33.7293,,-0.49551
10.2403,-50.4872,-33.6673,,-0.485042
10.2603,-51.4468,-33.5863,,-0.475215
10.2803,-52.3863,-33.5192,,-0.464513
10.3003,-53.3045,-33.4607,,-0.454407
10.3203,-54.2017,-33.3623,,-0.443335
10.3403,-55.0768,-33.2628,,-0.432182
10.3603,-55.9301,-33.1653,,-0.422269
10.3803,-56.7622,-33.0652,,-0.409815
10.4003,-57.5698,-32.9503,,-0.398517
10.4203,-58.3549,-32.814,,-0.386741
10.4403,-59.1171,-32.6827,,-0.375766
10.4603,-59.8546,-32.5631,,-0.363025
10.4803,-60.5704,-32.4185,,-0.352245
10.5003,-61.2597,-32.2651,,-0.33865
10.5203,-61.9249,-32.1115,,-0.326992
10.5403,-62.5656,-31.9502,,-0.314231
10.5603,-63.1813,-31.7777,,-0.302143
10.5803,-63.7718,-31.5875,,-0.288771
10.6003,-64.3362,-31.3961,,-0.277053
10.6203,-64.8771,-3.12E+01,,-0.26294
10.6403,-65.3888,-30.9992,,-2.51E-01
10.6603,-65.8766,-30.7713,,-0.237326
10.6803,-66.3372,-30.5417,,-0.224225
10.7003,-66.7713,-30.3066,,-0.210546
10.7203,-6.72E+01,-30.0592,,-0.197347
10.7403,-67.5596,-29.8008,,-0.184309
10.7603,-67.9131,-29.5277,,-0.170138
10.7803,-68.2397,-29.2525,,-1.57E-01
10.8003,-68.5392,-28.9588,,-1.44E-01
10.8203,-68.811,-28.6416,,-1.29E-01
10.8403,-69.0548,-28.314,,-1.16E-01
10.8603,-69.2725,-27.9844,,-0.102404
10.8803,-69.4609,-27.6219,,-0.0872457
10.9003,-69.622,-27.2398,,-0.0741448
10.9203,-69.7559,-26.8528,,-0.0601401
10.9403,-69.8608,-26.4419,,-0.0456709
10.9603,-69.9372,-26.0117,,-0.0317911
10.9803,-69.9867,-25.5468,,-0.0181007
11.0003,-70.0065,-25.0769,,-3.49E-03
11.0203,-70.0017,-24.5814,,8.71E-03
11.0403,-69.9667,-24.0487,,0.0248126
11.0603,-69.9044,-23.4891,,0.037366
11.0803,-69.8147,-22.9126,,0.0521821
11.1003,-69.6953,-22.3085,,0.0658356
11.1203,-69.55,-21.6548,,0.0790616
11.1403,-69.3765,-20.9721,,0.0935734
11.1603,-69.1747,-20.2789,,0.10759
11.1803,-68.9454,-19.5352,,0.121291
11.2003,-68.6882,-18.7525,,0.134988
11.2203,-68.4039,-17.935,,0.148824
11.2403,-68.0916,-17.092,,0.162606
11.2603,-67.7524,-16.2121,,1.76E-01
11.2803,-67.3862,-15.2924,,1.89E-01
11.3003,-66.9928,-14.3558,,0.203134
11.3203,-66.5733,-13.3928,,0.216062
11.3403,-66.1266,-12.4053,,0.229684
11.3603,-65.6534,-11.3864,,0.242686
11.3803,-65.1539,-10.3592,,0.256142
11.4003,-64.6285,-9.31021,,0.269039
11.4203,-64.0771,-8.23917,,0.281507
11.4403,-63.4997,-7.17482,,0.294614
11.4603,-62.8986,-6.11003,,0.306451
11.4803,-62.2714,-5.03925,,3.20E-01
11.5003,-61.6185,-3.96331,,0.332178
11.5203,-60.9418,-2.89906,,0.343787
11.5403,-60.2408,-1.85302,,0.355979
11.5603,-59.5157,-0.812228,,0.368962
11.5803,-58.7656,0.218226,,0.380678
11.6003,-57.9928,1.21447,,0.391663
11.6203,-57.1963,2.20384,,0.403704
11.6403,-56.3778,3.17825,,0.414722
11.6603,-55.5362,4.14173,,0.426489
11.6803,-54.672,5.07977,,0.436685
11.7003,-53.7874,5.97721,,0.447825
11.7203,-52.8805,6.88554,,0.458493
11.7403,-51.9521,7.77943,,0.468966
11.7603,-51.0035,8.62777,,0.47945
11.7803,-50.0334,9.44694,,0.489799
11.8003,-49.0442,10.2735,,0.499071
11.8203,-48.0351,11.0838,,5.09E-01
11.8403,-47.0078,11.8639,,5.18E-01
11.8603,-45.9614,12.6192,,5.27E-01
11.8803,-44.8955,13.3783,,5.38E-01
11.9003,-43.8115,14.1043,,5.46E-01
11.9203,-42.7114,14.8128,,0.554555
11.9403,-41.5931,15.4999,,0.563172
11.9603,-40.4579,16.1811,,5.71E-01
11.9803,-39.307,16.8396,,5.80E-01
12.0003,-38.1409,17.4891,,5.86E-01
12.0203,-36.9589,18.124,,5.94E-01
12.0403,-35.7633,18.72,,6.01E-01
12.0603,-34.5529,19.3113,,6.10E-01
12.0803,-33.3276,19.8975,,6.15E-01
12.1003,-32.0903,20.4582,,6.22E-01
12.1203,-30.8387,21.0016,,6.28E-01
12.1403,-29.5759,21.5446,,6.35E-01
12.1603,-28.3005,22.0587,,6.40E-01
12.1803,-27.0144,22.5487,,6.46E-01
12.2003,-25.717,23.0397,,6.51E-01
12.2203,-24.4101,23.5255,,6.56E-01
12.2403,-23.0928,23.9781,,6.61E-01
12.2603,-21.7663,24.4235,,6.65E-01
12.2803,-20.4312,24.8527,,6.69E-01
12.3003,-19.0881,25.2746,,6.74E-01
12.3203,-17.737,25.6749,,6.77E-01
12.3403,-16.3791,26.0628,,6.81E-01
12.3603,-15.0146,26.4466,,6.83E-01
12.3803,-1.36E+01,26.8153,,6.87E-01
12.4003,-12.2679,27.1567,,6.89E-01
12.4203,-10.8871,27.4986,,6.91E-01
12.4403,-9.502,27.8337,,6.94E-01
12.4603,-8.11268,28.1498,,6.95E-01
12.4803,-6.72059,28.4547,,6.97E-01
12.5003,-5.32554,28.7432,,6.98E-01
12.5203,-3.92835,29.0271,,6.99E-01
12.5403,-2.52963,29.302,,7.00E-01
12.5603,-1.12996,29.5535,,7.00E-01
12.5803,0.270201,29.8102,,7.00E-01
12.6003,1.67021,30.0569,,7.00E-01
12.6203,3.06964,30.2799,,6.99E-01
12.6403,4.46779,30.4899,,0.698711
12.6603,5.86425,30.704,,0.69766
12.6803,7.25813,30.915,,0.696334
12.7003,8.64932,31.1046,,0.694823
12.7203,10.0369,31.2791,,0.692881
12.7403,11.4206,31.4493,,0.690791
12.7603,12.7995,31.6239,,0.688249
12.7803,14.1734,31.7744,,0.685814
12.8003,15.542,31.9242,,0.682713
12.8203,16.9039,32.072,,0.679449
12.8403,18.2593,32.188,,0.676037
12.8603,19.6073,32.3118,,0.671976
12.8803,20.9472,32.4339,,6.68E-01
12.9003,22.279,32.5402,,6.64E-01
12.9203,23.6021,32.6348,,6.59E-01
12.9403,24.9152,32.7272,,6.54E-01
12.9603,26.2186,32.8097,,0.649671
12.9803,27.512,32.884,,0.643767
13.0003,28.7938,32.9519,,0.638282
13.0203,30.0644,33.0131,,0.632542
13.0403,31.3223,33.0767,,0.625817
13.0603,32.568,33.117,,0.620208
13.0803,33.8014,33.1555,,0.613364
13.1003,35.0218,33.1838,,0.606653
13.1203,36.2259,33.221,,0.598858
13.1403,37.4176,33.2371,,0.592414
13.1603,38.5927,33.2486,,5.84E-01
13.1803,39.754,33.2604,,0.577325
13.2003,40.8986,33.2514,,0.56797
13.2203,42.0261,33.2412,,0.5597
13.2403,43.1373,33.2322,,0.551734
13.2603,44.2328,33.2189,,0.543751
13.2803,45.3082,33.1861,,0.533167
13.3003,46.3661,33.1519,,0.524834
13.3203,47.4063,33.1159,,0.515328
13.3403,48.4266,33.065,,0.505414
13.3603,49.4283,33.0084,,0.496753
13.3803,50.4104,32.9568,,0.485901
13.4003,5.14E+01,32.8943,,0.475498
13.4203,52.3122,32.8176,,0.466118
13.4403,53.2323,32.7431,,0.454638
13.4603,54.1313,32.6639,,0.444708
13.4803,55.0093,32.571,,0.433198
13.5003,55.8642,32.4663,,0.42275
13.5203,56.6962,32.3614,,0.41014
13.5403,57.5064,32.2505,,0.399932
13.5603,58.293,32.1408,,0.387669
13.5803,59.0567,32.0157,,0.376505
13.6003,59.7968,31.8823,,0.364404
13.6203,60.5133,31.7433,,0.352118
13.6403,61.2051,31.5992,,0.34035
13.6603,61.8729,31.444,,0.327914
13.6803,62.5153,31.278,,0.315164
13.7003,63.1331,31.1155,,3.03E-01
13.7203,63.7256,30.9326,,0.289697
13.7403,64.2921,30.7401,,0.27761
13.7603,64.8356,30.5403,,0.265107
13.7803,65.3497,30.343,,2.51E-01
13.8003,65.8388,30.1343,,0.238247
13.8203,66.3017,29.9073,,0.225043
13.8403,66.7377,29.6724,,0.211915
13.8603,6.71E+01,29.4273,,0.198268
13.8803,67.5305,29.1747,,0.185055
13.9003,67.886,28.9067,,0.171618
13.9203,68.2155,28.629,,1.58E-01
13.9403,68.517,28.337,,1.44E-01
13.9603,68.79,28.0235,,1.30E-01
13.9803,69.0372,27.7103,,1.17E-01
14.0003,69.2555,27.3729,,0.102577
14.0203,69.4472,27.021,,0.0892737
14.0403,69.61,26.6538,,0.074963
14.0603,69.7453,26.2574,,0.0608072
14.0803,69.8529,25.8541,,0.0475098
14.1003,69.9341,25.428,,0.0330095
14.1203,69.9845,24.9759,,0.0206991
14.1403,70.0064,24.4979,,3.00E-03
14.1603,70.0037,23.9977,,-7.73E-03
14.1803,69.9708,23.4796,,-0.0231252
14.2003,69.9114,22.9304,,-0.0368202
14.2203,69.823,22.3496,,-0.0504747
14.2403,69.7078,21.7411,,-0.0644163
14.2603,69.5638,21.1007,,-0.0790643
14.2803,69.3915,20.426,,-0.0924039
14.3003,69.1917,19.7183,,-0.10633
14.3203,68.965,18.9787,,-0.120336
14.3403,68.7096,18.2021,,-0.13382
14.3603,68.4272,17.3927,,-0.147945
14.3803,68.1174,16.5523,,-0.161352
14.4003,67.7803,15.6772,,-1.75E-01
14.4203,67.4161,14.7672,,-1.89E-01
14.4403,67.0252,13.8234,,-0.201729
14.4603,66.6078,12.8586,,-0.215053
14.4803,66.1626,11.868,,-0.22848
14.5003,65.692,10.8495,,-0.242149
14.5203,65.1946,9.81458,,-0.254801
14.5403,64.671,8.76906,,-0.267761
14.5603,64.122,7.7094,,-0.28064
14.5803,63.5475,6.64443,,-0.29271
14.6003,62.9477,5.5789,,-0.306901
14.6203,62.3221,4.50146,,-3.18E-01
14.6403,61.6716,3.4289,,-0.331752
14.6603,60.9962,2.36507,,-0.343407
14.6803,60.2969,1.31811,,-0.354627
14.7003,59.5744,0.280627,,-0.368283
14.7203,58.8263,-0.758658,,-0.378384
14.7403,58.0557,-1.76692,,-0.391566
14.7603,57.2614,-2.75132,,-0.402343
14.7803,56.4432,-3.72447,,-0.414733
14.8003,55.605,-4.6881,,-0.42429
14.8203,54.7423,-5.61257,,-0.436333
14.8403,53.8583,-6.5217,,-0.447544
14.8603,52.953,-7.43387,,-0.45769
14.8803,52.0261,-8.31341,,-0.468431
14.9003,51.0795,-9.15796,,-0.478076
14.9203,50.112,-9.99574,,-0.488512
14.9403,49.1237,-10.8201,,-0.498788
14.9603,48.1162,-11.6171,,-0.508241
14.9803,47.0897,-12.3919,,-5.18E-01
15.0003,46.0443,-13.1569,,-5.27E-01
15.0203,44.9805,-13.9065,,-5.36E-01
15.0403,43.8988,-14.6279,,-5.45E-01
15.0603,42.7997,-15.3352,,-0.554138
15.0803,41.6825,-16.0276,,-0.562431
15.1003,40.55,-16.701,,-5.70E-01
15.1203,39.3995,-17.3588,,-5.79E-01
15.1403,38.2345,-17.9929,,-5.86E-01
15.1603,37.0544,-18.6196,,-5.94E-01
15.1803,35.8572,-19.2322,,-6.02E-01
15.2003,34.6478,-19.8204,,-6.07E-01
15.2203,33.4247,-20.3856,,-6.15E-01
15.2403,32.1886,-20.9443,,-6.21E-01
15.2603,30.9389,-21.5008,,-6.28E-01
15.2803,29.6767,-22.0228,,-6.34E-01
15.3003,28.4023,-22.5367,,-6.40E-01
15.3203,27.1173,-23.0365,,-6.45E-01
15.3403,25.8209,-23.5166,,-6.51E-01
15.3603,24.5141,-23.9816,,-6.55E-01
15.3803,23.1979,-24.4412,,-6.61E-01
15.4003,21.8727,-24.8802,,-6.65E-01
15.4203,20.538,-25.3069,,-6.69E-01
15.4403,19.195,-25.7226,,-6.73E-01
15.4603,17.8447,-26.1223,,-6.77E-01
15.4803,16.4872,-26.5032,,-6.80E-01
15.5003,15.1233,-26.881,,-6.83E-01
15.5203,1.38E+01,-27.2406,,-6.86E-01
15.5403,12.3779,-27.5877,,-6.89E-01
15.5603,10.9972,-27.9234,,-6.92E-01
15.5803,9.61231,-28.2386,,-6.93E-01
15.6003,8.22344,-28.5582,,-6.95E-01
15.6203,6.83136,-28.86,,-6.97E-01
15.6403,5.43655,-29.146,,-6.98E-01
15.6603,4.03961,-29.4297,,-6.99E-01
15.6803,2.64112,-29.6869,,-7.00E-01
15.7003,1.24143,-29.9467,,-7.00E-01
15.7203,-0.158762,-30.2018,,-7.00E-01
15.7403,-1.55878,-30.4326,,-7.00E-01
15.7603,-2.95826,-30.6626,,-7.00E-01
15.7803,-4.35649,-30.8828,,-0.698683
15.8003,-5.75297,-31.0746,,-0.697814
15.8203,-7.14721,-31.2808,,-0.696481
15.8403,-8.53859,-31.474,,-0.694898
15.8603,-9.9265,-31.656,,-0.693066
15.8803,-11.3106,-31.8251,,-0.691038
15.9003,-12.6901,-31.9795,,-0.688599
15.9203,-14.0645,-32.137,,-0.685855
15.9403,-15.4331,-32.2853,,-0.68292
15.9603,-16.7957,-32.4204,,-0.679786
15.9803,-18.1516,-32.5594,,-0.6761
16.0003,-19.5003,-32.6756,,-0.672569
16.0203,-20.8408,-32.7789,,-6.68E-01
16.0403,-22.1735,-32.8928,,-6.64E-01
16.0603,-23.4974,-32.991,,-6.60E-01
16.0803,-24.8114,-33.0759,,-6.55E-01
16.1003,-26.1154,-33.1664,,-0.649756
16.1203,-27.4091,-33.2456,,-0.644323
16.1403,-28.6923,-33.3056,,-0.638955
16.1603,-29.9634,-33.3666,,-0.632472
16.1803,-31.2228,-33.4225,,-0.627426
16.2003,-32.4703,-33.478,,-0.619438
16.2203,-33.7031,-33.5197,,-0.614441
16.2403,-34.9251,-33.5369,,-0.60743
16.2603,-36.1305,-33.565,,-0.598883
16.2803,-37.322,-33.5992,,-0.592771
16.3003,-38.4999,-33.616,,-5.85E-01
16.3203,-39.6624,-33.6047,,-0.577449
16.3403,-40.8078,-33.6102,,-0.568809
16.3603,-41.937,-33.6121,,-0.560657
16.3803,-43.0495,-33.5889,,-0.552103
16.4003,-44.1454,-33.5704,,-0.544043
16.4203,-45.2232,-33.5438,,-0.534885
16.4403,-46.2831,-33.5154,,-0.525169
16.4603,-47.3243,-33.4756,,-0.516478
16.4803,-48.3462,-33.433,,-0.506234
16.5003,-49.3496,-33.3798,,-0.497041
16.5203,-50.3327,-33.3146,,-0.486295
16.5403,-51.2949,-33.2418,,-0.476927
16.5603,-52.2382,-33.1844,,-0.466425
16.5803,-53.1598,-33.1154,,-0.455885
16.6003,-54.06,-33.0211,,-0.444801
16.6203,-54.9388,-32.9258,,-0.434623
16.6403,-55.796,-32.8362,,-0.423016
16.6603,-56.6304,-32.7371,,-0.411578
16.6803,-57.4422,-32.6224,,-0.400947
16.7003,-58.231,-32.4947,,-0.388483
16.7203,-58.9974,-32.3678,,-3.78E-01
16.7403,-59.7394,-32.2498,,-0.364822
16.7603,-60.4575,-32.1121,,-0.353561
16.7803,-61.1514,-31.9549,,-0.340958
16.8003,-61.8213,-31.813,,-0.328634
16.8203,-62.4649,-31.6569,,-0.316881
16.8403,-63.0849,-31.4729,,-0.303412
16.8603,-63.6792,-31.2966,,-0.291384
16.8803,-64.2488,-31.1152,,-0.278646
16.9003,-64.7916,-30.9246,,-0.265244
16.9203,-65.3097,-30.7111,,-2.53E-01
16.9403,-65.8007,-30.4993,,-0.239067
16.9603,-66.2661,-30.2795,,-0.226387
16.9803,-66.7039,-30.0347,,-0.213001
17.0003,-6.71E+01,-29.788,,-0.199263
17.0203,-67.5015,-29.5442,,-0.186834
17.0403,-67.859,-29.2866,,-0.171828
17.0603,-68.1899,-29.0003,,-1.59E-01
17.0803,-68.4932,-28.7093,,-1.45E-01
17.1003,-68.7695,-28.4058,,-1.32E-01
17.1203,-69.0181,-28.0886,,-1.18E-01
17.1403,-69.2387,-27.749,,-0.10388
17.1603,-69.4327,-27.3936,,-0.0901083
17.1803,-69.598,-27.0254,,-0.0762511
17.2003,-69.7357,-26.6392,,-0.0621221
17.2203,-69.8457,-26.2313,,-0.0483052
17.2403,-6.99E+01,-25.8028,,-0.0333094
17.2603,-69.9807,-25.3509,,-0.0213487
17.2803,-70.0064,-24.8866,,-6.33E-03
17.3003,-70.0043,-24.386,,8.32E-03
17.3203,-69.9755,-23.8557,,0.0205629
17.3403,-69.9175,-23.3127,,0.0363889
17.3603,-69.8313,-22.7415,,0.04913
17.3803,-69.7175,-22.1296,,0.063862
17.4003,-69.5757,-21.4837,,0.0773605
17.4203,-69.4061,-20.8221,,0.0913774
17.4403,-69.2083,-20.1227,,0.105452
17.4603,-68.9835,-19.3722,,0.118925
17.4803,-68.7312,-18.5934,,0.132804
17.5003,-68.4507,-17.7979,,0.146734
17.5203,-68.1434,-16.9514,,0.160178
17.5403,-67.8078,-16.0606,,0.174304
17.5603,-67.4459,-15.1505,,1.87E-01
17.5803,-67.0578,-14.2185,,0.201196
17.6003,-66.6425,-13.2545,,0.213678
17.6203,-66.1998,-12.2583,,0.227723
17.6403,-65.7307,-11.2482,,0.24064
17.6603,-65.2353,-10.2137,,0.254237
17.6803,-64.7139,-9.17184,,0.266671
17.7003,-64.1681,-8.09753,,0.27925
17.7203,-63.594,-7.02142,,0.292924
17.7403,-62.9959,-5.95348,,0.30513
17.7603,-62.3727,-4.88276,,3.17E-01
17.7803,-61.7244,-3.80788,,0.330809
17.8003,-61.0512,-2.73168,,0.342233
17.8203,-60.353,-1.67491,,0.354889
17.8403,-59.6319,-0.632895,,0.365824
17.8603,-58.8869,0.394059,,0.378001
17.8803,-58.1174,1.40124,,0.391138
17.9003,-57.3244,2.40037,,0.401119
17.9203,-56.5099,3.37986,,0.413292
17.9403,-55.6721,4.34441,,0.424104
17.9603,-54.8113,5.27973,,0.435332
17.9803,-53.9297,6.20719,,0.445901
18.0003,-53.026,7.10904,,0.457107
18.0203,-52.1026,7.99341,,0.467098
18.0403,-51.1554,8.8528,,0.478312
18.0603,-50.19,9.68511,,0.487312
18.0803,-49.2031,10.5157,,0.498298
18.1003,-48.1976,11.312,,0.507031
18.1203,-47.1723,12.0963,,5.18E-01
18.1403,-46.128,12.8677,,5.26E-01
18.1603,-45.0661,13.6196,,5.36E-01
18.1803,-43.9858,14.3447,,5.44E-01
18.2003,-42.8876,15.0553,,0.553648
18.2203,-41.7723,15.7463,,0.561611
18.2403,-40.6406,16.4261,,5.69E-01
18.2603,-39.4923,17.0792,,5.78E-01
18.2803,-38.3278,17.7309,,5.86E-01
18.3003,-37.1484,18.3657,,5.93E-01
18.3203,-35.9543,18.9658,,6.01E-01
18.3403,-34.7458,19.55,,6.08E-01
18.3603,-33.5231,20.1348,,6.14E-01
18.3803,-32.2878,20.7041,,6.21E-01
18.4003,-31.0385,21.231,,6.27E-01
18.4203,-29.7773,21.7719,,6.34E-01
18.4403,-28.5038,22.2937,,6.39E-01
18.4603,-27.2199,22.7771,,6.45E-01
18.4803,-25.9243,23.2649,,6.50E-01
18.5003,-24.6187,23.7369,,6.55E-01
18.5203,-23.303,24.1915,,6.60E-01
18.5403,-21.978,24.6357,,6.65E-01
18.5603,-20.6443,25.0599,,6.69E-01
18.5803,-19.3024,25.4655,,6.73E-01
18.6003,-17.9524,25.8668,,6.77E-01
18.6203,-16.5957,26.2557,,6.80E-01
18.6403,-15.2322,26.6223,,6.83E-01
18.6603,-13.8625,26.9926,,6.86E-01
18.6803,-12.4874,27.3257,,6.89E-01
18.7003,-11.1072,27.6659,,6.91E-01
18.7203,-9.72252,27.9915,,6.93E-01
18.7403,-8.33425,28.3004,,6.95E-01
18.7603,-6.94234,28.6063,,6.97E-01
18.7803,-5.54775,28.886,,6.98E-01
18.8003,-4.15099,29.1553,,6.99E-01
18.8203,-2.75247,29.4295,,7.00E-01
18.8403,-1.35289,29.6852,,7.00E-01
18.8603,0.0472158,29.9274,,7.00E-01
18.8803,1.4473,30.1659,,7.00E-01
18.9003,2.84682,30.3814,,7.00E-01
18.9203,4.24524,30.5971,,0.698828
18.9403,5.64189,30.7983,,0.697826
18.9603,7.03634,30.9938,,0.696604
18.9803,8.42792,31.186,,0.695111
19.0003,9.8161,31.3643,,0.693045
19.0203,11.2005,31.5154,,0.691318
19.0403,12.5802,31.6881,,0.688662
19.0603,13.9552,31.8376,,0.686212
19.0803,15.3244,31.977,,0.683398
19.1003,16.6876,32.1191,,0.679687
19.1203,18.0438,32.2428,,0.676724
19.1403,19.3931,32.3521,,0.67271
19.1603,20.7343,32.4695,,6.69E-01
19.1803,22.0676,32.5775,,6.64E-01
19.2003,23.3918,32.6662,,6.60E-01
19.2203,24.7067,32.7543,,6.55E-01
19.2403,26.0119,32.8293,,0.650306
19.2603,27.3066,32.9059,,0.644633
19.2803,28.5903,32.9736,,0.639335
19.3003,29.8629,33.029,,0.633283
19.3203,31.1231,33.0835,,0.627044
19.3403,32.3705,33.1348,,0.621241
19.3603,33.606,33.1673,,0.614489
19.3803,34.8269,33.1899,,0.606569
19.4003,36.0349,33.2225,,0.600801
19.4203,37.2283,33.2425,,0.593758
19.4403,38.407,33.2555,,5.85E-01
19.4603,39.5695,33.2593,,0.578121
19.4803,40.7164,33.252,,0.569154
19.5003,41.8481,33.2548,,0.561579
19.5203,42.9615,33.238,,0.553214
19.5403,44.0582,33.2074,,0.544288
19.5603,45.1378,33.1888,,0.535297
19.5803,46.1984,33.1619,,0.525848
19.6003,47.2411,33.1183,,0.517033
19.6203,48.2651,33.0623,,0.507329
19.6403,49.2702,33.0129,,0.498174
19.6603,50.2549,32.9627,,0.487135
19.6803,51.2203,32.8958,,0.478161
19.7003,52.1638,32.8182,,0.466963
19.7203,53.0889,32.7485,,0.456971
19.7403,53.9892,32.6687,,0.445688
19.7603,54.8702,32.5682,,0.434928
19.7803,55.7285,32.4681,,0.424285
19.8003,56.5656,32.3702,,0.413045
19.8203,57.3795,32.2602,,0.401086
19.8403,58.1692,32.1403,,0.390043
19.8603,58.9369,32.0224,,3.78E-01
19.8803,59.6804,31.8989,,0.36673
19.9003,60.4011,31.7504,,0.354459
19.9203,61.0965,31.6053,,0.341777
19.9403,61.7681,31.4605,,0.329787
19.9603,62.4148,31.3,,0.31806
19.9803,63.0365,31.1304,,0.304086
20.0003,63.6332,30.9476,,0.293097
20.0203,64.2041,30.7567,,0.279059
20.0403,64.7498,30.5697,,0.266861
20.0603,65.2689,30.3675,,2.53E-01
20.0803,65.7626,30.1517,,2.40E-01
20.1003,66.2294,29.9317,,0.227325
20.1203,66.6698,29.7076,,0.214145
20.1403,67.0844,29.4612,,0.200525
20.1603,67.4714,29.2022,,0.187718
20.1803,67.8321,28.9461,,0.173705
20.2003,68.1645,28.6672,,1.59E-01
20.2203,68.47,28.3772,,1.46E-01
20.2403,68.7485,28.0653,,1.33E-01
20.2603,69.0005,27.7505,,1.19E-01
20.2803,69.2227,27.4231,,0.104799
20.3003,69.4184,27.0719,,0.0911833
20.3203,69.5856,26.6972,,0.0770799
20.3403,69.7257,26.3159,,0.0632289
20.3603,69.8377,25.9127,,0.049414
20.3803,69.922,25.483,,0.0357093
20.4003,69.979,25.031,,0.0221335
20.4203,70.0045,24.5655,,4.45E-03
20.4403,70.0041,24.0766,,-3.88E-03
20.4603,69.9794,23.5515,,-0.0210629
20.4803,69.9236,22.9984,,-0.0344207
20.5003,69.8391,22.4224,,-0.048724
20.5203,69.727,21.8199,,-0.0617667
20.5403,69.589,21.1846,,-0.0767997
20.5603,69.4204,20.504,,-9.04E-02
20.5803,69.2254,19.7994,,-0.103585
20.6003,69.0028,19.0667,,-0.118968
20.6203,68.7529,18.2942,,-0.131132
20.6403,68.474,17.4792,,-0.145988
20.6603,68.1687,16.631,,-0.159246
20.6803,67.836,15.7674,,-0.172688
20.7003,67.4761,14.8581,,-1.86E-01
20.7203,67.0896,13.9112,,-0.199891
20.7403,66.676,12.9396,,-0.212924
20.7603,66.2353,11.9468,,-0.226902
20.7803,65.7683,10.9344,,-0.239493
20.8003,65.2759,9.88954,,-0.252717
20.8203,64.7569,8.83622,,-0.2655
20.8403,64.2123,7.77917,,-0.278692
20.8603,63.6407,6.70966,,-0.291389
20.8803,63.0446,5.63294,,-0.304208
20.9003,62.4233,4.55513,,-0.316869
20.9203,61.7769,3.47147,,-0.32872
20.9403,61.1051,2.39503,,-0.341775
20.9603,60.4095,1.34009,,-0.353511
20.9803,59.6903,0.306622,,-0.365745
21.0003,58.9463,-0.738982,,-0.377124
21.0203,58.1791,-1.77074,,-0.38962
21.0403,57.3888,-2.76498,,-0.400119
21.0603,56.5754,-3.74255,,-0.412252
21.0803,55.7398,-4.7047,,-0.42313
21.1003,54.881,-5.65218,,-0.434803
21.1203,54.0022,-6.57052,,-0.444254
21.1403,53.0994,-7.47952,,-0.457082
21.1603,52.1761,-8.36888,,-0.466021
21.1803,51.2319,-9.22487,,-0.477324
21.2003,50.2674,-10.0788,,-0.487221
21.2203,49.2826,-10.9085,,-0.496893
21.2403,48.278,-11.7034,,-0.506684
21.2603,47.2545,-12.4889,,-5.16E-01
21.2803,46.2123,-13.2604,,-5.25E-01
21.3003,45.1515,-14.0211,,-5.36E-01
21.3203,44.0718,-14.7493,,-5.43E-01
21.3403,42.9755,-15.4562,,-0.552834
21.3603,41.8611,-16.156,,-0.560845
21.3803,40.7304,-16.8367,,-5.69E-01
21.4003,39.5836,-17.4984,,-5.77E-01
21.4203,38.4208,-18.1407,,-5.86E-01
21.4403,37.2433,-18.7677,,-5.92E-01
21.4603,36.051,-19.3859,,-5.99E-01
21.4803,34.8438,-19.9795,,-6.08E-01
21.5003,33.6213,-20.5552,,-6.14E-01
21.5203,32.3862,-21.115,,-6.21E-01
21.5403,31.1388,-21.6599,,-6.27E-01
21.5603,29.8787,-22.1942,,-6.33E-01
21.5803,28.6059,-22.7122,,-6.39E-01
21.6003,27.3222,-23.2174,,-6.44E-01
21.6203,26.0282,-23.6924,,-6.50E-01
21.6403,24.7233,-24.1577,,-6.55E-01
21.6603,23.4081,-24.632,,-6.60E-01
21.6803,22.0837,-25.0663,,-6.64E-01
21.7003,20.751,-25.4873,,-6.68E-01
21.7203,19.4094,-25.9046,,-6.72E-01
21.7403,18.0605,-26.3076,,-6.76E-01
21.7603,16.7041,-26.6894,,-6.80E-01
21.7803,15.3407,-27.0664,,-6.83E-01
21.8003,13.9718,-27.4324,,-6.86E-01
21.8203,12.597,-27.7747,,-6.89E-01
21.8403,11.2172,-28.1104,,-6.91E-01
21.8603,9.83306,-28.419,,-6.93E-01
21.8803,8.44483,-28.7425,,-6.95E-01
21.9003,7.05334,-29.0428,,-6.97E-01
21.9203,5.65894,-29.3224,,-6.98E-01
21.9403,4.26221,-29.6041,,-6.99E-01
21.9603,2.86388,-29.8694,,-7.00E-01
21.9803,1.46434,-30.1182,,-7.00E-01
22.0003,0.0642401,-30.3673,,-7.00E-01
22.0203,-1.33585,-30.6067,,-7.00E-01
22.0403,-2.73546,-30.8298,,-7.00E-01
22.0603,-4.13396,-31.0405,,-0.69895
22.0803,-5.53077,-31.2394,,-0.697975
22.1003,-6.92536,-31.436,,-0.696691
22.1203,-8.31732,-31.6274,,-0.6952
22.1403,-9.70588,-31.8064,,-0.693363
22.1603,-11.0904,-31.9754,,-0.691342
22.1803,-12.4706,-32.1284,,-0.688827
22.2003,-13.8458,-32.2778,,-0.686474
22.2203,-15.2156,-32.4297,,-0.683344
22.2403,-16.5791,-32.556,,-0.680417
22.2603,-17.9361,-32.6874,,-0.676799
22.2803,-19.2859,-32.8146,,-0.673004
22.3003,-20.6281,-32.9117,,-6.69E-01
22.3203,-21.9619,-33.0145,,-6.65E-01
22.3403,-23.2867,-33.1186,,-6.60E-01
22.3603,-24.6024,-33.2111,,-6.56E-01
22.3803,-25.9084,-33.2887,,-0.650428
22.4003,-27.2038,-33.3625,,-0.645225
22.4203,-28.4885,-33.4222,,-0.639541
22.4403,-29.7616,-33.4853,,-0.63388
22.4603,-31.0233,-33.5391,,-0.628511
22.4803,-32.2732,-33.5887,,-0.621406
22.5003,-33.5086,-33.6297,,-0.614306
22.5203,-34.7301,-33.6557,,-0.607434
22.5403,-35.9386,-33.6746,,-0.601463
22.5603,-37.1342,-33.7009,,-0.594184
22.5803,-38.3138,-33.7229,,-5.86E-01
22.6003,-39.4778,-33.7245,,-0.578403
22.6203,-40.6267,-33.7193,,-0.570259
22.6403,-41.7579,-33.7131,,-0.562007
22.6603,-42.8739,-33.6952,,-0.553938
22.6803,-43.9722,-33.6759,,-0.54515
22.7003,-45.0524,-33.6571,,-0.535492
22.7203,-46.1152,-33.6189,,-0.527693
22.7403,-47.1599,-33.5806,,-0.517356
22.7603,-48.1848,-33.5382,,-0.507948
22.7803,-49.1917,-33.4839,,-0.498829
22.8003,-50.1772,-33.4235,,-0.487932
22.8203,-51.1434,-33.3526,,-0.478266
22.8403,-52.0894,-33.2873,,-0.468316
22.8603,-53.0145,-33.2222,,-0.457369
22.8803,-53.9186,-33.1361,,-0.446867
22.9003,-54.8014,-33.0332,,-0.436131
22.9203,-55.6608,-32.9469,,-0.424681
22.9403,-56.4996,-32.8428,,-0.414253
22.9603,-57.315,-32.7362,,-0.402141
22.9803,-58.1077,-32.6143,,-0.390882
23.0003,-58.8768,-32.4823,,-3.79E-01
23.0203,-59.6219,-32.3543,,-0.36726
23.0403,-60.344,-32.2193,,-0.355289
23.0603,-61.0421,-32.0842,,-0.343299
23.0803,-61.7157,-31.9318,,-0.330898
23.1003,-62.3641,-31.7653,,-0.318238
23.1203,-62.9879,-31.6002,,-0.306073
23.1403,-63.587,-31.4309,,-0.293763
23.1603,-64.1601,-31.2374,,-0.280026
23.1803,-64.7069,-31.0387,,-0.267523
23.2003,-65.2287,-30.8466,,-2.55E-01
23.2203,-65.7253,-30.6374,,-2.41E-01
23.2403,-66.1934,-30.4005,,-0.22821
23.2603,-66.636,-30.1618,,-0.215061
23.2803,-67.0522,-29.9298,,-0.20168
23.3003,-67.4419,-29.6849,,-0.18817
23.3203,-67.804,-29.4098,,-0.174643
23.3403,-68.1395,-29.1318,,-1.62E-01
23.3603,-68.4467,-28.8536,,-1.47E-01
23.3803,-68.7274,-28.5524,,-1.34E-01
23.4003,-68.9802,-28.2274,,-1.20E-01
23.4203,-69.2059,-27.8887,,-0.105626
23.4403,-69.4033,-27.5428,,-0.0922131
23.4603,-69.5742,-27.1747,,-0.0791763
23.4803,-69.716,-26.7909,,-0.0639695
23.5003,-69.8301,-26.384,,-0.0508915
23.5203,-69.9162,-25.953,,-0.0356075
23.5403,-69.9751,-25.5046,,-0.0237559
23.5603,-70.0042,-25.0481,,-7.42E-03
23.5803,-70.0062,-24.546,,5.10E-03
23.6003,-69.983,-24.0185,,0.0190484
23.6203,-69.9291,-23.4761,,0.0340889
23.6403,-69.8466,-22.9073,,0.0472088
23.6603,-69.7367,-22.2961,,0.0614675
23.6803,-69.6,-21.6551,,0.0750706
23.7003,-69.4349,-20.9905,,8.92E-02
23.7203,-69.2421,-20.2886,,0.102959
23.7403,-69.0215,-19.5454,,0.116509
23.7603,-68.7731,-18.7812,,0.131262
23.7803,-68.4975,-17.9647,,0.14396
23.8003,-68.1936,-17.1162,,0.158865
23.8203,-67.8634,-16.2407,,0.171048
23.8403,-67.506,-15.333,,1.85E-01
23.8603,-67.123,-14.3887,,0.198724
23.8803,-66.7099,-13.4115,,0.212061
23.9003,-66.272,-12.4248,,0.225762
23.9203,-65.8067,-11.4183,,0.238409
23.9403,-65.3163,-10.3715,,0.251568
23.9603,-64.7989,-9.30644,,0.265184
23.9803,-64.2553,-8.24172,,0.277417
24.0003,-63.6876,-7.17007,,0.289984
24.0203,-63.0935,-6.08208,,0.303651
24.0403,-62.473,-4.9946,,0.315613
24.0603,-61.8288,-3.91533,,0.328011
24.0803,-61.1597,-2.84202,,0.340864
24.1003,-60.4657,-1.77094,,0.352421
24.1203,-59.7487,-0.713127,,0.364516
24.1403,-59.0068,0.323673,,0.376394
24.1603,-58.2416,1.3353,,0.387904
24.1803,-57.453,2.34489,,0.400284
24.2003,-56.6411,3.33774,,0.411303
24.2203,-55.8066,4.30752,,0.422136
24.2403,-54.9501,5.25608,,0.433533
24.2603,-54.0715,6.19136,,0.44445
24.2803,-53.1717,7.10612,,0.455282
24.3003,-52.2501,7.99952,,0.465582
24.3203,-51.3076,8.86831,,0.476329
24.3403,-50.3446,9.71924,,0.48587
24.3603,-49.3618,10.5524,,0.496639
24.3803,-48.359,11.3613,,0.505379
24.4003,-47.3373,12.1479,,5.16E-01
24.4203,-46.2961,12.9292,,5.24E-01
24.4403,-45.2367,13.7009,,5.35E-01
24.4603,-44.1584,14.4314,,5.43E-01
24.4803,-43.063,15.143,,0.551942
24.5003,-41.9506,15.8435,,0.560301
24.5203,-40.8211,16.5418,,0.568561
24.5403,-39.6758,17.2052,,5.76E-01
24.5603,-38.5159,17.845,,5.85E-01
24.5803,-37.3373,18.494,,5.93E-01
24.6003,-36.1451,19.1133,,5.99E-01
24.6203,-34.9406,19.702,,6.07E-01
24.6403,-33.7191,20.2812,,6.13E-01
24.6603,-32.4849,20.8533,,6.20E-01
24.6803,-31.238,21.4078,,6.26E-01
24.7003,-29.9788,21.9464,,6.33E-01
24.7203,-28.7074,22.4672,,6.38E-01
24.7403,-27.4251,22.9609,,6.44E-01
24.7603,-26.1312,23.4504,,6.49E-01
24.7803,-24.8272,23.9368,,6.54E-01
24.8003,-23.5134,24.3911,,6.59E-01
24.8203,-22.1897,24.8338,,6.64E-01
24.8403,-20.8576,25.2676,,6.68E-01
24.8603,-19.5166,25.6785,,6.72E-01
24.8803,-18.1681,26.0815,,6.76E-01
24.9003,-16.8124,26.4697,,6.80E-01
24.9203,-15.4497,26.847,,6.83E-01
24.9403,-14.0811,27.215,,6.86E-01
24.9603,-12.7069,27.5509,,6.88E-01
24.9803,-11.3277,27.8892,,6.91E-01
25.0003,-9.94341,28.2221,,6.93E-01
25.0203,-8.55555,28.5322,,6.95E-01
25.0403,-7.16425,28.8348,,6.96E-01
25.0603,-5.76997,29.1177,,6.98E-01
25.0803,-4.37359,29.3906,,6.99E-01
25.1003,-2.97528,29.6657,,6.99E-01
25.1203,-1.57587,29.9181,,7.00E-01
25.1403,-0.175808,30.1592,,7.00E-01
25.1603,1.22434,30.404,,7.00E-01
25.1803,2.624,30.6255,,7.00E-01
25.2003,4.02255,30.8257,,0.698999
25.2203,5.41954,31.0314,,0.697975
25.2403,6.81432,31.2338,,0.696802
25.2603,8.20645,31.4222,,0.695377
25.2803,9.59528,31.597,,0.693482
25.3003,10.9803,31.7512,,0.691612
25.3203,12.3608,31.9206,,0.689049
25.3403,13.7365,32.0728,,0.686629
25.3603,15.1066,32.2139,,0.683579
25.3803,16.4707,32.3506,,0.680601
25.4003,17.8282,32.4753,,0.677133
25.4203,19.1786,32.5881,,0.673496
25.4403,20.5215,32.6987,,6.69E-01
25.4603,21.8559,32.8079,,6.65E-01
25.4803,23.1815,32.8995,,6.61E-01
25.5003,24.4982,32.987,,6.56E-01
25.5203,25.8048,33.0639,,0.651077
25.5403,27.1012,33.1352,,0.64549
25.5603,28.3864,33.2001,,0.640083
25.5803,29.6609,33.2576,,0.634437
25.6003,30.9233,33.3185,,0.628035
25.6203,32.1723,33.3609,,0.621792
25.6403,33.4104,33.3867,,0.615512
25.6603,34.6348,33.4268,,0.60973
25.6803,35.844,33.455,,0.60046
25.7003,37.0387,33.4665,,0.594106
25.7203,38.2194,33.4769,,5.87E-01
25.7403,39.3856,33.4927,,0.579584
25.7603,40.5354,33.4853,,0.57077
25.7803,41.669,33.469,,0.562773
25.8003,42.7852,33.4571,,0.554343
25.8203,43.8848,33.4436,,0.545508
25.8403,44.9668,33.4201,,0.537
25.8603,46.0313,33.3785,,0.527674
25.8803,47.0767,33.346,,0.518392
25.9003,48.1036,33.2972,,0.508934
25.9203,49.1123,33.2454,,0.49934
25.9403,50.0989,33.1832,,0.488594
25.9603,51.0672,33.1251,,0.4798
25.9803,52.0151,33.0569,,0.46897
26.0003,52.9417,32.9742,,0.458197
26.0203,53.8473,32.8955,,0.447497
26.0403,54.7309,32.8053,,0.436844
26.0603,55.5934,32.7079,,0.425899
26.0803,56.433,32.5989,,0.414683
26.1003,57.2506,32.484,,0.403302
26.1203,58.0451,32.376,,0.391426
26.1403,58.8159,32.2667,,3.80E-01
26.1603,59.564,32.1312,,0.368006
26.1803,60.2877,31.981,,0.356395
26.2003,60.9871,31.8471,,0.343766
26.2203,61.6628,31.6998,,0.331934
26.2403,62.3131,31.5348,,0.319483
26.2603,62.9394,31.3583,,0.306939
26.2803,63.5398,31.187,,0.294476
26.3003,64.1149,31.0081,,0.281568
26.3203,64.6652,30.8005,,0.269001
26.3403,65.1881,30.5995,,2.55E-01
26.3603,65.6857,30.3963,,2.43E-01
26.3803,66.1565,30.1765,,0.229375
26.4003,66.6014,29.9424,,0.21575
26.4203,67.0199,29.6989,,0.203344
26.4403,67.4116,29.4574,,0.189656
26.4603,67.7762,29.1845,,0.175387
26.4803,68.1138,28.9041,,0.162434
26.5003,68.4238,28.6219,,1.49E-01
26.5203,68.7065,28.3224,,1.34E-01
26.5403,68.961,27.9967,,1.21E-01
26.5603,69.1892,27.6653,,0.10813
26.5803,69.3895,27.3278,,0.0928894
26.6003,69.5611,26.9551,,0.0791972
26.6203,69.7053,26.5583,,0.0657833
26.6403,69.822,26.1634,,0.051782
26.6603,69.9108,25.7468,,0.0376041
26.6803,69.9713,25.2895,,0.023504
26.7003,70.0042,24.8154,,8.93E-03
26.7203,70.0054,24.3298,,-3.34E-03
26.7403,69.9864,23.8144,,-0.0184683
26.7603,69.9338,23.2629,,-0.0324214
26.7803,69.8544,22.6815,,-0.0463392
26.8003,69.7477,22.0791,,-0.0601699
26.8203,69.6121,21.4476,,-0.0739689
26.8403,69.4492,20.777,,-8.83E-02
26.8603,69.2582,20.0706,,-0.102151
26.8803,69.0396,19.3272,,-0.116085
26.9003,68.7939,18.5582,,-0.129009
26.9203,68.5204,17.7496,,-0.143468
26.9403,68.2192,16.9011,,-0.157156
26.9603,67.8905,16.0233,,-0.170701
26.9803,67.5353,15.1122,,-1.84E-01
27.0003,67.1527,14.1727,,-0.197607
27.0203,66.7432,13.1994,,-0.211348
27.0403,6.63E+01,12.1984,,-0.223833
27.0603,65.8463,11.1732,,-0.237494
27.0803,65.3563,10.1285,,-0.250394
27.1003,64.8418,9.07531,,-0.263919
27.1203,64.3013,8.0024,,-0.276297
27.1403,63.7333,6.92228,,-0.290079
27.1603,63.1409,5.8405,,-0.302204
27.1803,62.5241,4.75626,,-0.313926
27.2003,61.8818,3.66613,,-0.327822
27.2203,61.2137,2.5819,,-0.339586
27.2403,60.5219,1.51324,,-0.351412
27.2603,59.8081,0.459447,,-0.363338
27.2803,59.066,-0.594232,,-0.376243
27.3003,58.3033,-1.63092,,-0.386721
27.3203,57.5161,-2.6448,,-0.399116
27.3403,56.7065,-3.63026,,-0.4107
27.3603,55.8742,-4.60163,,-0.420186
27.3803,55.0198,-5.5626,,-0.433784
27.4003,54.1436,-6.493,,-0.442488
27.4203,53.2447,-7.41555,,-0.455383
27.4403,52.3235,-8.31204,,-0.465032
27.4603,51.383,-9.19161,,-0.475199
27.4803,50.422,-10.0565,,-0.485005
27.5003,49.441,-10.881,,-0.495732
27.5203,48.4397,-11.6984,,-0.504775
27.5403,47.4196,-12.5041,,-5.15E-01
27.5603,46.3793,-13.2775,,-5.24E-01
27.5803,45.3211,-14.0399,,-5.33E-01
27.6003,44.2448,-14.7857,,-5.42E-01
27.6203,43.1519,-15.5179,,-5.50E-01
27.6403,42.0401,-16.2233,,-0.559773
27.6603,40.9126,-16.9033,,-0.56813
27.6803,39.768,-17.5788,,-5.76E-01
27.7003,38.608,-18.2385,,-5.84E-01
27.7203,37.4319,-18.8777,,-5.92E-01
27.7403,36.2409,-19.4957,,-5.99E-01
27.7603,35.0345,-20.1038,,-6.06E-01
27.7803,33.8166,-20.6914,,-6.13E-01
27.8003,32.5839,-21.2576,,-6.19E-01
27.8203,31.3385,-21.8154,,-6.26E-01
27.8403,30.0794,-22.3559,,-6.32E-01
27.8603,28.8094,-22.8823,,-6.38E-01
27.8803,27.5278,-23.3888,,-6.43E-01
27.9003,26.235,-23.8802,,-6.49E-01
27.9203,24.932,-24.3549,,-6.54E-01
27.9403,23.618,-24.8235,,-6.59E-01
27.9603,22.2952,-25.2605,,-6.64E-01
27.9803,20.9637,-25.7017,,-6.68E-01
28.0003,19.6236,-26.1338,,-6.72E-01
28.0203,18.276,-26.5267,,-6.76E-01
28.0403,16.9205,-26.9084,,-6.79E-01
28.0603,15.5584,-27.3002,,-6.83E-01
28.0803,14.1903,-27.6716,,-6.86E-01
28.1003,12.8165,-28.0151,,-6.88E-01
28.1203,11.4374,-28.3487,,-6.91E-01
28.1403,10.0538,-28.6719,,-6.93E-01
28.1603,8.66627,-28.9965,,-6.95E-01
28.1803,7.27513,-29.2941,,-6.96E-01
28.2003,5.88116,-29.5829,,-6.98E-01
28.2203,4.48483,-29.8647,,-6.99E-01
28.2403,3.08675,-30.1381,,-6.99E-01
28.2603,1.68732,-30.3823,,-7.00E-01
28.2803,0.28727,-30.6281,,-7.00E-01
28.3003,-1.11285,-30.8745,,-7.00E-01
28.3203,-2.51256,-31.103,,-7.00E-01
28.3403,-3.91129,-31.3145,,-0.698991
28.3603,-5.30838,-31.5029,,-0.698173
28.3803,-6.70343,-31.7143,,-0.696865
28.4003,-8.0957,-31.9078,,-0.69546
28.4203,-9.48488,-32.0801,,-0.693697
28.4403,-10.8702,-32.2442,,-0.691602
28.4603,-12.251,-32.4071,,-0.689353
28.4803,-13.6272,-32.5552,,-0.686872
28.5003,-14.9978,-32.7042,,-0.683826
28.5203,-16.3622,-32.8362,,-0.680815
28.5403,-17.7206,-32.9656,,-0.67747
28.5603,-19.0715,-33.0917,,-0.673733
28.5803,-20.4148,-33.193,,-6.70E-01
28.6003,-21.75,-33.2873,,-6.66E-01
28.6203,-23.0763,-33.3945,,-6.61E-01
28.6403,-24.3937,-33.4799,,-6.56E-01
28.6603,-25.7008,-33.5663,,-0.651164
28.6803,-26.9979,-33.6365,,-0.646221
28.7003,-28.2847,-33.695,,-0.640676
28.7203,-29.5599,-33.7581,,-0.634767
28.7403,-30.8227,-33.8134,,-0.628331
28.7603,-32.0741,-33.8566,,-0.622782
28.7803,-33.312,-33.8992,,-0.615932
28.8003,-34.5372,-33.9308,,-0.609525
28.8203,-35.7486,-33.9489,,-0.601895
28.8403,-36.9443,-33.9692,,-0.594805
28.8603,-38.1262,-33.9931,,-5.87E-01
28.8803,-39.2931,-33.9937,,-0.579793
28.9003,-40.4446,-33.9877,,-0.571496
28.9203,-41.5798,-33.9855,,-0.564085
28.9403,-42.6975,-33.975,,-0.554673
28.9603,-43.7983,-33.9435,,-0.54733
28.9803,-44.8824,-33.9195,,-0.536148
29.0003,-45.9471,-33.8939,,-0.528786
29.0203,-46.9947,-33.8554,,-0.519234
29.0403,-48.0227,-33.8124,,-0.509623
29.0603,-49.0331,-33.7523,,-0.500488
29.0803,-50.0217,-33.6946,,-0.489506
29.1003,-50.9917,-33.6223,,-0.480565
29.1203,-51.9404,-33.5634,,-0.469136
29.1403,-52.8694,-33.4903,,-0.459568
29.1603,-53.7755,-33.4031,,-0.448081
29.1803,-54.6621,-33.3102,,-0.437787
29.2003,-55.5254,-33.2234,,-0.427154
29.2203,-56.3675,-33.1185,,-0.414809
29.2403,-57.186,-32.9993,,-0.404314
29.2603,-57.9821,-32.8897,,-0.392498
29.2803,-58.7557,-32.7627,,-3.81E-01
29.3003,-59.5049,-32.6318,,-0.369363
29.3203,-60.2314,-32.4908,,-0.357459
29.3403,-60.9337,-32.353,,-0.345355
29.3603,-61.6099,-32.2108,,-0.332172
29.3803,-62.2622,-32.0444,,-0.320112
29.4003,-62.8894,-31.8739,,-0.307768
29.4203,-63.4928,-31.6963,,-0.296278
29.4403,-64.0711,-31.5196,,-0.282617
29.4603,-64.6222,-31.3267,,-0.269078
29.4803,-65.1471,-31.118,,-2.56E-01
29.5003,-65.6467,-30.9094,,-2.44E-01
29.5203,-66.1202,-30.6815,,-0.230329
29.5403,-66.5675,-30.4523,,-0.217166
29.5603,-66.9892,-30.2074,,-0.204493
29.5803,-67.3812,-29.9545,,-0.18978
29.6003,-67.7477,-29.6986,,-0.176832
29.6203,-68.0884,-29.4249,,-0.163586
29.6403,-68.399,-29.1363,,-1.49E-01
29.6603,-68.6839,-28.8289,,-1.36E-01
29.6803,-68.9415,-28.5175,,-1.22E-01
29.7003,-69.1717,-28.1823,,-0.108633
29.7203,-69.3743,-27.8329,,-0.0942287
29.7403,-69.5482,-27.465,,-0.0805766
29.7603,-69.6954,-27.0726,,-0.0670254
29.7803,-69.8138,-26.6749,,-0.0521609
29.8003,-69.9045,-26.25,,-0.0390825
29.8203,-69.9676,-25.8029,,-0.0246481
29.8403,-70.0015,-25.3285,,-8.49E-03
29.8603,-70.0059,-24.8396,,1.08E-03
29.8803,-69.9882,-24.3256,,0.0161178
29.9003,-69.9401,-23.7755,,0.0316155
29.9203,-69.8616,-23.1927,,0.0454845
29.9403,-69.7568,-22.5945,,0.0587279
29.9603,-69.6245,-21.9627,,0.0737527
29.9803,-69.4627,-21.2866,,8.71E-02
30.0003,-69.274,-20.5847,,0.100499
30.0203,-69.059,-19.8497,,0.114854
30.0403,-68.8149,-19.0744,,0.127629
30.0603,-68.543,-18.2646,,0.142952
30.0803,-68.244,-17.4107,,0.155888
30.1003,-67.9178,-16.5406,,0.169754
30.1203,-67.5646,-15.6233,,1.83E-01
30.1403,-67.1842,-14.6713,,0.196436
30.1603,-66.7771,-13.6986,,0.209909
30.1803,-66.3431,-12.7085,,0.22365
30.2003,-65.8835,-11.6899,,0.236029
30.2203,-65.3962,-10.638,,0.249766
30.2403,-64.8836,-9.57148,,0.262605
30.2603,-64.3439,-8.49556,,0.275912
30.2803,-63.7792,-7.41216,,0.288258
30.3003,-63.1903,-6.32114,,0.300974
30.3203,-62.574,-5.22459,,0.313534
30.3403,-61.934,-4.13217,,0.3262
30.3603,-61.2685,-3.048,,0.338119
30.3803,-60.5785,-1.96876,,0.351343
30.4003,-59.8646,-0.896008,,0.362575
30.4203,-59.1265,0.154802,,0.374474
30.4403,-58.3645,1.17687,,0.386858
30.4603,-57.5791,2.19652,,0.397952
30.4803,-56.7717,3.20847,,0.409056
30.5003,-55.9417,4.18526,,0.419975
30.5203,-55.0883,5.14694,,0.432322
30.5403,-54.2141,6.10013,,0.442174
30.5603,-53.3167,7.01973,,0.454202
30.5803,-52.398,7.92758,,0.464047
30.6003,-51.459,8.81651,,0.474646
30.6203,-50.4992,9.67726,,0.484244
30.6403,-49.5199,10.5182,,0.49485
30.6603,-48.5201,11.3379,,0.504377
30.6803,-47.5004,12.153,,5.14E-01
30.7003,-46.4625,12.9471,,5.24E-01
30.7203,-45.4064,13.7089,,5.32E-01
30.7403,-44.3314,14.4638,,5.42E-01
30.7603,-43.2386,15.1958,,5.50E-01
30.7803,-42.1292,15.908,,0.559233
30.8003,-41.0018,16.6029,,0.567417
30.8203,-39.8588,17.2846,,5.75E-01
30.8403,-38.7005,17.9469,,5.83E-01
30.8603,-37.5259,18.597,,5.91E-01
30.8803,-36.336,19.2277,,5.98E-01
30.9003,-35.1319,19.8286,,6.06E-01
30.9203,-33.9138,20.4256,,6.12E-01
30.9403,-32.6827,21.0002,,6.19E-01
30.9603,-31.4375,21.5593,,6.25E-01
30.9803,-30.1801,22.1114,,6.31E-01
31.0003,-28.9112,22.6489,,6.37E-01
31.0203,-27.6304,23.1456,,6.43E-01
31.0403,-26.3379,23.648,,6.49E-01
31.0603,-25.0356,24.1412,,6.54E-01
31.0803,-23.7232,24.5999,,6.59E-01
31.1003,-22.401,25.0518,,6.63E-01
31.1203,-21.07,25.4933,,6.68E-01
31.1403,-19.7307,25.9144,,6.72E-01
31.1603,-18.3834,26.3213,,6.75E-01
31.1803,-17.0286,26.716,,6.79E-01
31.2003,-15.6674,27.1034,,6.82E-01
31.2203,-14.2994,27.4742,,6.85E-01
31.2403,-12.926,27.8164,,6.88E-01
31.2603,-11.5472,28.1574,,6.91E-01
31.2803,-10.1642,28.4958,,6.92E-01
31.3003,-8.77689,28.8106,,6.95E-01
31.3203,-7.38599,29.1129,,6.96E-01
31.3403,-5.99221,29.4069,,6.98E-01
31.3603,-4.59603,29.683,,6.99E-01
31.3803,-3.19799,29.9543,,6.99E-01
31.4003,-1.79875,30.2099,,7.00E-01
31.4203,-0.398774,30.4594,,7.00E-01
31.4403,1.00141,30.7063,,7.00E-01
31.4603,2.40115,30.9298,,7.00E-01
31.4803,3.79998,31.1343,,0.699105
31.5003,5.19729,31.3431,,0.698225
31.5203,6.59259,31.549,,0.696992
31.5403,7.98508,31.7324,,0.695536
31.5603,9.3744,31.9174,,0.69382
31.5803,10.7599,32.0748,,0.691778
31.6003,12.1414,32.2341,,0.689551
31.6203,13.5177,32.394,,0.687039
31.6403,14.8889,32.5303,,0.684184
31.6603,16.2539,32.6724,,0.681065
31.6803,17.6124,32.7955,,0.677604
31.7003,18.9641,32.9112,,0.674077
31.7203,20.3082,33.0252,,6.70E-01
31.7403,21.6439,33.1255,,6.66E-01
31.7603,22.9712,33.2233,,6.61E-01
31.7803,24.289,33.3202,,6.57E-01
31.8003,25.5974,33.389,,0.652043
31.8203,26.8955,33.4541,,0.646298
31.8403,28.1826,33.5305,,0.640949
31.8603,29.4584,33.5952,,0.63507
31.8803,30.7229,33.6355,,0.629253
31.9003,3.20E+01,33.6824,,0.623163
31.9203,33.2145,33.726,,0.616827
31.9403,34.4391,33.7595,,0.608613
31.9603,35.6518,33.779,,0.603699
31.9803,36.8496,33.7909,,0.595356
32.0003,38.0326,33.8058,,5.88E-01
32.0203,39.2008,33.8255,,0.580566
32.0403,40.3535,33.8134,,0.572401
32.0603,41.4898,33.7981,,0.563987
32.0803,42.6083,33.7933,,0.555888
32.1003,43.7115,33.7774,,0.547102
32.1203,44.7961,33.7445,,0.537947
32.1403,45.8627,33.7121,,0.52903
32.1603,46.911,33.6741,,0.52007
32.1803,47.9411,33.6318,,0.510628
32.2003,48.9523,33.5723,,0.500925
32.2203,49.9439,33.5154,,0.490789
32.2403,50.9145,33.4545,,0.480548
32.2603,51.8657,33.3868,,0.470614
32.2803,52.7957,33.3063,,0.46024
32.3003,53.7045,33.2263,,0.449309
32.3203,54.5927,33.1372,,0.43895
32.3403,55.4578,33.0387,,0.427219
32.3603,56.3018,32.9337,,0.41657
32.3803,57.1219,32.8174,,0.404855
32.4003,57.9206,32.707,,0.393592
32.4203,58.6949,32.5922,,0.381724
32.4403,59.4468,32.4628,,0.370258
32.4603,60.1743,32.3206,,0.358453
32.4803,60.8775,32.1775,,0.345264
32.5003,61.5564,32.0271,,0.333931
32.5203,62.2112,31.87,,0.321567
32.5403,62.8411,31.7013,,0.309085
32.5603,63.4459,31.5196,,0.296489
32.5803,64.0254,31.3323,,0.283324
32.6003,64.5787,31.1404,,0.270811
32.6203,65.1065,30.9393,,0.257787
32.6403,65.6089,30.7286,,2.45E-01
32.6603,66.0838,30.5044,,0.231027
32.6803,66.5325,30.2831,,0.218259
32.7003,66.9558,30.0445,,0.205104
32.7203,67.3512,29.7853,,0.191938
32.7403,67.7206,29.5176,,0.177383
32.7603,68.0614,29.2447,,0.16425
32.7803,68.3755,28.9619,,1.51E-01
32.8003,68.6629,28.6548,,1.37E-01
32.8203,68.9219,28.3326,,1.23E-01
32.8403,69.1546,28.0096,,0.109713
32.8603,69.3591,27.6658,,0.0954279
32.8803,69.5355,27.2925,,0.0817719
32.9003,69.6846,26.9046,,0.0678931
32.9203,69.8054,26.5064,,0.0541885
32.9403,69.8985,26.084,,0.0398102
32.9603,69.9636,25.634,,0.0248904
32.9803,69.9992,25.1634,,0.0108589
33.0003,70.005,24.6718,,-1.15E-03
33.0203,69.9909,24.156,,-0.0159002
33.0403,69.943,23.6045,,-0.0301542
33.0603,69.8684,23.0356,,-0.0434684
33.0803,69.7658,22.4282,,-0.0581391
33.1003,69.6352,21.787,,-0.0720276
33.1203,69.4764,21.1219,,-8.59E-02
33.1403,69.2906,20.4228,,-0.0996026
33.1603,69.076,19.6763,,-0.113847
33.1803,68.8349,18.8901,,-0.127108
33.2003,68.5652,18.0905,,-0.141464
33.2203,68.2694,17.2514,,-0.15456
33.2403,67.9449,16.3651,,-0.168246
33.2603,67.5942,15.4412,,-1.82E-01
33.2803,67.2154,14.4998,,-0.195467
33.3003,66.8107,13.5333,,-0.20836
33.3203,66.3795,12.5231,,-0.222613
33.3403,65.9203,11.4893,,-0.235697
33.3603,65.436,10.4346,,-0.248488
33.3803,64.9251,9.37767,,-0.261463
33.4003,64.3881,8.29926,,-0.274727
33.4203,63.8254,7.20848,,-0.287192
33.4403,63.2369,6.11418,,-0.300558
33.4603,62.6234,5.0191,,-0.312096
33.4803,61.9855,3.92347,,-0.325429
33.5003,61.322,2.82316,,-0.337635
33.5203,60.634,1.7391,,-0.349479
33.5403,59.922,0.677229,,-0.361963
33.5603,59.1862,-0.386487,,-0.37373
33.5803,58.426,-1.43856,,-0.38549
33.6003,57.642,-2.4644,,-0.397496
33.6203,56.8367,-3.46566,,-0.407982
33.6403,56.008,-4.45317,,-0.419966
33.6603,55.1571,-5.42448,,-0.430323
33.6803,54.2834,-6.37091,,-0.442436
33.7003,53.3886,-7.30745,,-0.452274
33.7203,52.4716,-8.21702,,-0.463281
33.7403,51.5348,-9.11134,,-0.473832
33.7603,50.5765,-9.981,,-0.48353
33.7803,49.5984,-10.8343,,-0.493949
33.8003,48.6007,-11.6639,,-0.503596
33.8203,47.5824,-12.4698,,-5.14E-01
33.8403,46.5464,-13.2666,,-5.22E-01
33.8603,45.4911,-14.0485,,-5.32E-01
33.8803,44.4174,-14.8036,,-5.41E-01
33.9003,43.3263,-15.5434,,-5.50E-01
33.9203,42.2184,-16.2577,,-0.557823
33.9403,41.0927,-16.9694,,-0.566826
33.9603,39.9506,-17.6492,,-5.75E-01
33.9803,38.7942,-18.314,,-5.82E-01
34.0003,37.6199,-18.9687,,-5.90E-01
34.0203,36.4315,-19.6061,,-5.98E-01
34.0403,35.2309,-20.224,,-6.04E-01
34.0603,34.0123,-20.8136,,-6.13E-01
34.0803,32.7807,-21.3949,,-6.19E-01
34.1003,31.5374,-21.9693,,-6.25E-01
34.1203,30.2804,-22.5186,,-6.32E-01
34.1403,29.0124,-23.0465,,-6.36E-01
34.1603,27.7324,-23.5699,,-6.43E-01
34.1803,26.4416,-24.0779,,-6.48E-01
34.2003,25.1398,-24.5553,,-6.54E-01
34.2203,23.8279,-25.0187,,-6.58E-01
34.2403,22.5066,-25.4865,,-6.63E-01
34.2603,21.1767,-25.936,,-6.67E-01
34.2803,19.8377,-26.3569,,-6.72E-01
34.3003,18.4908,-26.7619,,-6.75E-01
34.3203,17.1369,-27.1626,,-6.79E-01
34.3403,15.7758,-27.5583,,-6.82E-01
34.3603,14.4086,-27.9233,,-6.85E-01
34.3803,13.0356,-28.2759,,-6.88E-01
34.4003,11.6574,-28.6326,,-6.90E-01
34.4203,10.2744,-28.9543,,-6.93E-01
34.4403,8.88738,-29.2686,,-6.94E-01
34.4603,7.49691,-29.585,,-6.96E-01
34.4803,6.10327,-29.8839,,-6.97E-01
34.5003,4.70729,-30.1567,,-6.98E-01
34.5203,3.30942,-30.4319,,-6.99E-01
34.5403,1.91021,-30.6918,,-7.00E-01
34.5603,0.510272,-30.9395,,-7.00E-01
34.5803,-0.889897,-31.1848,,-7.00E-01
34.6003,-2.28974,-31.4089,,-7.00E-01
34.6203,-3.68868,-31.6327,,-6.99E-01
34.6403,-5.08605,-31.8284,,-0.698295
34.6603,-6.48155,-32.027,,-0.697133
34.6803,-7.87432,-32.2286,,-0.695644
34.7003,-9.26385,-32.4024,,-0.694036
34.7203,-10.6499,-32.5729,,-0.692069
34.7403,-12.0316,-32.737,,-0.689633
34.7603,-13.4085,-32.879,,-0.687282
34.7803,-14.7799,-33.0277,,-0.684321
34.8003,-16.1456,-33.1719,,-0.681367
34.8203,-17.5047,-33.2957,,-0.677977
34.8403,-18.8568,-33.4137,,-0.674193
34.8603,-20.2013,-33.5294,,-6.70E-01
34.8803,-21.5379,-33.627,,-6.66E-01
34.9003,-22.8659,-33.726,,-6.62E-01
34.9203,-24.1845,-33.806,,-6.57E-01
34.9403,-25.4939,-33.9024,,-0.652578
34.9603,-26.7927,-33.9733,,-0.646847
34.9803,-28.0807,-34.0303,,-0.641573
35.0003,-29.358,-34.0872,,-0.635377
35.0203,-30.6226,-34.1537,,-0.629664
35.0403,-31.8755,-34.1966,,-0.623273
35.0603,-33.1157,-34.2313,,-0.617277
35.0803,-34.3421,-34.2657,,-0.610027
35.1003,-35.5554,-34.292,,-0.603242
35.1203,-36.7551,-34.3008,,-0.596415
35.1403,-37.9398,-34.32,,-5.88E-01
35.1603,-39.1086,-34.3357,,-5.81E-01
35.1803,-40.2623,-34.3297,,-0.572742
35.2003,-41.399,-34.3183,,-0.564203
35.2203,-42.5198,-34.301,,-5.57E-01
35.2403,-43.6239,-34.2842,,-0.547939
35.2603,-44.7103,-34.2605,,-0.538918
35.2803,-45.7791,-34.2323,,-0.529644
35.3003,-46.8282,-34.1887,,-0.520674
35.3203,-47.8604,-34.1431,,-0.51155
35.3403,-48.873,-34.0906,,-0.501559
35.3603,-49.8653,-34.0382,,-0.491331
35.3803,-50.8374,-33.9625,,-0.481366
35.4003,-51.7902,-33.8882,,-0.471607
35.4203,-52.7222,-33.8281,,-0.461671
35.4403,-53.6329,-33.7475,,-0.449238
35.4603,-5.45E+01,-33.6458,,-0.439293
35.4803,-55.3892,-33.5545,,-0.428864
35.5003,-56.2345,-33.4595,,-0.417674
35.5203,-57.0575,-33.346,,-0.405551
35.5403,-57.8585,-33.2238,,-0.39531
35.5603,-58.634,-33.0954,,-0.381906
35.5803,-59.3874,-32.9734,,-0.371095
35.6003,-60.1173,-32.834,,-0.359311
35.6203,-60.822,-32.6886,,-0.346772
35.6403,-61.5043,-32.543,,-0.336331
35.6603,-62.1615,-32.3907,,-0.321226
35.6803,-62.7924,-32.2203,,-0.310046
35.7003,-63.3992,-32.0377,,-0.29747
35.7203,-63.9804,-31.85,,-0.284066
35.7403,-6.45E+01,-31.6702,,-0.271692
35.7603,-65.0652,-31.4705,,-0.258574
35.7803,-65.5691,-31.2459,,-2.46E-01
35.8003,-66.0471,-31.0223,,-0.23258
35.8203,-66.4982,-30.801,,-0.218633
35.8403,-66.9221,-30.5511,,-0.206336
35.8603,-67.3205,-30.2936,,-0.192257
35.8803,-67.6909,-30.0419,,-0.179077
35.9003,-68.0347,-29.7711,,-0.165532
35.9203,-68.3513,-29.4771,,-1.52E-01
35.9403,-68.6404,-29.173,,-1.38E-01
35.9603,-68.9023,-28.8653,,-1.25E-01
35.9803,-69.1371,-28.5353,,-0.110749
36.0003,-69.3439,-28.1738,,-0.0965618
36.0203,-69.5222,-27.8073,,-0.0828478
36.0403,-69.6733,-27.43,,-0.0686324
36.0603,-69.7965,-27.0228,,-0.0552515
36.0803,-69.8925,-26.5956,,-0.0411233
36.1003,-69.9586,-26.1521,,-0.0263596
36.1203,-69.9971,-25.6841,,-0.0124188
36.1403,-70.0073,-25.1964,,6.79E-04
36.1603,-69.9922,-24.6717,,0.0147196
36.1803,-69.9485,-24.1246,,0.0288619
36.2003,-69.8756,-23.5552,,0.0421399
36.2203,-69.7755,-22.9483,,0.0572005
36.2403,-69.6467,-22.3106,,0.0709875
36.2603,-69.4905,-21.6398,,8.46E-02
36.2803,-69.3063,-20.9438,,0.0988751
36.3003,-69.0949,-20.2055,,0.112438
36.3203,-68.8546,-19.4243,,0.126205
36.3403,-68.5882,-18.6144,,0.140124
36.3603,-68.2933,-17.7624,,0.153602
36.3803,-67.9716,-16.8853,,0.167689
36.4003,-67.6225,-15.971,,1.81E-01
36.4203,-67.2464,-15.0108,,0.194846
36.4403,-66.8434,-14.0369,,0.207353
36.4603,-66.4137,-13.0344,,0.22151
36.4803,-65.9581,-12.0148,,0.233963
36.5003,-65.4751,-10.9578,,0.247721
36.5203,-64.9669,-9.88608,,0.260526
36.5403,-64.4313,-8.80375,,0.273807
36.5603,-63.8707,-7.70453,,0.286166
36.5803,-63.2848,-6.60161,,0.298989
36.6003,-62.6734,-5.4998,,0.312086
36.6203,-62.0366,-4.39578,,0.323889
36.6403,-61.3763,-3.2949,,0.335992
36.6603,-60.6902,-2.20518,,0.349222
36.6803,-59.9801,-1.12636,,0.360629
36.7003,-59.2453,-0.0604741,,0.37318
36.7203,-58.4883,0.981917,,0.38428
36.7403,-57.7054,2.01553,,0.396465
36.7603,-56.9022,3.03117,,0.407219
36.7803,-56.0752,4.02613,,0.418822
36.8003,-55.2255,5.0063,,0.430041
36.8203,-54.3543,5.97231,,0.440772
36.8403,-53.4607,6.90328,,0.452005
36.8603,-52.5462,7.82421,,0.461824
36.8803,-51.61,8.73023,,0.473589
36.9003,-50.6534,9.61183,,0.482909
36.9203,-49.6771,10.4609,,0.493045
36.9403,-48.6808,11.2938,,0.502114
36.9603,-47.6653,12.12,,5.13E-01
36.9803,-46.6292,12.928,,5.23E-01
37.0003,-45.5756,13.7105,,5.31E-01
37.0203,-44.5039,14.4792,,5.40E-01
37.0403,-43.4136,15.2251,,5.49E-01
37.0603,-42.3071,15.9474,,0.557305
37.0803,-41.1832,16.6576,,0.566304
37.1003,-40.0423,17.3566,,5.74E-01
37.1203,-38.8867,18.0297,,5.82E-01
37.1403,-37.7137,18.6865,,5.90E-01
37.1603,-36.5266,19.3355,,5.97E-01
37.1803,-35.3253,19.9558,,6.04E-01
37.2003,-34.1091,20.556,,6.11E-01
37.2203,-32.8793,21.143,,6.18E-01
37.2403,-31.6373,21.7185,,6.25E-01
37.2603,-30.3817,22.28,,6.31E-01
37.2803,-29.1139,22.822,,6.37E-01
37.3003,-27.8351,23.3368,,6.42E-01
37.3203,-26.5449,23.8421,,6.48E-01
37.3403,-25.2436,24.3435,,6.53E-01
37.3603,-23.9327,24.8214,,6.58E-01
37.3803,-22.6121,25.279,,6.62E-01
37.4003,-21.2829,25.7251,,6.67E-01
37.4203,-19.9445,26.1562,,6.71E-01
37.4403,-18.5984,26.5756,,6.75E-01
37.4603,-17.2448,26.9747,,6.79E-01
37.4803,-15.8845,27.3636,,6.82E-01
37.5003,-14.5177,27.7441,,6.85E-01
37.5203,-13.145,28.1052,,6.88E-01
37.5403,-11.7673,28.44,,6.90E-01
37.5603,-10.3847,28.7797,,6.92E-01
37.5803,-8.99798,29.1061,,6.94E-01
37.6003,-7.60778,29.4138,,6.96E-01
37.6203,-6.2144,29.716,,6.97E-01
37.6403,-4.81861,29.9933,,6.98E-01
37.6603,-3.42085,30.2658,,6.99E-01
37.6803,-2.02173,30.5343,,7.00E-01
37.7003,-0.621826,30.7781,,7.00E-01
37.7203,0.778408,31.0295,,7.00E-01
37.7403,2.17827,31.2537,,7.00E-01
37.7603,3.57722,31.4682,,6.99E-01
37.7803,4.97476,31.6761,,0.698358
37.8003,6.37033,31.8786,,0.697116
37.8203,7.76339,32.0769,,0.695935
37.8403,9.15333,32.2531,,0.69413
37.8603,10.5395,32.4148,,0.6921
37.8803,11.9217,32.5804,,0.690009
37.9003,13.2987,32.7436,,0.687414
37.9203,14.6709,32.8749,,0.684629
37.9403,16.0371,33.0224,,0.681506
37.9603,17.3965,33.1542,,0.678191
37.9803,18.7493,33.2602,,0.67474
38.0003,20.0947,33.37,,6.71E-01
38.0203,21.4319,33.4819,,6.67E-01
38.0403,22.7603,33.5834,,6.62E-01
38.0603,24.0799,33.6693,,6.58E-01
38.0803,25.3896,33.7366,,0.652235
38.1003,26.6894,33.816,,0.64775
38.1203,27.9787,33.8907,,0.642108
38.1403,29.2567,33.9452,,0.635753
38.1603,30.5226,33.9896,,0.630709
38.1803,31.7767,34.0474,,0.623645
38.2003,33.0173,34.0875,,0.617445
38.2203,34.2454,34.1094,,0.610586
38.2403,35.4596,34.1345,,0.603775
38.2603,36.6594,34.1602,,0.596487
38.2803,37.8453,34.1725,,5.90E-01
38.3003,39.0158,34.178,,5.81E-01
38.3203,40.171,34.1711,,0.573636
38.3403,41.3095,34.1643,,0.565555
38.3603,42.4316,34.1557,,5.57E-01
38.3803,43.537,34.1312,,0.548368
38.4003,44.6255,34.1069,,0.539545
38.4203,45.6947,34.0721,,0.530516
38.4403,46.7457,34.0374,,0.521368
38.4603,47.7786,33.9889,,0.511704
38.4803,48.7924,33.9294,,0.502337
38.5003,49.787,33.8817,,0.493046
38.5203,50.7621,33.8168,,0.482432
38.5403,51.7156,33.7413,,0.471697
38.5603,5.26E+01,33.6679,,0.462722
38.5803,53.5621,33.5965,,0.450158
38.6003,54.4519,33.5003,,4.40E-01
38.6203,55.3211,33.3901,,0.429629
38.6403,56.1681,33.2979,,0.417926
38.6603,56.9922,33.1922,,0.406955
38.6803,57.7947,33.0685,,0.395693
38.7003,58.5728,32.9445,,0.38358
38.7203,59.3278,32.8312,,0.371949
38.7403,60.0595,32.6929,,0.36011
38.7603,60.7669,32.5336,,0.348024
38.7803,61.4504,32.382,,0.335534
38.8003,62.1089,32.2351,,0.323399
38.8203,62.7436,32.0716,,0.311793
38.8403,63.351,31.8834,,0.297499
38.8603,63.9343,31.6897,,0.285879
38.8803,64.4925,31.5086,,0.272817
38.9003,65.0246,31.3097,,0.259905
38.9203,65.5299,31.0903,,2.47E-01
38.9403,66.0098,30.8693,,0.233979
38.9603,66.4648,30.6508,,0.219658
38.9803,66.889,30.4095,,0.20702
39.0003,67.2895,30.1494,,0.193636
39.0203,67.663,29.8863,,0.180382
39.0403,68.0091,29.6158,,0.166815
39.0603,68.3277,29.3257,,1.52E-01
39.0803,68.619,29.022,,1.39E-01
39.1003,68.883,28.7045,,1.25E-01
39.1203,69.1194,28.3785,,1.11E-01
39.1403,69.328,28.0315,,0.0982208
39.1603,69.5089,27.6626,,0.0834261
39.1803,69.6626,27.2729,,0.070599
39.2003,69.7879,26.8748,,0.0559613
39.2203,69.8856,26.4524,,0.0420899
39.2403,69.9548,26.0062,,0.0280836
39.2603,69.9959,25.5357,,0.0126177
39.2803,70.0055,25.0482,,5.79E-04
39.3003,69.9963,24.5277,,-0.0128149
39.3203,69.954,23.9753,,-0.0277322
39.3403,69.8823,23.4056,,-0.0423546
39.3603,69.7841,22.8065,,-0.0558806
39.3803,69.6576,22.1673,,-0.0693461
39.4003,69.5045,21.4929,,-0.0836292
39.4203,69.3221,20.7909,,-0.0979012
39.4403,69.1117,20.0515,,-0.111134
39.4603,68.8749,19.2689,,-0.12531
39.4803,68.6105,18.4602,,-0.13882
39.5003,68.3182,17.6152,,-0.152375
39.5203,67.9989,16.7319,,-0.166259
39.5403,67.6516,15.8146,,-1.80E-01
39.5603,67.2779,14.8615,,-0.193286
39.5803,66.8768,13.8822,,-0.207033
39.6003,66.4492,12.872,,-0.220068
39.6203,65.9951,11.8349,,-0.233119
39.6403,65.5145,10.7708,,-0.246859
39.6603,65.0074,9.70141,,-0.25949
39.6803,64.4745,8.6229,,-0.272578
39.7003,63.9165,7.51507,,-0.285074
39.7203,63.3328,6.41151,,-0.297672
39.7403,62.723,5.3066,,-0.311666
39.7603,62.0882,4.20722,,-0.322533
39.7803,61.4297,3.08864,,-0.335387
39.8003,60.7456,1.98743,,-0.34767
39.8203,60.0374,0.919,,-0.360314
39.8403,59.3046,-0.155125,,-0.371866
39.8603,58.5485,-1.22192,,-0.383695
39.8803,57.7695,-2.2683,,-0.394465
39.9003,56.9688,-3.28402,,-0.406833
39.9203,56.1412,-4.28073,,-0.418378
39.9403,55.2943,-5.26596,,-0.428934
39.9603,54.4241,-6.22952,,-0.439725
39.9803,53.5326,-7.18119,,-0.451478
40.0003,52.6192,-8.10911,,-0.460932
40.0203,51.6862,-9.00776,,-0.472443
40.0403,50.7307,-9.90069,,-0.48213
40.0603,49.7557,-10.7736,,-0.492479
40.0803,48.7606,-11.6079,,-0.501789
40.1003,47.7464,-12.4297,,-5.12E-01
40.1203,46.7124,-13.254,,-5.21E-01
40.1403,45.66,-14.0393,,-5.31E-01
40.1603,44.59,-14.8019,,-5.40E-01
40.1803,43.5014,-15.5624,,-5.48E-01
40.2003,42.3958,-16.3109,,-0.556969
40.2203,41.2728,-17.017,,-0.565655
40.2403,40.1336,-17.697,,-5.73E-01
40.2603,38.9796,-18.3963,,-5.81E-01
40.2803,37.8076,-19.0715,,-5.90E-01
40.3003,36.6217,-19.6991,,-5.96E-01
40.3203,35.4201,-20.3305,,-6.05E-01
40.3403,34.2058,-20.9542,,-6.10E-01
40.3603,32.9776,-21.5477,,-6.16E-01
40.3803,31.737,-22.1135,,-6.24E-01
40.4003,30.482,-22.6772,,-6.30E-01
40.4203,29.2159,-23.2343,,-6.36E-01
40.4403,27.9371,-23.7618,,-6.42E-01
40.4603,26.6477,-24.2658,,-6.47E-01
40.4803,25.3477,-24.7609,,-6.53E-01
40.5003,24.0374,-25.2435,,-6.57E-01
40.5203,22.7179,-25.721,,-6.62E-01
40.5403,21.3889,-26.1607,,-6.66E-01
40.5603,20.0512,-26.6007,,-6.71E-01
40.5803,18.7058,-27.0252,,-6.74E-01
40.6003,17.3529,-27.4312,,-6.78E-01
40.6203,15.9931,-27.8193,,-6.82E-01
40.6403,14.6267,-28.1911,,-6.85E-01
40.6603,13.2546,-28.5648,,-6.87E-01
40.6803,11.8771,-28.9287,,-6.90E-01
40.7003,10.4951,-29.2456,,-6.92E-01
40.7203,9.10862,-29.5639,,-6.94E-01
40.7403,7.71867,-29.8899,,-6.96E-01
40.7603,6.32548,-30.2008,,-6.97E-01
40.7803,4.92981,-30.4767,,-6.98E-01
40.8003,3.5322,-30.7435,,-6.99E-01
40.8203,2.13317,-31.0123,,-7.00E-01
40.8403,0.733269,-31.2701,,-7.00E-01
40.8603,-0.66691,-31.5162,,-7.00E-01
40.8803,-2.06679,-31.7424,,-7.00E-01
40.9003,-3.46588,-31.9707,,-6.99E-01
40.9203,-4.86359,-32.1704,,-0.698485
40.9403,-6.25937,-32.3675,,-0.697216
40.9603,-7.65255,-32.5665,,-0.695974
40.9803,-9.04276,-32.7517,,-0.694319
41.0003,-10.4293,-32.9258,,-0.692343
41.0203,-11.8118,-33.0798,,-0.690021
41.0403,-13.1893,-33.2259,,-0.687704
41.0603,-14.5617,-33.3879,,-0.684735
41.0803,-15.9285,-33.5249,,-0.681955
41.1003,-17.2885,-33.6457,,-0.678453
41.1203,-18.6419,-33.7672,,-0.674937
41.1403,-19.9876,-33.8865,,-0.670869
41.1603,-21.3253,-33.9857,,-6.67E-01
41.1803,-22.6547,-34.0795,,-6.63E-01
41.2003,-23.9753,-34.1723,,-6.58E-01
41.2203,-25.2859,-34.2569,,-0.652917
41.2403,-26.5863,-34.336,,-0.647733
41.2603,-27.8762,-34.3929,,-0.642368
41.2803,-29.1552,-34.4528,,-0.636652
41.3003,-30.4221,-34.5134,,-0.630467
41.3203,-31.6765,-34.5519,,-0.624509
41.3403,-32.9195,-34.5959,,-0.618197
41.3603,-34.1478,-34.6324,,-0.611374
41.3803,-35.3637,-34.6525,,-0.604242
41.4003,-36.5647,-34.6599,,-0.597375
41.4203,-37.7517,-34.6856,,-5.90E-01
41.4403,-38.9236,-34.6951,,-5.82E-01
41.4603,-40.0793,-34.6897,,-0.574566
41.4803,-41.22,-34.6763,,-0.566655
41.5003,-42.3428,-34.672,,-5.57E-01
41.5203,-43.4495,-34.6451,,-0.548985
41.5403,-44.5383,-34.6199,,-0.540497
41.5603,-45.6094,-34.5903,,-0.531258
41.5803,-46.6638,-34.5497,,-0.522808
41.6003,-47.6983,-34.5147,,-0.512692
41.6203,-48.7126,-34.4533,,-0.502632
41.6403,-49.7086,-34.3947,,-0.493141
41.6603,-50.6842,-34.3263,,-0.483621
41.6803,-51.6402,-34.2588,,-0.47234
41.7003,-5.26E+01,-34.1907,,-0.463011
41.7203,-53.4894,-34.1097,,-0.451596
41.7403,-54.3814,-34.0087,,-0.440908
41.7603,-55.2527,-33.9173,,-0.43057
41.7803,-56.101,-33.8175,,-0.418872
41.8003,-56.9278,-33.7104,,-0.408088
41.8203,-57.7311,-33.5923,,-0.395988
41.8403,-58.5119,-33.4572,,-0.385302
41.8603,-59.2698,-33.3247,,-0.372709
41.8803,-60.0025,-33.1996,,-0.360794
41.9003,-60.7119,-33.0612,,-0.349247
41.9203,-61.3973,-32.906,,-0.336571
41.9403,-62.0574,-32.742,,-0.324701
41.9603,-62.6941,-32.5825,,-0.311934
41.9803,-63.3036,-32.4105,,-0.29894
42.0003,-63.8888,-32.2189,,-0.286363
42.0203,-64.4481,-32.0244,,-0.27385
42.0403,-64.9821,-31.8251,,-0.260501
42.0603,-65.4905,-31.6188,,-2.49E-01
42.0803,-65.9724,-31.3966,,-0.234183
42.1003,-66.4273,-31.1579,,-0.221358
42.1203,-66.8563,-30.907,,-0.208265
42.1403,-67.2587,-30.6608,,-0.19473
42.1603,-67.6344,-30.4111,,-0.181676
42.1803,-67.9823,-30.1366,,-0.166953
42.2003,-68.303,-29.8445,,-1.54E-01
42.2203,-68.5965,-29.5401,,-1.40E-01
42.2403,-68.8626,-29.2304,,-1.26E-01
42.2603,-69.1014,-28.8986,,-1.13E-01
42.2803,-69.3126,-28.5446,,-0.0987966
42.3003,-69.4955,-28.1762,,-0.0855994
42.3203,-69.6516,-27.7949,,-0.0705815
42.3403,-69.7783,-27.3886,,-0.0571983
42.3603,-69.8784,-26.9673,,-0.042852
42.3803,-69.9496,-26.5294,,-0.0293548
42.4003,-69.9936,-26.056,,-0.0148543
42.4203,-70.0074,-25.5565,,-3.29E-04
42.4403,-69.9972,-25.0477,,0.0108419
42.4603,-69.9569,-24.507,,0.0272464
42.4803,-69.8896,-23.9238,,0.0399623
42.5003,-69.7934,-23.3134,,0.0555394
42.5203,-69.6693,-22.6876,,0.0681681
42.5403,-69.517,-22.0205,,0.082605
42.5603,-69.3379,-21.3105,,0.0964226
42.5803,-69.1303,-20.5725,,0.11013
42.6003,-68.895,-19.7968,,0.123823
42.6203,-68.6333,-18.9893,,0.138232
42.6403,-68.3424,-18.132,,0.151695
42.6603,-68.0245,-17.2481,,0.165201
42.6803,-67.6803,-16.331,,1.79E-01
42.7003,-67.3082,-15.3714,,1.92E-01
42.7203,-66.9095,-1.44E+01,,0.205929
42.7403,-66.4849,-13.3794,,0.218789
42.7603,-66.0324,-12.3527,,0.232398
42.7803,-65.5541,-11.2994,,0.24525
42.8003,-65.0488,-10.2154,,0.258922
42.8203,-64.519,-9.11667,,0.271022
42.8403,-63.9622,-8.0139,,0.284726
42.8603,-63.3805,-6.90484,,0.296772
42.8803,-62.773,-5.7887,,0.309984
42.9003,-62.14,-4.67126,,3.22E-01
42.9203,-61.4824,-3.55893,,0.334518
42.9403,-60.8012,-2.46176,,0.346046
42.9603,-60.0944,-1.36658,,0.359659
42.9803,-59.364,-0.277063,,0.370412
43.0003,-5.86E+01,0.772043,,0.383154
43.0203,-57.8317,1.81008,,0.394251
43.0403,-57.0313,2.84932,,0.405422
43.0603,-56.2084,3.862,,0.417494
43.0803,-55.3624,4.85116,,0.427936
43.1003,-54.494,5.8291,,0.439728
43.1203,-53.6041,6.77935,,0.449625
43.1403,-52.6933,7.71447,,0.460594
43.1603,-51.7608,8.63811,,0.471187
43.1803,-50.8074,9.52537,,0.481757
43.2003,-49.8339,10.3954,,0.490935
43.2203,-48.841,11.2518,,0.50146
43.2403,-47.828,12.0854,,5.11E-01
43.2603,-46.7956,12.9078,,5.21E-01
43.2803,-45.7454,13.7084,,5.29E-01
43.3003,-44.676,14.4943,,5.39E-01
43.3203,-43.5888,15.2504,,5.48E-01
43.3403,-42.4847,15.9839,,0.556197
43.3603,-41.3634,16.7128,,0.564788
43.3803,-40.2244,17.4254,,5.73E-01
43.4003,-39.0713,18.1083,,5.80E-01
43.4203,-37.9018,18.7785,,5.88E-01
43.4403,-36.7171,19.4474,,5.97E-01
43.4603,-35.5173,20.073,,6.03E-01
43.4803,-34.3039,20.6833,,6.10E-01
43.5003,-33.0762,21.2914,,6.17E-01
43.5203,-31.8353,21.8828,,6.23E-01
43.5403,-30.5819,22.4453,,6.30E-01
43.5603,-29.3175,22.9961,,6.35E-01
43.5803,-28.0391,23.5308,,6.42E-01
43.6003,-26.7507,24.0496,,6.46E-01
43.6203,-25.4515,24.5552,,6.52E-01
43.6403,-24.1425,25.0442,,6.57E-01
43.6603,-22.8233,25.5122,,6.61E-01
43.6803,-21.4952,25.973,,6.67E-01
43.7003,-20.1582,26.4031,,6.70E-01
43.7203,-18.8136,26.8293,,6.74E-01
43.7403,-17.461,27.2419,,6.78E-01
43.7603,-16.1014,27.64,,6.81E-01
43.7803,-14.7361,28.026,,6.84E-01
43.8003,-13.3642,28.3897,,6.87E-01
43.8203,-11.9872,28.7356,,6.90E-01
43.8403,-10.6053,29.0822,,6.92E-01
43.8603,-9.2193,29.4144,,6.94E-01
43.8803,-7.82946,29.723,,6.96E-01
43.9003,-6.43648,30.0309,,6.97E-01
43.9203,-5.04096,30.3177,,6.98E-01
43.9403,-3.64351,30.5951,,6.99E-01
43.9603,-2.24461,30.8624,,7.00E-01
43.9803,-0.84479,31.1146,,7.00E-01
44.0003,0.555437,31.3651,,7.00E-01
44.0203,1.95535,31.5997,,7.00E-01
44.0403,3.3545,31.8119,,6.99E-01
44.0603,4.75238,32.0208,,0.698525
44.0803,6.14829,32.2256,,0.697482
44.1003,7.54184,32.4223,,0.696064
44.1203,8.93226,32.6116,,0.694432
44.1403,10.3191,32.7773,,0.69236
44.1603,11.7018,32.9332,,0.690459
44.1803,13.0801,33.095,,0.687886
44.2003,14.4528,33.2428,,0.684928
44.2203,15.8197,33.3847,,0.682107
44.2403,17.1807,33.5098,,0.678923
44.2603,18.5345,33.6254,,0.675061
44.2803,19.8812,33.7424,,0.671645
44.3003,21.2192,33.8503,,6.67E-01
44.3203,22.5495,33.9403,,6.63E-01
44.3403,23.8701,34.0355,,6.58E-01
44.3603,25.1817,34.1168,,0.653227
44.3803,26.4829,34.1884,,0.648389
44.4003,27.7741,34.2524,,0.642984
44.4203,29.0531,34.3137,,0.636505
44.4403,30.3215,34.3692,,0.631794
44.4603,31.5776,34.4207,,0.62506
44.4803,32.8205,34.4543,,0.618059
44.5003,34.0506,34.4824,,0.611682
44.5203,35.2664,34.509,,0.605317
44.5403,36.4698,34.5351,,0.597798
44.5603,37.657,34.5427,,5.90E-01
44.5803,38.8306,34.5513,,5.83E-01
44.6003,39.9878,34.5486,,0.574782
44.6203,41.1297,34.5337,,0.56715
44.6403,42.2542,34.5266,,5.58E-01
44.6603,43.3614,34.5063,,0.550153
44.6803,44.4524,34.4785,,0.540894
44.7003,45.5247,34.4421,,0.532259
44.7203,46.5799,34.4112,,0.522918
44.7403,47.6159,34.3706,,0.513882
44.7603,48.6329,34.3059,,0.503572
44.7803,49.6299,34.2416,,0.493793
44.8003,50.6072,34.1917,,0.484145
44.8203,51.5647,34.1292,,0.473441
44.8403,52.5011,34.0389,,0.464327
44.8603,53.4187,33.9506,,0.452362
44.8803,54.3114,33.8777,,0.441598
44.9003,55.1839,33.7787,,0.431416
44.9203,56.0347,33.6696,,0.41995
44.9403,56.8629,33.5546,,0.409109
44.9603,57.6696,33.4413,,0.398585
44.9803,58.452,33.3235,,0.384043
45.0003,59.2098,33.1984,,0.373619
45.0203,59.9449,33.0605,,0.362329
45.0403,60.6577,32.9098,,0.349661
45.0603,61.3432,32.7599,,0.338398
45.0803,62.006,32.6052,,0.324671
45.1003,62.6438,32.439,,0.313326
45.1203,63.2566,32.2599,,0.300034
45.1403,63.8436,32.068,,0.287491
45.1603,64.4047,31.8725,,0.274593
45.1803,64.9412,31.6772,,0.262082
45.2003,65.4508,31.4703,,2.49E-01
45.2203,65.9353,31.2433,,0.235581
45.2403,66.3924,31.0121,,0.222362
45.2603,66.8234,30.7805,,0.209019
45.2803,6.72E+01,30.5342,,0.195683
45.3003,67.6045,30.2601,,0.182579
45.3203,67.9561,29.9808,,0.16998
45.3403,68.2792,29.7015,,1.54E-01
45.3603,68.574,29.402,,1.42E-01
45.3803,68.8428,29.0797,,1.28E-01
45.4003,69.0836,28.7502,,1.14E-01
45.4203,69.2966,28.406,,0.0999052
45.4403,69.4819,28.0436,,0.0865143
45.4603,69.6399,27.6543,,0.0722127
45.4803,69.7701,27.2502,,0.0582793
45.5003,69.8715,2.68E+01,,0.0440463
45.5203,69.9451,26.3873,,0.0302211
45.5403,69.9922,25.9157,,0.0172708
45.5603,70.0081,25.4206,,8.38E-04
45.5803,69.999,24.9101,,-0.0107953
45.6003,69.961,24.3604,,-0.0256179
45.6203,69.8956,23.7804,,-0.0394157
45.6403,69.8023,23.1876,,-0.0532991
45.6603,69.68,22.5456,,-0.0681408
45.6803,69.5301,21.8773,,-0.081362
45.7003,69.3527,21.1716,,-0.0950839
45.7203,69.1478,20.4296,,-0.109153
45.7403,68.9147,19.654,,-0.123277
45.7603,68.6542,18.8376,,-0.136561
45.7803,68.3671,17.9859,,-0.150132
45.8003,68.0508,17.1015,,-0.164963
45.8203,67.7087,16.1863,,-1.77E-01
45.8403,67.3401,15.2306,,-1.91E-01
45.8603,66.9429,14.2389,,-0.205102
45.8803,66.519,13.2269,,-0.218003
45.9003,66.0698,12.1898,,-0.23058
45.9203,65.5936,11.1198,,-0.245183
45.9403,65.0897,10.0349,,-0.25781
45.9603,64.5617,8.94388,,-0.270131
45.9803,64.0067,7.84091,,-0.283591
46.0003,63.4271,6.71866,,-0.295596
46.0203,62.8221,5.60717,,-0.30863
46.0403,62.1914,4.49328,,-3.21E-01
46.0603,61.5365,3.36634,,-0.333239
46.0803,60.8563,2.24904,,-0.346107
46.1003,60.1519,1.16663,,-0.357808
46.1203,59.4232,0.0845795,,-0.369944
46.1403,58.6708,-0.996943,,-3.82E-01
46.1603,57.8946,-2.05998,,-0.392616
46.1803,57.0963,-3.09669,,-0.404896
46.2003,56.2746,-4.09847,,-0.416874
46.2203,55.4302,-5.09862,,-0.426878
46.2403,54.5647,-6.08394,,-0.438385
46.2603,53.6758,-7.04898,,-0.44942
46.2803,52.7665,-7.98827,,-0.459277
46.3003,51.8358,-8.90301,,-0.470972
46.3203,50.8835,-9.81502,,-0.480683
46.3403,49.9123,-10.6997,,-0.489948
46.3603,48.9207,-11.5534,,-0.501189
46.3803,47.9091,-12.387,,-5.10E-01
46.4003,46.8786,-13.2198,,-5.20E-01
46.4203,45.8291,-14.0341,,-5.29E-01
46.4403,44.7612,-14.8101,,-5.38E-01
46.4603,43.6761,-15.5779,,-5.47E-01
46.4803,42.573,-16.3332,,-0.55556
46.5003,41.4527,-17.0685,,-0.564141
46.5203,40.3163,-17.7696,,-5.72E-01
46.5403,39.1633,-18.4627,,-5.80E-01
46.5603,37.995,-19.1536,,-5.88E-01
46.5803,36.8123,-19.814,,-5.95E-01
46.6003,35.6132,-20.4468,,-6.02E-01
46.6203,34.4005,-21.0697,,-6.09E-01
46.6403,33.1748,-21.6846,,-6.17E-01
46.6603,31.9342,-22.276,,-6.23E-01
46.6803,30.6827,-22.8502,,-6.29E-01
46.7003,29.4179,-23.4021,,-6.35E-01
46.7203,28.1415,-23.9529,,-6.41E-01
46.7403,26.8537,-24.4766,,-6.46E-01
46.7603,25.5555,-24.972,,-6.52E-01
46.7803,24.2467,-25.4649,,-6.57E-01
46.8003,22.9285,-25.9517,,-6.61E-01
46.8203,21.6011,-26.4031,,-6.66E-01
46.8403,20.2649,-26.8507,,-6.70E-01
46.8603,18.9209,-27.2867,,-6.74E-01
46.8803,17.5687,-27.6956,,-6.78E-01
46.9003,16.2101,-28.0914,,-6.81E-01
46.9203,14.8449,-28.4809,,-6.84E-01
46.9403,13.4735,-28.8504,,-6.87E-01
46.9603,12.0967,-29.2152,,-6.90E-01
46.9803,10.7154,-29.5495,,-6.92E-01
47.0003,9.32969,-29.8729,,-6.94E-01
47.0203,7.94019,-30.1976,,-6.96E-01
47.0403,6.54754,-30.5084,,-6.97E-01
47.0603,5.15224,-30.798,,-6.98E-01
47.0803,3.75492,-31.0703,,-6.99E-01
47.1003,2.35613,-31.3405,,-7.00E-01
47.1203,0.95629,-31.6021,,-7.00E-01
47.1403,-0.443913,-31.8485,,-7.00E-01
47.1603,-1.84387,-32.0829,,-7.00E-01
47.1803,-3.24315,-32.3101,,-6.99E-01
47.2003,-4.64108,-32.5183,,-0.698502
47.2203,-6.03722,-32.7125,,-0.69757
47.2403,-7.43086,-32.9195,,-0.696219
47.2603,-8.82157,-33.1043,,-0.694579
47.2803,-10.2088,-33.2699,,-0.692657
47.3003,-11.592,-33.4391,,-0.690464
47.3203,-12.9703,-33.591,,-0.688034
47.3403,-14.3437,-33.7433,,-0.685306
47.3603,-15.7112,-33.8776,,-0.682381
47.3803,-17.0724,-34.0051,,-0.679038
47.4003,-18.4268,-34.1326,,-0.675398
47.4203,-19.7741,-34.2476,,-0.671891
47.4403,-21.113,-34.3458,,-6.68E-01
47.4603,-22.4438,-34.4427,,-6.63E-01
47.4803,-23.7657,-34.5393,,-6.59E-01
47.5003,-25.0779,-34.6232,,-0.653751
47.5203,-26.38,-34.7002,,-0.648425
47.5403,-27.6715,-34.7566,,-0.643276
47.5603,-28.9522,-34.8107,,-0.637663
47.5803,-30.2209,-34.8841,,-0.631168
47.6003,-31.4782,-3.49E+01,,-0.626514
47.6203,-32.7223,-34.9563,,-0.618307
47.6403,-33.9534,-34.9917,,-0.612158
47.6603,-35.1712,-35.0186,,-0.605764
47.6803,-36.3747,-35.0341,,-0.598796
47.7003,-37.5639,-35.0495,,-0.5904
47.7203,-38.7377,-35.0601,,-5.84E-01
47.7403,-39.8971,-35.0576,,-0.575344
47.7603,-41.0386,-35.0479,,-0.566858
47.7803,-42.1647,-35.0388,,-5.59E-01
47.8003,-43.2742,-35.0178,,-0.550611
47.8203,-44.366,-34.9858,,-0.541715
47.8403,-45.4407,-34.953,,-0.53279
47.8603,-46.4957,-34.9243,,-0.523378
47.8803,-47.5334,-34.8861,,-0.514373
47.9003,-48.5522,-34.8224,,-0.505545
47.9203,-49.5531,-34.7551,,-0.494228
47.9403,-50.53,-34.6982,,-0.48485
47.9603,-51.4895,-34.6306,,-0.474486
47.9803,-52.4279,-34.5521,,-0.464213
48.0003,-53.345,-34.4701,,-0.453699
48.0203,-54.2414,-34.3841,,-0.443075
48.0403,-55.1151,-34.2879,,-0.431327
48.0603,-55.9681,-34.1829,,-0.421494
48.0803,-56.7979,-34.0745,,-0.409219
48.1003,-57.6051,-33.9606,,-0.398507
48.1203,-58.3894,-33.8278,,-0.386411
48.1403,-59.1506,-33.6937,,-0.375057
48.1603,-59.8872,-33.5656,,-0.362451
48.1803,-60.6006,-33.4247,,-0.350992
48.2003,-61.2898,-33.2726,,-0.339083
48.2203,-61.9545,-33.114,,-0.326135
48.2403,-62.5937,-32.9502,,-0.31438
48.2603,-63.2086,-32.7818,,-0.300576
48.2803,-63.7968,-32.589,,-0.288582
48.3003,-64.3618,-32.3868,,-0.276211
48.3203,-64.8991,-32.1976,,-0.262601
48.3403,-65.4122,-31.9938,,-2.50E-01
48.3603,-65.8974,-31.7657,,-0.23666
48.3803,-66.358,-31.5222,,-0.22361
48.4003,-66.7899,-31.2846,,-0.210236
48.4203,-6.72E+01,-31.0421,,-0.19677
48.4403,-67.5773,-30.7732,,-0.183605
48.4603,-67.9283,-30.5027,,-0.169171
48.4803,-68.2535,-30.2186,,-1.56E-01
48.5003,-68.5517,-29.9136,,-1.43E-01
48.5203,-68.822,-29.5969,,-1.28E-01
48.5403,-69.0653,-29.2708,,-1.15E-01
48.5603,-69.2809,-28.9234,,-0.101172
48.5803,-69.4688,-28.5493,,-0.0869597
48.6003,-69.6282,-28.1638,,-0.0737099
48.6203,-69.7612,-27.7683,,-0.0597545
48.6403,-69.8646,-27.3468,,-0.0450469
48.6603,-69.9407,-26.8949,,-0.0313112
48.6803,-69.9893,-26.4272,,-0.0175911
48.7003,-70.0063,-25.9398,,-1.95E-03
48.7203,-69.9999,-25.4223,,8.80E-03
48.7403,-69.966,-24.8748,,0.025137
48.7603,-69.9015,-24.3018,,0.0382809
48.7803,-69.8098,-23.7021,,0.052665
48.8003,-69.6904,-23.0657,,0.0660798
48.8203,-69.5434,-22.3948,,0.0804699
48.8403,-69.368,-21.6951,,0.0941105
48.8603,-69.1647,-20.9525,,0.108218
48.8803,-68.9344,-20.1747,,0.121523
48.9003,-68.6767,-19.3597,,0.135816
48.9203,-68.3909,-18.5121,,0.148961
48.9403,-68.0774,-17.6213,,0.163753
48.9603,-67.7365,-16.6963,,1.76E-01
48.9803,-67.3693,-15.7355,,1.91E-01
49.0003,-66.975,-14.7477,,0.203424
49.0203,-66.5538,-13.7401,,0.216848
49.0403,-66.1057,-12.7009,,0.230415
49.0603,-65.6319,-11.6355,,0.242792
49.0803,-65.1322,-10.5507,,0.256626
49.1003,-64.6043,-9.44933,,0.270193
49.1203,-64.0535,-8.33527,,0.281228
49.1403,-63.4746,-7.20453,,0.295734
49.1603,-62.871,-6.08425,,0.30735
49.1803,-62.2424,-4.96433,,3.21E-01
49.2003,-61.5891,-3.84625,,0.332401
49.2203,-60.9106,-2.71949,,0.345101
49.2403,-60.2084,-1.61029,,0.356573
49.2603,-59.4819,-0.517578,,0.369228
49.2803,-58.7314,0.547208,,0.380456
49.3003,-57.9578,1.59976,,0.392583
49.3203,-57.1619,2.65987,,0.404071
49.3403,-56.3402,3.68507,,0.415808
49.3603,-55.4984,4.68197,,0.425786
49.3803,-54.634,5.67762,,0.437678
49.4003,-53.7479,6.65015,,0.448238
49.4203,-52.8394,7.60376,,0.459462
49.4403,-51.9105,8.53299,,0.469202
49.4603,-50.9605,9.43557,,0.479649
49.4803,-49.9914,10.3236,,0.490117
49.5003,-48.9996,11.1936,,0.49975
49.5203,-47.9911,12.0453,,5.10E-01
49.5403,-46.9611,12.8797,,5.19E-01
49.5603,-45.9131,13.6949,,5.28E-01
49.5803,-44.8472,14.491,,5.38E-01
49.6003,-43.7634,15.2697,,5.46E-01
49.6203,-42.6618,16.0223,,0.554952
49.6403,-41.543,16.7577,,0.563455
49.6603,-40.4073,17.4836,,5.71E-01
49.6803,-39.2561,18.1824,,5.80E-01
49.7003,-38.0891,18.8734,,5.87E-01
49.7203,-36.907,19.5486,,5.94E-01
49.7403,-35.7093,20.1895,,6.02E-01
49.7603,-34.4975,20.8158,,6.09E-01
49.7803,-33.2732,21.4366,,6.15E-01
49.8003,-32.0343,22.0334,,6.23E-01
49.8203,-30.7828,22.6091,,6.28E-01
49.8403,-29.5195,23.1872,,6.35E-01
49.8603,-28.2437,23.7261,,6.40E-01
49.8803,-26.9572,24.2409,,6.46E-01
49.9003,-25.6595,24.76,,6.51E-01
49.9203,-24.3517,25.2734,,6.56E-01
49.9403,-23.0339,25.7422,,6.61E-01
49.9603,-21.7072,26.2026,,6.66E-01
49.9803,-20.3715,26.6568,,6.70E-01
50.0003,-19.0281,27.0924,,6.73E-01
50.0203,-17.6769,27.5074,,6.78E-01
50.0403,-16.3185,27.9067,,6.81E-01
50.0603,-14.9535,28.303,,6.84E-01
50.0803,-13.5829,28.6804,,6.87E-01
50.1003,-12.2067,29.0308,,6.89E-01
50.1203,-10.8255,29.3848,,6.92E-01
50.1403,-9.44028,29.7146,,6.94E-01
50.1603,-8.05096,30.0347,,6.95E-01
50.1803,-6.65854,30.3483,,6.97E-01
50.2003,-5.26349,30.6427,,6.98E-01
50.2203,-3.86623,30.911,,6.99E-01
50.2403,-2.46752,31.1816,,7.00E-01
50.2603,-1.06778,31.4497,,7.00E-01
50.2803,0.332405,31.6978,,7.00E-01
50.3003,1.7324,31.9345,,7.00E-01
50.3203,3.13176,32.1507,,6.99E-01
50.3403,4.52992,32.3663,,0.698667
50.3603,5.9261,32.5717,,0.697562
50.3803,7.31994,32.7642,,0.696282
50.4003,8.71095,32.9508,,0.694781
50.4203,10.0985,33.1269,,0.692819
50.4403,11.4819,33.2889,,0.690667
50.4603,12.8608,33.4494,,0.688309
50.4803,14.2345,33.5893,,0.685513
50.5003,15.6024,33.7379,,0.68246
50.5203,16.9642,33.8748,,0.679378
50.5403,1.83E+01,33.9853,,0.675782
50.5603,19.6669,34.0943,,0.67207
50.5803,21.0069,34.2092,,6.68E-01
50.6003,22.3381,34.3127,,6.64E-01
50.6203,23.6607,34.3955,,6.59E-01
50.6403,24.9732,34.4713,,0.653807
50.6603,26.2763,34.5437,,0.649399
50.6803,27.569,34.6224,,0.643712
50.7003,28.8504,34.681,,0.637946
50.7203,30.1206,34.7252,,0.632468
50.7403,31.3784,34.7818,,0.625421
50.7603,32.6231,34.8218,,0.620067
50.7803,33.856,34.8482,,0.613246
50.8003,35.0763,34.8671,,0.605984
50.8203,36.2786,34.896,,0.598246
50.8403,37.4692,34.9049,,0.59192
50.8603,38.6454,34.9185,,5.84E-01
50.8803,39.8044,34.9157,,0.576296
50.9003,40.9479,34.8972,,0.567546
50.9203,42.0755,34.8886,,0.559952
50.9403,43.1861,34.872,,0.551393
50.9603,44.2803,34.843,,0.542588
50.9803,45.3553,34.8071,,0.533431
51.0003,46.413,34.7751,,0.524391
51.0203,47.4521,34.7283,,0.515089
51.0403,48.4717,34.6715,,0.505647
51.0603,49.4724,34.61,,0.495341
51.0803,50.4531,34.5523,,0.485894
51.1003,51.4143,34.4836,,0.474949
51.1203,52.3536,34.4072,,0.465163
51.1403,53.273,34.328,,0.454597
51.1603,54.1705,34.238,,0.444016
51.1803,55.0469,34.1328,,0.432529
51.2003,55.9009,34.0409,,0.42212
51.2203,56.7326,33.9271,,0.410173
51.2403,57.5415,33.7978,,0.399503
51.2603,58.3278,33.6878,,0.387346
51.2803,59.0909,33.5715,,0.376116
51.3003,59.8296,33.4337,,0.363095
51.3203,60.5445,33.2721,,0.351826
51.3403,61.2354,33.1246,,0.339904
51.3603,61.9015,32.976,,0.327144
51.3803,62.5438,32.8045,,0.316666
51.4003,63.1619,32.6224,,0.301476
51.4203,63.753,32.4382,,0.289319
51.4403,64.3173,32.246,,0.276563
51.4603,64.858,32.0429,,0.263786
51.4803,65.3713,31.8308,,2.51E-01
51.5003,65.8597,31.6168,,0.238028
51.5203,66.3228,31.3869,,0.224936
51.5403,66.7562,31.1431,,0.210488
51.5603,6.72E+01,30.8961,,0.198133
51.5803,67.5472,30.6323,,0.18456
51.6003,67.9012,30.3573,,0.170568
51.6203,68.2286,30.0687,,1.58E-01
51.6403,68.529,29.7617,,1.43E-01
51.6603,68.802,29.4485,,1.30E-01
51.6803,69.0471,29.122,,1.16E-01
51.7003,69.2646,28.7746,,0.102453
51.7203,69.4542,28.4119,,0.0881842
51.7403,69.6165,28.0231,,0.0739006
51.7603,69.7505,27.6225,,0.0608336
51.7803,69.8573,27.2044,,0.0470041
51.8003,69.9354,26.7522,,0.0318534
51.8203,69.9859,26.2883,,0.0191216
51.8403,70.0065,25.8001,,3.16E-03
51.8603,70.0019,25.279,,-7.79E-03
51.8803,69.9704,24.7354,,-0.0233803
51.9003,69.9075,24.1631,,-0.0375881
51.9203,69.8187,23.5552,,-0.051411
51.9403,69.701,22.9246,,-0.0653794
51.9603,69.5562,22.2474,,-0.0793322
51.9803,69.3825,21.549,,-0.0931582
52.0003,69.1819,20.8046,,-0.106754
52.0203,68.9534,20.0249,,-0.120986
52.0403,68.6972,19.2169,,-0.134487
52.0603,68.4137,18.3656,,-0.148306
52.0803,68.1027,17.4768,,-0.16203
52.1003,67.765,16.5465,,-1.75E-01
52.1203,67.3994,15.5968,,-1.89E-01
52.1403,67.0075,14.6056,,-0.202413
52.1603,66.5892,13.5777,,-0.215568
52.1803,66.1422,12.5333,,-0.229864
52.2003,65.6703,11.4685,,-0.241831
52.2203,65.1719,10.3747,,-0.255556
52.2403,64.6479,9.26409,,-0.268088
52.2603,64.0974,8.15366,,-0.281595
52.2803,63.5205,7.03608,,-0.294076
52.3003,62.9197,5.90012,,-0.306629
52.3203,62.2931,4.76668,,-3.19E-01
52.3403,61.6419,3.64659,,-0.33187
52.3603,60.9653,2.52162,,-0.343736
52.3803,60.265,1.40782,,-0.356078
52.4003,59.5402,0.315838,,-0.368081
52.4203,58.7914,-0.771057,,-0.379921
52.4403,58.0201,-1.85159,,-0.391128
52.4603,57.2264,-2.90211,,-0.402408
52.4803,56.4073,-3.92295,,-0.415219
52.5003,55.5658,-4.9377,,-0.425778
52.5203,54.7038,-5.93538,,-0.436304
52.5403,53.8206,-6.9154,,-0.447062
52.5603,52.9124,-7.87572,,-0.459063
52.5803,51.9849,-8.80714,,-0.468258
52.6003,51.0369,-9.72705,,-0.479333
52.6203,50.0677,-10.6258,,-0.488886
52.6403,49.0802,-11.5009,,-0.499073
52.6603,48.0711,-12.3535,,-5.09E-01
52.6803,47.0437,-13.1954,,-5.18E-01
52.7003,45.9974,-14.0216,,-5.28E-01
52.7203,44.9327,-14.8202,,-5.37E-01
52.7403,43.8498,-15.601,,-5.45E-01
52.7603,42.7518,-16.3673,,-0.554315
52.7803,41.6323,-17.1127,,-0.562957
52.8003,40.4982,-17.8371,,-0.570821
52.8203,39.3485,-18.5406,,-0.578158
52.8403,38.183,-19.246,,-0.586912
52.8603,37.0016,-19.915,,-0.594609
52.8803,35.8048,-20.567,,-0.602027
52.9003,34.5944,-21.2139,,-0.607349
52.9203,33.3708,-21.834,,-0.615713
52.9403,32.1342,-22.4269,,-0.621301
52.9603,30.8835,-23.0153,,-0.628386
52.9803,29.6201,-23.5889,,-0.63475
53.0003,28.3454,-24.1518,,-0.63986
53.0203,27.0597,-24.6729,,-6.46E-01
53.0403,25.7628,-25.1861,,-0.650824
53.0603,24.4561,-25.6932,,-0.655876
53.0803,23.1391,-26.1849,,-0.660595
53.1003,21.813,-26.6444,,-0.665323
53.1203,20.4782,-27.1009,,-0.669221
53.1403,19.1355,-27.5504,,-0.673374
53.1603,17.7845,-27.9611,,-0.677105
53.1803,16.427,-28.3574,,-0.68041
53.2003,15.0626,-28.7672,,-0.683602
53.2203,1.37E+01,-29.1474,,-0.686576
53.2403,12.3165,-29.5008,,-0.68912
53.2603,10.9357,-29.8449,,-0.69134
53.2803,9.55066,-30.1823,,-0.693677
53.3003,8.16166,-30.519,,-0.695261
53.3203,6.76945,-30.819,,-0.696759
53.3403,5.37457,-31.1073,,-0.698034
53.3603,3.97749,-31.4044,,-6.99E-01
53.3803,2.57892,-31.67,,-7.00E-01
53.4003,1.17921,-31.9226,,-0.69998
53.4203,-0.220941,-32.1783,,-0.700102
53.4403,-1.62094,-32.42,,-0.699923
53.4603,-3.02034,-32.6551,,-0.699461
53.4803,-4.41854,-32.861,,-0.698728
53.5003,-5.81498,-33.0556,,-0.697702
53.5203,-7.2091,-33.257,,-0.69645
53.5403,-8.60032,-33.4461,,-0.694796
53.5603,-9.98816,-33.6258,,-0.69302
53.5803,-11.3719,-33.7913,,-0.690774
53.6003,-12.751,-33.9403,,-0.688441
53.6203,-14.1252,-34.0889,,-0.68577
53.6403,-15.4938,-34.2385,,-0.682964
53.6603,-16.8561,-34.3624,,-0.679511
53.6803,-18.2115,-34.4848,,-6.76E-01
53.7003,-19.5598,-34.6026,,-0.672259
53.7203,-20.9003,-34.7,,-6.68E-01
53.7403,-22.2326,-34.8033,,-0.664089
53.7603,-23.5557,-34.8958,,-0.659194
53.7803,-24.8693,-3.50E+01,,-0.654582
53.8003,-26.1733,-35.0555,,-0.649406
53.8203,-27.4666,-35.1205,,-0.644368
53.8403,-28.7494,-35.1717,,-0.638461
53.8603,-30.0202,-35.2405,,-0.632733
53.8803,-31.2785,-35.2825,,-0.625724
53.9003,-32.5247,-35.3209,,-0.620988
53.9203,-33.7589,-35.3558,,-0.613413
53.9403,-34.9782,-35.3769,,-0.606448
53.9603,-36.1834,-35.3908,,-0.599144
53.9803,-37.3758,-35.4124,,-0.592835
54.0003,-38.552,-35.4219,,-5.84E-01
54.0203,-39.7127,-35.4143,,-0.577404
54.0403,-40.8582,-35.4124,,-0.568577
54.0603,-41.9868,-35.3978,,-0.560371
54.0803,-43.0984,-35.3683,,-0.551667
54.1003,-44.1942,-35.3461,,-0.544024
54.1203,-45.2703,-35.3174,,-0.533265
54.1403,-46.3297,-35.2783,,-0.525824
54.1603,-47.3698,-35.2352,,-0.514954
54.1803,-48.3904,-35.1808,,-0.506111
54.2003,-49.3935,-35.1238,,-0.496947
54.2203,-50.3753,-35.0554,,-0.486193
54.2403,-5.13E+01,-34.9837,,-0.476283
54.2603,-52.2791,-34.9088,,-0.465939
54.2803,-53.2014,-34.83,,-0.455331
54.3003,-54.0998,-34.7449,,-0.444555
54.3203,-54.9774,-34.6429,,-0.433923
54.3403,-55.8338,-34.5404,,-0.422958
54.3603,-56.6683,-34.4324,,-0.411529
54.3803,-57.4783,-34.3242,,-0.399316
54.4003,-58.266,-34.1871,,-0.389248
54.4203,-59.0307,-34.0483,,-0.375812
54.4403,-59.771,-33.9239,,-0.365029
54.4603,-60.4885,-33.7868,,-0.352798
54.4803,-61.1811,-33.6291,,-0.340846
54.5003,-61.8498,-33.4742,,-0.328389
54.5203,-62.4931,-33.3115,,-0.315993
54.5403,-63.1123,-33.1319,,-0.303128
54.5603,-63.7052,-32.9479,,-0.290411
54.5803,-64.2732,-32.7521,,-0.278246
54.6003,-64.8162,-32.5535,,-0.26469
54.6203,-65.3316,-32.348,,-2.52E-01
54.6403,-65.8222,-32.1231,,-0.238675
54.6603,-66.2861,-31.8867,,-0.225593
54.6803,-66.7228,-31.6422,,-0.212941
54.7003,-67.1348,-31.3914,,-0.198165
54.7203,-67.5175,-31.134,,-0.185866
54.7403,-67.8739,-30.8611,,-0.171434
54.7603,-68.2037,-30.577,,-0.15863
54.7803,-68.5058,-30.278,,-0.144524
54.8003,-68.7807,-29.9605,,-0.131288
54.8203,-69.0289,-29.6325,,-0.11718
54.8403,-69.2491,-29.2783,,-0.103913
54.8603,-69.4405,-28.9103,,-0.0884096
54.8803,-69.6044,-28.5264,,-0.076146
54.9003,-69.7417,-28.1382,,-0.0613509
54.9203,-69.8494,-27.7109,,-0.0475168
54.9403,-69.9292,-27.2546,,-0.0328884
54.9603,-69.9829,-26.7941,,-0.0212094
54.9803,-70.0067,-26.3123,,-4.62E-03
55.0003,-70.0039,-25.7933,,7.29E-03
55.0203,-69.9748,-25.2344,,0.0216788
55.0403,-69.9155,-24.6645,,0.0373268
55.0603,-69.8269,-24.0742,,0.0507604
55.0803,-69.71,-23.4398,,0.0642825
55.1003,-69.5681,-22.7568,,0.0774778
55.1203,-69.3982,-22.0529,,0.0917506
55.1403,-69.1991,-21.3269,,0.106265
55.1603,-68.9726,-20.5486,,0.119972
55.1803,-68.7187,-19.7239,,0.13323
55.2003,-68.4376,-18.8732,,0.146883
55.2203,-68.1291,-17.9856,,0.160956
55.2403,-67.7932,-17.063,,1.74E-01
55.2603,-67.4299,-16.0959,,1.88E-01
55.2803,-67.0398,-15.0958,,0.201533
55.3003,-66.6223,-14.0846,,0.215086
55.3203,-66.1789,-13.0463,,0.227638
55.3403,-65.7094,-11.978,,0.241434
55.3603,-65.2131,-10.8753,,0.254141
55.3803,-64.6904,-9.76659,,0.267678
55.4003,-64.1417,-8.64836,,0.280277
55.4203,-63.5682,-7.51472,,0.292893
55.4403,-62.9686,-6.37617,,0.305917
55.4603,-62.3444,-5.24431,,3.18E-01
55.4803,-61.6948,-4.11126,,0.330552
55.5003,-61.0208,-2.97339,,0.34302
55.5203,-60.3221,-1.85696,,0.354702
55.5403,-59.5995,-0.756369,,0.367549
55.5603,-58.8525,0.336747,,0.378836
55.5803,-58.0826,1.4068,,0.390422
55.6003,-57.2891,2.46167,,0.402272
55.6203,-56.4731,3.50547,,0.413132
55.6403,-55.6343,4.53235,,0.425105
55.6603,-54.773,5.53928,,0.435838
55.6803,-53.8916,6.51467,,0.445628
55.7003,-52.9858,7.48586,,0.458584
55.7203,-52.0594,8.43489,,0.468087
55.7403,-51.1128,9.35803,,0.47776
55.7603,-50.1465,10.2569,,0.4883
55.7803,-49.1589,11.1436,,0.497941
55.8003,-48.1524,12.0077,,0.508272
55.8203,-47.1264,12.8565,,0.517578
55.8403,-46.0818,13.6928,,0.525825
55.8603,-45.0191,14.5009,,0.536617
55.8803,-43.9371,15.2911,,5.45E-01
55.9003,-42.838,16.0606,,0.553869
55.9203,-41.7219,16.8111,,0.561455
55.9403,-40.5892,17.5506,,0.570606
55.9603,-39.4409,18.2693,,0.577355
55.9803,-38.2758,18.9703,,0.587342
56.0003,-37.0955,19.6576,,0.592859
56.0203,-35.9011,20.3115,,0.600937
56.0403,-34.6922,20.9544,,0.60804
56.0603,-33.4686,21.5826,,0.614731
56.0803,-32.2329,22.1926,,0.620901
56.1003,-30.9827,22.781,,0.628024
56.1203,-29.7207,23.3653,,0.634088
56.1403,-28.4473,23.926,,0.639348
56.1603,-27.1624,24.454,,6.45E-01
56.1803,-25.8666,2.50E+01,,0.650337
56.2003,-24.5603,25.4911,,0.655488
56.2203,-23.2443,25.9837,,0.660347
56.2403,-21.9192,26.4617,,0.664609
56.2603,-20.585,26.9069,,0.669032
56.2803,-19.2426,27.3435,,0.673226
56.3003,-17.8925,27.7801,,0.676641
56.3203,-16.5353,28.1949,,0.680165
56.3403,-15.1714,28.5849,,0.683504
56.3603,-13.8017,28.9656,,0.68624
56.3803,-12.4263,29.3274,,0.688878
56.4003,-11.0459,29.6907,,0.691394
56.4203,-9.66118,30.024,,0.693262
56.4403,-8.27245,30.3452,,0.695227
56.4603,-6.88046,30.6655,,0.696638
56.4803,-5.48579,30.964,,0.69795
56.5003,-4.0889,31.2392,,6.99E-01
56.5203,-2.69033,31.5178,,6.99E-01
56.5403,-1.29078,31.7759,,0.699961
56.5603,0.109408,32.037,,0.700205
56.5803,1.50947,32.2763,,0.699881
56.6003,2.90895,32.4896,,0.699533
56.6203,4.30732,32.7083,,0.698779
56.6403,5.70388,32.9186,,0.697838
56.6603,7.09823,33.1132,,0.696503
56.6803,8.48963,33.3003,,0.694992
56.7003,9.87765,33.483,,0.693051
56.7203,11.2619,33.6379,,0.691243
56.7403,12.6416,33.8025,,0.688515
56.7603,14.0161,33.944,,0.685903
56.7803,15.3848,34.0926,,0.683157
56.8003,16.7478,34.23,,0.679938
56.8203,18.1041,34.3378,,0.67646
56.8403,19.4531,34.457,,0.672601
56.8603,20.7935,34.5708,,6.68E-01
56.8803,22.1264,34.6608,,0.664298
56.9003,23.4505,34.7538,,0.659827
56.9203,24.765,34.8375,,0.654981
56.9403,26.0694,34.9085,,0.649939
56.9603,27.3637,34.9697,,0.644488
56.9803,28.647,35.0326,,0.639091
57.0003,29.9188,35.0999,,0.633077
57.0203,31.1785,35.1436,,0.6271
57.0403,32.4258,35.1766,,0.620419
57.0603,33.6604,35.1994,,0.614188
57.0803,34.8812,35.2374,,0.606678
57.1003,36.088,35.264,,0.600138
57.1203,37.2814,35.2622,,0.593761
57.1403,38.4586,35.2698,,5.85E-01
57.1603,39.6202,35.278,,0.577358
57.1803,40.7673,35.2658,,0.569402
57.2003,41.897,35.2419,,0.560999
57.2203,43.0104,35.2303,,0.552748
57.2403,44.1059,35.2036,,0.543654
57.2603,45.185,35.1686,,0.535131
57.2803,46.2454,35.1393,,0.525912
57.3003,47.2875,35.0947,,0.5163
57.3203,48.3104,35.0312,,0.507484
57.3403,49.3146,34.9706,,0.496842
57.3603,50.2983,34.9158,,0.487067
57.3803,51.2614,34.8467,,0.477244
57.4003,52.2054,34.7623,,0.466739
57.4203,53.1274,34.6867,,0.456223
57.4403,54.0292,34.5953,,0.445756
57.4603,54.9093,34.4955,,0.434556
57.4803,55.7664,34.3954,,0.423671
57.5003,56.6017,34.2857,,0.411833
57.5203,57.4138,34.1614,,0.400945
57.5403,58.2039,34.0428,,0.389425
57.5603,58.9702,33.9269,,3.78E-01
57.5803,59.7131,33.7899,,0.365171
57.6003,60.4328,33.6295,,0.354781
57.6203,61.1273,33.4805,,0.340816
57.6403,61.7974,33.3349,,0.329288
57.6603,62.4431,33.1657,,0.316888
57.6803,63.0638,32.9858,,0.304601
57.7003,63.659,32.7918,,0.291682
57.7203,64.2288,32.6026,,0.278629
57.7403,64.7729,32.4018,,0.266093
57.7603,65.2916,32.194,,2.54E-01
57.7803,65.7841,31.9779,,0.239272
57.8003,66.2492,31.738,,0.226437
57.8203,66.6892,31.5041,,0.214191
57.8403,67.1036,31.2637,,0.1998
57.8603,67.4889,30.9925,,0.186699
57.8803,67.8468,30.7146,,0.172884
57.9003,68.1791,30.4284,,0.159204
57.9203,68.4831,30.1347,,0.145891
57.9403,68.7603,29.8155,,0.131837
57.9603,69.0094,29.4794,,0.118253
57.9803,69.2325,29.1355,,0.10501
58.0003,69.4262,28.7691,,0.0898549
58.0203,69.5923,28.3964,,0.0770247
58.0403,69.7318,27.995,,0.0633344
58.0603,69.8425,27.562,,0.0484907
58.0803,6.99E+01,27.1198,,0.0347935
58.1003,69.9799,26.6584,,0.0202928
58.1203,70.0037,26.1687,,4.32E-03
58.1403,70.0038,25.6463,,-4.49E-03
58.1603,69.977,25.0988,,-0.0209667
58.1803,69.9208,24.5318,,-0.0352858
58.2003,69.8348,23.9336,,-0.0492602
58.2203,69.7223,23.2933,,-0.0629795
58.2403,69.5812,22.6184,,-0.0771481
58.2603,69.4122,21.9129,,-0.0910558
58.2803,69.216,21.1765,,-0.104593
58.3003,68.9919,20.4028,,-0.118754
58.3203,68.7408,19.5789,,-0.132136
58.3403,68.4609,18.7257,,-0.146295
58.3603,68.1542,17.8376,,-0.159917
58.3803,67.8213,16.9154,,-0.172958
58.4003,67.4593,15.948,,-0.187156
58.4203,67.0716,14.9594,,-0.200577
58.4403,66.6566,13.9353,,-0.213382
58.4603,66.2158,12.8785,,-0.227163
58.4803,65.7475,11.8043,,-0.240137
58.5003,65.253,10.7077,,-0.253666
58.5203,64.7328,9.5954,,-0.266258
58.5403,64.1866,8.46417,,-0.279134
58.5603,63.6149,7.33393,,-0.292172
58.5803,63.0168,6.20532,,-0.304394
58.6003,62.3954,5.06298,,-0.317181
58.6203,61.7475,3.91625,,-0.329601
58.6403,61.0754,2.7758,,-0.342215
58.6603,60.3788,1.66116,,-0.35355
58.6803,59.6578,0.552339,,-0.366597
58.7003,58.9128,-0.550941,,-0.378151
58.7203,58.1445,-1.63561,,-0.389582
58.7403,57.353,-2.71261,,-0.401075
58.7603,56.5386,-3.74666,,-0.412644
58.7803,55.7017,-4.77617,,-0.423564
58.8003,54.8427,-5.78871,,-0.435181
58.8203,53.9614,-6.77432,,-0.445755
58.8403,53.0583,-7.75602,,-0.45672
58.8603,52.1347,-8.70415,,-0.466426
58.8803,51.19,-9.636,,-0.477618
58.9003,50.2243,-10.5532,,-0.487584
58.9203,49.2385,-11.4455,,-0.497443
58.9403,48.2333,-12.3211,,-0.50728
58.9603,47.2086,-13.1666,,-0.517036
58.9803,46.1654,-14.0031,,-0.525796
59.0003,45.1037,-14.8263,,-0.535247
59.0203,44.0236,-15.6269,,-0.544121
59.0403,42.9265,-16.4037,,-0.553104
59.0603,41.8115,-17.163,,-0.561049
59.0803,40.6801,-17.9058,,-0.569552
59.1003,39.5332,-18.6268,,-0.576682
59.1203,38.3696,-19.3367,,-0.586973
59.1403,37.1898,-20.0203,,-0.592144
59.1603,35.997,-20.691,,-0.600236
59.1803,34.7897,-21.3474,,-0.607806
59.2003,33.5667,-21.9773,,-0.61419
59.2203,32.3313,-22.5864,,-0.620689
59.2403,31.0826,-23.1824,,-0.627365
59.2603,29.8219,-23.7689,,-0.633047
59.2803,28.5495,-24.3391,,-0.63921
59.3003,27.2657,-24.8799,,-0.644668
59.3203,25.97,-25.4066,,-0.650199
59.3403,24.6648,-25.9141,,-0.654974
59.3603,23.3495,-26.4184,,-0.660074
59.3803,22.025,-26.8881,,-0.664274
59.4003,20.6914,-27.3506,,-0.668601
59.4203,19.35,-27.8033,,-0.67284
59.4403,18.0003,-28.2288,,-0.67644
59.4603,16.6438,-28.6426,,-0.679941
59.4803,15.2803,-29.0472,,-0.68313
59.5003,13.911,-29.4289,,-0.686185
59.5203,12.5359,-29.7955,,-0.688736
59.5403,11.156,-30.1526,,-0.691097
59.5603,9.77151,-30.4824,,-0.693207
59.5803,8.38313,-30.818,,-0.694942
59.6003,6.99138,-31.1299,,-0.696625
59.6203,5.59691,-31.4339,,-0.697788
59.6403,4.20025,-31.724,,-0.69883
59.6603,2.80175,-31.9899,,-0.699509
59.6803,1.40222,-32.2482,,-0.699961
59.7003,2.08E-03,-32.5153,,-0.700155
59.7203,-1.39797,-32.7566,,-0.699898
59.7403,-2.79753,-32.9811,,-0.699515
59.7603,-4.19601,-33.1967,,-0.698931
59.7803,-5.59274,-33.3963,,-0.697957
59.8003,-6.98725,-33.601,,-0.696597
59.8203,-8.37898,-33.7915,,-0.695086
59.8403,-9.76744,-33.9676,,-0.693419
59.8603,-11.152,-34.1358,,-0.691196
59.8803,-12.5318,-34.2895,,-0.688667
59.9003,-13.9067,-34.4342,,-0.686365
59.9203,-15.2763,-34.5819,,-0.683353
59.9403,-16.6396,-34.7059,,-0.679947
59.9603,-17.9964,-34.841,,-0.676916
59.9803,-19.3457,-34.9539,,-0.672736
60.0003,-20.0282,-32.8967,,0.464486