0.0203351,91.034,80.0923,,81.5279
0.0403394,268.247,84.0475,,87.2511
0.0603284,436.146,75.947,,80.9733
0.0803326,589.889,71.1602,,72.7447
0.100337,724.57,66.7526,,62.1048
0.120326,835.844,62.0417,,49.4924
0.14033,920.103,56.5835,,35.2608
0.160334,974.639,49.1234,,19.8981
0.180339,997.702,35.6795,,3.88664
0.200328,988.495,3.2539,,-12.2533
0.220332,947.367,-34.5551,,-27.9904
0.240336,875.603,-53.7506,,-42.8272
0.260341,775.565,-61.0983,,-56.2782
0.28033,650.455,-63.9912,,-67.9156
0.300334,504.33,-65.2632,,-77.3505
0.320338,341.911,-65.7612,,-84.2871
0.340327,168.445,-65.7101,,-88.5013
0.360331,-10.4619,-65.1757,,-89.8573
0.380336,-189.03,-64.1762,,-88.3106
0.40034,-361.494,-62.7396,,-83.9057
0.420329,-522.274,-60.8278,,-76.8012
0.440333,-666.182,-58.3784,,-67.2004
0.460338,-788.564,-55.287,,-55.4333
0.480327,-885.447,-51.285,,-41.8721
0.500331,-953.74,-45.8122,,-26.9817
0.520335,-991.225,-37.0256,,-11.1872
0.540339,-996.662,-16.9237,,4.95423
0.560328,-969.913,18.6708,,20.9357
0.580333,-911.808,42.1306,,36.252
0.600337,-824.218,51.8152,,50.3907
0.620326,-710.019,56.0014,,62.8795
0.64033,-572.883,58.1875,,73.362
0.660334,-417.231,59.4574,,81.4682
0.680339,-248.096,60.1045,,86.9446
0.700328,-70.9414,60.222,,89.6008
0.720332,108.498,59.8546,,89.3707
0.740336,284.438,58.9916,,86.252
0.760341,451.186,57.6318,,80.3434
0.78033,603.352,55.7341,,71.8455
0.800334,736.029,53.2237,,61.0035
0.820338,844.901,49.9262,,48.2189
0.840327,926.488,45.4591,,33.8692
0.860331,978.138,38.8501,,18.4147
0.880336,998.202,26.158,,2.38182
0.90034,986.005,-3.20909,,-13.7391
0.920329,941.929,-32.7598,,-29.4213
0.940333,867.419,-46.3621,,-44.1603
0.960338,764.877,-52.0369,,-57.4468
0.980327,637.617,-5.49E+01,,-6.89E+01
1.00033,489.772,-56.5772,,-7.81E+01
1.02034,326.09,-57.6085,,-8.48E+01
1.04034,151.873,-58.096,,-8.87E+01
1.06033,-27.2456,-58.0727,,-89.8361
1.08033,-205.488,-57.5569,,-88.0179
1.10034,-377.089,-56.5611,,-83.3539
1.12033,-536.51,-55.0234,,-7.60E+01
1.14033,-678.587,-52.9061,,-6.62E+01
1.16033,-798.744,-50.0996,,-5.42E+01
1.18034,-893.076,-46.342,,-4.05E+01
1.20033,-958.585,-41.0325,,-2.55E+01
1.22033,-993.101,-32.2356,,-9.69E+00
1.24034,-995.534,-11.8007,,6.46E+00
1.26034,-965.791,20.886,,2.24E+01
1.28033,-904.831,40.2813,,3.76E+01
1.30033,-814.632,48.2531,,5.16E+01
1.32034,-698.127,51.9475,,6.40E+01
1.34033,-559.05,54.0603,,7.42E+01
1.36033,-401.915,55.3999,,8.21E+01
1.38034,-231.796,56.169,,8.73E+01
1.40034,-54.1912,56.4205,,8.97E+01
1.42033,125.173,56.1881,,8.92E+01
1.44033,300.488,55.467,,8.58E+01
1.46034,466.095,54.2324,,7.97E+01
1.48033,616.64,52.4463,,7.09E+01
1.50033,747.257,50.025,,5.99E+01
1.52034,853.729,46.8093,,4.69E+01
1.54034,932.62,42.3968,,3.25E+01
1.56033,981.367,35.7216,,1.69E+01
1.58033,998.435,22.4668,,8.73E-01
1.60034,983.219,-6.86486,,-1.52E+01
1.62033,936.225,-33.2009,,-3.08E+01
1.64033,858.982,-44.7758,,-4.55E+01
1.66033,753.97,-49.7826,,-5.86E+01
1.68034,624.622,-52.4139,,-6.99E+01
1.70033,475.061,-54.0615,,-7.88E+01
1.72033,310.175,-55.1087,,-8.53E+01
1.74034,135.258,-55.633,,-8.90E+01
1.76034,-44.0227,-55.6425,,-8.98E+01
1.78033,-221.889,-55.166,,-8.77E+01
1.80033,-392.571,-54.2126,,-82.7732
1.82034,-550.59,-52.7266,,-75.1985
1.84033,-690.82,-50.6475,,-65.1446
1.86033,-808.698,-47.8506,,-53.0322
1.88034,-900.457,-44.0987,,-39.1847
1.90034,-963.145,-38.7356,,-24.0778
1.92033,-994.688,-29.6078,,-8.17677
1.94033,-994.098,-8.12796,,7.95569
1.96034,-961.403,22.9587,,23.8747
1.98033,-897.603,39.9367,,38.9954
2.00033,-804.818,46.9556,,52.8467
2.02034,-686.023,50.3542,,6.50E+01
2.04034,-545.063,52.3577,,7.51E+01
2.06033,-386.485,53.656,,8.27E+01
2.08033,-215.434,54.4081,,8.77E+01
2.10034,-37.4176,54.6686,,89.7782
2.12033,141.808,54.4449,,89.0038
2.14033,316.451,53.7224,,85.3547
2.16033,480.868,52.5044,,78.9448
2.18034,629.754,50.7339,,69.9799
2.20033,758.288,48.3085,,58.7708
2.22033,862.314,45.0655,,45.6367
2.24034,938.485,40.5996,,31.0482
2.26034,984.322,33.7457,,15.4549
2.28033,998.378,19.6115,,-0.641115
2.30033,980.164,-10.0276,,-16.7184
2.32034,930.266,-33.9655,,-32.2704
2.34033,850.296,-44.1838,,-46.7608
2.36033,742.849,-48.7334,,-59.7439
2.38034,611.427,-51.2153,,-70.7862
2.40034,460.239,-52.798,,-79.5544
2.42033,294.179,-53.8044,,-85.7529
2.44033,118.612,-54.2985,,-89.1753
2.46034,-60.788,-54.3022,,-89.7158
2.48033,-238.224,-53.827,,-87.3607
2.50033,-407.96,-52.8557,,-82.1786
2.52034,-564.518,-51.3587,,-74.351
2.54034,-702.833,-49.2704,,-64.1023
2.56033,-818.43,-46.4473,,-51.7936
2.58033,-907.585,-42.6386,,-37.8214
2.60034,-967.441,-37.1411,,-22.6175
2.62033,-995.999,-27.5382,,-6.67888
2.64033,-992.399,-4.82651,,9.46623
2.66033,-956.715,24.8681,,25.3273
2.68034,-890.121,40.0061,,40.3532
2.70033,-794.761,46.3425,,54.0559
2.72033,-673.719,49.5009,,66.0541
2.74034,-530.92,51.4127,,75.8878
2.76034,-370.955,52.6552,,83.2739
2.78033,-199.013,53.3832,,87.9711
2.80033,-20.6392,53.6192,,89.832
2.82034,158.405,53.3599,,88.7857
2.84033,332.332,52.6234,,84.8699
2.86033,495.517,51.3944,,78.2083
2.88034,642.687,49.5976,,69.0251
2.90034,769.113,47.1383,,57.6177
2.92033,870.66,4.38E+01,,44.3354
2.94033,944.067,39.2924,,29.6084
2.96034,987.002,32.1538,,13.982
2.98033,998.036,16.9716,,-2.16609
3.00033,976.807,-12.9184,,-18.1975
3.02034,924.051,-34.7982,,-33.6606
3.04034,841.385,-43.9686,,-48.0549
3.06033,731.558,-48.1595,,-60.8576
3.08033,598.068,-50.5038,,-7.17E+01
3.10034,445.276,-52.0221,,-8.02E+01
3.12033,278.095,-52.989,,-8.62E+01
3.14033,101.924,-53.448,,-89.3494
3.16033,-77.5358,-53.4216,,-89.6165
3.18034,-254.492,-52.9183,,-86.9942
3.20033,-423.226,-51.9303,,-81.559
3.22033,-578.288,-50.4055,,-73.4901
3.24034,-714.661,-48.2826,,-63.0319
3.26034,-827.931,-45.4189,,-50.5644
3.28033,-914.474,-41.5314,,-36.4438
3.30033,-971.449,-35.8595,,-21.1443
3.32034,-997.034,-25.6588,,-5.16775
3.34033,-990.413,-1.66145,,10.9639
3.36033,-951.794,26.6238,,26.7644
3.38034,-882.402,40.2421,,41.6987
3.40034,-784.497,46.0215,,55.272
3.42033,-661.22,48.9861,,67.0687
3.44033,-516.616,50.8159,,76.6793
3.46034,-355.318,52.007,,83.8309
3.48033,-182.533,52.6945,,88.2666
3.50033,-3.85082,52.8912,,89.8557
3.52034,174.959,52.6053,,88.5406
3.54034,348.114,51.8486,,84.3634
3.56033,510.023,50.5818,,77.4506
3.58033,655.441,48.7465,,68.048
3.60034,779.705,46.2456,,56.4523
3.62033,878.759,42.8937,,43.0125
3.64033,949.406,38.2149,,28.1889
3.66033,989.389,30.7443,,12.4718
3.68034,997.415,14.3653,,-3.67063
3.70033,973.201,-15.6041,,-19.6772
3.72033,917.528,-35.6217,,-35.0748
3.74034,832.217,-43.9376,,-49.2953
3.76034,720.028,-47.8275,,-61.9671
3.78033,584.552,-50.0481,,-72.6153
3.80033,430.185,-51.5063,,-80.9149
3.82034,261.933,-52.4319,,-86.609
3.84033,85.212,-52.8487,,-89.4964
3.86033,-94.2623,-52.7874,,-89.4953
3.88034,-270.69,-52.2525,,-86.6034
3.90034,-438.374,-51.2328,,-80.9122
3.92033,-591.887,-49.6711,,-72.6065
3.94033,-726.273,-47.5004,,-61.9521
3.96034,-837.189,-44.5847,,-49.303
3.98033,-921.07,-40.6107,,-35.0478
4.00033,-975.178,-34.73,,-19.6812
4.02034,-997.785,-23.8184,,-3.66961
4.04034,-988.151,1.42778,,12.4688
4.06033,-946.579,28.2293,,28.2135
4.08033,-874.417,40.5482,,43.0171
4.10034,-773.991,45.8742,,56.4639
4.12033,-648.564,48.6558,,6.80E+01
4.14033,-502.191,50.4039,,7.75E+01
4.16033,-339.583,51.5626,,8.44E+01
4.18034,-166.005,52.1962,,8.85E+01
4.20033,12.9368,52.3462,,89.8566
4.22033,191.464,52.0389,,88.2721
4.24034,363.794,51.249,,83.8223
4.26034,524.382,49.9321,,7.67E+01
4.28033,668.024,48.0571,,6.71E+01
4.30033,790.065,45.5148,,5.53E+01
4.32034,886.606,42.0904,,4.17E+01
4.34033,954.478,37.2575,,2.67E+01
4.36033,991.509,29.4051,,1.10E+01
4.38034,996.522,11.7278,,-5.17E+00
4.40034,969.308,-18.1042,,-2.12E+01
4.42033,910.789,-36.4113,,-3.65E+01
4.44033,822.831,-44.0005,,-5.06E+01
4.46034,708.286,-47.6264,,-6.31E+01
4.48033,570.845,-49.7463,,-7.35E+01
4.50033,414.978,-51.14,,-8.16E+01
4.52034,245.689,-52.0207,,-8.70E+01
4.54034,68.4719,-52.4069,,-8.96E+01
4.56033,-110.961,-52.3033,,-8.93E+01
4.58033,-286.811,-51.725,,-8.62E+01
4.60034,-453.39,-50.6661,,-8.02E+01
4.62033,-605.325,-49.0712,,-7.17E+01
4.64033,-737.702,-46.858,,-6.09E+01
4.66033,-846.234,-43.8651,,-4.80E+01
4.68034,-927.409,-39.7867,,-3.37E+01
4.70033,-978.642,-33.6834,,-1.82E+01
4.72033,-998.255,-21.9596,,-2.16E+00
4.74034,-985.608,4.44314,,1.40E+01
4.76034,-941.097,29.7131,,2.96E+01
4.78033,-866.179,40.8887,,4.43E+01
4.80033,-763.262,45.808,,5.76E+01
4.82034,-635.719,48.4436,,6.90E+01
4.84033,-487.616,50.1244,,7.82E+01
4.86033,-323.749,51.2265,,8.49E+01
4.88034,-149.428,51.8172,,8.88E+01
4.90034,29.7213,51.9366,,8.98E+01
4.92033,207.91,51.5892,,8.80E+01
4.94033,379.38,50.7546,,83.2705
4.96034,538.591,49.3992,,75.8846
4.98033,680.402,47.4841,,66.03
5.00033,800.206,44.8838,,54.0598
5.02034,894.194,41.3685,,40.3467
5.04034,959.256,36.3755,,25.306
5.06033,993.343,28.0913,,9.47186
5.08033,995.327,9.02914,,-6.68474
5.10034,965.145,-20.4385,,-22.6172
5.12033,903.774,-37.161,,-37.8366
5.14033,813.198,-44.1035,,-51.8027
5.16033,696.35,-47.5082,,-6.41E+01
5.18034,557.001,-49.5431,,-7.43E+01
5.20033,399.648,-50.8842,,-8.22E+01
5.22033,229.392,-51.7073,,-8.74E+01
5.24034,51.7151,-52.0469,,-89.7176
5.26034,-127.629,-51.9174,,-89.1736
5.28033,-302.846,-51.3041,,-85.7456
5.30033,-468.283,-50.1969,,-79.5532
5.32034,-618.581,-48.5552,,-70.7749
5.34033,-748.892,-46.287,,-59.7424
5.36033,-855.026,-43.2291,,-46.7509
5.38034,-933.506,-39.0342,,-32.2493
5.40034,-981.84,-32.6687,,-16.7172
5.42033,-998.437,-20.0104,,-0.640836
5.44033,-982.784,7.3767,,15.4463
5.46034,-935.37,31.0484,,31.068
5.48033,-857.709,41.2287,,45.6477
5.50033,-752.356,45.8069,,58.7654
5.52034,-622.695,48.315,,69.9985
5.54034,-472.896,49.9176,,78.9484
5.56033,-307.829,50.9665,,85.3586
5.58033,-132.811,51.5264,,89.0059
5.60034,46.4971,51.6093,,89.78
5.62033,224.301,51.2109,,87.6539
5.64033,394.853,50.3379,,82.6901
5.66033,552.65,48.9472,,75.0633
5.68034,692.588,46.9817,,65.0014
5.70033,810.149,44.3113,,52.8466
5.72033,9.02E+02,40.7096,,38.9813
5.74034,963.783,35.5536,,23.8704
5.76034,994.898,26.7512,,7.94836
5.78033,993.854,6.24049,,-8.19343
5.80033,960.706,-22.5784,,-24.0658
5.82034,896.511,-37.846,,-39.2063
5.84033,803.343,-44.2538,,-53.0253
5.86033,684.218,-47.4596,,-65.1634
5.88034,542.993,-49.3934,,-75.1912
5.90034,384.208,-50.6791,,-82.7828
5.92033,213.019,-51.471,,-87.7081
5.94033,34.941,-51.7663,,-89.788
5.96034,-144.261,-51.5824,,-88.9744
5.98033,-318.802,-50.9339,,-85.2833
6.00033,-483.05,-49.7899,,-78.8387
6.02034,-631.67,-48.0998,,-69.8382
6.04034,-759.901,-45.7719,,-58.6061
6.06033,-863.569,-42.6479,,-45.4481
6.08033,-939.334,-38.3178,,-30.8302
6.10034,-984.73,-31.657,,-15.2293
6.12033,-998.342,-17.9605,,0.860745
6.14033,-979.684,10.2129,,16.9415
6.16033,-929.344,32.2776,,32.4817
6.18034,-849.002,41.5836,,46.9395
6.20033,-741.208,45.8459,,59.9091
6.22033,-609.468,48.2296,,7.09E+01
6.24034,-458.036,49.7742,,7.97E+01
6.26034,-291.805,50.7824,,8.58E+01
6.28033,-116.15,51.291,,8.92E+01
6.30033,63.26,51.3252,,89.7021
6.32034,240.625,50.8919,,87.3084
6.34033,410.22,49.9786,,82.0927
6.36033,566.561,48.5513,,74.2154
6.38034,704.573,46.5275,,63.9521
6.40034,819.855,43.7876,,51.6211
6.42033,908.62,40.0906,,37.617
6.44033,968.044,34.7441,,22.3962
6.46034,996.18,25.3703,,6.46068
6.48033,992.112,3.40156,,-9.70143
6.50033,956.008,-24.5599,,-25.5301
6.52034,888.984,-38.501,,-40.5522
6.54034,793.246,-44.4137,,-54.2461
6.56033,671.893,-47.4354,,-66.1891
6.58033,528.818,-49.3037,,-76.0143
6.60034,368.661,-50.5434,,-83.3563
6.62033,196.584,-51.2729,,-88.0209
6.64033,18.1611,-51.5226,,-89.8343
6.66033,-160.851,-51.3121,,-88.7498
6.68034,-334.665,-50.6243,,-84.7959
6.70033,-497.658,-49.425,,-78.0999
6.72033,-644.598,-47.6849,,-68.8928
6.74034,-770.67,-45.3114,,-57.4252
6.76034,-871.843,-42.104,,-44.1311
6.78033,-944.874,-37.6328,,-29.436
6.80033,-987.371,-30.6435,,-13.7355
6.82034,-997.949,-15.7881,,2.38008
6.84033,-976.305,12.9313,,18.4242
6.86033,-923.079,33.404,,33.8744
6.88034,-840.042,41.9294,,48.2284
6.90034,-729.851,45.9069,,61.0225
6.92033,-596.087,48.1804,,71.845
6.94033,-443.06,49.6723,,80.3507
6.96034,-275.713,50.6321,,86.2506
6.98033,-99.4617,51.095,,89.3727
7.00033,80.005,51.086,,89.6012
7.02034,256.89,50.6235,,86.9412
7.04034,425.466,49.6643,,81.4608
7.06033,580.302,48.1791,,73.3606
7.08033,716.382,46.1052,,62.8824
7.10034,829.319,43.3066,,50.3655
7.12033,915.429,39.5017,,36.2328
7.14033,972.007,33.9415,,20.9428
7.16033,997.161,23.9048,,4.95189
7.18034,990.088,0.525784,,-11.1975
7.20033,951.033,-26.3769,,-26.9776
7.22033,881.238,-39.1133,,-41.8894
7.24034,782.962,-44.5847,,-55.4468
7.26034,659.382,-47.4461,,-6.72E+01
7.28033,514.512,-49.2489,,-7.68E+01
7.30033,353.004,-50.4329,,-8.39E+01
7.32034,180.096,-51.1165,,-8.83E+01
7.34033,1.37348,-51.3241,,-89.856
7.36033,-177.397,-51.076,,-88.5011
7.38034,-350.436,-50.3391,,-84.2847
7.40034,-512.154,-49.0941,,-7.73E+01
7.42033,-657.316,-47.3133,,-6.79E+01
7.44033,-781.245,-44.8699,,-5.63E+01
7.46034,-879.92,-41.5759,,-4.28E+01
7.48033,-950.166,-36.9644,,-2.80E+01
7.50033,-989.711,-29.604,,-1.23E+01
7.52034,-997.302,-13.4758,,3.90E+00
7.54034,-972.64,15.5178,,1.99E+01
7.56033,-916.551,34.424,,3.53E+01
7.58033,-830.845,42.2569,,4.95E+01
7.60034,-718.289,45.9992,,6.21E+01
7.62033,-582.521,48.1682,,7.27E+01
7.64033,-427.949,49.5997,,8.10E+01
7.66033,-259.533,50.5094,,8.67E+01
7.68034,-82.7421,50.9256,,8.95E+01
7.70033,96.7268,50.8865,,8.95E+01
7.72033,273.07,50.38,,8.65E+01
7.74034,440.594,49.3684,,8.08E+01
7.76034,593.877,47.8406,,7.25E+01
7.78033,727.968,45.712,,6.18E+01
7.80033,838.539,42.8459,,4.91E+01
7.82034,922.014,38.9171,,3.49E+01
7.84033,975.706,33.1286,,1.95E+01
7.86033,997.879,22.3478,,3.44E+00
7.88034,987.797,-2.37551,,-1.27E+01
7.90034,945.792,-28.0297,,-2.84E+01
7.92033,873.209,-39.6743,,-4.32E+01
7.94033,772.429,-44.7738,,-5.66E+01
7.96034,646.67,-47.4878,,-6.82E+01
7.98033,500.043,-49.2094,,-7.76E+01
8.00033,337.253,-50.344,,-8.44E+01
8.02034,163.56,-50.992,,-8.86E+01
8.04034,-15.4151,-51.1561,,-8.99E+01
8.06033,-193.893,-50.8572,,-8.82E+01
8.08033,-366.102,-50.0826,,-83.7462
8.10034,-526.486,-48.7989,,-76.5612
8.12033,-669.862,-46.9641,,-66.9118
8.14033,-791.581,-44.4575,,-55.0755
8.16033,-887.723,-41.0684,,-41.4862
8.18034,-955.19,-36.2943,,-26.5456
8.20033,-991.81,-28.5301,,-10.7568
8.22033,-996.368,-11.0405,,5.40544
8.24034,-968.721,17.9555,,21.3683
8.26034,-909.784,35.3642,,36.6533
8.28033,-821.408,42.5789,,50.7651
8.30033,-706.54,46.0934,,63.1977
8.32034,-568.824,48.1711,,7.36E+01
8.34033,-412.721,49.5552,,8.17E+01
8.36033,-243.293,50.4147,,8.70E+01
8.38034,-66.0055,50.7913,,89.6363
8.40034,113.422,50.7031,,89.3214
8.42033,289.18,50.154,,86.1268
8.44033,455.593,49.1047,,80.1408
8.46034,607.288,47.5294,,71.5669
8.48033,739.341,45.3408,,60.6808
8.50033,847.533,42.3951,,47.8538
8.52034,928.335,38.3514,,33.4564
8.54034,979.136,32.3079,,17.9757
8.56033,998.295,20.6744,,1.92958
8.58033,985.204,-5.251,,-14.179
8.60034,940.261,-29.5501,,-29.8528
8.62033,864.945,-40.2099,,-44.5361
8.64033,761.684,-44.9577,,-57.7924
8.66033,633.792,-47.5348,,-69.1756
8.68034,485.448,-49.1993,,-78.3229
8.70033,321.403,-50.2827,,-84.9469
8.72033,146.977,-50.8774,,-88.823
8.74034,-32.1995,-51.0052,,-89.8217
8.76034,-210.334,-50.6705,,-87.9277
8.78033,-381.669,-49.8494,,-83.187
8.80033,-540.676,-48.5113,,-75.7613
8.82034,-682.212,-46.6294,,-65.892
8.84033,-801.711,-44.0536,,-53.885
8.86033,-895.294,-40.5749,,-40.1294
8.88034,-959.945,-35.6327,,-25.1002
8.90034,-993.597,-27.3941,,-9.25566
8.92033,-995.139,-8.46811,,6.91629
8.94033,-964.512,20.2253,,22.835
8.96034,-902.73,36.2225,,38.0269
8.98033,-811.758,42.8912,,52.0067
9.00033,-694.561,46.2025,,64.2573
9.02034,-554.944,48.1998,,74.4806
9.04034,-397.378,49.5207,,82.275
9.06033,-226.978,50.3381,,87.4114
9.08033,-49.2423,50.6715,,89.7299
9.10034,130.084,50.5475,,89.1432
9.12033,305.208,49.9482,,85.6823
9.14033,470.468,48.8502,,79.4477
9.16033,620.533,47.2317,,70.6542
9.18034,750.531,44.9846,,59.563
9.20033,856.3,41.9545,,46.5456
9.22033,934.374,37.7861,,32.0575
9.24034,982.288,31.4637,,16.4942
9.26034,998.449,18.876,,0.42651
9.28033,982.353,-8.08157,,-15.6785
9.30033,934.486,-30.9361,,-31.2711
9.32034,856.444,-40.7122,,-45.8389
9.34033,750.731,-45.1436,,-58.9425
9.36033,620.747,-47.5953,,-7.01E+01
9.38034,470.709,-49.2008,,-7.91E+01
9.40034,305.469,-50.2419,,-8.54E+01
9.42033,130.356,-50.7839,,-8.90E+01
9.44033,-48.9707,-50.8652,,-89.7701
9.46034,-226.712,-50.4912,,-87.6031
9.48033,-397.128,-49.6386,,-82.6071
9.50033,-554.714,-48.2465,,-74.9372
9.52034,-694.375,-46.3031,,-64.8576
9.54034,-811.604,-43.6679,,-52.6548
9.56033,-902.593,-40.0881,,-38.7821
9.58033,-964.429,-34.9549,,-23.6411
9.60034,-995.096,-26.1876,,-7.7474
9.62033,-993.624,-5.79907,,8.41341
9.64033,-960.054,22.3377,,24.288
9.66033,-895.428,37.0179,,39.4031
9.68034,-801.869,43.1895,,53.2066
9.70033,-682.413,46.3127,,65.3262
9.72033,-540.903,48.2327,,75.3077
9.74034,-381.923,49.5115,,82.8734
9.76034,-210.594,50.27,,87.7493
9.78033,-32.4693,50.5608,,89.7988
9.80033,146.711,50.3964,,88.9419
9.82034,321.151,49.7645,,85.2146
9.84033,485.201,48.617,,78.7253
9.86033,633.592,46.9314,,69.7129
9.88034,761.503,44.6373,,58.42
9.90034,864.805,41.5293,,45.2618
9.92033,940.168,37.2225,,30.6327
9.94033,985.152,30.5926,,15.0056
9.96034,998.303,16.9234,,-1.09021
9.98033,979.207,-10.8369,,-17.158
10.0003,928.452,-32.196,,-32.6809
10.0203,847.689,-41.1789,,-47.1439
10.0403,739.539,-45.3311,,-60.0669
10.0603,607.512,-47.6742,,-71.0611
10.0803,455.84,-49.2039,,-79.771
10.1003,289.431,-50.2028,,-85.8833
10.1203,113.69,-50.7105,,-89.2266
10.1403,-65.7323,-50.7475,,-89.6891
10.1603,-243.031,-50.3263,,-87.2554
10.1803,-412.477,-49.4201,,-81.9974
10.2003,-568.597,-47.9909,,-74.098
10.2203,-706.341,-45.9947,,-63.7971
10.2403,-821.266,-43.2857,,-51.4318
10.2603,-909.638,-39.599,,-37.4027
10.2803,-968.63,-34.2617,,-22.1813
10.3003,-996.324,-24.9041,,-6.24391
10.3203,-991.828,-3.04369,,9.91994
10.3403,-955.287,24.2927,,25.7472
10.3603,-887.861,37.7528,,40.7446
10.3803,-791.758,43.4769,,54.4149
10.4003,-670.066,46.4309,,6.64E+01
10.4203,-526.716,48.2754,,7.61E+01
10.4403,-366.358,49.5008,,8.34E+01
10.4603,-194.161,50.2227,,8.81E+01
10.4803,-15.6853,50.4691,,89.8424
10.5003,163.294,50.2605,,88.7132
10.5203,336.998,49.5809,,84.7233
10.5403,499.81,48.3889,,7.80E+01
10.5603,646.478,46.6602,,6.87E+01
10.5803,772.258,44.2946,,5.73E+01
10.6003,873.079,41.0961,,4.40E+01
10.6203,945.69,36.6567,,2.92E+01
10.6403,987.746,29.6836,,1.35E+01
10.6603,997.88,14.8303,,-2.59E+00
10.6803,975.796,-13.4955,,-1.86E+01
10.7003,922.141,-33.3538,,-3.41E+01
10.7203,838.697,-41.6134,,-4.84E+01
10.7403,728.169,-45.5085,,-6.12E+01
10.7603,594.094,-47.7527,,-7.20E+01
10.7803,440.83,-49.2361,,-8.04E+01
10.8003,273.335,-50.1765,,-8.63E+01
10.8203,96.9953,-50.6288,,-8.94E+01
10.8403,-82.4732,-50.6438,,-8.96E+01
10.8603,-259.278,-50.1832,,-8.69E+01
10.8803,-427.707,-49.2211,,-8.14E+01
10.9003,-582.311,-47.7392,,-7.32E+01
10.9203,-718.105,-45.6896,,-6.27E+01
10.9403,-830.689,-42.9071,,-5.02E+01
10.9603,-916.443,-39.1107,,-3.60E+01
10.9803,-972.56,-33.5598,,-2.07E+01
11.0003,-997.268,-23.5242,,-4.73E+00
11.0203,-989.76,-0.220773,,1.14E+01
11.0403,-950.273,26.0961,,2.72E+01
11.0603,-880.063,38.4193,,4.21E+01
11.0803,-781.419,43.7488,,5.56E+01
11.1003,-657.526,46.5638,,6.74E+01
11.1203,-512.38,48.3331,,7.69E+01
11.1403,-350.695,49.5022,,8.40E+01
11.1603,-177.661,50.1785,,8.84E+01
11.1803,1.10379,50.3915,,8.99E+01
11.2003,179.835,50.1365,,8.85E+01
11.2203,352.753,49.4042,,84.2048
11.2403,514.274,48.1715,,77.2329
11.2603,659.178,46.3969,,67.7569
11.2803,782.786,43.9584,,56.0994
11.3003,881.094,40.6755,,42.6142
11.3203,950.934,36.0775,,27.7845
11.3403,990.059,28.7238,,12.0177
11.3603,997.18,12.5791,,-4.11163
11.3803,972.091,-16.0286,,-20.115
11.4003,915.564,-34.4043,,-35.4817
11.4203,829.46,-42.0262,,-49.6854
11.4403,716.579,-45.696,,-62.285
11.4603,580.512,-47.842,,-7.29E+01
11.4803,425.707,-49.2567,,-8.11E+01
11.5003,257.145,-50.1546,,-8.67E+01
11.5203,80.2742,-50.5812,,-89.5361
11.5403,-99.1917,-50.5421,,-89.454
11.5603,-275.456,-50.0303,,-86.4849
11.5803,-442.813,-49.0287,,-80.7085
11.6003,-595.861,-47.5087,,-72.3438
11.6203,-729.654,-45.3921,,-61.6331
11.6403,-839.883,-42.5303,,-48.9328
11.6603,-922.973,-38.6227,,-34.6429
11.6803,-976.228,-32.8349,,-19.2431
11.7003,-997.959,-22.0168,,-3.21777
11.7203,-987.416,2.62016,,12.9151
11.7403,-944.992,27.7418,,28.6265
11.7603,-872.002,39.0432,,43.4155
11.7803,-770.856,44.0234,,56.8004
11.8003,-644.795,46.6835,,68.3443
11.8203,-497.901,48.3845,,77.6893
11.8403,-334.922,49.5134,,84.5134
11.8603,-161.123,50.1511,,88.6168
11.8803,17.8903,50.308,,89.8525
11.9003,196.324,50.0104,,88.1854
11.9203,368.407,49.2434,,83.663
11.9403,528.595,47.9645,,76.4513
11.9603,671.693,46.1234,,66.7495
11.9803,793.093,43.6254,,54.9135
12.0003,888.871,40.2527,,41.286
12.0203,955.926,35.4884,,26.3392
12.0403,992.094,27.7063,,10.5194
12.0603,996.188,10.1836,,-5.62728
12.0803,968.115,-18.4186,,-21.5852
12.1003,908.742,-35.3721,,-36.8553
12.1203,820.015,-42.4215,,-50.9377
12.1403,704.774,-45.8681,,-63.3682
12.1603,566.774,-47.9266,,-73.7456
12.1803,410.467,-49.2977,,-81.7467
12.2003,240.89,-50.1539,,-87.1054
12.2203,63.532,-50.5246,,-89.6536
12.2403,-115.882,-50.4419,,-89.2965
12.2603,-291.554,-49.8944,,-86.0639
12.2803,-457.801,-48.8519,,-80.0393
12.3003,-609.249,-47.2712,,-71.4354
12.3203,-741.023,-4.51E+01,,-60.5168
12.3403,-848.829,-42.1545,,-47.6606
12.3603,-929.242,-38.126,,-33.245
12.3803,-979.615,-32.0877,,-17.7626
12.4003,-998.339,-20.3878,,-1.7043
12.4203,-984.785,5.46504,,14.4057
12.4403,-9.39E+02,29.2563,,30.06
12.4603,-863.698,39.6117,,44.718
12.4803,-760.089,44.2718,,57.9673
12.5003,-631.887,46.8263,,6.93E+01
12.5203,-483.283,48.4491,,7.84E+01
12.5403,-319.059,49.5192,,8.50E+01
12.5603,-144.528,50.1174,,8.89E+01
12.5803,34.6726,50.2426,,89.8191
12.6003,212.754,49.8963,,87.8804
12.6203,383.956,49.0755,,83.1022
12.6403,542.757,47.7522,,75.6487
12.6603,684.017,45.8715,,65.7243
12.6803,803.183,43.3011,,53.711
12.7003,896.377,39.837,,39.9352
12.7203,960.629,34.9051,,24.8861
12.7403,993.823,26.6435,,9.02288
12.7603,994.919,7.64974,,-7.13337
12.7803,963.863,-20.6759,,-23.0456
12.8003,901.659,-36.2602,,-38.2298
12.8203,810.314,-42.7821,,-52.1784
12.8403,692.775,-46.0621,,-64.4324
12.8603,552.872,-48.0261,,-74.5936
12.8803,395.103,-49.3307,,-82.3642
12.9003,224.561,-50.1459,,-87.4632
12.9203,46.7688,-50.4889,,-89.743
12.9403,-132.54,-50.3586,,-89.1156
12.9603,-307.563,-49.7513,,-85.6123
12.9803,-472.651,-48.6673,,-79.3465
13.0003,-622.464,-47.0466,,-70.5041
13.0203,-752.166,-44.8063,,-59.3965
13.0403,-857.547,-41.7846,,-46.3555
13.0603,-935.228,-37.6235,,-31.8474
13.0803,-982.725,-31.2869,,-16.2862
13.1003,-998.43,-18.6188,,-0.194022
13.1203,-981.895,8.24867,,15.8899
13.1403,-933.61,30.6344,,31.4824
13.1603,-855.154,40.166,,46.0407
13.1803,-749.069,44.5195,,59.099
13.2003,-618.805,46.9411,,70.2734
13.2203,-468.514,48.5131,,79.1623
13.2403,-303.108,49.547,,85.4925
13.2603,-127.895,50.0941,,89.067
13.2803,51.4457,50.172,,89.7593
13.3003,229.127,49.798,,87.5532
13.3203,399.404,48.9506,,82.5203
13.3403,556.772,47.578,,74.8115
13.3603,696.145,45.6323,,64.6882
13.3803,813.033,42.9757,,52.4923
13.4003,903.642,39.3931,,38.5788
13.4203,965.056,34.2698,,23.4268
13.4403,995.298,25.4728,,7.52213
13.4603,993.385,5.01069,,-8.63065
13.4803,959.349,-22.7615,,-24.5172
13.5003,894.317,-37.0805,,-39.5924
13.5203,800.388,-43.1422,,-53.3852
13.5403,680.609,-46.2344,,-6.55E+01
13.5603,538.822,-48.123,,-7.54E+01
13.5803,379.631,-49.3821,,-8.30E+01
13.6003,208.173,-50.1467,,-8.78E+01
13.6203,29.9927,-50.4433,,-89.8084
13.6403,-149.16,-50.2678,,-88.9084
13.6603,-323.496,-49.6249,,-85.147
13.6803,-487.376,-48.4911,,-7.86E+01
13.7003,-635.51,-46.819,,-6.96E+01
13.7203,-763.118,-44.5121,,-5.83E+01
13.7403,-866.046,-41.4062,,-4.51E+01
13.7603,-941.008,-37.1059,,-3.04E+01
13.7803,-985.55,-30.4572,,-1.48E+01
13.8003,-998.264,-16.6947,,1.32E+00
13.8203,-978.71,10.971,,1.74E+01
13.8403,-927.539,31.895,,3.29E+01
13.8603,-846.383,40.6686,,4.73E+01
13.8803,-737.881,44.7509,,6.02E+01
13.9003,-605.544,47.0671,,7.12E+01
13.9203,-453.624,48.581,,7.99E+01
13.9403,-287.069,49.565,,8.59E+01
13.9603,-111.23,50.074,,8.93E+01
13.9803,68.2028,50.107,,8.97E+01
14.0003,245.433,49.6694,,8.72E+01
14.0203,414.729,48.7692,,8.19E+01
14.0403,570.63,47.3685,,7.40E+01
14.0603,708.086,45.3558,,6.36E+01
14.0803,822.67,42.6302,,5.13E+01
14.1003,910.65,38.9556,,3.72E+01
14.1203,969.224,33.6302,,2.20E+01
14.1403,996.488,24.2098,,6.03E+00
14.1603,991.555,2.27162,,-1.01E+01
14.1803,954.574,-24.6839,,-2.60E+01
14.2003,886.732,-37.8355,,-4.10E+01
14.2203,790.24,-43.4733,,-5.46E+01
14.2403,668.223,-46.396,,-6.65E+01
14.2603,524.615,-48.2222,,-7.62E+01
14.2803,364.046,-49.4333,,-8.35E+01
14.3003,191.721,-50.151,,-8.81E+01
14.3203,13.2071,-50.3931,,-8.98E+01
14.3403,-165.739,-50.1827,,-8.87E+01
14.3603,-339.327,-49.5016,,-84.6492
14.3803,-501.958,-48.3121,,-77.8791
14.4003,-648.367,-46.5853,,-68.599
14.4203,-773.791,-44.2243,,-57.0898
14.4403,-874.262,-41.0298,,-43.7527
14.4603,-946.487,-36.5733,,-29.0076
14.4803,-988.105,-29.5796,,-13.2938
14.5003,-997.803,-14.6171,,2.83205
14.5203,-975.251,13.5896,,18.8544
14.5403,-921.19,33.0561,,34.289
14.5603,-837.361,41.1393,,48.5969
14.5803,-726.473,44.9723,,61.3564
14.6003,-592.102,47.1933,,7.21E+01
14.6203,-438.611,48.6564,,8.05E+01
14.6403,-270.948,49.5934,,8.64E+01
14.6603,-94.5313,50.0433,,89.4172
14.6803,84.9416,50.0362,,89.567
14.7003,261.67,49.5693,,86.8227
14.7203,429.94,48.6214,,81.2759
14.7403,584.323,47.1435,,73.0977
14.7603,719.828,45.0809,,62.5705
14.7803,832.07,42.2962,,49.9974
14.8003,917.414,38.5099,,35.8279
14.8203,973.112,32.9491,,20.4871
14.8403,997.395,22.8351,,4.51499
14.8603,989.439,-0.513984,,-11.634
14.8803,949.512,-26.4561,,-27.4081
14.9003,878.891,-38.531,,-42.2747
14.9203,779.874,-43.7826,,-55.7957
14.9403,655.66,-46.5587,,-67.5066
14.9603,510.257,-48.312,,-77.0363
14.9803,348.368,-49.4822,,-84.0682
15.0003,175.226,-50.1573,,-88.3927
15.0203,-3.58036,-50.3503,,-89.8607
15.0403,-182.27,-50.0952,,-88.421
15.0603,-355.069,-49.3755,,-84.1265
15.0803,-516.393,-48.143,,-77.1177
15.1003,-661.035,-46.3524,,-67.6085
15.1203,-784.316,-43.9188,,-55.9273
15.1403,-882.259,-40.6436,,-42.424
15.1603,-951.691,-36.0367,,-27.563
15.1803,-990.364,-28.6426,,-11.799
15.2003,-997.056,-12.3665,,4.32794
15.2203,-971.522,16.0848,,20.3446
15.2403,-914.578,34.1071,,35.6842
15.2603,-828.082,41.587,,49.8657
15.2803,-714.84,45.1999,,62.4433
15.3003,-578.5,47.3157,,73.0063
15.3203,-423.468,48.7269,,81.2009
15.3403,-254.75,49.6176,,86.7815
15.3603,-77.8083,50.0247,,89.5531
15.3803,101.657,49.9766,,89.435
15.4003,277.836,49.4638,,86.4198
15.4203,445.029,48.4653,,80.6161
15.4403,597.856,46.9402,,72.217
15.4603,731.359,44.8175,,61.467
15.4803,841.22,4.20E+01,,48.7383
15.5003,923.907,38.0416,,34.4335
15.5203,976.735,32.2438,,19.025
15.5403,998.015,21.3497,,2.99963
15.5603,987.046,-3.33152,,-13.1367
15.5803,9.44E+02,-28.0836,,-28.8289
15.6003,870.813,-39.1678,,-43.6135
15.6203,769.273,-44.0764,,-56.9746
15.6403,642.901,-46.7171,,-6.85E+01
15.6603,495.753,-48.4064,,-7.78E+01
15.6803,332.585,-49.5259,,-8.46E+01
15.7003,158.67,-50.1579,,-8.86E+01
15.7203,-20.3669,-50.3213,,-89.849
15.7403,-198.749,-50.0157,,-88.1397
15.7603,-370.709,-49.2436,,-83.5861
15.7803,-530.692,-47.9665,,-76.3315
15.8003,-673.529,-46.1331,,-66.5964
15.8203,-794.593,-43.6238,,-54.7417
15.8403,-889.988,-40.2455,,-41.0844
15.8603,-956.624,-35.4796,,-26.1168
15.8803,-992.357,-27.6546,,-10.3043
15.9003,-996.025,-9.97976,,5.84291
15.9203,-967.508,18.4563,,21.8074
15.9403,-907.715,35.0782,,37.0557
15.9603,-818.596,42.0005,,51.1174
15.9803,-703.026,45.4116,,63.5231
16.0003,-564.739,47.45,,73.8829
16.0203,-408.202,48.7992,,81.8349
16.0403,-238.485,49.6435,,87.1611
16.0603,-61.0565,50.0166,,89.6661
16.0803,118.341,49.9175,,89.2734
16.1003,293.921,49.3592,,85.9975
16.1203,460.003,48.312,,79.9405
16.1403,611.215,46.7432,,71.298
16.1603,742.684,44.5586,,60.3649
16.1803,850.148,41.6123,,47.455
16.2003,930.139,37.5713,,33.0385
16.2203,980.083,31.5107,,17.5443
16.2403,998.366,19.7327,,1.49286
16.2603,984.388,-6.13605,,-14.6302
16.2803,938.598,-29.5839,,-30.264
16.3003,862.457,-39.7691,,-44.9255
16.3203,758.483,-44.352,,-58.1348
16.3403,629.962,-46.8734,,-69.4595
16.3603,481.108,-48.5115,,-78.5434
16.3803,316.712,-49.5824,,-85.0905
16.4003,142.076,-50.1579,,-88.8862
16.4203,-37.1483,-50.2766,,-89.8126
16.4403,-215.174,-49.941,,-87.8336
16.4603,-386.242,-49.124,,-83.0147
16.4803,-544.832,-47.79,,-75.5277
16.5003,-685.817,-45.8996,,-65.5779
16.5203,-804.64,-43.3313,,-53.5263
16.5403,-897.473,-39.8486,,-39.7392
16.5603,-961.294,-34.8933,,-24.6656
16.5803,-994.061,-26.583,,-8.80432
16.6003,-994.711,-7.46162,,7.34252
16.6203,-963.227,20.6715,,23.2809
16.6403,-900.591,35.9759,,38.416
16.6603,-808.871,42.3895,,52.3721
16.6803,-690.993,45.614,,6.46E+01
16.7003,-550.817,47.5701,,7.47E+01
16.7203,-392.823,48.8769,,8.25E+01
16.7403,-222.147,49.6702,,8.75E+01
16.7603,-44.2925,49.9901,,89.7518
16.7803,134.994,49.857,,89.0891
16.8003,309.921,49.2609,,85.5425
16.8203,474.831,48.1524,,7.92E+01
16.8403,624.392,46.5338,,7.04E+01
16.8603,753.792,44.2962,,5.92E+01
16.8803,858.833,41.2678,,4.62E+01
16.9003,936.116,37.0883,,3.16E+01
16.9203,983.151,30.7359,,1.61E+01
16.9403,998.431,17.9629,,-2.30E-02
16.9603,981.43,-8.90466,,-1.61E+01
16.9803,932.743,-30.9557,,-3.17E+01
17.0003,853.898,-40.3254,,-4.62E+01
17.0203,747.449,-44.625,,-5.93E+01
17.0403,616.846,-47.0294,,-7.04E+01
17.0603,466.33,-48.6046,,-7.93E+01
17.0803,300.741,-49.6305,,-8.56E+01
17.1003,125.438,-50.1651,,-8.91E+01
17.1203,-53.9186,-50.2371,,-8.97E+01
17.1403,-231.537,-49.8579,,-8.75E+01
17.1603,-401.674,-48.9984,,-8.24E+01
17.1803,-558.835,-47.6079,,-7.47E+01
17.2003,-697.922,-45.6635,,-6.45E+01
17.2203,-814.473,-43.0268,,-5.23E+01
17.2403,-9.05E+02,-39.4443,,-3.84E+01
17.2603,-965.703,-34.2865,,-2.32E+01
17.2803,-995.501,-25.4253,,-7.29E+00
17.3003,-993.127,-4.82093,,8.85E+00
17.3203,-958.665,22.7264,,2.47E+01
17.3403,-893.223,36.8026,,3.98E+01
17.3603,-798.904,42.7619,,5.36E+01
17.3803,-678.786,45.8088,,6.56E+01
17.4003,-536.735,47.6909,,7.55E+01
17.4203,-377.337,48.943,,8.30E+01
17.4403,-205.748,49.6966,,8.78E+01
17.4603,-27.5154,49.9777,,8.98E+01
17.4803,151.609,49.7944,,8.89E+01
17.5003,325.833,49.1513,,85.0682
17.5203,489.537,48.0087,,78.5189
17.5403,637.414,46.3291,,69.4218
17.5603,764.687,44.0176,,58.089
17.5803,867.273,40.9142,,44.862
17.6003,941.821,36.5986,,30.2153
17.6203,985.943,29.9181,,14.5705
17.6403,998.211,16.0294,,-1.5389
17.6603,978.209,-11.6036,,-17.5998
17.6803,926.605,-32.2061,,-33.0934
17.7003,845.055,-40.8424,,-47.518
17.7203,736.216,-44.8824,,-60.3967
17.7403,603.568,-47.1811,,-7.13E+01
17.7603,451.419,-48.695,,-8.00E+01
17.7803,284.694,-49.6738,,-8.60E+01
17.8003,108.767,-50.1716,,-8.93E+01
17.8203,-70.6747,-50.2058,,-89.6624
17.8403,-247.831,-49.7686,,-87.1447
17.8603,-416.987,-48.8661,,-81.8224
17.8803,-572.663,-47.4391,,-73.8352
17.9003,-709.834,-45.4321,,-63.485
17.9203,-824.082,-42.71,,-51.0663
17.9403,-911.68,-39.0254,,-37.0077
17.9603,-969.842,-33.6719,,-21.7477
17.9803,-996.646,-24.1722,,-5.79115
18.0003,-991.264,-2.08566,,10.3521
18.0203,-953.853,24.6283,,26.1775
18.0403,-885.598,37.5503,,41.1411
18.0603,-788.731,43.1109,,54.7905
18.0803,-666.378,46.0039,,66.6427
18.1003,-522.493,47.8021,,76.3646
18.1203,-361.74,49.0078,,83.6039
18.1403,-189.297,49.7216,,88.1494
18.1603,-10.7314,49.9602,,89.8504
18.1803,168.18,49.7337,,88.6432
18.2003,341.656,49.0428,,84.5729
18.2203,504.097,47.8553,,77.7693
18.2403,650.242,46.122,,68.449
18.2603,775.374,43.7483,,56.9191
18.2803,875.461,40.5479,,43.5713
18.3003,947.265,36.0878,,28.776
18.3203,988.446,29.0528,,13.0738
18.3403,997.696,13.9448,,-3.04805
18.3603,974.707,-14.1981,,-19.0702
18.3803,920.23,-33.3569,,-34.4937
18.4003,836.012,-41.3247,,-48.7903
18.4203,724.774,-45.1308,,-61.5143
18.4403,590.107,-47.3331,,-72.2574
18.4603,436.379,-48.7878,,-80.6378
18.4803,268.561,-49.7215,,-86.4394
18.5003,92.0632,-50.1711,,-89.4381
18.5203,-87.4104,-50.1618,,-89.5487
18.5403,-264.059,-49.687,,-86.765
18.5603,-432.18,-48.7331,,-81.1812
18.5803,-586.327,-47.2592,,-72.9624
18.6003,-721.53,-45.1961,,-62.4031
18.6203,-833.42,-42.4015,,-49.8221
18.6403,-918.391,-38.59,,-35.6221
18.6603,-973.68,-33.0079,,-20.2779
18.6803,-997.507,-22.8162,,-4.2855
18.7003,-989.106,0.692678,,11.8461
18.7203,-9.49E+02,26.3946,,27.629
18.7403,-877.716,38.2566,,42.4769
18.7603,-778.33,43.4323,,55.9651
18.7803,-653.776,46.1846,,6.77E+01
18.8003,-508.125,47.9289,,7.71E+01
18.8203,-346.042,49.0776,,8.41E+01
18.8403,-172.787,49.7329,,8.84E+01
18.8603,6.05607,49.9422,,89.8614
18.8803,184.705,49.6744,,88.3826
18.9003,357.379,48.9366,,84.0474
18.9203,518.516,47.7003,,77.0042
18.9403,662.893,45.9149,,67.466
18.9603,785.844,43.475,,55.7454
18.9803,883.418,40.178,,42.2311
19.0003,952.425,35.5578,,27.3372
19.0203,990.675,28.1296,,11.5955
19.0403,996.916,11.7047,,-4.56968
19.0603,970.926,-16.6628,,-20.5437
19.0803,913.583,-34.414,,-35.8832
19.1003,826.707,-41.7844,,-50.0607
19.1203,713.115,-45.3599,,-62.6056
19.1403,576.482,-47.4733,,-73.1319
19.1603,421.218,-48.8796,,-81.3046
19.1803,252.354,-49.7669,,-86.8332
19.2003,75.3356,-50.1667,,-89.5725
19.2203,-104.122,-50.1188,,-89.4126
19.2403,-280.211,-49.6045,,-86.3571
19.2603,-447.251,-48.6009,,-80.5225
19.2803,-599.832,-47.0756,,-72.0776
19.3003,-733.023,-44.948,,-61.2937
19.3203,-842.557,-42.0769,,-48.5667
19.3403,-924.849,-38.1526,,-34.2329
19.3603,-977.256,-32.3189,,-18.8036
19.3803,-998.102,-21.3237,,-2.7708
19.4003,-986.666,3.5028,,13.3539
19.4203,-943.373,28.0087,,29.0561
19.4403,-869.576,38.9024,,43.799
19.4603,-767.698,43.7422,,57.1411
19.4803,-641.008,46.366,,68.6365
19.5003,-493.6,48.038,,77.9101
19.5203,-330.247,49.1372,,84.6703
19.5403,-156.226,49.7522,,88.6851
19.5603,22.8436,49.9199,,89.8443
19.5803,201.176,49.6118,,88.0986
19.6003,373.007,48.8265,,83.5013
19.6203,532.787,47.536,,76.2124
19.6403,675.348,45.7016,,66.4633
19.6603,796.105,43.1911,,54.5472
19.6803,891.1,39.8034,,40.8862
19.7003,957.334,35.0113,,25.9114
19.7203,992.622,27.136,,10.0804
19.7403,995.838,9.30728,,-6.0706
19.7603,966.89,-19.0013,,-22.0127
19.7803,906.671,-35.3795,,-37.2761
19.8003,817.161,-42.2058,,-51.3107
19.8203,701.244,-45.5884,,-63.6653
19.8403,562.696,-47.6184,,-7.40E+01
19.8603,405.944,-48.9622,,-8.19E+01
19.8803,236.076,-49.8065,,-8.72E+01
19.9003,58.5846,-50.1698,,-89.6802
19.9203,-120.801,-50.0812,,-89.247
19.9403,-296.287,-49.5119,,-85.9335
19.9603,-462.199,-48.4616,,-7.98E+01
19.9803,-613.169,-46.8923,,-7.12E+01
20.0003,-744.316,-44.7012,,-6.02E+01
20.0203,-851.441,-41.748,,-4.73E+01
20.0403,-931.026,-37.6928,,-3.28E+01
20.0603,-980.55,-31.5989,,-1.73E+01
20.0803,-998.397,-19.6884,,-1.27E+00
20.1003,-983.981,6.30607,,1.48E+01
20.1203,-937.737,29.4857,,3.05E+01
20.1403,-861.214,39.5037,,4.51E+01
20.1603,-756.853,44.0421,,5.83E+01
20.1803,-628.044,46.5432,,6.96E+01
20.2003,-478.944,48.1444,,7.87E+01
20.2203,-314.366,49.1984,,8.52E+01
20.2403,-139.624,49.7822,,8.89E+01
20.2603,39.6233,49.9005,,8.98E+01
20.2803,217.594,49.5439,,8.78E+01
20.3003,388.528,48.7082,,8.29E+01
20.3203,546.903,47.3786,,7.54E+01
20.3403,687.635,45.4952,,6.54E+01
20.3603,806.105,42.9011,,5.33E+01
20.3803,8.99E+02,39.4132,,3.95E+01
20.4003,961.964,34.4412,,2.45E+01
20.4203,994.301,26.0719,,8.59E+00
20.4403,994.507,6.77637,,-7.57E+00
20.4603,962.57,-21.1929,,-2.35E+01
20.4803,899.522,-36.2675,,-3.86E+01
20.5003,807.422,-42.6057,,-5.25E+01
20.5203,689.209,-45.8059,,-6.47E+01
20.5403,548.749,-47.7539,,-7.48E+01
20.5603,390.55,-49.056,,-8.25E+01
20.5803,219.737,-49.8493,,-8.76E+01
20.6003,41.8184,-50.1656,,-8.98E+01
20.6203,-137.448,-50.0326,,-8.91E+01
20.6403,-312.273,-49.4257,,-85.4764
20.6603,-477.015,-48.3297,,-79.139
20.6803,-626.33,-46.6988,,-70.2296
20.7003,-755.413,-44.4482,,-59.0599
20.7203,-860.094,-41.4128,,-45.9854
20.7403,-936.968,-37.2274,,-31.4111
20.7603,-983.567,-30.834,,-15.8501
20.7803,-998.429,-17.906,,0.243417
20.8003,-980.987,9.05445,,16.3418
20.8203,-931.845,30.8387,,31.8896
20.8403,-852.594,40.0618,,46.4237
20.8603,-745.804,44.3211,,59.4349
20.8803,-614.903,46.7108,,7.06E+01
20.9003,-464.136,48.252,,7.94E+01
20.9203,-298.382,49.2654,,8.56E+01
20.9403,-122.979,49.8003,,8.91E+01
20.9603,56.3922,49.8682,,89.7382
20.9803,233.946,49.4763,,87.453
21.0003,403.936,48.6016,,82.3373
21.0203,560.875,47.2252,,74.5669
21.0403,699.698,45.2637,,64.391
21.0603,815.898,42.6099,,52.1147
21.0803,905.746,39.0246,,38.1853
21.1003,966.331,33.8483,,22.9915
21.1203,995.693,24.9135,,7.08677
21.1403,992.885,4.1345,,-9.08074
21.1603,957.983,-23.221,,-24.9377
21.1803,892.124,-37.0869,,-40.0003
21.2003,797.425,-42.9866,,-53.7559
21.2203,676.968,-46.01,,-65.7707
21.2403,534.648,-47.8932,,-75.6797
21.2603,375.043,-49.1394,,-83.1248
21.2803,203.329,-49.8815,,-87.8915
21.3003,25.0406,-50.1562,,-89.8219
21.3203,-154.058,-49.9861,,-88.8457
21.3403,-328.176,-49.3379,,-84.9963
21.3603,-491.682,-48.1867,,-78.4064
21.3803,-639.311,-46.499,,-69.2753
21.4003,-766.282,-44.1921,,-57.9237
21.4203,-868.497,-41.0745,,-44.6718
21.4403,-942.643,-36.7402,,-30.0016
21.4603,-986.319,-30.0079,,-14.3562
21.4803,-998.157,-15.9662,,1.76265
21.5003,-977.717,11.7241,,17.8112
21.5203,-925.691,32.0781,,33.3008
21.5403,-843.743,40.595,,47.7181
21.5603,-734.527,44.5924,,60.5556
21.5803,-601.602,46.8614,,71.4764
21.6003,-449.212,48.3535,,80.0751
21.6203,-282.318,49.3292,,86.0722
21.6403,-106.306,49.8148,,89.3044
21.6603,73.1452,49.8382,,89.6481
21.6803,250.231,49.4071,,87.0907
21.7003,419.233,48.4847,,81.7258
21.7203,574.687,47.0517,,73.7114
21.7403,711.563,45.0396,,63.3109
21.7603,825.453,42.3141,,50.8921
21.7803,912.691,38.6086,,36.8142
21.8003,970.418,33.2233,,21.5314
21.8203,996.796,23.6562,,5.56687
21.8403,990.972,1.41013,,-10.5717
21.8603,9.53E+02,-25.1089,,-26.3902
21.8803,884.46,-37.8513,,-41.3466
21.9003,787.203,-43.3322,,-54.9564
21.9203,664.53,-46.2105,,-6.68E+01
21.9403,520.392,-48.0239,,-7.65E+01
21.9603,359.437,-49.2214,,-8.37E+01
21.9803,186.865,-49.9155,,-8.82E+01
22.0003,8.25437,-50.1508,,-89.8533
22.0203,-170.62,-49.9384,,-88.6034
22.0403,-343.982,-49.2408,,-84.4974
22.0603,-506.229,-48.0385,,-77.6564
22.0803,-652.126,-46.3065,,-68.3135
22.1003,-776.951,-43.9333,,-56.7411
22.1203,-876.634,-40.7149,,-43.3649
22.1403,-948.026,-36.2355,,-28.5628
22.1603,-988.779,-29.1495,,-12.8687
22.1803,-997.609,-13.8641,,3.2679
22.2003,-974.175,14.2997,,19.2911
22.2203,-919.27,33.2204,,34.7064
22.2403,-834.639,41.0801,,48.9801
22.2603,-723.053,44.8433,,61.6799
22.2803,-588.105,47.0236,,72.3702
22.3003,-434.164,48.4576,,80.7433
22.3203,-266.182,49.3813,,86.4998
22.3403,-89.598,49.8264,,89.4604
22.3603,89.8765,49.8163,,89.53
22.3803,266.448,49.3316,,86.7099
22.4003,434.412,48.3628,,81.0847
22.4203,588.338,46.8889,,72.8374
22.4403,723.245,44.8077,,62.2392
22.4603,834.792,42.0042,,49.6332
22.4803,919.362,38.1903,,35.4206
22.5003,974.22,32.578,,20.0601
22.5203,997.61,22.278,,4.06036
22.5403,988.772,-1.369,,-12.0728
22.5603,947.977,-26.8465,,-27.8235
22.5803,876.53,-38.5505,,-42.6898
22.6003,776.764,-43.6815,,-56.1405
22.6203,651.919,-46.4121,,-67.7935
22.6403,505.994,-48.1383,,-77.2613
22.6603,343.724,-49.296,,-84.2261
22.6803,170.349,-49.9633,,-88.4733
22.7003,-8.53345,-50.1521,,-89.8599
22.7203,-187.138,-49.8779,,-88.3418
22.7403,-359.697,-49.1375,,-83.9711
22.7603,-520.632,-47.9046,,-76.8817
22.7803,-664.739,-46.1176,,-67.3258
22.8003,-787.385,-43.6545,,-55.5702
22.8203,-884.569,-40.3548,,-42.0351
22.8403,-953.174,-35.7189,,-27.1261
22.8603,-990.974,-28.2272,,-11.3637
22.8803,-996.784,-11.6011,,4.7761
22.9003,-970.358,16.7564,,20.7767
22.9203,-912.575,34.2691,,36.0881
22.9403,-825.313,41.5406,,50.2322
22.9603,-711.381,45.0813,,62.7728
22.9803,-574.451,47.1716,,7.33E+01
23.0003,-418.977,48.5613,,8.14E+01
23.0203,-249.956,49.4435,,8.69E+01
23.0403,-72.8648,49.8361,,89.5867
23.0603,106.584,49.7783,,89.39
23.0803,282.588,49.2608,,86.2979
23.1003,449.455,48.2469,,8.04E+01
23.1203,601.807,46.7093,,7.19E+01
23.1403,734.715,44.577,,6.11E+01
23.1603,843.881,41.6975,,4.84E+01
23.1803,925.781,37.7615,,3.40E+01
23.2003,977.761,31.8944,,1.86E+01
23.2203,998.16,20.7769,,2.54E+00
23.2403,986.304,-4.17328,,-1.36E+01
23.2603,942.571,-28.4373,,-2.93E+01
23.2803,868.363,-39.1968,,-4.40E+01
23.3003,766.108,-43.9982,,-5.73E+01
23.3203,639.097,-46.6002,,-6.88E+01
23.3403,491.441,-48.2591,,-7.80E+01
23.3603,327.911,-49.3644,,-8.47E+01
23.3803,153.782,-49.9905,,-8.87E+01
23.4003,-25.3197,-50.141,,-8.98E+01
23.4203,-203.599,-49.8122,,-8.81E+01
23.4403,-375.306,-49.0371,,-8.34E+01
23.4603,-534.877,-47.7552,,-7.61E+01
23.4803,-677.178,-45.906,,-6.63E+01
23.5003,-797.58,-43.3825,,-5.44E+01
23.5203,-892.23,-39.9833,,-4.07E+01
23.5403,-958.025,-35.1703,,-2.57E+01
23.5603,-992.879,-27.2293,,-9.87E+00
23.5803,-995.66,-9.1871,,6.29E+00
23.6003,-966.262,19.069,,2.22E+01
23.6203,-905.654,35.2259,,3.75E+01
23.6403,-815.75,41.9681,,5.15E+01
23.6603,-699.499,45.3246,,6.38E+01
23.6803,-560.658,47.3268,,7.41E+01
23.7003,-403.681,48.6541,,8.20E+01
23.7203,-233.673,49.4897,,8.73E+01
23.7403,-56.1126,49.8496,,8.97E+01
23.7603,123.26,49.7521,,8.92E+01
23.7803,298.651,49.174,,85.8652
23.8003,464.388,48.1194,,79.7382
23.8203,615.121,46.5418,,71.0243
23.8403,745.984,44.3411,,60.0339
23.8603,852.736,41.3741,,47.0866
23.8803,931.936,37.3088,,32.6103
23.9003,981.025,31.1717,,17.1163
23.9203,998.41,19.1331,,1.03662
23.9403,983.558,-6.95707,,-15.0585
23.9603,936.894,-29.9098,,-30.6952
23.9803,859.955,-39.8046,,-45.3074
24.0003,755.233,-44.2949,,-58.4707
24.0203,626.122,-46.7816,,-6.97E+01
24.0403,476.758,-48.3829,,-7.88E+01
24.0603,312.007,-49.4441,,-8.52E+01
24.0803,137.173,-50.0172,,-8.90E+01
24.1003,-42.0992,-50.1271,,-89.797
24.1203,-220.007,-49.7648,,-87.7367
24.1403,-390.805,-48.9329,,-82.8467
24.1603,-548.983,-47.6033,,-75.2806
24.1803,-689.415,-45.7036,,-65.2685
24.2003,-807.561,-43.101,,-53.1749
24.2203,-899.647,-39.6007,,-39.3482
24.2403,-962.629,-34.6096,,-24.2273
24.2603,-994.517,-26.1582,,-8.36002
24.2803,-994.271,-6.64099,,7.7972
24.3003,-961.894,21.2355,,23.696
24.3203,-898.451,36.1068,,38.832
24.3403,-805.946,42.375,,52.7208
24.3603,-687.404,45.5526,,64.8948
24.3803,-546.672,47.4655,,74.9674
24.4003,-388.268,48.7406,,82.6285
24.4203,-217.317,49.5421,,87.6165
24.4403,-39.3429,49.8643,,89.7707
24.4603,139.901,49.7062,,89.0286
24.4803,314.621,49.096,,85.4059
24.5003,479.183,47.9954,,79.0342
24.5203,628.265,46.3615,,70.0933
24.5403,757.049,44.0887,,58.8963
24.5603,861.349,41.0448,,45.7838
24.5803,937.819,36.8475,,31.2166
24.6003,984.012,30.4075,,15.6228
24.6203,998.381,17.3404,,-0.485059
24.6403,980.516,-9.7023,,-16.5441
24.6603,930.963,-31.2516,,-32.1027
24.6803,851.296,-40.3661,,-46.6157
24.7003,744.143,-44.5826,,-59.605
24.7203,612.957,-46.961,,-70.6801
24.7403,461.953,-48.4998,,-79.4738
24.7603,296.022,-49.5132,,-85.702
24.7803,120.524,-50.0451,,-89.1545
24.8003,-58.8646,-50.1113,,-89.7262
24.8203,-236.349,-49.7043,,-87.3994
24.8403,-406.201,-48.8304,,-82.2543
24.8603,-562.93,-47.4509,,-74.4409
24.8803,-701.465,-45.4867,,-64.2301
24.9003,-817.331,-42.8217,,-51.9461
24.9203,-906.799,-39.215,,-37.9758
24.9403,-966.956,-34.0158,,-22.7772
24.9603,-995.867,-24.9922,,-6.84503
24.9803,-992.583,-3.99192,,9.30819
25.0003,-957.26,23.2464,,25.1361
25.0203,-891.005,36.9301,,40.1911
25.0403,-795.935,42.7574,,53.9436
25.0603,-675.148,45.7607,,6.59E+01
25.0803,-532.551,47.6096,,7.58E+01
25.1003,-372.747,48.8379,,8.32E+01
25.1203,-200.901,49.5862,,8.79E+01
25.1403,-22.5648,49.8572,,89.8263
25.1603,156.504,49.6718,,88.8111
25.1803,330.513,49.0176,,84.9253
25.2003,493.838,47.8564,,78.2969
25.2203,641.213,46.1724,,69.1374
25.2403,767.871,43.8474,,57.75
25.2603,869.715,40.7134,,44.4861
25.2803,943.47,36.3667,,29.7982
25.3003,986.706,29.5937,,14.1119
25.3203,998.084,15.3798,,-1.97796
25.3403,977.218,-12.3616,,-18.0308
25.3603,924.753,-32.4806,,-33.5159
25.3803,842.408,-40.8939,,-47.8932
25.4003,732.849,-44.8607,,-60.7275
25.4203,599.612,-47.129,,-71.6063
25.4403,447,-48.608,,-80.1706
25.4603,279.944,-49.5769,,-86.1416
25.4803,103.845,-50.072,,-89.3289
25.5003,-75.6145,-50.0966,,-89.633
25.5203,-252.628,-49.6381,,-87.0351
25.5403,-421.481,-48.7178,,-81.6322
25.5603,-576.711,-47.2962,,-73.5863
25.5803,-713.311,-45.2781,,-63.1613
25.6003,-826.843,-42.5259,,-50.6986
25.6203,-913.671,-38.804,,-36.5956
25.6403,-970.988,-33.3998,,-21.3247
25.6603,-996.932,-23.728,,-5.35243
25.6803,-990.652,-1.25414,,10.8169
25.7003,-952.353,25.1169,,26.594
25.7203,-883.28,37.6834,,41.5358
25.7403,-785.685,43.1172,,55.1338
25.7603,-662.682,45.9681,,66.9401
25.7803,-518.279,47.7451,,76.5962
25.8003,-357.125,48.932,,83.7699
25.8203,-184.432,49.6323,,88.2379
25.8403,-5.77683,49.8517,,89.855
25.8603,173.061,49.6307,,88.568
25.8803,346.306,48.9335,,84.4203
25.9003,508.368,47.7245,,77.5469
25.9203,653.991,45.9857,,68.1612
25.9403,778.483,43.5931,,56.5656
25.9603,877.822,40.3701,,43.179
25.9803,948.808,35.8686,,28.3614
26.0003,989.132,28.722,,12.638
26.0203,997.499,13.2621,,-3.49487
26.0403,973.637,-14.9114,,-19.5179
26.0603,918.268,-33.614,,-34.9101
26.0803,833.279,-41.3893,,-49.147
26.1003,721.353,-45.1223,,-61.8529
26.1203,586.095,-47.2873,,-7.25E+01
26.1403,431.928,-48.7143,,-8.08E+01
26.1603,263.794,-49.6519,,-8.66E+01
26.1803,87.1315,-50.0863,,-89.4807
26.2003,-92.3428,-50.0632,,-89.5105
26.2203,-268.834,-49.5755,,-86.6484
26.2403,-436.636,-48.6141,,-8.10E+01
26.2603,-590.33,-47.1317,,-7.27E+01
26.2803,-724.959,-45.0451,,-6.21E+01
26.3003,-836.142,-42.2271,,-4.94E+01
26.3203,-920.322,-38.3991,,-3.52E+01
26.3403,-974.754,-32.7468,,-1.98E+01
26.3603,-997.708,-22.3381,,-3.84E+00
26.3803,-988.407,1.53005,,1.23E+01
26.4003,-947.175,26.8358,,2.80E+01
26.4203,-875.331,38.3848,,4.29E+01
26.4403,-775.196,43.4577,,5.63E+01
26.4603,-650.044,46.1744,,6.79E+01
26.4803,-503.855,47.8812,,7.74E+01
26.5003,-341.392,49.0151,,8.43E+01
26.5203,-167.905,49.6685,,8.85E+01
26.5403,11.0097,49.8652,,8.99E+01
26.5603,189.568,49.5908,,8.83E+01
26.5803,362.007,48.8386,,8.39E+01
26.6003,522.74,47.5858,,7.68E+01
26.6203,666.581,45.7876,,6.72E+01
26.6403,788.887,43.3393,,5.54E+01
26.6603,885.704,40.0221,,4.18E+01
26.6803,953.9,35.3426,,2.69E+01
26.7003,991.266,27.7971,,1.11E+01
26.7203,996.632,10.9933,,-5.00E+00
26.7403,969.776,-17.3441,,-2.10E+01
26.7603,911.571,-34.6581,,-3.63E+01
26.7803,823.917,-41.8556,,-5.04E+01
26.8003,709.64,-45.3632,,-6.29E+01
26.8203,572.428,-47.4452,,-7.34E+01
26.8403,416.734,-48.8283,,-8.15E+01
26.8603,247.564,-49.7128,,-8.70E+01
26.8803,70.3947,-50.106,,-8.96E+01
26.9003,-109.044,-50.0395,,-8.94E+01
26.9203,-284.964,-49.5082,,-86.2402
26.9403,-451.676,-48.4996,,-80.321
26.9603,-603.795,-46.9629,,-71.8064
26.9803,-736.399,-44.8182,,-60.9837
27.0003,-845.202,-41.9195,,-48.1706
27.0203,-926.698,-37.9668,,-33.8271
27.0403,-978.269,-32.0627,,-18.363
27.0603,-998.213,-20.8166,,-2.33247
27.0803,-985.919,4.33158,,13.7906
27.1003,-941.75,28.413,,29.4746
27.1203,-867.14,39.0325,,44.1954
27.1403,-764.517,43.7767,,57.4949
27.1603,-637.199,46.3633,,6.89E+01
27.1803,-489.29,48.0084,,7.81E+01
27.2003,-325.566,49.0968,,8.48E+01
27.2203,-151.334,49.7079,,8.88E+01
27.2403,27.7952,49.8542,,89.8354
27.2603,206.024,49.5401,,88.0072
27.2803,377.601,48.7483,,83.3389
27.3003,536.973,47.4491,,75.9791
27.3203,678.994,45.5937,,66.1511
27.3403,799.08,43.0621,,54.1988
27.3603,893.325,39.6502,,40.4919
27.3803,958.737,34.8131,,25.4756
27.4003,993.147,26.7992,,9.65235
27.4203,995.484,8.55997,,-6.5173
27.4403,965.641,-19.6375,,-22.4582
27.4603,904.597,-35.6075,,-37.6701
27.4803,814.313,-42.2819,,-51.6664
27.5003,697.734,-45.6085,,-63.9958
27.5203,558.586,-47.6107,,-74.254
27.5403,401.411,-48.9339,,-82.1125
27.5603,231.261,-49.7658,,-87.3194
27.5803,53.6406,-50.1191,,-89.7079
27.6003,-125.718,-50.0168,,-89.1958
27.6203,-301.013,-49.4446,,-85.7989
27.6403,-466.58,-48.3751,,-79.6309
27.6603,-617.069,-46.7896,,-70.8854
27.6803,-747.626,-44.5822,,-59.8692
27.7003,-854.021,-41.6092,,-46.8895
27.7203,-932.817,-37.5172,,-32.4255
27.7403,-981.485,-31.3296,,-16.8849
27.7603,-998.437,-19.1504,,-0.816723
27.7803,-983.135,7.1098,,15.2775
27.8003,-936.038,29.8616,,30.9009
27.8203,-858.694,39.64,,45.5042
27.8403,-753.617,44.0915,,58.6486
27.8603,-624.181,46.546,,69.8802
27.8803,-474.58,48.1296,,78.8649
27.9003,-309.651,49.179,,85.3037
27.9203,-134.718,49.7456,,88.9788
27.9403,44.572,49.8473,,89.788
27.9603,222.421,49.4811,,87.6897
27.9803,393.082,48.6516,,82.7605
28.0003,551.045,47.3028,,75.162
28.0203,691.223,45.3878,,65.1296
28.0403,809.026,42.7901,,52.9748
28.0603,900.694,39.2759,,39.1323
28.0803,963.263,34.2434,,24.0316
28.1003,994.738,25.7142,,8.13927
28.1203,994.051,6.00802,,-8.01452
28.1403,961.245,-21.7788,,-23.9132
28.1603,897.365,-36.4912,,-39.0368
28.1803,804.479,-42.6927,,-52.9088
28.2003,685.611,-45.8322,,-6.50E+01
28.2203,544.605,-47.7558,,-7.51E+01
28.2403,385.987,-49.0409,,-8.27E+01
28.2603,214.899,-49.8254,,-8.77E+01
28.2803,36.8698,-50.1246,,-89.7832
28.3003,-142.354,-49.9813,,-89.0003
28.3203,-316.975,-49.3748,,-85.3352
28.3403,-481.354,-48.2593,,-78.9213
28.3603,-630.186,-46.6071,,-69.9567
28.3803,-758.642,-44.336,,-58.7224
28.4003,-862.6,-41.2903,,-45.6056
28.4203,-938.681,-37.0615,,-30.9994
28.4403,-984.429,-30.5584,,-15.4005
28.4603,-998.363,-17.3331,,0.691734
28.4803,-980.053,9.83881,,16.7766
28.5003,-930.054,31.1921,,32.2961
28.5203,-850.014,40.2064,,46.8134
28.5403,-742.499,44.3804,,59.7758
28.5603,-610.999,46.7248,,70.8186
28.5803,-459.753,48.2531,,79.5828
28.6003,-293.65,49.2572,,85.7691
28.6203,-118.066,49.7825,,89.1764
28.6403,61.3372,49.8381,,89.7152
28.6603,238.761,49.4292,,87.3505
28.6803,408.463,48.5509,,82.1605
28.7003,564.97,47.1554,,74.3167
28.7203,703.225,45.1787,,64.0788
28.7403,818.758,42.5054,,51.7521
28.7603,907.815,38.8911,,37.7621
28.7803,967.547,33.6582,,22.568
28.8003,996.029,24.5368,,6.6417
28.8203,992.334,3.34398,,-9.52272
28.8403,956.551,-23.768,,-25.3735
28.8603,889.863,-37.3032,,-40.3924
28.8803,794.418,-43.08,,-54.1105
28.9003,673.317,-46.0492,,-66.0733
28.9203,530.452,-47.8963,,-75.9133
28.9403,370.446,-49.1327,,-83.2935
28.9603,198.475,-49.8752,,-87.9845
28.9803,20.0883,-50.141,,-89.8327
29.0003,-158.948,-49.9495,,-88.7757
29.0203,-332.846,-49.2905,,-84.8484
29.0403,-495.996,-48.1295,,-78.1963
29.0603,-643.115,-46.4334,,-68.9905
29.0803,-769.454,-44.101,,-57.5747
29.1003,-870.924,-40.9494,,-44.2894
29.1203,-944.255,-36.5775,,-29.586
29.1403,-987.097,-29.7528,,-13.9128
29.1603,-998.028,-15.3578,,2.20154
29.1803,-976.713,12.4907,,18.2659
29.2003,-923.824,32.4203,,33.7062
29.2203,-841.086,40.7305,,48.0919
29.2403,-731.154,44.6479,,60.8978
29.2603,-597.627,46.8957,,7.17E+01
29.2803,-444.779,48.3775,,8.03E+01
29.3003,-277.564,49.3347,,8.62E+01
29.3203,-101.378,49.8051,,89.3514
29.3403,78.0834,49.8177,,89.615
29.3603,255.019,49.381,,86.9814
29.3803,423.721,48.4502,,81.5344
29.4003,578.726,46.992,,7.35E+01
29.4203,715.036,44.9676,,6.30E+01
29.4403,828.234,42.2263,,5.05E+01
29.4603,914.686,38.486,,3.64E+01
29.4803,971.573,33.0323,,2.11E+01
29.5003,997.056,23.2582,,5.12E+00
29.5203,990.349,0.605054,,-1.10E+01
29.5403,951.623,-25.6188,,-2.68E+01
29.5603,882.136,-38.0564,,-4.17E+01
29.5803,784.153,-43.4401,,-5.53E+01
29.6003,660.829,-46.2602,,-6.71E+01
29.6203,516.161,-48.043,,-7.67E+01
29.6403,354.806,-49.226,,-8.39E+01
29.6603,181.996,-49.924,,-8.83E+01
29.6803,3.30155,-50.1476,,-8.99E+01
29.7003,-175.501,-49.9086,,-8.85E+01
29.7203,-348.629,-49.2069,,-8.43E+01
29.7403,-510.493,-48.0014,,-7.74E+01
29.7603,-655.863,-46.2552,,-6.80E+01
29.7803,-780.054,-43.8526,,-5.64E+01
29.8003,-879.021,-40.609,,-4.30E+01
29.8203,-949.59,-36.0801,,-2.81E+01
29.8403,-989.476,-28.8845,,-1.24E+01
29.8603,-997.391,-13.2214,,3.72E+00
29.8803,-973.085,15.0356,,1.97E+01
29.9003,-917.319,33.5376,,3.51E+01
29.9203,-831.91,41.2149,,4.94E+01
29.9403,-719.622,44.912,,6.20E+01
29.9603,-584.092,47.0721,,7.26E+01
29.9803,-429.696,48.4924,,8.09E+01
30.0003,-261.399,49.3959,,8.66E+01
30.0203,-84.6626,49.8286,,8.95E+01
30.0403,94.8091,49.8058,,8.95E+01
30.0603,271.218,49.3166,,86.5906
30.0803,438.867,48.334,,80.8919
30.1003,592.33,46.8378,,72.5784
30.1203,726.659,44.748,,61.9199
30.1403,837.505,41.9231,,49.2611
30.1603,921.285,38.0753,,35.0022
30.1803,975.28,32.3815,,19.6237
30.2003,997.806,21.8539,,3.62831
30.2203,988.068,-2.18388,,-12.539
30.2403,946.388,-27.3197,,-28.2343
30.2603,874.144,-38.7585,,-43.0777
30.2803,773.654,-43.7826,,-56.4802
30.3003,648.153,-46.4566,,-6.81E+01
30.3203,501.718,-48.1778,,-7.75E+01
30.3403,339.066,-49.3271,,-8.44E+01
30.3603,165.461,-49.9735,,-8.86E+01
30.3803,-13.4876,-50.141,,-89.8555
30.4003,-192.004,-49.8683,,-88.2612
30.4203,-364.311,-49.1369,,-83.8075
30.4403,-524.85,-47.8707,,-76.6564
30.4603,-668.434,-46.0545,,-67.032
30.4803,-790.427,-43.5866,,-55.2091
30.5003,-886.849,-40.2638,,-41.6428
30.5203,-954.637,-35.5714,,-26.7066
30.5403,-991.578,-27.9396,,-10.9235
30.5603,-996.486,-10.9085,,5.23133
30.5803,-969.182,17.4472,,21.209
30.6003,-910.554,34.5587,,36.4889
30.6203,-822.51,41.6839,,50.6174
30.6403,-707.881,45.1708,,63.0799
30.6603,-570.397,47.2322,,73.5169
30.6803,-414.475,48.6019,,81.5847
30.7003,-245.156,49.466,,87.0094
30.7203,-67.9229,49.8587,,89.6198
30.7403,111.507,49.7823,,89.3429
30.7603,287.339,49.2553,,86.1731
30.7803,453.879,48.234,,80.2191
30.8003,605.759,46.6718,,71.6799
30.8203,738.052,44.5175,,60.808
30.8403,846.515,41.6248,,47.9995
30.8603,927.63,37.6525,,33.6063
30.8803,978.747,31.6948,,18.1483
30.9003,998.244,20.3158,,2.10085
30.9203,985.499,-4.97933,,-14.0114
30.9403,940.913,-28.8768,,-29.6796
30.9603,865.906,-39.4042,,-44.3875
30.9803,762.922,-44.1047,,-57.6623
31.0003,635.277,-46.6618,,-69.0626
31.0203,487.123,-48.3109,,-78.2381
31.0403,323.233,-49.4016,,-84.8857
31.0603,148.885,-50.0163,,-88.7959
31.0803,-30.2712,-50.1516,,-89.8303
31.1003,-208.452,-49.8299,,-87.9646
31.1203,-379.89,-49.0378,,-83.249
31.1403,-539.054,-47.7268,,-75.8548
31.1603,-680.814,-45.8655,,-66.0134
31.1803,-800.562,-43.3282,,-54.0143
31.2003,-894.44,-39.8944,,-40.2958
31.2203,-959.419,-35.019,,-25.2561
31.2403,-993.397,-26.9341,,-9.42497
31.2603,-995.286,-8.467,,6.73286
31.2803,-965.019,19.7159,,22.659
31.3003,-903.548,35.508,,37.889
31.3203,-812.877,42.116,,51.8431
31.3403,-695.947,45.412,,64.1497
31.3603,-556.545,47.3886,,7.44E+01
31.3803,-399.15,48.701,,8.22E+01
31.4003,-228.85,49.5275,,8.74E+01
31.4203,-51.1655,49.8808,,89.7173
31.4403,128.174,49.7545,,89.1674
31.4603,303.373,49.1784,,85.733
31.4803,468.763,48.1092,,79.5272
31.5003,619.018,46.5123,,70.7561
31.5203,749.268,44.2918,,59.6879
31.5403,855.29,41.3025,,46.7132
31.5603,933.699,37.2001,,32.2026
31.5803,981.929,30.9678,,16.6682
31.6003,998.435,18.6415,,0.599752
31.6203,982.676,-7.7554,,-15.5135
31.6403,935.156,-30.3304,,-31.101
31.6603,857.423,-39.998,,-45.6932
31.6803,751.993,-44.4012,,-58.8067
31.7003,622.248,-46.8522,,-70.0253
31.7203,472.404,-48.4556,,-78.9722
31.7403,307.3,-49.4915,,-85.3701
31.7603,132.26,-50.0439,,-89.0145
31.7803,-47.0471,-50.1438,,-89.7777
31.8003,-224.834,-49.7864,,-87.6403
31.8203,-395.361,-48.9451,,-82.6773
31.8403,-553.111,-47.5811,,-75.0265
31.8603,-692.981,-45.6671,,-64.9787
31.8803,-810.48,-43.0573,,-52.7979
31.9003,-9.02E+02,-39.5259,,-38.9451
31.9203,-963.94,-34.4568,,-23.8106
31.9403,-994.956,-25.8357,,-7.91869
31.9603,-993.82,-5.88697,,8.2361
31.9803,-960.577,21.8399,,24.1383
32.0003,-896.261,36.3796,,39.2459
32.0203,-803.017,42.5259,,53.0634
32.0403,-683.811,45.637,,65.2112
32.0603,-542.525,47.5403,,75.2086
32.0803,-383.696,48.8151,,82.8056
32.1003,-212.482,49.5891,,87.7103
32.1203,-34.3948,49.8934,,89.7928
32.1403,144.805,49.7273,,88.968
32.1603,319.322,49.1099,,85.2645
32.1803,483.526,47.996,,78.8183
32.2003,632.1,46.338,,69.8117
32.2203,760.251,44.057,,58.5569
32.2403,863.847,40.9867,,45.4104
32.2603,939.514,36.737,,30.7925
32.2803,984.84,30.2035,,15.1798
32.3003,998.325,16.8002,,-0.922142
32.3203,979.574,-10.4846,,-16.9844
32.3403,929.143,-31.643,,-32.5301
32.3603,848.694,-40.5598,,-46.9818
32.3803,740.839,-44.6962,,-59.938
32.4003,609.042,-47.043,,-7.10E+01
32.4203,457.548,-48.5764,,-7.97E+01
32.4403,291.281,-49.5624,,-8.58E+01
32.4603,115.603,-50.0803,,-8.92E+01
32.4803,-63.8088,-50.1468,,-89.7017
32.5003,-241.162,-49.7307,,-87.2956
32.5203,-410.72,-48.8375,,-82.0681
32.5403,-567.008,-47.4381,,-7.42E+01
32.5603,-704.982,-45.4643,,-6.39E+01
32.5803,-820.156,-42.7762,,-5.16E+01
32.6003,-908.829,-39.1316,,-3.76E+01
32.6203,-968.165,-33.8593,,-2.23E+01
32.6403,-996.2,-24.6514,,-6.42E+00
32.6603,-992.057,-3.21534,,9.74E+00
32.6803,-955.856,23.8194,,2.56E+01
32.7003,-888.738,37.1904,,4.06E+01
32.7203,-792.934,42.906,,5.43E+01
32.7403,-671.483,45.8552,,6.62E+01
32.7603,-528.357,47.6918,,7.60E+01
32.7803,-368.147,48.916,,8.34E+01
32.8003,-196.047,49.6383,,8.80E+01
32.8203,-17.6112,49.9028,,8.98E+01
32.8403,161.394,49.7062,,8.87E+01
32.8603,335.188,49.0398,,8.48E+01
32.8803,498.14,47.8622,,7.81E+01
32.9003,645.006,46.1554,,6.89E+01
32.9203,771.028,43.82,,5.74E+01
32.9403,872.114,40.6603,,4.41E+01
32.9603,945.047,36.2567,,2.94E+01
32.9803,987.454,29.3764,,1.37E+01
33.0003,997.941,14.8053,,-2.42E+00
33.0203,976.186,-13.1148,,-1.85E+01
33.0403,922.867,-32.858,,-3.39E+01
33.0603,839.727,-41.0893,,-4.83E+01
33.0803,729.462,-44.9707,,-6.10E+01
33.1003,595.641,-47.2116,,-7.19E+01
33.1203,442.563,-48.6946,,-8.04E+01
33.1403,275.179,-49.6449,,-8.63E+01
33.1603,98.9137,-50.1117,,-8.94E+01
33.1803,-80.5534,-50.1272,,-8.96E+01
33.2003,-257.416,-49.6773,,-86.9264
33.2203,-425.963,-48.74,,-81.438
33.2403,-580.742,-47.2791,,-73.3275
33.2603,-716.753,-45.2517,,-62.8431
33.2803,-829.607,-42.4914,,-50.3334
33.3003,-915.666,-38.7272,,-36.2043
33.3203,-972.119,-33.2436,,-20.8701
33.3403,-997.188,-23.3564,,-4.91057
33.3603,-990.032,-0.45963,,11.2391
33.3803,-950.86,25.6523,,27.0341
33.4003,-880.974,37.9335,,41.9335
33.4203,-782.614,43.2587,,55.482
33.4403,-658.958,46.0734,,6.72E+01
33.4603,-514.039,47.8343,,7.68E+01
33.4803,-352.492,49.0015,,8.39E+01
33.5003,-179.56,49.688,,8.83E+01
33.5203,-0.823149,49.9139,,89.8566
33.5403,177.938,49.6642,,88.4932
33.5603,350.951,48.9535,,84.2693
33.5803,512.625,47.7401,,77.314
33.6003,657.733,45.9805,,67.8739
33.6203,781.591,43.5575,,56.2322
33.6403,880.177,40.3096,,42.7709
33.6603,950.345,35.768,,27.9417
33.6803,989.802,28.4998,,12.2017
33.7003,997.277,12.6264,,-3.94552
33.7203,972.525,-15.6453,,-19.942
33.7403,916.341,-33.9542,,-35.3283
33.7603,830.535,-41.5775,,-49.5321
33.7803,717.917,-45.2544,,-62.1642
33.8003,582.085,-47.3872,,-72.7754
33.8203,427.451,-48.7978,,-81.0264
33.8403,259.01,-49.7142,,-86.6799
33.8603,82.1964,-50.1523,,-89.5208
33.8803,-97.2748,-50.114,,-89.4703
33.9003,-273.598,-49.6079,,-86.5286
33.9203,-441.087,-48.6323,,-80.7928
33.9403,-594.323,-47.1327,,-72.4496
33.9603,-728.357,-45.0329,,-61.7535
33.9803,-838.842,-42.1815,,-49.0682
34.0003,-922.228,-38.3141,,-34.8124
34.0203,-975.814,-32.6006,,-19.407
34.0403,-997.897,-21.936,,-3.39822
34.0603,-987.715,2.34619,,12.7382
34.0803,-945.609,27.3309,,28.4675
34.1003,-872.954,38.6147,,43.2691
34.1203,-772.07,43.6031,,56.6592
34.1403,-646.265,46.2794,,68.2387
34.1603,-499.569,47.9701,,77.598
34.1803,-336.733,49.0916,,84.4583
34.2003,-163.018,49.7349,,88.5869
34.2203,15.9644,49.9201,,89.8518
34.2403,194.43,49.6269,,88.2176
34.2603,366.616,48.8628,,83.73
34.2803,526.955,47.6077,,76.5399
34.3003,670.273,45.7881,,66.8633
34.3203,791.905,43.3045,,55.0416
34.3403,887.981,39.9577,,41.454
34.3603,955.369,35.2471,,26.4891
34.3803,991.865,27.5614,,10.7091
34.4003,996.33,10.3113,,-5.44976
34.4203,968.591,-18.041,,-21.4279
34.4403,909.543,-34.9816,,-36.6951
34.4603,821.107,-42.0356,,-50.7867
34.4803,706.159,-45.4958,,-63.2474
34.5003,568.369,-47.5518,,-7.36E+01
34.5203,412.222,-48.9188,,-8.17E+01
34.5403,242.764,-49.7833,,-8.71E+01
34.5603,65.4532,-50.1717,,-89.6399
34.5803,-113.969,-50.0977,,-89.3168
34.6003,-289.707,-49.5481,,-86.1106
34.6203,-456.079,-48.525,,-80.1134
34.6403,-607.721,-46.9713,,-71.5516
34.6603,-739.73,-44.8074,,-60.6501
34.6803,-847.83,-41.882,,-47.797
34.7003,-928.535,-37.8882,,-33.4035
34.7203,-979.219,-31.9036,,-17.9301
34.7403,-998.303,-20.376,,-1.88624
34.7603,-985.116,5.14086,,14.2341
34.7803,-940.09,28.8745,,29.8823
34.8003,-864.678,39.2631,,44.5862
34.8203,-761.321,43.9276,,57.8334
34.8403,-633.378,46.4738,,69.2112
34.8603,-484.963,48.1045,,78.3497
34.8803,-320.881,49.1811,,84.9591
34.9003,-146.434,49.7829,,88.8273
34.9203,32.7467,49.9178,,89.8237
34.9403,210.871,49.5805,,87.9181
34.9603,382.183,48.7758,,83.1703
34.9803,541.143,47.4717,,75.7313
35.0003,682.616,45.5997,,65.858
35.0203,802.032,43.0405,,53.8421
35.0403,895.538,39.5973,,40.091
35.0603,960.102,34.7064,,25.0568
35.0803,993.659,26.5347,,9.19146
35.1003,995.101,7.84279,,-6.94893
35.1203,964.368,-20.2929,,-22.8984
35.1403,902.491,-35.9175,,-38.064
35.1603,811.445,-42.4733,,-52.0284
35.1803,694.188,-45.7403,,-64.3089
35.2003,554.492,-47.708,,-74.5023
35.2203,396.877,-49.0328,,-82.3029
35.2403,226.435,-49.8497,,-87.4231
35.2603,48.6929,-50.1895,,-89.7315
35.2803,-130.629,-50.0683,,-89.1374
35.3003,-305.732,-49.4859,,-85.6686
35.3203,-470.952,-48.4152,,-79.4221
35.3403,-620.96,-46.7968,,-70.6199
35.3603,-750.902,-44.575,,-59.5253
35.3803,-856.573,-41.575,,-46.5171
35.4003,-934.576,-37.4441,,-31.9977
35.4203,-982.378,-31.1671,,-16.4514
35.4403,-998.45,-18.6673,,-0.374755
35.4603,-982.242,7.91436,,15.7337
35.4803,-934.294,30.296,,31.3023
35.5003,-856.168,39.8603,,45.8908
35.5203,-750.346,44.234,,58.9814
35.5403,-620.311,46.6606,,7.02E+01
35.5603,-470.217,48.2395,,7.91E+01
35.5803,-304.941,49.2725,,8.54E+01
35.6003,-129.806,49.8172,,8.90E+01
35.6203,49.5214,49.9138,,89.7667
35.6403,227.25,49.5443,,87.5941
35.6603,397.638,48.6952,,82.5858
35.6803,555.172,47.3272,,7.49E+01
35.7003,694.769,45.3947,,6.48E+01
35.7203,811.914,42.7827,,5.26E+01
35.7403,902.831,39.2274,,3.87E+01
35.7603,964.577,34.1348,,2.36E+01
35.7803,995.144,25.4322,,7.69E+00
35.8003,993.575,5.25672,,-8.45E+00
35.8203,959.895,-22.3943,,-2.43E+01
35.8403,895.176,-36.7897,,-3.94E+01
35.8603,801.541,-42.8787,,-5.33E+01
35.8803,681.998,-45.9659,,-6.54E+01
35.9003,540.442,-47.8645,,-7.53E+01
35.9203,381.41,-49.1377,,-8.29E+01
35.9403,210.058,-49.9131,,-8.78E+01
35.9603,31.9174,-50.2037,,-8.98E+01
35.9803,-147.253,-50.0331,,-8.89E+01
36.0003,-321.666,-49.4201,,-8.52E+01
36.0203,-485.687,-48.2952,,-7.87E+01
36.0403,-634.01,-46.6183,,-6.97E+01
36.0603,-761.868,-44.3378,,-5.84E+01
36.0803,-865.088,-41.2582,,-4.52E+01
36.1003,-940.349,-36.9835,,-3.06E+01
36.1203,-985.23,-30.374,,-1.50E+01
36.1403,-998.295,-16.8071,,1.14E+00
36.1603,-979.086,10.6188,,1.72E+01
36.1803,-928.239,31.6029,,3.27E+01
36.2003,-847.392,40.428,,4.72E+01
36.2203,-739.18,44.528,,6.01E+01
36.2403,-607.065,46.8387,,7.11E+01
36.2603,-455.35,48.365,,7.98E+01
36.2803,-288.915,49.3612,,8.59E+01
36.3003,-113.145,49.8603,,8.92E+01
36.3203,66.2803,49.9032,,8.97E+01
36.3403,243.564,49.49,,87.2439
36.3603,412.98,48.597,,81.982
36.3803,569.046,47.187,,74.0617
36.4003,706.737,45.1922,,63.7667
36.4203,821.573,42.5013,,51.386
36.4403,909.877,38.8411,,37.3724
36.4603,968.772,33.5425,,22.1361
36.4803,996.37,24.2326,,6.17686
36.5003,991.77,2.56873,,-9.95424
36.5203,955.124,-24.3572,,-25.802
36.5403,887.613,-37.5876,,-40.7915
36.5603,791.41,-43.2532,,-54.4638
36.5803,669.646,-46.1935,,-6.64E+01
36.6003,526.248,-48.0204,,-7.61E+01
36.6203,365.847,-49.2347,,-8.35E+01
36.6403,193.617,-49.9608,,-8.81E+01
36.6603,15.1324,-50.2228,,-89.8394
36.6803,-163.838,-50.0206,,-88.7076
36.7003,-337.515,-49.339,,-84.7031
36.7203,-500.29,-48.1623,,-77.9677
36.7403,-646.894,-46.4529,,-68.7082
36.7603,-772.584,-44.1,,-57.2347
36.7803,-873.349,-40.9201,,-43.9045
36.8003,-945.866,-36.4954,,-29.1545
36.8203,-987.816,-29.5582,,-13.4645
36.8403,-997.866,-14.778,,2.6451
36.8603,-975.652,13.2513,,18.7005
36.8803,-921.933,32.8047,,34.1146
36.9003,-838.402,40.9427,,48.4594
36.9203,-727.794,44.7959,,61.2263
36.9403,-593.643,47.0271,,72.0159
36.9603,-440.345,48.4915,,80.4607
36.9803,-272.805,49.4307,,86.3333
37.0003,-96.4492,49.8899,,89.3984
37.0203,83.0218,49.8984,,89.58
37.0403,259.809,49.442,,86.8695
37.0603,428.205,48.4942,,81.35
37.0803,582.761,47.0335,,73.1992
37.1003,718.487,44.986,,62.6893
37.1203,831,42.2187,,50.1442
37.1403,916.654,38.4323,,35.9809
37.1603,972.69,32.9171,,20.6708
37.1803,997.302,22.9234,,4.68357
37.2003,989.701,-0.196923,,-11.4652
37.2203,950.099,-26.1645,,-27.2439
37.2403,879.798,-38.3212,,-42.1308
37.2603,781.056,-43.619,,-55.6586
37.2803,657.112,-46.4097,,-67.3814
37.3003,511.912,-48.1629,,-76.9466
37.3203,350.176,-49.3267,,-84.005
37.3403,177.124,-50.0169,,-88.366
37.3603,-1.65331,-50.2359,,-89.8595
37.3803,-180.374,-49.9842,,-88.4515
37.4003,-353.266,-49.262,,-84.1889
37.4203,-514.749,-48.0387,,-77.2079
37.4403,-659.594,-46.2753,,-67.7233
37.4603,-783.123,-43.8508,,-56.0577
37.4803,-881.349,-40.5781,,-42.577
37.5003,-951.108,-35.9981,,-27.7312
37.5203,-990.121,-28.6677,,-11.9689
37.5403,-997.147,-12.5853,,4.15969
37.5603,-971.943,15.7582,,20.1745
37.5803,-915.347,33.8948,,35.5134
37.6003,-829.165,41.4322,,49.7177
37.6203,-716.181,45.0715,,62.3396
37.6403,-580.065,47.1949,,7.29E+01
37.6603,-425.208,48.5988,,8.11E+01
37.6803,-256.618,49.5098,,8.67E+01
37.7003,-79.728,49.927,,89.5414
37.7203,99.7391,49.8781,,89.4497
37.7403,275.983,49.3781,,86.4717
37.7603,443.309,48.3963,,80.6931
37.7803,596.315,46.8763,,72.314
37.8003,730.045,44.7628,,61.6011
37.8203,840.194,41.9183,,48.8856
37.8403,923.178,38.0245,,34.5891
37.8603,976.35,32.2536,,19.1994
37.8803,997.959,21.4762,,3.16485
37.9003,987.342,-2.98901,,-12.954
37.9203,944.806,-27.8349,,-28.6951
37.9403,871.725,-39.017,,-43.4487
37.9603,770.505,-43.9562,,-56.8296
37.9803,644.372,-46.6053,,-68.3832
38.0003,497.425,-48.3045,,-77.7126
38.0203,334.402,-49.431,,-84.5321
38.0403,160.577,-50.0654,,-88.6234
38.0603,-18.4413,-50.2354,,-89.851
38.0803,-196.858,-49.9451,,-88.1725
38.1003,-368.922,-49.1821,,-83.6532
38.1203,-529.056,-47.9102,,-76.4198
38.1403,-672.1,-46.0795,,-66.7125
38.1603,-793.42,-43.5914,,-54.8776
38.1803,-889.12,-40.2301,,-41.2421
38.2003,-956.083,-35.4742,,-26.2957
38.2203,-992.142,-27.7116,,-10.457
38.2403,-996.147,-10.2396,,5.66595
38.2603,-967.981,18.1399,,21.6197
38.2803,-908.522,34.9076,,36.9207
38.3003,-819.699,41.8837,,50.9708
38.3203,-704.38,45.3205,,63.4039
38.3403,-566.334,47.3611,,73.7661
38.3603,-409.969,48.7171,,81.7794
38.3803,-240.353,49.573,,87.1169
38.4003,-62.9781,49.9498,,89.6535
38.4203,116.43,49.8664,,89.294
38.4403,292.079,49.3214,,86.0432
38.4603,458.294,48.2844,,80.0247
38.4803,609.691,46.7125,,71.4007
38.5003,741.381,44.5433,,60.4839
38.5203,849.139,41.6121,,47.6159
38.5403,929.434,37.5922,,33.1919
38.5603,979.717,31.5609,,17.7208
38.5803,998.345,19.8991,,1.66136
38.6003,984.722,-5.79553,,-14.4506
38.6203,939.253,-29.3675,,-30.1162
38.6403,863.426,-39.6538,,-44.7714
38.6603,759.728,-44.2801,,-57.9965
38.6803,631.46,-46.8064,,-6.94E+01
38.7003,482.795,-48.4369,,-7.85E+01
38.7203,318.537,-49.5154,,-8.50E+01
38.7403,143.984,-50.1147,,-8.89E+01
38.7603,-35.2233,-50.2386,,-89.817
38.7803,-213.29,-49.8993,,-87.8695
38.8003,-384.468,-49.0955,,-83.0865
38.8203,-543.217,-47.7717,,-7.56E+01
38.8403,-684.415,-45.8878,,-6.57E+01
38.8603,-803.521,-43.3296,,-5.37E+01
38.8803,-896.63,-39.8646,,-3.99E+01
38.9003,-960.771,-34.9291,,-2.48E+01
38.9203,-993.887,-26.6815,,-8.97E+00
38.9403,-994.874,-7.75316,,7.18E+00
38.9603,-963.715,20.3814,,2.31E+01
38.9803,-901.408,35.8419,,3.83E+01
39.0003,-809.985,42.31,,5.22E+01
39.0203,-692.386,45.5625,,6.45E+01
39.0403,-552.411,47.5238,,7.46E+01
39.0603,-394.594,48.8287,,8.24E+01
39.0803,-224.026,49.6343,,8.75E+01
39.1003,-46.2181,49.9707,,8.97E+01
39.1203,133.085,49.8478,,8.91E+01
39.1403,308.087,49.2523,,8.56E+01
39.1603,473.136,48.1704,,7.93E+01
39.1803,622.898,46.5536,,7.05E+01
39.2003,752.523,44.3105,,5.94E+01
39.2203,857.841,41.2983,,4.63E+01
39.2403,935.439,37.149,,3.18E+01
39.2603,982.804,30.8287,,1.62E+01
39.2803,998.45,18.1676,,1.51E-01
39.3003,981.792,-8.56377,,-1.59E+01
39.3203,933.412,-30.7661,,-3.15E+01
39.3403,854.882,-40.2476,,-4.61E+01
39.3603,748.717,-44.5856,,-5.91E+01
39.3803,618.376,-46.9997,,-7.03E+01
39.4003,468.04,-48.5694,,-7.92E+01
39.4203,302.579,-49.5976,,-8.55E+01
39.4403,127.351,-50.1491,,-8.91E+01
39.4603,-51.9953,-50.2435,,-8.98E+01
39.4803,-229.661,-49.8584,,-8.75E+01
39.5003,-399.902,-48.9995,,-82.4943
39.5203,-557.231,-47.6301,,-74.791
39.5403,-696.549,-45.6913,,-64.6694
39.5603,-813.358,-43.0574,,-52.4339
39.5803,-903.868,-39.4865,,-38.5312
39.6003,-965.206,-34.3586,,-23.388
39.6203,-995.345,-25.5666,,-7.47081
39.6403,-993.329,-5.14125,,8.68716
39.6603,-959.199,22.4629,,24.5511
39.6803,-894.075,36.695,,39.6489
39.7003,-800.059,42.72,,53.4341
39.7203,-680.194,45.7952,,6.55E+01
39.7403,-538.355,47.6716,,7.55E+01
39.7603,-379.122,48.9333,,8.30E+01
39.7803,-207.634,49.6975,,8.78E+01
39.8003,-29.4412,49.9934,,89.806
39.8203,149.705,49.8193,,88.9047
39.8403,324.012,49.1795,,85.1236
39.8603,487.85,48.0554,,78.6004
39.8803,635.928,46.3846,,69.5359
39.9003,763.451,44.0697,,58.2153
39.9203,866.311,40.9777,,45.0128
39.9403,941.172,36.6868,,30.3776
39.9603,985.626,30.0403,,14.7453
39.9803,998.243,16.285,,-1.35819
40.0003,978.606,-11.2688,,-17.4281
40.0203,927.325,-32.062,,-32.9355
40.0403,846.085,-40.7964,,-47.3713
40.0603,737.518,-44.8747,,-60.2787
40.0803,605.092,-47.1899,,-71.2265
40.1003,453.141,-48.6945,,-79.8902
40.1203,286.541,-49.6808,,-85.9624
40.1403,110.683,-50.1868,,-89.2583
40.1603,-68.7516,-50.2388,,-89.6736
40.1803,-245.966,-49.8057,,-87.1907
40.2003,-415.23,-48.9026,,-81.8844
40.2203,-571.081,-47.4889,,-73.9441
40.2403,-708.476,-45.4928,,-63.6039
40.2603,-822.984,-42.7772,,-51.2067
40.2803,-910.875,-39.0929,,-37.157
40.3003,-969.366,-33.7665,,-21.9242
40.3203,-996.534,-24.3477,,-5.96858
40.3403,-991.495,-2.43029,,10.183
40.3603,-954.412,24.4066,,26.0096
40.3803,-886.494,37.4888,,40.9848
40.4003,-789.91,43.1,,54.6525
40.4203,-667.825,46.0141,,66.5264
40.4403,-524.144,47.83,,76.2723
40.4603,-363.539,49.0411,,83.5442
40.4803,-191.185,49.7575,,88.115
40.5003,-12.6591,50.0049,,89.847
40.5203,166.281,49.7864,,88.6714
40.5403,339.846,49.114,,84.6298
40.5603,502.437,47.9322,,77.8604
40.5803,648.779,46.2026,,68.5577
40.6003,774.168,43.8331,,57.0627
40.6203,874.541,40.6489,,43.7064
40.6403,946.654,36.2022,,28.938
40.6603,988.155,29.2022,,13.2536
40.6803,997.767,14.229,,-2.86938
40.7003,975.134,-13.8746,,-18.9028
40.7203,920.975,-33.2495,,-34.338
40.7403,837.051,-41.3114,,-48.6504
40.7603,726.076,-45.1522,,-61.3876
40.7803,591.658,-47.3667,,-7.21E+01
40.8003,438.106,-48.8164,,-8.06E+01
40.8203,270.417,-49.7601,,-8.64E+01
40.8403,93.9823,-50.22,,-89.419
40.8603,-85.4901,-50.2244,,-89.5632
40.8803,-262.205,-49.754,,-86.8127
40.9003,-430.441,-48.8027,,-81.2494
40.9203,-584.763,-47.3384,,-73.0702
40.9403,-720.185,-45.2813,,-62.5234
40.9603,-832.366,-42.4921,,-49.9705
40.9803,-917.634,-38.6956,,-35.7806
41.0003,-973.265,-33.1341,,-20.4578
41.0203,-997.433,-23.0145,,-4.44332
41.0403,-989.362,0.34479,,11.6759
41.0603,-949.352,26.196,,27.4484
41.0803,-878.645,38.2168,,42.3338
41.1003,-779.534,43.4565,,55.8318
41.1203,-655.25,46.2291,,67.5385
41.1403,-509.784,47.9781,,77.0582
41.1603,-347.854,49.1338,,84.0857
41.1803,-174.683,49.8117,,88.4048
41.2003,4.1298,50.0153,,89.8576
41.2203,182.811,49.7591,,88.4153
41.2403,355.584,49.032,,84.1108
41.2603,516.864,47.7998,,77.0911
41.2803,661.457,46.0211,,67.5847
41.3003,784.668,43.5869,,55.8772
41.3203,882.51,40.3077,,42.3746
41.3403,951.85,35.6986,,27.513
41.3603,990.429,28.3013,,11.7665
41.3803,997.027,12.0175,,-4.38969
41.4003,971.379,-16.3715,,-20.3831
41.4203,914.363,-34.3392,,-35.7279
41.4403,827.78,-41.8105,,-49.9237
41.4603,714.449,-45.4184,,-62.4655
41.4803,578.059,-47.5345,,-73.0348
41.5003,422.971,-48.9423,,-81.2281
41.5203,254.215,-49.8384,,-86.7915
41.5403,77.2566,-50.2542,,-89.5583
41.5603,-102.204,-50.2129,,-89.4286
41.5803,-278.362,-49.6996,,-86.407
41.6003,-445.532,-48.705,,-80.601
41.6203,-598.299,-47.1832,,-72.1833
41.6403,-731.731,-45.064,,-61.426
41.6603,-841.526,-42.1989,,-48.7022
41.6803,-924.117,-38.2841,,-34.3917
41.7003,-976.863,-32.4708,,-18.9738
41.7203,-998.045,-21.561,,-2.95422
41.7403,-986.978,3.14395,,13.1885
41.7603,-944.003,27.8468,,28.8872
41.7803,-870.535,38.9022,,43.6502
41.8003,-768.934,43.7882,,57.0125
41.8203,-642.477,46.4352,,6.85E+01
41.8403,-495.279,48.1169,,7.78E+01
41.8603,-332.068,49.229,,8.46E+01
41.8803,-158.13,49.8489,,8.87E+01
41.9003,20.9168,50.0157,,89.8462
41.9203,199.287,49.729,,88.132
41.9403,371.221,48.9477,,83.567
41.9603,531.159,47.6634,,7.63E+01
41.9803,673.928,45.8377,,6.66E+01
42.0003,794.932,43.3324,,5.47E+01
42.0203,890.242,39.946,,4.10E+01
42.0403,956.781,35.1687,,2.61E+01
42.0603,992.434,27.3377,,1.03E+01
42.0803,995.997,9.64889,,-5.89E+00
42.1003,967.38,-18.7378,,-2.19E+01
42.1203,907.484,-35.3431,,-3.71E+01
42.1403,818.272,-42.2662,,-5.12E+01
42.1603,702.626,-45.6753,,-6.36E+01
42.1803,564.277,-47.7053,,-7.39E+01
42.2003,407.705,-49.0566,,-8.19E+01
42.2203,237.947,-49.9139,,-8.72E+01
42.2403,60.5084,-50.2834,,-8.97E+01
42.2603,-118.89,-50.1981,,-8.93E+01
42.2803,-294.448,-49.6383,,-8.60E+01
42.3003,-460.485,-48.5967,,-7.99E+01
42.3203,-611.643,-47.0242,,-7.13E+01
42.3403,-743.046,-44.8451,,-6.03E+01
42.3603,-850.441,-41.8934,,-4.74E+01
42.3803,-930.352,-37.846,,-3.30E+01
42.4003,-980.198,-31.773,,-1.75E+01
42.4203,-998.371,-19.9603,,-1.44E+00
42.4403,-984.298,5.94597,,1.47E+01
42.4603,-938.406,29.3648,,3.03E+01
42.4803,-862.187,39.53,,4.50E+01
42.5003,-758.114,44.1115,,5.82E+01
42.5203,-629.533,46.6339,,6.95E+01
42.5403,-480.628,48.2502,,7.86E+01
42.5603,-316.19,49.3178,,8.51E+01
42.5803,-141.533,49.8965,,8.89E+01
42.6003,37.6983,50.0238,,8.98E+01
42.6203,215.71,49.6782,,8.78E+01
42.6403,386.751,48.8572,,82.9992
42.6603,545.295,47.5326,,75.4966
42.6803,686.23,45.6481,,65.5538
42.7003,804.987,43.0686,,53.4795
42.7203,897.725,39.5775,,39.6959
42.7403,961.456,34.622,,24.6198
42.7603,994.112,26.2997,,8.75142
42.7803,994.66,7.14029,,-7.40393
42.8003,963.064,-20.9602,,-23.316
42.8203,900.349,-36.2668,,-38.476
42.8403,808.541,-42.683,,-52.391
42.8603,690.605,-45.9137,,-6.46E+01
42.8803,550.369,-47.8688,,-7.48E+01
42.9003,392.321,-49.1719,,-8.25E+01
42.9203,221.615,-49.9776,,-8.75E+01
42.9403,43.7452,-50.3042,,-89.7559
42.9603,-135.541,-50.1743,,-89.0845
42.9803,-310.446,-49.5769,,-85.5254
43.0003,-475.312,-48.4898,,-79.2127
43.0203,-624.827,-46.8546,,-70.3461
43.0403,-754.159,-44.607,,-59.189
43.0603,-859.109,-41.5869,,-46.138
43.0803,-936.305,-37.4034,,-31.5773
43.1003,-983.247,-31.0243,,-16.009
43.1203,-998.424,-18.2021,,0.0702919
43.1403,-981.35,8.71001,,16.1551
43.1603,-932.541,30.7539,,31.7398
43.1803,-853.595,40.1264,,46.2727
43.2003,-747.061,44.4243,,59.3104
43.2203,-616.422,46.8207,,70.4403
43.2403,-465.846,48.3773,,79.2838
43.2603,-300.228,49.4069,,85.5857
43.2803,-124.89,49.9421,,89.1009
43.3003,54.4679,50.0185,,89.7455
43.3203,232.07,49.6311,,87.4924
43.3403,402.174,48.7745,,82.4069
43.3603,559.277,47.3935,,74.6683
43.3803,698.31,45.439,,64.4943
43.4003,814.787,42.7946,,52.2748
43.4203,9.05E+02,39.2136,,38.334
43.4403,965.835,34.0514,,23.1588
43.4603,995.536,25.1571,,7.25E+00
43.4803,993.067,4.5125,,-8.90492
43.5003,958.518,-23.0288,,-24.7667
43.5203,892.98,-37.1171,,-39.8447
43.5403,798.581,-43.0932,,-53.6135
43.5603,678.385,-46.1445,,-65.6573
43.5803,536.271,-48.0222,,-75.5848
43.6003,376.824,-49.2728,,-83.0546
43.6203,205.212,-50.0405,,-87.8587
43.6403,26.9661,-50.3281,,-89.8146
43.6603,-152.153,-50.152,,-88.8716
43.6803,-326.358,-49.5044,,-85.054
43.7003,-490.011,-48.3689,,-78.4896
43.7203,-637.835,-46.6918,,-69.3918
43.7403,-765.053,-44.3749,,-58.037
43.7603,-867.529,-41.2563,,-44.8375
43.7803,-941.998,-36.9388,,-30.1693
43.8003,-986.03,-30.2364,,-14.5218
43.8203,-998.208,-16.2857,,1.58308
43.8403,-978.116,11.409,,17.6477
43.8603,-926.403,32.0275,,33.1554
43.8803,-844.76,40.6783,,47.5566
43.9003,-735.817,44.7168,,60.4352
43.9203,-603.131,47.006,,7.14E+01
43.9403,-450.932,48.5062,,8.00E+01
43.9603,-284.164,49.4876,,8.60E+01
43.9803,-108.22,49.9887,,8.93E+01
44.0003,71.2228,50.0138,,89.6585
44.0203,248.363,49.5864,,87.1339
44.0403,417.477,48.6768,,81.7907
44.0603,573.102,47.2515,,73.8141
44.0803,710.212,45.2365,,63.4402
44.1003,824.369,42.5097,,51.0366
44.1203,911.906,38.8215,,36.9666
44.1403,969.965,33.4501,,21.7028
44.1603,996.684,23.9305,,5.73683
44.1803,991.194,1.7843,,-10.4192
44.2003,953.666,-24.9484,,-26.2103
44.2203,885.332,-37.9003,,-41.1896
44.2403,788.381,-43.4714,,-54.8222
44.2603,665.977,-46.367,,-66.6696
44.2803,522.039,-48.1734,,-76.3902
44.3003,361.233,-49.3826,,-83.6253
44.3203,188.755,-50.0946,,-88.1628
44.3403,10.1818,-50.3344,,-89.8502
44.3603,-168.725,-50.128,,-88.6359
44.3803,-342.174,-49.4405,,-84.5518
44.4003,-504.563,-48.2424,,-77.7442
44.4203,-650.651,-46.5068,,-68.4139
44.4403,-775.732,-44.1382,,-56.8959
44.4603,-875.736,-40.9337,,-43.5193
44.4803,-947.438,-36.4483,,-28.7311
44.5003,-988.533,-29.3826,,-13.0306
44.5203,-997.691,-14.212,,3.09684
44.5403,-974.601,14.0059,,19.1305
44.5603,-920.009,33.2045,,34.5426
44.5803,-835.696,41.1951,,48.8306
44.6003,-724.395,44.9891,,61.5401
44.6203,-589.664,47.1819,,72.2842
44.6403,-435.894,48.633,,80.669
44.6603,-268.038,49.5678,,86.4493
44.6803,-91.5164,50.0144,,89.4433
44.7003,87.9574,50.0043,,89.5444
44.7203,264.592,49.5366,,86.7538
44.7403,432.674,48.5717,,81.162
44.7603,586.78,47.099,,72.9361
44.7803,721.911,45.0247,,62.3662
44.8003,833.735,42.2254,,49.7787
44.8203,918.609,38.4122,,35.5761
44.8403,973.803,32.8108,,20.2371
44.8603,997.532,22.5737,,4.22699
44.8803,989.027,-0.993023,,-11.913
44.9003,948.56,-26.7175,,-27.6636
44.9203,877.432,-38.6296,,-42.5141
44.9403,777.974,-43.827,,-56.0088
44.9603,653.371,-46.5772,,-6.77E+01
44.9803,507.654,-48.3179,,-7.72E+01
45.0003,345.531,-49.4783,,-8.42E+01
45.0203,172.246,-50.1524,,-8.84E+01
45.0403,-6.60714,-50.3502,,-89.859
45.0603,-185.247,-50.0886,,-88.3743
45.0803,-357.9,-49.3587,,-84.0351
45.1003,-518.986,-48.1179,,-7.70E+01
45.1203,-663.309,-46.3351,,-6.74E+01
45.1403,-786.194,-43.8822,,-5.57E+01
45.1603,-883.671,-40.5756,,-4.22E+01
45.1803,-952.606,-35.9517,,-2.73E+01
45.2003,-990.741,-28.4836,,-1.15E+01
45.2203,-996.877,-11.9669,,4.61E+00
45.2403,-970.814,16.4988,,2.06E+01
45.2603,-913.345,34.2793,,3.59E+01
45.2803,-826.393,41.6679,,5.01E+01
45.3003,-712.732,45.2532,,6.26E+01
45.3203,-576.034,47.3543,,7.32E+01
45.3403,-420.726,48.7525,,8.13E+01
45.3603,-251.821,49.6336,,8.69E+01
45.3803,-74.7878,50.042,,8.96E+01
45.4003,104.667,49.9933,,8.94E+01
45.4203,280.742,49.4696,,8.64E+01
45.4403,447.747,48.4687,,8.05E+01
45.4603,600.275,46.9375,,7.20E+01
45.4803,733.414,44.8035,,6.13E+01
45.5003,842.847,41.9291,,4.85E+01
45.5203,925.034,37.993,,3.42E+01
45.5403,977.372,32.142,,1.88E+01
45.5603,998.101,21.0934,,2.72E+00
45.5803,986.591,-3.80473,,-1.34E+01
45.6003,943.195,-28.3496,,-2.91E+01
45.6203,869.295,-39.302,,-4.38E+01
45.6403,767.333,-44.1644,,-5.72E+01
45.6603,640.577,-46.7789,,-6.87E+01
45.6803,493.115,-48.4542,,-7.79E+01
45.7003,329.728,-49.5742,,-8.47E+01
45.7203,155.683,-50.206,,-8.87E+01
45.7403,-23.3942,-50.3543,,-8.98E+01
45.7603,-201.715,-50.0506,,-8.81E+01
45.7803,-373.518,-49.2744,,-83.4843
45.8003,-533.248,-47.9939,,-76.1833
45.8203,-675.756,-46.1408,,-66.4164
45.8403,-796.416,-43.623,,-54.5258
45.8603,-891.351,-40.2317,,-40.8399
45.8803,-957.489,-35.422,,-25.8579
45.9003,-992.679,-27.5065,,-10.0386
45.9203,-995.815,-9.56965,,6.10884
45.9403,-966.768,18.8421,,22.0727
45.9603,-906.439,35.2705,,37.3143
45.9803,-816.855,42.1216,,51.3445
46.0003,-700.861,45.5109,,63.7201
46.0203,-562.238,47.5314,,7.40E+01
46.0403,-405.441,48.8636,,8.20E+01
46.0603,-235.548,49.7063,,8.72E+01
46.0803,-58.0364,50.077,,89.6831
46.1003,121.347,49.9793,,89.2416
46.1203,296.811,49.4106,,85.9165
46.1403,462.68,48.3566,,79.8127
46.1603,613.602,46.7811,,71.1356
46.1803,744.707,44.5847,,60.1614
46.2003,851.732,41.6243,,47.2209
46.2203,931.225,37.5561,,32.7849
46.2403,980.66,31.4356,,17.2876
46.2603,998.398,19.4731,,1.20054
46.2803,983.865,-6.60265,,-14.8895
46.3003,937.542,-29.853,,-30.5336
46.3203,860.938,-39.9311,,-45.1352
46.3403,756.5,-44.4732,,-58.3536
46.3603,627.614,-46.9761,,-69.6296
46.3803,478.462,-48.5998,,-78.6712
46.4003,313.839,-49.6573,,-85.1818
46.4203,139.08,-50.2382,,-88.925
46.4403,-40.1723,-50.354,,-89.8015
46.4603,-218.127,-50.0169,,-87.7761
46.4803,-389.03,-49.19,,-82.9149
46.5003,-547.372,-47.8445,,-75.3703
46.5203,-688.005,-45.9444,,-65.3921
46.5403,-806.431,-43.3657,,-53.3185
46.5603,-8.99E+02,-39.8702,,-39.4862
46.5803,-962.104,-34.8662,,-24.4019
46.6003,-994.335,-26.4438,,-8.5376
46.6203,-994.454,-7.0374,,7.62039
46.6403,-962.416,21.0361,,23.5351
46.6603,-899.282,36.1847,,38.6773
46.6803,-807.096,42.5542,,52.5724
46.7003,-688.815,45.7448,,64.7646
46.7203,-548.29,47.6842,,74.8868
46.7403,-390.038,48.9746,,82.5609
46.7603,-219.196,49.7773,,87.5735
46.7803,-41.2711,50.0938,,89.7659
46.8003,137.993,49.9502,,89.05
46.8203,312.798,49.3527,,85.4643
46.8403,477.48,48.2461,,79.1052
46.8603,626.767,46.6065,,70.2107
46.8803,755.787,44.3557,,59.0248
46.9003,860.356,41.3128,,45.9289
46.9203,937.166,37.108,,31.382
46.9403,983.676,30.6775,,15.7937
46.9603,998.418,17.6999,,-0.294865
46.9803,980.895,-9.35848,,-16.3823
47.0003,931.66,-31.2341,,-31.9373
47.0203,852.32,-40.517,,-46.4715
47.0403,745.447,-44.7778,,-59.4717
47.0603,614.478,-47.1658,,-7.06E+01
47.0803,463.652,-48.7272,,-7.94E+01
47.1003,297.857,-49.7452,,-8.56E+01
47.1203,122.437,-50.283,,-8.91E+01
47.1403,-56.941,-50.3585,,-89.7363
47.1603,-234.48,-49.969,,-87.4385
47.1803,-404.437,-49.0939,,-82.3201
47.2003,-561.331,-47.7094,,-74.5432
47.2203,-700.096,-45.7517,,-64.3526
47.2403,-816.225,-43.0944,,-52.0785
47.2603,-905.974,-39.4861,,-38.1259
47.2803,-966.444,-34.291,,-22.9461
47.3003,-995.721,-25.3007,,-7.0294
47.3203,-992.805,-4.39249,,9.12304
47.3403,-957.823,23.0881,,24.9774
47.3603,-891.868,37.0332,,40.0566
47.3803,-797.074,42.9494,,53.786
47.4003,-676.568,45.9749,,65.8003
47.4203,-534.18,47.8342,,75.7071
47.4403,-374.535,49.0852,,83.144
47.4603,-202.786,49.8379,,87.9028
47.4803,-24.4901,50.1151,,89.8216
47.5003,154.601,49.9315,,88.8374
47.5203,328.697,49.2773,,84.9854
47.5403,492.176,48.1287,,78.383
47.5603,639.739,46.439,,69.2421
47.5803,766.618,4.41E+01,,57.8762
47.6003,868.767,40.9823,,44.6433
47.6203,942.829,36.6386,,29.9572
47.6403,986.427,29.8852,,14.3032
47.6603,998.141,15.7593,,-1.81483
47.6803,977.617,-12.0495,,-17.8679
47.7003,925.482,-32.4997,,-33.3427
47.7203,843.455,-41.0652,,-47.7468
47.7403,734.164,-45.0702,,-60.6189
47.7603,601.15,-47.3569,,-71.4912
47.7803,448.725,-48.8551,,-80.091
47.8003,281.794,-49.8266,,-86.0951
47.8203,105.756,-50.3256,,-89.3108
47.8403,-73.6937,-50.3534,,-89.6427
47.8603,-250.764,-49.914,,-87.0784
47.8803,-419.723,-49.0011,,-81.7003
47.9003,-575.132,-47.5659,,-73.6888
47.9203,-711.955,-45.5456,,-63.2832
47.9403,-825.762,-42.8056,,-50.8464
47.9603,-912.907,-39.0938,,-36.7572
47.9803,-970.522,-33.6883,,-21.4758
48.0003,-996.82,-24.0454,,-5.53543
48.0203,-990.885,-1.65058,,10.6386
48.0403,-952.941,24.9906,,26.42
48.0603,-884.202,37.8071,,41.3978
48.0803,-786.849,43.3262,,55.0025
48.1003,-664.118,46.1952,,6.68E+01
48.1203,-519.923,47.9836,,7.65E+01
48.1403,-358.92,49.1904,,8.37E+01
48.1603,-186.324,49.8908,,8.82E+01
48.1803,-7.70492,50.1243,,89.8543
48.2003,171.163,49.8998,,88.5966
48.2203,344.501,49.2109,,84.483
48.2403,506.7,48.0093,,7.76E+01
48.2603,652.534,46.262,,6.83E+01
48.2803,777.284,43.8736,,5.67E+01
48.3003,876.915,40.6552,,4.33E+01
48.3203,948.217,36.1526,,2.85E+01
48.3403,988.88,29.0323,,1.28E+01
48.3603,997.578,13.6544,,-3.32E+00
48.3803,974.058,-14.6327,,-1.93E+01
48.4003,919.049,-33.6608,,-3.47E+01
48.4203,834.342,-41.5749,,-4.90E+01
48.4403,722.683,-45.3433,,-6.17E+01
48.4603,587.666,-47.5364,,-7.24E+01
48.4803,433.658,-48.9755,,-8.08E+01
48.5003,265.649,-49.9131,,-8.65E+01
48.5203,89.0484,-50.3617,,-8.95E+01
48.5403,-90.4246,-50.3421,,-8.95E+01
48.5603,-266.982,-49.8685,,-8.67E+01
48.5803,-434.908,-48.9046,,-8.11E+01
48.6003,-588.776,-47.4087,,-7.28E+01
48.6203,-723.635,-45.3338,,-6.22E+01
48.6403,-835.098,-42.5156,,-4.96E+01
48.6603,-919.582,-38.6906,,-3.54E+01
48.6803,-974.346,-33.0411,,-2.00E+01
48.7003,-997.632,-22.6732,,-4.01E+00
48.7203,-988.68,1.13623,,1.21E+01
48.7403,-947.802,26.7543,,2.79E+01
48.7603,-876.273,38.5331,,4.27E+01
48.7803,-776.42,43.6795,,5.62E+01
48.8003,-651.495,46.4084,,6.78E+01
48.8203,-505.523,48.1348,,7.73E+01
48.8403,-343.205,49.2866,,8.42E+01
48.8603,-169.801,49.9459,,8.85E+01
48.8803,9.08419,50.1454,,8.99E+01
48.9003,187.678,49.8694,,8.83E+01
48.9203,360.208,49.1233,,83.9574
48.9403,521.094,47.8816,,76.8539
48.9603,665.152,46.0869,,67.293
48.9803,787.714,43.6184,,55.5244
49.0003,884.813,40.3016,,41.9915
49.0203,953.331,35.6492,,27.0948
49.0403,991.058,28.1131,,11.3119
49.0603,996.755,11.3812,,-4.82615
49.0803,970.247,-17.1028,,-20.8237
49.1003,912.366,-34.7268,,-36.1366
49.1203,824.986,-42.0572,,-50.2908
49.1403,710.984,-45.6105,,-62.8013
49.1603,574.005,-47.7065,,-7.33E+01
49.1803,418.482,-49.1003,,-8.14E+01
49.2003,249.431,-49.9924,,-8.69E+01
49.2203,72.3177,-50.385,,-89.5956
49.2403,-107.13,-50.3298,,-89.3845
49.2603,-283.121,-49.8127,,-86.2799
49.2803,-449.948,-48.8001,,-80.4005
49.3003,-602.249,-47.2572,,-71.9187
49.3203,-735.075,-45.1204,,-61.0931
49.3403,-844.17,-42.2279,,-48.3425
49.3603,-925.996,-38.2671,,-33.975
49.3803,-977.868,-32.3681,,-18.5287
49.4003,-998.169,-21.1756,,-2.51021
49.4203,-986.21,3.94906,,13.6317
49.4403,-942.377,28.3668,,29.2985
49.4603,-868.086,39.2048,,44.0459
49.4803,-765.766,44.0113,,57.3572
49.5003,-638.681,46.6097,,68.8079
49.5203,-490.971,48.2778,,78.0438
49.5403,-327.394,49.3781,,84.7599
49.5603,-153.236,49.9932,,88.7314
49.5803,25.8701,50.1461,,89.8386
49.6003,204.138,49.8334,,88.04
49.6203,375.815,49.0418,,83.4085
49.6403,535.348,47.7473,,76.063
49.6603,677.583,45.8955,,66.2825
49.6803,797.928,43.3698,,54.3235
49.7003,892.468,39.946,,40.6521
49.7203,958.196,35.1061,,25.6443
49.7403,992.951,27.1285,,9.81639
49.7603,995.633,8.97355,,-6.33907
49.7803,966.132,-19.4333,,-22.2919
49.8003,905.41,-35.7187,,-37.5041
49.8203,815.429,-42.5055,,-51.5392
49.8403,699.098,-45.8541,,-63.8662
49.8603,560.184,-47.8742,,-74.1559
49.8803,403.181,-49.2224,,-82.0398
49.9003,233.136,-50.0537,,-87.2822
49.9203,55.5618,-50.4068,,-89.697
49.9403,-123.805,-50.3143,,-89.213
49.9603,-299.17,-49.7554,,-85.8538
49.9803,-464.879,-48.6924,,-79.7154
50.0003,-615.558,-47.0978,,-70.9943
50.0203,-746.349,-44.8951,,-59.9871
50.0403,-853.021,-41.9216,,-47.0522
50.0603,-932.135,-37.8308,,-32.5733
50.0803,-981.122,-31.6489,,-17.051
50.1003,-998.413,-19.5357,,-0.989196
50.1203,-983.446,6.75056,,15.11
50.1403,-9.37E+02,29.8542,,30.737
50.1603,-859.672,39.8262,,45.3446
50.1803,-754.88,44.3214,,58.5216
50.2003,-625.684,46.8065,,6.98E+01
50.2203,-476.289,48.4172,,7.88E+01
50.2403,-311.482,49.4694,,8.53E+01
50.2603,-136.625,50.0386,,8.90E+01
50.2803,42.6474,50.1483,,89.7949
50.3003,220.543,49.7942,,87.7275
50.3203,391.312,48.9601,,82.8292
50.3403,549.44,47.6099,,75.2531
50.3603,689.81,45.7042,,65.244
50.3803,807.903,43.0994,,53.1251
50.4003,899.881,39.5834,,39.2927
50.4203,962.784,34.5569,,24.201
50.4403,994.565,26.0573,,8.29956
50.4603,994.229,6.41612,,-7.83833
50.4803,961.765,-21.621,,-23.7512
50.5003,898.198,-36.6182,,-38.8865
50.5203,805.613,-42.924,,-52.7575
50.5403,687.024,-46.1002,,-64.9143
50.5603,546.219,-48.0394,,-75.002
50.5803,387.767,-49.3276,,-82.6485
50.6003,216.782,-50.1141,,-87.627
50.6203,38.7927,-50.4371,,-89.7772
50.6403,-140.446,-50.3017,,-89.021
50.6603,-315.147,-49.6884,,-85.3912
50.6803,-479.656,-48.5722,,-79.0022
50.7003,-628.69,-46.9295,,-70.0683
50.7203,-757.387,-44.6725,,-58.8489
50.7403,-861.622,-41.6054,,-45.7559
50.7603,-938.018,-37.3776,,-31.1688
50.7803,-984.102,-30.8894,,-15.563
50.8003,-998.378,-17.7262,,0.52671
50.8203,-980.415,9.51059,,16.5907
50.8403,-930.765,31.2145,,32.1528
50.8603,-851.024,40.4021,,46.6453
50.8803,-743.782,44.6357,,59.6538
50.9003,-612.515,46.9999,,70.7106
50.9203,-461.463,48.5399,,79.5023
50.9403,-295.495,49.5541,,85.7118
50.9603,-119.978,50.0875,,89.1594
50.9803,59.4139,50.151,,89.7234
51.0003,236.886,49.7409,,8.74E+01
51.0203,406.7,48.863,,82.2269
51.0403,563.378,47.475,,74.4189
51.0603,701.852,45.5036,,64.1974
51.0803,817.652,42.8285,,51.8992
51.1003,907.02,39.1975,,37.9262
51.1203,967.085,33.9747,,22.7344
51.1403,995.902,24.8944,,6.81365
51.1603,992.552,3.75245,,-9.35412
51.1803,957.112,-23.6538,,-25.2058
51.2003,890.737,-37.4483,,-40.2382
51.2203,795.594,-43.3199,,-53.9683
51.2403,674.744,-46.3337,,-6.60E+01
51.2603,532.087,-48.1927,,-7.58E+01
51.2803,372.238,-49.4383,,-8.32E+01
51.3003,200.363,-50.1812,,-8.79E+01
51.3203,22.0134,-50.4588,,-89.8302
51.3403,-157.048,-50.2708,,-88.804
51.3603,-331.032,-49.6079,,-84.9056
51.3803,-494.317,-48.4623,,-7.83E+01
51.4003,-641.637,-46.7622,,-6.91E+01
51.4203,-768.223,-44.4239,,-5.77E+01
51.4403,-869.983,-41.2812,,-4.44E+01
51.4603,-943.629,-36.9056,,-2.97E+01
51.4803,-986.794,-30.093,,-1.41E+01
51.5003,-998.072,-15.7581,,2.03E+00
51.5203,-977.091,12.1932,,1.81E+01
51.5403,-924.546,32.4692,,3.36E+01
51.5603,-842.12,40.9424,,4.79E+01
51.5803,-732.479,44.9176,,6.08E+01
51.6003,-599.172,47.1814,,7.16E+01
51.6203,-446.506,48.6691,,8.02E+01
51.6403,-279.414,49.6426,,8.62E+01
51.6603,-103.296,50.1235,,8.93E+01
51.6803,76.1628,50.1392,,8.96E+01
51.7003,253.163,49.6951,,8.70E+01
51.7203,421.975,48.7752,,8.16E+01
51.7403,577.158,47.3262,,7.36E+01
51.7603,713.684,45.2904,,6.31E+01
51.7803,827.161,42.5465,,5.07E+01
51.8003,913.898,38.8154,,3.66E+01
51.8203,971.114,33.3678,,2.13E+01
51.8403,996.955,23.6184,,5.29E+00
51.8603,990.57,0.999716,,-1.08E+01
51.8803,952.181,-25.53,,-2.66E+01
51.9003,883.022,-38.2252,,-4.16E+01
51.9203,785.335,-43.6984,,-5.52E+01
51.9403,662.266,-46.5518,,-6.70E+01
51.9603,517.805,-48.3452,,-7.66E+01
51.9803,356.608,-49.5317,,-8.38E+01
52.0003,183.887,-50.2409,,-8.82E+01
52.0203,5.22773,-50.4781,,-8.99E+01
52.0403,-173.604,-50.2438,,-8.86E+01
52.0603,-346.829,-49.5395,,-84.4054
52.0803,-508.842,-48.3329,,-77.5167
52.1003,-654.408,-46.5828,,-68.131
52.1203,-778.851,-44.183,,-56.5512
52.1403,-878.109,-40.9467,,-43.1098
52.1603,-948.984,-36.4133,,-28.3181
52.1803,-989.214,-29.2132,,-12.5905
52.2003,-997.478,-13.6275,,3.55327
52.2203,-973.51,14.7601,,19.552
52.2403,-918.074,33.6163,,34.9573
52.2603,-832.973,41.4564,,49.2169
52.2803,-720.963,45.1949,,61.8638
52.3003,-585.653,47.3566,,7.25E+01
52.3203,-431.427,48.7958,,8.09E+01
52.3403,-263.261,49.7174,,8.66E+01
52.3603,-86.5822,50.1529,,89.4849
52.3803,92.8906,50.1367,,89.5072
52.4003,269.364,49.6449,,86.6333
52.4203,437.131,48.6658,,80.9682
52.4403,590.772,47.1708,,72.6761
52.4603,725.32,45.0904,,62.0404
52.4803,836.446,42.2645,,49.4119
52.5003,920.533,38.3941,,35.1721
52.5203,974.877,32.7141,,19.7886
52.5403,997.729,22.2375,,3.80034
52.5603,988.349,-1.78877,,-12.3536
52.5803,946.998,-27.2759,,-28.0983
52.6003,875.07,-38.9477,,-42.9037
52.6203,774.875,-44.0483,,-56.3481
52.6403,649.627,-46.7517,,-67.9858
52.6603,503.378,-48.49,,-77.4007
52.6803,340.883,-49.6451,,-84.3182
52.7003,167.361,-50.291,,-88.522
52.7203,-11.5606,-50.4706,,-89.8578
52.7403,-190.111,-50.2078,,-88.29
52.7603,-362.52,-49.4704,,-83.877
52.7803,-523.211,-48.2104,,-76.7414
52.8003,-666.997,-46.3893,,-67.1397
52.8203,-789.241,-43.9319,,-55.3455
52.8403,-885.951,-40.6027,,-41.7953
52.8603,-954.072,-35.9017,,-26.8847
52.8803,-991.35,-28.2997,,-11.0884
52.9003,-996.599,-11.3307,,5.05221
52.9203,-969.65,17.2237,,21.0344
52.9403,-911.345,34.6698,,36.3447
52.9603,-823.608,41.921,,50.4556
52.9803,-709.257,45.4557,,62.9619
53.0003,-571.987,47.5409,,73.4228
53.0203,-416.23,48.9124,,81.5136
53.0403,-247.026,49.782,,86.9606
53.0603,-69.8487,50.1911,,89.6114
53.0803,109.594,50.1294,,89.3626
53.1003,285.492,49.5897,,86.2194
53.1203,452.165,48.5574,,80.299
53.1403,604.226,47.0235,,71.7825
53.1603,736.763,44.8772,,60.9423
53.1803,845.492,41.9612,,48.128
53.2003,926.904,37.9723,,33.7848
53.2203,978.351,32.0386,,18.3049
53.2403,998.215,20.7214,,2.29014
53.2603,985.821,-4.61527,,-13.8393
53.2803,9.42E+02,-28.8805,,-29.5182
53.3003,866.867,-39.606,,-44.2474
53.3203,764.162,-44.3772,,-57.519
53.3403,636.77,-46.9708,,-6.90E+01
53.3603,488.807,-48.6302,,-7.81E+01
53.3803,325.05,-49.7268,,-8.48E+01
53.4003,150.787,-50.3426,,-8.88E+01
53.4203,-28.3462,-50.486,,-89.8347
53.4403,-206.563,-50.1727,,-87.9987
53.4603,-378.111,-49.3843,,-83.3199
53.4803,-537.439,-48.0737,,-75.9469
53.5003,-679.399,-46.2081,,-66.113
53.5203,-799.39,-43.6772,,-54.158
53.5403,-893.571,-40.2446,,-40.4591
53.5603,-958.89,-35.363,,-25.4373
53.5803,-993.22,-27.29,,-9.586
53.6003,-995.444,-8.9012,,6.55625
53.6203,-965.518,19.531,,22.5035
53.6403,-904.36,35.6539,,37.7211
53.6603,-813.999,42.3731,,51.7021
53.6803,-697.346,45.6989,,64.0309
53.7003,-558.146,47.6968,,74.2812
53.7203,-400.914,49.0346,,82.1392
53.7403,-230.73,49.8617,,87.3318
53.7603,-53.0889,50.2112,,89.7099
53.7803,126.263,50.1011,,89.1893
53.8003,301.537,49.5298,,85.7795
53.8203,467.06,48.4606,,79.6102
53.8403,617.499,46.8588,,70.867
53.8603,747.997,44.6431,,59.8255
53.8803,854.307,41.6595,,46.8416
53.9003,933.007,37.5429,,32.3712
53.9203,981.569,31.318,,16.8431
53.9403,998.428,19.0419,,0.76571
53.9603,983.019,-7.4156,,-15.3278
53.9803,935.849,-30.349,,-30.939
54.0003,858.416,-40.2251,,-45.5555
54.0203,753.244,-44.6938,,-58.6797
54.0403,623.749,-47.1668,,-69.9071
54.0603,474.101,-48.7747,,-78.8933
54.0803,309.127,-49.8258,,-85.3167
54.1003,134.175,-50.382,,-88.9878
54.1203,-45.1226,-50.4919,,-89.7862
54.1403,-222.96,-50.1385,,-87.6806
54.1603,-393.594,-49.2972,,-82.7397
54.1803,-551.505,-47.9377,,-75.1269
54.2003,-691.599,-46.0191,,-65.0843
54.2203,-809.342,-43.4093,,-52.9565
54.2403,-900.945,-39.8747,,-39.0982
54.2603,-963.431,-34.8057,,-23.9647
54.2803,-994.781,-26.2112,,-8.09866
54.3003,-994.006,-6.31838,,8.06723
54.3203,-961.092,21.7003,,23.9671
54.3403,-897.123,36.543,,39.0821
54.3603,-804.168,42.7928,,52.925
54.3803,-685.225,45.9454,,6.51E+01
54.4003,-544.136,47.8584,,7.51E+01
54.4203,-385.475,49.133,,8.27E+01
54.4403,-214.359,49.9202,,8.77E+01
54.4603,-36.3194,50.2454,,89.7839
54.4803,142.899,50.0884,,88.9942
54.5003,317.5,49.451,,85.3229
54.5203,481.842,48.3404,,7.89E+01
54.5403,630.607,46.7003,,6.99E+01
54.5603,759.005,44.4149,,5.87E+01
54.5803,862.882,41.3296,,4.56E+01
54.6003,938.864,37.0845,,3.09E+01
54.6203,984.494,30.5618,,1.54E+01
54.6403,998.351,17.2131,,-7.37E-01
54.6603,979.941,-10.1694,,-1.68E+01
54.6803,929.868,-31.6961,,-3.23E+01
54.7003,849.728,-40.7993,,-4.69E+01
54.7203,742.112,-45.0004,,-5.98E+01
54.7403,610.559,-47.3514,,-7.08E+01
54.7603,459.266,-48.8956,,-7.96E+01
54.7803,293.125,-49.9103,,-8.58E+01
54.8003,117.517,-50.4317,,-8.92E+01
54.8203,-61.8865,-50.4838,,-8.97E+01
54.8403,-239.29,-50.0848,,-8.73E+01
54.8603,-408.965,-49.2063,,-8.21E+01
54.8803,-565.424,-47.8038,,-7.43E+01
54.9003,-703.607,-45.8151,,-6.40E+01
54.9203,-819.059,-43.127,,-5.17E+01
54.9403,-908.047,-39.491,,-3.77E+01
54.9603,-967.692,-34.2224,,-2.25E+01
54.9803,-996.07,-25.0325,,-6.58E+00
55.0003,-992.275,-3.62998,,9.57E+00
55.0203,-956.401,23.7165,,2.54E+01
55.0403,-889.622,37.3742,,4.04E+01
55.0603,-794.094,43.1821,,5.41E+01
55.0803,-672.923,46.1692,,6.61E+01
55.1003,-529.991,48.0152,,7.59E+01
55.1203,-369.943,49.2473,,8.33E+01
55.1403,-197.935,49.9852,,8.80E+01
55.1603,-19.5364,50.2496,,8.98E+01
55.1803,159.494,50.0604,,8.88E+01
55.2003,333.37,49.3914,,84.8369
55.2203,496.477,48.2244,,78.1637
55.2403,643.534,46.5142,,68.959
55.2603,769.807,44.1736,,57.5368
55.2803,871.199,41.0103,,44.2508
55.3003,944.436,36.6121,,29.5287
55.3203,987.167,29.7401,,13.8591
55.3403,997.995,15.2183,,-2.24774
55.3603,976.585,-12.8366,,-18.309
55.3803,923.607,-32.9347,,-33.7571
55.4003,840.784,-41.3345,,-48.1194
55.4203,730.784,-45.2815,,-60.9406
55.4403,597.2,-47.5422,,-7.18E+01
55.4603,444.291,-49.0255,,-8.03E+01
55.4803,277.035,-49.9885,,-8.62E+01
55.5003,100.829,-50.4697,,-89.358
55.5203,-78.6327,-50.4856,,-89.6112
55.5403,-255.556,-50.0365,,-86.9701
55.5603,-424.227,-49.1128,,-81.5116
55.5803,-579.177,-47.6557,,-73.4294
55.6003,-715.424,-45.6107,,-62.9742
55.6203,-828.543,-42.8499,,-50.4711
55.6403,-914.902,-39.0963,,-36.3488
55.6603,-971.696,-33.6058,,-21.0592
55.6803,-997.093,-23.7434,,-5.07368
55.7003,-990.287,-0.863164,,11.0623
55.7203,-951.459,25.576,,26.8653
55.7403,-881.883,38.1392,,41.7882
55.7603,-783.806,43.5592,,55.3493
55.7803,-660.418,46.3881,,67.1208
55.8003,-515.687,48.1596,,76.7364
55.8203,-354.298,49.3511,,83.8668
55.8403,-181.455,50.0487,,88.2918
55.8603,-2.74924,50.2706,,89.8566
55.8803,176.042,50.0301,,88.5219
55.9003,349.146,49.3165,,84.3276
55.9203,510.966,48.1038,,77.404
55.9403,656.283,46.3451,,67.9872
55.9603,780.386,43.9333,,56.3676
55.9803,879.279,40.6784,,42.927
56.0003,949.745,36.1153,,28.0876
56.0203,989.525,28.8585,,12.3777
56.0403,997.364,13.0691,,-3.76179
56.0603,972.95,-15.3942,,-19.7813
56.0803,917.109,-34.0828,,-35.1502
56.1003,831.61,-41.8431,,-49.394
56.1203,719.264,-45.5504,,-62.0358
56.1403,583.657,-47.715,,-72.6717
56.1603,429.197,-49.1535,,-80.9622
56.1803,260.868,-50.0678,,-86.631
56.2003,84.1167,-50.4988,,-89.5055
56.2203,-95.3573,-50.4796,,-89.4877
56.2403,-271.745,-49.9881,,-86.5751
56.2603,-439.356,-49.0023,,-80.8711
56.2803,-592.775,-47.501,,-72.5469
56.3003,-727.032,-45.4046,,-61.8817
56.3203,-837.788,-42.5641,,-49.2222
56.3403,-921.503,-38.6765,,-34.9641
56.3603,-975.42,-32.9548,,-19.5734
56.3803,-997.809,-22.3389,,-3.56338
56.4003,-987.985,1.94488,,12.5602
56.4203,-9.46E+02,27.3057,,28.2929
56.4403,-873.889,38.8491,,43.1197
56.4603,-773.299,43.9011,,56.5305
56.4803,-647.738,46.6,,6.81E+01
56.5003,-501.238,48.3088,,7.75E+01
56.5203,-338.551,49.4549,,8.44E+01
56.5403,-164.922,50.1027,,8.86E+01
56.5603,14.0372,50.2724,,89.8564
56.5803,192.542,49.9938,,88.2517
56.6003,364.827,49.2411,,83.7904
56.6203,525.314,47.9789,,76.6301
56.6403,668.839,46.1593,,66.9781
56.6603,790.733,43.6729,,55.1932
56.6803,887.106,40.3241,,41.5897
56.7003,954.79,35.6066,,26.6579
56.7203,991.635,27.9307,,1.09E+01
56.7403,996.443,10.7419,,-5.27004
56.7603,969.04,-17.8336,,-21.2623
56.7803,910.327,-35.1178,,-36.5386
56.8003,822.194,-42.3123,,-50.6468
56.8203,707.498,-45.8125,,-63.1258
56.8403,569.941,-47.8913,,-73.5414
56.8603,413.976,-49.2686,,-81.6034
56.8803,244.626,-50.1474,,-87.0222
56.9003,67.3757,-50.5303,,-89.6251
56.9203,-112.054,-50.4555,,-89.3373
56.9403,-287.865,-49.9299,,-86.157
56.9603,-454.368,-48.9126,,-80.1987
56.9803,-606.195,-47.3434,,-71.6413
57.0003,-738.42,-45.1733,,-60.7754
57.0203,-846.804,-42.2623,,-47.9633
57.0403,-927.829,-38.2596,,-33.5642
57.0603,-978.869,-32.2668,,-18.1025
57.0803,-998.278,-20.7873,,-2.05279
57.1003,-985.425,4.7715,,14.0626
57.1203,-940.734,28.8911,,29.7376
57.1403,-865.636,39.4999,,44.4204
57.1603,-762.566,44.2377,,57.706
57.1803,-634.868,46.809,,69.088
57.2003,-486.644,48.4496,,78.2664
57.2203,-322.707,49.5425,,84.9097
57.2403,-148.34,50.1432,,88.7978
57.2603,30.8204,50.283,,89.8287
57.2803,208.988,49.9589,,87.9542
57.3003,380.399,49.1538,,83.2357
57.3203,539.523,47.8393,,75.8292
57.3403,681.208,45.9704,,65.9649
57.3603,800.878,43.4168,,53.9788
57.3803,894.681,39.9689,,40.2589
57.4003,959.573,35.0623,,25.2136
57.4203,993.46,26.9168,,9.37459
57.4403,995.246,8.28225,,-6.79918
57.4603,964.852,-20.1311,,-22.7064
57.4803,903.311,-36.0791,,-37.917
57.5003,812.563,-42.7464,,-51.8902
57.5203,695.561,-46.0655,,-6.42E+01
57.5403,556.086,-48.0608,,-7.44E+01
57.5603,398.644,-49.3752,,-8.22E+01
57.5803,228.316,-50.2052,,-8.74E+01
57.6003,50.6133,-50.5624,,-89.7218
57.6203,-128.719,-50.4501,,-89.1593
57.6403,-303.896,-49.8596,,-85.7209
57.6603,-469.258,-48.7886,,-79.5045
57.6803,-619.445,-47.1821,,-70.7208
57.7003,-749.635,-44.9582,,-59.6661
57.7203,-855.586,-41.9514,,-46.6553
57.7403,-933.889,-37.8127,,-32.1572
57.7603,-982.028,-31.5384,,-16.6214
57.7803,-998.437,-19.0913,,-0.540625
57.8003,-982.58,7.56054,,15.5472
57.8203,-934.969,30.3462,,31.1559
57.8403,-857.142,40.1235,,45.7321
57.8603,-751.628,44.5508,,58.848
57.8803,-621.824,46.9922,,70.0479
57.9003,-471.926,48.5838,,78.9977
57.9203,-306.778,49.64,,85.3919
57.9403,-131.716,50.1869,,89.0199
57.9603,47.5976,50.2813,,89.7744
57.9803,225.374,49.9205,,87.6305
58.0003,395.869,49.0635,,82.656
58.0203,553.573,47.7011,,75.0076
58.0403,693.385,45.7732,,64.9339
58.0603,810.809,43.1497,,52.7729
58.0803,9.02E+02,39.5964,,38.888
58.1003,964.079,34.4958,,23.7591
58.1203,994.994,25.8153,,7.86585
58.1403,993.754,5.6895,,-8.28589
58.1603,960.417,-22.2747,,-24.1757
58.1803,896.025,-36.9756,,-39.2859
58.2003,802.682,-43.1657,,-53.1226
58.2203,683.395,-46.2944,,-65.2307
58.2403,542.064,-48.2161,,-75.2393
58.2603,383.19,-49.5001,,-82.8222
58.2803,211.939,-50.2671,,-87.726
58.3003,33.8418,-50.5774,,-89.7913
58.3203,-145.349,-50.4283,,-88.9611
58.3403,-319.845,-49.7965,,-85.2527
58.3603,-484.01,-48.6757,,-78.7885
58.3803,-632.528,-47.0172,,-69.7859
58.4003,-760.604,-44.7237,,-58.5131
58.4203,-864.107,-41.6297,,-45.3612
58.4403,-939.701,-37.3542,,-30.7507
58.4603,-984.921,-30.7706,,-15.1414
58.4803,-998.327,-17.2384,,0.983722
58.5003,-979.458,10.3147,,17.031
58.5203,-928.945,31.6819,,32.5713
58.5403,-848.416,40.686,,4.70E+01
58.5603,-740.475,44.8431,,59.9796
58.5803,-608.597,47.1866,,70.9916
58.6003,-457.055,48.7185,,79.7042
58.6203,-290.758,49.7201,,85.8463
58.6403,-115.058,50.2272,,89.2134
58.6603,64.3585,50.2826,,89.6971
58.6803,241.696,49.8708,,87.2829
58.7003,411.221,48.9714,,82.0491
58.7203,567.461,47.5629,,74.1671
58.7403,705.37,45.5688,,63.8856
58.7603,820.478,42.8718,,51.5313
58.7803,909.068,39.2113,,37.5219
58.8003,968.305,33.9055,,22.3133
58.8203,996.247,24.62,,6.34598
58.8403,991.985,2.98053,,-9.79604
58.8603,955.689,-24.2761,,-25.6132
58.8803,888.479,-37.7904,,-40.6459
58.9003,792.594,-43.5547,,-54.321
58.9203,671.082,-46.5322,,-66.2601
58.9403,527.89,-48.3772,,-76.0646
58.9603,367.64,-49.597,,-83.393
58.9803,195.506,-50.3295,,-88.0423
59.0003,17.0609,-50.6015,,-89.8382
59.0203,-161.939,-50.4046,,-88.738
59.0403,-335.703,-49.7231,,-84.7564
59.0603,-498.618,-48.5537,,-78.0597
59.0803,-645.434,-46.8456,,-68.8187
59.1003,-771.366,-44.4827,,-57.3548
59.1203,-872.398,-41.2989,,-44.0578
59.1403,-945.245,-36.8781,,-29.3219
59.1603,-987.534,-29.9474,,-13.6481
59.1803,-997.932,-15.2205,,2.47986
59.2003,-976.087,12.9752,,18.5115
59.2203,-922.67,32.9059,,33.979
59.2403,-839.452,41.2159,,48.3132
59.2603,-729.095,45.1235,,61.0955
59.2803,-595.209,47.3685,,71.9025
59.3003,-442.069,48.847,,80.3977
59.3203,-274.654,49.7982,,86.2788
59.3403,-98.3663,50.2649,,89.3808
59.3603,81.1016,50.2773,,89.5947
59.3803,257.95,49.8238,,86.9105
59.4003,426.459,48.8732,,81.4189
59.4203,581.188,47.4131,,73.3085
59.4403,717.156,45.3674,,62.8138
59.4603,829.927,42.5911,,50.2794
59.4803,915.885,38.8051,,36.1541
59.5003,972.262,33.2828,,20.8315
59.5203,997.221,23.3174,,4.85457
59.5403,989.949,0.210963,,-11.2967
59.5603,950.697,-26.1231,,-27.0689
59.5803,880.709,-38.5565,,-41.9761
59.6003,782.258,-43.9246,,-55.5348
59.6203,658.559,-46.7471,,-67.2635
59.6403,513.562,-48.5222,,-76.8539
59.6603,351.979,-49.703,,-83.9459
59.6803,179.017,-50.3961,,-88.3311
59.7003,0.274051,-50.6086,,-89.8594
59.7203,-178.478,-50.3645,,-88.4814
59.7403,-351.462,-49.656,,-84.2491
59.7603,-513.101,-48.4384,,-77.3005
59.7803,-658.147,-46.6575,,-67.8376
59.8003,-781.933,-44.2308,,-56.1907
59.8203,-880.441,-40.9666,,-42.727
59.8403,-950.508,-36.3824,,-27.8846
59.8603,-989.863,-29.0578,,-12.1506
59.8803,-997.245,-13.0305,,3.98167
59.9003,-972.405,15.5285,,19.995
59.9203,-916.121,34.0293,,35.3625
59.9403,-830.242,41.7087,,49.582
59.9603,-717.531,45.3966,,62.1909
59.9803,-581.646,47.5545,,72.8129
60.0003,-426.59,48.8,,79.7542