0.0203376,13.7688,36.7589,,1.21E+01
0.0403266,40.2165,62.2207,,1.31E+01
0.0603309,65.4161,64.4969,,1.22E+01
0.0803352,88.4824,62.943,,1.09E+01
0.100339,108.689,60.1274,,9.32E+00
0.120328,125.378,56.7181,,7.42E+00
0.140333,138.02,52.7191,,5.29E+00
0.160337,146.2,47.6881,,2.99E+00
0.180326,149.659,40.6904,,0.583239
0.20033,148.28,29.7078,,-1.83679
0.220335,142.113,13.4116,,-4.19755
0.240339,131.353,-4.38931,,-6.42316
0.260328,116.346,-19.609,,-8.44126
0.280332,97.5792,-31.6498,,-10.1882
0.300336,75.6578,-40.7457,,-11.6043
0.320341,51.2928,-47.2878,,-12.6433
0.34033,25.2715,-51.7608,,-13.2769
0.360334,-1.56627,-54.5435,,-13.4791
0.380338,-28.3529,-55.8791,,-13.2473
0.400327,-54.2228,-55.9491,,-1.26E+01
0.420332,-78.341,-55.0479,,-1.15E+01
0.440336,-99.9251,-53.4028,,-1.01E+01
0.46034,-118.284,-51.116,,-8.31E+00
0.480329,-132.819,-48.1767,,-6.28343
0.500333,-143.065,-44.3304,,-4.04686
0.520338,-148.688,-38.9332,,-1.67924
0.540327,-149.505,-30.6073,,0.742746
0.560331,-145.493,-17.3548,,3.13863
0.580335,-136.781,-0.475017,,5.43666
0.600339,-123.644,15.1211,,7.55798
0.620328,-106.514,27.4702,,9.43469
0.640333,-85.9401,36.6024,,11.0053
0.660337,-62.5905,42.9096,,12.2213
0.680326,-37.2179,46.9613,,13.0415
0.70033,-10.6441,49.4048,,13.4411
0.720335,16.2732,50.6675,,13.4058
0.740339,42.6647,51.0321,,12.9384
0.760328,67.6774,50.6523,,12.0519
0.780332,90.5022,49.6227,,10.7759
0.800336,110.405,48.001,,9.15231
0.820341,126.737,45.7265,,7.23339
0.84033,138.978,42.6408,,5.08083
0.860334,146.726,38.3473,,2.76299
0.880338,149.734,31.9097,,0.356001
0.900327,147.905,21.4601,,-2.05891
0.920331,141.297,6.22907,,-4.4138
0.940336,130.121,-9.76726,,-6.62193
0.96034,114.742,-22.8884,,-8.6174
0.980329,95.6506,-32.7502,,-10.336
1.00033,73.4708,-39.6701,,-11.7157
1.02034,48.918,-44.2085,,-12.7208
1.04033,22.7848,-47.02,,-13.3136
1.06033,-4.08523,-48.6102,,-13.4759
1.08034,-30.8222,-49.2953,,-13.2032
1.10034,-56.5636,-49.2303,,-12.5036
1.12033,-80.4754,-48.5272,,-11.3987
1.14033,-101.788,-47.2345,,-9.92956
1.16034,-119.811,-45.3456,,-8.13505
1.18033,-133.964,-42.7453,,-6.08267
1.20033,-143.789,-39.1853,,-3.8285
1.22033,-148.966,-34.0118,,-1.45464
1.24034,-149.334,-25.8532,,0.967817
1.26033,-144.876,-12.9314,,3.36028
1.28033,-135.734,2.97202,,5.64277
1.30034,-122.205,1.71E+01,,7.74527
1.32034,-104.726,28.014,,9.594
1.34033,-83.8649,35.8389,,11.1343
1.36033,-60.2926,41.0831,,12.3159
1.38034,-34.7721,44.3848,,13.0971
1.40033,-8.13019,46.3273,,13.4556
1.42033,18.7745,47.291,,13.3807
1.44034,45.0725,47.5038,,12.8725
1.46034,69.9144,47.0718,,1.19E+01
1.48033,92.4964,46.0772,,1.06E+01
1.50033,112.089,44.5043,,8.98E+00
1.52034,128.062,42.3198,,7.04157
1.54033,139.896,39.3216,,4.86969
1.56033,147.208,35.089,,2.54076
1.58034,149.768,28.642,,0.130696
1.60034,147.488,18.1816,,-2.28387
1.62033,140.442,3.34896,,-4.6269
1.64033,128.855,-11.6865,,-6.81925
1.66034,113.105,-23.7143,,-8.79159
1.68033,93.6991,-32.5569,,-10.4772
1.70033,71.2669,-38.6441,,-11.8279
1.72033,46.5301,-42.5754,,-12.7933
1.74034,20.2919,-44.9643,,-13.3474
1.76033,-6.60205,-46.2864,,-13.4685
1.78033,-33.2822,-46.8063,,-13.1554
1.80034,-58.8865,-46.6566,,-12.4172
1.82034,-82.589,-45.9116,,-11.2783
1.84033,-103.621,-44.6417,,-9.77308
1.86033,-121.306,-42.7981,,-7.95456
1.88034,-135.073,-40.2354,,-5.87836
1.90033,-144.473,-36.6825,,-3.61013
1.92033,-149.206,-31.4786,,-1.22889
1.94034,-149.12,-23.2155,,1.19269
1.96034,-144.217,-10.2931,,3.58035
1.98033,-134.65,5.05787,,5.84713
2.00033,-120.732,18.3268,,7.92892
2.02034,-102.911,28.3429,,9.75352
2.04033,-81.7644,35.4115,,11.2616
2.06033,-57.9779,40.0975,,12.4042
2.08034,-32.3187,43.0232,,13.1484
2.10034,-5.61456,44.7135,,13.4678
2.12033,21.2704,45.5142,,13.3511
2.14033,47.4683,45.6346,,12.8034
2.16034,72.1307,45.1661,,11.8421
2.18033,94.4643,44.1441,,10.498
2.20033,113.745,42.5677,,8.81478
2.22033,129.351,40.3878,,6.84683
2.24034,140.774,37.3875,,4.65655
2.26033,147.651,33.1018,,2.31871
2.28033,149.758,26.532,,-0.0976349
2.30034,147.027,15.8955,,-2.50561
2.32034,139.546,1.22464,,-4.83821
2.34033,127.554,-13.1405,,-7.01468
2.36033,111.437,-24.4091,,-8.96271
2.38034,91.7212,-32.5667,,-10.6176
2.40033,69.0415,-38.1228,,-11.9353
2.42033,44.1297,-41.6677,,-12.8633
2.44034,17.7936,-43.8068,,-13.3767
2.46034,-9.11685,-44.9529,,-13.4575
2.48033,-35.7327,-45.3574,,-13.1046
2.50033,-61.1943,-45.1496,,-1.23E+01
2.52034,-84.6778,-44.3728,,-1.12E+01
2.54033,-105.427,-43.071,,-9.62E+00
2.56033,-122.767,-41.2092,,-7.77E+00
2.58034,-136.139,-38.6388,,-5.67235
2.60034,-145.117,-35.0476,,-3.39289
2.62033,-149.403,-29.7364,,-1.00229
2.64033,-148.863,-21.2496,,1.42E+00
2.66034,-143.514,-8.21013,,3.80E+00
2.68033,-133.528,6.73857,,6.05E+00
2.70033,-119.224,19.3364,,8.11E+00
2.72033,-101.067,28.7167,,9.91E+00
2.74034,-79.6439,35.2571,,1.14E+01
2.76033,-55.6479,39.5432,,1.25E+01
2.78033,-29.8547,42.1945,,1.32E+01
2.80034,-3.0971,43.7167,,1.35E+01
2.82034,23.7601,44.4165,,1.33E+01
2.84033,49.8496,44.4446,,1.27E+01
2.86033,74.3275,43.9211,,1.17E+01
2.88034,96.4039,42.8694,,1.04E+01
2.90033,115.366,41.2795,,8.64E+00
2.92033,130.6,39.0753,,6.65E+00
2.94034,141.616,36.0212,,4.44E+00
2.96034,148.052,31.6549,,2.09E+00
2.98033,149.708,24.8943,,-3.23E-01
3.00033,146.528,14.0031,,-2.73E+00
3.02034,138.612,-0.57946,,-5.05E+00
3.04033,126.217,-14.4014,,-7.21E+00
3.06033,109.74,-25.079,,-9.13E+00
3.08034,89.7172,-32.7235,,-1.08E+01
3.10034,66.7967,-37.8515,,-1.20E+01
3.12033,41.7174,-41.1051,,-1.29E+01
3.14033,15.2907,-43.0625,,-1.34E+01
3.16034,-11.6291,-44.0924,,-1.34E+01
3.18033,-38.173,-44.3987,,-1.30E+01
3.20033,-63.4825,-44.1127,,-1.22E+01
3.22033,-86.7422,-43.3067,,-1.10E+01
3.24034,-107.201,-41.9843,,-9.46E+00
3.26033,-124.192,-40.0923,,-7.58E+00
3.28033,-137.171,-37.4679,,-5.47E+00
3.30034,-145.721,-33.8058,,-3.17E+00
3.32034,-149.559,-28.3608,,-0.774929
3.34033,-148.567,-19.6083,,1.64382
3.36033,-142.774,-6.3871,,4.01455
3.38034,-132.369,8.23006,,6.2524
3.40033,-117.683,20.2576,,8.29067
3.42033,-99.1941,29.1237,,10.061
3.44034,-77.5007,35.2446,,11.5038
3.46034,-53.3016,39.2191,,12.5756
3.48033,-27.3822,41.6612,,13.2413
3.50033,-0.57889,43.0428,,13.4782
3.52034,26.2429,43.6382,,13.2814
3.54033,52.2176,43.6115,,1.27E+01
3.56033,76.5036,43.0428,,1.16E+01
3.58034,98.3194,41.949,,1.02E+01
3.60034,116.956,40.3276,,8.47E+00
3.62033,131.814,38.0782,,6.4526
3.64033,142.414,34.9734,,4.22914
3.66034,148.413,30.4858,,1.87283
3.68033,149.617,23.5015,,-0.551213
3.70033,145.986,12.3159,,-2.95073
3.72033,137.639,-2.20518,,-5.25875
3.74034,124.843,-15.5622,,-7.39673
3.76033,108.013,-25.724,,-9.29473
3.78033,87.6875,-32.9296,,-10.8935
3.80034,64.5329,-37.729,,-12.1388
3.82034,39.2928,-40.7632,,-12.9911
3.84033,12.7836,-42.552,,-13.425
3.86033,-14.1382,-43.4651,,-13.4245
3.88034,-40.6034,-43.7037,,-12.9912
3.90033,-65.7559,-43.371,,-12.1367
3.92033,-88.7835,-42.5147,,-10.8914
3.94034,-108.941,-41.1478,,-9.29362
3.96034,-125.584,-39.2167,,-7.39554
3.98033,-138.161,-36.5514,,-5.25658
4.00033,-146.278,-32.7968,,-2.95344
4.02034,-149.67,-27.1724,,-0.550067
4.04033,-148.228,-18.1071,,1.86814
4.06033,-141.995,-4.71654,,4.23091
4.08034,-131.171,9.58003,,6.4538
4.10034,-1.16E+02,21.1355,,8.46815
4.12033,-97.2925,29.559,,10.2095
4.14033,-75.3331,35.3189,,11.62
4.16034,-50.9411,39.0314,,12.6557
4.18033,-24.9022,41.2954,,13.2815
4.20033,1.93931,42.5596,,13.4786
4.22033,28.7183,43.0801,,13.2407
4.24034,54.5698,42.9855,,12.5745
4.26033,78.6571,42.359,,11.5016
4.28033,100.202,41.2398,,10.0581
4.30034,118.511,39.5797,,8.28879
4.32034,132.989,37.2796,,6.25312
4.34033,143.172,34.0934,,4.01304
4.36033,148.727,29.4763,,1.64651
4.38034,149.48,22.2417,,-0.776158
4.40033,145.401,10.7317,,-3.17088
4.42033,136.627,-3.72472,,-5.46669
4.44034,123.434,-16.6396,,-7.58564
4.46034,106.25,-26.3559,,-9.4575
4.48033,85.6331,-33.1895,,-11.0247
4.50033,62.2504,-37.7004,,-12.2355
4.52034,36.8572,-40.5317,,-13.0498
4.54033,10.2727,-42.1865,,-13.4438
4.56033,-16.6432,-43.0141,,-13.402
4.58034,-43.0212,-43.1786,,-12.9287
4.60034,-68.0084,-42.7887,,-1.20E+01
4.62033,-90.7989,-41.896,,-1.08E+01
4.64033,-110.654,-40.493,,-9.13E+00
4.66034,-126.937,-38.5094,,-7.20E+00
4.68033,-139.114,-35.7748,,-5.04772
4.70033,-146.798,-31.9258,,-2.73112
4.72033,-149.742,-26.1073,,-0.324223
4.74034,-147.845,-16.7055,,2.09384
4.76033,-141.173,-3.13412,,4.44393
4.78033,-129.937,10.8679,,6.65197
4.80034,-114.502,21.9689,,8.64218
4.82034,-95.3646,29.9935,,10.3579
4.84033,-73.1473,35.4479,,11.7331
4.86033,-48.5654,38.9315,,12.7318
4.88034,-22.4162,41.043,,13.3181
4.90033,4.45715,42.2008,,13.475
4.92033,31.1861,42.6431,,13.1962
4.94034,56.9074,42.4981,,12.4913
4.96034,80.7899,41.8203,,11.3827
4.98033,102.059,40.6583,,9.90441
5.00033,120.035,38.9566,,8.11142
5.02034,134.131,36.6007,,6.04996
5.04033,143.892,33.3331,,3.79578
5.06033,149.004,28.5763,,1.42184
5.08034,149.303,21.0419,,-1.0032
5.10034,144.777,9.21355,,-3.39025
5.12033,135.577,-5.15079,,-5.67284
5.14033,121.989,-17.6543,,-7.77293
5.16034,104.46,-26.9754,,-9.61764
5.18033,83.5557,-33.48,,-11.1533
5.20033,59.9521,-37.7245,,-12.3288
5.22033,34.4103,-40.371,,-13.1056
5.24034,7.75884,-41.9277,,-13.4575
5.26033,-19.1434,-42.6667,,-13.3764
5.28033,-45.4273,-42.758,,-12.8629
5.30034,-70.2438,-42.3156,,-11.9327
5.32034,-92.7896,-41.3845,,-10.6183
5.34033,-112.336,-39.9485,,-8.95962
5.36033,-128.251,-37.907,,-7.01104
5.38034,-140.027,-35.1059,,-4.83958
5.40033,-147.277,-31.1447,,-2.50703
5.42033,-149.768,-25.1055,,-0.097502
5.44034,-147.423,-15.3441,,2.31641
5.46034,-140.313,-1.6175,,4.65808
5.48033,-128.665,12.068,,6.84777
5.50033,-112.86,22.7774,,8.81762
5.52034,-93.4072,30.4428,,10.4984
5.54033,-70.9395,35.6052,,11.8433
5.56033,-46.1771,38.8891,,12.8044
5.58034,-19.9233,40.8714,,13.3517
5.60034,6.97355,41.9357,,13.4669
5.62033,33.6446,42.2983,,13.1486
5.64033,59.2283,42.0918,,1.24E+01
5.66034,82.8976,41.3869,,1.13E+01
5.68033,103.889,40.1783,,9.75E+00
5.70033,121.526,38.4191,,7.93E+00
5.72033,135.23,36.0048,,5.84518
5.74034,144.568,32.6552,,3.58108
5.76033,149.238,27.7334,,1.19571
5.78033,149.085,19.8898,,-1.23E+00
5.80034,144.113,7.73002,,-3.61E+00
5.82034,134.486,-6.52131,,-5.88E+00
5.84033,120.51,-18.6339,,-7.96E+00
5.86033,102.638,-27.5829,,-9.78E+00
5.88034,81.4549,-33.7705,,-1.13E+01
5.90033,57.6342,-37.7936,,-1.24E+01
5.92033,31.9551,-40.2856,,-1.32E+01
5.94034,5.24304,-41.7268,,-1.35E+01
5.96034,-21.6384,-42.3908,,-1.33E+01
5.98033,-47.8199,-42.4138,,-1.28E+01
6.00033,-72.4556,-41.9359,,-1.18E+01
6.02034,-94.7516,-40.9551,,-1.05E+01
6.04033,-113.986,-39.4685,,-8.79E+00
6.06033,-129.535,-37.3795,,-6.82E+00
6.08034,-140.901,-34.5087,,-4.63E+00
6.10034,-147.715,-30.4192,,-2.29E+00
6.12033,-149.754,-24.1339,,1.32E-01
6.14033,-146.955,-14.005,,2.54E+00
6.16034,-139.411,-0.158004,,4.87E+00
6.18033,-127.36,13.225,,7.04E+00
6.20033,-111.188,23.5425,,8.99E+00
6.22033,-91.427,30.8852,,1.06E+01
6.24034,-68.711,35.7896,,1.20E+01
6.26033,-43.7743,38.8837,,1.29E+01
6.28033,-17.4242,40.7429,,1.34E+01
6.30034,9.48791,41.7192,,1.35E+01
6.32034,36.0938,42.0284,,1.31E+01
6.34033,61.5334,41.7606,,1.23E+01
6.36033,84.9847,41.0002,,1.11E+01
6.38034,105.689,39.7554,,9.59E+00
6.40033,122.979,37.9619,,7.74E+00
6.42033,136.294,35.4807,,5.64E+00
6.44034,145.208,32.0199,,3.36E+00
6.46034,149.427,26.9181,,0.969805
6.48033,148.821,18.7567,,-1.45453
6.50033,143.408,6.29388,,-3.82686
6.52034,133.36,-7.84046,,-6.08173
6.54033,118.999,-19.5772,,-8.13697
6.56033,100.793,-28.165,,-9.93059
6.58034,79.3272,-34.074,,-11.4023
6.60034,55.3024,-37.887,,-12.5053
6.62033,29.4901,-40.2349,,-13.2031
6.64033,2.72547,-41.5726,,-13.4761
6.66034,-24.127,-42.1628,,-13.3123
6.68033,-50.199,-42.1433,,-12.7194
6.70033,-74.6497,-41.6018,,-1.17E+01
6.72033,-96.6888,-40.5807,,-1.03E+01
6.74034,-115.603,-39.0478,,-8.62E+00
6.76033,-130.782,-36.905,,-6.62238
6.78033,-141.736,-33.9562,,-4.41195
6.80034,-148.108,-29.7291,,-2.06028
6.82034,-149.696,-23.1877,,0.356351
6.84033,-146.449,-12.6844,,2.76126
6.86033,-138.473,1.26595,,5.07973
6.88034,-126.017,14.3352,,7.23497
6.90033,-109.487,24.2895,,9.15354
6.92033,-89.4192,31.3163,,10.7788
6.94034,-66.4629,35.9805,,12.0531
6.96034,-41.36,38.9131,,12.9389
6.98033,-14.9208,40.6562,,13.406
7.00033,11.9998,41.5569,,13.4405
7.02034,38.5324,41.7937,,13.041
7.04033,63.8202,41.4818,,12.2197
7.06033,87.0452,40.6789,,11.0037
7.08034,107.459,39.3842,,9.43222
7.10034,124.398,37.5323,,7.55613
7.12033,137.32,34.9921,,5.43751
7.14033,145.805,31.4303,,3.14041
7.16034,149.579,26.1279,,0.743433
7.18033,148.52,17.6209,,-1.67989
7.20033,142.661,4.86417,,-4.04604
7.22033,132.192,-9.10283,,-6.28354
7.24034,117.452,-20.4836,,-8.3157
7.26033,98.9161,-28.7498,,-10.0829
7.28033,77.1814,-34.3721,,-11.5209
7.30034,52.9547,-37.9938,,-12.5872
7.32034,27.0173,-40.2209,,-13.2481
7.34033,0.207167,-41.4632,,-13.4788
7.36033,-26.6088,-41.9751,,-13.2754
7.38034,-52.5645,-41.9013,,-12.6423
7.40033,-76.8229,-41.3245,,-11.6019
7.42033,-98.5973,-40.2533,,-10.1856
7.44034,-117.188,-38.669,,-8.44213
7.46034,-131.991,-36.4731,,-6.4229
7.48033,-142.53,-33.434,,-4.19674
7.50033,-148.46,-29.0524,,-1.83756
7.52034,-149.599,-22.2448,,0.582504
7.54033,-145.903,-11.3717,,2.98413
7.56033,-137.491,2.65077,,5.28997
7.58034,-124.637,15.4113,,7.42432
7.60034,-107.752,25.0074,,9.31915
7.62033,-87.3859,31.737,,10.9131
7.64033,-64.1957,36.1873,,12.153
7.66034,-38.9336,38.9728,,13.0001
7.68033,-12.413,40.6009,,13.4276
7.70033,14.508,41.414,,13.4211
7.72033,40.9601,41.5956,,12.9819
7.74034,66.0884,41.2384,,1.21E+01
7.76033,89.0815,40.3864,,1.09E+01
7.78033,109.195,39.0449,,9.27E+00
7.80034,125.782,37.1474,,7.37E+00
7.82034,138.304,34.5362,,5.22807
7.84033,146.358,30.8566,,2.91931
7.86033,149.684,25.3424,,0.516381
7.88034,148.173,16.476,,-1.90226
7.90033,141.875,3.46038,,-4.26078
7.92033,130.992,-10.3283,,-6.48241
7.94034,115.874,-21.3569,,-8.49475
7.96034,97.0086,-29.2975,,-10.2323
7.98033,75.012,-34.6767,,-11.6371
8.00033,50.591,-38.1248,,-12.6663
8.02034,24.5361,-40.2251,,-13.2877
8.04033,-2.31081,-41.3709,,-13.4782
8.06033,-29.0831,-41.8254,,-13.2344
8.08034,-54.9158,-41.6977,,-12.5625
8.10034,-78.9735,-41.0713,,-11.4851
8.12033,-100.48,-39.9565,,-10.0358
8.14033,-118.741,-38.3227,,-8.26415
8.16034,-133.163,-36.0687,,-6.22097
8.18033,-143.281,-32.9417,,-3.9807
8.20033,-148.771,-28.4078,,-1.61442
8.22034,-149.456,-21.2885,,0.8114
8.24034,-145.312,-10.0393,,3.20265
8.26033,-136.473,3.99254,,5.49845
8.28033,-123.222,16.4341,,7.61199
8.30034,-105.987,25.7032,,9.48199
8.32034,-85.3279,32.1621,,11.0444
8.34033,-61.9125,36.393,,12.2486
8.36033,-36.4972,39.0309,,13.0583
8.38034,-9.90182,40.5643,,13.4458
8.40033,17.0124,41.3049,,13.3986
8.42033,43.3767,41.4336,,12.9193
8.44034,68.3398,41.0227,,12.0216
8.46034,91.0928,40.1251,,10.735
8.48033,110.903,38.7427,,9.10251
8.50033,127.131,36.7907,,7.17787
8.52034,139.253,34.0971,,5.01938
8.54033,146.873,30.2983,,2.69697
8.56033,149.75,24.5652,,0.290838
8.58034,147.785,15.3271,,-2.12758
8.60034,141.047,2.05925,,-4.47626
8.62033,129.752,-11.5171,,-6.68033
8.64033,114.261,-22.1942,,-8.67029
8.66034,95.0764,-29.8342,,-10.376
8.68033,72.8214,-34.9835,,-11.7504
8.70033,48.2132,-38.2604,,-12.7424
8.72034,22.0487,-40.2373,,-13.3234
8.74034,-4.82839,-41.3031,,-13.4743
8.76033,-31.5494,-41.6979,,-13.1892
8.78033,-57.2507,-41.5215,,-1.25E+01
8.80034,-81.1017,-40.8397,,-1.14E+01
8.82034,-102.334,-39.6771,,-9.88E+00
8.84033,-120.257,-38.0045,,-8.08E+00
8.86033,-134.294,-35.6874,,-6.0215
8.88034,-143.995,-32.4594,,-3.76489
8.90033,-149.04,-27.7543,,-1.38744
8.92033,-149.273,-20.3372,,1.04E+00
8.94034,-144.682,-8.71206,,3.42E+00
8.96034,-135.418,5.32245,,5.70E+00
8.98033,-121.771,17.4232,,7.80E+00
9.00033,-104.192,26.3689,,9.64E+00
9.02034,-83.2447,32.5676,,1.12E+01
9.04033,-59.6096,36.6067,,1.23E+01
9.06033,-34.049,39.1007,,1.31E+01
9.08034,-7.38779,40.5424,,1.35E+01
9.10034,19.5119,41.2161,,1.34E+01
9.12033,45.7812,41.2836,,1.29E+01
9.14033,70.571,40.8251,,1.19E+01
9.16034,93.0811,39.8893,,1.06E+01
9.18033,112.582,38.4522,,8.93E+00
9.20033,128.445,36.4408,,6.98E+00
9.22034,140.158,33.6797,,4.81E+00
9.24034,147.345,29.7565,,2.48E+00
9.26033,149.771,23.7787,,6.37E-02
9.28033,147.356,14.1448,,-2.35E+00
9.30034,140.18,0.676485,,-4.69E+00
9.32034,128.474,-12.6607,,-6.88E+00
9.34033,112.616,-23.0029,,-8.84E+00
9.36033,93.118,-30.3631,,-1.05E+01
9.38034,70.6106,-35.2791,,-1.19E+01
9.40033,45.8226,-38.3984,,-1.28E+01
9.42033,19.555,-40.2649,,-1.34E+01
9.44034,-7.34465,-41.2576,,-1.35E+01
9.46034,-34.0063,-41.5816,,-1.31E+01
9.48033,-59.5696,-41.3563,,-1.24E+01
9.50033,-83.2066,-40.6374,,-1.12E+01
9.52034,-104.157,-39.4246,,-9.73E+00
9.54033,-121.74,-37.6939,,-7.90E+00
9.56033,-135.391,-35.319,,-5.82E+00
9.58034,-144.666,-31.9962,,-3.55E+00
9.60034,-149.27,-27.1056,,-1.164
9.62033,-149.048,-19.3458,,1.26317
9.64033,-144.011,-7.37137,,3.64367
9.66034,-134.321,6.5917,,5.90833
9.68033,-120.289,18.385,,7.98117
9.70033,-102.37,27.0295,,9.79819
9.72034,-81.1406,32.9635,,11.3001
9.74034,-57.2906,36.8144,,12.4301
9.76033,-31.5915,39.1803,,13.1628
9.78033,-4.87155,40.535,,13.4703
9.80034,22.0059,41.1459,,13.3413
9.82034,48.1718,41.1531,,12.7824
9.84033,72.7818,40.6504,,1.18E+01
9.86033,95.0405,39.6681,,1.05E+01
9.88034,114.226,38.1836,,8.76E+00
9.90033,129.724,36.1179,,6.78955
9.92033,141.027,33.273,,4.59408
9.94034,147.775,29.21,,2.25289
9.96034,149.75,22.9701,,-0.1646
9.98033,146.884,12.9501,,-2.57209
10.0003,139.275,-0.678999,,-4.90037
10.0203,127.163,-13.7726,,-7.07172
10.0403,110.941,-23.7988,,-9.01063
10.0603,91.1322,-30.872,,-10.6616
10.0803,68.3801,-35.5697,,-11.965
10.1003,43.4186,-38.5336,,-12.8832
10.1203,17.0555,-40.3053,,-13.3848
10.1403,-9.8587,-41.2243,,-13.4537
10.1603,-36.4542,-41.4875,,-13.0888
10.1803,-61.8719,-41.2051,,-12.2997
10.2003,-85.2895,-40.4427,,-11.1146
10.2203,-105.951,-39.1949,,-9.56853
10.2403,-123.187,-37.4103,,-7.71536
10.2603,-136.447,-34.9547,,-5.61202
10.2803,-145.298,-31.5198,,-3.32821
10.3003,-149.454,-26.4456,,-0.937407
10.3203,-148.781,-18.3495,,1.48847
10.3403,-143.3,-6.03226,,3.85978
10.3603,-133.189,7.84706,,6.11157
10.3803,-118.771,19.321,,8.16482
10.4003,-100.516,27.6571,,9.95235
10.4203,-79.013,33.3428,,11.4195
10.4403,-54.9577,37.0174,,12.5171
10.4603,-29.1261,39.279,,13.2106
10.4803,-2.35383,40.5434,,13.4766
10.5003,24.4935,41.0671,,13.3072
10.5203,50.55,41.0319,,12.7091
10.5403,74.9722,40.4963,,11.6983
10.5603,96.9714,39.4627,,10.3108
10.5803,115.839,37.9178,,8.59278
10.6003,130.963,35.7992,,6.59015
10.6203,141.854,32.8775,,4.3822
10.6403,148.164,28.6646,,2.02791
10.6603,149.686,22.1456,,-0.389909
10.6803,146.372,11.7375,,-2.79464
10.7003,138.33,-2.02E+00,,-5.11232
10.7203,125.812,-14.8562,,-7.26251
10.7403,109.233,-24.559,,-9.17799
10.7603,89.1205,-31.3589,,-10.7977
10.7803,66.1296,-35.8536,,-12.0686
10.8003,41.0027,-38.6806,,-12.9478
10.8203,1.46E+01,-40.3551,,-13.4097
10.8403,-12.3701,-41.19,,-13.4383
10.8603,-38.8914,-41.401,,-13.0322
10.8803,-64.1565,-41.0808,,-1.22E+01
10.9003,-87.3462,-40.2606,,-1.10E+01
10.9203,-107.715,-38.964,,-9.41E+00
10.9403,-124.605,-37.1274,,-7.53E+00
10.9603,-137.467,-34.606,,-5.40568
10.9803,-145.887,-31.0575,,-3.10654
11.0003,-149.594,-25.7805,,-0.710209
11.0203,-148.47,-17.3131,,1.71138
11.0403,-142.549,-4.68408,,4.07644
11.0603,-132.02,9.06837,,6.31168
11.0803,-117.221,20.2172,,8.34487
11.1003,-98.635,28.2652,,10.1055
11.1203,-76.8617,33.726,,11.5375
11.1403,-52.6068,37.2273,,12.5994
11.1603,-26.6515,39.3666,,13.2537
11.1803,0.164255,40.5458,,13.4789
11.2003,26.9742,41.0231,,13.2697
11.2203,52.9122,40.931,,12.6308
11.2403,77.1407,40.3387,,11.5841
11.2603,98.8761,39.2603,,10.1636
11.2803,117.419,37.6794,,8.41655
11.3003,132.166,35.4956,,6.39299
11.3203,142.642,32.4682,,4.16547
11.3403,148.51,28.1037,,1.80511
11.3603,149.58,21.3147,,-0.617026
11.3803,145.818,10.5039,,-3.0162
11.4003,137.344,-3.36122,,-5.32066
11.4203,124.43,-15.8959,,-7.45282
11.4403,107.493,-25.2841,,-9.34302
11.4603,87.0835,-31.8344,,-10.9316
11.4803,63.862,-36.142,,-12.1675
11.5003,38.5751,-38.8281,,-13.0092
11.5203,12.0429,-40.3948,,-13.4309
11.5403,-14.8779,-41.1696,,-13.4183
11.5603,-41.3174,-41.3269,,-12.9724
11.5803,-66.4225,-40.949,,-12.1084
11.6003,-89.3797,-40.0886,,-10.8502
11.6203,-109.45,-38.7502,,-9.24674
11.6403,-125.985,-36.865,,-7.33821
11.6603,-138.447,-34.2607,,-5.19766
11.6803,-146.438,-30.5862,,-2.88633
11.7003,-149.696,-25.0949,,-0.483266
11.7203,-148.117,-16.2617,,1.93639
11.7403,-141.756,-3.3363,,4.29224
11.7603,-130.81,10.2654,,6.51235
11.7803,-115.635,21.0871,,8.52186
11.8003,-96.7257,28.8475,,10.251
11.8203,-74.6892,34.0969,,11.655
11.8403,-50.2415,37.4375,,12.6779
11.8603,-24.1698,39.4541,,13.2925
11.8803,2.68239,40.5618,,13.4783
11.9003,29.4479,40.978,,13.2279
11.9203,55.261,40.8322,,1.26E+01
11.9403,79.2893,40.19,,1.15E+01
11.9603,100.754,39.0781,,1.00E+01
11.9803,118.965,37.451,,8.24E+00
12.0003,133.33,35.1878,,6.19348
12.0203,143.388,32.0647,,3.94988
12.0403,148.816,27.5465,,1.57993
12.0603,149.432,20.4499,,-8.42E-01
12.0803,145.223,9.2365,,-3.24E+00
12.1003,136.321,-4.66434,,-5.53E+00
12.1203,123.012,-16.9038,,-7.64E+00
12.1403,105.723,-25.9933,,-9.51E+00
12.1603,85.023,-32.3017,,-1.11E+01
12.1803,61.5735,-36.4127,,-1.23E+01
12.2003,36.1359,-38.964,,-1.31E+01
12.2203,9.53097,-40.4493,,-1.34E+01
12.2403,-17.3816,-41.1584,,-1.34E+01
12.2603,-43.7322,-41.2476,,-1.29E+01
12.2803,-68.6704,-40.8323,,-1.20E+01
12.3003,-91.3889,-39.9328,,-1.07E+01
12.3203,-111.155,-38.5399,,-9.08E+00
12.3403,-127.328,-36.5901,,-7.15E+00
12.3603,-139.387,-33.9086,,-4.99E+00
12.3803,-146.943,-30.1246,,-2.67E+00
12.4003,-149.753,-24.3946,,-2.56E-01
12.4203,-147.723,-15.1635,,2.16E+00
12.4403,-140.922,-1.99164,,4.51E+00
12.4603,-129.565,11.419,,6.71E+00
12.4803,-114.02,21.9256,,8.70E+00
12.5003,-94.7882,29.4224,,1.04E+01
12.5203,-72.4966,34.4494,,1.18E+01
12.5403,-47.8624,37.6282,,1.28E+01
12.5603,-21.6814,39.5491,,1.33E+01
12.5803,5.19987,40.5868,,1.35E+01
12.6003,31.9128,40.9383,,1.32E+01
12.6203,57.5942,40.7343,,1.25E+01
12.6403,81.4138,40.0555,,1.13E+01
12.6603,102.606,38.9007,,9.86E+00
12.6803,120.476,37.2154,,8.05E+00
12.7003,134.458,34.8877,,5.99E+00
12.7203,144.095,31.6741,,3.73E+00
12.7403,149.077,26.9753,,1.35564
12.7603,149.243,19.5483,,-1.06856
12.7803,144.588,7.96092,,-3.4555
12.8003,135.258,-5.9422,,-5.73444
12.8203,121.557,-17.8901,,-7.82617
12.8403,103.924,-26.6835,,-9.6668
12.8603,82.9353,-32.7476,,-11.1906
12.8803,59.2702,-36.6739,,-12.3544
12.9003,33.6871,-39.1097,,-13.1207
12.9203,7.01623,-40.5044,,-13.4615
12.9403,-19.8804,-41.1455,,-13.3679
12.9603,-46.1345,-41.187,,-12.8424
12.9803,-70.8985,-40.7203,,-1.19E+01
13.0003,-93.3696,-39.7742,,-1.06E+01
13.0203,-112.827,-38.3339,,-8.91E+00
13.0403,-128.634,-36.3294,,-6.95345
13.0603,-140.289,-33.5692,,-4.77588
13.0803,-147.409,-29.6431,,-2.44262
13.1003,-149.769,-23.6618,,-0.0300792
13.1203,-147.288,-14.0411,,2.3839
13.1403,-140.049,-0.655194,,4.71961
13.1603,-128.283,12.5494,,6.90486
13.1803,-112.371,22.7513,,8.86742
13.2003,-92.8274,29.9701,,10.5401
13.2203,-70.2828,34.782,,11.8765
13.2403,-45.4684,37.8261,,12.8246
13.2603,-19.1862,39.6578,,13.3603
13.2803,7.71553,40.6026,,13.4643
13.3003,34.3684,40.8895,,13.1333
13.3203,59.9103,40.6501,,12.3777
13.3403,83.5154,39.9318,,11.2223
13.3603,104.424,38.7179,,9.70545
13.3803,121.956,36.9741,,7.87177
13.4003,135.55,34.5874,,5.78801
13.4203,144.763,31.2768,,3.51408
13.4403,149.298,26.389,,1.12901
13.4603,149.012,18.6148,,-1.29382
13.4803,143.91,6.66129,,-3.67584
13.5003,134.157,-7.19007,,-5.9387
13.5203,120.068,-18.8416,,-8.00958
13.5403,102.097,-27.3552,,-9.82228
13.5603,80.8278,-33.1786,,-11.3156
13.5803,56.9475,-36.9251,,-12.4438
13.6003,31.228,-39.2482,,-13.1705
13.6203,4.5002,-40.5655,,-13.4712
13.6403,-22.3734,-41.1401,,-13.3368
13.6603,-48.5238,-41.1238,,-12.7711
13.6803,-73.1057,-40.6125,,-11.7943
13.7003,-95.3269,-39.6241,,-10.4348
13.7203,-114.466,-38.1384,,-8.73749
13.7403,-129.904,-36.0692,,-6.75996
13.7603,-141.151,-33.217,,-4.56354
13.7803,-147.834,-29.1636,,-2.21906
13.8003,-149.741,-22.92,,0.196628
13.8203,-146.813,-12.8915,,2.60454
13.8403,-139.139,0.682,,4.93287
13.8603,-126.965,1.36E+01,,7.09842
13.8803,-110.691,23.5363,,9.03593
13.9003,-90.8373,30.5046,,10.6815
13.9203,-68.0494,35.1193,,11.9817
13.9403,-43.0624,38.0229,,12.8926
13.9603,-1.67E+01,39.7403,,13.3884
13.9803,10.2295,40.6191,,13.4519
14.0003,36.8144,40.8693,,13.0798
14.0203,62.2084,40.5776,,1.23E+01
14.0403,85.5935,39.7919,,1.11E+01
14.0603,106.214,38.5376,,9.55E+00
14.0803,123.402,36.7557,,7.69E+00
14.1003,136.602,34.298,,5.58082
14.1203,145.386,30.8504,,3.29433
14.1403,149.476,25.769,,0.903704
14.1603,148.734,17.6629,,-1.5216
14.1803,143.189,5.36241,,-3.89115
14.2003,133.019,-8.43073,,-6.14047
14.2203,118.546,-19.7728,,-8.19081
14.2403,100.24,-27.9889,,-9.97532
14.2603,78.6966,-33.5879,,-11.4379
14.2803,54.6102,-37.1845,,-12.5299
14.3003,28.7613,-39.3851,,-13.2165
14.3203,1.98236,-40.6133,,-13.4773
14.3403,-24.8601,-41.1246,,-13.3017
14.3603,-50.8994,-41.0667,,-12.698
14.3803,-75.2932,-40.5057,,-11.6811
14.4003,-97.2555,-39.4714,,-10.29
14.4203,-116.074,-37.9371,,-8.56391
14.4403,-131.14,-35.8082,,-6.56435
14.4603,-141.974,-32.87,,-4.34874
14.4803,-148.217,-28.6568,,-1.99591
14.5003,-149.672,-22.141,,0.424015
14.5203,-146.293,-11.7129,,2.82685
14.5403,-138.186,2.0017,,5.14166
14.5603,-125.613,14.7152,,7.29151
14.5803,-108.977,24.2986,,9.20312
14.6003,-88.8222,31.0188,,10.8187
14.6203,-65.7961,35.4442,,12.0818
14.6403,-40.6454,38.2094,,12.9578
14.6603,-14.1811,39.8333,,13.4126
14.6803,12.7404,40.6392,,13.4357
14.7003,39.2502,40.8382,,13.0234
14.7203,64.4909,40.4938,,12.1912
14.7403,87.6489,39.6707,,10.9644
14.7603,107.973,38.3649,,9.38556
14.7803,124.811,36.5299,,7.50073
14.8003,137.614,33.9997,,5.37435
14.8203,145.969,30.4339,,3.074
14.8403,149.613,25.1434,,0.677766
14.8603,148.42,16.6665,,-1.74499
14.8803,142.433,4.04509,,-4.10975
14.9003,131.842,-9.63174,,-6.34191
14.9203,116.989,-20.6711,,-8.36957
14.9403,98.3554,-28.6121,,-10.1256
14.9603,76.5432,-33.9876,,-11.5569
14.9803,52.2582,-37.4287,,-12.6105
15.0003,26.2861,-39.5233,,-13.2596
15.0203,-0.53582,-40.668,,-13.4794
15.0403,-27.3399,-41.1169,,-13.2634
15.0603,-53.2591,-41.0077,,-1.26E+01
15.0803,-77.4588,-40.408,,-1.16E+01
15.1003,-99.1561,-39.3282,,-1.01E+01
15.1203,-117.649,-37.7344,,-8.39E+00
15.1403,-132.34,-35.5442,,-6.36377
15.1603,-142.754,-32.5209,,-4.13455
15.1803,-148.558,-28.1461,,-1.77158
15.2003,-149.562,-21.3296,,6.50E-01
15.2203,-145.733,-10.4981,,3.05E+00
15.2403,-137.196,3.30638,,5.35E+00
15.2603,-124.223,15.7447,,7.48E+00
15.2803,-107.234,25.0455,,9.37E+00
15.3003,-86.7805,31.5175,,1.10E+01
15.3203,-63.5239,35.7523,,1.22E+01
15.3403,-38.2153,38.3839,,1.30E+01
15.3603,-11.6722,39.9298,,1.34E+01
15.3803,15.2475,40.6741,,1.34E+01
15.4003,41.6744,40.7987,,1.30E+01
15.4203,66.7547,40.4091,,1.21E+01
15.4403,89.6773,39.5533,,1.08E+01
15.4603,109.705,38.2004,,9.22E+00
15.4803,126.185,36.3046,,7.31E+00
15.5003,138.588,33.6881,,5.17E+00
15.5203,146.514,30.0138,,2.85E+00
15.5403,149.707,24.5065,,4.50E-01
15.5603,148.062,15.6285,,-1.97E+00
15.5803,141.634,2.71278,,-4.33E+00
15.6003,130.629,-10.8065,,-6.54E+00
15.6203,1.15E+02,-21.5349,,-8.55E+00
15.6403,96.4419,-29.2129,,-1.03E+01
15.6603,74.367,-34.3846,,-1.17E+01
15.6803,49.8915,-37.6682,,-1.27E+01
15.7003,23.8031,-39.6504,,-1.33E+01
15.7203,-3.05384,-40.7188,,-1.35E+01
15.7403,-29.8118,-41.1172,,-1.32E+01
15.7603,-55.6059,-40.96,,-1.25E+01
15.7803,-79.6042,-40.3035,,-1.14E+01
15.8003,-101.031,-39.1741,,-9.99E+00
15.8203,-119.191,-37.5432,,-8.21E+00
15.8403,-133.5,-35.2894,,-6.16E+00
15.8603,-143.497,-32.1603,,-3.92E+00
15.8803,-148.856,-27.6121,,-1.54546
15.9003,-149.408,-20.4911,,0.875324
15.9203,-145.132,-9.26551,,3.27141
15.9403,-136.163,4.59012,,5.55719
15.9603,-122.797,16.7574,,7.66867
15.9803,-105.46,25.7661,,9.52924
16.0003,-84.7158,31.9876,,11.0814
16.0203,-61.2349,36.0481,,12.2774
16.0403,-35.7749,38.56,,13.0742
16.0603,-9.16016,40.0167,,13.4504
16.0803,17.7506,40.6884,,13.3914
16.1003,44.0872,40.7642,,12.8995
16.1203,68.9996,40.3373,,1.20E+01
16.1403,91.6814,39.4272,,1.07E+01
16.1603,111.402,38.0309,,9.05E+00
16.1803,127.523,36.0709,,7.12E+00
16.2003,139.524,33.376,,4.95738
16.2203,147.016,29.5808,,2.6301
16.2403,149.758,23.8275,,0.22249
16.2603,147.661,14.56,,-2.1912
16.2803,140.796,1.38258,,-4.53953
16.3003,129.38,-11.9517,,-6.73689
16.3203,113.78,-22.3776,,-8.7216
16.3403,94.4998,-29.7992,,-10.4211
16.3603,72.1702,-34.7544,,-11.782
16.3803,47.5088,-37.8931,,-12.764
16.4003,21.3131,-39.7776,,-13.3332
16.4203,-5.57108,-40.7738,,-13.4722
16.4403,-32.2752,-41.1112,,-13.1749
16.4603,-57.9352,-40.9017,,-12.4528
16.4803,-81.725,-40.2078,,-11.3289
16.5003,-102.874,-39.0328,,-9.83771
16.5203,-120.698,-37.341,,-8.0295
16.5403,-134.621,-35.0189,,-5.95847
16.5603,-144.197,-31.797,,-3.70387
16.5803,-149.115,-27.0754,,-1.32086
16.6003,-149.212,-19.6127,,1.1029
16.6203,-144.487,-8.00232,,3.48951
16.6403,-135.098,5.86059,,5.76353
16.6603,-121.338,17.7384,,7.85389
16.6803,-103.658,26.4545,,9.68768
16.7003,-82.6282,32.4525,,11.2098
16.7203,-58.928,36.3423,,12.3689
16.7403,-33.3252,38.7341,,13.128
16.7603,-6.64524,40.0952,,13.4631
16.7803,20.2485,40.7083,,13.3637
16.8003,46.4878,40.7417,,12.832
16.8203,71.2245,40.2578,,11.8858
16.8403,93.6622,39.3005,,10.5572
16.8603,113.07,37.8536,,8.8829
16.8803,128.823,35.8439,,6.92545
16.9003,140.418,33.0711,,4.7459
16.9203,147.474,29.1315,,2.40895
16.9403,149.766,23.1215,,-3.36E-03
16.9603,147.218,13.4478,,-2.4162
16.9803,139.917,0.0676493,,-4.75113
17.0003,128.092,-13.0683,,-6.93277
17.0203,112.125,-23.2002,,-8.89292
17.0403,92.5326,-30.3604,,-10.5634
17.0603,69.9535,-35.1142,,-11.8898
17.0803,45.1155,-38.1083,,-12.8352
17.1003,1.88E+01,-39.8978,,-13.3648
17.1203,-8.08669,-40.8293,,-13.4627
17.1403,-34.7298,-41.1053,,-13.1255
17.1603,-60.251,-40.8473,,-1.24E+01
17.1803,-83.8243,-40.1016,,-1.12E+01
17.2003,-104.687,-38.8888,,-9.68E+00
17.2203,-122.173,-37.148,,-7.85E+00
17.2403,-135.706,-34.7536,,-5.75566
17.2603,-144.856,-31.4159,,-3.48366
17.2803,-149.329,-26.5103,,-1.09576
17.3003,-148.973,-18.7037,,1.32876
17.3203,-143.806,-6.72165,,3.70673
17.3403,-133.991,7.10348,,5.96907
17.3603,-119.844,18.6872,,8.03691
17.3803,-101.825,27.137,,9.8442
17.4003,-80.515,32.8992,,11.3339
17.4203,-56.6037,36.6118,,12.4573
17.4403,-30.8647,38.9051,,13.1767
17.4603,-4.12861,40.1849,,13.4728
17.4803,22.7406,40.7272,,13.3317
17.5003,48.875,40.7017,,12.7613
17.5203,73.4301,40.1872,,11.7772
17.5403,95.6117,39.181,,10.4124
17.5603,114.704,37.6839,,8.71271
17.5803,130.091,35.6077,,6.73321
17.6003,141.276,32.7547,,4.53144
17.6203,147.894,28.6642,,2.18478
17.6403,149.735,22.3881,,-0.22869
17.6603,146.737,12.3209,,-2.63894
17.6803,139.001,-1.25038,,-4.96254
17.7003,126.769,-14.167,,-7.12783
17.7203,110.439,-23.9959,,-9.06219
17.7403,90.5409,-30.8984,,-10.7005
17.7603,67.7177,-35.4593,,-11.9964
17.7803,42.7069,-38.3219,,-12.9029
17.8003,16.3166,-40.0161,,-13.3921
17.8203,-10.6001,-40.8777,,-13.4496
17.8403,-37.1742,-41.0928,,-13.0716
17.8603,-62.5464,-40.7917,,-12.2724
17.8803,-85.8975,-40.0091,,-11.0757
17.9003,-106.474,-38.7409,,-9.52332
17.9203,-123.609,-36.9406,,-7.65937
17.9403,-136.752,-34.4736,,-5.55212
17.9603,-145.476,-31.0349,,-3.26235
17.9803,-149.498,-25.9219,,-0.870083
18.0003,-148.693,-17.7564,,1.55327
18.0203,-143.082,-5.4282,,3.92275
18.0403,-132.848,8.32786,,6.17276
18.0603,-118.317,19.6115,,8.21776
18.0803,-99.9632,27.7827,,9.99828
18.1003,-78.3811,33.3288,,11.4539
18.1203,-54.2651,36.8917,,12.5421
18.1403,-28.3971,39.0565,,13.2232
18.1603,-1.61102,40.2587,,13.4778
18.1803,25.2266,40.7507,,13.2968
18.2003,51.2487,40.6738,,12.6865
18.2203,75.615,40.1038,,1.17E+01
18.2403,97.5377,39.0626,,1.03E+01
18.2603,116.307,37.5165,,8.54E+00
18.2803,131.321,35.3672,,6.53437
18.3003,142.091,32.4249,,4.31653
18.3203,148.268,28.1963,,1.96314
18.3403,149.659,21.632,,-4.56E-01
18.3603,146.212,11.1437,,-2.86E+00
18.3803,138.043,-2.56419,,-5.17E+00
18.4003,125.409,-15.2176,,-7.32E+00
18.4203,108.721,-24.7617,,-9.23E+00
18.4403,88.5215,-31.4284,,-1.08E+01
18.4603,65.4618,-35.7925,,-1.21E+01
18.4803,40.2872,-38.525,,-1.30E+01
18.5003,13.8113,-40.131,,-1.34E+01
18.5203,-13.1105,-40.9214,,-1.34E+01
18.5403,-39.6088,-41.0807,,-1.30E+01
18.5603,-64.8272,-40.7314,,-1.22E+01
18.5803,-87.9486,-39.9094,,-1.09E+01
18.6003,-108.234,-38.5879,,-9.36E+00
18.6203,-125.014,-36.7324,,-7.47E+00
18.6403,-137.76,-34.2008,,-5.34E+00
18.6603,-146.054,-30.6381,,-3.04E+00
18.6803,-149.63,-25.3004,,-6.43E-01
18.7003,-148.371,-16.7699,,1.78E+00
18.7203,-142.32,-4.12037,,4.14E+00
18.7403,-131.667,9.52312,,6.37E+00
18.7603,-1.17E+02,20.5126,,8.40E+00
18.7803,-98.0734,28.4172,,1.01E+01
18.8003,-76.2235,33.7431,,1.16E+01
18.8203,-51.9101,37.144,,1.26E+01
18.8403,-25.9197,39.2119,,1.33E+01
18.8603,0.907487,40.3396,,1.35E+01
18.8803,27.7051,40.7691,,1.33E+01
18.9003,53.6074,40.6364,,1.26E+01
18.9203,77.7787,40.0255,,1.16E+01
18.9403,99.4351,38.9368,,1.01E+01
18.9603,117.879,37.3429,,8.36E+00
18.9803,132.513,35.1341,,6.33E+00
19.0003,142.865,32.0883,,4.10E+00
19.0203,148.605,27.697,,1.73782
19.0403,149.541,20.8394,,-0.68333
19.0603,145.645,9.94478,,-3.08179
19.0803,137.046,-3.85821,,-5.3806
19.1003,124.014,-16.2594,,-7.50919
19.1203,106.974,-25.5032,,-9.39187
19.1403,86.4782,-31.9284,,-10.9697
19.1603,63.1875,-36.1248,,-12.1974
19.1803,37.8555,-38.7247,,-13.026
19.2003,11.3021,-40.2354,,-13.436
19.2203,-15.6171,-40.9635,,-13.4119
19.2403,-42.0314,-41.0758,,-12.9545
19.2603,-67.088,-40.6821,,-1.21E+01
19.2803,-89.9765,-39.8007,,-1.08E+01
19.3003,-109.957,-38.4397,,-9.20E+00
19.3203,-126.383,-36.5328,,-7.28E+00
19.3403,-138.729,-33.9176,,-5.13625
19.3603,-146.591,-30.2224,,-2.82061
19.3803,-149.719,-24.6736,,-0.416491
19.4003,-148.005,-15.7522,,2.0016
19.4203,-141.515,-2.79815,,4.35564
19.4403,-130.447,10.6957,,6.57138
19.4603,-115.164,21.3831,,8.57142
19.4803,-96.1579,29.0163,,10.2972
19.5003,-74.0448,34.1469,,11.6876
19.5203,-49.5402,37.4033,,12.7006
19.5403,-23.4364,39.3534,,13.3034
19.5603,3.42546,40.408,,13.4773
19.5803,30.1755,40.7826,,13.2145
19.6003,55.951,40.6043,,12.5263
19.6203,79.9186,39.9423,,11.4314
19.6403,101.304,38.8094,,9.96845
19.6603,119.416,37.1621,,8.18497
19.6803,133.668,34.8881,,6.13228
19.7003,143.602,31.7457,,3.88667
19.7203,148.896,27.1817,,1.51165
19.7403,149.381,20.0053,,-0.908201
19.7603,145.04,8.71856,,-3.30138
19.7803,136.011,-5.13992,,-5.58949
19.8003,122.586,-17.2657,,-7.69461
19.8203,105.198,-26.2284,,-9.55382
19.8403,84.4095,-32.4134,,-11.1017
19.8603,60.8957,-36.4331,,-12.2903
19.8803,35.4135,-38.9207,,-13.0828
19.9003,8.78944,-40.3424,,-13.4525
19.9203,-18.1195,-40.9923,,-13.3875
19.9403,-44.4426,-41.0617,,-12.8898
19.9603,-69.3297,-40.6294,,-11.9757
19.9803,-91.9744,-39.6956,,-10.674
20.0003,-111.65,-38.2882,,-9.02985
20.0203,-127.718,-36.3289,,-7.09207
20.0403,-139.658,-33.6295,,-4.92496
20.0603,-147.086,-29.7989,,-2.59911
20.0803,-149.763,-24.0058,,-0.189535
20.1003,-147.601,-14.6971,,2.22545
20.1203,-140.669,-1.47896,,4.56986
20.1403,-129.193,11.8427,,6.76704
20.1603,-113.537,22.2305,,8.74592
20.1803,-94.2138,29.5997,,10.4415
20.2003,-71.8451,34.5293,,11.7996
20.2203,-47.1574,37.6499,,12.7743
20.2403,-2.09E+01,39.4996,,13.3388
20.2603,5.94264,40.4681,,13.4709
20.2803,32.6381,40.7885,,13.1684
20.3003,58.2791,40.575,,1.24E+01
20.3203,82.0367,39.8687,,1.13E+01
20.3403,103.142,38.6702,,9.81E+00
20.3603,120.918,36.9794,,8.00E+00
20.3803,134.784,34.6473,,5.93188
20.4003,144.297,31.3999,,3.66791
20.4203,149.146,26.6452,,1.28813
20.4403,149.179,19.1316,,-1.13581
20.4603,144.39,7.46066,,-3.52151
20.4803,134.938,-6.40252,,-5.79301
20.5003,121.121,-18.2401,,-7.88162
20.5203,103.39,-26.9288,,-9.71112
20.5403,82.3191,-32.8879,,-11.2275
20.5603,58.5871,-36.7351,,-12.3828
20.5803,32.9623,-39.1009,,-13.1358
20.6003,6.27437,-40.4391,,-13.4645
20.6203,-20.6167,-41.0414,,-13.3594
20.6403,-46.8413,-41.0533,,-12.8218
20.6603,-71.5521,-40.5568,,-11.8701
20.6803,-93.9497,-39.5882,,-10.5336
20.7003,-113.313,-38.1379,,-8.86152
20.7203,-129.015,-36.1175,,-6.89742
20.7403,-140.549,-33.3227,,-4.71246
20.7603,-147.537,-29.3597,,-2.37518
20.7803,-149.764,-23.3195,,0.035853
20.8003,-147.151,-13.5982,,2.44863
20.8203,-139.785,-0.161565,,4.7824
20.8403,-127.899,12.9596,,6.96274
20.8603,-111.878,23.0507,,8.91673
20.8803,-92.2411,30.1708,,10.5829
20.9003,-69.6269,34.8974,,11.9073
20.9203,-44.7599,37.8738,,12.8449
20.9403,-18.4493,39.6374,,13.3693
20.9603,8.45776,40.5412,,13.4609
20.9803,35.0912,40.8065,,13.1185
21.0003,60.5906,40.5321,,12.3509
21.0203,84.1319,39.7815,,11.1852
21.0403,104.954,38.5448,,9.65723
21.0603,122.386,36.8035,,7.81853
21.0803,135.863,34.3914,,5.72802
21.1003,144.951,31.029,,3.44948
21.1203,149.355,26.0914,,1.06113
21.1403,148.933,18.2373,,-1.36009
21.1603,143.702,6.18926,,-3.73975
21.1803,133.825,-7.64778,,-5.99783
21.2003,119.623,-19.1978,,-8.06285
21.2203,101.553,-27.5998,,-9.86815
21.2403,80.2024,-33.3312,,-11.3519
21.2603,56.2601,-37.0276,,-12.47
21.2803,30.5014,-39.2791,,-13.1842
21.3003,3.75751,-40.5383,,-13.4737
21.3203,-23.108,-41.073,,-13.3269
21.3403,-49.2261,-41.0335,,-12.7492
21.3603,-73.7533,-40.5012,,-1.18E+01
21.3803,-95.8998,-39.4851,,-1.04E+01
21.4003,-114.945,-37.9762,,-8.69E+00
21.4203,-130.277,-35.8897,,-6.69996
21.4403,-141.398,-33.0197,,-4.5012
21.4603,-147.951,-28.9162,,-2.15273
21.4803,-149.726,-22.5939,,2.64E-01
21.5003,-146.661,-12.4547,,2.67E+00
21.5203,-138.86,1.15563,,4.99E+00
21.5403,-126.569,14.0431,,7.16E+00
21.5603,-110.188,23.8434,,9.09E+00
21.5803,-90.2449,30.7241,,1.07E+01
21.6003,-67.386,35.2605,,1.20E+01
21.6203,-42.3506,38.0948,,1.29E+01
21.6403,-15.9474,39.759,,1.34E+01
21.6603,10.9709,40.6036,,1.34E+01
21.6803,37.5343,40.8134,,1.31E+01
21.7003,62.8845,40.4868,,1.23E+01
21.7203,86.2036,39.6885,,1.11E+01
21.7403,106.736,38.416,,9.50E+00
21.7603,123.82,36.6147,,7.63E+00
21.7803,136.905,34.1269,,5.52E+00
21.8003,145.564,30.6531,,3.23E+00
21.8203,149.52,25.512,,8.36E-01
21.8403,148.648,17.2939,,-1.59E+00
21.8603,142.971,4.88991,,-3.96E+00
21.8803,132.676,-8.86544,,-6.20E+00
21.9003,118.089,-20.1162,,-8.24E+00
21.9203,99.6863,-28.2543,,-1.00E+01
21.9403,78.0639,-33.7809,,-1.15E+01
21.9603,53.9186,-37.3074,,-1.26E+01
21.9803,28.0317,-39.4444,,-1.32E+01
22.0003,1.23942,-40.6296,,-1.35E+01
22.0203,-25.5926,-41.1063,,-1.33E+01
22.0403,-51.5974,-41.0148,,-1.27E+01
22.0603,-75.9351,-40.4306,,-1.16E+01
22.0803,-97.8201,-39.379,,-1.02E+01
22.1003,-116.543,-37.8194,,-8.51E+00
22.1203,-131.499,-35.6705,,-6.51E+00
22.1403,-142.207,-32.7043,,-4.29E+00
22.1603,-148.321,-28.4423,,-1.92957
22.1803,-149.644,-21.8333,,0.489917
22.2003,-146.132,-11.2883,,2.89296
22.2203,-137.897,2.46047,,5.20396
22.2403,-125.205,15.103,,7.34738
22.2603,-108.466,24.6168,,9.25179
22.2803,-88.2227,31.2568,,10.8573
22.3003,-65.1275,35.6049,,12.1129
22.3203,-39.9292,38.3068,,12.9756
22.3403,-13.4409,39.885,,13.419
22.3603,13.4806,40.6629,,13.43
22.3803,39.9667,40.8173,,13.0061
22.4003,65.161,40.4372,,1.22E+01
22.4203,88.251,39.6003,,1.09E+01
22.4403,108.488,38.286,,9.34E+00
22.4603,125.22,36.4256,,7.45E+00
22.4803,137.905,33.8575,,5.31277
22.5003,146.136,30.2654,,3.00994
22.5203,149.645,24.913,,0.609473
22.5403,148.32,16.3095,,-1.81012
22.5603,142.2,3.58633,,-4.17453
22.5803,131.488,-10.0578,,-6.39941
22.6003,116.524,-21.0177,,-8.4231
22.6203,97.7932,-28.8859,,-10.1705
22.6403,75.9029,-34.1916,,-11.5897
22.6603,51.5616,-37.5745,,-12.6343
22.6803,25.5538,-39.613,,-13.272
22.7003,-1.279,-40.7088,,-13.4789
22.7203,-28.0703,-41.1311,,-13.2518
22.7403,-53.9539,-40.9948,,-12.5957
22.7603,-78.0947,-40.3651,,-11.5321
22.7803,-99.7107,-39.2606,,-10.0985
22.8003,-118.106,-37.6571,,-8.33446
22.8203,-132.684,-35.4416,,-6.30577
22.8403,-142.977,-32.3731,,-4.07133
22.8603,-148.65,-27.9479,,-1.70472
22.8803,-149.52,-21.0475,,0.716726
22.9003,-145.559,-10.0861,,3.11437
22.9203,-136.894,3.7616,,5.41283
22.9403,-123.802,16.141,,7.53629
22.9603,-106.715,25.3607,,9.41417
22.9803,-86.174,31.7652,,10.9914
23.0003,-62.8507,35.9395,,12.2094
23.0203,-37.4968,38.5154,,13.0346
23.0403,-10.9313,40.0093,,13.4393
23.0603,15.9866,40.7141,,13.4084
23.0803,42.3874,40.8124,,12.9448
23.1003,67.4193,40.3978,,12.0638
23.1203,90.2738,39.5167,,10.7925
23.1403,110.209,38.1505,,9.16986
23.1603,126.583,36.22,,7.25599
23.1803,138.868,33.5841,,5.10388
23.2003,146.667,29.8677,,2.78924
23.2203,149.727,24.2833,,0.383016
23.2403,147.95,15.2837,,-2.03556
23.2603,141.392,2.26601,,-4.38681
23.2803,130.264,-11.2255,,-6.60135
23.3003,114.925,-21.8836,,-8.59619
23.3203,95.8732,-29.4988,,-10.3194
23.3403,73.72,-34.6093,,-11.7038
23.3603,49.1899,-37.8303,,-12.7118
23.3803,23.069,-39.7594,,-13.3089
23.4003,-3.79668,-40.7916,,-13.4766
23.4203,-30.54,-41.1581,,-13.2082
23.4403,-56.2954,-40.9734,,-1.25E+01
23.4603,-80.2322,-40.2966,,-1.14E+01
23.4803,-101.574,-39.1449,,-9.94E+00
23.5003,-119.637,-37.4892,,-8.16E+00
23.5203,-133.834,-35.2069,,-6.10308
23.5403,-143.704,-32.0494,,-3.85439
23.5603,-148.936,-27.445,,-1.48121
23.5803,-149.353,-20.2132,,0.944675
23.6003,-144.945,-8.85899,,3.33181
23.6203,-135.854,5.02982,,5.61934
23.6403,-122.373,17.1393,,7.72254
23.6603,-104.934,26.0974,,9.57706
23.6803,-84.1024,32.2519,,11.1202
23.7003,-60.5558,36.2487,,12.305
23.7203,-35.0531,38.7179,,13.0906
23.7403,-8.4184,40.119,,13.4541
23.7603,18.4884,40.7618,,13.3839
23.7803,44.797,40.8079,,12.8798
23.8003,69.6583,40.3489,,11.9605
23.8203,92.2684,39.4198,,10.654
23.8403,111.898,37.9981,,9.00427
23.8603,127.912,36.027,,7.0635
23.8803,139.791,33.2998,,4.89346
23.9003,147.156,29.4458,,2.56722
23.9203,149.767,23.62,,0.155667
23.9403,147.537,14.2208,,-2.25891
23.9603,140.541,0.950198,,-4.601
23.9803,129.002,-12.3715,,-6.79709
24.0003,113.295,-22.7332,,-8.77141
24.0203,93.9231,-30.0952,,-10.4617
24.0403,71.5196,-34.9933,,-11.8148
24.0603,46.8045,-38.0788,,-12.7858
24.0803,20.5776,-39.9178,,-13.3429
24.1003,-6.31364,-40.8721,,-13.47
24.1203,-33.0009,-41.1763,,-13.1607
24.1403,-58.6207,-40.9383,,-12.4272
24.1603,-82.3481,-40.225,,-11.2924
24.1803,-103.413,-39.0273,,-9.79188
24.2003,-121.137,-37.3186,,-7.97557
24.2203,-134.946,-34.9661,,-5.8997
24.2403,-144.397,-31.699,,-3.63782
24.2603,-149.182,-26.9145,,-1.25366
24.2803,-149.145,-19.3454,,1.17008
24.3003,-144.291,-7.59902,,3.55213
24.3203,-134.774,6.29276,,5.82491
24.3403,-120.902,18.1209,,7.90749
24.3603,-103.119,26.7897,,9.73594
24.3803,-82.0054,32.728,,11.2453
24.4003,-58.2438,36.562,,12.396
24.4203,-32.5988,38.9111,,13.1424
24.4403,-5.90294,40.2274,,13.4659
24.4603,20.9847,40.8048,,13.3549
24.4803,47.1936,40.807,,12.811
24.5003,71.8771,40.2994,,1.19E+01
24.5203,94.2397,39.3268,,1.05E+01
24.5403,113.556,37.8545,,8.83E+00
24.5603,129.203,35.8198,,6.86662
24.5803,140.675,33.0144,,4.68389
24.6003,147.603,29.0164,,2.34307
24.6203,149.762,22.9265,,-7.05E-02
24.6403,147.083,13.1185,,-2.48E+00
24.6603,139.652,-0.371692,,-4.82E+00
24.6803,127.706,-13.482,,-6.99E+00
24.7003,111.631,-23.5544,,-8.94E+00
24.7203,91.9487,-30.6632,,-1.06E+01
24.7403,69.2963,-35.3691,,-1.19E+01
24.7603,44.4056,-38.321,,-1.29E+01
24.7803,18.0803,-40.0545,,-1.34E+01
24.8003,-8.82882,-40.9451,,-1.35E+01
24.8203,-35.4522,-41.1932,,-1.31E+01
24.8403,-60.9295,-40.9127,,-1.23E+01
24.8603,-84.4382,-40.1498,,-1.12E+01
24.8803,-105.221,-38.9014,,-9.64E+00
24.9003,-122.602,-37.1409,,-7.79E+00
24.9203,-136.019,-34.7199,,-5.70E+00
24.9403,-145.043,-31.345,,-3.42E+00
24.9603,-149.382,-26.3642,,-1.03E+00
24.9803,-148.894,-18.4384,,1.39E+00
25.0003,-143.598,-6.31996,,3.77E+00
25.0203,-133.66,7.53231,,6.03E+00
25.0403,-119.398,19.0729,,8.09E+00
25.0603,-101.279,27.4714,,9.89E+00
25.0803,-79.8864,33.1907,,1.14E+01
25.1003,-55.9157,36.8546,,1.25E+01
25.1203,-30.137,39.0866,,1.32E+01
25.1403,-3.38611,40.3266,,1.35E+01
25.1603,23.475,40.8551,,1.33E+01
25.1803,49.5773,40.7976,,1.27E+01
25.2003,74.0771,40.2396,,1.17E+01
25.2203,96.184,39.2208,,1.04E+01
25.2403,115.182,37.7101,,8.66E+00
25.2603,130.457,35.603,,6.67E+00
25.2803,141.52,32.7094,,4.47E+00
25.3003,148.009,28.5747,,2.121
25.3203,149.717,22.1996,,-0.297955
25.3403,146.588,11.9775,,-2.70353
25.3603,138.721,-1.6838,,-5.02474
25.3803,126.371,-14.5673,,-7.18507
25.4003,109.934,-24.3575,,-9.11111
25.4203,89.9472,-31.2184,,-10.7411
25.4403,67.0553,-35.7281,,-12.0266
25.4603,41.9938,-38.5449,,-12.9218
25.4803,15.5778,-40.1958,,-13.3999
25.5003,-11.3413,-41.016,,-13.4454
25.5203,-37.894,-41.2121,,-13.0557
25.5403,-63.2219,-40.8779,,-1.22E+01
25.5603,-86.5071,-40.0666,,-1.10E+01
25.5803,-106.999,-38.7807,,-9.47E+00
25.6003,-124.031,-36.9647,,-7.61E+00
25.6203,-137.054,-34.4659,,-5.48898
25.6403,-145.65,-30.9691,,-3.19784
25.6603,-149.542,-25.7915,,-0.802753
25.6803,-148.601,-17.4956,,1.61982
25.7003,-142.86,-5.02112,,3.98805
25.7203,-132.502,8.75525,,6.23013
25.7403,-117.86,19.9957,,8.27045
25.7603,-99.4096,28.131,,10.0416
25.7803,-77.7476,33.6338,,11.4909
25.8003,-53.5717,37.139,,12.5665
25.8203,-27.6663,39.2605,,13.2361
25.8403,-0.867893,40.4253,,13.4782
25.8603,25.9587,40.8927,,13.2858
25.8803,51.9458,40.78,,12.6629
25.9003,76.2543,40.184,,11.6321
25.9203,98.0977,39.1211,,10.2236
25.9403,116.774,37.5529,,8.48659
25.9603,131.676,35.3821,,6.47704
25.9803,142.326,32.3962,,4.25393
26.0003,148.373,28.1106,,1.89566
26.0203,149.627,21.4399,,-0.523285
26.0403,146.051,10.7999,,-2.92507
26.0603,137.753,-2.98676,,-5.23518
26.0803,125.001,-15.6268,,-7.37518
26.1003,108.21,-25.1348,,-9.27634
26.1203,87.9206,-31.7511,,-10.8782
26.1403,64.7925,-36.0745,,-12.126
26.1603,39.5706,-38.7625,,-12.9852
26.1803,13.071,-40.3294,,-13.4219
26.2003,-13.8505,-41.0783,,-13.4271
26.2203,-40.3243,-41.2176,,-12.9968
26.2403,-65.4952,-40.8438,,-12.149
26.2603,-88.5508,-39.9881,,-10.9066
26.2803,-108.744,-38.6545,,-9.31165
26.3003,-125.423,-36.7763,,-7.41799
26.3203,-138.051,-34.2042,,-5.28285
26.3403,-146.217,-30.5863,,-2.97598
26.3603,-149.66,-25.1816,,-0.576835
26.3803,-148.267,-16.5115,,1.84443
26.4003,-142.086,-3.71693,,4.20359
26.4203,-131.309,9.94653,,6.43227
26.4403,-116.29,20.8958,,8.44677
26.4603,-97.5123,28.7653,,10.1929
26.4803,-75.5817,34.0537,,11.6078
26.5003,-51.2122,37.4111,,12.6458
26.5203,-25.1877,39.4295,,13.2772
26.5403,1.65059,40.5193,,13.4788
26.5603,28.4351,40.9245,,13.2455
26.5803,54.3,40.7623,,1.26E+01
26.6003,78.411,40.124,,1.15E+01
26.6203,99.9892,39.0136,,1.01E+01
26.6403,118.335,37.3944,,8.31E+00
26.6603,132.858,35.1641,,6.2767
26.6803,143.087,32.0773,,4.03617
26.7003,148.693,27.6154,,1.67287
26.7203,149.498,20.6478,,-0.749399
26.7403,145.47,9.6004,,-3.1471
26.7603,136.744,-4.28637,,-5.44277
26.7803,123.599,-16.6682,,-7.56276
26.8003,106.455,-25.8804,,-9.44058
26.8203,85.87,-32.2624,,-11.0095
26.8403,62.5134,-36.419,,-12.2246
26.8603,37.1363,-38.9799,,-13.0434
26.8803,10.5605,-40.4462,,-13.4413
26.9003,-16.3561,-41.1343,,-13.4051
26.9203,-42.7441,-41.2233,,-12.9352
26.9403,-67.7505,-40.8008,,-12.0486
26.9603,-90.5682,-39.9045,,-10.7712
26.9803,-110.46,-38.5212,,-9.14759
27.0003,-126.778,-36.5782,,-7.22606
27.0203,-139.006,-33.9336,,-5.07339
27.0403,-146.74,-30.1906,,-2.75568
27.0603,-149.735,-24.5548,,-0.351489
27.0803,-147.892,-15.4807,,2.06885
27.1003,-141.269,-2.39744,,4.41853
27.1203,-130.079,11.1118,,6.63128
27.1403,-114.686,21.7712,,8.62279
27.1603,-95.5867,29.3821,,10.3386
27.1803,-73.3981,34.4619,,11.7211
27.2003,-48.8389,37.674,,12.7231
27.2203,-22.7018,39.5914,,13.3138
27.2403,4.1681,40.6033,,13.4759
27.2603,30.9034,40.9481,,13.2016
27.2803,56.6395,40.7498,,12.5007
27.3003,80.5458,40.0609,,11.3965
27.3203,101.85,38.9,,9.92321
27.3403,119.863,37.231,,8.13116
27.3603,134.001,34.9358,,6.0735
27.3803,143.811,31.7474,,3.82073
27.4003,148.974,27.1134,,1.44726
27.4203,149.324,19.8182,,-0.976751
27.4403,144.852,8.36171,,-3.36585
27.4603,135.696,-5.56745,,-5.64935
27.4803,122.156,-17.6693,,-7.75064
27.5003,104.668,-26.6022,,-9.59939
27.5203,83.796,-32.7668,,-11.1393
27.5403,60.2159,-36.7378,,-12.3182
27.5603,34.6919,-39.1705,,-13.0988
27.5803,8.04716,-40.5662,,-13.4565
27.6003,-18.8568,-41.1979,,-13.3797
27.6203,-45.152,-41.2265,,-12.8702
27.6403,-69.9868,-40.7494,,-1.19E+01
27.6603,-92.5613,-39.8139,,-1.06E+01
27.6803,-112.145,-38.3872,,-8.98E+00
27.7003,-128.102,-36.3895,,-7.03403
27.7203,-139.924,-33.6523,,-4.86265
27.7403,-147.225,-29.7717,,-2.5344
27.7603,-149.767,-23.8916,,-0.122104
27.7803,-147.472,-14.4124,,2.29E+00
27.8003,-140.41,-1.07561,,4.63E+00
27.8203,-128.814,12.2557,,6.82E+00
27.8403,-113.051,22.6268,,8.80E+00
27.8603,-93.634,29.9743,,1.05E+01
27.8803,-71.1911,34.8574,,1.18E+01
27.9003,-46.451,37.9269,,1.28E+01
27.9203,-20.2091,39.7436,,1.33E+01
27.9403,6.68492,40.6851,,1.35E+01
27.9603,33.3631,40.977,,1.32E+01
27.9803,58.9627,40.7261,,1.24E+01
28.0003,82.6579,39.9909,,1.13E+01
28.0203,103.682,38.7912,,9.77E+00
28.0403,121.355,37.0645,,7.95E+00
28.0603,135.107,34.6953,,5.87E+00
28.0803,144.493,31.4013,,3.60E+00
28.1003,149.212,26.5858,,1.22E+00
28.1203,149.111,18.9434,,-1.20E+00
28.1403,144.192,7.1069,,-3.58E+00
28.1603,134.613,-6.82156,,-5.86E+00
28.1803,120.682,-18.6552,,-7.93E+00
28.2003,102.85,-27.3053,,-9.76E+00
28.2203,81.6968,-33.2324,,-1.13E+01
28.2403,57.9021,-37.0471,,-1.24E+01
28.2603,32.237,-39.3755,,-1.32E+01
28.2803,5.53189,-40.6751,,-1.35E+01
28.3003,-21.3522,-41.2409,,-1.34E+01
28.3203,-47.5457,-41.2239,,-1.28E+01
28.3403,-72.204,-40.7084,,-1.18E+01
28.3603,-94.528,-39.7182,,-1.05E+01
28.3803,-113.797,-38.24,,-8.81E+00
28.4003,-129.391,-36.1882,,-6.84E+00
28.4203,-140.803,-33.3602,,-4.65E+00
28.4403,-147.667,-29.3457,,-2.31131
28.4603,-149.759,-23.1991,,0.103456
28.4803,-147.012,-13.3015,,2.51516
28.5003,-139.516,0.249962,,4.84485
28.5203,-127.512,13.3713,,7.02017
28.5403,-111.382,23.4522,,8.96676
28.5603,-91.6549,30.5518,,10.6251
28.5803,-68.9673,35.239,,11.938
28.6003,-44.0495,38.1673,,12.8651
28.6203,-17.711,39.8911,,13.3774
28.6403,9.19964,40.7654,,13.4573
28.6603,35.8132,41.0003,,13.1025
28.6803,61.2698,40.7033,,1.23E+01
28.7003,84.7453,39.9213,,1.11E+01
28.7203,105.484,38.6664,,9.61E+00
28.7403,122.815,36.8954,,7.76E+00
28.7603,136.174,34.4581,,5.66564
28.7803,145.134,31.0477,,3.38367
28.8003,149.408,26.0271,,0.996627
28.8203,148.854,18.0357,,-1.42797
28.8403,143.49,5.82857,,-3.80395
28.8603,133.49,-8.06756,,-6.05596
28.8803,119.174,-19.6047,,-8.11826
28.9003,101.005,-27.9889,,-9.91336
28.9203,79.5729,-33.6923,,-11.386
28.9403,55.5718,-37.344,,-12.4968
28.9603,29.7732,-39.556,,-13.1973
28.9803,3.01471,-40.775,,-13.4757
29.0003,-23.8416,-41.2885,,-13.3165
29.0203,-49.9273,-41.2199,,-12.7283
29.0403,-74.3995,-40.6555,,-11.7288
29.0603,-96.4692,-39.6227,,-10.35
29.0803,-115.419,-38.0959,,-8.63583
29.1003,-130.641,-35.9761,,-6.64307
29.1203,-141.639,-33.0646,,-4.43737
29.1403,-148.066,-28.8953,,-2.08709
29.1603,-149.706,-22.4692,,0.330544
29.1803,-146.512,-12.1627,,2.73579
29.2003,-138.579,1.56841,,5.05698
29.2203,-126.173,14.4603,,7.21242
29.2403,-109.681,24.2513,,9.13542
29.2603,-89.6498,31.1038,,10.7618
29.2803,-66.7216,35.6047,,12.0416
29.3003,-41.6369,38.4012,,12.9314
29.3203,-15.2085,40.0324,,13.4029
29.3403,11.7117,40.8316,,13.4428
29.3603,38.2528,41.0175,,13.0468
29.3803,63.558,40.6717,,12.2312
29.4003,86.8105,39.8467,,11.0193
29.4203,107.258,38.5469,,9.4517
29.4403,124.238,36.7202,,7.57579
29.4603,137.203,34.2069,,5.46075
29.4803,145.736,30.6782,,3.16394
29.5003,149.562,25.4492,,0.769649
29.5203,148.554,17.0796,,-1.65223
29.5403,142.749,4.52571,,-4.01961
29.5603,132.329,-9.28395,,-6.25952
29.5803,117.633,-20.5303,,-8.29731
29.6003,99.1309,-28.6453,,-10.066
29.6203,77.4282,-34.1372,,-11.5064
29.6403,53.2248,-37.6262,,-12.5788
29.6603,27.3012,-39.7375,,-13.2427
29.6803,0.496262,-40.8826,,-13.4787
29.7003,-26.3244,-41.3222,,-13.28
29.7203,-52.2941,-41.2108,,-12.6514
29.7403,-76.5749,-40.6044,,-1.16E+01
29.7603,-98.3793,-39.5232,,-1.02E+01
29.7803,-117.008,-37.9481,,-8.46E+00
29.8003,-131.854,-35.7625,,-6.44393
29.8203,-142.438,-32.7582,,-4.22238
29.8403,-148.424,-28.4287,,-1.86477
29.8603,-149.612,-21.7079,,0.558266
29.8803,-145.966,-10.9791,,2.95855
29.9003,-137.604,2.87722,,5.26585
29.9203,-124.796,15.5208,,7.40232
29.9403,-107.953,25.0223,,9.29945
29.9603,-87.6217,31.6438,,10.8982
29.9803,-64.4573,35.9562,,12.1421
30.0003,-39.2125,38.6175,,12.9927
30.0203,-12.7015,40.1612,,13.4258
30.0403,14.2206,40.9089,,13.4239
30.0603,40.683,41.0322,,12.9894
30.0803,65.8301,40.6322,,12.1331
30.1003,88.8488,39.7699,,10.8861
30.1203,108.999,38.4284,,9.28883
30.1403,125.624,36.5366,,7.3885
30.1603,138.193,33.9388,,5.25174
30.1803,146.297,30.2939,,2.94525
30.2003,149.673,24.8538,,0.542204
30.2203,148.213,16.0862,,-1.87714
30.2403,141.967,3.20433,,-4.23659
30.2603,131.131,-10.4722,,-6.4584
30.2803,1.16E+02,-21.4268,,-8.47416
30.3003,97.231,-29.2931,,-10.2153
30.3203,75.2622,-34.5676,,-11.6238
30.3403,50.8626,-37.9011,,-12.6582
30.3603,24.8207,-39.9018,,-13.2831
30.3803,-2.02205,-40.9796,,-13.4783
30.4003,-28.7999,-41.3685,,-13.2394
30.4203,-54.6466,-41.1986,,-12.5716
30.4403,-78.7278,-40.5458,,-11.4976
30.4603,-100.264,-39.4254,,-10.0538
30.4803,-118.563,-37.7915,,-8.2855
30.5003,-133.03,-35.5366,,-6.243
30.5203,-143.198,-32.4397,,-4.00924
30.5403,-148.74,-27.9481,,-1.63729
30.5603,-149.476,-20.9036,,0.78254
30.5803,-145.386,-9.76785,,3.17869
30.6003,-136.593,4.17063,,5.47496
30.6203,-123.385,16.5524,,7.59271
30.6403,-106.191,25.7793,,9.46235
30.6603,-85.5649,32.1651,,11.0295
30.6803,-62.1757,36.2923,,12.2373
30.7003,-36.7771,38.8264,,13.0525
30.7203,-10.1899,40.2906,,13.4436
30.7403,16.7252,40.9707,,13.4015
30.7603,43.1006,41.0364,,12.9266
30.7803,68.0817,40.5896,,1.20E+01
30.8003,90.8635,39.6864,,1.08E+01
30.8203,110.709,38.304,,9.12E+00
30.8403,126.98,36.3443,,7.20E+00
30.8603,139.143,33.6662,,5.04143
30.8803,146.814,29.9047,,2.72319
30.9003,149.743,24.2144,,0.317336
30.9203,147.83,15.0539,,-2.10E+00
30.9403,141.147,1.88282,,-4.45E+00
30.9603,129.896,-11.6409,,-6.66E+00
30.9803,114.447,-22.3055,,-8.65E+00
31.0003,95.2998,-29.9053,,-1.04E+01
31.0203,73.075,-34.9762,,-1.17E+01
31.0403,48.4872,-38.1596,,-1.27E+01
31.0603,22.3343,-40.0669,,-1.33E+01
31.0803,-4.53972,-41.0746,,-1.35E+01
31.1003,-31.2666,-41.3992,,-1.32E+01
31.1203,-56.9832,-41.1756,,-1.25E+01
31.1403,-80.8594,-40.4852,,-1.14E+01
31.1603,-102.121,-39.3224,,-9.90E+00
31.1803,-120.082,-37.6306,,-8.10E+00
31.2003,-134.167,-35.3096,,-6.05E+00
31.2203,-143.915,-32.1084,,-3.79E+00
31.2403,-149.014,-27.4402,,-1.41E+00
31.2603,-149.296,-20.0695,,1.01E+00
31.2803,-144.759,-8.52191,,3.40E+00
31.3003,-135.542,5.4538,,5.68E+00
31.3203,-121.942,17.5653,,7.78E+00
31.3403,-104.399,26.5087,,9.62E+00
31.3603,-83.486,32.6567,,1.12E+01
31.3803,-59.876,36.6164,,1.23E+01
31.4003,-34.3308,39.0365,,1.31E+01
31.4203,-7.67607,40.4095,,1.35E+01
31.4403,19.2253,41.0237,,1.34E+01
31.4603,45.5062,41.0427,,1.29E+01
31.4803,70.3163,40.5546,,1.19E+01
31.5003,92.8527,39.6024,,1.06E+01
31.5203,112.392,38.1604,,8.95E+00
31.5403,128.296,36.1513,,7.00E+00
31.5603,140.056,33.3912,,4.83E+00
31.5803,147.291,29.488,,2.50164
31.6003,149.769,23.5522,,0.0901087
31.6203,147.407,13.974,,-2.32552
31.6403,140.283,0.551955,,-4.66469
31.6603,128.623,-12.7809,,-6.85384
31.6803,112.806,-23.1512,,-8.82397
31.7003,93.3418,-30.5087,,-10.5023
31.7203,70.8657,-35.3759,,-11.8469
31.7403,46.0976,-38.4089,,-12.8067
31.7603,19.8411,-40.2192,,-13.3522
31.7803,-7.05592,-41.1595,,-13.467
31.8003,-33.7252,-41.4268,,-13.1469
31.8203,-59.3048,-41.1552,,-1.24E+01
31.8403,-82.9665,-40.4202,,-1.13E+01
31.8603,-103.95,-39.2098,,-9.75E+00
31.8803,-121.571,-37.4693,,-7.92E+00
31.9003,-135.266,-35.0751,,-5.84114
31.9203,-144.591,-31.7671,,-3.57255
31.9403,-149.245,-26.9101,,-1.18817
31.9603,-149.074,-19.1914,,1.23665
31.9803,-144.09,-7.25698,,3.61651
32.0003,-134.451,6.71056,,5.88479
32.0203,-120.461,18.5429,,7.96304
32.0403,-102.58,27.2221,,9.77936
32.0603,-81.3846,33.1345,,11.2833
32.0803,-57.5594,36.9225,,12.422
32.1003,-31.8742,39.2303,,13.1579
32.1203,-5.16032,40.5306,,13.4688
32.1403,21.7198,41.0747,,13.3451
32.1603,47.8985,41.0426,,12.7908
32.1803,72.5291,40.5106,,11.8228
32.2003,94.818,39.5128,,10.474
32.2203,114.04,38.0251,,8.78155
32.2403,129.579,35.9513,,6.81137
32.2603,140.928,33.1027,,4.61855
32.2803,147.725,29.0558,,2.27686
32.3003,149.753,22.8504,,-0.135584
32.3203,146.941,12.8631,,-2.54729
32.3403,139.381,-0.764685,,-4.87708
32.3603,127.314,-13.9027,,-7.048
32.3803,111.134,-23.9805,,-8.99264
32.4003,91.3611,-31.0769,,-10.6447
32.4203,68.6367,-35.7538,,-11.9528
32.4403,43.6958,-38.6607,,-12.8751
32.4603,17.3428,-40.3683,,-13.3822
32.4803,-9.57037,-41.2291,,-13.4554
32.5003,-36.1738,-41.4472,,-13.095
32.5203,-61.6084,-41.1334,,-12.3102
32.5403,-85.0512,-40.351,,-11.1285
32.5603,-105.747,-39.0954,,-9.58849
32.5803,-123.026,-37.2925,,-7.73608
32.6003,-136.328,-34.8319,,-5.63591
32.6203,-145.227,-31.4151,,-3.35279
32.6403,-149.434,-26.3534,,-0.962258
32.6603,-148.812,-18.2718,,1.46032
32.6803,-143.385,-5.96451,,3.83522
32.7003,-133.322,7.94939,,6.08837
32.7203,-118.948,19.5018,,8.14453
32.7403,-100.73,27.9016,,9.93477
32.7603,-79.2582,33.5947,,11.4061
32.7803,-55.2259,37.2235,,12.5076
32.8003,-29.4094,39.4153,,13.2051
32.8203,-2.64293,40.6295,,13.4758
32.8403,24.2084,41.1216,,13.3115
32.8603,50.2765,41.0401,,12.7174
32.8803,74.7218,40.4609,,1.17E+01
32.9003,96.7517,39.4207,,1.03E+01
32.9203,115.655,37.8795,,8.61E+00
32.9403,130.822,35.739,,6.61423
32.9603,141.762,32.8034,,4.40518
32.9803,148.12,28.6096,,2.05394
33.0003,149.697,22.1158,,-0.362212
33.0203,146.433,11.705,,-2.77026
33.0403,138.44,-2.08318,,-5.0871
33.0603,125.971,-14.986,,-7.24183
33.0803,109.43,-24.7865,,-9.15831
33.1003,89.3522,-31.639,,-10.7832
33.1203,66.3893,-36.1132,,-12.0564
33.1403,41.2805,-38.8886,,-12.9408
33.1603,14.8383,-40.5166,,-13.4067
33.1803,-12.082,-41.3065,,-13.4403
33.2003,-38.6124,-41.462,,-13.0391
33.2203,-63.8943,-41.1068,,-12.2159
33.2403,-87.1122,-40.2854,,-10.9999
33.2603,-107.513,-38.9717,,-9.42695
33.2803,-124.444,-37.1146,,-7.55011
33.3003,-137.352,-34.5853,,-5.42983
33.3203,-145.822,-31.0443,,-3.13183
33.3403,-149.582,-25.7668,,-0.736397
33.3603,-148.506,-17.3091,,1.68656
33.3803,-142.636,-4.66438,,4.05109
33.4003,-132.155,9.17224,,6.29059
33.4203,-117.401,20.4263,,8.32157
33.4403,-98.8541,28.5647,,10.0882
33.4603,-77.1108,34.0443,,11.5248
33.4803,-52.8768,37.5066,,12.5907
33.5003,-26.9359,39.5932,,13.2487
33.5203,-0.124732,40.7368,,13.4787
33.5403,26.6901,41.1659,,13.2746
33.5603,52.6426,41.021,,12.6401
33.5803,76.8934,40.4078,,11.5978
33.6003,98.6597,39.3289,,10.1801
33.6203,117.238,37.7298,,8.4358
33.6403,132.03,35.5253,,6.4173
33.6603,142.554,32.5015,,4.18994
33.6803,148.473,28.1411,,1.82985
33.7003,149.594,21.3443,,-0.589618
33.7203,145.885,10.5206,,-2.99165
33.7403,137.46,-3.39602,,-5.29515
33.7603,124.591,-16.0516,,-7.4322
33.7803,107.696,-25.5649,,-9.3251
33.8003,87.3176,-32.1702,,-10.9175
33.8203,64.1216,-36.4654,,-12.155
33.8403,38.8541,-39.1163,,-13.0021
33.8603,12.3311,-40.6407,,-13.4286
33.8803,-14.5903,-41.3685,,-13.421
33.9003,-41.0401,-41.4822,,-12.9801
33.9203,-66.1632,-41.0783,,-1.21E+01
33.9403,-89.148,-40.198,,-1.09E+01
33.9603,-109.254,-38.8448,,-9.26E+00
33.9803,-125.829,-36.9479,,-7.36E+00
34.0003,-138.338,-34.3236,,-5.222
34.0203,-146.375,-30.6453,,-2.91038
34.0403,-149.686,-25.1585,,-0.508
34.0603,-148.157,-16.3155,,1.91E+00
34.0803,-141.848,-3.33993,,4.27E+00
34.1003,-130.951,10.373,,6.49E+00
34.1203,-115.822,21.3353,,8.50E+00
34.1403,-96.9466,29.2007,,1.02E+01
34.1603,-74.9414,34.4747,,1.16E+01
34.1803,-50.5126,37.7848,,1.27E+01
34.2003,-24.4551,39.7645,,1.33E+01
34.2203,2.39352,40.8272,,1.35E+01
34.2403,29.1643,41.2027,,1.32E+01
34.2603,54.9926,41.018,,1.26E+01
34.2803,79.0435,40.3525,,1.15E+01
34.3003,100.541,39.2198,,1.00E+01
34.3203,118.789,37.576,,8.26E+00
34.3403,133.199,35.3056,,6.22E+00
34.3603,143.306,32.176,,3.97E+00
34.3803,148.781,27.65,,1.61E+00
34.4003,149.453,20.5388,,-8.16E-01
34.4203,145.294,9.3011,,-3.21E+00
34.4403,136.44,-4.69456,,-5.51E+00
34.4603,123.176,-17.0915,,-7.62E+00
34.4803,105.928,-26.3146,,-9.49E+00
34.5003,85.2603,-32.6895,,-1.10E+01
34.5203,61.8376,-36.8067,,-1.23E+01
34.5403,36.4163,-39.3302,,-1.31E+01
34.5603,9.81933,-40.7657,,-1.34E+01
34.5803,-17.0945,-41.4327,,-1.34E+01
34.6003,-43.4561,-41.4907,,-1.29E+01
34.6203,-68.4137,-41.0439,,-1.20E+01
34.6403,-91.1603,-40.1146,,-1.07E+01
34.6603,-110.961,-38.7142,,-9.10E+00
34.6803,-127.178,-36.7566,,-7.17E+00
34.7003,-139.283,-34.0577,,-5.01E+00
34.7203,-146.887,-30.2514,,-2.69109
34.7403,-149.749,-24.516,,-0.282307
34.7603,-147.771,-15.2726,,2.13369
34.7803,-141.021,-2.01699,,4.48276
34.8003,-129.709,11.5434,,6.68785
34.8203,-114.205,22.2163,,8.67515
34.8403,-95.0128,29.823,,10.3812
34.8603,-72.7495,34.8744,,11.7536
34.8803,-48.136,38.0479,,12.7452
34.9003,-21.9671,39.9386,,13.3242
34.9203,4.91094,40.9216,,13.4739
34.9403,31.6301,41.2304,,13.188
34.9603,57.327,41.0034,,1.25E+01
34.9803,81.172,40.2993,,1.14E+01
35.0003,102.394,39.112,,9.88E+00
35.0203,120.306,37.4132,,8.08E+00
35.0403,134.331,35.0794,,6.01517
35.0603,144.017,31.8504,,3.75736
35.0803,149.05,27.1327,,1.38037
35.1003,149.267,19.6962,,-1.04323
35.1203,144.662,8.05911,,-3.43246
35.1403,135.381,-5.97881,,-5.70871
35.1603,121.726,-18.1075,,-7.80554
35.1803,104.132,-27.0415,,-9.64803
35.2003,83.1779,-33.1801,,-11.1748
35.2203,59.5356,-37.1254,,-12.3454
35.2403,33.9688,-39.537,,-13.1146
35.2603,7.30535,-40.8869,,-13.4602
35.2803,-19.594,-41.4878,,-13.3715
35.3003,-45.8602,-41.4934,,-12.8502
35.3203,-70.6437,-40.9998,,-11.9139
35.3403,-93.1449,-40.0319,,-10.5932
35.3603,-112.637,-38.5815,,-8.92918
35.3803,-128.485,-36.558,,-6.9761
35.4003,-140.188,-33.7708,,-4.80065
35.4203,-147.359,-29.8369,,-2.46778
35.4403,-149.769,-23.8483,,-0.0564452
35.4603,-147.341,-14.189,,2.35734
35.4803,-140.151,-0.684923,,4.69614
35.5003,-128.431,12.6899,,6.88405
35.5203,-112.561,23.0613,,8.8458
35.5403,-93.0546,30.4163,,10.5248
35.5603,-70.5376,35.2764,,11.8636
35.5803,-45.7443,38.3058,,12.8167
35.6003,-19.473,40.0862,,13.3573
35.6203,7.42711,40.9995,,13.4651
35.6403,34.0869,41.2652,,13.1393
35.6603,59.6451,40.9826,,12.3883
35.6803,83.277,40.23,,11.2378
35.7003,104.218,39.0009,,9.72178
35.7203,121.789,37.2494,,7.89433
35.7403,135.427,34.8435,,5.81109
35.7603,144.688,31.5032,,3.53945
35.7803,149.277,26.6,,1.1541
35.8003,149.042,18.8063,,-1.26777
35.8203,143.989,6.77427,,-3.65255
35.8403,134.285,-7.23676,,-5.91406
35.8603,120.24,-19.0885,,-7.98824
35.8803,102.31,-27.7576,,-9.80473
35.9003,81.0717,-33.665,,-11.3002
35.9203,57.2163,-37.4352,,-12.4347
35.9403,31.5118,-39.7294,,-13.1648
35.9603,4.78889,-41.0078,,-13.4706
35.9803,-22.0877,-41.542,,-13.3407
36.0003,-48.2499,-41.4895,,-12.7796
36.0203,-72.8537,-40.9542,,-1.18E+01
36.0403,-95.1021,-39.9434,,-1.05E+01
36.0603,-114.28,-38.4418,,-8.76E+00
36.0803,-129.762,-36.3535,,-6.78293
36.1003,-141.053,-33.4883,,-4.58852
36.1203,-147.788,-29.4068,,-2.24501
36.1403,-149.748,-23.1361,,0.170888
36.1603,-146.869,-13.0643,,2.57962
36.1803,-139.243,0.636972,,4.90944
36.2003,-127.12,13.8095,,7.07565
36.2203,-110.887,23.8989,,9.01603
36.2403,-91.0672,30.9908,,10.6665
36.2603,-68.307,35.648,,11.9693
36.2803,-43.3393,38.5495,,12.8849
36.3003,-16.9732,40.244,,13.3858
36.3203,9.94119,41.0772,,13.4531
36.3403,36.534,41.2856,,13.0867
36.3603,61.9463,40.9612,,12.2971
36.3803,85.3576,40.1656,,11.1101
36.4003,106.01,38.8811,,9.56405
36.4203,123.238,37.0796,,7.71007
36.4403,136.482,34.6048,,5.60422
36.4603,145.318,31.1459,,3.32136
36.4803,149.459,26.0385,,0.927949
36.5003,148.772,17.8845,,-1.49358
36.5203,143.277,5.48938,,-3.86642
36.5403,133.151,-8.49098,,-6.12063
36.5603,118.721,-20.0528,,-8.16833
36.5803,100.456,-28.4336,,-9.9583
36.6003,78.9429,-34.1127,,-11.4244
36.6203,54.8796,-37.7406,,-12.5197
36.6403,29.0452,-39.9329,,-13.2112
36.6603,2.27153,-41.1094,,-13.4772
36.6803,-24.575,-41.5793,,-13.3059
36.7003,-50.6268,-41.4941,,-12.7056
36.7203,-75.0434,-40.9153,,-11.696
36.7403,-97.035,-39.8486,,-10.3059
36.7603,-115.89,-38.2932,,-8.58469
36.7803,-131.001,-36.1476,,-6.58578
36.8003,-141.879,-33.1922,,-4.37342
36.8203,-148.174,-28.9531,,-2.02149
36.8403,-149.683,-22.3987,,0.396927
36.8603,-146.352,-11.9025,,2.80253
36.8803,-138.298,1.96709,,5.11779
36.9003,-125.77,14.9025,,7.26847
36.9203,-109.177,24.6926,,9.18397
36.9403,-89.055,31.5472,,10.8031
36.9603,-66.0547,36.0225,,12.0712
36.9803,-40.9231,38.7819,,12.9502
37.0003,-14.4687,40.3753,,13.4102
37.0203,12.4524,41.1482,,13.4371
37.0403,38.9706,41.3099,,13.0303
37.0603,64.2297,40.9372,,1.22E+01
37.0803,87.4142,40.0871,,1.10E+01
37.1003,107.773,38.7572,,9.40E+00
37.1203,124.652,36.907,,7.52E+00
37.1403,137.499,34.3559,,5.39868
37.1603,145.906,30.7783,,3.10101
37.1803,149.599,25.4519,,0.701294
37.2003,148.459,16.9104,,-1.72E+00
37.2203,142.523,4.17428,,-4.08E+00
37.2403,131.98,-9.70829,,-6.32E+00
37.2603,117.169,-20.9736,,-8.35E+00
37.2803,98.573,-29.1021,,-1.01E+01
37.3003,76.7905,-34.5693,,-1.15E+01
37.3203,52.5289,-38.0248,,-1.26E+01
37.3403,26.5702,-40.0936,,-1.33E+01
37.3603,-0.246714,-41.2117,,-1.35E+01
37.3803,-27.0556,-41.634,,-1.33E+01
37.4003,-52.9899,-41.4857,,-1.26E+01
37.4203,-77.2125,-40.8549,,-1.16E+01
37.4403,-98.9404,-39.7547,,-1.02E+01
37.4603,-117.47,-38.1489,,-8.41E+00
37.4803,-132.205,-35.9296,,-6.39E+00
37.5003,-142.667,-32.8807,,-4.16E+00
37.5203,-148.52,-28.4848,,-1.79E+00
37.5403,-149.575,-21.6244,,6.24E-01
37.5603,-145.798,-10.7004,,3.02E+00
37.5803,-137.311,3.27602,,5.33E+00
37.6003,-124.384,15.9576,,7.46E+00
37.6203,-107.436,25.488,,9.35E+00
37.6403,-87.0167,32.0896,,1.09E+01
37.6603,-63.787,36.3681,,1.22E+01
37.6803,-38.4955,38.9965,,1.30E+01
37.7003,-11.9603,40.5179,,1.34E+01
37.7203,14.9601,41.2244,,1.34E+01
37.7403,41.3974,41.3122,,1.30E+01
37.7603,66.4967,40.8991,,1.21E+01
37.7803,89.4468,40.0174,,1.08E+01
37.8003,109.507,38.6424,,9.24E+00
37.8203,126.029,36.7188,,7.33E+00
37.8403,138.477,34.0868,,5.19E+00
37.8603,146.454,30.3878,,2.88E+00
37.8803,149.698,24.8339,,0.475914
37.9003,148.105,15.9029,,-1.94341
37.9203,141.729,2.84474,,-4.29923
37.9403,130.77,-10.9109,,-6.51871
37.9603,115.585,-21.8819,,-8.52645
37.9803,96.6632,-29.7408,,-10.2576
38.0003,74.6192,-34.9998,,-11.6577
38.0203,50.1638,-38.3008,,-12.6801
38.0403,24.0887,-40.2668,,-13.2947
38.0603,-2.76502,-41.3103,,-13.478
38.0803,-29.5285,-41.6716,,-13.2261
38.1003,-55.3375,-41.4739,,-1.25E+01
38.1203,-79.3594,-40.7974,,-1.15E+01
38.1403,-100.816,-39.6541,,-1.00E+01
38.1603,-119.015,-37.9965,,-8.23E+00
38.1803,-133.369,-35.715,,-6.18578
38.2003,-143.413,-32.5588,,-3.94212
38.2203,-148.823,-27.9864,,-1.57275
38.2403,-149.428,-20.8146,,0.850059
38.2603,-145.202,-9.48227,,3.24386
38.2803,-136.286,4.58081,,5.53456
38.3003,-122.963,17.004,,7.64789
38.3203,-105.666,26.2334,,9.50995
38.3403,-84.9552,32.5956,,11.0669
38.3603,-61.4995,36.7033,,12.2666
38.3803,-36.0559,39.2208,,13.0689
38.4003,-9.44848,40.6427,,13.4481
38.4203,17.4637,41.2755,,13.3945
38.4403,43.8115,41.3229,,12.9065
38.4603,68.7427,40.8737,,12.0037
38.4803,91.4548,39.9339,,10.7113
38.5003,111.21,38.5046,,9.07229
38.5203,127.371,36.5323,,7.14176
38.5403,139.418,33.8229,,4.9806
38.5603,146.96,29.986,,2.65794
38.5803,149.755,24.1911,,0.248499
38.6003,147.711,14.8512,,-2.16539
38.6203,140.895,1.5136,,-4.51486
38.6403,129.524,-12.0802,,-6.71588
38.6603,113.966,-22.7648,,-8.70336
38.6803,94.7243,-30.3586,,-10.4013
38.7003,72.424,-35.4032,,-11.77
38.7203,47.7838,-38.5652,,-12.7555
38.7403,21.5993,-40.4329,,-13.3298
38.7603,-5.28237,-41.3969,,-13.4729
38.7803,-31.9932,-41.6953,,-13.1809
38.8003,-57.67,-41.4599,,-12.4627
38.8203,-81.4829,-40.7375,,-11.3419
38.8403,-102.664,-39.5435,,-9.85615
38.8603,-120.528,-37.8333,,-8.05081
38.8803,-134.495,-35.4823,,-5.98326
38.9003,-144.118,-32.2272,,-3.72623
38.9203,-149.085,-27.4727,,-1.34564
38.9403,-149.236,-19.9605,,1.07416
38.9603,-144.567,-8.22438,,3.4647
38.9803,-135.222,5.86746,,5.74169
39.0003,-121.506,18.0183,,7.83203
39.0203,-103.867,26.9603,,9.6693
39.0403,-82.8692,33.0879,,11.195
39.0603,-59.194,37.0347,,12.3589
39.0803,-33.6065,39.4242,,13.1221
39.1003,-6.93393,40.7448,,13.4617
39.1203,19.9622,41.3269,,13.367
39.1403,46.2132,41.3332,,12.8401
39.1603,70.9707,40.8316,,1.19E+01
39.1803,93.4351,39.8422,,1.06E+01
39.2003,112.882,38.3682,,8.90E+00
39.2203,128.677,36.3387,,6.94712
39.2403,140.319,33.5448,,4.77099
39.2603,147.426,29.5627,,2.43375
39.2803,149.768,23.5088,,0.0220158
39.3003,147.273,13.7536,,-2.39024
39.3203,140.021,0.177119,,-4.72597
39.3403,128.241,-13.2264,,-6.91307
39.3603,112.317,-23.6256,,-8.87093
39.3803,92.7615,-30.9605,,-10.5466
39.4003,70.2094,-35.8001,,-11.8796
39.4203,45.3897,-38.8198,,-12.8269
39.4403,19.1041,-40.5903,,-13.3611
39.4603,-7.79805,-41.4826,,-13.4637
39.4803,-34.4486,-41.727,,-13.1317
39.5003,-59.9856,-41.446,,-12.3752
39.5203,-83.5853,-40.676,,-11.218
39.5403,-104.482,-39.4316,,-9.69993
39.5603,-122.002,-37.6668,,-7.86413
39.5803,-135.582,-35.254,,-5.78275
39.6003,-144.784,-31.8807,,-3.50886
39.6203,-149.307,-26.9263,,-1.12083
39.6403,-149.002,-19.0648,,1.30272
39.6603,-143.887,-6.94532,,3.68225
39.6803,-134.12,7.13037,,5.94593
39.7003,-120.018,19.0039,,8.01493
39.7203,-102.039,27.6717,,9.82698
39.7403,-80.7594,33.5693,,11.3187
39.7603,-56.8723,37.3399,,12.4482
39.7803,-31.148,39.6138,,13.1713
39.8003,-4.41786,40.8656,,13.472
39.8203,22.4548,41.3869,,13.3355
39.8403,48.6016,41.331,,12.7696
39.8603,73.1783,40.7834,,11.7901
39.8803,95.3895,39.7544,,10.4286
39.9003,114.518,38.2313,,8.7332
39.9203,129.948,36.1374,,6.75436
39.9403,141.18,33.25,,4.5567
39.9603,147.847,29.1255,,2.21175
39.9803,149.74,22.8028,,-0.204537
40.0003,146.795,12.6245,,-2.61259
40.0203,139.107,-1.15812,,-4.93871
40.0403,126.921,-14.347,,-7.10702
40.0603,110.634,-24.4462,,-9.04042
40.0803,90.7719,-31.533,,-10.6852
40.1003,67.9758,-36.1795,,-11.9846
40.1203,42.9848,-39.0567,,-12.8947
40.1403,16.6041,-40.7371,,-13.3903
40.1603,-10.3119,-41.5581,,-13.451
40.1803,-36.8946,-41.7419,,-13.0788
40.2003,-62.2858,-41.42,,-1.23E+01
40.2203,-85.6624,-40.6035,,-1.11E+01
40.2403,-106.27,-39.3139,,-9.54E+00
40.2603,-123.446,-37.4947,,-7.68E+00
40.2803,-136.635,-35.0058,,-5.57668
40.3003,-145.409,-31.5212,,-3.28798
40.3203,-149.481,-26.3626,,-0.894597
40.3403,-148.727,-18.1328,,1.53E+00
40.3603,-143.167,-5.63496,,3.90E+00
40.3803,-132.98,8.38168,,6.15E+00
40.4003,-118.494,19.9562,,8.20E+00
40.4203,-100.178,28.3602,,9.98E+00
40.4403,-78.6267,34.0329,,1.14E+01
40.4603,-54.5336,37.6403,,1.25E+01
40.4803,-28.68,39.8001,,1.32E+01
40.5003,-1.89993,40.9729,,1.35E+01
40.5203,24.9415,41.4387,,1.33E+01
40.5403,50.9767,41.3292,,1.27E+01
40.5603,75.365,40.7319,,1.17E+01
40.5803,97.3173,39.6584,,1.03E+01
40.6003,116.124,38.0938,,8.56E+00
40.6203,131.181,35.9306,,6.56E+00
40.6403,141.998,32.9461,,4.34E+00
40.6603,148.227,28.6744,,1.99E+00
40.6803,149.669,22.0584,,-4.30E-01
40.7003,146.276,11.4519,,-2.83E+00
40.7203,138.154,-2.48543,,-5.15E+00
40.7403,125.567,-15.4413,,-7.30E+00
40.7603,108.921,-25.2484,,-9.21E+00
40.7803,88.7554,-32.0853,,-1.08E+01
40.8003,65.7221,-36.5427,,-1.21E+01
40.8203,40.5648,-39.2908,,-1.30E+01
40.8403,14.0992,-40.8669,,-1.34E+01
40.8603,-12.8226,-41.6248,,-1.34E+01
40.8803,-39.3295,-41.7659,,-1.30E+01
40.9003,-64.5654,-41.3851,,-1.22E+01
40.9203,-87.7164,-40.5258,,-1.10E+01
40.9403,-108.032,-39.1954,,-9.38E+00
40.9603,-124.856,-37.3195,,-7.49E+00
40.9803,-137.647,-34.747,,-5.37E+00
41.0003,-145.991,-31.1402,,-3.07E+00
41.0203,-149.616,-25.7761,,-0.669693
41.0403,-148.409,-17.1526,,1.75237
41.0603,-142.406,-4.31396,,4.11601
41.0803,-131.803,9.60515,,6.34794
41.1003,-116.937,20.8967,,8.37772
41.1203,-98.2915,29.0268,,10.1299
41.1403,-76.4728,34.4721,,11.5592
41.1603,-52.1813,37.9224,,12.6141
41.1803,-26.2048,39.9821,,13.2606
41.2003,0.618203,41.0784,,13.4795
41.2203,27.4212,41.4699,,13.2626
41.2403,53.3379,41.3234,,1.26E+01
41.2603,77.5302,40.6895,,1.16E+01
41.2803,99.2174,39.5617,,1.01E+01
41.3003,117.7,37.9343,,8.38E+00
41.3203,132.379,35.7111,,6.3567
41.3403,142.78,32.6407,,4.12616
41.3603,148.567,28.1943,,1.76511
41.3803,149.556,21.2735,,-0.658223
41.4003,145.714,10.2561,,-3.05498
41.4203,137.161,-3.80478,,-5.35925
41.4403,124.176,-16.5151,,-7.48538
41.4603,107.176,-26.0272,,-9.37435
41.4803,86.7143,-32.6197,,-10.9546
41.5003,63.4507,-36.897,,-12.1848
41.5203,38.1357,-39.5106,,-13.02
41.5403,11.5904,-40.9952,,-13.4341
41.5603,-15.3297,-41.6928,,-13.4146
41.5803,-41.7539,-41.7834,,-12.9614
41.6003,-66.8295,-41.3569,,-12.0894
41.6203,-89.7454,-40.4496,,-10.8289
41.6403,-109.761,-39.0689,,-9.21406
41.6603,-126.229,-37.1366,,-7.30516
41.6803,-138.621,-34.4844,,-5.16046
41.7003,-146.534,-30.7471,,-2.84546
41.7203,-149.71,-25.1515,,-0.441897
41.7403,-148.05,-16.1328,,1.9756
41.7603,-141.609,-2.97957,,4.33232
41.7803,-130.589,10.8094,,6.54671
41.8003,-1.15E+02,21.7969,,8.55435
41.8203,-96.3789,29.6653,,10.2776
41.8403,-74.2961,34.9085,,1.17E+01
41.8603,-49.8135,38.1968,,12.6919
41.8803,-23.7215,40.1442,,13.2995
41.9003,3.13636,41.1688,,13.4777
41.9203,29.8925,41.515,,13.2198
41.9403,55.6829,41.3109,,12.5357
41.9603,79.6739,40.6235,,11.4447
41.9803,101.09,39.4611,,9.98698
42.0003,119.238,37.7851,,8.20315
42.0203,133.537,35.4951,,6.15704
42.0403,143.518,32.3143,,3.91006
42.0603,148.864,27.6971,,1.54056
42.0803,149.401,20.4551,,-0.884529
42.1003,145.111,9.01625,,-3.27613
42.1203,136.131,-5.10993,,-5.565
42.1403,122.749,-17.5473,,-7.67449
42.1603,105.402,-26.7837,,-9.53396
42.1803,84.649,-33.1356,,-11.0869
42.2003,61.1594,-37.2265,,-12.2796
42.2203,35.6952,-39.7221,,-13.0766
42.2403,9.07813,-41.1265,,-13.4509
42.2603,-17.8324,-41.7574,,-13.3902
42.2803,-44.1661,-41.7873,,-12.8978
42.3003,-69.0721,-41.3177,,-1.20E+01
42.3203,-91.7463,-40.3693,,-1.07E+01
42.3403,-111.456,-38.9332,,-9.05E+00
42.3603,-127.567,-36.9464,,-7.11E+00
42.3803,-139.552,-34.2125,,-4.94935
42.4003,-147.033,-30.3448,,-2.62395
42.4203,-149.759,-24.5029,,-0.215966
42.4403,-147.648,-15.0742,,2.19993
42.4603,-140.767,-1.64217,,4.54466
42.4803,-129.338,11.9902,,6.74543
42.5003,-113.725,22.6758,,8.72561
42.5203,-94.4374,30.2759,,10.4255
42.5403,-72.0991,35.3267,,11.7859
42.5603,-47.4315,38.4681,,12.7667
42.5803,-21.2314,40.2997,,13.3346
42.6003,5.65374,41.2486,,13.4715
42.6203,32.356,41.5544,,13.1737
42.6403,58.0126,41.2983,,12.4504
42.6603,81.7949,40.5528,,11.3241
42.6803,102.935,39.3509,,9.83343
42.7003,120.747,37.6273,,8.02251
42.7203,134.659,35.2597,,5.95463
42.7403,144.219,31.9703,,3.69269
42.7603,149.121,27.1791,,1.31363
42.7803,149.203,19.5935,,-1.11018
42.8003,144.467,7.74453,,-3.49526
42.8203,135.062,-6.39603,,-5.77004
42.8403,121.291,-18.5605,,-7.85991
42.8603,103.6,-27.5194,,-9.69402
42.8803,82.5571,-33.6344,,-11.2135
42.9003,58.8528,-37.5496,,-12.3712
42.9203,33.2441,-39.9239,,-13.1302
42.9403,6.56293,-41.2459,,-13.4633
42.9603,-20.3302,-41.8157,,-13.3628
42.9803,-46.5663,-41.7908,,-12.83
43.0003,-71.2978,-41.2746,,-11.882
43.0203,-93.726,-40.2858,,-10.5522
43.0403,-113.124,-38.8079,,-8.87944
43.0603,-128.871,-36.751,,-6.91923
43.0803,-140.446,-33.9255,,-4.73665
43.1003,-147.49,-29.9245,,-2.40253
43.1203,-149.767,-23.8265,,0.0102652
43.1403,-147.206,-13.9698,,2.42328
43.1603,-139.888,-0.296856,,4.75856
43.1803,-128.048,13.1289,,6.94123
43.2003,-112.07,23.5331,,8.89678
43.2203,-92.4708,30.8742,,10.5666
43.2403,-69.881,35.7154,,11.8954
43.2603,-45.0356,38.7081,,12.8369
43.2803,-18.7358,40.4546,,13.3661
43.3003,8.16926,41.3393,,13.4619
43.3203,34.8105,41.568,,13.1245
43.3403,60.3268,41.2721,,1.24E+01
43.3603,83.8916,40.4985,,1.12E+01
43.3803,104.745,39.2364,,9.68E+00
43.4003,122.219,37.4545,,7.84E+00
43.4203,135.742,35.0231,,5.74878
43.4403,144.876,31.6247,,3.47518
43.4603,149.333,26.6337,,1.08811
43.4803,148.964,18.6872,,-1.34E+00
43.5003,143.783,6.4566,,-3.71E+00
43.5203,133.955,-7.6739,,-5.98E+00
43.5403,119.796,-19.5499,,-8.04E+00
43.5603,101.766,-28.2271,,-9.85E+00
43.5803,80.4453,-34.111,,-1.13E+01
43.6003,56.5278,-37.8568,,-1.25E+01
43.6203,30.7848,-40.1222,,-1.32E+01
43.6403,4.04626,-41.3569,,-1.35E+01
43.6603,-22.8225,-41.8623,,-1.33E+01
43.6803,-48.9529,-41.7887,,-1.28E+01
43.7003,-73.5012,-41.2335,,-1.18E+01
43.7203,-95.6765,-40.1963,,-1.04E+01
43.7403,-114.758,-38.66,,-8.71E+00
43.7603,-130.134,-36.5432,,-6.72E+00
43.7803,-141.302,-33.6433,,-4.52E+00
43.8003,-147.907,-29.4867,,-2.18E+00
43.8203,-149.732,-23.0987,,2.38E-01
43.8403,-146.722,-12.8291,,2.65E+00
43.8603,-138.969,1.04012,,4.97E+00
43.8803,-126.723,14.2552,,7.13E+00
43.9003,-110.384,24.3641,,9.07E+00
43.9203,-90.4751,31.4537,,1.07E+01
43.9403,-67.645,36.0903,,1.20E+01
43.9603,-42.6282,38.9511,,1.29E+01
43.9803,-16.2346,40.6047,,1.34E+01
44.0003,10.6825,41.4083,,1.34E+01
44.0203,37.2544,41.5972,,1.31E+01
44.0403,62.6225,41.249,,1.23E+01
44.0603,85.9668,40.422,,1.11E+01
44.0803,106.533,39.121,,9.52E+00
44.1003,123.657,37.2889,,7.65E+00
44.1203,136.787,34.769,,5.54E+00
44.1403,145.494,31.2654,,3.26E+00
44.1603,149.505,26.07,,0.8608
44.1803,148.683,17.74,,-1.55923
44.2003,143.059,5.13948,,-3.93104
44.2203,132.811,-8.92045,,-6.17874
44.2403,118.268,-20.4993,,-8.22292
44.2603,99.902,-28.9096,,-10.0039
44.2803,78.3117,-34.5786,,-11.4581
44.3003,54.1882,-38.1521,,-12.5451
44.3203,28.3158,-40.2951,,-13.2245
44.3403,1.5286,-41.4586,,-13.4783
44.3603,-25.3079,-41.9088,,-13.2953
44.3803,-51.3264,-41.7895,,-12.684
44.4003,-75.6852,-41.1763,,-1.17E+01
44.4203,-97.6002,-40.0981,,-1.03E+01
44.4403,-116.361,-38.514,,-8.53E+00
44.4603,-131.359,-36.3338,,-6.52929
44.4803,-142.117,-33.3388,,-4.31036
44.5003,-148.282,-29.023,,-1.95548
44.5203,-149.656,-22.3472,,0.465188
44.5403,-146.195,-11.6455,,2.86638
44.5603,-138.011,2.36976,,5.18072
44.5803,-125.363,15.3455,,7.32521
44.6003,-108.665,25.1712,,9.2328
44.6203,-88.4562,32.0106,,10.8429
44.6403,-65.3875,36.4536,,12.1008
44.6603,-40.2076,39.1819,,12.9681
44.6803,-13.7287,40.7385,,13.417
44.7003,13.1929,41.4879,,13.4318
44.7203,39.6885,41.6121,,13.0131
44.7403,64.9011,41.2133,,12.1741
44.7603,88.0165,40.3523,,10.9414
44.7803,108.288,38.996,,9.3549
44.8003,125.061,37.1092,,7.46632
44.8203,137.792,34.5201,,5.33712
44.8403,146.071,30.8836,,3.03476
44.8603,149.633,25.465,,0.636406
44.8803,148.358,16.7548,,-1.78545
44.9003,142.293,3.81789,,-4.14687
44.9203,131.627,-10.1454,,-6.37889
44.9403,1.17E+02,-21.4425,,-8.40183
44.9603,98.0114,-29.5687,,-10.1537
44.9803,76.1525,-35.0146,,-11.5773
45.0003,51.8325,-38.4384,,-12.6247
45.0203,25.8386,-40.4767,,-13.2673
45.0403,-0.989999,-41.5567,,-13.4791
45.0603,-27.7863,-41.9487,,-13.2563
45.0803,-53.6845,-41.7814,,-12.6049
45.1003,-77.8478,-41.1211,,-11.5467
45.1203,-99.496,-39.9955,,-10.1144
45.1403,-117.928,-38.3668,,-8.35684
45.1603,-132.552,-36.1249,,-6.32774
45.1803,-142.891,-33.0186,,-4.09463
45.2003,-148.613,-28.5323,,-1.73213
45.2203,-149.537,-21.5567,,0.690596
45.2403,-145.627,-10.4357,,3.08824
45.2603,-137.014,3.695,,5.38883
45.2803,-123.968,16.4258,,7.5161
45.3003,-106.918,25.9485,,9.39567
45.3203,-86.4112,32.5417,,10.9758
45.3403,-63.1129,36.8066,,12.1991
45.3603,-37.7766,39.3997,,13.0284
45.3803,-11.2196,40.8709,,13.4368
45.4003,15.6993,41.5531,,13.4109
45.4203,42.1109,41.6275,,12.9529
45.4403,67.1619,41.1815,,1.21E+01
45.4603,90.0422,40.27,,1.08E+01
45.4803,110.013,38.8751,,9.19E+00
45.5003,126.43,36.9257,,7.28E+00
45.5203,138.762,34.2518,,5.12798
45.5403,146.609,30.4922,,2.81297
45.5603,149.719,24.8394,,0.409833
45.5803,147.993,15.7236,,-2.0102
45.6003,141.487,2.48043,,-4.36167
45.6203,130.408,-11.3447,,-6.57733
45.6403,115.111,-22.3525,,-8.57884
45.6603,96.0933,-30.2106,,-10.3014
45.6803,73.9729,-35.437,,-11.6906
45.7003,49.4634,-38.7078,,-12.7026
45.7203,23.3549,-40.6449,,-13.3055
45.7403,-3.50771,-41.6535,,-13.4771
45.7603,-30.2567,-41.9823,,-13.2133
45.7803,-56.0276,-41.7644,,-12.5234
45.8003,-79.988,-41.0647,,-11.4269
45.8203,-101.364,-39.893,,-9.96426
45.8403,-119.465,-38.2096,,-8.17729
45.8603,-133.706,-35.8997,,-6.1281
45.8803,-143.626,-32.6909,,-3.87765
45.9003,-148.905,-28.0372,,-1.50613
45.9203,-149.375,-20.725,,0.91658
45.9403,-145.019,-9.19149,,3.30782
45.9603,-135.978,5.01E+00,,5.59651
45.9803,-122.538,17.468,,7.70178
46.0003,-105.139,26.7066,,9.55858
46.0203,-84.3393,33.0556,,11.1063
46.0403,-60.8195,37.1401,,12.2929
46.0603,-35.3341,39.6183,,13.0847
46.0803,-8.70669,40.9953,,13.4526
46.1003,18.2014,41.602,,13.3868
46.1203,44.5211,41.6338,,12.8875
46.1403,69.4022,41.1482,,11.9722
46.1603,92.0407,40.1873,,10.6707
46.1803,111.706,38.7343,,9.02367
46.2003,127.763,36.7311,,7.08485
46.2203,139.689,33.9817,,4.91921
46.2403,147.102,30.0776,,2.59026
46.2603,149.762,24.176,,0.18247
46.2803,147.587,14.6546,,-2.23235
46.3003,140.642,1.13758,,-4.57569
46.3203,129.15,-12.524,,-6.77483
46.3403,113.484,-23.2309,,-8.7519
46.3603,94.1487,-30.8274,,-10.4466
46.3803,71.7734,-35.8463,,-11.8023
46.4003,47.0778,-38.9702,,-12.7774
46.4203,20.8635,-40.8004,,-13.3389
46.4403,-6.0248,-41.7333,,-13.4709
46.4603,-32.7186,-42.0143,,-13.1663
46.4803,-58.3544,-41.7524,,-1.24E+01
46.5003,-82.1051,-41.0016,,-1.13E+01
46.5203,-103.201,-39.7836,,-9.81E+00
46.5403,-120.967,-38.0467,,-8.00E+00
46.5603,-134.82,-35.6649,,-5.92415
46.5803,-144.318,-32.3527,,-3.6591
46.6003,-149.154,-27.5163,,-1.28191
46.6203,-149.17,-19.8496,,1.14E+00
46.6403,-144.369,-7.90879,,3.53E+00
46.6603,-134.902,6.29821,,5.80E+00
46.6803,-121.072,18.4783,,7.89E+00
46.7003,-103.332,27.4436,,9.72E+00
46.7203,-82.2479,33.5594,,1.12E+01
46.7403,-58.5109,37.4586,,1.24E+01
46.7603,-32.8821,39.8093,,1.31E+01
46.7803,-6.19172,41.1113,,1.35E+01
46.8003,20.6984,41.6677,,1.34E+01
46.8203,46.9193,41.6359,,1.28E+01
46.8403,71.6245,41.0968,,1.19E+01
46.8603,94.014,40.1004,,1.05E+01
46.8803,113.367,38.6089,,8.86E+00
46.9003,129.055,36.5394,,6.89E+00
46.9203,140.576,33.688,,4.71E+00
46.9403,147.554,29.6484,,2.37E+00
46.9603,149.765,23.4979,,-4.46E-02
46.9803,147.137,13.5423,,-2.45E+00
47.0003,139.756,-0.220634,,-4.79E+00
47.0203,127.855,-13.6824,,-6.97E+00
47.0403,111.824,-24.0802,,-8.92E+00
47.0603,92.1778,-31.4227,,-1.06E+01
47.0803,69.552,-36.2485,,-1.19E+01
47.1003,44.6815,-39.2191,,-1.28E+01
47.1203,18.3673,-40.9462,,-1.34E+01
47.1403,-8.54023,-41.8194,,-1.35E+01
47.1603,-35.1716,-42.0449,,-1.31E+01
47.1803,-60.6668,-41.7246,,-1.23E+01
47.2003,-84.1996,-40.9291,,-1.12E+01
47.2203,-105.012,-39.6712,,-9.65E+00
47.2403,-122.436,-37.8844,,-7.82E+00
47.2603,-135.901,-35.4169,,-5.72E+00
47.2803,-144.972,-31.9971,,-3.44E+00
47.3003,-149.361,-26.9671,,-1.05601
47.3203,-148.925,-18.9435,,1.36883
47.3403,-143.678,-6.6074,,3.74738
47.3603,-133.787,7.57923,,6.00407
47.3803,-119.573,19.466,,8.06919
47.4003,-101.492,28.1439,,9.87124
47.4203,-80.1346,34.0367,,11.3572
47.4403,-56.1842,37.769,,12.473
47.4603,-30.4206,40.0007,,13.1856
47.4803,-3.6748,41.219,,13.4739
47.5003,23.1894,41.7136,,13.3257
47.5203,49.3039,41.6402,,12.7478
47.5403,73.8252,41.0527,,1.18E+01
47.5603,95.9619,40.004,,1.04E+01
47.5803,114.996,38.4638,,8.68E+00
47.6003,130.315,36.3342,,6.69721
47.6203,141.425,33.3957,,4.49277
47.6403,147.966,29.2063,,2.14626
47.6603,149.725,22.7673,,-0.270592
47.6803,146.647,12.3901,,-2.67825
47.7003,138.829,-1.56117,,-5.00192
47.7203,126.526,-14.8053,,-7.16221
47.7403,110.132,-24.9149,,-9.09155
47.7603,90.1789,-32.0001,,-10.7261
47.7803,67.3123,-36.6234,,-12.0144
47.8003,42.271,-39.4586,,-12.9147
47.8203,15.8656,-41.0933,,-13.3967
47.8403,-11.0528,-41.8952,,-13.4469
47.8603,-37.6139,-42.0621,,-13.0621
47.8803,-62.9597,-41.6987,,-12.2555
47.9003,-86.2711,-40.8613,,-11.0538
47.9203,-106.795,-39.5542,,-9.49283
47.9403,-123.866,-37.7087,,-7.62584
47.9603,-136.938,-35.1744,,-5.51552
47.9803,-145.584,-31.6323,,-3.2225
48.0003,-149.527,-26.3898,,-0.827666
48.0203,-148.637,-17.9905,,1.59213
48.0403,-142.947,-5.28952,,3.96417
48.0603,-132.637,8.82112,,6.20787
48.0803,-118.039,20.4276,,8.24964
48.1003,-99.6248,28.8346,,10.0251
48.1203,-77.9933,34.4923,,11.4769
48.1403,-53.8415,38.0608,,12.5565
48.1603,-27.9506,40.1826,,13.2315
48.1803,-1.15679,41.3213,,13.4781
48.2003,25.6741,41.7637,,13.2899
48.2203,51.6741,41.6247,,12.6716
48.2403,76.0059,40.9985,,11.6461
48.2603,97.8813,39.9191,,10.2411
48.2803,116.593,38.323,,8.50714
48.3003,131.538,36.1161,,6.49655
48.3203,142.234,33.0874,,4.28179
48.3403,148.335,28.7546,,1.92098
48.3603,149.641,22.0056,,-0.497694
48.3803,146.114,11.1968,,-2.9006
48.4003,137.865,-2.89867,,-5.21023
48.4203,125.159,-15.8932,,-7.35433
48.4403,108.408,-25.7197,,-9.25761
48.4603,88.1556,-32.5606,,-10.8619
48.4803,65.0532,-36.9776,,-12.1149
48.5003,39.8496,-39.6834,,-12.978
48.5203,1.34E+01,-41.2349,,-13.4199
48.5403,-13.5628,-41.9627,,-13.4292
48.5603,-40.0463,-42.0716,,-13.0046
48.5803,-65.2353,-41.6633,,-1.22E+01
48.6003,-88.3165,-40.7882,,-1.09E+01
48.6203,-108.545,-39.4292,,-9.33E+00
48.6403,-125.265,-37.5242,,-7.44E+00
48.6603,-137.938,-34.9123,,-5.30703
48.6803,-146.154,-31.2476,,-3.00329
48.7003,-149.65,-25.7845,,-0.601114
48.7203,-148.307,-16.9906,,1.81869
48.7403,-142.175,-3.95605,,4.1802
48.7603,-131.447,10.0588,,6.40858
48.7803,-116.472,21.3654,,8.42559
48.8003,-97.7318,29.492,,10.1764
48.8203,-75.8322,34.936,,11.5929
48.8403,-51.4844,38.343,,12.6381
48.8603,-25.4728,40.3601,,13.2722
48.8803,1.36142,41.4203,,13.4795
48.9003,28.1514,41.791,,13.2501
48.9203,54.0305,41.6147,,12.5927
48.9403,78.1652,40.956,,11.5295
48.9603,99.773,39.8093,,10.0931
48.9803,118.157,38.1575,,8.33008
49.0003,132.724,35.9019,,6.2972
49.0203,143.002,32.7777,,4.0652
49.0403,148.661,28.2595,,1.6981
49.0603,149.517,21.2016,,-0.724658
49.0803,145.542,9.97124,,-3.12087
49.1003,136.864,-4.21843,,-5.41858
49.1203,123.76,-16.9709,,-7.54473
49.1403,106.657,-26.5047,,-9.41928
49.1603,86.107,-33.0845,,-10.995
49.1803,62.7763,-37.3263,,-12.2136
49.2003,37.4168,-39.9077,,-13.0365
49.2203,10.8492,-41.3575,,-13.4399
49.2403,-16.0687,-42.0266,,-13.4076
49.2603,-42.4674,-42.0907,,-12.943
49.2803,-67.4928,-41.6337,,-12.0599
49.3003,-90.3361,-40.7056,,-10.7847
49.3203,-110.261,-39.304,,-9.16802
49.3403,-126.626,-37.336,,-7.24918
49.3603,-138.898,-34.6451,,-5.09813
49.3803,-146.683,-30.858,,-2.78E+00
49.4003,-149.728,-25.1553,,-0.375041
49.4203,-147.933,-15.9483,,2.04239
49.4403,-141.364,-2.60835,,4.39376
49.4603,-130.224,11.2588,,6.60533
49.4803,-114.873,22.2723,,8.60311
49.5003,-95.8099,30.1377,,10.3246
49.5203,-73.65,35.357,,11.7079
49.5403,-49.1119,38.6044,,12.714
49.5603,-22.9873,40.5315,,13.3101
49.5803,3.87936,41.5161,,13.4763
49.6003,30.6206,41.8252,,13.2067
49.6203,56.372,41.5994,,1.25E+01
49.6403,80.3018,40.8909,,1.14E+01
49.6603,101.635,39.7076,,9.94E+00
49.6803,119.689,38.0019,,8.15E+00
49.7003,133.872,35.6671,,6.0962
49.7203,143.73,32.4488,,3.84704
49.7403,148.946,27.7598,,1.47302
49.7603,149.348,20.3547,,-9.52E-01
49.7803,144.925,8.71511,,-3.34E+00
49.8003,135.82,-5.53367,,-5.63E+00
49.8203,122.323,-18.0117,,-7.73E+00
49.8403,104.876,-27.2617,,-9.58E+00
49.8603,84.0341,-33.6035,,-1.11E+01
49.8803,60.4804,-37.654,,-1.23E+01
49.9003,34.9731,-40.1154,,-1.31E+01
49.9203,8.33572,-41.4824,,-1.35E+01
49.9403,-18.5701,-42.0829,,-1.34E+01
49.9603,-44.8757,-42.0921,,-1.29E+01
49.9803,-69.7319,-41.5916,,-1.20E+01
50.0003,-92.3343,-40.6235,,-1.06E+01
50.0203,-111.952,-39.1665,,-9.00E+00
50.0403,-127.955,-37.144,,-7.06E+00
50.0603,-139.82,-34.3709,,-4.89E+00
50.0803,-147.17,-30.4411,,-2.56E+00
50.1003,-149.766,-24.4871,,-1.51E-01
50.1203,-147.521,-14.8649,,2.27E+00
50.1403,-140.512,-1.2542,,4.61E+00
50.1603,-128.962,12.4433,,6.80E+00
50.1803,-113.24,23.1577,,8.78E+00
50.2003,-93.8603,30.7509,,1.05E+01
50.2203,-71.4473,35.7646,,1.18E+01
50.2403,-46.7257,38.8702,,1.28E+01
50.2603,-20.4954,40.6842,,1.33E+01
50.2803,6.3962,41.5983,,1.35E+01
50.3003,33.0808,41.8591,,1.32E+01
50.3203,58.6966,41.5858,,1.24E+01
50.3403,82.4175,40.8294,,1.13E+01
50.3603,103.472,39.5865,,9.78E+00
50.3803,121.187,37.8398,,7.97E+00
50.4003,134.983,35.441,,5.89E+00
50.4203,144.418,32.1046,,3.63E+00
50.4403,149.188,27.2225,,1.24707
50.4603,149.139,19.483,,-1.17442
50.4803,144.271,7.43513,,-3.56166
50.5003,134.74,-6.83379,,-5.83219
50.5203,120.853,-19.0317,,-7.91268
50.5403,103.06,-27.9947,,-9.73988
50.5603,81.9387,-34.0972,,-11.2504
50.5803,58.1695,-37.9738,,-12.3985
50.6003,32.5195,-40.3076,,-13.1454
50.6203,5.82032,-41.5956,,-13.4662
50.6403,-21.0662,-42.1395,,-13.3538
50.6603,-47.272,-42.0946,,-12.8092
50.6803,-71.9507,-41.5457,,-1.19E+01
50.7003,-94.3025,-40.5351,,-1.05E+01
50.7203,-113.608,-39.0311,,-8.83E+00
50.7403,-129.245,-36.9448,,-6.86348
50.7603,-140.705,-34.0804,,-4.67515
50.7803,-147.616,-30.0098,,-2.33555
50.8003,-149.761,-23.7916,,0.0772651
50.8203,-147.067,-13.7455,,2.48839
50.8403,-139.623,0.0960341,,4.82114
50.8603,-127.663,13.5936,,6.99755
50.8803,-111.576,24.0099,,8.94881
50.9003,-91.8839,31.3512,,10.608
50.9203,-69.2238,36.1567,,11.9254
50.9403,-44.3271,39.1121,,12.8582
50.9603,-17.9984,40.8319,,13.3741
50.9803,8.91109,41.679,,13.4587
51.0003,35.5324,41.8851,,13.1087
51.0203,61.0059,41.5569,,12.3349
51.0403,84.5078,40.7556,,11.1628
51.0603,105.278,39.4827,,9.62873
51.0803,122.647,37.6769,,7.78482
51.1003,136.053,35.1951,,5.6904
51.1203,145.066,31.7472,,3.41097
51.1403,149.389,26.6665,,1.02068
51.1603,148.885,18.5609,,-1.40199
51.1803,143.573,6.12481,,-3.77783
51.2003,133.621,-8.11493,,-6.03438
51.2203,119.35,-20.0238,,-8.09806
51.2403,101.217,-28.6961,,-9.89476
51.2603,79.8178,-34.5726,,-11.3738
51.2803,55.8396,-38.2831,,-12.4846
51.3003,30.0571,-40.5038,,-13.1936
51.3203,3.30304,-41.7041,,-13.4746
51.3403,-23.5564,-42.1835,,-13.3207
51.3603,-49.6545,-42.0892,,-12.7358
51.3803,-74.1481,-41.5042,,-11.7413
51.4003,-96.2467,-40.437,,-10.3674
51.4203,-115.235,-38.8803,,-8.65557
51.4403,-130.5,-36.7374,,-6.66702
51.4603,-141.546,-33.7895,,-4.46035
51.4803,-148.02,-29.564,,-2.11296
51.5003,-149.715,-23.0478,,0.303087
51.5203,-146.568,-12.5802,,2.71315
51.5403,-138.69,1.44377,,5.03067
51.5603,-126.326,14.7211,,7.19034
51.5803,-109.879,24.8477,,9.11765
51.6003,-89.8821,31.9211,,10.7448
51.6203,-66.9805,36.523,,12.0299
51.6403,-41.9161,39.3556,,12.9241
51.6603,-1.55E+01,40.9773,,13.4007
51.6803,11.4236,41.7458,,13.4445
51.7003,37.9733,41.8973,,13.0534
51.7203,63.2969,41.5358,,1.22E+01
51.7403,86.5748,40.6902,,1.10E+01
51.7603,107.054,39.3514,,9.47E+00
51.7803,124.074,37.4922,,7.60E+00
51.8003,137.088,34.9492,,5.48572
51.8203,145.67,31.3805,,3.18831
51.8403,149.545,26.0824,,0.795477
51.8603,148.592,17.5924,,-1.62497
51.8803,142.836,4.80476,,-3.99651
51.9003,132.465,-9.36536,,-6.23552
51.9203,117.81,-20.9932,,-8.2788
51.9403,99.3471,-29.3875,,-10.048
51.9603,77.6752,-35.0251,,-11.4919
51.9803,53.4949,-38.5747,,-12.57
52.0003,27.5854,-40.6921,,-13.2372
52.0203,0.785177,-41.8057,,-13.4789
52.0403,-26.0396,-42.2181,,-13.284
52.0603,-52.0233,-42.09,,-12.661
52.0803,-76.3258,-41.4593,,-11.6275
52.1003,-98.163,-40.3421,,-10.2208
52.1203,-116.826,-38.7294,,-8.48076
52.1403,-131.716,-36.5266,,-6.4693
52.1603,-142.35,-33.4883,,-4.24659
52.1803,-148.384,-29.0901,,-1.88891
52.2003,-149.626,-22.2781,,0.530818
52.2203,-146.032,-11.391,,2.93274
52.2403,-137.72,2.77668,,5.2428
52.2603,-124.954,15.8203,,7.38045
52.2803,-108.154,25.6644,,9.28161
52.3003,-87.8555,32.4689,,10.8819
52.3203,-64.7185,36.8803,,12.131
52.3403,-39.4916,39.587,,12.986
52.3603,-12.9888,41.1123,,13.4232
52.3803,13.9328,41.8117,,13.4262
52.4003,40.4039,41.9102,,12.9953
52.4203,65.569,41.4977,,12.1456
52.4403,88.6159,40.6143,,10.9011
52.4603,108.801,39.2337,,9.30807
52.4803,125.469,37.3119,,7.41098
52.5003,138.083,34.6843,,5.27535
52.5203,146.234,30.9903,,2.96923
52.5403,149.663,25.4718,,0.568728
52.5603,148.256,16.5858,,-1.8503
52.5803,142.06,3.45646,,-4.21152
52.6003,131.271,-10.604,,-6.43782
52.6203,116.238,-21.9258,,-8.45487
52.6403,97.4476,-30.041,,-10.1966
52.6603,75.5118,-35.465,,-11.6109
52.6803,51.1345,-38.8648,,-12.6484
52.7003,25.1066,-40.8595,,-13.2785
52.7203,-1.73309,-41.8944,,-13.4791
52.7403,-28.5158,-42.2566,,-13.2438
52.7603,-54.3772,-42.0817,,-1.26E+01
52.7803,-78.4813,-41.3967,,-1.15E+01
52.8003,-100.051,-40.2315,,-1.01E+01
52.8203,-118.386,-38.583,,-8.30E+00
52.8403,-132.896,-36.3136,,-6.27027
52.8603,-143.114,-33.1592,,-4.03049
52.8803,-148.704,-28.5958,,-1.6638
52.9003,-149.492,-21.4753,,7.56E-01
52.9203,-145.452,-10.16,,3.15E+00
52.9403,-136.711,4.12057,,5.45E+00
52.9603,-123.548,16.9042,,7.57E+00
52.9803,-106.397,26.4281,,9.45E+00
53.0003,-85.8031,32.9967,,1.10E+01
53.0203,-62.4381,37.2368,,1.22E+01
53.0403,-37.0568,39.8089,,1.30E+01
53.0603,-10.4785,41.2285,,1.34E+01
53.0803,16.4382,41.8725,,1.34E+01
53.1003,42.8235,41.9275,,1.29E+01
53.1203,67.8241,41.4734,,1.20E+01
53.1403,90.634,40.5259,,1.08E+01
53.1603,110.514,39.0948,,9.14E+00
53.1803,126.826,37.1284,,7.22E+00
53.2003,139.039,34.4268,,5.07E+00
53.2203,146.757,30.5948,,2.75E+00
53.2403,149.736,24.8268,,3.43E-01
53.2603,147.877,15.5372,,-2.08E+00
53.2803,141.241,2.1081,,-4.43E+00
53.3003,130.039,-11.8058,,-6.64E+00
53.3203,114.633,-22.8317,,-8.63E+00
53.3403,95.5225,-30.6864,,-1.03E+01
53.3603,73.328,-35.8868,,-1.17E+01
53.3803,48.7603,-39.1236,,-1.27E+01
53.4003,22.6195,-41.0198,,-1.33E+01
53.4203,-4.2508,-41.9876,,-1.35E+01
53.4403,-30.9842,-42.2943,,-1.32E+01
53.4603,-56.7166,-42.051,,-1.25E+01
53.4803,-80.6161,-41.3285,,-1.14E+01
53.5003,-101.909,-40.1328,,-9.92E+00
53.5203,-119.911,-38.4209,,-8.12E+00
53.5403,-134.038,-36.0702,,-6.07E+00
53.5603,-143.836,-32.82,,-3.81E+00
53.5803,-148.984,-28.0928,,-1.43847
53.6003,-149.32,-20.6321,,0.982014
53.6203,-144.833,-8.88021,,3.37493
53.6403,-135.664,5.44447,,5.65621
53.6603,-122.109,17.9326,,7.75752
53.6803,-104.607,27.1897,,9.60485
53.7003,-83.7267,33.5236,,11.1433
53.7203,-60.1401,37.563,,12.3205
53.7403,-34.6118,40.0035,,13.1006
53.7603,-7.96495,41.3542,,13.4569
53.7803,18.9388,41.936,,13.3789
53.8003,45.23,41.9282,,12.8674
53.8203,70.0605,41.4222,,1.19E+01
53.8403,92.6265,40.4454,,1.06E+01
53.8603,112.198,38.9676,,8.97E+00
53.8803,128.147,36.929,,7.02845
53.9003,139.954,34.1416,,4.85463
53.9203,147.238,30.183,,2.52794
53.9403,149.769,24.1592,,0.114613
53.9603,147.458,14.4396,,-2.29825
53.9803,140.386,0.743662,,-4.63952
54.0003,128.772,-12.984,,-6.83225
54.0203,112.997,-23.7136,,-8.80328
54.0403,93.5692,-31.3092,,-10.4868
54.0603,71.1201,-36.2923,,-11.8356
54.0803,46.3723,-39.3801,,-12.7982
54.1003,20.1278,-41.1748,,-13.3483
54.1203,-6.76733,-42.076,,-13.4685
54.1403,-33.4431,-42.3202,,-13.1521
54.1603,-59.0379,-42.0357,,-12.4109
54.1803,-82.7262,-41.268,,-11.2696
54.2003,-103.741,-40.0222,,-9.76396
54.2203,-121.403,-38.251,,-7.94142
54.2403,-135.142,-35.8379,,-5.86507
54.2603,-144.518,-32.4833,,-3.59786
54.2803,-149.22,-27.5555,,-1.21316
54.3003,-149.105,-19.7331,,1.20845
54.3203,-144.169,-7.58758,,3.59522
54.3403,-134.576,6.73492,,5.85915
54.3603,-120.635,18.9554,,7.94136
54.3803,-102.79,27.9229,,9.76373
54.4003,-81.6258,34.0106,,11.2686
54.4203,-57.8254,37.8818,,12.4117
54.4403,-32.1573,40.1955,,13.1512
54.4603,-5.44927,41.4663,,13.4685
54.4803,21.4341,41.9922,,13.349
54.5003,47.6245,41.9282,,12.7985
54.5203,72.2759,41.3751,,11.8352
54.5403,94.5921,40.3505,,10.4885
54.5603,113.853,38.835,,8.80454
54.5803,129.433,36.7281,,6.8325
54.6003,140.831,33.8421,,4.64291
54.6203,147.678,29.743,,2.30353
54.6403,149.758,23.4594,,-0.110177
54.6603,146.996,13.3051,,-2.52217
54.6803,139.486,-0.617966,,-4.85188
54.7003,127.468,-14.1419,,-7.02659
54.7203,111.329,-24.5707,,-8.97231
54.7403,91.5903,-31.8991,,-10.6298
54.7603,68.8933,-36.6851,,-11.9411
54.7803,43.9718,-39.6236,,-12.8675
54.8003,1.76E+01,-41.3192,,-13.3785
54.8203,-9.28192,-42.1577,,-13.4571
54.8403,-35.8933,-42.3462,,-13.1007
54.8603,-61.3452,-42.0048,,-1.23E+01
54.8803,-84.8129,-41.1997,,-1.11E+01
54.9003,-105.542,-39.9091,,-9.61E+00
54.9203,-122.859,-38.0813,,-7.76E+00
54.9403,-136.21,-35.5852,,-5.66033
54.9603,-145.157,-32.1247,,-3.37785
54.9803,-149.415,-27.0001,,-0.986821
55.0003,-148.846,-18.806,,1.43395
55.0203,-143.466,-6.26226,,3.81179
55.0403,-133.453,8.01825,,6.06401
55.0603,-119.123,19.9392,,8.1229
55.0803,-100.944,28.6307,,9.91796
55.1003,-79.5051,34.4938,,1.14E+01
55.1203,-55.4946,38.1845,,12.4987
55.1403,-29.6933,40.3821,,13.1996
55.1603,-2.93174,41.5696,,13.4755
55.1803,23.9231,42.0355,,13.3155
55.2003,50.0052,41.9255,,12.7264
55.2203,74.4719,41.3236,,11.7246
55.2403,96.5318,40.2546,,10.3455
55.2603,115.472,38.6843,,8.629
55.2803,130.68,36.5211,,6.63693
55.3003,141.667,33.544,,4.43143
55.3203,148.078,29.286,,2.07958
55.3403,149.704,22.7168,,-0.337475
55.3603,146.493,12.1402,,-2.74388
55.3803,138.549,-1.97402,,-5.06329
55.4003,126.129,-15.2712,,-7.21905
55.4203,109.627,-25.3979,,-9.14097
55.4403,89.5845,-32.474,,-10.7669
55.4603,66.6474,-37.0635,,-12.0443
55.4803,41.5586,-39.8572,,-12.9336
55.5003,15.1265,-41.453,,-13.4041
55.5203,-11.7941,-42.2228,,-13.4424
55.5403,-38.333,-42.3667,,-13.0456
55.5603,-63.6335,-41.9797,,-12.2272
55.5803,-86.8766,-41.1112,,-11.0145
55.6003,-107.315,-39.7825,,-9.44677
55.6203,-124.286,-37.9099,,-7.57232
55.6403,-137.239,-35.3362,,-5.45169
55.6603,-145.756,-31.7415,,-3.1584
55.6803,-149.567,-26.4052,,-0.761255
55.7003,-148.546,-17.8343,,1.65942
55.7203,-142.723,-4.93084,,4.02935
55.7403,-132.291,9.27869,,6.26441
55.7603,-117.58,20.9044,,8.3034
55.7803,-99.0696,29.3198,,10.0708
55.8003,-77.3582,34.9509,,11.5113
55.8203,-53.1467,38.4735,,12.5811
55.8403,-27.2202,40.5548,,13.2433
55.8603,-0.413729,41.6722,,13.4788
55.8803,26.4057,42.0837,,13.2786
55.9003,52.3717,41.9125,,1.26E+01
55.9203,76.6446,41.2664,,1.16E+01
55.9403,98.4415,40.1606,,1.02E+01
55.9603,117.059,38.5413,,8.45E+00
55.9803,131.892,36.3057,,6.43941
56.0003,142.463,33.2243,,4.21554
56.0203,148.433,28.8126,,1.85642
56.0403,149.608,21.946,,-0.564949
56.0603,145.948,10.9293,,-2.96431
56.0803,137.575,-3.32327,,-5.27301
56.1003,124.752,-16.3768,,-7.40906
56.1203,107.896,-26.2059,,-9.30587
56.1403,87.5541,-33.0218,,-10.9018
56.1603,64.383,-37.4207,,-12.1447
56.1803,39.1327,-40.0847,,-12.9957
56.2003,12.6186,-41.5821,,-13.426
56.2203,-14.3026,-42.2878,,-13.4233
56.2403,-40.7617,-42.3804,,-12.9865
56.2603,-65.9037,-41.9521,,-12.1306
56.2803,-88.916,-41.0345,,-10.8822
56.3003,-109.055,-39.657,,-9.28306
56.3203,-125.672,-37.7321,,-7.38271
56.3403,-138.225,-35.0764,,-5.24426
56.3603,-146.314,-31.3488,,-2.93821
56.3803,-149.676,-25.7919,,-0.534704
56.4003,-148.203,-16.8298,,1.88373
56.4203,-141.941,-3.57929,,4.24356
56.4403,-131.091,10.5211,,6.46676
56.4603,-1.16E+02,21.846,,8.47899
56.4803,-97.1688,29.9688,,10.2188
56.5003,-75.1918,35.3799,,11.6288
56.5203,-50.7846,38.7592,,12.6609
56.5403,-24.7401,40.7304,,13.2839
56.5603,2.10463,41.7547,,13.4787
56.5803,28.8806,42.1061,,13.2379
56.6003,54.7236,41.9085,,12.569
56.6203,78.7975,41.2169,,11.4934
56.6403,100.324,40.043,,10.0484
56.6603,118.611,38.3765,,8.27858
56.6803,133.067,36.0891,,6.23929
56.7003,143.222,32.9064,,3.99901
56.7203,148.747,28.3146,,1.63117
56.7403,149.469,21.1155,,-0.791729
56.7603,145.362,9.68528,,-3.18506
56.7803,136.56,-4.65615,,-5.47946
56.8003,123.341,-17.4509,,-7.59825
56.8203,106.133,-26.9893,,-9.46953
56.8403,85.4979,-33.5531,,-11.0317
56.8603,62.1006,-37.756,,-12.2421
56.8803,36.697,-40.2967,,-13.0538
56.9003,10.1077,-41.7148,,-13.4445
56.9203,-16.8072,-42.3486,,-1.34E+01
56.9403,-43.1789,-42.3838,,-12.924
56.9603,-68.1551,-41.9151,,-12.03
56.9803,-90.9299,-40.9595,,-10.7472
57.0003,-110.766,-39.5249,,-9.11784
57.0203,-127.021,-37.5302,,-7.19117
57.0403,-139.175,-34.8097,,-5.03553
57.0603,-146.831,-30.9527,,-2.71708
57.0803,-149.744,-25.1339,,-0.307629
57.1003,-147.818,-15.7551,,2.10827
57.1203,-141.118,-2.22999,,4.45743
57.1403,-129.855,11.7231,,6.66505
57.1603,-114.394,22.7613,,8.65502
57.1803,-95.2362,30.6137,,10.3658
57.2003,-73.001,35.7971,,11.7411
57.2203,-48.409,39.0208,,12.7366
57.2403,-22.2526,40.8939,,13.3201
57.2603,4.62211,41.8446,,13.4747
57.2803,31.3476,42.1394,,13.1931
57.3003,57.0604,41.8859,,12.4858
57.3203,80.9288,41.1544,,11.3749
57.3403,102.181,39.94,,9.89485
57.3603,120.134,38.2129,,8.09824
57.3803,134.204,35.8547,,6.0366
57.4003,143.936,32.5795,,3.78282
57.4203,149.021,27.7952,,1.4069
57.4403,149.291,20.2562,,-1.01939
57.4603,144.735,8.40382,,-3.40344
57.4803,135.506,-5.97499,,-5.68687
57.5003,121.894,-18.4924,,-7.78398
57.5203,104.341,-27.7504,,-9.62981
57.5403,83.4179,-34.0638,,-11.1611
57.5603,59.8,-38.0799,,-12.3346
57.5803,34.2507,-40.5076,,-13.1084
57.6003,7.59359,-41.8343,,-13.4589
57.6203,-19.3073,-42.4003,,-13.3747
57.6403,-45.5839,-42.3815,,-12.8573
57.6603,-70.3886,-41.8698,,-11.9263
57.6803,-92.9177,-40.871,,-10.6095
57.7003,-112.444,-39.382,,-8.94688
57.7203,-128.337,-37.3349,,-7.00075
57.7403,-140.086,-34.5255,,-4.82475
57.7603,-147.307,-30.5332,,-2.49302
57.7803,-149.769,-24.4575,,-0.0814032
57.8003,-147.392,-14.6496,,2.33056
57.8203,-140.255,-0.859839,,4.6707
57.8403,-128.582,12.9065,,6.86112
57.8603,-112.752,23.6451,,8.82951
57.8803,-93.2778,31.2291,,10.5078
57.9003,-70.7928,36.2049,,11.851
57.9203,-46.0191,39.276,,12.8081
57.9403,-19.7594,41.048,,13.3537
57.9603,7.13848,41.9325,,13.4664
57.9803,33.8054,42.1615,,13.1451
58.0003,59.3797,41.8658,,12.3979
58.0203,83.0347,41.086,,11.2509
58.0403,104.007,39.8224,,9.74024
58.0603,121.621,38.0449,,7.91669
58.0803,135.302,35.6131,,5.83298
58.1003,144.613,32.2223,,3.56527
58.1203,149.251,27.2591,,1.18019
58.1403,149.068,19.3573,,-1.24362
58.1603,144.069,7.0955,,-3.62222
58.1803,134.414,-7.27683,,-5.89336
58.2003,120.413,-19.512,,-7.96707
58.2203,102.521,-28.4863,,-9.78678
58.2403,81.3139,-34.5591,,-11.2873
58.2603,57.483,-38.3905,,-12.4236
58.2803,31.7937,-40.6938,,-13.1597
58.3003,5.07799,-41.9492,,-13.4693
58.3203,-21.8018,-42.4551,,-13.3448
58.3403,-47.977,-42.378,,-12.7882
58.3603,-72.6012,-41.8227,,-11.8181
58.3803,-94.8805,-40.783,,-10.4694
58.4003,-114.094,-39.2446,,-8.77516
58.4203,-129.617,-37.13,,-6.80565
58.4403,-140.958,-34.2274,,-4.61316
58.4603,-147.741,-30.0954,,-2.27027
58.4803,-149.754,-23.7511,,0.144221
58.5003,-146.927,-13.5041,,2.55451
58.5203,-139.352,0.50948,,4.88422
58.5403,-127.273,14.0601,,7.05438
58.5603,-111.078,24.4955,,8.9987
58.5803,-91.295,31.8287,,10.6489
58.6003,-68.5636,36.5974,,11.957
58.6203,-43.6163,39.505,,12.8775
58.6403,-17.2601,41.1891,,13.3825
58.6603,9.65279,42.0097,,13.455
58.6803,36.2542,42.1906,,13.0932
58.7003,61.6832,41.8257,,12.307
58.7203,85.1201,41.0081,,11.1259
58.7403,105.806,39.719,,9.58154
58.7603,123.073,37.8754,,7.73061
58.7803,136.362,35.3538,,5.62846
58.8003,145.247,31.858,,3.34681
58.8203,149.44,26.6961,,0.954361
58.8403,148.805,18.4168,,-1.46723
58.8603,143.362,5.76311,,-3.84329
58.8803,133.284,-8.56267,,-6.09503
58.9003,118.898,-20.4995,,-8.15032
58.9203,100.67,-29.1858,,-9.94085
58.9403,79.1868,-35.0407,,-11.409
58.9603,55.149,-38.6989,,-12.5104
58.9803,29.3287,-40.8702,,-13.2064
59.0003,2.56047,-42.0524,,-13.4763
59.0203,-24.29,-42.5031,,-13.3104
59.0403,-50.3555,-42.3728,,-12.7151
59.0603,-74.7933,-41.7638,,-11.7073
59.0803,-96.812,-40.6836,,-10.3217
59.1003,-115.706,-39.1029,,-8.60663
59.1203,-130.862,-36.9181,,-6.60928
59.1403,-141.788,-33.9222,,-4.3977
59.1603,-148.133,-29.638,,-2.04634
59.1803,-149.692,-23.0017,,0.371424
59.2003,-146.415,-12.3172,,2.77632
59.2203,-138.409,1.867,,5.09343
59.2403,-125.928,15.1851,,7.24711
59.2603,-109.374,25.332,,9.16474
59.2803,-89.2877,32.4025,,10.788
59.3003,-66.3147,36.961,,12.0596
59.3203,-41.2011,39.7424,,12.9426
59.3403,-14.7567,41.3298,,13.4076
59.3603,12.1644,42.0822,,13.4396
59.3803,38.6917,42.2012,,13.037
59.4003,63.9694,41.8037,,12.2133
59.4203,87.1792,40.9376,,10.9956
59.4403,107.572,39.5895,,9.4218
59.4603,124.49,37.7027,,7.54283
59.4803,137.385,35.1061,,5.42464
59.5003,145.843,31.4835,,3.12471
59.5203,149.587,26.1048,,0.728297
59.5403,148.498,17.4359,,-1.69337
59.5603,142.611,4.42719,,-4.05952
59.5803,132.117,-9.82158,,-6.29518
59.6003,117.351,-21.4657,,-8.32939
59.6203,98.7912,-29.8704,,-10.0931
59.6403,77.0407,-35.4785,,-11.5282
59.6603,52.7998,-38.9844,,-12.5932
59.6803,26.8547,-41.0559,,-13.2501
59.7003,0.0421589,-42.1432,,-13.4791
59.7203,-26.7714,-42.5349,,-13.2728
59.7403,-52.7191,-42.3668,,-12.6369
59.7603,-76.9638,-41.7051,,-11.5942
59.7803,-98.7199,-40.583,,-10.1754
59.8003,-117.29,-38.945,,-8.43141
59.8203,-132.068,-36.705,,-6.40882
59.8403,-142.58,-33.6089,,-4.18335
59.8603,-148.483,-29.1543,,-1.82342
59.8803,-149.591,-22.2097,,0.598383
59.9003,-145.863,-11.1009,,2.99831
59.9203,-137.426,3.21821,,5.30272
59.9403,-124.546,16.2937,,7.43596
59.9603,-107.639,26.1383,,9.33156
59.9803,-87.2506,32.9454,,10.9216
60.0003,-63.4336,37.5026,,12.5591