0.0203387,6.42255,20.9105,,5.65393
0.0403277,18.7595,44.6524,,6.10714
0.060332,30.5217,52.0713,,5.67156
0.0803363,41.288,54.1526,,5.09345
0.100341,50.7188,53.9501,,4.34959
0.12033,58.51,52.4433,,3.46482
0.140334,64.4092,50.0047,,2.46839
0.160338,68.2276,46.6055,,1.3933
0.180327,69.8418,41.9468,,0.272164
0.200331,69.1993,35.3712,,-0.856573
0.220336,66.3212,26.1787,,-1.95856
0.24034,61.3002,14.9689,,-2.99686
0.260329,54.2986,3.66271,,-3.9393
0.280333,45.5402,-6.54011,,-4.75475
0.300337,35.3113,-15.6702,,-5.41437
0.320326,23.9412,-24.0205,,-5.90065
0.340331,11.7983,-31.7265,,-6.19554
0.360335,-0.726171,-38.6251,,-6.29031
0.380339,-13.2271,-44.1921,,-6.18251
0.400328,-25.3008,-47.9304,,-5.87422
0.420333,-36.5567,-49.8125,,-5.37639
0.440337,-46.6309,-50.1547,,-4.70452
0.460326,-55.1991,-49.3432,,-3.88165
0.48033,-61.983,-47.5458,,-2.93148
0.500334,-66.7644,-44.8254,,-1.88871
0.520339,-69.3885,-40.9615,,-0.783494
0.540328,-69.77,-35.4434,,0.346507
0.560332,-67.8982,-27.525,,1.46448
0.580336,-63.8327,-17.0395,,2.53691
0.600341,-57.7036,-5.51431,,3.52608
0.62033,-49.7101,5.23516,,4.40317
0.640334,-40.1093,14.6192,,5.13485
0.660338,-29.2129,22.7114,,5.70372
0.680327,-17.3721,29.5858,,6.0861
0.700331,-4.97115,35.2672,,6.27244
0.720336,7.59077,39.7881,,6.25651
0.74034,19.9075,43.121,,6.03821
0.760329,31.5808,45.2362,,5.62456
0.780333,42.2335,46.1775,,5.0289
0.800337,51.5204,46.0676,,4.27158
0.820326,59.144,45.0138,,3.37602
0.840331,64.8551,43.0156,,2.3705
0.860335,68.4719,39.9502,,1.28971
0.880339,69.8771,35.4486,,1.67E-01
0.900328,69.024,28.8479,,-9.61E-01
0.920333,65.9411,19.5897,,-2.06E+00
0.940337,60.7273,8.41669,,-3.09E+00
0.960326,53.5506,-2.68263,,-4.02218
0.98033,44.6417,-12.4925,,-4.82262
1.00033,34.291,-20.8558,,-5.46814
1.02034,22.8324,-27.8537,,-5.94E+00
1.04033,10.6364,-33.5687,,-6.21E+00
1.06033,-1.90308,-38.074,,-6.29E+00
1.08034,-14.3808,-41.4521,,-6.16E+00
1.10034,-26.3942,-43.753,,-5.84E+00
1.12033,-37.5543,-45.005,,-5.32E+00
1.14033,-47.5015,-45.2574,,-4.63E+00
1.16034,-55.9126,-44.6081,,-3.80E+00
1.18033,-62.5169,-43.0549,,-2.84E+00
1.20033,-67.1028,-40.5371,,-1.79E+00
1.22034,-69.5182,-36.7916,,-6.78E-01
1.24034,-69.6897,-31.3045,,4.51E-01
1.26033,-67.6097,-23.3653,,1.57E+00
1.28033,-63.3458,-12.9622,,2.63E+00
1.30034,-57.033,-1.72201,,3.61E+00
1.32033,-48.8766,8.60368,,4.48E+00
1.34033,-39.1411,17.4444,,5.20E+00
1.36034,-28.1409,24.8201,,5.75E+00
1.38034,-16.2314,30.8202,,6.11E+00
1.40033,-3.79745,35.5687,,6.28E+00
1.42033,8.75869,39.1514,,6.24E+00
1.44034,21.0317,41.6689,,6.01E+00
1.46033,32.6249,43.1912,,5.58E+00
1.48033,43.1638,43.7766,,4.96E+00
1.50033,52.3081,43.4858,,4.19E+00
1.52034,59.7615,42.3566,,3.29E+00
1.54033,65.284,40.3231,,2.27E+00
1.56033,68.6989,37.225,,1.19E+00
1.58034,69.8926,32.6748,,6.08E-02
1.60034,68.8291,26.0032,,-1.07E+00
1.62033,65.5418,16.701,,-2.16E+00
1.64033,60.1368,5.68693,,-3.18E+00
1.66034,52.7869,-5.05078,,-4.10E+00
1.68033,43.7313,-14.3963,,-4.89E+00
1.70033,33.2609,-22.2388,,-5.5194
1.72034,21.7185,-28.6567,,-5.97063
1.74034,9.47299,-33.7383,,-6.2289
1.76033,-3.07793,-37.6227,,-6.28566
1.78033,-15.5293,-40.4533,,-6.13967
1.80034,-27.4788,-42.299,,-5.79476
1.82033,-38.5402,-43.221,,-5.26381
1.84033,-48.3572,-43.2847,,-4.56091
1.86034,-56.6085,-42.5235,,-3.71166
1.88034,-63.0328,-40.9208,,-2.74326
1.90033,-67.4212,-38.3519,,-1.68627
1.92033,-69.6311,-34.5598,,-5.73E-01
1.94034,-69.5905,-28.9939,,5.58E-01
1.96033,-67.3022,-20.9606,,1.67E+00
1.98033,-62.8395,-10.5924,,2.73E+00
2.00033,-56.3459,0.391116,,3.69971
2.02034,-48.0296,10.32,,4.55055
2.04033,-38.1618,18.7236,,5.25605
2.06033,-27.0606,25.6376,,5.78871
2.08034,-15.0854,31.1703,,6.13681
2.10034,-2.62323,35.4539,,6.28485
2.12033,9.92364,38.5995,,6.23071
2.14033,22.1497,40.7552,,5.97538
2.16034,33.6595,41.9962,,5.52623
2.18033,44.0825,42.3787,,4.89967
2.20033,53.0808,41.9548,,4.11356
2.22034,60.363,40.7326,,3.19488
2.24034,65.6944,38.6409,,2.17448
2.26033,68.9054,35.4737,,1.08103
2.28033,69.8884,30.8301,,-0.0444697
2.30034,68.6142,24.0362,,-1.1694
2.32033,65.1244,14.6635,,-2.25724
2.34033,59.529,3.789,,-3.27271
2.36034,52.0093,-6.6343,,-4.18189
2.38034,42.8075,-15.6112,,-4.95564
2.40033,32.2235,-23.064,,-5.56978
2.42033,20.5982,-29.0846,,-6.00273
2.44034,8.30719,-33.7872,,-6.24296
2.46033,-4.25181,-37.3271,,-6.28082
2.48033,-1.67E+01,-39.828,,-6.11544
2.50033,-28.5556,-41.4073,,-5.75296
2.52034,-39.5146,-42.1345,,-5.20392
2.54033,-49.197,-42.0499,,-4.48834
2.56033,-57.2904,-41.1876,,-3.62675
2.58034,-63.532,-39.5075,,-2.64711
2.60034,-67.721,-36.8743,,-1.58332
2.62033,-69.7228,-32.9919,,-0.468394
2.64033,-69.4702,-27.3036,,0.663319
2.66034,-66.9752,-19.1518,,1.77042
2.68033,-62.3157,-8.78905,,2.8233
2.70033,-55.6419,1.97368,,3.78506
2.72034,-47.1686,11.5672,,4.62302
2.74034,-37.1718,19.6181,,5.31327
2.76033,-25.9728,26.1893,,5.82984
2.78033,-13.9356,31.3957,,6.15874
2.80034,-1.44834,35.3511,,6.28851
2.82033,11.0857,38.2207,,6.21548
2.84033,23.2615,40.1343,,5.94156
2.86034,34.6851,41.1848,,5.4748
2.88034,44.988,41.4253,,4.83216
2.90033,53.8376,40.8837,,4.03364
2.92033,60.947,39.5757,,3.10322
2.94034,66.0874,37.4089,,2.07488
2.96033,69.0929,34.1731,,0.976761
2.98033,69.8653,29.4104,,-1.50E-01
3.00033,68.3821,22.4538,,-1.27E+00
3.02034,64.6879,13.0073,,-2.36E+00
3.04033,58.9034,2.24544,,-3.36E+00
3.06033,51.216,-7.91161,,-4.26022
3.08034,41.8724,-16.575,,-5.02066
3.10034,31.1749,-23.7121,,-5.61771
3.12033,19.4715,-29.4245,,-6.03399
3.14033,7.13884,-33.855,,-6.25473
3.16034,-5.42445,-37.1292,,-6.27392
3.18033,-17.8122,-39.399,,-6.08985
3.20033,-29.6245,-40.7934,,-5.70931
3.22034,-40.4786,-41.3669,,-5.14386
3.24034,-50.025,-41.1713,,-4.41354
3.26033,-57.956,-40.201,,-3.53937
3.28033,-64.0134,-38.4486,,-2.55149
3.30034,-68.0023,-35.7446,,-1.48006
3.32033,-69.7941,-31.7615,,-0.362836
3.34033,-69.3315,-25.9205,,0.768392
3.36034,-66.629,-17.62,,1.87168
3.38034,-61.7741,-7.26269,,2.91736
3.40033,-54.9226,3.29665,,3.86883
3.42033,-46.2948,12.6114,,4.69444
3.44034,-36.1705,20.3741,,5.36894
3.46033,-24.8781,26.6617,,5.86859
3.48033,-12.7818,31.5905,,6.17943
3.50033,-0.273011,35.3028,,6.2904
3.52034,12.2446,37.9604,,6.19819
3.54033,24.3664,39.7005,,5.90583
3.56033,35.7004,40.593,,5.42202
3.58034,45.8814,40.7012,,4.76443
3.60034,54.5792,40.0818,,3.95082
3.62033,61.5139,38.6918,,3.01175
3.64033,66.4606,36.4437,,1.97353
3.66034,69.26,33.1044,,0.873144
3.68033,69.8218,28.2134,,-0.256387
3.70033,68.129,21.1043,,-1.37632
3.72034,64.2338,11.5537,,-2.45359
3.74034,58.2635,0.889222,,-3.45188
3.76033,50.4091,-9.02779,,-4.33788
3.78033,40.9245,-17.4166,,-5.08271
3.80034,30.1195,-24.2852,,-5.6649
3.82033,18.3401,-29.7499,,-6.0632
3.84033,5.96866,-33.9447,,-6.26502
3.86034,-6.59542,-37.0139,,-6.26519
3.88034,-18.9461,-39.1024,,-6.0627
3.90033,-30.6846,-40.338,,-5.66398
3.92033,-41.4312,-40.7948,,-5.08273
3.94034,-50.8394,-40.4915,,-4.33744
3.96033,-58.6051,-39.4455,,-3.45154
3.98033,-64.4758,-37.6053,,-2.45374
4.00033,-68.2636,-34.8121,,-1.37765
4.02034,-69.8473,-30.7182,,-2.58E-01
4.04033,-69.1738,-24.7229,,8.73E-01
4.06033,-66.2649,-16.2583,,1.97E+00
4.08034,-61.2164,-5.89229,,3.01E+00
4.10034,-54.1882,4.48185,,3.95127
4.12033,-45.408,13.5444,,4.76487
4.14033,-35.1601,21.045,,5.42275
4.16034,-23.7763,27.0988,,5.91E+00
4.18033,-11.6244,31.7985,,6.20E+00
4.20033,0.902347,35.3081,,6.29E+00
4.22034,13.3998,37.7849,,6.18E+00
4.24034,25.4646,39.3736,,5.87E+00
4.26033,36.7057,40.1425,,5.37E+00
4.28033,46.7618,40.1492,,4.69E+00
4.30034,55.3064,39.4298,,3.87E+00
4.32033,62.0627,37.9678,,2.92E+00
4.34033,66.8149,35.6462,,1.87E+00
4.36034,69.4082,32.1958,,7.68E-01
4.38034,69.7589,27.1681,,-3.62E-01
4.40033,67.8563,19.8797,,-1.48E+00
4.42033,63.7614,10.2188,,-2.55E+00
4.44034,57.606,-0.35173,,-3.54E+00
4.46033,49.5872,-10.028,,-4.41E+00
4.48033,39.9665,-18.183,,-5.14E+00
4.50033,29.0546,-24.8292,,-5.71E+00
4.52034,17.2035,-30.0696,,-6.09E+00
4.54033,4.7968,-34.0512,,-6.27E+00
4.56033,-7.76452,-36.9521,,-6.25E+00
4.58034,-20.0749,-38.8953,,-6.03E+00
4.60034,-31.7358,-39.9992,,-5.62E+00
4.62033,-42.3721,-40.3332,,-5.02E+00
4.64033,-51.6385,-39.9469,,-4.26E+00
4.66034,-59.2366,-38.821,,-3.36E+00
4.68033,-64.9202,-36.9,,-2.36E+00
4.70033,-68.5056,-34.017,,-1.28E+00
4.72034,-69.8803,-29.7945,,-1.51E-01
4.74034,-68.9962,-23.6339,,9.77E-01
4.76033,-65.8826,-15.0055,,2.07E+00
4.78033,-60.6404,-4.62686,,3.10E+00
4.80034,-53.4379,5.57362,,4.03E+00
4.82033,-44.5076,14.4043,,4.83E+00
4.84033,-34.1389,21.6778,,5.47538
4.86034,-22.6673,27.5076,,5.94199
4.88034,-10.464,32.0162,,6.21532
4.90033,2.0774,35.352,,6.2884
4.92033,14.5514,37.6717,,6.15882
4.94034,26.555,39.1217,,5.82897
4.96033,37.7005,39.7833,,5.31259
4.98033,47.628,39.7083,,4.62312
5.00033,56.0163,38.9025,,3.78385
5.02034,62.5949,37.3508,,2.82447
5.04033,67.1501,34.9472,,1.77151
5.06033,69.536,31.4052,,0.66361
5.08034,69.676,26.217,,-4.68E-01
5.10034,67.5643,18.7303,,-1.58E+00
5.12033,63.2704,8.97213,,-2.65E+00
5.14033,56.9332,-1.49833,,-3.6263
5.16034,48.7526,-10.9699,,-4.4877
5.18033,38.9969,-18.9018,,-5.20632
5.20033,27.9813,-25.3322,,-5.75311
5.22034,16.0612,-30.3772,,-6.11606
5.24034,3.62363,-34.1846,,-6.28058
5.26033,-8.93148,-36.9284,,-6.24261
5.28033,-21.1976,-38.7356,,-6.00276
5.30034,-32.7788,-39.7303,,-5.56871
5.32033,-43.3006,-39.9676,,-4.95541
5.34033,-52.4233,-39.4906,,-4.18155
5.36034,-59.8523,-38.2904,,-3.2729
5.38034,-65.3462,-36.294,,-2.25723
5.40033,-68.7292,-33.3138,,-1.1708
5.42033,-69.8933,-28.9609,,-0.0457876
5.44034,-68.7984,-22.6086,,1.08123
5.46033,-65.4798,-13.8187,,2.17376
5.48033,-60.0466,-3.43899,,3.19525
5.50033,-52.6718,6.59583,,4.11309
5.52034,-43.5948,15.2154,,4.90039
5.54033,-33.1086,22.2821,,5.52652
5.56033,-21.5529,27.9102,,5.97568
5.58034,-9.30071,32.244,,6.2309
5.60034,3.25178,35.4172,,6.28494
5.62033,15.6988,37.6059,,6.13639
5.64033,27.6387,38.9332,,5.78864
5.66034,38.6846,39.4927,,5.25432
5.68033,48.481,39.3364,,4.5508
5.70033,56.7105,38.4514,,3.69934
5.72034,63.1088,36.8213,,2.72973
5.74034,67.4667,34.333,,1.67033
5.76033,69.6464,30.6719,,0.558008
5.78033,69.5736,25.3255,,-0.573429
5.80034,67.2547,17.6412,,-1.68413
5.82033,62.7636,7.78691,,-2.7427
5.84033,56.2427,-2.58067,,-3.71224
5.86034,47.9035,-11.8625,,-4.56205
5.88034,38.0155,-19.5902,,-5.26421
5.90033,26.9002,-25.8222,,-5.79519
5.92033,14.9153,-30.689,,-6.13996
5.94034,2.44933,-34.3372,,-6.2858
5.96033,-10.0958,-36.9395,,-6.22836
5.98033,-22.3145,-38.6243,,-5.9703
6.00033,-33.8119,-39.5091,,-5.51906
6.02034,-44.2172,-39.656,,-4.88915
6.04033,-53.1922,-39.1063,,-4.10194
6.06033,-60.4498,-37.8299,,-3.18187
6.08034,-65.7547,-35.7573,,-2.15904
6.10034,-68.9333,-32.6678,,-1.06637
6.12033,-69.8865,-28.1811,,6.01E-02
6.14033,-68.5817,-21.642,,1.19E+00
6.16034,-65.0608,-12.6764,,2.27E+00
6.18033,-59.4374,-2.30423,,3.29E+00
6.20033,-51.8927,7.5691,,4.19448
6.22034,-42.6697,15.9764,,4.96483
6.24034,-32.0689,22.8534,,5.5772
6.26033,-20.4314,28.3063,,6.00748
6.28033,-8.13432,32.4695,,6.24475
6.30034,4.42536,35.509,,6.27959
6.32033,16.8421,37.5627,,6.11219
6.34033,28.714,38.7902,,5.7462
6.36034,39.658,39.2542,,5.19597
6.38034,49.3208,39.0094,,4.47712
6.40033,57.3902,38.0578,,3.61325
6.42033,63.604,36.3503,,2.63304
6.44034,67.7639,33.7716,,1.56869
6.46033,69.7348,29.9934,,0.452523
6.48033,69.4515,24.4727,,-0.6784
6.50033,66.926,16.5926,,-1.78541
6.52034,62.2374,6.64723,,-2.83804
6.54033,55.5361,-3.6213,,-3.79775
6.56033,47.04,-12.7144,,-4.63393
6.58034,37.0242,-20.2461,,-5.32063
6.60034,25.8116,-26.2942,,-5.83603
6.62033,13.7652,-30.9952,,-6.16186
6.64033,1.27456,-34.5005,,-6.28912
6.66034,-11.2574,-36.9696,,-6.21277
6.68033,-23.4252,-38.5424,,-5.93615
6.70033,-34.8359,-39.3323,,-5.46736
6.72034,-45.1199,-39.4012,,-4.82189
6.74034,-53.9478,-38.7669,,-4.02171
6.76033,-61.0319,-37.4143,,-3.08997
6.78033,-66.1428,-35.262,,-2.05896
6.80034,-69.1176,-32.0755,,-0.962364
6.82033,-69.8595,-27.4339,,0.166254
6.84033,-68.3451,-20.701,,1.28885
6.86034,-64.622,-11.5746,,2.37006
6.88034,-58.8108,-1.21201,,3.37554
6.90033,-51.0974,8.49849,,4.27213
6.92033,-41.7326,16.7144,,5.02922
6.94034,-31.0202,23.4083,,5.62535
6.96033,-19.3042,28.6983,,6.03832
6.98033,-6.96588,32.7094,,6.25644
7.00033,5.59753,35.5925,,6.27239
7.02034,17.98,37.5457,,6.08599
7.04033,29.7811,38.6821,,5.70268
7.06033,40.6202,39.0509,,5.13592
7.08034,50.1465,38.7173,,4.4013
7.10034,58.0526,37.7026,,3.52685
7.12033,64.0829,35.9312,,2.53679
7.14033,68.0425,33.2489,,1.46553
7.16034,69.8033,29.3353,,3.47E-01
7.18033,69.3099,23.6484,,-7.83E-01
7.20033,66.5765,15.5673,,-1.89E+00
7.22034,61.6932,5.5387,,-2.93E+00
7.24034,54.8148,-4.62866,,-3.88093
7.26033,46.1636,-13.5242,,-4.7057
7.28033,36.0215,-20.8824,,-5.37609
7.30034,24.7159,-26.7653,,-5.87E+00
7.32033,12.611,-31.3056,,-6.18E+00
7.34033,0.0992183,-34.6622,,-6.29E+00
7.36034,-12.4155,-37.0229,,-6.20E+00
7.38034,-24.5289,-38.4974,,-5.90E+00
7.40033,-35.8501,-39.1839,,-5.41E+00
7.42033,-46.0119,-39.1722,,-4.75E+00
7.44034,-54.6867,-38.4713,,-3.94E+00
7.46033,-61.5956,-37.0447,,-3.00E+00
7.48033,-66.5138,-34.7999,,-1.96E+00
7.50033,-69.283,-31.5089,,-8.58E-01
7.52034,-69.8132,-26.7273,,2.72E-01
7.54033,-68.0898,-19.7812,,1.39E+00
7.56033,-64.1655,-10.4866,,2.47E+00
7.58034,-58.1673,-0.159244,,3.46E+00
7.60034,-50.2878,9.38469,,4.35E+00
7.62033,-40.7841,17.4264,,5.09E+00
7.64033,-29.962,23.9539,,5.67E+00
7.66034,-18.1725,29.076,,6.07E+00
7.68033,-5.79562,32.9343,,6.27E+00
7.70033,6.76821,35.7052,,6.26E+00
7.72034,19.1133,37.5562,,6.06E+00
7.74034,30.8403,38.5859,,5.66E+00
7.76033,41.5713,38.8747,,5.07E+00
7.78033,50.9581,38.4726,,4.33E+00
7.80034,58.6984,37.3813,,3.44E+00
7.82033,64.5423,35.5322,,2.44E+00
7.84033,68.3013,32.7584,,1.36E+00
7.86034,69.854,28.7164,,2.42E-01
7.88034,69.1481,22.837,,-8.88E-01
7.90033,66.2097,14.5569,,-1.99E+00
7.92033,61.1321,4.46404,,-3.03E+00
7.94034,54.0774,-5.59768,,-3.96E+00
7.96033,45.2759,-14.3174,,-4.77E+00
7.98033,35.0101,-21.49,,-5.43132
8.00033,23.6123,-27.2189,,-5.91113
8.02034,11.4535,-31.6178,,-6.20135
8.04033,-1.07599,-34.8438,,-6.29014
8.06033,-13.5703,-37.075,,-6.1763
8.08034,-25.626,-38.4579,,-5.86253
8.10034,-36.8534,-39.074,,-5.36015
8.12033,-46.8899,-38.9718,,-4.68325
8.14033,-55.4114,-38.197,,-3.85607
8.16034,-62.1419,-36.7025,,-2.90414
8.18033,-66.865,-34.3699,,-1.85823
8.20033,-69.4277,-30.9728,,-0.752867
8.22034,-69.7476,-26.0252,,3.77E-01
8.24034,-67.8149,-18.8626,,1.50E+00
8.26033,-63.6906,-9.4281,,2.57E+00
8.28033,-57.5072,0.859053,,3.5529
8.30034,-49.4654,10.2559,,4.42402
8.32033,-39.8245,18.1204,,5.15407
8.34033,-28.8967,24.4801,,5.71647
8.36034,-17.0353,29.4432,,6.09408
8.38034,-4.62363,33.1725,,6.2751
8.40033,7.93693,35.8314,,6.25312
8.42033,20.2409,37.568,,6.02893
8.44034,31.8903,38.5068,,5.61042
8.46033,42.5093,38.7271,,5.00986
8.48033,51.7541,38.2526,,4.24837
8.50033,59.3278,37.0835,,3.34936
8.52034,64.9844,35.1528,,2.34281
8.54033,68.5418,32.2849,,1.2585
8.56033,69.8839,28.1165,,0.136117
8.58034,68.9671,22.0361,,-0.993179
8.60034,65.8242,13.549,,-2.08779
8.62033,60.5536,3.40379,,-3.11667
8.64033,53.3259,-6.53769,,-4.04632
8.66034,44.3731,-15.0779,,-4.84215
8.68033,33.9877,-22.0935,,-5.48353
8.70033,22.5033,-27.6662,,-5.94666
8.72034,10.2923,-31.9163,,-6.21829
8.74034,-2.25084,-35.0225,,-6.28794
8.76033,-14.7212,-37.1502,,-6.15529
8.78033,-26.7155,-38.4334,,-5.8235
8.80034,-37.847,-38.963,,-5.30402
8.82033,-47.7551,-38.8005,,-4.61197
8.84033,-56.1198,-37.9464,,-3.77185
8.86034,-62.6705,-36.3687,,-2.80952
8.88034,-67.1976,-33.9688,,-1.75772
8.90033,-69.5533,-30.4563,,-0.647744
8.92033,-69.6623,-25.323,,0.482469
8.94034,-67.5212,-17.9536,,1.59769
8.96033,-63.1978,-8.38504,,2.66194
8.98033,-56.8301,1.85865,,3.63894
9.00033,-48.6282,11.1015,,4.49887
9.02034,-38.8526,18.7933,,5.21438
9.04033,-27.8219,24.9829,,5.75952
9.06033,-15.8925,29.8166,,6.11979
9.08034,-3.45021,3.34E+01,,6.28137
9.10034,9.10348,35.9498,,6.24043
9.12033,21.3627,37.5926,,5.99818
9.14033,32.9315,38.4569,,5.56141
9.16034,43.4354,38.5942,,4.94506
9.18033,52.5372,38.044,,4.16994
9.20033,5.99E+01,36.8042,,3.25979
9.22034,65.4077,34.8001,,2.24361
9.24034,68.7603,31.8368,,1.15531
9.26033,69.8935,27.5174,,3.00E-02
9.28033,68.7669,21.2349,,-1.10E+00
9.30034,65.4197,12.5546,,-2.19E+00
9.32033,59.9591,2.37522,,-3.21E+00
9.34033,52.5589,-7.44111,,-4.12676
9.36034,43.4593,-15.8272,,-4.90949
9.38034,32.9555,-22.6816,,-5.53471
9.40033,21.3872,-28.0987,,-5.98029
9.42033,9.12857,-32.2092,,-6.23299
9.44034,-3.4251,-35.1965,,-6.28436
9.46033,-15.8679,-37.2289,,-6.13268
9.48033,-27.798,-38.4231,,-5.78309
9.50033,-38.8296,-38.8681,,-5.24568
9.52034,-48.6059,-38.6259,,-4.53974
9.54033,-56.8126,-37.7134,,-3.68684
9.56033,-63.1828,-36.0682,,-2.71518
9.58034,-67.512,-33.5604,,-1.65549
9.60034,-69.6596,-29.9281,,-0.541993
9.62033,-69.5568,-24.6346,,0.588373
9.64033,-67.2073,-17.0485,,1.69968
9.66034,-62.6863,-7.34096,,2.75648
9.68033,-56.139,2.83764,,3.72503
9.70033,-47.7762,11.9156,,4.57272
9.72034,-37.8705,19.4457,,5.2724
9.74034,-26.7399,25.4927,,5.80117
9.76033,-14.746,30.178,,6.14353
9.78033,-2.27597,33.6503,,6.28611
9.80034,10.2673,36.0807,,6.22611
9.82033,22.4786,37.6284,,5.96574
9.84033,33.9637,38.4053,,5.51128
9.86034,44.3511,38.4721,,4.87957
9.88034,53.305,37.8546,,4.09011
9.90033,60.5368,36.5464,,3.16783
9.92033,65.8123,34.4626,,2.14476
9.94034,68.9618,31.3853,,1.05097
9.96033,69.8838,26.9254,,-0.0757091
9.98033,68.5478,20.4372,,-1.20019
10.0003,64.9963,11.5638,,-2.28685
10.0203,59.3461,1.3557,,-3.29899
10.0403,51.7768,-8.32945,,-4.20509
10.0603,42.5323,-16.5526,,-4.97537
10.0803,31.9144,-23.2468,,-5.58418
10.1003,20.2653,-28.5197,,-6.01194
10.1203,7.962,-32.5098,,-6.24659
10.1403,-4.59854,-35.3836,,-6.27895
10.1603,-17.0101,-37.309,,-6.10784
10.1803,-28.8721,-38.416,,-5.74077
10.2003,-39.801,-38.7874,,-5.18638
10.2203,-49.4438,-38.4803,,-4.46618
10.2403,-57.4876,-37.4897,,-3.60051
10.2603,-63.6763,-35.7737,,-2.6194
10.2803,-67.8069,-33.1798,,-1.55314
10.3003,-69.7459,-29.4171,,-4.37E-01
10.3203,-69.4312,-23.9379,,6.93E-01
10.3403,-66.8753,-16.1409,,1.80E+00
10.3603,-62.1569,-6.31224,,2.85E+00
10.3803,-55.4306,3.79798,,3.81016
10.4003,-46.912,12.7172,,4.64419
10.4203,-36.8771,20.0831,,5.32973
10.4403,-25.6505,25.9877,,5.84E+00
10.4603,-13.5953,30.5366,,6.16E+00
10.4803,-1.10114,33.8841,,6.29E+00
10.5003,11.4284,36.2049,,6.21E+00
10.5203,23.5881,37.6704,,5.93E+00
10.5403,34.9858,38.3709,,5.46E+00
10.5603,45.2534,38.3574,,4.81E+00
10.5803,54.0584,37.6686,,4.01E+00
10.6003,61.1162,36.2967,,3.08E+00
10.6203,66.1986,34.1325,,2.05E+00
10.6403,69.1436,30.9481,,9.47E-01
10.6603,69.8542,26.3273,,-1.82E-01
10.6803,68.3075,19.6299,,-1.30E+00
10.7003,64.5548,10.5807,,-2.38E+00
10.7203,58.7162,0.35726,,-3.39E+00
10.7403,50.9791,-9.19682,,-4.28E+00
10.7603,41.5934,-17.2611,,-5.04E+00
10.7803,30.8645,-23.8058,,-5.63E+00
10.8003,19.138,-28.9316,,-6.04E+00
10.8203,6.79328,-32.7983,,-6.26E+00
10.8403,-5.7706,-35.5628,,-6.27E+00
10.8603,-18.1476,-37.3893,,-6.08E+00
10.8803,-29.9383,-38.4163,,-5.70E+00
10.9003,-40.7615,-38.718,,-5.13E+00
10.9203,-50.2675,-38.3397,,-4.39E+00
10.9403,-58.1489,-37.2769,,-3.51E+00
10.9603,-64.1516,-35.4879,,-2.52E+00
10.9803,-68.0813,-32.802,,-1.45E+00
11.0003,-69.8119,-28.9086,,-3.31E-01
11.0203,-69.2865,-23.2443,,7.98E-01
11.0403,-66.5228,-15.2223,,1.90E+00
11.0603,-61.6114,-5.30131,,2.94E+00
11.0803,-54.707,4.72189,,3.89E+00
11.1003,-46.0339,13.496,,4.72E+00
11.1203,-35.8723,20.7166,,5.38542
11.1403,-24.5536,26.4664,,5.87928
11.1603,-12.4405,30.8802,,6.18537
11.1803,0.0742279,34.1152,,6.29064
11.2003,12.586,36.3437,,6.19243
11.2203,24.6912,37.7146,,5.89524
11.2403,35.9985,38.3309,,5.40633
11.2603,46.1428,38.2564,,4.7433
11.2803,54.7953,37.5052,,3.92706
11.3003,61.6769,36.0492,,2.98352
11.3203,66.5667,33.7995,,1.94429
11.3403,69.305,30.5137,,0.842508
11.3603,69.8058,25.7292,,-2.87E-01
11.3803,68.05,18.8126,,-1.41E+00
11.4003,64.0955,9.58847,,-2.48E+00
11.4203,58.0701,-0.625164,,-3.47763
11.4403,50.1684,-10.0474,,-4.35979
11.4603,40.6433,-17.9545,,-5.10236
11.4803,29.8053,-24.3454,,-5.67787
11.5003,18.0051,-29.3454,,-6.07108
11.5203,5.62258,-33.0844,,-6.26803
11.5403,-6.94099,-35.7328,,-6.26221
11.5603,-19.2801,-37.4788,,-6.05431
11.5803,-30.9961,-38.4254,,-5.6502
11.6003,-41.7105,-38.6496,,-5.06485
11.6203,-51.0767,-38.2018,,-4.31406
11.6403,-58.7932,-37.0716,,-3.42574
11.6603,-64.6093,-35.2084,,-2.42426
11.6803,-68.3377,-32.4287,,-1.34812
11.7003,-69.8594,-28.3996,,-0.225356
11.7203,-69.1231,-22.5317,,0.902966
11.7403,-66.1543,-14.2995,,2.00359
11.7603,-61.0479,-4.29925,,3.03751
11.7803,-53.9683,5.63812,,3.97618
11.8003,-45.1433,14.2577,,4.78479
11.8203,-34.8594,21.3271,,5.43874
11.8403,-23.4495,26.9319,,5.9165
11.8603,-11.2823,31.222,,6.20397
11.8803,1.24946,34.3411,,6.29003
11.9003,13.7404,36.4725,,6.17321
11.9203,25.7875,37.7633,,5.85704
11.9403,37.0008,38.2995,,5.35142
11.9603,47.0183,38.1522,,4.67363
11.9803,55.5173,37.339,,3.84338
12.0003,62.2215,35.8123,,2.89088
12.0203,66.9162,33.4776,,1.84317
12.0403,69.4475,30.0738,,0.737212
12.0603,69.7367,25.1253,,-0.392669
12.0803,67.7729,17.9876,,-1.51066
12.1003,63.6193,8.59726,,-2.57909
12.1203,57.4076,-1.59707,,-3.56593
12.1403,49.3425,-10.8779,,-4.43478
12.1603,39.6819,-18.6325,,-5.16336
12.1803,28.7387,-24.8821,,-5.72275
12.2003,16.8667,-29.7454,,-6.09819
12.2203,4.45051,-33.3616,,-6.27605
12.2403,-8.1093,-3.59E+01,,-6.25121
12.2603,-20.407,-37.5682,,-6.02489
12.2803,-32.0446,-38.4323,,-5.60281
12.3003,-42.6468,-38.588,,-5.00068
12.3203,-51.872,-38.0742,,-4.23719
12.3403,-5.94E+01,-36.8782,,-3.33615
12.3603,-65.0487,-34.9334,,-2.32766
12.3803,-68.575,-32.0532,,-1.24372
12.4003,-69.8862,-27.8844,,-1.20E-01
12.4203,-68.9389,-21.8171,,1.01E+00
12.4403,-65.7659,-13.3769,,2.10E+00
12.4603,-60.4668,-3.3032,,3.13E+00
12.4803,-53.2137,6.53869,,4.05638
12.5003,-44.2399,15.0037,,4.85356
12.5203,-33.8352,21.9183,,5.49124
12.5403,-22.3387,27.3935,,5.95151
12.5603,-10.121,31.5632,,6.2203
12.5803,2.42422,34.5687,,6.28771
12.6003,14.8907,36.6008,,6.15211
12.6203,26.8757,37.8074,,5.8175
12.6403,37.9921,38.2791,,5.29517
12.6603,47.8817,38.0637,,4.60238
12.6803,56.2233,37.1762,,3.75876
12.7003,62.7481,35.5793,,2.79658
12.7203,67.2458,33.1575,,1.74183
12.7403,69.5706,29.6338,,0.632013
12.7603,69.6482,24.5176,,-0.498215
12.7803,67.4756,17.1523,,-1.61257
12.8003,63.1235,7.60511,,-2.67503
12.8203,56.7308,-2.54942,,-3.65269
12.8403,48.5026,-11.6803,,-4.51024
12.8603,38.7077,-19.2996,,-5.22283
12.8803,27.6625,-25.4113,,-5.766
12.9003,15.7231,-30.1316,,-6.12269
12.9203,3.27709,-33.6306,,-6.28242
12.9403,-9.27552,-36.0904,,-6.23871
12.9603,-21.5283,-37.6594,,-5.99322
12.9803,-33.0849,-38.4365,,-5.55435
13.0003,-43.5715,-38.523,,-4.93548
13.0203,-52.6523,-37.9514,,-4.15885
13.0403,-60.0307,-36.6819,,-3.24563
13.0603,-65.4688,-34.6515,,-2.22837
13.0803,-68.793,-31.677,,-1.14094
13.1003,-69.8939,-27.3655,,-0.0136674
13.1203,-68.736,-21.086,,1.11212
13.1403,-65.3592,-12.4379,,2.20181
13.1603,-59.8684,-2.31597,,3.22284
13.1803,-52.4426,7.41905,,4.13732
13.2003,-43.3229,15.7373,,4.91892
13.2203,-32.8031,22.5015,,5.54205
13.2403,-21.2222,27.8467,,5.98537
13.2603,-8.95657,31.8851,,6.23498
13.2803,3.59837,34.791,,6.28373
13.3003,16.0368,36.7286,,6.12924
13.3203,27.957,37.8517,,5.77658
13.3403,38.9732,38.2553,,5.23671
13.3603,48.7305,37.9744,,4.52976
13.3803,56.913,37.0163,,3.67359
13.4003,63.256,35.3427,,2.70114
13.4203,67.5559,32.8415,,1.63988
13.4403,69.6733,29.1949,,5.28E-01
13.4603,69.5399,23.8895,,-6.04E-01
13.4803,67.1593,16.2998,,-1.71E+00
13.5003,62.6097,6.62476,,-2.77E+00
13.5203,56.0353,-3.48551,,-3.73749
13.5403,47.6501,-12.4847,,-4.58304
13.5603,37.7249,-19.9513,,-5.28083
13.5803,26.5797,-25.9194,,-5.81E+00
13.6003,14.5766,-30.5087,,-6.15E+00
13.6203,2.10247,-33.9062,,-6.29E+00
13.6403,-10.439,-36.2662,,-6.22E+00
13.6603,-22.6432,-37.7409,,-5.96E+00
13.6803,-34.1153,-38.4477,,-5.50E+00
13.7003,-44.4847,-38.4783,,-4.87E+00
13.7203,-53.4173,-37.8268,,-4.08E+00
13.7403,-60.6229,-36.4811,,-3.16E+00
13.7603,-65.8716,-34.3828,,-2.13E+00
13.7803,-68.9906,-31.3044,,-1.04E+00
13.8003,-69.8815,-26.8316,,9.13E-02
13.8203,-68.5129,-20.3354,,1.22E+00
13.8403,-64.9329,-11.4975,,2.30E+00
13.8603,-59.2535,-1.34221,,3.31E+00
13.8803,-51.6587,8.285,,4.22E+00
13.9003,-42.3934,16.4534,,4.98E+00
13.9203,-31.7599,23.0816,,5.59E+00
13.9403,-20.0996,28.2897,,6.02E+00
13.9603,-7.78973,32.2009,,6.25E+00
13.9803,4.77152,35.0037,,6.28E+00
14.0003,1.72E+01,36.8654,,6.10E+00
14.0203,29.0299,37.9076,,5.73E+00
14.0403,39.9437,38.2281,,5.18E+00
14.0603,49.5671,37.8789,,4.46E+00
14.0803,57.5869,36.8678,,3.59E+00
14.1003,63.747,35.1213,,2.61E+00
14.1203,67.8477,32.5123,,1.54E+00
14.1403,69.7565,28.7369,,4.21E-01
14.1603,69.4119,23.2555,,-7.08E-01
14.1803,66.8247,15.4424,,-1.82E+00
14.2003,62.0788,5.63881,,-2.86E+00
14.2203,55.3258,-4.40933,,-3.82E+00
14.2403,46.7835,-13.2699,,-4.65E+00
14.2603,36.7296,-20.5859,,-5.33808
14.2803,25.489,-26.4123,,-5.84756
14.3003,13.425,-30.8866,,-6.16815
14.3203,0.927501,-34.1688,,-6.28962
14.3403,-11.5995,-36.4308,,-6.20772
14.3603,-23.7517,-37.8189,,-5.92585
14.3803,-35.1358,-38.4601,,-5.45179
14.4003,-45.3852,-38.4198,,-4.8025
14.4203,-54.1674,-37.7033,,-3.99677
14.4403,-61.2001,-36.2909,,-3.06285
14.4603,-66.2545,-34.1062,,-2.02984
14.4803,-69.1688,-30.9216,,-0.931398
14.5003,-69.8484,-26.2913,,1.97E-01
14.5203,-68.2713,-19.5767,,1.32E+00
14.5403,-64.4894,-10.546,,2.40E+00
14.5603,-58.6211,-0.375804,,3.40E+00
14.5803,-50.8602,9.12928,,4.29382
14.6003,-41.4545,17.1538,,5.04874
14.6203,-30.7084,23.6485,,5.63878
14.6403,-18.9707,28.7168,,6.047
14.6603,-6.62059,32.5201,,6.25982
14.6803,5.94335,35.2206,,6.27
14.7003,18.3152,36.9783,,6.07801
14.7203,30.0949,37.9501,,5.68952
14.7403,40.902,38.2097,,5.11697
14.7603,50.3879,37.797,,4.37984
14.7803,58.2447,36.7056,,3.50065
14.8003,64.2205,34.8848,,2.50812
14.8203,68.1205,32.1879,,1.43516
14.8403,69.8205,28.2874,,0.316094
14.8603,69.2642,22.5995,,-0.814363
14.8803,66.4711,14.5575,,-1.91704
14.9003,61.5297,4.66259,,-2.95851
14.9203,54.5993,-5.31745,,-3.90632
14.9403,45.9029,-14.0378,,-4.72587
14.9603,35.7241,-21.2139,,-5.39259
14.9803,24.3908,-26.905,,-5.88542
15.0003,12.2697,-31.2502,,-6.18811
15.0203,-0.247722,-34.4246,,-6.29059
15.0403,-12.7569,-36.5953,,-6.19012
15.0603,-24.8536,-37.9066,,-5.88907
15.0803,-36.1467,-38.4666,,-5.39855
15.1003,-46.273,-38.3641,,-4.73286
15.1203,-54.9025,-37.5818,,-3.91514
15.1403,-61.7591,-36.0966,,-2.96974
15.1603,-66.6198,-33.8317,,-1.93005
15.1803,-69.3281,-30.5331,,-0.826284
15.2003,-69.7966,-25.7385,,0.303382
15.2203,-68.009,-18.8022,,1.42244
15.2403,-64.0272,-9.59155,,2.49642
15.2603,-57.9741,0.582549,,3.49024
15.2803,-50.0479,9.96864,,4.37147
15.3003,-40.5032,17.8447,,5.11093
15.3203,-29.6482,24.1974,,5.69E+00
15.3403,-17.837,29.1352,,6.07478
15.3603,-5.4497,32.8242,,6.26938
15.3803,7.11346,35.4237,,6.26074
15.4003,19.4467,37.1013,,6.04984
15.4203,31.1513,37.9955,,5.64344
15.4403,41.8489,38.1841,,5.05503
15.4603,51.1952,37.7002,,4.3035
15.4803,5.89E+01,36.5469,,3.41215
15.5003,64.675,34.6528,,2.41069
15.5203,68.3739,31.8657,,1.33184
15.5403,69.8646,27.8153,,2.10E-01
15.5603,69.097,21.9259,,-9.18E-01
15.5803,66.0985,13.6769,,-2.02E+00
15.6003,60.9633,3.68369,,-3.05E+00
15.6203,53.8571,-6.22269,,-3.98823
15.6403,45.01,-14.7905,,-4.79473
15.6603,34.7085,-21.8166,,-5.44644
15.6803,23.2858,-27.3901,,-5.92194
15.7003,11.111,-31.6144,,-6.20628
15.7203,-1.42278,-34.6753,,-6.28977
15.7403,-13.9104,-36.755,,-6.17003
15.7603,-25.9484,-37.9903,,-5.85154
15.7803,-37.1474,-38.4855,,-5.34356
15.8003,-47.1469,-38.2984,,-4.66272
15.8203,-55.6224,-37.454,,-3.83145
15.8403,-62.3,-35.908,,-2.87585
15.8603,-66.9654,-33.5603,,-1.82917
15.8803,-69.4672,-30.1343,,-0.721584
15.9003,-69.7249,-25.1649,,0.408679
15.9203,-67.7301,-18.0175,,1.52507
15.9403,-63.5466,-8.63619,,2.5938
15.9603,-57.3099,1.53787,,3.57788
15.9803,-49.2198,10.792,,4.44638
16.0003,-39.5392,18.5133,,5.17206
16.0203,-28.5797,24.7278,,5.73003
16.0403,-16.6984,29.5533,,6.10146
16.0603,-4.27744,33.1262,,6.27713
16.0803,8.28151,35.6181,,6.24972
16.1003,20.5726,37.216,,6.01992
16.1203,32.1987,38.0404,,5.59632
16.1403,42.7843,38.1599,,4.99104
16.1603,51.988,37.6114,,4.22612
16.1803,59.5118,36.3915,,3.32251
16.2003,65.1113,34.4199,,2.3125
16.2203,68.6083,31.5304,,1.22889
16.2403,69.889,27.3334,,0.103999
16.2603,68.9111,21.2393,,-1.02276
16.2803,65.7073,12.7757,,-2.11792
16.3003,60.3786,2.71097,,-3.14513
16.3203,53.1001,-7.10397,,-4.06869
16.3403,44.1042,-15.5319,,-4.86274
16.3603,33.6831,-22.415,,-5.49846
16.3803,22.1742,-27.8574,,-5.95679
16.4003,9.949,-31.9697,,-6.22254
16.4203,-2.59754,-34.9197,,-6.28706
16.4403,-15.0601,-36.9043,,-6.1488
16.4603,-27.0362,-38.0686,,-5.8116
16.4803,-38.1376,-38.496,,-5.28654
16.5003,-48.0066,-38.2405,,-4.59144
16.5203,-56.326,-37.3309,,-3.74727
16.5403,-62.8242,-35.712,,-2.78126
16.5603,-67.2914,-33.2689,,-1.72713
16.5803,-69.5871,-29.7318,,-0.617231
16.6003,-69.6329,-24.5882,,5.14E-01
16.6203,-67.4292,-17.2091,,1.63E+00
16.6403,-63.047,-7.66894,,2.69E+00
16.6603,-56.6285,2.4708,,3.66515
16.6803,-48.3777,11.5927,,4.52009
16.7003,-38.5637,19.1778,,5.23199
16.7203,-27.503,25.2585,,5.77E+00
16.7403,-15.5551,29.957,,6.13E+00
16.7603,-3.10372,33.4141,,6.28E+00
16.7803,9.44727,35.8182,,6.24E+00
16.8003,21.6928,37.333,,5.99E+00
16.8203,33.2373,38.0769,,5.55E+00
16.8403,43.7076,38.13,,4.93E+00
16.8603,52.7659,37.524,,4.15E+00
16.8803,60.1191,36.2278,,3.23E+00
16.9003,65.5296,34.1748,,2.21E+00
16.9203,68.8236,31.1876,,1.12E+00
16.9403,69.8928,26.851,,-1.60E-03
16.9603,68.7053,20.5402,,-1.13E+00
16.9803,65.2966,11.856,,-2.22E+00
17.0003,59.7796,1.74429,,-3.24E+00
17.0203,52.3285,-7.9688,,-4.15E+00
17.0403,43.1866,-16.2613,,-4.93E+00
17.0603,32.6495,-23.0115,,-5.55E+00
17.0803,21.0573,-28.3102,,-5.99E+00
17.1003,8.78471,-32.3035,,-6.24E+00
17.1203,-3.77161,-35.1628,,-6.28E+00
17.1403,-1.62E+01,-37.0598,,-6.13E+00
17.1603,-28.1158,-38.1379,,-5.77E+00
17.1803,-39.1171,-38.4966,,-5.23E+00
17.2003,-48.8546,-38.1886,,-4.52E+00
17.2203,-57.0138,-37.2043,,-3.66E+00
17.2403,-63.3309,-35.507,,-2.69E+00
17.2603,-67.6005,-32.9832,,-1.62E+00
17.2803,-69.6879,-29.3182,,-5.12E-01
17.3003,-69.522,-23.9897,,6.20E-01
17.3203,-67.1111,-16.3792,,1.73E+00
17.3403,-62.5319,-6.70144,,2.78E+00
17.3603,-55.9311,3.39635,,3.75E+00
17.3803,-47.5227,12.3874,,4.59E+00
17.4003,-37.5772,19.8305,,5.28917
17.4203,-26.4189,25.7835,,5.81352
17.4403,-14.4066,30.3529,,6.14953
17.4603,-1.9292,33.6964,,6.28733
17.4803,10.6103,36.0091,,6.22178
17.5003,22.807,37.4436,,5.9557
17.5203,34.2668,38.1183,,5.496
17.5403,44.6187,38.0992,,4.85977
17.5603,53.5286,37.425,,4.06604
17.5803,60.7089,36.068,,3.14118
17.6003,65.9293,33.9381,,2.11582
17.6203,69.018,30.8335,,1.01983
17.6403,69.8771,26.3396,,-1.07E-01
17.6603,68.4788,19.8166,,-1.23E+00
17.6803,64.8676,10.9298,,-2.32E+00
17.7003,59.1624,0.779777,,-3.32E+00
17.7203,51.5427,-8.82664,,-4.2285
17.7403,42.2569,-16.9763,,-4.9943
17.7603,31.6055,-23.5936,,-5.59873
17.7803,19.9331,-28.7609,,-6.02143
17.8003,7.61731,-32.6373,,-6.24985
17.8203,-4.94456,-35.4004,,-6.27709
17.8403,-17.3463,-37.2067,,-6.10029
17.8603,-29.1877,-38.2122,,-5.72771
17.8803,-40.0857,-38.5058,,-5.16917
17.9003,-49.6887,-38.1178,,-4.44389
17.9203,-57.6852,-37.076,,-3.57463
17.9403,-63.8184,-35.3173,,-2.59129
17.9603,-67.8897,-32.6892,,-1.52241
17.9803,-69.7679,-28.8922,,-0.406751
18.0003,-69.392,-23.3639,,0.725299
18.0203,-66.7734,-15.5459,,1.83177
18.0403,-61.9974,-5.73641,,2.87853
18.0603,-55.2185,4.31429,,3.83489
18.0803,-46.6548,13.1685,,4.66453
18.1003,-36.5824,20.4672,,5.34675
18.1203,-25.3272,26.2835,,5.85321
18.1403,-13.2547,30.7354,,6.17089
18.1603,-0.754161,33.9855,,6.29003
18.1803,11.7705,36.1878,,6.20539
18.2003,23.9145,37.543,,5.92058
18.2203,35.2861,38.1516,,5.4441
18.2403,45.517,38.0748,,4.7919
18.2603,54.2766,37.3321,,3.9847
18.2803,61.2842,35.8984,,3.05001
18.3003,66.3098,33.6937,,2.01447
18.3203,69.1933,30.4827,,0.915697
18.3403,69.8421,25.8178,,-0.212403
18.3603,68.2348,19.0742,,-1.33482
18.3803,64.4215,10.0055,,-2.41351
18.4003,58.5279,-0.17717,,-3.41535
18.4203,50.7405,-9.67338,,-4.30624
18.4403,41.3151,-17.6757,,-5.05723
18.4603,30.5524,-24.1507,,-5.64602
18.4803,18.8044,-29.2025,,-6.05114
18.5003,6.44796,-32.9718,,-6.26125
18.5203,-6.11613,-35.6152,,-6.26898
18.5403,-18.4825,-37.3426,,-6.07398
18.5603,-30.2512,-38.2849,,-5.68273
18.5803,-41.0431,-38.5018,,-5.10916
18.6003,-50.5079,-38.0505,,-4.36735
18.6203,-5.83E+01,-36.938,,-3.48751
18.6403,-64.2887,-35.1114,,-2.49429
18.6603,-68.1591,-32.3849,,-1.41971
18.6803,-69.8279,-28.4515,,-3.00E-01
18.7003,-69.2413,-22.7406,,8.29E-01
18.7203,-66.4167,-14.6829,,1.93E+00
18.7403,-61.4467,-4.7654,,2.97E+00
18.7603,-54.4893,5.21349,,3.91771
18.7803,-45.7723,13.9338,,4.73571
18.8003,-35.5752,21.0983,,5.40113
18.8203,-24.2278,26.7816,,5.8907
18.8403,-12.0991,31.1068,,6.1906
18.8603,0.420944,34.2509,,6.29087
18.8803,12.9271,36.372,,6.18698
18.9003,25.0156,37.6458,,5.88412
18.9203,36.2953,38.1828,,5.39014
18.9403,46.4017,38.0385,,4.72268
18.9603,55.01,37.2357,,3.90285
18.9803,61.8402,35.7269,,2.95665
19.0003,66.6717,33.4428,,1.91415
19.0203,69.3502,30.1155,,0.811981
19.0403,69.7877,25.2881,,-0.319249
19.0603,67.9707,18.3125,,-1.43774
19.0803,63.9571,9.05922,,-2.51121
19.1003,57.8777,-1.12115,,-3.50347
19.1203,49.9255,-10.4973,,-4.38287
19.1403,40.3605,-18.3698,,-5.11948
19.1603,29.4915,-24.7071,,-5.69174
19.1803,17.6695,-29.6337,,-6.07928
19.2003,5.27703,-33.2758,,-6.27051
19.2203,-7.28601,-35.8408,,-6.25923
19.2403,-19.6131,-37.4839,,-6.04559
19.2603,-31.3068,-38.3426,,-5.63669
19.2803,-41.9875,-38.4945,,-5.04541
19.3003,-51.3125,-37.9869,,-4.29192
19.3203,-58.9789,-36.8108,,-3.39882
19.3403,-64.7405,-34.8953,,-2.39629
19.3603,-68.4092,-32.0783,,-1.31744
19.3803,-69.8696,-28.0085,,-0.194791
19.4003,-69.0716,-22.0846,,0.934541
19.4203,-66.0419,-13.8055,,2.03242
19.4403,-60.8786,-3.80095,,3.06515
19.4603,-53.7473,6.10626,,4.0003
19.4803,-44.878,14.689,,4.80538
19.5003,-34.5583,21.7209,,5.45408
19.5203,-23.1224,27.2676,,5.92752
19.5403,-10.9397,31.4805,,6.20856
19.5603,1.59613,34.5172,,6.28953
19.5803,14.0802,36.5466,,6.16724
19.6003,26.1095,37.7464,,5.84564
19.6203,37.2944,38.2048,,5.33505
19.6403,47.2746,37.9981,,4.65192
19.6603,55.7266,37.1295,,3.81946
19.6803,62.3785,35.5629,,2.86247
19.7003,67.0155,33.1776,,1.81412
19.7203,69.4869,29.7343,,0.705894
19.7403,69.712,24.7401,,-4.25E-01
19.7603,67.6864,17.5322,,-1.54E+00
19.7803,63.4747,8.10934,,-2.61E+00
19.8003,57.2098,-2.06764,,-3.59087
19.8203,49.0959,-11.3158,,-4.45805
19.8403,39.3948,-19.0419,,-5.18088
19.8603,28.4214,-25.2536,,-5.74E+00
19.8803,16.5298,-30.0523,,-6.11E+00
19.9003,4.10443,-33.5918,,-6.28E+00
19.9203,-8.45383,-36.0543,,-6.25E+00
19.9403,-20.7384,-37.6096,,-6.02E+00
19.9603,-32.3529,-38.4005,,-5.59E+00
19.9803,-42.9214,-38.4886,,-4.98E+00
20.0003,-52.1038,-37.919,,-4.21E+00
20.0203,-59.6022,-36.6689,,-3.31E+00
20.0403,-65.1745,-34.6815,,-2.30E+00
20.0603,-68.6408,-31.7675,,-1.21E+00
20.0803,-69.8908,-27.5449,,-8.91E-02
20.1003,-68.8822,-21.4098,,1.04E+00
20.1203,-65.6484,-12.9144,,2.13E+00
20.1403,-60.292,-2.83253,,3.16E+00
20.1603,-52.9877,6.98188,,4.08E+00
20.1803,-43.9703,15.4314,,4.87E+00
20.2003,-33.5319,22.3161,,5.51E+00
20.2203,-22.0101,27.7433,,5.96E+00
20.2403,-9.77757,31.8387,,6.22E+00
20.2603,2.77088,34.7669,,6.29E+00
20.2803,15.2293,36.7157,,6.15E+00
20.3003,27.196,37.8352,,5.81E+00
20.3203,38.283,38.2306,,5.28E+00
20.3403,48.1333,37.9664,,4.58E+00
20.3603,56.4284,37.0218,,3.74E+00
20.3803,62.8994,35.3756,,2.77E+00
20.4003,67.339,32.9141,,1.71E+00
20.4203,69.6033,29.3515,,6.01E-01
20.4403,69.6185,24.1675,,-5.30E-01
20.4603,67.3842,16.734,,-1.64E+00
20.4803,62.9734,7.15294,,-2.70E+00
20.5003,56.5253,-2.99439,,-3.68E+00
20.5203,48.2526,-12.1202,,-4.53E+00
20.5403,38.4189,-19.7138,,-5.23953
20.5603,27.3438,-25.7888,,-5.77894
20.5803,15.3851,-30.461,,-6.12991
20.6003,2.9306,-33.8899,,-6.28405
20.6203,-9.6191,-36.2623,,-6.23444
20.6403,-21.8574,-37.7407,,-5.98343
20.6603,-33.3896,-38.4561,,-5.53984
20.6803,-43.8431,-38.4692,,-4.91682
20.7003,-52.8794,-37.8364,,-4.13439
20.7203,-60.2072,-36.5266,,-3.21891
20.7403,-65.5887,-34.4579,,-2.19936
20.7603,-68.8522,-31.434,,-1.10953
20.7803,-69.8918,-27.0627,,1.67E-02
20.8003,-68.6731,-20.7242,,1.14E+00
20.8203,-65.2353,-12.0168,,2.23E+00
20.8403,-59.6892,-1.87153,,3.25E+00
20.8603,-52.2136,7.8519,,4.16088
20.8803,-43.0506,16.1559,,4.93867
20.9003,-32.4964,22.9139,,5.55647
20.9203,-20.8919,28.2073,,5.99501
20.9403,-8.61253,32.1903,,6.2391
20.9603,3.94467,35.0188,,6.28222
20.9803,16.3742,36.8769,,6.12223
21.0003,28.2744,37.917,,5.76388
21.0203,39.2611,38.2515,,5.22037
21.0403,48.9787,37.9191,,4.50694
21.0603,57.1136,36.9074,,3.64935
21.0803,63.4035,35.1926,,2.67249
21.1003,67.6445,32.6416,,1.6097
21.1203,69.7003,28.948,,0.495703
21.1403,69.5039,23.5756,,-0.635464
21.1603,67.0625,15.9166,,-1.74369
21.1803,62.4543,6.19888,,-2.7994
21.2003,55.8256,-3.92442,,-3.76262
21.2203,47.3955,-12.9154,,-4.60397
21.2403,37.4321,-20.3558,,-5.29784
21.2603,26.2583,-26.313,,-5.81976
21.2803,14.2372,-30.8672,,-6.15292
21.3003,1.75594,-34.1814,,-6.28816
21.3203,-10.7817,-36.4549,,-6.21913
21.3403,-22.9707,-37.8621,,-5.95046
21.3603,-34.4174,-38.5109,,-5.4887
21.3803,-44.7522,-38.4583,,-4.85015
21.4003,-53.6403,-37.7507,,-4.05462
21.4203,-60.7955,-36.3755,,-3.12689
21.4403,-65.9854,-34.2346,,-2.10018
21.4603,-69.0442,-31.0972,,-1.00521
21.4803,-69.8727,-26.5666,,0.123078
21.5003,-68.4449,-20.0121,,1.24538
21.5203,-64.804,-11.0992,,2.33059
21.5403,-59.0693,-0.904148,,3.33909
21.5603,-51.4248,8.71275,,4.23942
21.5803,-42.1186,16.8718,,5.0037
21.6003,-31.4508,23.4903,,5.60581
21.6203,-19.7671,28.6694,,6.02561
21.6403,-7.44482,32.5363,,6.25196
21.6603,5.11747,35.2548,,6.27574
21.6803,17.5145,37.0291,,6.09699
21.7003,29.345,38.0056,,5.72049
21.7203,40.2273,38.2745,,5.16005
21.7403,49.8096,37.865,,4.43332
21.7603,57.7827,36.7928,,3.56203
21.7803,63.8883,35.0078,,2.57642
21.8003,67.9295,32.3697,,1.50758
21.8203,69.7779,28.5279,,3.90E-01
21.8403,69.3697,22.967,,-7.41E-01
21.8603,66.7223,15.0839,,-1.85E+00
21.8803,61.9179,5.23791,,-2.89E+00
21.9003,55.1133,-4.83739,,-3.84767
21.9203,46.525,-13.7004,,-4.67544
21.9403,36.4344,-21.0031,,-5.35423
21.9603,25.1654,-26.8176,,-5.85926
21.9803,13.0843,-31.2653,,-6.17392
22.0003,0.580716,-34.4746,,-6.29013
22.0203,-11.9414,-36.6492,,-6.20262
22.0403,-24.0772,-37.9728,,-5.9151
22.0603,-35.4357,-38.5579,,-5.43645
22.0803,-45.6485,-38.4499,,-4.78225
22.1003,-54.3862,-37.6751,,-3.97291
22.1203,-61.3669,-36.2231,,-3.03501
22.1403,-66.3641,-33.9945,,-2.00029
22.1603,-69.2181,-30.7569,,-0.900755
22.1803,-69.8352,-26.0686,,0.228691
22.2003,-68.1962,-19.2717,,1.34982
22.2203,-64.355,-10.1659,,2.42759
22.2403,-58.4329,0.0380059,,3.4287
22.2603,-50.6215,9.55548,,4.3176
22.2803,-41.1739,17.5773,,5.06698
22.3003,-30.3967,24.0601,,5.65251
22.3203,-18.6372,29.1114,,6.05529
22.3403,-6.27525,32.8633,,6.26291
22.3603,6.28877,35.4873,,6.26732
22.3803,18.6496,37.1754,,6.06999
22.4003,30.4071,38.0889,,5.67594
22.4203,41.1821,38.2818,,5.09881
22.4403,50.6268,37.803,,4.35725
22.4603,58.4353,36.6694,,3.47436
22.4803,64.3559,34.8158,,2.47981
22.5003,68.1962,32.0752,,1.40429
22.5203,69.8352,28.0962,,0.285586
22.5403,69.2161,22.3455,,-0.845548
22.5603,66.3623,14.2288,,-1.94653
22.5803,61.3641,4.26595,,-2.9859
22.6003,54.3818,-5.73576,,-3.93056
22.6203,45.6409,-14.4636,,-4.74676
22.6403,35.4255,-21.6343,,-5.40812
22.6603,24.0657,-27.3237,,-5.89681
22.6803,11.9281,-31.6392,,-6.19348
22.7003,-0.59439,-34.7451,,-6.29053
22.7203,-13.0975,-36.8395,,-6.18442
22.7403,-25.1771,-38.0876,,-5.87819
22.7603,-36.4431,-38.5948,,-5.38245
22.7803,-46.5304,-38.4236,,-4.71158
22.8003,-55.1156,-37.5841,,-3.89063
22.8203,-61.9193,-36.0609,,-2.94226
22.8403,-66.723,-33.755,,-1.90045
22.8603,-69.3712,-30.4078,,-0.795796
22.8803,-69.7783,-25.5358,,3.34E-01
22.9003,-67.9291,-18.5167,,1.45E+00
22.9203,-63.8866,-9.23296,,2.53E+00
22.9403,-57.7799,0.983151,,3.51608
22.9603,-49.8038,10.3883,,4.39437
22.9803,-40.2186,18.2742,,5.12873
23.0003,-29.3339,24.6239,,5.70E+00
23.0203,-17.5016,29.5447,,6.08E+00
23.0403,-5.10395,33.1853,,6.27E+00
23.0603,7.45834,35.7216,,6.26E+00
23.0803,19.7793,37.3281,,6.04E+00
23.1003,31.4608,38.1557,,5.63E+00
23.1203,42.1265,38.2858,,5.04E+00
23.1403,51.4306,37.7502,,4.28E+00
23.1603,59.0725,36.5534,,3.39E+00
23.1803,64.8063,34.6143,,2.38E+00
23.2003,68.4447,31.7707,,1.30E+00
23.2203,69.8739,27.6652,,1.79E-01
23.2403,69.0443,21.6991,,-9.50E-01
23.2603,65.9842,13.3535,,-2.05E+00
23.2803,60.7928,3.30104,,-3.08E+00
23.3003,53.6356,-6.62658,,-4.01E+00
23.3203,44.7443,-15.213,,-4.81E+00
23.3403,34.4072,-22.2549,,-5.46E+00
23.3603,22.9588,-27.8164,,-5.93E+00
23.3803,10.7684,-32.0144,,-6.21E+00
23.4003,-1.7695,-35.0137,,-6.29E+00
23.4203,-14.25,-37.0228,,-6.16E+00
23.4403,-26.2701,-38.188,,-5.84E+00
23.4603,-37.4404,-38.6323,,-5.33E+00
23.4803,-47.4016,-38.3928,,-4.64E+00
23.5003,-55.8306,-37.4943,,-3.81E+00
23.5203,-62.4558,-35.8979,,-2.85E+00
23.5403,-67.0632,-33.5009,,-1.80E+00
23.5603,-69.5045,-30.0298,,-6.91E-01
23.5803,-69.7002,-24.9878,,4.39E-01
23.6003,-67.6434,-17.7439,,1.56E+00
23.6203,-63.4008,-8.27916,,2.62E+00
23.6403,-57.1101,1.92388,,3.60E+00
23.6603,-48.9719,11.2042,,4.47E+00
23.6803,-39.2524,18.9487,,5.18896
23.7003,-28.2631,25.1745,,5.74266
23.7203,-16.3616,29.9818,,6.10924
23.7403,-3.93126,33.4929,,6.27908
23.7603,8.62584,35.9306,,6.24606
23.7803,20.9037,37.4725,,6.01086
23.8003,32.5062,38.228,,5.58194
23.8203,43.0577,38.2815,,4.97183
23.8403,52.2189,37.6872,,4.20261
23.8603,59.6927,36.4302,,3.29649
23.8803,65.2371,34.4084,,2.28313
23.9003,68.672,31.4569,,1.19775
23.9203,69.8916,27.2061,,7.38E-02
23.9403,68.8513,21.0329,,-1.05E+00
23.9603,65.5876,12.4649,,-2.15E+00
23.9803,60.2043,2.33582,,-3.17E+00
24.0003,52.8745,-7.504,,-4.09271
24.0203,43.8355,-15.9567,,-4.88248
24.0403,33.3797,-22.87,,-5.51406
24.0603,21.8454,-28.3034,,-5.96663
24.0803,9.60583,-32.3709,,-6.22719
24.1003,-2.94404,-35.2673,,-6.28605
24.1203,-15.3988,-37.1971,,-6.14228
24.1403,-27.3552,-38.2934,,-5.79953
24.1603,-38.4284,-38.6608,,-5.27021
24.1803,-48.259,-38.3516,,-4.56891
24.2003,-56.5302,-37.3986,,-3.72222
24.2203,-62.9763,-35.7373,,-2.75427
24.2403,-67.3855,-33.2405,,-1.69709
24.2603,-69.6183,-29.642,,-0.585055
24.2803,-69.6031,-24.4253,,0.545114
24.3003,-67.3379,-16.9515,,1.65763
24.3203,-62.8983,-7.32631,,2.71723
24.3403,-56.4254,2.86284,,3.6911
24.3603,-48.1261,12.0101,,4.54191
24.3803,-38.2737,19.6213,,5.24891
24.4003,-27.1841,25.7155,,5.78419
24.4203,-15.2166,30.3892,,6.13405
24.4403,-2.75719,33.8069,,6.28443
24.4603,9.79077,36.1459,,6.23222
24.4803,22.0219,37.6025,,5.97868
24.5003,33.5418,38.2848,,5.53261
24.5203,43.9787,38.2814,,4.90745
24.5403,52.9927,37.6252,,4.12193
24.5603,60.2951,36.2863,,3.20639
24.5803,65.6503,34.188,,2.18478
24.6003,68.8821,31.1459,,1.094
24.6203,69.8905,26.7379,,-0.0325241
24.6403,68.6408,20.3394,,-1.15815
24.6603,65.1722,11.5532,,-2.24641
24.6803,59.5988,1.3797,,-3.26239
24.7003,52.0974,-8.36489,,-4.17247
24.7203,42.9141,-16.6928,,-4.9482
24.7403,32.3425,-23.4677,,-5.56416
24.7603,20.7261,-28.768,,-5.99917
24.7803,8.44056,-32.7188,,-6.24113
24.8003,-4.11785,-35.5237,,-6.28169
24.8203,-16.5428,-37.3655,,-6.11821
24.8403,-28.433,-38.3832,,-5.75821
24.8603,-39.4046,-38.6865,,-5.21145
24.8803,-49.1028,-38.313,,-4.49593
24.9003,-57.2138,-37.2893,,-3.63636
24.9203,-63.4765,-35.5611,,-2.65828
24.9403,-67.6878,-32.9703,,-1.59508
24.9603,-69.7127,-29.246,,-4.80E-01
24.9803,-69.4852,-23.8454,,6.50E-01
25.0003,-67.0134,-16.1349,,1.76E+00
25.0203,-62.3767,-6.36204,,2.81E+00
25.0403,-55.7227,3.7846,,3.77526
25.0603,-47.2676,12.8023,,4.61536
25.0803,-37.2853,20.2778,,5.3064
25.1003,-26.0977,26.2476,,5.8253
25.1203,-14.0671,30.7985,,6.15605
25.1403,-1.58266,34.1005,,6.28832
25.1603,10.9529,36.3484,,6.21704
25.1803,23.1346,37.726,,5.94568
25.2003,34.5685,38.3483,,5.48096
25.2203,44.8847,38.2706,,4.83979
25.2403,53.752,37.5421,,4.04299
25.2603,60.881,36.1491,,3.11401
25.2803,66.0435,33.9729,,2.08499
25.3003,69.0709,30.8128,,0.989808
25.3203,69.8687,26.24,,-0.138324
25.3403,68.4094,19.6237,,-1.26178
25.3603,64.7392,10.6466,,-2.34437
25.3803,58.9759,0.418851,,-3.3523
25.4003,51.3073,-9.2294,,-4.25104
25.4203,41.98,-17.4099,,-5.0138
25.4403,31.2955,-24.0484,,-5.61227
25.4603,19.6004,-29.2252,,-6.03034
25.4803,7.27257,-33.075,,-6.25352
25.5003,-5.29042,-35.7717,,-6.27483
25.5203,-17.6821,-37.5191,,-6.09264
25.5403,-29.5023,-38.4777,,-5.71477
25.5603,-40.369,-38.7084,,-5.15037
25.5803,-49.9313,-38.2729,,-4.42286
25.6003,-57.8811,-37.1805,,-3.5494
25.6203,-63.9602,-35.3769,,-2.56227
25.6403,-67.9718,-32.7051,,-1.49186
25.6603,-69.7878,-28.8412,,-0.375245
25.6803,-69.3487,-23.2343,,0.756371
25.7003,-66.6702,-15.2973,,1.86038
25.7203,-61.838,-5.40365,,2.90692
25.7403,-55.005,4.6906,,3.85985
25.7603,-46.3947,13.5896,,4.68602
25.7803,-36.2857,20.9269,,5.36227
25.8003,-25.0039,26.7536,,5.86455
25.8203,-12.9141,31.1971,,6.1769
25.8403,-0.407515,34.3902,,6.29037
25.8603,12.1122,36.543,,6.20027
25.8803,24.24,37.8457,,5.9099
25.9003,35.5848,38.4015,,5.42831
25.9203,45.7792,38.2592,,4.77153
25.9403,54.4944,37.461,,3.96071
25.9603,61.4494,35.9994,,3.02238
25.9803,66.4186,33.7447,,1.98516
26.0003,69.2411,30.4691,,0.885215
26.0203,69.8278,25.7316,,-2.44E-01
26.0403,68.1582,18.8922,,-1.37E+00
26.0603,64.2865,9.71783,,-2.44E+00
26.0803,58.338,-0.541615,,-3.4405
26.1003,50.5019,-10.0736,,-4.32961
26.1203,41.034,-18.1174,,-5.07572
26.1403,30.2406,-24.6288,,-5.65993
26.1603,18.4697,-29.6746,,-6.06E+00
26.1803,6.10266,-33.4061,,-6.26E+00
26.2003,-6.46158,-36.0097,,-6.27E+00
26.2203,-18.8167,-37.6779,,-6.07E+00
26.2403,-30.5636,-38.5547,,-5.67E+00
26.2603,-41.3223,-38.7241,,-5.09E+00
26.2803,-50.7468,-38.231,,-4.35E+00
26.3003,-58.531,-37.0634,,-3.46E+00
26.3203,-64.4239,-35.1843,,-2.47E+00
26.3403,-68.2356,-32.4184,,-1.39E+00
26.3603,-69.8422,-28.4219,,-2.69E-01
26.3803,-69.192,-22.6064,,8.60E-01
26.4003,-66.3086,-14.4381,,1.96E+00
26.4203,-61.2811,-4.44515,,3.00E+00
26.4403,-54.2718,5.59503,,3.94E+00
26.4603,-45.509,14.3658,,4.76E+00
26.4803,-35.2759,21.5647,,5.42E+00
26.5003,-23.903,27.2634,,5.90E+00
26.5203,-11.7573,31.5756,,6.20E+00
26.5403,0.767776,34.6703,,6.29E+00
26.5603,13.2678,36.7449,,6.18E+00
26.5803,25.3388,37.9599,,5.87E+00
26.6003,36.5908,38.4376,,5.37E+00
26.6203,46.6612,38.2392,,4.70E+00
26.6403,55.223,37.3868,,3.88E+00
26.6603,62.0005,35.8435,,2.93E+00
26.6803,66.7752,33.5036,,1.88E+00
26.7003,69.3919,30.1144,,7.81E-01
26.7203,69.7688,25.2141,,-3.49E-01
26.7403,67.8887,18.1366,,-1.47E+00
26.7603,63.8164,8.77103,,-2.54E+00
26.7803,57.6825,-1.49129,,-3.53E+00
26.8003,49.6821,-10.9076,,-4.41E+00
26.8203,40.0771,-18.8123,,-5.13779
26.8403,29.1766,-25.1893,,-5.70509
26.8603,17.3334,-30.1205,,-6.08709
26.8803,4.93111,-33.7346,,-6.27295
26.9003,-7.63081,-36.2382,,-6.2561
26.9203,-19.9458,-37.8245,,-6.03688
26.9403,-31.6162,-38.6323,,-5.62281
26.9603,-42.2654,-38.7431,,-5.0273
26.9803,-51.5477,-38.1705,,-4.26759
27.0003,-59.1636,-36.9397,,-3.37368
27.0203,-64.8712,-34.9948,,-2.36776
27.0403,-68.4805,-32.1213,,-1.28638
27.0603,-69.8788,-27.978,,-1.63E-01
27.0803,-69.0166,-21.9635,,9.66E-01
27.1003,-65.9272,-13.5751,,2.06E+00
27.1203,-60.7063,-3.47176,,3.09E+00
27.1403,-53.5244,6.49161,,4.02356
27.1603,-44.6112,15.1169,,4.82483
27.1803,-34.2566,22.183,,5.47014
27.2003,-22.7947,27.7632,,5.93792
27.2203,-10.5971,31.9542,,6.21336
27.2403,1.94283,34.9361,,6.28885
27.2603,14.4197,36.9211,,6.16101
27.2803,26.4308,38.0715,,5.83408
27.3003,37.5871,38.4831,,5.31839
27.3203,47.5297,38.2119,,4.63149
27.3403,55.9353,37.2998,,3.79309
27.3603,62.5336,35.6873,,2.83555
27.3803,67.1127,33.2567,,1.78369
27.4003,69.5225,29.7429,,0.675384
27.4203,69.6871,24.6661,,-0.455259
27.4403,67.6001,17.3602,,-1.57054
27.4603,63.3289,7.8196,,-2.63647
27.4803,57.0094,-2.43225,,-3.61673
27.5003,48.8474,-11.7293,,-4.48077
27.5203,39.1083,-19.5059,,-5.19677
27.5403,28.1048,-25.7494,,-5.7488
27.5603,16.1928,-30.5477,,-6.1132
27.5803,3.75797,-34.0478,,-6.27985
27.6003,-8.79788,-36.4586,,-6.24413
27.6203,-21.0692,-37.9719,,-6.00645
27.6403,-32.6599,-38.704,,-5.57431
27.6603,-43.1953,-38.7408,,-4.963
27.6803,-52.3333,-38.1113,,-4.18937
27.7003,-59.781,-36.8257,,-3.28363
27.7203,-65.298,-34.7889,,-2.2695
27.7403,-68.706,-31.8098,,-1.18276
27.7603,-69.8927,-27.5231,,-0.0575395
27.7803,-68.8214,-21.2932,,1.06944
27.8003,-65.5276,-12.682,,2.16195
27.8203,-60.1158,-2.50515,,3.18404
27.8403,-52.7615,7.37262,,4.10469
27.8603,-43.701,15.8688,,4.89279
27.8803,-33.2272,22.8001,,5.52121
27.9003,-21.6805,28.2443,,5.97181
27.9203,-9.43401,32.3188,,6.22899
27.9403,3.11728,35.2012,,6.28559
27.9603,15.5678,37.0969,,6.13892
27.9803,27.5149,38.1658,,5.79364
28.0003,38.5726,38.5159,,5.2605
28.0203,48.3835,38.1872,,4.55918
28.0403,56.632,37.1945,,3.70986
28.0603,63.0498,35.5128,,2.73961
28.0803,67.4313,33.0066,,1.68244
28.1003,69.6339,29.3677,,0.569589
28.1203,69.5864,24.0944,,-5.60E-01
28.1403,67.2921,16.5502,,-1.67E+00
28.1603,62.8215,6.87189,,-2.73E+00
28.1803,56.3224,-3.35724,,-3.70255
28.2003,48.0019,-12.5413,,-4.5533
28.2203,38.1292,-20.185,,-5.25725
28.2403,27.0248,-26.2853,,-5.79069
28.2603,15.0474,-30.9608,,-6.13749
28.2803,2.58386,-34.3578,,-6.2854
28.3003,-9.96256,-36.6804,,-6.2303
28.3203,-22.1868,-38.1067,,-5.97374
28.3403,-33.6944,-38.7607,,-5.52483
28.3603,-44.1135,-38.7354,,-4.89773
28.3803,-53.105,-38.0536,,-4.10969
28.4003,-60.3826,-36.6885,,-3.19357
28.4203,-65.7088,-34.5733,,-2.17004
28.4403,-68.9118,-31.4965,,-1.07837
28.4603,-69.8888,-27.0494,,0.0480415
28.4803,-68.6071,-20.6016,,1.17374
28.5003,-65.1098,-11.7775,,2.26038
28.5203,-59.5077,-1.5397,,3.27533
28.5403,-51.9824,8.24409,,4.18497
28.5603,-42.777,16.6081,,4.9576
28.5803,-32.1888,23.4005,,5.57117
28.6003,-20.5607,28.7147,,6.00436
28.6203,-8.2681,32.676,,6.24306
28.6403,4.29095,35.4642,,6.28044
28.6603,1.67E+01,37.272,,6.11496
28.6803,28.5911,38.2632,,5.75134
28.7003,39.547,38.5406,,5.20229
28.7203,49.2258,38.1562,,4.48631
28.7403,57.3132,37.102,,3.62284
28.7603,63.5487,35.3411,,2.64441
28.7803,67.7309,32.7383,,1.57971
28.8003,69.7247,28.9769,,0.46426
28.8203,69.4663,23.5093,,-0.665087
28.8403,66.9646,15.7293,,-1.77505
28.8603,62.2976,5.90784,,-2.82694
28.8803,55.6165,-4.28527,,-3.78755
28.9003,47.1405,-13.3391,,-4.62532
28.9203,37.1381,-20.846,,-5.31477
28.9403,25.937,-26.8182,,-5.83096
28.9603,13.8977,-31.3663,,-6.15982
28.9803,1.40919,-34.6582,,-6.28891
29.0003,-11.1242,-36.8882,,-6.21448
29.0203,-23.2982,-38.2266,,-5.94028
29.0403,-34.7193,-38.8213,,-5.47351
29.0603,-45.017,-38.7362,,-4.8295
29.0803,-53.8618,-37.9802,,-4.03089
29.1003,-60.9656,-36.547,,-3.10007
29.1203,-66.0993,-34.3591,,-2.07145
29.1403,-69.0987,-31.1742,,-0.974138
29.1603,-69.8651,-26.5569,,1.54E-01
29.1803,-68.3727,-19.8871,,1.28E+00
29.2003,-64.674,-10.8577,,2.36E+00
29.2203,-58.8839,-0.581739,,3.37E+00
29.2403,-51.1895,9.10776,,4.26287
29.2603,-41.8417,17.3323,,5.02221
29.2803,-31.1413,23.9925,,5.61957
29.3003,-19.434,29.1793,,6.04E+00
29.3203,-7.09994,33.0294,,6.26E+00
29.3403,5.46327,35.7082,,6.27E+00
29.3603,17.8499,37.43,,6.09E+00
29.3803,29.66,38.3497,,5.71E+00
29.4003,40.5105,38.5673,,5.14E+00
29.4203,50.0522,38.1196,,4.41E+00
29.4403,57.9781,36.9953,,3.54E+00
29.4603,64.0293,35.1594,,2.55E+00
29.4803,68.0112,32.4652,,1.48E+00
29.5003,69.7968,28.5687,,3.59E-01
29.5203,69.3269,22.9054,,-7.71E-01
29.5403,66.6188,14.8904,,-1.88E+00
29.5603,61.757,4.94217,,-2.92E+00
29.5803,54.8973,-5.19687,,-3.87E+00
29.6003,46.2651,-14.1237,,-4.70E+00
29.6203,36.1374,-21.4954,,-5.37E+00
29.6403,24.8417,-27.3408,,-5.87E+00
29.6603,12.7434,-31.7625,,-6.18E+00
29.6803,0.234042,-34.9471,,-6.29E+00
29.7003,-12.2828,-37.0836,,-6.20E+00
29.7203,-24.4028,-38.3484,,-5.90E+00
29.7403,-35.7339,-38.8749,,-5.42E+00
29.7603,-45.9098,-38.7222,,-4.76E+00
29.7803,-54.6041,-37.9092,,-3.95E+00
29.8003,-61.5312,-36.3972,,-3.01E+00
29.8203,-66.4721,-34.1235,,-1.97E+00
29.8403,-69.2647,-30.8291,,-8.70E-01
29.8603,-69.8206,-26.0563,,2.60E-01
29.8803,-68.1196,-19.1429,,1.38E+00
29.9003,-64.2188,-9.91627,,2.46E+00
29.9203,-58.2413,0.367778,,3.45E+00
29.9403,-50.3824,9.95491,,4.34E+00
29.9603,-40.8935,18.0546,,5.08589
29.9803,-30.0842,24.5784,,5.66541
30.0003,-18.3032,29.6241,,6.06443
30.0203,-5.92984,33.3581,,6.26556
30.0403,6.63404,35.949,,6.26472
30.0603,18.9835,37.594,,6.06137
30.0803,30.7191,38.4344,,5.66279
30.1003,41.463,38.5828,,5.08137
30.1203,50.8659,38.0653,,4.33388
30.1403,58.6253,36.8863,,3.44864
30.1603,64.4912,34.977,,2.45116
30.1803,68.2722,32.1788,,1.37388
30.2003,69.8483,28.1398,,2.53E-01
30.2203,69.1679,22.2773,,-8.75E-01
30.2403,66.2523,14.0366,,-1.98E+00
30.2603,61.1978,3.97584,,-3.01E+00
30.2803,54.1638,-6.11517,,-3.955
30.3003,45.3776,-14.9018,,-4.76703
30.3203,35.1255,-22.1325,,-5.42452
30.3403,23.7393,-27.8491,,-5.9073
30.3603,11.5862,-32.155,,-6.1989
30.3803,-0.941253,-35.2259,,-6.29027
30.4003,-13.4383,-37.2701,,-6.17877
30.4203,-25.5004,-38.4703,,-5.86669
30.4403,-36.7383,-38.9227,,-5.36639
30.4603,-46.7897,-38.7022,,-4.69155
30.4803,-55.3292,-37.8216,,-3.86603
30.5003,-62.0814,-36.2508,,-2.91528
30.5203,-66.8256,-33.8894,,-1.86856
30.5403,-69.4118,-30.4668,,-0.76573
30.5603,-69.7571,-25.5249,,0.364659
30.5803,-67.8474,-18.3886,,1.48416
30.6003,-63.7448,-8.97782,,2.55434
30.6203,-57.5831,1.32881,,3.54171
30.6403,-49.5602,10.8004,,4.41598
30.6603,-39.9348,18.7459,,5.14708
30.6803,-29.0189,25.144,,5.71167
30.7003,-17.1654,30.0721,,6.09094
30.7203,-4.75804,33.6925,,6.27389
30.7403,7.80309,36.1813,,6.25462
30.7603,20.1121,37.7327,,6.0324
30.7803,31.7708,38.5158,,5.6161
30.8003,42.4031,38.6031,,5.01748
30.8203,51.6646,38.0111,,4.25666
30.8403,59.2563,36.7637,,3.36038
30.8603,64.9365,34.78,,2.35347
30.8803,68.5152,31.8896,,1.27046
30.9003,69.8805,27.6999,,0.147118
30.9203,68.9885,21.6248,,-0.980098
30.9403,65.8698,13.1544,,-2.07657
30.9603,60.6211,3.00248,,-3.10572
30.9803,53.4131,-7.001,,-4.03699
31.0003,44.478,-15.6644,,-4.83496
31.0203,34.1051,-22.7646,,-5.47732
31.0403,22.631,-28.3467,,-5.94303
31.0603,10.4255,-32.5253,,-6.21616
31.0803,-2.11626,-35.4985,,-6.2883
31.1003,-14.5894,-37.4641,,-6.15775
31.1203,-26.5912,-38.5755,,-5.82798
31.1403,-37.7335,-38.9572,,-5.31045
31.1603,-47.6563,-38.6816,,-4.62042
31.1803,-56.0395,-37.7381,,-3.78172
31.2003,-62.6119,-36.0925,,-2.82128
31.2203,-67.161,-33.638,,-1.76774
31.2403,-69.5397,-30.1131,,-0.660476
31.2603,-69.6735,-24.9785,,4.71E-01
31.2803,-67.5549,-17.604,,1.59E+00
31.3003,-63.2542,-8.02006,,2.65E+00
31.3203,-56.9085,2.2775,,3.62897
31.3403,-48.7237,11.6252,,4.49094
31.3603,-38.9643,19.4396,,5.20669
31.3803,-27.9456,25.7022,,5.75467
31.4003,-16.0244,30.5095,,6.1169
31.4203,-3.58507,34.0118,,6.28084
31.4403,8.96975,36.3986,,6.24214
31.4603,21.2345,37.8809,,6.00145
31.4803,32.8127,38.5889,,5.56769
31.5003,43.3303,38.6029,,4.95267
31.5203,52.4482,37.9602,,4.17852
31.5403,59.8715,36.6379,,3.27001
31.5603,65.3595,34.5761,,2.25501
31.5803,68.7371,31.5811,,1.16697
31.6003,69.8936,27.2411,,0.0426201
31.6203,68.7913,20.9495,,-1.08503
31.6403,65.4664,12.2612,,-2.17679
31.6603,60.0271,2.03318,,-3.19765
31.6803,52.647,-7.89369,,-4.11664
31.7003,43.5649,-16.4242,,-4.9018
31.7203,33.075,-23.3773,,-5.52862
31.7403,21.5154,-28.824,,-5.97715
31.7603,9.26211,-32.8989,,-6.23113
31.7803,-3.29054,-35.7732,,-6.28498
31.8003,-15.7368,-37.6329,,-6.13547
31.8203,-27.6744,-38.6709,,-5.78748
31.8403,-38.7174,-39.0018,,-5.25268
31.8603,-48.509,-38.6579,,-4.54748
31.8803,-56.7324,-37.634,,-3.69675
31.9003,-63.1252,-35.9243,,-2.72663
31.9203,-67.4765,-33.3901,,-1.66625
31.9403,-69.6479,-29.7289,,-0.555503
31.9603,-69.571,-24.4014,,0.576528
31.9803,-67.2445,-16.8061,,1.68801
32.0003,-62.7463,-7.06613,,2.74563
32.0203,-56.2194,3.21521,,3.71538
32.0403,-47.8752,12.4446,,4.56432
32.0603,-37.9833,20.1154,,5.26569
32.0803,-26.8647,26.2447,,5.797
32.1003,-14.8777,30.9305,,6.14076
32.1203,-2.41062,34.3162,,6.2855
32.1403,10.134,36.6101,,6.22796
32.1603,22.3512,38.0169,,5.9695
32.1803,33.8455,38.6581,,5.51686
32.2003,44.246,38.5997,,4.88757
32.2203,53.2181,37.888,,4.09892
32.2403,60.4692,36.5092,,3.17894
32.2603,65.7676,34.3687,,2.15573
32.2803,68.9403,31.2559,,1.06315
32.3003,69.8866,26.7668,,-6.30E-02
32.3203,68.5742,20.2549,,-1.19E+00
32.3403,65.0463,11.3455,,-2.27E+00
32.3603,59.4173,1.06269,,-3.29E+00
32.3803,51.8667,-8.76784,,-4.19574
32.4003,42.64,-17.159,,-4.96813
32.4203,32.0343,-23.9893,,-5.57838
32.4403,20.3951,-29.3084,,-6.01E+00
32.4603,8.09605,-33.2539,,-6.25E+00
32.4803,-4.46395,-36.0217,,-6.28E+00
32.5003,-16.8795,-37.8094,,-6.11E+00
32.5203,-28.7493,-38.7697,,-5.75E+00
32.5403,-39.6901,-39.0256,,-5.19E+00
32.5603,-49.3477,-38.6233,,-4.47E+00
32.5803,-57.4115,-37.5422,,-3.61E+00
32.6003,-63.6205,-35.7496,,-2.63E+00
32.6203,-67.773,-33.1177,,-1.56E+00
32.6403,-69.7369,-29.333,,-4.50E-01
32.6603,-69.4477,-23.8247,,6.82E-01
32.6803,-66.9143,-15.9751,,1.79E+00
32.7003,-62.2197,-6.08581,,2.84E+00
32.7203,-55.5138,4.13895,,3.80E+00
32.7403,-47.0114,13.2361,,4.64E+00
32.7603,-36.991,20.7887,,5.32E+00
32.7803,-25.776,26.7903,,5.84E+00
32.8003,-13.7277,31.3359,,6.16E+00
32.8203,-1.23594,34.612,,6.29E+00
32.8403,11.2953,36.8212,,6.21E+00
32.8603,23.4614,38.1518,,5.94E+00
32.8803,34.8694,38.7128,,5.47E+00
32.9003,45.1498,38.5911,,4.82E+00
32.9203,53.9719,37.8241,,4.02E+00
32.9403,61.0511,36.3715,,3.09E+00
32.9603,66.1558,34.1489,,2.06E+00
32.9803,69.1235,30.928,,9.59E-01
33.0003,69.8593,26.273,,-1.69E-01
33.0203,68.3362,19.5384,,-1.29E+00
33.0403,64.6077,10.422,,-2.37E+00
33.0603,58.789,0.0928221,,-3.38E+00
33.0803,51.0712,-9.62939,,-4.27E+00
33.1003,41.702,-17.8869,,-5.0321
33.1203,30.9855,-24.5847,,-5.62638
33.1403,19.2677,-29.7759,,-6.03946
33.1603,6.92742,-33.6003,,-6.25674
33.1803,-5.63617,-36.263,,-6.27251
33.2003,-18.0172,-37.9721,,-6.0848
33.2203,-29.8162,-38.8647,,-5.70127
33.2403,-40.6515,-39.047,,-5.13313
33.2603,-50.1733,-38.5761,,-4.39999
33.2803,-58.0743,-37.4367,,-3.52364
33.3003,-64.098,-35.5773,,-2.53347
33.3203,-68.0508,-32.8406,,-1.4616
33.3403,-69.8054,-28.9133,,-3.44E-01
33.3603,-69.3054,-23.2094,,7.86E-01
33.3803,-66.5658,-15.1361,,1.89E+00
33.4003,-61.6748,-5.12007,,2.93E+00
33.4203,-54.7913,5.06478,,3.8841
33.4403,-46.1359,14.0309,,4.70703
33.4603,-35.9888,21.4425,,5.37891
33.4803,-24.6797,27.3084,,5.87548
33.5003,-12.5733,31.7359,,6.18299
33.5203,-0.0606979,34.9039,,6.29062
33.5403,12.4535,37.0188,,6.19481
33.5603,24.5652,38.2699,,5.89943
33.5803,35.8828,38.7611,,5.41193
33.6003,46.0408,38.5812,,4.75173
33.6203,54.7114,37.7482,,3.93666
33.6403,61.6142,36.2262,,2.99364
33.6603,66.525,33.9183,,1.95673
33.6803,69.2885,30.5839,,0.854027
33.7003,69.8119,25.7622,,-0.275931
33.7203,68.0793,18.7921,,-1.39545
33.7403,64.1499,9.48183,,-2.4704
33.7603,58.1447,-0.868945,,-3.46826
33.7803,50.2612,-10.4825,,-4.35111
33.8003,40.7529,-18.6108,,-5.09404
33.8203,29.9276,-25.1651,,-5.67336
33.8403,18.1348,-30.2339,,-6.06818
33.8603,5.75697,-33.9401,,-6.26671
33.8803,-6.80677,-36.5034,,-6.26343
33.9003,-19.1503,-38.124,,-6.0573
33.9203,-30.875,-38.9522,,-5.65587
33.9403,-41.6023,-39.0678,,-5.07194
33.9603,-50.9847,-38.5269,,-4.32289
33.9803,-58.7196,-37.3233,,-3.43519
34.0003,-64.5573,-35.3903,,-2.437
34.0203,-68.3099,-32.5592,,-1.35905
34.0403,-69.8546,-28.4866,,-0.237576
34.0603,-69.1434,-22.5727,,0.890879
34.0803,-66.1981,-14.2728,,1.99142
34.1003,-61.1143,-4.14726,,3.02731
34.1203,-54.0538,5.97761,,3.96724
34.1403,-45.2463,14.8213,,4.77648
34.1603,-34.976,22.0874,,5.43294
34.1803,-23.5765,27.8154,,5.91267
34.2003,-11.4153,32.1303,,6.20138
34.2203,1.11455,35.1918,,6.29028
34.2403,13.6083,37.2085,,6.17567
34.2603,25.6622,38.3785,,5.86152
34.2803,36.8865,38.8141,,5.35816
34.3003,46.9189,38.5634,,4.68115
34.3203,55.435,37.6614,,3.85268
34.3403,62.1588,36.0752,,2.90069
34.3603,66.8765,33.6847,,1.85653
34.3803,69.433,30.2209,,0.74898
34.4003,69.7456,25.2245,,-3.81E-01
34.4203,67.8048,18.0291,,-1.50E+00
34.4403,63.6743,8.53237,,-2.57E+00
34.4603,57.4855,-1.83148,,-3.55448
34.4803,49.438,-11.3312,,-4.42724
34.5003,39.7924,-19.315,,-5.15658
34.5203,28.8614,-25.7373,,-5.71747
34.5403,16.9978,-30.6774,,-6.09519
34.5603,4.58509,-34.2664,,-6.2752
34.5803,-7.97545,-36.7362,,-6.25268
34.6003,-20.2777,-38.273,,-6.02814
34.6203,-31.9251,-39.0262,,-5.60861
34.6403,-42.5409,-39.0768,,-5.00843
34.6603,-51.7814,-38.4753,,-4.24584
34.6803,-59.3483,-37.2016,,-3.3462
34.7003,-64.9986,-35.1962,,-2.33846
34.7203,-68.5485,-32.2642,,-1.25561
34.7403,-69.8839,-28.0463,,-0.132284
34.7603,-68.9617,-21.9166,,0.995434
34.7803,-65.8115,-13.3873,,2.09159
34.8003,-60.5342,-3.17334,,3.12082
34.8203,-53.3004,6.8798,,4.04677
34.8403,-44.3442,15.5891,,4.84594
34.8603,-33.9537,22.7185,,5.4849
34.8803,-22.4666,28.3238,,5.94795
34.9003,-10.2541,32.5041,,6.21846
34.9203,2.28953,35.4595,,6.28792
34.9403,14.759,37.3981,,6.15474
34.9603,26.7515,38.4952,,5.82219
34.9803,37.8791,38.8513,,5.30167
35.0003,47.7827,38.5376,,4.60958
35.0203,56.1426,37.5812,,3.76987
35.0403,62.689,35.9151,,2.80654
35.0603,67.2084,33.4256,,1.75379
35.0803,69.5576,29.8562,,0.644625
35.1003,69.6588,24.6804,,-0.487958
35.1203,67.51,17.2392,,-1.59957
35.1403,63.1803,7.568,,-2.66469
35.1603,56.8094,-2.77813,,-3.64119
35.1803,48.6003,-12.1612,,-4.50206
35.2003,38.8203,-20.0143,,-5.21649
35.2203,27.7864,-26.2999,,-5.76066
35.2403,15.8554,-31.1045,,-6.12045
35.2603,3.41162,-34.586,,-6.2817
35.2803,-9.14184,-36.9608,,-6.24024
35.3003,-21.3997,-38.4184,,-5.99705
35.3203,-32.9662,-39.0919,,-5.55997
35.3403,-43.4668,-39.0851,,-4.94313
35.3603,-52.5629,-38.4223,,-4.16749
35.3803,-59.9611,-37.0784,,-3.25633
35.4003,-65.4216,-34.9847,,-2.24019
35.4203,-68.768,-31.9526,,-1.15149
35.4403,-69.8934,-27.5885,,-2.65E-02
35.4603,-68.7608,-21.2402,,1.10E+00
35.4803,-65.4058,-12.4863,,2.19E+00
35.5003,-59.9386,-2.19927,,3.21E+00
35.5203,-52.5326,7.771,,4.1281
35.5403,-43.429,16.349,,4.91177
35.5603,-32.9219,23.3457,,5.53632
35.5803,-21.3508,28.8094,,5.98E+00
35.6003,-9.09044,32.8733,,6.23E+00
35.6203,3.46375,35.7254,,6.28E+00
35.6403,15.9057,37.5745,,6.13E+00
35.6603,27.833,38.5932,,5.78E+00
35.6803,38.8612,38.8867,,5.24E+00
35.7003,48.6341,38.5148,,4.54E+00
35.7203,56.8349,37.4835,,3.68E+00
35.7403,63.2003,35.7404,,2.71E+00
35.7603,67.5214,33.1762,,1.65E+00
35.7803,69.6633,29.4713,,5.39E-01
35.8003,69.5535,24.1035,,-5.92E-01
35.8203,67.1963,16.4243,,-1.70E+00
35.8403,62.6692,6.608,,-2.76E+00
35.8603,56.1167,-3.71803,,-3.73E+00
35.8803,47.7483,-12.9888,,-4.58E+00
35.9003,37.8375,-20.6975,,-5.27E+00
35.9203,26.7045,-26.8434,,-5.80E+00
35.9403,14.7084,-31.5274,,-6.14E+00
35.9603,2.2375,-34.9001,,-6.29E+00
35.9803,-10.3056,-37.1775,,-6.23E+00
36.0003,-22.5156,-38.5455,,-5.96E+00
36.0203,-33.9975,-39.1587,,-5.51E+00
36.0403,-44.3802,-39.0929,,-4.88E+00
36.0603,-53.33,-38.3572,,-4.09E+00
36.0803,-60.5564,-36.9408,,-3.16E+00
36.1003,-65.8257,-34.7716,,-2.14E+00
36.1203,-68.9687,-31.638,,-1.05E+00
36.1403,-69.8828,-27.11,,7.96E-02
36.1603,-68.5403,-20.5341,,1.20E+00
36.1803,-64.983,-11.5753,,2.29E+00
36.2003,-59.3252,-1.22077,,3.30E+00
36.2203,-51.7503,8.65195,,4.21E+00
36.2403,-42.5021,17.091,,4.98E+00
36.2603,-31.8804,23.9517,,5.58569
36.2803,-20.2288,29.2882,,6.01318
36.3003,-7.92378,33.2305,,6.24704
36.3203,4.63703,35.9758,,6.27852
36.3403,17.0479,37.737,,6.10765
36.3603,28.9073,38.6874,,5.73837
36.3803,39.8328,38.917,,5.18549
36.4003,49.4716,38.4804,,4.46344
36.4203,57.5103,37.3738,,3.59749
36.4403,63.6923,35.566,,2.61602
36.4603,67.8148,32.9182,,1.54924
36.4803,69.7488,29.0719,,4.34E-01
36.5003,69.4272,23.5043,,-6.98E-01
36.5203,66.8637,15.589,,-1.80E+00
36.5403,62.1398,5.64011,,-2.85E+00
36.5603,55.4083,-4.6569,,-3.81271
36.5803,46.8835,-13.7956,,-4.64747
36.6003,36.8442,-21.3676,,-5.33087
36.6203,25.6151,-27.3858,,-5.84268
36.6403,13.5576,-31.9344,,-6.16617
36.6603,1.06245,-35.1975,,-6.28942
36.6803,-11.4666,-37.3805,,-6.20995
36.7003,-23.6252,-38.6802,,-5.92986
36.7203,-35.0199,-39.2178,,-5.45762
36.7403,-45.283,-39.0787,,-4.81066
36.7603,-54.0823,-38.2816,,-4.00549
36.7803,-61.1343,-36.8064,,-3.07356
36.8003,-66.2112,-34.5519,,-2.04181
36.8203,-69.1495,-31.3018,,-0.942921
36.8403,-69.8534,-26.6054,,0.184979
36.8603,-68.2999,-19.8125,,1.3075
36.8803,-64.5405,-10.6381,,2.38834
36.9003,-58.696,-0.250846,,3.39113
36.9203,-50.9531,9.5236,,4.28595
36.9403,-41.5625,17.8333,,5.04158
36.9603,-30.8295,24.553,,5.63309
36.9803,-19.1008,29.7473,,6.0437
37.0003,-6.75496,33.5776,,6.25868
37.0203,5.80887,36.233,,6.27084
37.0403,18.1847,37.9059,,6.08109
37.0603,29.9734,38.7662,,5.69489
37.0803,40.7934,38.9377,,5.1249
37.1003,50.2945,38.4441,,4.38746
37.1203,58.1708,37.2702,,3.5108
37.1403,64.1673,35.3818,,2.51973
37.1603,68.0903,32.6341,,1.44648
37.1803,69.8147,28.6571,,0.328495
37.2003,69.2824,22.8894,,-0.802212
37.2203,66.5124,14.7401,,-1.90549
37.2403,61.5932,4.66044,,-2.94904
37.2603,54.6823,-5.58348,,-3.89602
37.2803,46.0048,-14.5933,,-4.71727
37.3003,35.8404,-22.0287,,-5.38633
37.3203,24.5177,-27.904,,-5.88145
37.3403,12.4024,-32.3366,,-6.18597
37.3603,-0.112829,-35.4924,,-6.2905
37.3803,-12.6242,-37.5746,,-6.19244
37.4003,-24.7273,-38.7926,,-5.89315
37.4203,-36.0313,-39.2686,,-5.40457
37.4403,-46.1716,-39.0663,,-4.74155
37.4603,-54.8194,-38.2064,,-3.92426
37.4803,-61.6962,-36.6541,,-2.98118
37.5003,-66.5784,-34.323,,-1.93975
37.5203,-69.3109,-30.9565,,-0.839789
37.5403,-69.8034,-26.0891,,2.91E-01
37.5603,-68.0412,-19.0623,,1.41E+00
37.5803,-64.08,-9.68805,,2.48E+00
37.6003,-58.0506,0.712989,,3.48014
37.6203,-50.1418,10.3836,,4.36277
37.6403,-40.6118,18.5542,,5.10449
37.6603,-29.7709,25.1381,,5.67916
37.6803,-17.9681,30.211,,6.07217
37.7003,-5.58443,33.9205,,6.26838
37.7203,6.97923,36.4663,,6.26192
37.7403,19.3169,38.054,,6.05313
37.7603,31.0304,38.8548,,5.64891
37.7803,41.7414,38.9599,,5.06251
37.8003,51.1035,38.3896,,4.31182
37.8203,58.8136,37.1544,,3.42213
37.8403,64.6233,35.2005,,2.4223
37.8603,68.3461,32.347,,1.344
37.8803,69.86,28.2253,,0.221859
37.9003,69.1177,22.2509,,-0.90616
37.9203,66.1424,13.8647,,-2.00605
37.9403,61.0293,3.67516,,-3.0425
37.9603,53.9427,-6.49734,,-3.9776
37.9803,45.1143,-15.3768,,-4.78697
38.0003,34.8263,-22.6813,,-5.44077
38.0203,23.4134,-28.425,,-5.91752
38.0403,11.2443,-32.7256,,-6.20469
38.0603,-1.288,-35.7684,,-6.28989
38.0803,-13.7783,-37.7707,,-6.17254
38.1003,-25.8232,-38.9108,,-5.85609
38.1203,-37.0335,-39.3178,,-5.3495
38.1403,-47.0473,-39.0486,,-4.67096
38.1603,-55.5404,-38.1213,,-3.84126
38.1803,-62.2401,-36.5,,-2.88735
38.2003,-66.9267,-34.0865,,-1.83968
38.2203,-69.4522,-30.5963,,-0.734014
38.2403,-69.7344,-25.5491,,0.396676
38.2603,-67.7633,-18.2913,,1.51346
38.2803,-63.6029,-8.73616,,2.58231
38.3003,-57.3872,1.67727,,3.5682
38.3203,-49.3152,11.2334,,4.43801
38.3403,-39.6498,19.2644,,5.16501
38.3603,-28.7033,25.7159,,5.72458
38.3803,-16.8294,30.6535,,6.09865
38.4003,-4.41209,34.2441,,6.27641
38.4203,8.14763,36.6907,,6.25103
38.4403,20.4436,38.2076,,6.02344
38.4603,32.0792,38.9358,,5.60185
38.4803,42.6776,38.9582,,4.99849
38.5003,51.8976,38.3331,,4.23456
38.5203,59.4407,37.0409,,3.33308
38.5403,65.0628,35.0001,,2.32405
38.5603,68.5813,32.038,,1.24048
38.5803,69.8873,27.7744,,1.17E-01
38.6003,68.9329,21.5899,,-1.01E+00
38.6203,65.7523,12.9774,,-2.11E+00
38.6403,60.4477,2.69332,,-3.13E+00
38.6603,53.1886,-7.41112,,-4.06029
38.6803,44.2093,-16.1522,,-4.85505
38.7003,33.8023,-23.3135,,-5.49237
38.7203,22.3029,-28.9279,,-5.95E+00
38.7403,10.0829,-33.1052,,-6.22E+00
38.7603,-2.46282,-36.0405,,-6.29E+00
38.7803,-14.9286,-37.9483,,-6.15E+00
38.8003,-26.9116,-39.0182,,-5.82E+00
38.8203,-38.0242,-39.3556,,-5.29E+00
38.8403,-47.9091,-39.0161,,-4.60E+00
38.8603,-56.2459,-38.0317,,-3.76E+00
38.8803,-62.765,-36.3426,,-2.79E+00
38.9003,-67.2565,-33.8299,,-1.74E+00
38.9203,-69.5748,-30.2198,,-6.28E-01
38.9403,-69.6453,-24.9975,,5.02E-01
38.9603,-67.4658,-17.4963,,1.62E+00
38.9803,-63.1069,-7.76769,,2.68E+00
39.0003,-56.7068,2.63838,,3.65E+00
39.0203,-48.4756,12.0711,,4.51E+00
39.0403,-38.6768,19.9624,,5.23E+00
39.0603,-27.6275,26.2809,,5.77E+00
39.0803,-15.6865,31.0893,,6.12E+00
39.1003,-3.23859,34.5617,,6.28E+00
39.1203,9.31368,36.9066,,6.24E+00
39.1403,21.5644,38.3485,,5.99E+00
39.1603,33.1186,39.0073,,5.55E+00
39.1803,43.6022,38.966,,4.93E+00
39.2003,52.6767,38.2686,,4.16E+00
39.2203,60.0502,36.9092,,3.24E+00
39.2403,65.4826,34.7976,,2.23E+00
39.2603,68.799,31.7328,,1.14E+00
39.2803,69.893,27.3115,,1.07E-02
39.3003,68.7296,20.9004,,-1.11E+00
39.3203,65.3452,12.0669,,-2.21E+00
39.3403,59.8499,1.71595,,-3.22E+00
39.3603,52.4186,-8.30785,,-4.14E+00
39.3803,43.2931,-16.9199,,-4.92E+00
39.4003,32.7687,-23.9368,,-5.54406
39.4203,21.1855,-29.4189,,-5.98589
39.4403,8.91834,-33.4712,,-6.23578
39.4603,-3.63692,-36.3009,,-6.2836
39.4803,-16.0743,-38.125,,-6.12826
39.5003,-27.992,-39.1156,,-5.77543
39.5203,-39.0055,-39.3875,,-5.23478
39.5403,-48.7583,-38.9917,,-4.52712
39.5603,-56.9363,-37.9293,,-3.67171
39.5803,-63.2732,-36.1768,,-2.69736
39.6003,-67.5667,-33.5666,,-1.63731
39.6203,-69.6776,-29.8306,,-5.23E-01
39.6403,-69.5351,-24.4225,,6.08E-01
39.6603,-67.1488,-16.6802,,1.72E+00
39.6803,-62.5924,-6.78788,,2.77E+00
39.7003,-56.0113,3.58773,,3.74096
39.7203,-47.6214,12.8956,,4.58496
39.7403,-37.692,20.652,,5.28273
39.7603,-26.5442,26.8365,,5.80918
39.7803,-14.5388,31.5174,,6.14733
39.8003,-2.06416,34.8656,,6.28683
39.8203,10.477,37.1269,,6.22354
39.8403,22.6793,38.4882,,5.95937
39.8603,34.1489,39.0694,,5.50218
39.8803,44.5151,38.9637,,4.86804
39.9003,53.4426,38.2094,,4.07492
39.9203,60.6427,36.7787,,3.1522
39.9403,65.885,34.5782,,2.12668
39.9603,68.9966,31.407,,1.03213
39.9803,69.8806,26.8286,,-0.095215
40.0003,68.5063,20.1992,,-1.21948
40.0203,64.9187,11.1441,,-2.3038
40.0403,59.2342,0.731546,,-3.31548
40.0603,51.633,-9.19062,,-4.21968
40.0803,42.3637,-17.665,,-4.98632
40.1003,31.7261,-24.5536,,-5.59305
40.1203,20.0632,-29.897,,-6.01764
40.1403,7.75134,-33.8238,,-6.24893
40.1603,-4.81,-36.5553,,-6.2778
40.1803,-1.72E+01,-38.2874,,-6.10338
40.2003,-29.0647,-39.216,,-5.73221
40.2203,-39.975,-39.4139,,-5.18E+00
40.2403,-49.5935,-38.9511,,-4.4521
40.2603,-57.6093,-37.8304,,-3.5851
40.2803,-63.7633,-35.9948,,-2.60238
40.3003,-67.8583,-33.2924,,-1.53478
40.3203,-69.7597,-29.435,,-0.417223
40.3403,-69.4072,-23.8177,,0.712698
40.3603,-66.8132,-15.8344,,1.81919
40.3803,-62.0603,-5.81302,,2.86868
40.4003,-55.3009,4.5259,,3.8248
40.4203,-46.7551,13.7182,,4.65678
40.4403,-36.6968,21.3373,,5.33998
40.4603,-25.4536,27.373,,5.84828
40.4803,-13.3875,31.9237,,6.16917
40.5003,-0.889103,35.175,,6.28978
40.5203,11.6374,37.3317,,6.20736
40.5403,23.7878,38.6063,,5.92473
40.5603,35.1693,39.1292,,5.45007
40.5803,45.4156,38.9612,,4.80008
40.6003,54.1916,38.1308,,3.99404
40.6203,61.2184,36.6328,,3.05966
40.6403,66.267,34.3624,,2.02694
40.6603,69.1741,31.0681,,0.92768
40.6803,69.8471,26.3218,,-2.00E-01
40.7003,68.2645,19.463,,-1.32E+00
40.7203,64.4738,10.2078,,-2.40E+00
40.7403,58.6017,-0.251843,,-3.40E+00
40.7603,50.8341,-10.0705,,-4.29761
40.7803,41.423,-18.4085,,-5.05111
40.8003,30.674,-25.1552,,-5.6397
40.8203,18.9342,-30.364,,-6.04825
40.8403,6.58222,-34.1773,,-6.26007
40.8603,-5.98178,-36.7952,,-6.26984
40.8803,-18.3524,-38.4531,,-6.0771
40.9003,-30.1294,-39.2982,,-5.68778
40.9203,-40.9334,-39.4299,,-5.11583
40.9403,-50.4143,-38.9082,,-4.37689
40.9603,-58.2658,-37.7192,,-3.4975
40.9803,-64.2359,-35.8143,,-2.50531
41.0003,-68.1295,-33.0164,,-1.43167
41.0203,-69.8226,-29.0148,,-0.312724
41.0403,-69.2595,-23.1954,,0.817657
41.0603,-66.4591,-14.9794,,1.92087
41.0803,-61.5112,-4.82715,,2.96125
41.1003,-54.5753,5.45675,,3.90919
41.1203,-45.8748,14.5204,,4.72739
41.1403,-35.6912,21.9999,,5.39504
41.1603,-24.3545,27.8995,,5.88684
41.1803,-12.2318,32.3244,,6.1885
41.2003,0.286179,35.4612,,6.29071
41.2203,12.7946,37.5244,,6.18923
41.2403,24.8895,38.7243,,5.88816
41.2603,36.1799,39.1783,,5.39667
41.2803,46.3009,38.941,,4.73045
41.3003,54.9263,38.0559,,3.91231
41.3203,61.7771,36.4827,,2.96739
41.3403,66.6312,34.1236,,1.9258
41.3603,69.3321,30.7189,,0.822904
41.3803,69.7941,25.8014,,-0.306105
41.4003,68.0008,18.7045,,-1.42618
41.4203,64.0115,9.25319,,-2.49943
41.4403,57.9526,-1.22298,,-3.49323
41.4603,50.0204,-10.9366,,-4.37393
41.4803,40.4715,-19.1353,,-5.11298
41.5003,29.6141,-25.7456,,-5.68631
41.5203,17.7997,-30.8215,,-6.07646
41.5403,5.41148,-34.515,,-6.26942
41.5603,-7.15183,-37.0362,,-6.2604
41.5803,-19.4836,-38.6011,,-6.04901
41.6003,-31.1861,-39.3754,,-5.64212
41.6203,-41.88,-39.4539,,-5.0526
41.6403,-51.2207,-38.8535,,-4.30045
41.6603,-58.9065,-37.6001,,-3.40972
41.6803,-64.6893,-35.6219,,-2.40748
41.7003,-68.382,-32.7283,,-1.32874
41.7203,-69.8656,-28.571,,-2.07E-01
41.7403,-69.0907,-22.5471,,9.23E-01
41.7603,-66.0854,-14.1049,,2.02E+00
41.7803,-60.9442,-3.84393,,3.05E+00
41.8003,-53.8327,6.38777,,3.991
41.8203,-44.9811,15.3118,,4.79692
41.8403,-34.6756,22.6434,,5.44844
41.8603,-23.2498,28.4177,,5.92E+00
41.8803,-11.0733,32.713,,6.21E+00
41.9003,1.4613,35.7345,,6.29E+00
41.9203,13.9481,37.7086,,6.17E+00
41.9403,25.9841,38.8392,,5.85E+00
41.9603,37.1803,39.2213,,5.34E+00
41.9803,47.1744,38.9196,,4.66E+00
42.0003,55.645,37.9654,,3.83E+00
42.0203,62.3171,36.3236,,2.87E+00
42.0403,66.9762,33.8817,,1.83E+00
42.0603,69.4716,30.3582,,7.18E-01
42.0803,69.7218,25.258,,-4.12E-01
42.1003,67.7205,17.9231,,-1.53E+00
42.1203,63.5309,8.28699,,-2.60E+00
42.1403,57.287,-2.18781,,-3.58E+00
42.1603,49.193,-11.7863,,-4.45E+00
42.1803,39.5061,-19.8551,,-5.17E+00
42.2003,28.5451,-26.3214,,-5.73E+00
42.2203,16.6606,-31.2679,,-6.10E+00
42.2403,4.23891,-34.8387,,-6.28E+00
42.2603,-8.31986,-37.2556,,-6.25E+00
42.2803,-20.6094,-38.7529,,-6.02E+00
42.3003,-32.2328,-39.4584,,-5.59E+00
42.3203,-42.8146,-39.4561,,-4.99E+00
42.3403,-52.0136,-38.7973,,-4.22E+00
42.3603,-59.5318,-37.4803,,-3.32E+00
42.3803,-65.125,-35.428,,-2.31E+00
42.4003,-68.615,-32.4201,,-1.23E+00
42.4203,-69.8895,-28.1139,,-1.01E-01
42.4403,-68.9046,-21.8804,,1.03E+00
42.4603,-65.6944,-13.2079,,2.12E+00
42.4803,-60.3603,-2.85097,,3.15E+00
42.5003,-53.0755,7.30299,,4.07E+00
42.5203,-44.0751,16.0875,,4.86E+00
42.5403,-33.6509,23.2932,,5.50078
42.5603,-22.1382,28.9216,,5.95794
42.5803,-9.91113,33.0874,,6.22313
42.6003,2.63604,36.0049,,6.28704
42.6203,15.0976,37.8961,,6.14819
42.6403,27.0715,38.9472,,5.81029
42.6603,38.1701,39.2436,,5.28481
42.6803,48.0365,38.888,,4.58907
42.7003,56.3484,37.8853,,3.74358
42.7203,62.8409,36.1594,,2.77974
42.7403,67.3034,33.6184,,1.72337
42.7603,69.5904,29.9776,,0.61321
42.7803,69.6296,24.7009,,-5.18E-01
42.8003,67.4198,17.1152,,-1.63E+00
42.8203,63.0314,7.31443,,-2.69E+00
42.8403,56.6067,-3.14882,,-3.66732
42.8603,48.3497,-12.6342,,-4.52416
42.8803,38.5315,-20.5565,,-5.23213
42.9003,27.4684,-26.8858,,-5.77416
42.9203,15.5174,-31.6977,,-6.12736
42.9403,3.06534,-35.16,,-6.28345
42.9603,-9.4856,-37.4811,,-6.23623
42.9803,-21.7298,-38.8854,,-5.98759
43.0003,-33.2713,-39.5223,,-5.54497
43.0203,-43.7378,-39.4533,,-4.92387
43.0403,-52.7914,-38.7444,,-4.14475
43.0603,-60.1384,-37.3559,,-3.2287
43.0803,-65.5427,-35.2092,,-2.21107
43.1003,-68.8293,-32.1031,,-1.12115
43.1203,-69.8925,-27.6555,,4.68E-03
43.1403,-68.6981,-21.1954,,1.13034
43.1603,-65.283,-12.2869,,2.2203
43.1803,-59.7597,-1.85981,,3.23847
43.2003,-52.3037,8.20031,,4.15119
43.2203,-43.1578,16.8548,,4.93226
43.2403,-32.6154,23.9161,,5.55055
43.2603,-21.0205,29.4173,,5.99121
43.2803,-8.74643,33.462,,6.23761
43.3003,3.8101,36.2584,,6.28278
43.3203,1.62E+01,38.0651,,6.125
43.3403,28.1508,39.0411,,5.76873
43.3603,39.1494,39.2845,,5.22729
43.3803,48.8823,38.8536,,4.51524
43.4003,57.0356,37.7701,,3.65895
43.4203,63.3471,35.9948,,2.68374
43.4403,67.6106,33.3609,,1.62155
43.4603,69.6899,29.5772,,0.507984
43.4803,69.5189,24.1082,,-0.622472
43.5003,67.1005,16.2921,,-1.73431
43.5203,62.5138,6.32968,,-2.78707
43.5403,55.909,-4.11318,,-3.75288
43.5603,47.4952,-13.4684,,-4.5962
43.5803,37.5452,-21.2528,,-5.29159
43.6003,26.3829,-27.4464,,-5.81463
43.6203,14.369,-32.1256,,-6.15051
43.6403,1.89079,-35.4595,,-6.28772
43.6603,-10.6485,-37.6968,,-6.22116
43.6803,-22.8436,-39.0216,,-5.95437
43.7003,-34.3001,-39.5768,,-5.49447
43.7203,-44.6485,-39.4549,,-4.85725
43.7403,-53.5533,-38.6725,,-4.06422
43.7603,-60.7283,-37.2115,,-3.138
43.7803,-65.9418,-34.9896,,-2.11173
43.8003,-69.0242,-31.7809,,-1.01713
43.8203,-69.8764,-27.1701,,1.11E-01
43.8403,-68.4715,-20.472,,1.23E+00
43.8603,-64.8538,-11.3497,,2.32E+00
43.8803,-59.1411,-0.878602,,3.33E+00
43.9003,-51.5171,9.0888,,4.23077
43.9203,-42.2262,17.6151,,4.99564
43.9403,-31.5717,24.5406,,5.60039
43.9603,-19.896,29.8965,,6.0224
43.9803,-7.57914,33.8129,,6.25051
44.0003,4.98282,36.5162,,6.27652
44.0203,17.3838,38.234,,6.09988
44.0403,29.2227,39.1302,,5.72617
44.0603,40.1171,39.311,,5.16672
44.0803,49.715,38.8167,,4.44175
44.1003,57.7063,37.6688,,3.5718
44.1203,63.8341,35.8131,,2.58784
44.1403,67.8989,33.0901,,1.51967
44.1603,69.77,29.1703,,0.401922
44.1803,69.3858,23.503,,-0.727743
44.2003,66.7621,15.4475,,-1.83502
44.2203,61.9799,5.34452,,-2.88148
44.2403,55.1957,-5.055,,-3.83748
44.2603,46.6261,-14.286,,-4.66732
44.2803,36.5499,-21.931,,-5.34798
44.3003,25.2918,-27.9887,,-5.85449
44.3203,13.2171,-32.5281,,-6.17204
44.3403,0.715689,-3.58E+01,,-6.28998
44.3603,-11.8085,-37.8962,,-6.20482
44.3803,-23.9511,-39.141,,-5.91921
44.4003,-35.3194,-39.6346,,-5.44244
44.4203,-45.5465,-39.4351,,-4.78972
44.4403,-54.3015,-38.5937,,-3.98261
44.4603,-61.3018,-37.0701,,-3.04598
44.4803,-66.3221,-34.7627,,-2.0115
44.5003,-69.1983,-31.4365,,-0.912606
44.5203,-69.8412,-26.6532,,0.215843
44.5403,-68.2261,-19.7302,,1.33902
44.5603,-64.4056,-10.4061,,2.41649
44.5803,-58.5066,0.104969,,3.41748
44.6003,-50.7144,9.97786,,4.3087
44.6203,-41.2837,18.366,,5.05976
44.6403,-30.5187,25.1442,,5.64737
44.6603,-18.7671,30.3579,,6.05221
44.6803,-6.40968,34.1568,,6.26189
44.7003,6.15446,36.7685,,6.26835
44.7203,18.5195,38.3944,,6.07293
44.7403,30.2857,39.2045,,5.68146
44.7603,41.0737,39.3261,,5.10617
44.7803,50.534,38.7801,,4.36565
44.8003,58.3622,37.5609,,3.48533
44.8203,64.3039,35.6134,,2.49021
44.8403,68.1681,32.8027,,1.41711
44.8603,69.83,28.752,,2.96E-01
44.8803,69.2353,22.8697,,-8.33E-01
44.9003,66.4055,14.5746,,-1.93E+00
44.9203,61.429,4.35152,,-2.98E+00
44.9403,54.4662,-5.99116,,-3.92029
44.9603,45.7437,-15.0962,,-4.73835
44.9803,35.5414,-22.604,,-5.40249
45.0003,24.1927,-28.5126,,-5.89E+00
45.0203,12.0609,-32.9306,,-6.19E+00
45.0403,-0.459583,-36.0465,,-6.29E+00
45.0603,-12.9651,-38.0874,,-6.19E+00
45.0803,-25.0514,-39.2547,,-5.88E+00
45.1003,-36.3283,-39.6831,,-5.39E+00
45.1203,-46.4307,-39.4246,,-4.72E+00
45.1403,-55.0323,-38.5099,,-3.90E+00
45.1603,-61.8582,-36.9117,,-2.95E+00
45.1803,-66.6829,-34.5242,,-1.91E+00
45.2003,-69.3541,-31.0879,,-8.08E-01
45.2203,-69.7851,-26.1278,,3.22E-01
45.2403,-67.9615,-18.9653,,1.44E+00
45.2603,-63.942,-9.44861,,2.51E+00
45.2803,-57.8567,1.08691,,3.51E+00
45.3003,-49.8993,10.8502,,4.39E+00
45.3203,-40.3299,19.0956,,5.12E+00
45.3403,-29.4569,25.7334,,5.69E+00
45.3603,-17.6328,30.8192,,6.08E+00
45.3803,-5.2386,34.4979,,6.27E+00
45.4003,7.3242,36.9916,,6.26E+00
45.4203,19.6502,38.5377,,6.04E+00
45.4403,31.3413,39.2942,,5.64E+00
45.4603,42.019,39.3402,,5.04E+00
45.4803,51.3393,38.719,,4.29E+00
45.5003,59.0006,37.4366,,3.40E+00
45.5203,64.7553,35.4218,,2.39E+00
45.5403,68.4182,32.5121,,1.31E+00
45.5603,69.8703,28.309,,1.91E-01
45.5803,69.0651,22.2153,,-9.38E-01
45.6003,66.0293,13.6828,,-2.04E+00
45.6203,60.8597,3.36303,,-3.07E+00
45.6403,53.7223,-6.92146,,-4.00E+00
45.6603,44.848,-15.8955,,-4.81E+00
45.6803,34.5255,-23.2594,,-5.45614
45.7003,23.0861,-29.0366,,-5.92849
45.7203,10.9017,-33.3178,,-6.20961
45.7403,-1.63464,-36.3182,,-6.28929
45.7603,-14.1182,-38.2708,,-6.16661
45.7803,-26.145,-39.3666,,-5.84418
45.8003,-37.3273,-39.7301,,-5.33338
45.8203,-47.3024,-39.3997,,-4.64976
45.8403,-55.7499,-38.4202,,-3.81607
45.8603,-62.3959,-36.7593,,-2.8597
45.8803,-67.0252,-34.2824,,-1.80999
45.9003,-69.4898,-30.7184,,-0.703176
45.9203,-69.7101,-25.5744,,4.27E-01
45.9403,-67.6772,-18.1821,,1.54E+00
45.9603,-63.4579,-8.47651,,2.61E+00
45.9803,-57.188,2.05762,,3.59396
46.0003,-49.0687,11.7117,,4.45952
46.0203,-39.3637,19.8145,,5.1829
46.0403,-28.3867,26.3163,,5.73742
46.0603,-16.4925,31.2636,,6.10633
46.0803,-4.06591,34.8194,,6.27847
46.1003,8.49198,37.2142,,6.24732
46.1203,20.775,38.6824,,6.01463
46.1403,32.3868,39.3685,,5.58728
46.1603,42.9521,39.3421,,4.97975
46.1803,52.1295,38.6535,,4.21133
46.2003,59.6222,37.3137,,3.30626
46.2203,65.1877,35.2288,,2.29479
46.2403,68.6488,32.1976,,1.21083
46.2603,69.891,27.838,,0.084694
46.2803,68.8742,21.5407,,-1.04198
46.3003,65.6344,12.7847,,-2.13525
46.3203,60.2731,2.36216,,-3.16117
46.3403,52.962,-7.84267,,-4.08407
46.3603,43.9394,-16.6768,,-4.87406
46.3803,33.4982,-23.9041,,-5.50795
46.4003,21.9734,-29.5362,,-5.96321
46.4203,9.73938,-33.7004,,-6.22525
46.4403,-2.80925,-36.5833,,-6.2865
46.4603,-15.2671,-38.4488,,-6.14482
46.4803,-27.2312,-39.4711,,-5.80429
46.5003,-38.3153,-39.7568,,-5.27596
46.5203,-48.1611,-39.3691,,-4.57848
46.5403,-56.4511,-38.3277,,-3.73151
46.5603,-62.9168,-36.5943,,-2.76523
46.5803,-67.3496,-34.0222,,-1.70844
46.6003,-69.6063,-30.3332,,-0.597902
46.6203,-69.6151,-25.0067,,0.532729
46.6403,-67.3749,-17.3776,,1.64586
46.6603,-62.9572,-7.49858,,2.70738
46.6803,-56.5048,3.03037,,3.67958
46.7003,-48.2251,12.5571,,4.5343
46.7203,-38.3875,20.524,,5.24232
46.7403,-27.3086,26.8822,,5.77964
46.7603,-15.3486,31.6975,,6.13142
46.7803,-2.892,35.1341,,6.28395
46.8003,9.65722,37.428,,6.23391
46.8203,21.8942,38.8207,,5.98291
46.8403,33.424,39.4296,,5.53802
46.8603,43.8738,39.3416,,4.91427
46.8803,52.9043,38.5952,,4.13239
46.9003,6.02E+01,37.181,,3.21554
46.9203,65.6023,35.0086,,2.19658
46.9403,68.8599,31.8766,,1.10644
46.9603,69.892,27.3746,,-2.07E-02
46.9803,68.6656,20.842,,-1.15E+00
47.0003,65.2218,11.8502,,-2.23E+00
47.0203,59.6693,1.37195,,-3.25E+00
47.0403,52.1886,-8.75301,,-4.16323
47.0603,43.0198,-17.4553,,-4.94135
47.0803,32.462,-24.5331,,-5.55827
47.1003,20.8545,-30.0303,,-5.99581
47.1203,8.57421,-34.06,,-6.23956
47.1403,-3.9832,-36.8488,,-6.28221
47.1603,-16.4118,-38.6252,,-6.12105
47.1803,-28.3097,-39.5629,,-5.76299
47.2003,-39.2924,-39.786,,-5.2179
47.2203,-49.0061,-39.335,,-4.50485
47.2403,-57.1363,-38.2275,,-3.64609
47.2603,-63.4191,-36.4171,,-2.66912
47.2803,-67.6541,-33.7494,,-1.60688
47.3003,-69.7026,-29.9438,,-0.492186
47.3203,-69.5004,-24.4229,,0.637703
47.3403,-67.0529,-16.5379,,1.74766
47.3603,-62.4378,-6.5047,,2.80254
47.3803,-55.8039,3.98733,,3.765
47.4003,-47.3674,13.3981,,4.60736
47.4203,-37.3994,21.2248,,5.29953
47.4403,-26.223,27.4392,,5.82132
47.4603,-14.1993,32.1138,,6.15345
47.4803,-1.71755,35.4395,,6.28794
47.5003,10.8198,37.6448,,6.21892
47.5203,23.007,38.9467,,5.94946
47.5403,34.4513,39.4819,,5.48695
47.5603,44.7819,39.3346,,4.84768
47.5803,53.665,38.5269,,4.05152
47.6003,60.8149,37.0326,,3.12505
47.6203,65.9988,34.7862,,2.09659
47.6403,69.0508,31.5511,,1.002
47.6603,69.8727,26.8794,,-0.126857
47.6803,68.4349,20.1162,,-1.24976
47.7003,64.7889,10.9121,,-2.33302
47.7203,59.0493,0.375227,,-3.34162
47.7403,51.3992,-9.64959,,-4.24234
47.7603,42.0878,-18.2178,,-5.01E+00
47.7803,31.4161,-25.1563,,-5.60664
47.8003,19.7301,-30.5108,,-6.02685
47.8203,7.40666,-34.4155,,-6.25232
47.8403,-5.15601,-37.0946,,-6.27574
47.8603,-17.5518,-38.7859,,-6.09555
47.8803,-29.3803,-39.6537,,-5.72
47.9003,-40.2595,-39.8023,,-5.15827
47.9203,-49.8375,-39.2917,,-4.43013
47.9403,-57.805,-38.1185,,-3.55932
47.9603,-63.9042,-36.2301,,-2.57316
47.9803,-67.9398,-33.4744,,-1.50435
48.0003,-69.7796,-29.5275,,-3.87E-01
48.0203,-69.3658,-23.8037,,7.43E-01
48.0403,-66.7111,-15.6747,,1.85E+00
48.0603,-61.9004,-5.51082,,2.90E+00
48.0803,-55.089,4.93561,,3.84902
48.1003,-46.4968,14.2239,,4.67854
48.1203,-36.4011,21.9151,,5.35646
48.1403,-25.1298,27.9845,,5.86E+00
48.1603,-13.0468,32.5185,,6.17E+00
48.1803,-0.542466,35.7308,,6.29E+00
48.2003,11.9793,37.8523,,6.20E+00
48.2203,24.1137,39.0717,,5.91E+00
48.2403,35.4687,39.5269,,5.43E+00
48.2603,45.6771,39.3165,,4.78E+00
48.2803,54.4102,38.4519,,3.97E+00
48.3003,61.3848,36.8901,,3.03E+00
48.3203,66.376,34.5526,,2.00E+00
48.3403,69.2227,31.199,,8.98E-01
48.3603,69.8336,26.3652,,-2.33E-01
48.3803,68.1868,19.3703,,-1.35E+00
48.4003,64.3401,9.9553,,-2.43E+00
48.4203,58.4125,-0.614908,,-3.43E+00
48.4403,50.5954,-10.5358,,-4.32E+00
48.4603,41.1432,-18.9704,,-5.07E+00
48.4803,30.3624,-25.7605,,-5.65E+00
48.5003,18.6001,-30.9738,,-6.06E+00
48.5203,6.23699,-34.756,,-6.26E+00
48.5403,-6.32719,-37.3449,,-6.27E+00
48.5603,-18.6871,-38.9439,,-6.07E+00
48.5803,-30.4427,-39.7278,,-5.67E+00
48.6003,-41.2138,-39.82,,-5.10E+00
48.6203,-50.6542,-39.2457,,-4.36E+00
48.6403,-58.4578,-38.0001,,-3.47E+00
48.6603,-64.3712,-36.0392,,-2.48E+00
48.6803,-68.2058,-33.1865,,-1.40E+00
48.7003,-69.8371,-29.099,,-2.81E-01
48.7203,-69.2122,-23.1686,,8.48E-01
48.7403,-66.3511,-14.8056,,1.95E+00
48.7603,-61.346,-4.50956,,2.99E+00
48.7803,-54.3572,5.88723,,3.93E+00
48.8003,-45.6127,15.0351,,4.75E+00
48.8203,-35.3928,22.5845,,5.41053
48.8403,-24.0297,28.5129,,5.8976
48.8603,-11.8904,32.9249,,6.1943
48.8803,0.632905,36.0124,,6.29076
48.9003,13.1354,38.0386,,6.1835
48.9203,25.2133,39.187,,5.87721
48.9403,36.476,39.5749,,5.38038
48.9603,46.5603,39.2953,,4.71022
48.9803,55.1397,38.3635,,3.88716
49.0003,61.9373,36.7358,,2.9394
49.0203,66.7339,34.3095,,1.89643
49.0403,69.3754,30.8395,,0.792996
49.0603,69.7756,25.8336,,-3.38E-01
49.0803,67.9204,18.5945,,-1.46E+00
49.1003,63.8709,8.987,,-2.53E+00
49.1203,57.7584,-1.60565,,-3.51897
49.1403,49.7771,-11.4102,,-4.39681
49.1603,40.1876,-19.6978,,-5.13063
49.1803,29.2991,-26.3583,,-5.69951
49.2003,17.4647,-31.4325,,-6.08429
49.2203,5.06561,-35.0912,,-6.27209
49.2403,-7.49671,-37.5699,,-6.25726
49.2603,-19.8165,-39.0867,,-6.04047
49.2803,-31.4959,-39.8114,,-5.62816
49.3003,-42.1571,-39.8256,,-5.03408
49.3203,-51.4566,-39.1921,,-4.27796
49.3403,-59.0931,-37.8854,,-3.38297
49.3603,-64.82,-35.8389,,-2.37847
49.3803,-68.453,-32.8842,,-1.29823
49.4003,-69.8742,-28.6567,,-0.175857
49.4203,-69.0392,-22.5113,,0.9529
49.4403,-65.9722,-13.9051,,2.05086
49.4603,-60.7736,-3.51013,,3.08226
49.4803,-53.6112,6.81483,,4.01466
49.5003,-44.7146,15.8366,,4.8175
49.5203,-34.3739,23.2469,,5.46367
49.5403,-22.9224,29.0372,,5.93375
49.5603,-10.7305,33.3102,,6.21162
49.5803,1.808,36.2867,,6.28911
49.6003,14.2878,38.2144,,6.1636
49.6203,26.3059,39.2929,,5.83829
49.6403,37.4731,39.6209,,5.32527
49.6603,47.4309,39.2624,,4.6387
49.6803,55.8535,38.2652,,3.80385
49.7003,62.4737,36.573,,2.8461
49.7203,67.0744,34.0701,,1.79497
49.7403,69.5086,30.4661,,0.68776
49.7603,69.6975,25.2627,,-0.442736
49.7803,67.6339,17.7965,,-1.55974
49.8003,63.3851,8.01477,,-2.6244
49.8203,57.0875,-2.58488,,-3.60719
49.8403,48.9446,-12.2862,,-4.47133
49.8603,39.2199,-20.4283,,-5.19098
49.8803,28.2283,-26.9358,,-5.74375
49.9003,16.3242,-31.8745,,-6.11017
49.9203,3.89287,-35.414,,-6.27941
49.9403,-8.66421,-37.7916,,-6.24563
49.9603,-20.9409,-39.2302,,-6.01003
49.9803,-32.5406,-39.8749,,-5.58001
50.0003,-43.0886,-39.8249,,-4.96984
50.0203,-52.2441,-39.1301,,-4.19934
50.0403,-5.97E+01,-37.755,,-3.29414
50.0603,-65.2515,-35.6329,,-2.28066
50.0803,-68.6806,-32.5716,,-1.19429
50.1003,-69.8933,-28.1908,,-6.99E-02
50.1203,-68.8457,-21.8253,,1.06E+00
50.1403,-65.5743,-12.9952,,2.15E+00
50.1603,-60.1849,-2.50723,,3.17E+00
50.1803,-52.8501,7.7462,,4.09605
50.2003,-43.8049,16.6293,,4.88483
50.2203,-33.3461,23.8863,,5.51531
50.2403,-21.8092,29.5386,,5.96787
50.2603,-9.56768,33.685,,6.22775
50.2803,2.98254,36.5512,,6.28596
50.3003,15.4362,38.393,,6.14161
50.3203,27.3905,39.3951,,5.79796
50.3403,38.4603,39.6469,,5.26822
50.3603,48.2866,39.2324,,4.56682
50.3803,56.5538,38.1708,,3.71979
50.4003,62.9925,36.3997,,2.75051
50.4203,67.3955,33.8012,,1.69345
50.4403,69.6221,30.0798,,0.582744
50.4603,69.5993,24.6995,,-0.549317
50.4803,67.3278,16.98,,-1.66061
50.5003,62.8814,7.01729,,-2.7209
50.5203,56.4008,-3.55804,,-3.69315
50.5403,48.0996,-13.1337,,-4.54447
50.5603,38.2418,-21.1412,,-5.25105
50.5803,27.1488,-27.5073,,-5.78569
50.6003,15.1787,-32.3067,,-6.13449
50.6203,2.7188,-35.7228,,-6.28505
50.6403,-9.82901,-38.008,,-6.23194
50.6603,-22.0588,-39.3593,,-5.97767
50.6803,-33.5763,-39.9336,,-5.53079
50.7003,-44.0092,-39.825,,-4.9052
50.7203,-53.0184,-39.062,,-4.11989
50.7403,-60.315,-37.6133,,-3.20259
50.7603,-65.6627,-35.409,,-2.18084
50.7803,-68.889,-32.2514,,-1.0911
50.8003,-69.8896,-27.7159,,0.0362063
50.8203,-68.6324,-21.1156,,1.16164
50.8403,-65.1587,-12.0595,,2.24907
50.8603,-59.5782,-1.50717,,3.26481
50.8803,-52.0737,8.6568,,4.17477
50.9003,-42.884,17.4071,,4.95108
50.9203,-32.3088,24.5258,,5.56555
50.9403,-20.6894,30.0266,,6.00068
50.9603,-8.40234,34.0412,,6.24157
50.9803,4.15623,36.8134,,6.28124
51.0003,16.5802,38.5645,,6.11778
51.0203,28.4682,39.4817,,5.75638
51.0403,39.4357,39.6711,,5.20895
51.0603,49.1292,39.196,,4.49417
51.0803,57.2359,38.0671,,3.63341
51.1003,63.4922,36.2193,,2.65527
51.1203,67.6975,33.532,,1.59167
51.1403,69.7155,29.6795,,4.77E-01
51.1603,69.4828,24.1003,,-6.53E-01
51.1803,67.003,16.1341,,-1.76E+00
51.2003,62.3584,6.03243,,-2.82E+00
51.2203,55.6986,-4.52956,,-3.7777
51.2403,47.2406,-13.978,,-4.61734
51.2603,37.253,-21.8394,,-5.30836
51.2803,26.0622,-28.0615,,-5.83E+00
51.3003,14.0299,-32.7267,,-6.16E+00
51.3203,1.54404,-36.0273,,-6.29E+00
51.3403,-10.9911,-38.2117,,-6.22E+00
51.3603,-23.171,-39.4895,,-5.94E+00
51.3803,-34.6013,-39.9912,,-5.48E+00
51.4003,-44.9141,-39.8177,,-4.84E+00
51.4203,-53.7765,-38.9824,,-4.04E+00
51.4403,-60.8995,-37.4727,,-3.11E+00
51.4603,-66.0559,-35.1882,,-2.08E+00
51.4803,-69.0785,-31.9154,,-9.86E-01
51.5003,-69.8681,-27.2091,,1.42E-01
51.5203,-68.4008,-20.3871,,1.27E+00
51.5403,-64.7245,-11.1175,,2.35E+00
51.5603,-58.9565,-0.508693,,3.35E+00
51.5803,-51.2813,9.56438,,4.25E+00
51.6003,-41.9497,18.1702,,5.01E+00
51.6203,-31.262,25.148,,5.61E+00
51.6403,-19.5644,30.5066,,6.03E+00
51.6603,-7.23461,34.3961,,6.25E+00
51.6803,5.32876,37.0586,,6.27E+00
51.7003,17.7195,38.7209,,6.09E+00
51.7203,29.5375,39.5645,,5.71E+00
51.7403,40.401,39.6857,,5.15E+00
51.7603,49.9585,39.1465,,4.42E+00
51.7803,57.9024,37.9527,,3.55E+00
51.8003,63.9749,36.036,,2.56E+00
51.8203,67.9801,33.2465,,1.49E+00
51.8403,69.7899,29.2513,,3.71E-01
51.8603,69.345,23.4776,,-7.58E-01
51.8803,66.6585,15.2777,,-1.87E+00
51.9003,61.8198,5.02254,,-2.91E+00
51.9203,54.9825,-5.49345,,-3.86E+00
51.9403,46.366,-14.8087,,-4.69E+00
51.9603,36.253,-22.5214,,-5.36381
51.9803,24.9679,-28.6066,,-5.86582
52.0003,12.8765,-33.1422,,-6.17766
52.0203,0.368937,-36.3176,,-6.29048
52.0403,-12.1501,-38.41,,-6.19965
52.0603,-24.2763,-39.6038,,-5.90865
52.0803,-35.6179,-40.0394,,-5.42663
52.1003,-45.8077,-39.7997,,-4.76929
52.1203,-54.5188,-38.9044,,-3.95833
52.1403,-61.4677,-37.3147,,-3.01931
52.1603,-66.4307,-34.9519,,-1.98141
52.1803,-69.2469,-31.5731,,-0.881764
52.2003,-69.8261,-26.6957,,2.48E-01
52.2203,-68.1499,-19.6231,,1.37E+00
52.2403,-64.2725,-10.1541,,2.45E+00
52.2603,-58.3164,0.47727,,3.44413
52.2803,-50.4754,10.4597,,4.33144
52.3003,-41.0037,18.936,,5.07807
52.3203,-30.2061,25.7522,,5.66107
52.3403,-18.4328,30.9635,,6.06064
52.3603,-6.06434,34.7496,,6.26468
52.3803,6.49979,37.2933,,6.26571
52.4003,18.8537,38.8655,,6.06493
52.4203,30.5985,39.6439,,5.66799
52.4403,41.3536,39.7067,,5.08756
52.4603,50.7732,39.098,,4.34344
52.4803,58.5519,37.8238,,3.45903
52.5003,64.4384,35.838,,2.4616
52.5203,68.2439,32.9625,,1.38649
52.5403,69.8435,28.8228,,0.265477
52.5603,69.1874,22.8269,,-0.863827
52.5803,66.2958,14.3838,,-1.96475
52.6003,61.2628,4.0218,,-3.00347
52.6203,54.2483,-6.43782,,-3.94481
52.6403,45.4808,-15.6338,,-4.75896
52.6603,35.2435,-23.2019,,-5.4182
52.6803,23.8668,-29.14,,-5.90347
52.7003,11.7194,-33.5317,,-6.19666
52.7203,-0.806231,-36.5984,,-6.29076
52.7403,-13.3058,-38.5946,,-6.18106
52.7603,-25.3752,-39.7129,,-5.87125
52.7803,-36.6245,-40.0866,,-5.37285
52.8003,-46.6892,-39.7741,,-4.69897
52.8203,-55.2468,-38.8069,,-3.87615
52.8403,-62.0188,-37.1572,,-2.9255
52.8603,-66.7869,-34.7142,,-1.88186
52.8803,-69.3973,-31.1997,,-0.776489
52.9003,-69.766,-26.149,,0.35337
52.9203,-67.8785,-18.8495,,1.47166
52.9403,-63.8007,-9.17679,,2.54305
52.9603,-57.6598,1.47609,,3.53192
52.9803,-49.6556,11.3419,,4.40785
53.0003,-40.0457,19.6688,,5.13935
53.0203,-29.142,26.35,,5.70647
53.0403,-17.2971,31.4282,,6.08807
53.0603,-4.89262,35.0739,,6.27323
53.0803,7.66902,37.5224,,6.25578
53.1003,19.9826,39.0131,,6.03602
53.1203,31.6506,39.7152,,5.62124
53.1403,42.2958,39.713,,5.02513
53.1603,51.5739,39.0348,,4.26533
53.1803,5.92E+01,37.7037,,3.37047
53.2003,64.8848,35.6412,,2.36415
53.2203,68.4878,32.6544,,1.28331
53.2403,69.878,28.3688,,1.59E-01
53.2603,69.0108,22.1636,,-9.68E-01
53.2803,65.9151,13.4824,,-2.07E+00
53.3003,60.688,3.01242,,-3.10E+00
53.3203,53.5003,-7.37847,,-4.02694
53.3403,44.5829,-16.4379,,-4.82699
53.3603,34.2232,-23.8691,,-5.47208
53.3803,22.7583,-29.652,,-5.9392
53.4003,10.5589,-33.9128,,-6.21403
53.4203,-1.98134,-36.8783,,-6.28879
53.4403,-14.4575,-38.7736,,-6.16017
53.4603,-26.4662,-39.8137,,-5.83266
53.4803,-37.6201,-40.1138,,-5.32E+00
53.5003,-47.5578,-39.7481,,-4.62823
53.5203,-55.9586,-38.7184,,-3.79163
53.5403,-62.5514,-36.9842,,-2.83118
53.5603,-67.1234,-34.458,,-1.78142
53.5803,-69.5273,-30.8275,,-0.67129
53.6003,-69.6836,-25.5873,,0.459442
53.6203,-67.5889,-18.0503,,1.57365
53.6403,-63.3118,-8.19319,,2.63887
53.6603,-56.989,2.46844,,3.61951
53.6803,-48.8204,12.2146,,4.48277
53.7003,-39.0765,20.3939,,5.19934
53.7203,-28.0696,26.9312,,5.75023
53.7403,-16.1555,31.8733,,6.11396
53.7603,-3.71983,35.394,,6.28033
53.7803,8.83619,37.738,,6.24381
53.8003,21.1062,39.1468,,6.00515
53.8203,32.6937,39.7832,,5.57301
53.8403,43.2242,39.7113,,4.96013
53.8603,52.359,38.9723,,4.18783
53.8803,59.8015,37.569,,3.27998
53.9003,65.3117,35.4258,,2.26654
53.9203,68.7119,32.3429,,1.17901
53.9403,69.8927,27.9033,,0.0538251
53.9603,68.8156,21.4722,,-1.07205
53.9803,65.5146,12.5599,,-2.16477
54.0003,60.097,2.00674,,-3.18747
54.0203,52.7362,-8.31175,,-4.10815
54.0403,43.6706,-17.2257,,-4.89391
54.0603,33.1938,-24.5093,,-5.52307
54.0803,21.6444,-30.1581,,-5.97295
54.1003,9.39604,-34.2879,,-6.22974
54.1203,-3.15578,-37.1291,,-6.2855
54.1403,-15.6052,-38.9419,,-6.13799
54.1603,-27.5503,-39.9145,,-5.79229
54.1803,-38.6049,-40.1443,,-5.25928
54.2003,-48.412,-39.7024,,-4.55667
54.2203,-56.6542,-38.6097,,-3.70609
54.2403,-63.0664,-36.8174,,-2.73716
54.2603,-67.4417,-34.1867,,-1.67911
54.2803,-69.6376,-30.434,,-5.67E-01
54.3003,-69.5839,-25.0031,,5.65E-01
54.3203,-67.2807,-17.2176,,1.68E+00
54.3403,-62.806,-7.18834,,2.74E+00
54.3603,-56.3004,3.44781,,3.70527
54.3803,-47.9732,13.0714,,4.55602
54.4003,-38.0969,21.1186,,5.25925
54.4203,-26.9892,27.5084,,5.79205
54.4403,-15.0101,32.2998,,6.13819
54.4603,-2.54552,35.6934,,6.28521
54.4803,10.0006,37.9543,,6.22978
54.5003,22.2233,39.2893,,5.97299
54.5203,33.7281,39.835,,5.52338
54.5403,44.142,39.6926,,4.89435
54.5603,53.1303,38.9058,,4.10884
54.5803,60.4021,37.4399,,3.18918
54.6003,65.722,35.2023,,2.16726
54.6203,68.918,32.0095,,1.07488
54.6403,69.8877,27.4132,,-0.0519177
54.6603,68.6006,20.7633,,-1.17588
54.6803,65.0959,11.6159,,-2.26431
54.7003,59.4877,0.99477,,-3.27885
54.7203,51.9569,-9.22935,,-4.18676
54.7403,42.7467,-18.0109,,-4.95987
54.7603,32.1545,-25.1461,,-5.57312
54.7803,20.5239,-30.6468,,-6.00512
54.8003,8.22993,-34.6474,,-6.24338
54.8203,-4.32935,-37.3894,,-6.28065
54.8403,-1.67E+01,-39.1055,,-6.1137
54.8603,-28.6264,-39.9946,,-5.75023
54.8803,-39.579,-40.1717,,-5.20028
54.9003,-49.2528,-39.6674,,-4.48364
54.9203,-57.3364,-38.5036,,-3.62043
54.9403,-63.5647,-36.6344,,-2.64124
54.9603,-67.7408,-33.9192,,-1.57656
54.9803,-69.7287,-30.0363,,-0.461209
55.0003,-69.4619,-24.3951,,0.670688
55.0203,-66.9525,-16.3699,,1.777
55.0403,-62.2808,-6.19558,,2.82938
55.0603,-55.5952,4.41563,,3.79065
55.0803,-47.1117,13.9214,,4.62838
55.1003,-37.1064,21.819,,5.31581
55.1203,-25.9013,28.0534,,5.83315
55.1403,-13.8598,32.7209,,6.15997
55.1603,-1.37083,35.9987,,6.2889
55.1803,11.1623,38.156,,6.21436
55.2003,23.3344,39.4013,,5.9389
55.2203,34.7523,39.892,,5.4718
55.2403,45.0469,39.6797,,4.82734
55.2603,53.886,38.8242,,4.02819
55.2803,60.9846,37.2891,,3.09729
55.3003,66.1116,34.9751,,2.07E+00
55.3203,69.1037,31.669,,0.970837
55.3403,69.8624,26.9143,,-0.15762
55.3603,68.3656,20.0167,,-1.27946
55.3803,64.6592,10.65,,-2.36271
55.4003,58.862,-9.77E-03,,-3.36864
55.4203,51.1632,-10.1291,,-4.26508
55.4403,41.8107,-18.782,,-5.02433
55.4603,31.1064,-25.7792,,-5.62139
55.4803,19.3972,-31.1191,,-6.03587
55.5003,7.06175,-34.9877,,-6.25566
55.5203,-5.50179,-37.6352,,-6.27342
55.5403,-17.8872,-39.2734,,-6.0882
55.5603,-29.6947,-40.0724,,-5.70622
55.5803,-40.5412,-40.1749,,-5.13934
55.6003,-50.0789,-39.6175,,-4.40907
55.6203,-57.9994,-38.3902,,-3.53427
55.6403,-64.0448,-36.4421,,-2.54428
55.6603,-68.0194,-33.6261,,-1.47305
55.6803,-69.799,-29.6134,,-0.357064
55.7003,-69.3228,-23.7732,,0.774771
55.7203,-66.6068,-15.4951,,1.87941
55.7403,-61.7385,-5.18288,,2.92338
55.7603,-54.8752,5.37673,,3.87473
55.7803,-46.2369,14.7576,,4.69875
55.8003,-36.1053,22.5133,,5.37253
55.8203,-24.8064,28.6001,,5.87119
55.8403,-12.7061,33.1176,,6.1809
55.8603,-0.195581,36.2894,,6.29064
55.8803,12.321,38.3495,,6.19712
55.9003,24.4392,39.5199,,5.90316
55.9203,35.7672,39.9282,,5.41875
55.9403,45.9392,39.663,,4.75881
55.9603,54.6275,38.7406,,3.94656
55.9803,61.5503,37.1308,,3.00493
56.0003,66.4844,34.7361,,1.96799
56.0203,69.2709,31.3146,,0.865608
56.0403,69.8187,26.3872,,-0.263179
56.0603,68.1113,19.255,,-1.38398
56.0803,64.2039,9.68708,,-2.45947
56.1003,58.2202,-1.01679,,-3.45776
56.1203,50.3556,-11.0327,,-4.34283
56.1403,40.8621,-19.5358,,-5.08706
56.1603,30.0496,-26.3818,,-5.6675
56.1803,18.2655,-31.5982,,-6.06507
56.2003,5.89154,-35.3343,,-6.26576
56.2203,-6.67262,-37.8621,,-6.26473
56.2403,-19.0208,-39.4127,,-6.06048
56.2603,-30.7542,-40.1593,,-5.66122
56.2803,-41.4936,-40.1896,,-5.0787
56.3003,-50.8923,-39.5565,,-4.3324
56.3203,-58.6465,-38.2594,,-3.44508
56.3403,-64.5052,-36.2504,,-2.44749
56.3603,-68.2805,-33.3429,,-1.37105
56.3803,-69.8498,-29.1662,,-0.250218
56.4003,-69.1634,-23.1102,,0.879595
56.4203,-66.2409,-14.6073,,1.97944
56.4403,-61.1793,-4.18371,,3.01732
56.4603,-54.1384,6.33616,,3.95693
56.4803,-45.3493,15.5863,,4.76873
56.5003,-35.0929,23.1865,,5.42644
56.5203,-23.7037,29.1309,,5.90869
56.5403,-11.5484,33.5148,,6.19956
56.5603,0.979714,36.5647,,6.29034
56.5803,13.4757,38.5318,,6.17787
56.6003,25.5363,39.6246,,5.86567
56.6203,36.7713,39.969,,5.36472
56.6403,46.8191,39.6377,,4.68921
56.6603,55.3528,38.6479,,3.86295
56.6803,62.0987,36.9675,,2.91219
56.7003,66.8381,34.4892,,1.86703
56.7203,69.4172,30.9569,,0.760462
56.7403,69.7536,25.8392,,-0.36892
56.7603,67.8378,18.4587,,-1.48642
56.7803,63.7292,8.70673,,-2.55723
56.8003,57.5633,-2.0019,,-3.54443
56.8203,49.5334,-11.9218,,-4.41896
56.8403,39.9038,-20.291,,-5.14891
56.8603,28.9842,-26.9742,,-5.71306
56.8803,17.1285,-32.0412,,-6.09191
56.9003,4.71977,-35.663,,-6.27437
56.9203,-7.84154,-38.0914,,-6.25406
56.9403,-20.1492,-39.5485,,-6.03177
56.9603,-31.8054,-40.22,,-5.61418
56.9803,-42.4335,-40.192,,-5.01522
57.0003,-51.6904,-39.4983,,-4.2553
57.0203,-59.2774,-38.132,,-3.3561
57.0403,-64.9495,-36.0439,,-2.34998
57.0603,-68.5219,-33.031,,-1.26795
57.0803,-69.882,-28.708,,-0.14411
57.1003,-68.984,-22.4403,,0.983659
57.1203,-65.8565,-13.7009,,2.08047
57.1403,-60.6021,-3.16032,,3.10951
57.1603,-53.3882,7.28531,,4.03801
57.1803,-44.4486,16.3974,,4.83751
57.2003,-34.0726,23.8435,,5.47909
57.2203,-22.5948,29.6431,,5.94434
57.2403,-10.3879,33.9029,,6.21667
57.2603,2.15459,36.8351,,6.28839
57.2803,14.6271,38.7055,,6.15729
57.3003,26.6266,39.7213,,5.82679
57.3203,37.7662,40.0015,,5.30835
57.3403,47.6838,39.6041,,4.6177
57.3603,56.0622,38.5437,,3.77974
57.3803,62.6299,36.7964,,2.81796
57.4003,67.1725,34.2367,,1.76525
57.4203,69.5443,30.5642,,0.65567
57.4403,69.6694,25.2654,,-0.474604
57.4603,67.5442,17.6528,,-1.58901
57.4803,63.239,7.7205,,-2.65253
57.5003,56.8886,-3.00446,,-3.63205
57.5203,48.6975,-12.8017,,-4.49318
57.5403,38.9334,-21.0121,,-5.20974
57.5603,27.9109,-27.5556,,-5.75602
57.5803,15.9866,-32.483,,-6.11772
57.6003,3.54649,-35.9797,,-6.28113
57.6203,-9.00814,-38.3005,,-6.24181
57.6403,-21.2712,-39.6865,,-6.00058
57.6603,-32.8471,-40.2854,,-5.56563
57.6803,-43.3622,-40.1813,,-4.95168
57.7003,-52.4739,-39.43,,-4.17456
57.7203,-59.8913,-37.9988,,-3.2677
57.7403,-65.3743,-35.8227,,-2.25146
57.7603,-68.7436,-32.7053,,-1.16384
57.7803,-69.894,-28.2389,,-0.0385321
57.8003,-68.7846,-21.7487,,1.08832
57.8203,-65.4537,-12.76,,2.17887
57.8403,-60.0083,-2.13981,,3.20114
57.8603,-52.6222,8.21481,,4.11967
57.8803,-43.5339,17.1893,,4.90471
57.9003,-33.0407,24.5032,,5.5295
57.9203,-21.4793,30.1513,,5.97812
57.9403,-9.22432,34.2682,,6.23175
57.9603,3.32905,37.093,,6.28491
57.9803,15.7743,38.8788,,6.13476
58.0003,27.7096,39.8122,,5.78593
58.0203,38.7493,40.023,,5.25044
58.0403,48.5368,39.5647,,4.54652
58.0603,56.7567,38.4357,,3.69338
58.0803,63.1415,36.6187,,2.72305
58.1003,67.4874,33.9719,,1.66394
58.1203,69.6522,30.1696,,0.550737
58.1403,69.5666,24.6787,,-0.580538
58.1603,67.2334,16.8171,,-1.69054
58.1803,62.7292,6.71466,,-2.74881
58.2003,56.1974,-3.98926,,-3.71782
58.2203,47.8469,-13.6618,,-4.56717
58.2403,37.9507,-21.7276,,-5.26755
58.2603,26.8292,-28.1283,,-5.79796
58.2803,14.8401,-32.915,,-6.14138
58.3003,2.3723,-36.2795,,-6.28621
58.3203,-10.1722,-38.5073,,-6.22754
58.3403,-22.3878,-39.8144,,-5.96791
58.3603,-33.8793,-40.3399,,-5.51568
58.3803,-44.2761,-40.165,,-4.88474
58.4003,-53.243,-39.35,,-4.09671
58.4203,-60.4894,-37.8587,,-3.17651
58.4403,-65.7811,-35.6036,,-2.15224
58.4603,-68.9463,-32.3731,,-1.05948
58.4803,-69.8855,-27.7415,,0.0671185
58.5003,-68.5675,-21.024,,1.19163
58.5203,-65.0332,-11.8185,,2.2787
58.5403,-59.3975,-1.1297,,3.29126
58.5603,-51.8411,9.15037,,4.19965
58.5803,-42.6084,17.9788,,4.96946
58.6003,-32.0007,25.1374,,5.57988
58.6203,-20.3581,30.6405,,6.00991
58.6403,-8.05789,34.626,,6.2456
58.6603,4.5024,37.3414,,6.27936
58.6803,16.9169,39.0382,,6.11027
58.7003,28.7841,39.9024,,5.74334
58.7203,39.722,40.0442,,5.19277
58.7403,49.3761,39.5152,,4.47191
58.7603,57.4343,38.3324,,3.60759
58.7803,63.6365,36.4347,,2.62662
58.8003,67.7836,33.6878,,1.56194
58.8203,69.7395,29.7581,,0.445272
58.8403,69.443,24.0735,,-0.684962
58.8603,66.9036,15.9584,,-1.79257
58.8803,62.2023,5.70327,,-2.8437
58.9003,55.4894,-4.96403,,-3.80318
58.9203,46.9828,-14.5122,,-4.63872
58.9403,36.9591,-22.4383,,-5.32444
58.9603,25.7398,-28.6806,,-5.8389
58.9803,13.6896,-33.323,,-6.16293
59.0003,1.19737,-36.577,,-6.2894
59.0203,-11.3335,-38.7084,,-6.21179
59.0403,-23.4979,-39.9251,,-5.93359
59.0603,-34.9025,-40.382,,-5.4641
59.0803,-45.1795,-40.1562,,-4.81803
59.1003,-53.9967,-39.2695,,-4.01532
59.1203,-61.0697,-37.7033,,-3.08467
59.1403,-66.1684,-35.3697,,-2.05208
59.1603,-69.1297,-32.0335,,-0.955498
59.1803,-69.8571,-27.2361,,0.172804
59.2003,-68.3294,-20.2761,,1.29572
59.2203,-64.5927,-10.8552,,2.37665
59.2403,-58.7694,-0.115598,,3.38146
59.2603,-51.0451,10.0577,,4.27659
59.2803,-41.6719,18.7481,,5.03387
59.3003,-30.9515,25.7649,,5.62824
59.3203,-19.2307,31.1189,,6.04061
59.3403,-6.88927,34.9673,,6.25734
59.3603,5.67449,37.5803,,6.27192
59.3803,18.055,39.1958,,6.08451
59.4003,29.8515,39.98,,5.69978
59.4203,40.6837,40.0472,,5.13153
59.4403,50.2006,39.4619,,4.3968
59.4603,58.096,38.2189,,3.52047
59.4803,64.1134,36.2383,,2.53068
59.5003,68.0605,33.3941,,1.45914
59.5203,69.8079,29.3322,,0.339595
59.5403,69.3,23.4395,,-0.790162
59.5603,66.5537,15.0752,,-1.89348
59.5803,61.6576,4.6864,,-2.93828
59.6003,54.7671,-5.93257,,-3.88547
59.6203,46.1072,-15.3493,,-4.71017
59.6403,35.956,-23.133,,-5.38029
59.6603,24.6433,-29.2244,,-5.87755
59.6803,12.5351,-33.725,,-6.18313
59.7003,0.0221214,-36.8606,,-6.29067
59.7203,-12.4915,-38.8994,,-6.1944
59.7403,-24.6013,-40.0395,,-5.89772
59.7603,-35.9158,-40.4206,,-5.41083
59.7803,-46.07,-40.1281,,-4.74904
59.8003,-54.7358,-39.1848,,-3.93461
59.8203,-61.6333,-37.542,,-2.99115
59.8403,-66.5378,-35.1248,,-1.95171
59.8603,-69.2926,-31.6741,,-0.85119
59.8803,-69.8105,-26.7014,,0.279068
59.9003,-68.073,-19.5058,,1.39837
59.9203,-64.1357,-9.87247,,2.47436
59.9403,-58.1253,0.889652,,3.4701
59.9603,-50.2355,10.9641,,4.35433
59.9803,-40.7224,19.51,,5.09685
60.0003,-29.3369,26.9462,,6.29621