0.0203282,0.0921142,0.329646,,8.12E-02
0.0403325,0.271176,0.994337,,0.0900762
0.0603368,0.449862,1.63056,,0.0889476
0.0803258,0.626902,2.25654,,0.0880416
0.10033,0.801689,2.86239,,0.0867743
0.120334,0.97362,3.43611,,0.0851874
0.140339,1.14202,3.99591,,0.0832461
0.160328,1.3063,4.54068,,0.081097
0.180332,1.4659,5.06558,,0.0785934
0.200336,1.62023,5.55054,,0.0758292
0.22034,1.76872,6.02501,,0.0727599
0.240329,1.9108,6.50832,,0.0694852
0.260334,2.04603,6.90262,,6.59E-02
0.280338,2.17393,7.29235,,6.22E-02
0.300327,2.294,7.6403,,5.81E-02
0.320331,2.4058,7.96954,,5.38E-02
0.340336,2.50888,8.25804,,0.0494567
0.36034,2.60303,8.52251,,0.0448864
0.380329,2.68781,8.74504,,0.0401319
0.400333,2.7628,8.92762,,0.0350928
0.420337,2.82799,9.09105,,0.0302434
0.440326,2.8829,9.22082,,0.0250209
0.460331,2.92751,9.30323,,0.0198426
0.480335,2.96156,9.35442,,0.0144698
0.500339,2.98493,9.38151,,9.18E-03
0.520328,2.99758,9.36789,,3.71E-03
0.540332,2.99942,9.31609,,-1.62E-03
0.560337,2.99038,9.22966,,-7.09E-03
0.580326,2.97071,9.11551,,-0.0123714
0.60033,2.94031,8.97015,,-0.0177417
0.620334,2.89936,8.78608,,-0.0229439
0.640339,2.8479,8.56769,,-0.0281766
0.660328,2.78623,8.32459,,-0.0332206
0.680332,2.71453,8.05212,,-0.0382147
0.700336,2.6331,7.73903,,-0.0429929
0.72034,2.54219,7.40521,,-0.0476835
0.740329,2.44206,7.04322,,-0.0521939
0.760334,2.33316,6.65425,,-0.0564358
0.780338,2.21593,6.23641,,-0.0605822
0.800327,2.09064,5.79382,,-0.0644929
0.820331,1.96E+00,5.33684,,-0.0680615
0.840336,1.81803,4.85219,,-0.0715193
0.86034,1.67169,4.34775,,-0.0746461
0.880329,1.51934,3.82584,,-0.0775312
0.900333,1.36146,3.28914,,-0.0801291
0.920337,1.19873,2.73982,,-0.0824477
0.940326,1.03166,2.1753,,-0.0844409
0.960331,0.860884,1.60333,,-0.0861893
0.980335,0.687026,1.02641,,-0.0875792
1.00034,0.510672,0.442788,,-0.0886936
1.02033,0.332494,-0.144845,,-0.0894036
1.04033,0.153127,-0.736796,,-0.089868
1.06034,-0.0268047,-1.3243,,-0.0899701
1.08033,-0.206643,-1.90998,,-0.0898207
1.10033,-0.385713,-2.48847,,-0.0892425
1.12033,-0.56344,-3.05351,,-0.0884667
1.14034,-0.739101,-3.6218,,-0.0872394
1.16033,-0.912136,-4.16396,,-0.0857674
1.18033,-1.08186,-4.69084,,-0.083994
1.20034,-1.24769,-5.20621,,-0.0818918
1.22034,-1.40903,-5.69986,,-0.0795203
1.24033,-1.56533,-6.17009,,-0.0768612
1.26033,-1.71598,-6.61482,,-0.073958
1.28034,-1.86044,-7.03593,,-0.0706053
1.30033,-1.99817,-7.43605,,-0.0672511
1.32033,-2.12877,-7.80781,,-6.35E-02
1.34034,-2.25171,-8.15458,,-5.96E-02
1.36034,-2.36653,-8.46036,,-5.54E-02
1.38033,-2.47283,-8.7386,,-5.11E-02
1.40033,-2.57022,-8.99779,,-0.0464878
1.42034,-2.65833,-9.22407,,-0.0418173
1.44033,-2.73695,-9.39797,,-0.0370404
1.46033,-2.80573,-9.54843,,-0.0319878
1.48033,-2.86434,-9.6825,,-0.0268527
1.50034,-2.91265,-9.77197,,-0.0217051
1.52033,-2.9505,-9.81937,,-0.0164236
1.54033,-2.97774,-9.83793,,-0.0110481
1.56034,-2.99427,-9.83519,,-5.72E-03
1.58033,-3.00001,-9.7929,,-2.78E-04
1.60033,-2.9949,-9.70577,,5.12E-03
1.62033,-2.97904,-9.59466,,0.0104363
1.64034,-2.95246,-9.45344,,0.0157946
1.66033,-2.9153,-9.27728,,0.0211566
1.68033,-2.86757,-9.06754,,0.0263257
1.70034,-2.80956,-8.82979,,0.0313873
1.72034,-2.74142,-8.56038,,0.0364452
1.74033,-2.66352,-8.25976,,0.0412745
1.76033,-2.57595,-7.93825,,0.0460276
1.78034,-2.47903,-7.57897,,0.0505946
1.80033,-2.37331,-7.1926,,0.0548923
1.82033,-2.25905,-6.79087,,0.0591732
1.84034,-2.13658,-6.36001,,0.0630333
1.86034,-2.00647,-5.89914,,0.0667886
1.88033,-1.86915,-5.42348,,0.0703183
1.90033,-1.7251,-4.93089,,0.0735898
1.92034,-1.5748,-4.4137,,0.0765294
1.94033,-1.41884,-3.87744,,0.079181
1.96033,-1.25782,-3.33413,,0.0816782
1.98033,-1.09221,-2.7813,,0.0837961
2.00034,-0.922728,-2.20453,,0.0856001
2.02033,-0.749908,-1.62092,,0.087083
2.04033,-0.574368,-1.03421,,0.0882898
2.06034,-0.396767,-0.453235,,0.0892289
2.08033,-0.217757,0.147318,,0.0897106
2.10033,-0.0379661,0.740086,,0.0899818
2.12033,0.141991,1.32455,,0.089921
2.14034,0.321414,1.90973,,0.0894739
2.16033,0.499701,2.48222,,0.0887702
2.18033,0.676172,3.04672,,0.0877611
2.20034,0.850219,3.5917,,0.0863286
2.22034,1.02118,4.13649,,0.0846406
2.24033,1.18849,4.65774,,0.0827035
2.26033,1.35153,5.15046,,0.080375
2.28034,1.50969,5.6378,,0.0778815
2.30033,1.66244,6.10705,,0.0749583
2.32033,1.80919,6.54681,,0.0718811
2.34034,1.94943,6.94977,,0.0684918
2.36034,2.08265,7.33445,,6.49E-02
2.38033,2.20837,7.7028,,6.10E-02
2.40033,2.32614,8.03032,,5.69E-02
2.42034,2.43557,8.32329,,5.27E-02
2.44033,2.53622,8.59182,,0.0481742
2.46033,2.62772,8.83175,,0.0435718
2.48033,2.70979,9.03852,,0.0387249
2.50034,2.78211,9.20018,,3.38E-02
2.52033,2.84434,9.34659,,2.87E-02
2.54033,2.89639,9.4543,,2.36E-02
2.56034,2.93801,9.52105,,1.82E-02
2.58033,2.96913,9.55702,,1.30E-02
2.60033,2.98949,9.56171,,7.64E-03
2.62033,2.99921,9.53979,,2.31E-03
2.64034,2.99802,9.46709,,-3.23E-03
2.66033,2.98591,9.36485,,-8.54E-03
2.68033,2.96323,9.24388,,-1.39E-02
2.70034,2.92986,9.07708,,-1.91E-02
2.72034,2.88601,8.88457,,-2.45E-02
2.74033,2.83169,8.6461,,-2.96E-02
2.76033,2.76714,8.39082,,-3.46E-02
2.78034,2.69269,8.11443,,-3.96E-02
2.80033,2.60855,7.79165,,-4.43E-02
2.82033,2.51502,7.44288,,-4.90E-02
2.84034,2.41245,7.06648,,-5.34E-02
2.86034,2.30114,6.67406,,-5.77E-02
2.88033,2.18158,6.25252,,-6.17E-02
2.90033,2.05417,5.79494,,-6.55E-02
2.92034,1.91936,5.33311,,-6.91E-02
2.94033,1.77767,4.84236,,-7.24E-02
2.96033,1.6296,4.32333,,-7.55E-02
2.98033,1.47562,3.79865,,-7.83E-02
3.00034,1.31631,3.2598,,-8.08E-02
3.02033,1.15231,2.70416,,-8.31E-02
3.04033,0.984156,2.1279,,-8.49E-02
3.06034,0.812439,1.55849,,-8.66E-02
3.08033,0.637802,0.988675,,-8.80E-02
3.10033,0.460869,0.392242,,-8.89E-02
3.12033,0.282292,-0.204262,,-8.96E-02
3.14034,0.10269,-0.791615,,-8.99E-02
3.16033,-0.077256,-1.37131,,-9.00E-02
3.18033,-0.25694,-1.95886,,-0.0896682
3.20034,-0.435711,-2.54573,,-0.0890707
3.22034,-0.612913,-3.11687,,-0.0881218
3.24033,-0.787918,-3.66284,,-0.0868762
3.26033,-0.960071,-4.2017,,-0.0853239
3.28034,-1.12875,-4.73979,,-0.0834231
3.30033,-1.2934,-5.25089,,-0.0812779
3.32033,-1.45338,-5.72698,,-0.0787825
3.34034,-1.60814,-6.19082,,-0.0760774
3.36034,-1.75712,-6.64353,,-0.0730108
3.38033,-1.89975,-7.06821,,-0.0697335
3.40033,-2.03554,-7.45081,,-0.0661631
3.42034,-2.16405,-7.812,,-6.25E-02
3.44033,-2.28473,-8.15799,,-5.84E-02
3.46033,-2.39719,-8.46847,,-5.42E-02
3.48033,-2.501,-8.74404,,-0.0497715
3.50034,-2.5959,-8.98398,,-0.0452496
3.52033,-2.6814,-9.19968,,-0.0405035
3.54033,-2.75717,-9.38485,,-0.0355759
3.56034,-2.82311,-9.52846,,-0.0305939
3.58033,-2.87893,-9.6402,,-0.025434
3.60033,-2.92428,-9.73186,,-0.0202016
3.62033,-2.9592,-9.77404,,-0.0149669
3.64034,-2.98342,-9.78569,,-9.47E-03
3.66033,-2.99692,-9.76704,,-4.29E-03
3.68033,-2.99967,-9.7186,,1.26E-03
3.70034,-2.9915,-9.63112,,6.60E-03
3.72034,-2.97266,-9.50328,,0.0119717
3.74033,-2.94314,-9.35613,,0.0172762
3.76033,-2.90292,-9.16971,,0.0226096
3.78034,-2.85237,-8.956,,0.0277663
3.80033,-2.79151,-8.7084,,0.0327898
3.82033,-2.72064,-8.42913,,0.0378055
3.84034,-2.63992,-8.12328,,0.042635
3.86034,-2.54974,-7.78596,,0.0472855
3.88033,-2.4503,-7.43085,,0.0518206
3.90033,-2.34213,-7.03813,,0.0561725
3.92034,-2.22554,-6.61709,,0.0602005
3.94033,-2.1009,-6.17845,,0.064178
3.96033,-1.96869,-5.72347,,0.0678253
3.98033,-1.82945,-5.23766,,0.0712223
4.00034,-1.68359,-4.72795,,0.0744231
4.02033,-1.53166,-4.20945,,0.0773474
4.04033,-1.37425,-3.67451,,0.0798619
4.06034,-1.21185,-3.1287,,0.0823757
4.08033,-1.04511,-2.56265,,0.0842418
4.10033,-0.874614,-1.98274,,0.0860668
4.12033,-0.700963,-1.39967,,0.087463
4.14034,-0.524797,-0.815012,,0.0885889
4.16033,-0.346729,-0.219536,,0.0893968
4.18033,-0.167422,0.371047,,0.0898444
4.20034,0.0124903,0.96631,,0.0899374
4.22034,0.19237,1.55028,,0.0898881
4.24033,0.371518,2.12893,,0.0893175
4.26033,0.549347,2.70632,,0.088485
4.28034,0.725223,3.25905,,0.0873981
4.30033,0.898497,3.81269,,0.0858994
4.32033,1.06846,4.34249,,0.0840915
4.34034,1.23464,4.85262,,0.0821351
4.36034,1.39639,5.35717,,0.0797502
4.38033,1.5531,5.8429,,0.0769997
4.40033,1.70419,6.29476,,0.0741673
4.42034,1.84916,6.71917,,0.0709776
4.44033,1.98752,7.13049,,0.0675072
4.46033,2.11868,7.51229,,6.38E-02
4.48033,2.24222,7.85941,,5.99E-02
4.50034,2.35771,8.18176,,5.57E-02
4.52033,2.4647,8.4682,,5.15E-02
4.54033,2.56277,8.73561,,0.046871
4.56034,2.65163,8.96339,,0.042224
4.58033,2.73105,9.15523,,0.037369
4.60033,2.80059,9.31468,,0.0323804
4.62033,2.86008,9.44784,,0.0273463
4.64034,2.90921,9.54827,,0.022035
4.66033,2.94788,9.60158,,0.0168076
4.68033,2.97595,9.63218,,0.0115092
4.70034,2.9933,9.62895,,6.17E-03
4.72034,2.99996,9.58806,,7.71E-04
4.74033,2.99573,9.51046,,-4.68E-03
4.76033,2.98069,9.40516,,-0.0100758
4.78034,2.95502,9.2658,,-0.0153655
4.80033,2.91857,9.09395,,-0.0207594
4.82033,2.87178,8.88202,,-0.0258351
4.84034,2.81463,8.64885,,-0.031041
4.86034,2.74724,8.38944,,-0.0360627
4.88033,2.67007,8.08354,,-0.0408801
4.90033,2.58326,7.75423,,-0.0456448
4.92034,2.48714,7.40382,,-0.0502214
4.94033,2.38206,7.0267,,-0.0545533
4.96033,2.26844,6.61367,,-0.0588098
4.98033,2.14666,6.17767,,-0.0627816
5.00034,2.01712,5.72669,,-0.0665776
5.02033,1.88037,5.25807,,-0.0699883
5.04033,1.73681,4.74687,,-0.0733034
5.06034,1.58701,4.22095,,-0.0763113
5.08033,1.43148,3.69998,,-0.0790277
5.10033,1.27086,3.15417,,-0.0814337
5.12033,1.10561,2.58911,,-0.0836353
5.14034,0.93639,2.01217,,-0.085432
5.16033,0.763782,1.43904,,-0.0870644
5.18033,0.588431,0.859587,,-0.0881885
5.20034,0.411004,0.267544,,-0.0891203
5.22034,0.23205,-0.328652,,-0.0897576
5.24033,0.0522821,-0.920382,,-0.0899444
5.26033,-0.127661,-1.50523,,-0.0899338
5.28034,-0.307156,-2.08924,,-0.0895156
5.30033,-0.485543,-2.67451,,-0.0888482
5.32033,-0.662215,-3.23679,,-0.0878638
5.34034,-0.836479,-3.793,,-0.0864301
5.36034,-1.00774,-4.33711,,-0.0848295
5.38033,-1.17535,-4.85982,,-0.0828475
5.40033,-1.33872,-5.36272,,-0.0805646
5.42034,-1.49731,-5.84981,,-0.0780942
5.44033,-1.65047,-6.31028,,-0.0752363
5.46033,-1.79774,-6.74861,,-0.0721039
5.48033,-1.93849,-7.16426,,-0.0687528
5.50034,-2.0723,-7.55104,,-6.52E-02
5.52033,-2.19866,-7.91314,,-6.13E-02
5.54033,-2.31711,-8.23684,,-5.73E-02
5.56034,-2.42717,-8.53964,,-5.30E-02
5.58033,-2.52859,-8.81219,,-0.0485989
5.60033,-2.62081,-9.05468,,-0.0439415
5.62033,-2.70363,-9.25683,,-0.0390633
5.64034,-2.77671,-9.42623,,-3.43E-02
5.66033,-2.83982,-9.57326,,-2.91E-02
5.68033,-2.89269,-9.67695,,-2.40E-02
5.70034,-2.93515,-9.74822,,-1.87E-02
5.72034,-2.96712,-9.78758,,-1.34E-02
5.74033,-2.98828,-9.79144,,-8.04E-03
5.76033,-2.99879,-9.77204,,-2.70E-03
5.78034,-2.99851,-9.70328,,2.75E-03
5.80033,-2.9873,-9.61016,,8.05E-03
5.82033,-2.96546,-9.48227,,1.36E-02
5.84034,-2.93297,-9.31391,,1.87E-02
5.86034,-2.8899,-9.12629,,2.40E-02
5.88033,-2.83639,-8.90517,,2.92E-02
5.90033,-2.77265,-8.64522,,3.43E-02
5.92034,-2.69893,-8.35469,,3.92E-02
5.94033,-2.61557,-8.03814,,4.39E-02
5.96033,-2.52278,-7.70073,,4.86E-02
5.98033,-2.42089,-7.32606,,5.31E-02
6.00034,-2.31034,-6.92613,,5.72E-02
6.02033,-2.19143,-6.49779,,6.14E-02
6.04033,-2.06461,-6.05503,,6.52E-02
6.06034,-1.93035,-5.58697,,6.88E-02
6.08033,-1.78917,-5.09408,,7.21E-02
6.10033,-1.64159,-4.58199,,7.53E-02
6.12033,-1.48809,-4.05502,,7.81E-02
6.14034,-1.32917,-3.51634,,8.06E-02
6.16033,-1.16553,-2.95621,,8.29E-02
6.18033,-0.997671,-2.38885,,8.48E-02
6.20034,-0.826244,-1.81232,,8.65E-02
6.22034,-0.6518,-1.22136,,8.78E-02
6.24033,-0.475055,-0.628318,,8.89E-02
6.26033,-0.296576,-0.0368958,,8.95E-02
6.28034,-0.117045,0.560753,,8.99E-02
6.30033,0.0629124,1.15531,,9.00E-02
6.32033,0.242664,1.74213,,0.0897644
6.34034,0.42151,2.31416,,0.0890752
6.36034,0.598856,2.88563,,0.0882697
6.38033,0.774029,3.44982,,0.0869141
6.40033,0.946434,3.99819,,0.0855012
6.42034,1.11546,4.52161,,0.083595
6.44033,1.28043,5.03234,,0.0813636
6.46033,1.44082,5.53707,,0.0790654
6.48033,1.59603,6.01247,,0.0763046
6.50034,1.74545,6.45671,,0.0732604
6.52033,1.88861,6.88161,,0.0700007
6.54033,2.02501,7.28539,,0.0665198
6.56034,2.15408,7.66651,,6.27E-02
6.58033,2.2754,8.00369,,5.87E-02
6.60033,2.38855,8.30429,,5.46E-02
6.62033,2.49307,8.59676,,0.0501179
6.64034,2.58862,8.85543,,0.0456033
6.66033,2.67487,9.0718,,0.0408753
6.68033,2.75155,9.25245,,0.0360647
6.70034,2.81832,9.40991,,0.030914
6.72034,2.87483,9.53697,,0.0258121
6.74033,2.92106,9.62095,,0.02069
6.76033,2.95682,9.67153,,0.0153517
6.78034,2.98184,9.68652,,9.98E-03
6.80033,2.99627,9.67984,,4.61E-03
6.82033,2.99986,9.62761,,-7.47E-04
6.84034,2.99252,9.54387,,-6.24E-03
6.86034,2.97455,9.42761,,-0.0115288
6.88033,2.94591,9.27643,,-0.0168364
6.90033,2.90651,9.09594,,-0.0222386
6.92034,2.85676,8.8793,,-0.0273188
6.94033,2.79676,8.63035,,-0.0324067
6.96033,2.72665,8.36199,,-0.0373781
6.98033,2.64677,8.05029,,-0.042277
7.00034,2.55727,7.71072,,-0.0469536
7.02033,2.45858,7.34888,,-0.0514913
7.04033,2.35109,6.96312,,-0.0557251
7.06034,2.23513,6.54683,,-0.0599666
7.08033,2.11113,6.09781,,-0.0638521
7.10033,1.97948,5.63555,,-0.0675652
7.12033,1.84074,5.15788,,-0.0709736
7.14034,1.69541,4.64851,,-0.0741237
7.16033,1.54395,4.1187,,-0.0771444
7.18033,1.38695,3.58382,,-0.0796901
7.20034,1.22492,3.03655,,-0.0821493
7.22034,1.05853,2.46406,,-0.0841142
7.24033,0.888315,1.88285,,-0.0859733
7.26033,0.71489,1.30654,,-0.0873107
7.28034,0.538898,0.722096,,-0.0885481
7.30033,0.360956,0.126429,,-0.0892995
7.32033,0.181735,-0.470909,,-0.0898635
7.34034,1.85E-03,-1.06339,,-0.0900012
7.36034,-0.178042,-1.65138,,-0.0898352
7.38033,-0.357291,-2.24402,,-0.0893632
7.40033,-0.535267,-2.81733,,-0.0885661
7.42034,-0.711318,-3.38E+00,,-0.0874747
7.44033,-0.88477,-3.94092,,-0.0860471
7.46033,-1.05508,-4.47973,,-0.0842673
7.48033,-1.22157,-4.99774,,-0.0822604
7.50034,-1.38369,-5.49837,,-0.079943
7.52033,-1.54083,-5.984,,-0.0772825
7.54033,-1.69E+00,-6.43829,,-0.0744119
7.56034,-1.83787,-6.87257,,-0.0711693
7.58033,-1.97674,-7.28141,,-0.0677817
7.60033,-2.1085,-7.66113,,-6.41E-02
7.62033,-2.23268,-8.01698,,-6.02E-02
7.64034,-2.34881,-8.34061,,-5.61E-02
7.66033,-2.45647,-8.63148,,-5.17E-02
7.68033,-2.55528,-8.89724,,-0.047319
7.70034,-2.64498,-9.12774,,-0.0425818
7.72034,-2.72514,-9.3273,,-0.0377891
7.74033,-2.79547,-9.49112,,-0.0327885
7.76033,-2.85571,-9.62151,,-0.0276628
7.78034,-2.90569,-9.72063,,-0.0225617
7.80033,-2.94514,-9.79076,,-0.0172038
7.82033,-2.97413,-9.8213,,-0.0119532
7.84034,-2.99234,-9.81608,,-6.57E-03
7.86034,-2.99981,-9.77788,,-1.20E-03
7.88033,-2.99649,-9.7033,,4.30E-03
7.90033,-2.98225,-9.606,,9.62E-03
7.92034,-2.95744,-9.46413,,0.0149381
7.94033,-2.92193,-9.29374,,0.0202587
7.96033,-2.87595,-9.09107,,0.0254952
7.98033,-2.81953,-8.85651,,0.030636
8.00034,-2.75295,-8.59269,,0.035657
8.02033,-2.67654,-8.29527,,0.0404864
8.04033,-2.59053,-7.96883,,0.0452701
8.06034,-2.49517,-7.6191,,0.0497752
8.08033,-2.3908,-7.24037,,0.0543267
8.10033,-2.27781,-6.82982,,0.0584459
8.12033,-2.15664,-6.39718,,0.0624982
8.14034,-2.02775,-5.93747,,0.0662185
8.16033,-1.89151,-5.46565,,0.0697747
8.18033,-1.74845,-4.97004,,0.0730912
8.20034,-1.59916,-4.44913,,0.0760248
8.22034,-1.44408,-3.91734,,0.0788565
8.24033,-1.2838,-3.36346,,0.0812343
8.26033,-1.11891,-2.80382,,0.0834625
8.28034,-0.949984,-2.22676,,0.0853351
8.30033,-0.777648,-1.64296,,0.0868698
8.32033,-0.602504,-1.05254,,0.0881711
8.34034,-0.425195,-0.45849,,0.089071
8.36034,-0.24637,0.13879,,0.0896787
8.38033,-0.066656,0.740717,,0.0899859
8.40033,0.113307,1.33103,,0.0898804
8.42034,0.292872,1.91502,,0.0895862
8.44033,0.471382,2.49488,,0.0889392
8.46033,0.64818,3.07103,,0.0878859
8.48034,0.822667,3.62581,,0.0865711
8.50034,0.994193,4.16493,,0.0849808
8.52033,1.1621,4.69755,,0.0830172
8.54033,1.32587,5.2103,,0.0807954
8.56034,1.48486,5.69943,,0.0782816
8.58033,1.63851,6.16966,,0.0754542
8.60033,1.78621,6.6155,,0.0724099
8.62033,1.92755,7.04113,,0.0690142
8.64034,2.06189,7.43333,,6.54E-02
8.66033,2.18885,7.79564,,6.17E-02
8.68033,2.30793,8.13336,,5.77E-02
8.70034,2.41873,8.44038,,5.33E-02
8.72034,2.52077,8.72321,,0.0489187
8.74033,2.61381,8.96237,,0.0442964
8.76033,2.69741,9.17255,,0.0395514
8.78034,2.77124,9.35814,,3.45E-02
8.80033,2.83517,9.49967,,2.95E-02
8.82033,2.88881,9.61385,,2.45E-02
8.84034,2.93219,9.68833,,1.91E-02
8.86034,2.96486,9.73884,,1.39E-02
8.88033,2.98693,9.75104,,8.52E-03
8.90033,2.99838,9.71733,,3.14E-03
8.92034,2.99891,9.6591,,-2.36E-03
8.94033,2.9885,9.57233,,-7.70E-03
8.96033,2.96759,9.44578,,-1.30E-02
8.98034,2.93595,9.28416,,-1.84E-02
9.00034,2.89363,9.09014,,-2.36E-02
9.02033,2.84094,8.86936,,-2.88E-02
9.04033,2.77805,8.61735,,-3.37E-02
9.06034,2.70516,8.32468,,-3.89E-02
9.08033,2.62251,8.00375,,-4.36E-02
9.10033,2.53048,7.66384,,-4.82E-02
9.12033,2.42935,7.29768,,-5.27E-02
9.14034,2.31941,6.89312,,-5.70E-02
9.16033,2.20114,6.4623,,-6.10E-02
9.18033,2.07497,6.0198,,-6.49E-02
9.20034,1.9413,5.55371,,-6.85E-02
9.22034,1.80066,5.05381,,-7.18E-02
9.24033,1.65357,4.53342,,-7.51E-02
9.26033,1.50049,4.01041,,-7.78E-02
9.28034,1.34204,3.46655,,-8.05E-02
9.30033,1.17871,2.90275,,-8.27E-02
9.32033,1.01115,2.32762,,-8.47E-02
9.34034,0.839971,1.75464,,-8.64E-02
9.36034,0.665785,1.16683,,-8.77E-02
9.38033,0.489175,0.572196,,-8.88E-02
9.40033,0.310822,-0.0273378,,-8.95E-02
9.42034,0.131342,-0.618837,,-8.99E-02
9.44033,-0.0486186,-1.21283,,-9.01E-02
9.46033,-0.228392,-1.80672,,-0.0897182
9.48034,-0.407326,-2.3987,,-0.0891931
9.50034,-0.584831,-2.97082,,-0.0882895
9.52033,-0.760217,-3.54003,,-0.0871033
9.54033,-0.93288,-4.09214,,-0.0855781
9.56034,-1.10219,-4.62866,,-0.0837645
9.58033,-1.2675,-5.14432,,-0.0816723
9.60033,-1.42826,-5.64308,,-0.0791346
9.62033,-1.5839,-6.12078,,-0.0765277
9.64034,-1.73383,-6.57616,,-0.0735224
9.66033,-1.87751,-7.00401,,-0.0702929
9.68033,-2.01443,-7.40715,,-0.0667618
9.70034,-2.1441,-7.78448,,-6.31E-02
9.72034,-2.26609,-8.13331,,-5.90E-02
9.74033,-2.37985,-8.44979,,-5.49E-02
9.76033,-2.48513,-8.73519,,-0.0505721
9.78034,-2.58135,-8.99341,,-0.0459596
9.80033,-2.66842,-9.21943,,-0.041207
9.82033,-2.74583,-9.40368,,-0.0364084
9.84034,-2.81332,-9.56446,,-0.0313166
9.86034,-2.87068,-9.69187,,-0.0262957
9.88033,-2.91779,-9.78188,,-0.0210728
9.90033,-2.95433,-9.83473,,-0.0157521
9.92034,-2.98026,-9.85446,,-0.0104245
9.94033,-2.99554,-9.84485,,-5.09E-03
9.96033,-3.00001,-9.79789,,3.73E-04
9.98034,-2.99355,-9.71716,,5.79E-03
10.0003,-2.97642,-9.60457,,0.0110639
10.0203,-2.94854,-9.45791,,0.0164997
10.0403,-2.9101,-9.27555,,0.0217269
10.0603,-2.86116,-9.0651,,0.0269547
10.0803,-2.80193,-8.82012,,0.0320538
10.1003,-2.73255,-8.54333,,0.0370217
10.1203,-2.65342,-8.23659,,0.0418332
10.1403,-2.56473,-7.9077,,0.0465618
10.1603,-2.46679,-7.54867,,0.0511084
10.1803,-2.35999,-7.15608,,0.0554661
10.2003,-2.2447,-6.73304,,0.0595977
10.2203,-2.1213,-6.29732,,0.0635019
10.2403,-1.9903,-5.83642,,0.067298
10.2603,-1.85211,-5.35267,,0.0707243
10.2803,-1.70727,-4.8428,,0.0739361
10.3003,-1.55627,-4.31738,,0.0768299
10.3203,-1.39967,-3.78336,,0.0795413
10.3403,-1.23806,-3.22116,,0.0819197
10.3603,-1.07198,-2.65214,,0.0840211
10.3803,-0.90201,-2.07379,,0.0858324
10.4003,-0.728841,-1.48776,,0.0872088
10.4203,-0.553018,-0.890626,,0.0884679
10.4403,-0.37521,-0.28919,,0.0892635
10.4603,-0.196049,0.308307,,0.0898093
10.4803,-0.0161907,0.911502,,0.0899858
10.5003,0.163728,1.50474,,0.0898957
10.5203,0.34305,2.08681,,0.0894311
10.5403,0.521132,2.66969,,0.0886159
10.5603,0.697343,3.24597,,0.0875664
10.5803,0.871066,3.80E+00,,0.0861872
10.6003,1.04164,4.33687,,0.084423
10.6203,1.20847,4.86815,,0.0824145
10.6403,1.37095,5.37544,,0.0801545
10.6603,1.52848,5.85761,,0.0775002
10.6803,1.68E+00,6.32718,,0.0746433
10.7003,1.8265,6.77391,,0.0714466
10.7203,1.96595,7.18551,,0.068074
10.7403,2.09829,7.57428,,6.45E-02
10.7603,2.22304,7.93725,,6.05E-02
10.7803,2.33983,8.26589,,5.64E-02
10.8003,2.44821,8.56436,,5.21E-02
10.8203,2.54774,8.83426,,0.0476349
10.8403,2.63816,9.07398,,0.0430039
10.8603,2.71907,9.27408,,0.0381376
10.8803,2.79015,9.44715,,0.033165
10.9003,2.85122,9.58648,,0.0281031
10.9203,2.90207,9.69051,,0.0229426
10.9403,2.94235,9.75663,,0.017679
10.9603,2.97217,9.7926,,0.0123489
10.9803,2.99121,9.79891,,7.01E-03
11.0003,2.99962,9.76018,,1.58E-03
11.0203,2.99709,9.69186,,-3.79E-03
11.0403,2.98378,9.58732,,-9.21E-03
11.0603,2.95977,9.45647,,-0.0145542
11.0803,2.92513,9.28747,,-0.0198192
11.1003,2.87993,9.08535,,-0.0250618
11.1203,2.82438,8.85234,,-0.0302383
11.1403,2.75865,8.58476,,-0.0352544
11.1603,2.68306,8.29155,,-0.0400394
11.1803,2.59771,7.96332,,-0.0450027
11.2003,2.50301,7.60936,,-0.0494797
11.2203,2.39943,7.22959,,-0.0539089
11.2403,2.2871,6.81926,,-0.0581276
11.2603,2.16658,6.38632,,-0.0621437
11.2803,2.03828,5.93081,,-0.0659227
11.3003,1.90262,5.45096,,-0.0695467
11.3203,1.76011,4.94793,,-0.0727492
11.3403,1.61126,4.42569,,-0.0758876
11.3603,1.45662,3.89323,,-0.078552
11.3803,1.29674,3.33835,,-0.0811713
11.4003,1.13219,2.7709,,-0.0832714
11.4203,0.963558,2.19573,,-0.0851636
11.4403,0.791465,1.61336,,-0.0867782
11.4603,0.616534,1.02053,,-0.0880544
11.4803,0.439368,0.420049,,-0.0890446
11.5003,0.260619,-0.172394,,-0.0895906
11.5203,0.0809446,-0.77393,,-0.0900136
11.5403,-0.0990234,-1.37395,,-0.0899183
11.5603,-0.278626,-1.96943,,-0.0896406
11.5803,-0.457249,-2.55748,,-0.0889484
11.6003,-0.634216,-3.12744,,-0.0880225
11.6203,-0.808892,-3.6989,,-0.0866751
11.6403,-0.980648,-4.25008,,-0.0851233
11.6603,-1.14891,-4.78286,,-0.0832076
11.6803,-1.313,-5.29349,,-0.0809221
11.7003,-1.47239,-5.79093,,-0.0785109
11.7203,-1.62648,-6.27481,,-0.0757142
11.7403,-1.77475,-6.71265,,-0.0726445
11.7603,-1.9166,-7.13135,,-0.069354
11.7803,-2.0515,-7.53879,,-6.57E-02
11.8003,-2.17907,-7.9118,,-6.20E-02
11.8203,-2.29878,-8.25001,,-5.79E-02
11.8403,-2.41022,-8.55272,,-5.37E-02
11.8603,-2.51296,-8.84225,,-0.0493319
11.8803,-2.60666,-9.09486,,-0.0446239
11.9003,-2.69107,-9.30617,,-0.0399445
11.9203,-2.76571,-9.4843,,-3.50E-02
11.9403,-2.83048,-9.63387,,-3.00E-02
11.9603,-2.885,-9.75929,,-2.47E-02
11.9803,-2.92914,-9.83718,,-1.96E-02
12.0003,-2.9627,-9.87948,,-1.42E-02
12.0203,-2.98563,-9.89194,,-8.93E-03
12.0403,-2.99789,-9.8761,,-3.51E-03
12.0603,-2.9993,-9.821,,1.86E-03
12.0803,-2.98981,-9.72859,,7.28E-03
12.1003,-2.96964,-9.60294,,1.26E-02
12.1203,-2.93882,-9.45184,,1.79E-02
12.1403,-2.89744,-9.26382,,2.32E-02
12.1603,-2.84558,-9.03332,,2.84E-02
12.1803,-2.78345,-8.78085,,3.34E-02
12.2003,-2.71132,-8.50761,,3.84E-02
12.2203,-2.62949,-8.18679,,4.32E-02
12.2403,-2.53817,-7.84194,,4.78E-02
12.2603,-2.43776,-7.47435,,5.23E-02
12.2803,-2.32852,-7.07355,,5.66E-02
12.3003,-2.21091,-6.64714,,6.07E-02
12.3203,-2.08534,-6.19543,,6.46E-02
12.3403,-1.95E+00,-5.72634,,6.82E-02
12.3603,-1.81214,-5.2357,,7.17E-02
12.3803,-1.66555,-4.71519,,7.48E-02
12.4003,-1.51293,-4.19222,,7.77E-02
12.4203,-1.35484,-3.64114,,8.02E-02
12.4403,-1.19191,-3.07679,,8.25E-02
12.4603,-1.02469,-2.50388,,8.45E-02
12.4803,-0.853778,-1.91765,,8.62E-02
12.5003,-0.679811,-1.32467,,8.76E-02
12.5203,-0.503369,-0.726044,,8.87E-02
12.5403,-0.325117,-0.119691,,8.95E-02
12.5603,-0.145697,0.479581,,8.99E-02
12.5803,0.0342453,1.07803,,9.00E-02
12.6003,0.214062,1.6763,,0.089747
12.6203,0.393104,2.26762,,0.0892364
12.6403,0.570711,2.84232,,0.0883303
12.6603,0.746284,3.40967,,0.0872631
12.6803,0.919201,3.96912,,0.085689
12.7003,1.0888,4.51208,,0.0839172
12.7203,1.25444,5.03126,,0.0818166
12.7403,1.41557,5.53561,,0.0793755
12.7603,1.57161,6.02333,,0.0767924
12.7803,1.72204,6.48957,,0.0737425
12.8003,1.86624,6.91806,,0.0705655
12.8203,2.00372,7.3361,,0.0670274
12.8403,2.13402,7.71808,,6.34E-02
12.8603,2.25661,8.0676,,5.94E-02
12.8803,2.37108,8.39655,,5.53E-02
12.9003,2.477,8.68994,,5.08E-02
12.9203,2.57404,8.94719,,0.0464263
12.9403,2.66177,9.18089,,0.0415432
12.9603,2.74001,9.37721,,0.0367874
12.9803,2.80832,9.53856,,0.0317774
13.0003,2.86647,9.66677,,0.0266875
13.0203,2.91442,9.76374,,0.02149
13.0403,2.95179,9.83037,,0.0161247
13.0603,2.97858,9.85185,,0.0108965
13.0803,2.9947,9.83705,,5.49E-03
13.1003,2.99999,9.80229,,7.97E-05
13.1203,2.99446,9.72659,,-5.32E-03
13.1403,2.97816,9.60745,,-0.0106929
13.1603,2.9512,9.46138,,-0.016023
13.1803,2.91352,9.29262,,-0.0213358
13.2003,2.86539,9.07682,,-0.026517
13.2203,2.80699,8.83094,,-0.031646
13.2403,2.73843,8.56195,,-0.0366223
13.2603,2.66006,8.25332,,-0.0414992
13.2803,2.57215,7.91509,,-0.0461918
13.3003,2.4749,7.55472,,-0.0507243
13.3203,2.36879,7.16945,,-0.0551563
13.3403,2.25414,6.74773,,-0.0592938
13.3603,2.13141,6.30298,,-0.0631949
13.3803,2.00094,5.83929,,-0.0669944
13.4003,1.86332,5.3492,,-0.0704456
13.4203,1.71898,4.8433,,-0.073691
13.4403,1.5685,4.31733,,-0.0765991
13.4603,1.4123,3.76788,,-0.0793826
13.4803,1.25108,3.21459,,-0.0817313
13.5003,1.0853,2.64079,,-0.0838523
13.5203,0.91565,2.05985,,-0.085672
13.5403,0.742704,1.46629,,-0.0871504
13.5603,0.567073,0.871923,,-0.0883624
13.5803,0.38941,0.279477,,-0.0892081
13.6003,0.210355,-0.3267,,-0.08978
13.6203,0.030524,-0.930955,,-0.0899733
13.6403,-0.149404,-1.53349,,-0.0898773
13.6603,-0.328824,-2.12264,,-8.95E-02
13.6803,-0.507032,-2.70664,,-0.0887382
13.7003,-0.683419,-3.29341,,-0.0876726
13.7203,-0.857357,-3.85443,,-0.0862649
13.7403,-1.02821,-4.3992,,-0.0846326
13.7603,-1.19533,-4.93509,,-0.0825562
13.7803,-1.35815,-5.44914,,-0.0803091
13.8003,-1.51613,-5.93897,,-0.077764
13.8203,-1.67E+00,-6.4058,,-0.0748991
13.8403,-1.81516,-6.85571,,-0.0717229
13.8603,-1.95514,-7.27348,,-0.0682982
13.8803,-2.08801,-7.66197,,-6.47E-02
13.9003,-2.21343,-8.02908,,-6.09E-02
13.9203,-2.33087,-8.36844,,-5.67E-02
13.9403,-2.43997,-8.67136,,-5.25E-02
13.9603,-2.54016,-8.94683,,-0.0479462
13.9803,-2.63125,-9.18597,,-0.0433602
14.0003,-2.71301,-9.39135,,-0.0385508
14.0203,-2.78486,-9.5694,,-0.0335844
14.0403,-2.84678,-9.71196,,-0.0285765
14.0603,-2.89839,-9.81216,,-0.0232558
14.0803,-2.93954,-9.89067,,-0.0181682
14.1003,-2.97025,-9.93353,,-0.0127607
14.1203,-2.99008,-9.93269,,-7.40E-03
14.1403,-2.99938,-9.89384,,-2.10E-03
14.1603,-2.99778,-9.83795,,3.47E-03
14.1803,-2.98526,-9.74796,,8.75E-03
14.2003,-2.96211,-9.61117,,0.0141433
14.2203,-2.92828,-9.43201,,0.0194805
14.2403,-2.88389,-9.23973,,0.0246021
14.2603,-2.82915,-9.01782,,0.0298126
14.2803,-2.76426,-8.74933,,0.0347802
14.3003,-2.6894,-8.44666,,0.039833
14.3203,-2.60483,-8.12673,,0.0444639
14.3403,-2.51094,-7.78448,,0.0491539
14.3603,-2.408,-7.3958,,0.0535843
14.3803,-2.29637,-6.98461,,0.0577844
14.4003,-2.17646,-6.54839,,0.0618695
14.4203,-2.04875,-6.09586,,0.0656472
14.4403,-1.91367,-5.61755,,0.0691707
14.4603,-1.77167,-5.11277,,0.0725927
14.4803,-1.62333,-4.59343,,0.0756087
14.5003,-1.46914,-4.05753,,0.0783815
14.5203,-1.30966,-3.50413,,0.080922
14.5403,-1.14545,-2.93379,,0.0831449
14.5603,-0.97715,-2.35397,,0.0850607
14.5803,-0.805289,-1.7655,,0.0866543
14.6003,-0.630568,-1.1699,,0.0879183
14.6203,-0.453569,-0.558946,,0.0889829
14.6403,-0.274948,0.0411271,,0.0895791
14.6603,-0.0953206,0.647073,,0.0899361
14.6803,0.0846349,1.25368,,0.0899338
14.7003,0.26432,1.84628,,0.0896943
14.7203,0.443033,2.43367,,0.0890195
14.7403,0.620159,3.01726,,0.0881012
14.7603,0.795034,3.58904,,0.0868121
14.7803,0.967075,4.1385,,0.0852079
14.8003,1.13562,4.67384,,0.0833829
14.8203,1.30008,5.19847,,0.0812159
14.8403,1.45986,5.70466,,0.0786749
14.8603,1.61437,6.18024,,0.0758899
14.8803,1.76309,6.63703,,0.0729015
14.9003,1.90548,7.07588,,0.0696271
14.9203,2.04099,7.476,,0.0660424
14.9403,2.16913,7.85213,,6.22E-02
14.9603,2.28949,8.20632,,5.83E-02
14.9803,2.40163,8.52065,,5.41E-02
15.0003,2.5051,8.80242,,0.0496449
15.0203,2.59954,9.05571,,0.0449814
15.0403,2.68465,9.28681,,0.040297
15.0603,2.76011,9.47478,,3.54E-02
15.0803,2.82565,9.62399,,3.04E-02
15.1003,2.88098,9.74409,,2.53E-02
15.1203,2.92597,9.83274,,2.00E-02
15.1403,2.96044,9.8913,,1.47E-02
15.1603,2.98415,9.90237,,9.29E-03
15.1803,2.99725,9.88523,,4.06E-03
15.2003,2.99951,9.83196,,-1.45E-03
15.2203,2.99097,9.74262,,-6.89E-03
15.2403,2.97163,9.63049,,-1.22E-02
15.2603,2.94167,9.46956,,-1.75E-02
15.2803,2.90108,9.27545,,-2.29E-02
15.3003,2.85,9.06321,,-2.79E-02
15.3203,2.78875,8.81074,,-3.30E-02
15.3403,2.71744,8.52646,,-3.80E-02
15.3603,2.63638,8.20349,,-4.28E-02
15.3803,2.54579,7.86365,,-4.75E-02
15.4003,2.44605,7.49847,,-5.20E-02
15.4203,2.3375,7.09364,,-5.63E-02
15.4403,2.22053,6.66845,,-6.04E-02
15.4603,2.09556,6.21576,,-6.43E-02
15.4803,1.96E+00,5.74297,,-6.80E-02
15.5003,1.82352,5.24883,,-7.14E-02
15.5203,1.67743,4.73058,,-7.45E-02
15.5403,1.52526,4.19242,,-7.74E-02
15.5603,1.36765,3.64012,,-8.00E-02
15.5803,1.20504,3.08168,,-8.24E-02
15.6003,1.03812,2.50211,,-8.44E-02
15.6203,0.86747,1.91423,,-8.61E-02
15.6403,0.693714,1.31903,,-8.75E-02
15.6603,0.51747,0.722149,,-8.86E-02
15.6803,0.339338,0.120837,,-8.94E-02
15.7003,0.159999,-0.486239,,-8.98E-02
15.7203,-0.0199133,-1.09345,,-9.00E-02
15.7403,-0.199774,-1.6945,,-0.0898244
15.7603,-0.378896,-2.28843,,-0.0892633
15.7803,-0.556665,-2.87564,,-0.0884507
15.8003,-0.732406,-3.45864,,-0.0873158
15.8203,-0.905551,-4.01587,,-0.0858551
15.8403,-1.07543,-4.55913,,-0.0840631
15.8603,-1.24142,-5.09412,,-0.0819748
15.8803,-1.40295,-5.60705,,-0.0796033
15.9003,-1.55943,-6.09307,,-0.076952
15.9203,-1.71029,-6.54963,,-0.0740738
15.9403,-1.85499,-6.99562,,-0.0707733
15.9603,-1.99303,-7.41395,,-0.0673827
15.9803,-2.12391,-7.79743,,-6.36E-02
16.0003,-2.24715,-8.15492,,-5.97E-02
16.0203,-2.36224,-8.48837,,-5.56E-02
16.0403,-2.46891,-8.78937,,-5.13E-02
16.0603,-2.56666,-9.05222,,-0.0467028
16.0803,-2.65517,-9.27925,,-0.041992
16.1003,-2.73405,-9.48604,,-0.0372028
16.1203,-2.80325,-9.65796,,-0.0322132
16.1403,-2.86228,-9.78252,,-0.0270383
16.1603,-2.911,-9.88415,,-0.0219173
16.1803,-2.94924,-9.95443,,-0.0166024
16.2003,-2.97688,-9.98019,,-0.0112092
16.2203,-2.99377,-9.96639,,-5.99E-03
16.2403,-3.00002,-9.93235,,-5.18E-04
16.2603,-2.99533,-9.86593,,4.92E-03
16.2803,-2.97984,-9.75144,,0.0102612
16.3003,-2.95368,-9.60246,,0.0156605
16.3203,-2.91692,-9.4363,,0.020884
16.3403,-2.86962,-9.22404,,0.0260773
16.3603,-2.81201,-8.97722,,0.0312666
16.3803,-2.74431,-8.71003,,0.0361686
16.4003,-2.66671,-8.41021,,0.0411512
16.4203,-2.57952,-8.07407,,0.0458472
16.4403,-2.483,-7.70433,,0.050412
16.4603,-2.37756,-7.32769,,0.0547409
16.4803,-2.26361,-6.90829,,0.058996
16.5003,-2.14147,-6.45947,,0.0629117
16.5203,-2.01164,-5.99556,,0.0666818
16.5403,-1.87458,-5.51017,,0.0701582
16.5603,-1.73074,-5.00339,,0.0734226
16.5803,-1.5807,-4.47711,,0.0764737
16.6003,-1.42494,-3.92419,,0.0791043
16.6203,-1.26409,-3.36428,,0.081534
16.6403,-1.09867,-2.79757,,0.0837005
16.6603,-0.929322,-2.21174,,0.0855538
16.6803,-0.756591,-1.60534,,0.0870367
16.7003,-0.581169,-1.00052,,0.0882978
16.7203,-0.403634,-0.405705,,0.089179
16.7403,-0.224663,0.20354,,0.0897263
16.7603,-0.0448715,0.8194,,0.0899798
16.7803,0.13508,1.42348,,0.0899154
16.8003,0.314553,2.01169,,0.0894596
16.8203,0.492886,2.60031,,0.0888718
16.8403,0.66944,3.1901,,0.0877171
16.8603,0.843589,3.7583,,0.0864382
16.8803,1.0147,4.3042,,0.0847065
16.9003,1.18215,4.83573,,0.082775
16.9203,1.34535,5.36303,,0.0804988
16.9403,1.5037,5.86347,,0.0779454
16.9603,1.66E+00,6.33346,,0.0751319
16.9803,1.80366,6.79293,,0.0719865
17.0003,1.94416,7.21836,,0.0685913
17.0203,2.07767,7.61777,,6.51E-02
17.0403,2.2037,7.99172,,6.11E-02
17.0603,2.32179,8.33187,,5.71E-02
17.0803,2.43154,8.6392,,5.28E-02
17.1003,2.53254,8.91138,,0.0483219
17.1203,2.6244,9.17681,,0.0437481
17.1403,2.7068,9.39298,,0.0389023
17.1603,2.77946,9.55979,,0.0339447
17.1803,2.84217,9.70466,,0.028941
17.2003,2.89461,9.82601,,0.0238042
17.2203,2.93662,9.91079,,0.01843
17.2403,2.96812,9.94008,,0.0132514
17.2603,2.98888,9.95023,,7.91E-03
17.2803,2.999,9.92912,,2.45E-03
17.3003,2.99819,9.86527,,-3.01E-03
17.3203,2.98656,9.76644,,-8.33E-03
17.3403,2.96432,9.63322,,-0.0136994
17.3603,2.93132,9.47018,,-0.0190067
17.3803,2.88785,9.27682,,-0.0242289
17.4003,2.83389,9.04364,,-0.0293977
17.4203,2.76982,8.78179,,-0.0344296
17.4403,2.69572,8.48788,,-0.039374
17.4603,2.61194,8.16577,,-0.0441311
17.4803,2.51871,7.80767,,-0.0488194
17.5003,2.41647,7.426,,-0.0531902
17.5203,2.30555,7.02354,,-0.0574407
17.5403,2.18631,6.58543,,-0.0615647
17.5603,2.05918,6.12429,,-0.065366
17.5803,1.92465,5.64393,,-0.0689754
17.6003,1.78322,5.14219,,-0.0722378
17.6203,1.63539,4.61474,,-0.0753542
17.6403,1.48161,4.07229,,-0.0782416
17.6603,1.32254,3.51898,,-0.0806919
17.6803,1.1587,2.94507,,-0.0829483
17.7003,0.990673,2.36095,,-0.0849641
17.7203,0.819071,1.77541,,-0.0864998
17.7403,0.64453,1.17311,,-0.0879394
17.7603,0.467688,0.56579,,-0.0888317
17.7803,0.289176,-0.0362221,,-0.0895596
17.8003,0.109598,-0.64638,,-0.0899358
17.8203,-0.0703469,-1.25605,,-0.089987
17.8403,-0.250079,-1.85562,,-0.0896522
17.8603,-0.428887,-2.44876,,-0.0891236
17.8803,-0.606174,-3.0407,,-0.0881519
17.9003,-0.781234,-3.61682,,-0.0869499
17.9203,-0.953512,-4.17738,,-0.0853597
17.9403,-1.12236,-4.72123,,-0.0834984
17.9603,-1.28715,-5.25187,,-0.081357
17.9803,-1.44734,-5.75378,,-0.0789367
18.0003,-1.6023,-6.24021,,-0.0761424
18.0203,-1.75151,-6.70517,,-0.0731079
18.0403,-1.89439,-7.13575,,-0.0698745
18.0603,-2.03049,-7.54322,,-0.0663519
18.0803,-2.15924,-7.92935,,-6.26E-02
18.1003,-2.28025,-8.2836,,-5.86E-02
18.1203,-2.39304,-8.60151,,-5.44E-02
18.1403,-2.49723,-8.8945,,-0.0499809
18.1603,-2.59239,-9.15518,,-0.0454151
18.1803,-2.67828,-9.38089,,-0.0406543
18.2003,-2.75452,-9.57628,,-3.58E-02
18.2203,-2.82081,-9.73059,,-3.07E-02
18.2403,-2.87703,-9.85013,,-2.57E-02
18.2603,-2.92278,-9.9498,,-2.04E-02
18.2803,-2.95804,-10.0078,,-1.51E-02
18.3003,-2.98268,-10.0217,,-9.87E-03
18.3203,-2.99664,-9.99969,,-4.30E-03
18.3403,-2.99977,-9.95992,,9.08E-04
18.3603,-2.99206,-9.88198,,6.53E-03
18.3803,-2.97361,-9.75571,,1.17E-02
18.4003,-2.94445,-9.60086,,1.71E-02
18.4203,-2.90468,-9.4173,,2.23E-02
18.4403,-2.85453,-9.20303,,2.75E-02
18.4603,-2.794,-8.95278,,3.27E-02
18.4803,-2.72352,-8.66935,,3.76E-02
18.5003,-2.64319,-8.35233,,4.24E-02
18.5203,-2.55332,-8.01412,,4.71E-02
18.5403,-2.4543,-7.64609,,5.16E-02
18.5603,-2.34648,-7.24296,,5.60E-02
18.5803,-2.23016,-6.81755,,6.01E-02
18.6003,-2.10583,-6.36244,,6.40E-02
18.6203,-1.97388,-5.89406,,6.77E-02
18.6403,-1.83488,-5.39323,,7.11E-02
18.6603,-1.68926,-4.88335,,7.43E-02
18.6803,-1.5376,-4.34292,,7.72E-02
18.7003,-1.38038,-3.78967,,7.98E-02
18.7203,-1.21814,-3.22648,,8.22E-02
18.7403,-1.05159,-2.64386,,8.42E-02
18.7603,-0.881217,-2.04939,,8.60E-02
18.7803,-0.707673,-1.44876,,8.74E-02
18.8003,-0.531606,-0.848509,,8.86E-02
18.8203,-0.353602,-0.236461,,8.94E-02
18.8403,-0.174345,0.379433,,8.98E-02
18.8603,5.56E-03,0.990603,,9.00E-02
18.8803,0.18544,1.59132,,0.0898281
18.9003,0.364657,2.19364,,0.0893523
18.9203,0.542549,2.78453,,0.0885554
18.9403,0.718486,3.3556,,0.0874053
18.9603,0.891851,3.92172,,0.0859725
18.9803,1.06202,4.47631,,0.0842089
19.0003,1.22835,5.01075,,0.0821829
19.0203,1.39024,5.52414,,0.0797719
19.0403,1.54715,6.02788,,0.0771479
19.0603,1.69847,6.49621,,0.0743111
19.0803,1.84372,6.94157,,0.0711111
19.1003,1.98232,7.36564,,0.0676297
19.1203,2.11374,7.76263,,6.39E-02
19.1403,2.23761,8.12731,,6.01E-02
19.1603,2.35339,8.45875,,5.59E-02
19.1803,2.46074,8.76079,,5.16E-02
19.2003,2.55921,9.04573,,0.0470559
19.2203,2.6485,9.27536,,0.0424544
19.2403,2.72822,9.48146,,0.0374766
19.2603,2.79808,9.6638,,0.0325641
19.2803,2.8579,9.79714,,0.0274834
19.3003,2.90744,9.89398,,0.0222873
19.3203,2.94656,9.96359,,0.017028
19.3403,2.97499,10.0097,,0.0117166
19.3603,2.99285,10.0034,,6.42E-03
19.3803,2.99984,9.95586,,9.21E-04
19.4003,2.99602,9.89427,,-4.53E-03
19.4203,2.98139,9.79518,,-9.79E-03
19.4403,2.95611,9.64484,,-0.0151755
19.4603,2.92019,9.46507,,-0.0205298
19.4803,2.87375,9.26401,,-0.0256743
19.5003,2.81694,9.0249,,-0.0307765
19.5203,2.75009,8.75605,,-0.0358709
19.5403,2.67323,8.44946,,-0.0407191
19.5603,2.58671,8.11278,,-0.0455086
19.5803,2.49098,7.74971,,-0.0500517
19.6003,2.38626,7.36483,,-0.0543632
19.6203,2.273,6.94191,,-0.0586681
19.6403,2.15148,6.49762,,-0.062613
19.6603,2.02225,6.03055,,-0.0663928
19.6803,1.88575,5.54316,,-0.0698865
19.7003,1.74246,5.02979,,-0.0731865
19.7203,1.59287,4.49925,,-0.0761782
19.7403,1.43755,3.9492,,-0.0789365
19.7603,1.27709,3.38052,,-0.0813659
19.7803,1.112,2.80139,,-0.0835428
19.8003,0.942935,2.22424,,-0.0854282
19.8203,0.770436,1.62752,,-0.0869675
19.8403,0.595218,1.01887,,-0.0881273
19.8603,0.417826,0.412779,,-0.0891331
19.8803,0.238935,-0.19362,,-0.0897041
19.9003,0.0591884,-0.805833,,-0.089978
19.9203,-0.120758,-1.42194,,-0.0898935
19.9403,-0.300282,-2.02024,,-0.0895861
19.9603,-0.478748,-2.61699,,-0.08886
19.9803,-0.655462,-3.20327,,-0.0878616
20.0003,-0.829834,-3.78636,,-0.0865406
20.0203,-1.00121,-4.34095,,-0.0848618
20.0403,-1.16898,-4.8776,,-0.0829818
20.0603,-1.33252,-5.40983,,-0.0806594
20.0803,-1.49131,-5.91379,,-0.0781601
20.1003,-1.64473,-6.38831,,-0.0753464
20.1203,-1.79217,-6.84662,,-0.0722005
20.1403,-1.93323,-7.2831,,-0.0689249
20.1603,-2.06734,-7.68506,,-6.53E-02
20.1803,-2.19393,-8.05275,,-6.14E-02
20.2003,-2.31266,-8.40469,,-5.74E-02
20.2203,-2.42311,-8.72911,,-5.32E-02
20.2403,-2.52481,-9.00453,,-0.0486612
20.2603,-2.61738,-9.25437,,-0.0441174
20.2803,-2.70058,-9.47604,,-0.0392909
20.3003,-2.77407,-9.66481,,-0.0344175
20.3203,-2.83754,-9.81112,,-0.029352
20.3403,-2.89082,-9.92525,,-0.02415
20.3603,-2.93372,-10.0077,,-0.0189697
20.3803,-2.96605,-10.0554,,-0.0136472
20.4003,-2.98769,-10.0673,,-8.27E-03
20.4203,-2.99853,-10.0438,,-2.87E-03
20.4403,-2.99876,-9.98207,,2.52E-03
20.4603,-2.98786,-9.88858,,7.98E-03
20.4803,-2.96651,-9.76485,,0.0132319
20.5003,-2.93438,-9.60277,,0.0185844
20.5203,-2.89165,-9.40689,,0.0238259
20.5403,-2.83856,-9.1769,,0.0289479
20.5603,-2.7753,-8.91881,,0.0340516
20.5803,-2.70198,-8.62542,,0.0389857
20.6003,-2.61896,-8.30379,,0.0438039
20.6203,-2.52652,-7.95517,,0.0484038
20.6403,-2.42497,-7.57554,,0.0528837
20.6603,-2.31468,-7.16348,,0.0571701
20.6803,-2.1961,-6.72583,,0.0611729
20.7003,-2.06963,-6.27095,,0.0650927
20.7203,-1.93567,-5.79035,,0.0686294
20.7403,-1.79475,-5.28058,,0.0720767
20.7603,-1.64738,-4.75659,,0.0750964
20.7803,-1.49406,-4.21952,,0.0779904
20.8003,-1.33537,-3.65959,,0.0805513
20.8203,-1.1719,-3.08238,,0.0827917
20.8403,-1.0042,-2.49085,,0.0847795
20.8603,-0.832871,-1.90329,,0.0863873
20.8803,-0.658551,-1.30101,,0.0877564
20.9003,-0.481857,-0.68511,,0.0888025
20.9203,-0.303453,-0.0659808,,0.0895651
20.9403,-0.123959,0.547466,,0.0898835
20.9603,0.0560145,1.14898,,0.0899753
20.9803,0.235772,1.75696,,0.0897334
21.0003,0.414676,2.36366,,0.0891675
21.0203,0.592099,2.9551,,0.0882712
21.0403,0.767373,3.52519,,0.0869899
21.0603,0.9399,4.08836,,0.0855542
21.0803,1.10906,4.64298,,0.0836983
21.1003,1.27416,5.18273,,0.0814473
21.1203,1.43475,5.68373,,0.0791511
21.1403,1.59015,6.17592,,0.0763511
21.1603,1.73983,6.65173,,0.0734421
21.1803,1.88329,7.09683,,0.0701476
21.2003,2.01992,7.50906,,0.0665752
21.2203,2.14924,7.89611,,6.30E-02
21.2403,2.27087,8.2573,,5.89E-02
21.2603,2.38435,8.58529,,5.48E-02
21.2803,2.48921,8.88626,,0.0502797
21.3003,2.58518,9.14484,,0.0458262
21.3203,2.67173,9.38209,,0.0410157
21.3403,2.74875,9.57705,,3.62E-02
21.3603,2.81583,9.74531,,3.11E-02
21.3803,2.87283,9.87727,,2.61E-02
21.4003,2.91944,9.96883,,2.09E-02
21.4203,2.95558,10.0245,,1.55E-02
21.4403,2.9811,10.0533,,1.02E-02
21.4603,2.99585,10.0442,,4.86E-03
21.4803,2.99992,9.9975,,-5.51E-04
21.5003,2.99301,9.91274,,-6.06E-03
21.5203,2.97546,9.80102,,-1.13E-02
21.5403,2.94718,9.65361,,-1.67E-02
21.5603,2.90826,9.4672,,-2.19E-02
21.5803,2.8589,9.24966,,-2.72E-02
21.6003,2.79922,8.99466,,-3.23E-02
21.6203,2.72949,8.71957,,-3.72E-02
21.6403,2.64995,8.40544,,-4.21E-02
21.6603,2.56085,8.06163,,-4.68E-02
21.6803,2.46252,7.68877,,-5.13E-02
21.7003,2.35535,7.28974,,-5.56E-02
21.7203,2.23969,6.8639,,-5.98E-02
21.7403,2.116,6.41079,,-6.37E-02
21.7603,1.98468,5.92849,,-6.74E-02
21.7803,1.84618,5.43307,,-7.09E-02
21.8003,1.7011,4.91504,,-7.40E-02
21.8203,1.54985,4.37333,,-7.70E-02
21.8403,1.39305,3.81802,,-7.97E-02
21.8603,1.23125,3.24668,,-8.20E-02
21.8803,1.06498,2.66708,,-8.41E-02
21.9003,0.894888,2.07645,,-8.59E-02
21.9203,0.7216,1.4728,,-8.73E-02
21.9403,0.545688,0.863133,,-8.85E-02
21.9603,0.367815,0.257243,,-8.93E-02
21.9803,0.188615,-0.357292,,-8.98E-02
22.0003,8.74E-03,-0.97316,,-9.00E-02
22.0203,-0.171146,-1.5831,,-0.0898917
22.0403,-0.350443,-2.18637,,-0.0893635
22.0603,-0.528468,-2.785,,-0.0886285
22.0803,-0.704595,-3.3767,,-0.0875038
22.1003,-0.878196,-3.94778,,-0.0861064
22.1203,-1.04862,-4.50658,,-0.0843359
22.1403,-1.21527,-5.03952,,-0.0823812
22.1603,-1.37756,-5.57114,,-0.080018
22.1803,-1.53487,-6.06942,,-0.0773781
22.2003,-1.68666,-6.54275,,-0.0744991
22.2203,-1.83241,-6.99214,,-0.0713809
22.2403,-1.97156,-7.4188,,-0.0678578
22.2603,-2.10359,-7.82883,,-6.43E-02
22.2803,-2.22808,-8.18433,,-6.04E-02
22.3003,-2.34449,-8.52536,,-5.62E-02
22.3203,-2.45252,-8.84051,,-5.19E-02
22.3403,-2.55174,-9.11987,,-0.047432
22.3603,-2.64176,-9.36199,,-0.0427713
22.3803,-2.72223,-9.56494,,-0.0379501
22.4003,-2.79287,-9.74534,,-0.0329728
22.4203,-2.85352,-9.89158,,-0.0278577
22.4403,-2.90394,-9.99434,,-0.0228245
22.4603,-2.94389,-10.0691,,-0.0173302
22.4803,-2.97315,-10.1029,,-0.0121776
22.5003,-2.99181,-10.1098,,-6.82E-03
22.5203,-2.99975,-10.0747,,-1.39E-03
22.5403,-2.9968,-10.0038,,4.09E-03
22.5603,-2.98293,-9.90651,,9.46E-03
22.5803,-2.95854,-9.76692,,0.0146795
22.6003,-2.92353,-9.59513,,0.020068
22.6203,-2.87788,-9.38725,,0.0253276
22.6403,-2.82184,-9.15813,,0.0304313
22.6603,-2.75573,-8.88111,,0.035401
22.6803,-2.67971,-8.57936,,0.0403344
22.7003,-2.59401,-8.24821,,0.0451137
22.7203,-2.49896,-7.89334,,0.0496702
22.7403,-2.39495,-7.50157,,0.0541152
22.7603,-2.28232,-7.07992,,0.0582997
22.7803,-2.16144,-6.63333,,0.0622975
22.8003,-2.03278,-6.16939,,0.0660907
22.8203,-1.89686,-5.67928,,0.0696256
22.8403,-1.75408,-5.16306,,0.0729317
22.8603,-1.60499,-4.63986,,0.0760023
22.8803,-1.45011,-4.08962,,0.0787013
22.9003,-1.29002,-3.51936,,0.0812086
22.9203,-1.12531,-2.93958,,0.0833798
22.9403,-0.956518,-2.3518,,0.0852673
22.9603,-0.784304,-1.74643,,0.0868106
22.9803,-0.609262,-1.13757,,0.0880975
23.0003,-0.43204,-0.522022,,0.0889858
23.0203,-0.253243,0.0953769,,0.0897384
23.0403,-0.0735409,0.71356,,0.0899462
23.0603,0.106441,1.32486,,0.0899337
23.0803,0.286025,1.93279,,0.0896296
23.1003,0.464578,2.5333,,0.0889258
23.1203,0.641461,3.12062,,0.087953
23.1403,0.816038,3.69857,,0.0866379
23.1603,0.987661,4.26336,,0.085007
23.1803,1.15576,4.81038,,0.0830856
23.2003,1.31969,5.33886,,0.080914
23.2203,1.47885,5.85228,,0.0783326
23.2403,1.63272,6.34209,,0.0756468
23.2603,1.78067,6.80257,,0.0724763
23.2803,1.92223,7.23546,,0.0691975
23.3003,2.05691,7.6564,,6.55E-02
23.3203,2.18413,8.03769,,6.18E-02
23.3403,2.30353,8.388,,5.78E-02
23.3603,2.41464,8.70888,,5.35E-02
23.3803,2.51703,8.99992,,0.0490849
23.4003,2.61039,9.26322,,0.044432
23.4203,2.69431,9.48256,,0.0397322
23.4403,2.76855,9.67219,,0.0347205
23.4603,2.83291,9.82371,,0.0298409
23.4803,2.887,9.95892,,0.0245282
23.5003,2.93066,10.0388,,0.0193878
23.5203,2.96387,10.0855,,0.0140779
23.5403,2.98633,10.1007,,8.64E-03
23.5603,2.99806,10.0877,,3.33E-03
23.5803,2.99905,10.0298,,-2.07E-03
23.6003,2.98914,9.92893,,-7.53E-03
23.6203,2.96851,9.82054,,-0.012865
23.6403,2.93727,9.65431,,-0.0180967
23.6603,2.89547,9.45315,,-0.023431
23.6803,2.84313,9.23166,,-0.0285802
23.7003,2.78063,8.97928,,-0.0336399
23.7203,2.7082,8.67904,,-0.0386348
23.7403,2.62589,8.35174,,-0.0433454
23.7603,2.53419,8.01221,,-0.0480775
23.7803,2.43337,7.62921,,-0.0525331
23.8003,2.32379,7.20978,,-0.0567989
23.8203,2.20582,6.77856,,-0.060884
23.8403,2.07993,6.32135,,-0.0647708
23.8603,1.94659,5.83467,,-0.0683779
23.8803,1.8062,5.32451,,-0.0718064
23.9003,1.65934,4.79541,,-0.0748653
23.9203,1.50647,4.25892,,-0.0778091
23.9403,1.3482,3.68712,,-0.0802907
23.9603,1.18507,3.11188,,-0.082619
23.9803,1.01767,2.52909,,-0.0846526
24.0003,0.846634,1.92573,,-0.086283
24.0203,0.672556,1.31911,,-0.0876676
24.0403,0.496027,0.71051,,-0.0887738
24.0603,0.317699,0.0963892,,-0.0894696
24.0803,0.138267,-0.521203,,-0.0898992
24.1003,-0.0416807,-1.13999,,-0.0899712
24.1203,-0.22148,-1.74673,,-0.089753
24.1403,-0.400471,-2.34898,,-0.0892335
24.1603,-0.578025,-2.95778,,-0.0883419
24.1803,-0.753501,-3.54461,,-0.0871464
24.2003,-0.926264,-4.11378,,-0.0855777
24.2203,-1.09569,-4.66403,,-0.0838921
24.2403,-1.26119,-5.20505,,-0.0816949
24.2603,-1.42214,-5.72329,,-0.0792837
24.2803,-1.57797,-6.22013,,-0.0766417
24.3003,-1.72815,-6.69107,,-0.0736797
24.3203,-1.87206,-7.14013,,-0.0704006
24.3403,-2.00928,-7.55571,,-0.0669168
24.3603,-2.13921,-7.95096,,-6.31E-02
24.3803,-2.26149,-8.31896,,-5.93E-02
24.4003,-2.37564,-8.653,,-5.51E-02
24.4203,-2.48123,-8.95014,,-0.0507119
24.4403,-2.57786,-9.22011,,-0.0461434
24.4603,-2.66517,-9.46223,,-0.0413644
24.4803,-2.74298,-9.66422,,-0.0366632
24.5003,-2.8109,-9.82656,,-3.15E-02
24.5203,-2.86869,-9.95949,,-2.64E-02
24.5403,-2.9162,-10.0636,,-2.13E-02
24.5603,-2.9532,-10.1267,,-1.59E-02
24.5803,-2.97949,-10.1514,,-1.05E-02
24.6003,-2.99506,-10.144,,-5.37E-03
24.6203,-3.00005,-10.1061,,1.53E-04
24.6403,-2.99398,-10.0269,,5.60E-03
24.6603,-2.97722,-9.91015,,1.09E-02
24.6803,-2.94972,-9.76686,,1.63E-02
24.7003,-2.91167,-9.58598,,2.15E-02
24.7203,-2.86317,-9.36892,,2.68E-02
24.7403,-2.80433,-9.12006,,3.18E-02
24.7603,-2.73541,-8.84693,,3.69E-02
24.7803,-2.65663,-8.53728,,4.16E-02
24.8003,-2.56829,-8.19241,,4.64E-02
24.8203,-2.47069,-7.82078,,5.09E-02
24.8403,-2.36422,-7.42325,,5.53E-02
24.8603,-2.24925,-6.9979,,5.95E-02
24.8803,-2.12616,-6.54231,,6.34E-02
24.9003,-1.99545,-6.06217,,6.71E-02
24.9203,-1.85752,-5.57065,,7.06E-02
24.9403,-1.71291,-5.05544,,7.38E-02
24.9603,-1.56215,-4.50582,,7.67E-02
24.9803,-1.40575,-3.94595,,7.95E-02
25.0003,-1.24431,-3.38261,,8.18E-02
25.0203,-1.0784,-2.79712,,8.39E-02
25.0403,-0.908598,-2.1898,,8.58E-02
25.0603,-0.735524,-1.58981,,8.72E-02
25.0803,-0.559799,-0.975152,,8.83E-02
25.1003,-0.382062,-0.35368,,8.93E-02
25.1203,-0.202952,0.268269,,8.98E-02
25.1403,-0.023128,0.878834,,9.00E-02
25.1603,0.156813,1.4977,,0.0898778
25.1803,0.336176,2.10976,,0.0894557
25.2003,0.514331,2.70435,,0.0887182
25.2203,0.690626,3.29027,,0.0875713
25.2403,0.864433,3.87302,,0.0862512
25.2603,1.03515,4.4383,,0.0844578
25.2803,1.20213,4.973,,0.0825562
25.3003,1.36476,5.50266,,0.0801753
25.3203,1.5225,6.0191,,0.077638
25.3403,1.67476,6.50068,,0.0746851
25.3603,1.82098,6.95546,,0.0716196
25.3803,1.96067,7.3892,,0.0682442
25.4003,2.0933,7.8001,,6.45E-02
25.4203,2.21843,8.17504,,6.07E-02
25.4403,2.33554,8.52139,,5.66E-02
25.4603,2.44418,8.83462,,5.23E-02
25.4803,2.54405,9.1184,,0.0478204
25.5003,2.63487,9.36887,,0.0431566
25.5203,2.71611,9.58395,,0.0383044
25.5403,2.78764,9.76903,,0.0334221
25.5603,2.8491,9.91752,,0.0283051
25.5803,2.90026,10.0253,,0.0231309
25.6003,2.94104,10.104,,0.0178791
25.6203,2.97125,10.1467,,0.0125673
25.6403,2.99067,10.1562,,7.17E-03
25.6603,2.99945,10.1221,,1.84E-03
25.6803,2.99742,10.0564,,-3.67E-03
25.7003,2.98449,9.95809,,-8.96E-03
25.7203,2.96093,9.82165,,-0.0143281
25.7403,2.92662,9.65381,,-0.0196737
25.7603,2.88183,9.4481,,-0.0248071
25.7803,2.82671,9.21727,,-0.0300685
25.8003,2.76138,8.94219,,-0.0350271
25.8203,2.6861,8.64421,,-0.039986
25.8403,2.60114,8.31316,,-0.0447213
25.8603,2.50682,7.94459,,-0.049258
25.8803,2.40355,7.55639,,-0.0537652
25.9003,2.29154,7.14282,,-0.0580295
25.9203,2.17134,6.69728,,-0.0619635
25.9403,2.04333,6.2246,,-0.0657965
25.9603,1.90792,5.73141,,-0.0693771
25.9803,1.76569,5.21626,,-0.072634
26.0003,1.61709,4.6848,,-0.0757781
26.0203,1.46265,4.12955,,-0.078514
26.0403,1.30295,3.55682,,-0.0810111
26.0603,1.13859,2.97474,,-0.0831811
26.0803,0.970114,2.38474,,-0.0851236
26.1003,0.798153,1.78297,,-0.0866942
26.1203,0.623302,1.17029,,-0.0880389
26.1403,0.446206,0.550589,,-0.0889527
26.1603,0.2675,-0.0602351,,-0.0896744
26.1803,0.087848,-0.679992,,-0.0899313
26.2003,-0.0920903,-1.30355,,-0.089958
26.2203,-0.271744,-1.91983,,-0.0896806
26.2403,-0.450405,-2.51603,,-0.0890043
26.2603,-0.627438,-3.11961,,-0.0880163
26.2803,-0.80223,-3.70979,,-0.0867096
26.3003,-0.974122,-4.27629,,-0.0852138
26.3203,-1.1425,-4.82644,,-0.0832613
26.3403,-1.30679,-5.36076,,-0.081051
26.3603,-1.46636,-5.88376,,-0.0785763
26.3803,-1.62064,-6.3714,,-0.0758084
26.4003,-1.76911,-6.83376,,-0.0727713
26.4203,-1.91122,-7.28012,,-0.0694807
26.4403,-2.04644,-7.69818,,-0.0658642
26.4603,-2.17429,-8.08373,,-6.21E-02
26.4803,-2.29432,-8.4407,,-5.81E-02
26.5003,-2.4061,-8.76859,,-5.39E-02
26.5203,-2.50923,-9.06866,,-0.0494696
26.5403,-2.60331,-9.32486,,-0.0448184
26.5603,-2.68801,-9.54623,,-0.0400327
26.5803,-2.76301,-9.74791,,-0.0351368
26.6003,-2.82809,-9.91221,,-0.0302
26.6203,-2.88303,-10.0356,,-0.0249866
26.6403,-2.92761,-10.1203,,-0.0198282
26.6603,-2.96159,-10.1746,,-0.0144886
26.6803,-2.98495,-10.1972,,-9.11E-03
26.7003,-2.99752,-10.1791,,-3.73E-03
26.7203,-2.99945,-10.1249,,1.61E-03
26.7403,-2.9904,-10.0366,,7.11E-03
26.7603,-2.97062,-9.92041,,0.0123627
26.7803,-2.94015,-9.76031,,0.0177824
26.8003,-2.89917,-9.56465,,0.022981
26.8203,-2.84771,-9.34481,,0.0281619
26.8403,-2.78603,-9.08869,,0.033243
26.8603,-2.71434,-8.79742,,0.0381946
26.8803,-2.63283,-8.47883,,0.0430574
26.9003,-2.54182,-8.1299,,0.0476938
26.9203,-2.44172,-7.74484,,0.0521782
26.9403,-2.33286,-7.34156,,0.0564712
26.9603,-2.21553,-6.9059,,0.0605738
26.9803,-2.09027,-6.43721,,0.0644258
27.0003,-1.96E+00,-5.95601,,0.068108
27.0203,-1.81765,-5.45119,,0.071528
27.0403,-1.67127,-4.92864,,0.074675
27.0603,-1.51887,-4.37633,,0.0775912
27.0803,-1.361,-3.80676,,0.0800868
27.1003,-1.19828,-3.23335,,0.082508
27.1203,-1.03118,-2.64459,,0.0844452
27.1403,-0.860397,-2.03823,,0.0861813
27.1603,-0.686499,-1.42083,,0.0875647
27.1803,-0.510151,-0.810256,,0.0886701
27.2003,-0.331967,-0.189413,,0.0894094
27.2203,-0.152576,0.435736,,0.0898834
27.2403,0.0273422,1.0582,,0.0900034
27.2603,0.207173,1.67402,,0.0898049
27.2803,0.386262,2.27982,,0.0892613
27.3003,0.563946,2.87886,,0.0883902
27.3203,0.739604,3.47333,,0.0872162
27.3403,0.912613,4.04846,,0.085851
27.3603,1.08236,4.59925,,0.0839894
27.3803,1.24815,5.14533,,0.0818446
27.4003,1.4095,5.67466,,0.0795772
27.4203,1.56573,6.18259,,0.0767566
27.4403,1.71637,6.65312,,0.0739647
27.4603,1.86083,7.11235,,0.070622
27.4803,1.99858,7.54554,,0.0672261
27.5003,2.12915,7.94077,,6.35E-02
27.5203,2.25201,8.30849,,5.95E-02
27.5403,2.36684,8.65529,,5.55E-02
27.5603,2.47312,8.96181,,5.10E-02
27.5803,2.5705,9.2303,,0.0465363
27.6003,2.65863,9.47623,,0.0418102
27.6203,2.73714,9.69147,,0.0370453
27.6403,2.80587,9.8609,,3.19E-02
27.6603,2.86443,9.99254,,2.68E-02
27.6803,2.91271,10.0985,,2.17E-02
27.7003,2.95057,10.171,,1.65E-02
27.7203,2.97775,10.2031,,1.10E-02
27.7403,2.99427,10.1936,,5.73E-03
27.7603,2.99999,10.156,,2.93E-04
27.7803,2.99482,10.0892,,-5.16E-03
27.8003,2.97898,9.9773,,-1.05E-02
27.8203,2.95243,9.82817,,-1.58E-02
27.8403,2.91515,9.64574,,-2.11E-02
27.8603,2.86745,9.43724,,-2.63E-02
27.8803,2.80942,9.19464,,-3.14E-02
27.9003,2.74128,8.91175,,-3.65E-02
27.9203,2.66326,8.59505,,-4.13E-02
27.9403,2.57565,8.2598,,-4.60E-02
27.9603,2.47878,7.89272,,-5.06E-02
27.9803,2.373,7.4876,,-5.49E-02
28.0003,2.25871,7.05578,,-5.92E-02
28.0203,2.13622,6.60846,,-6.31E-02
28.0403,2.00609,6.13389,,-6.68E-02
28.0603,1.86873,5.62426,,-7.04E-02
28.0803,1.72462,5.10103,,-7.36E-02
28.1003,1.57434,4.5628,,-7.65E-02
28.1203,1.41841,4.00011,,-7.92E-02
28.1403,1.25731,3.42471,,-8.16E-02
28.1603,1.09172,2.83726,,-8.38E-02
28.1803,0.922201,2.23744,,-8.55E-02
28.2003,0.749364,1.63508,,-8.72E-02
28.2203,0.573819,1.01917,,-8.83E-02
28.2403,0.39625,0.398019,,-8.92E-02
28.2603,0.217219,-0.226659,,-8.97E-02
28.2803,0.0374088,-0.844796,,-9.00E-02
28.3003,-0.142534,-1.4632,,-0.0898931
28.3203,-0.321979,-2.07862,,-0.0895114
28.3403,-0.500233,-2.69132,,-0.0887279
28.3603,-0.676709,-3.28464,,-0.0877508
28.3803,-0.85076,-3.86646,,-0.0863643
28.4003,-1.02172,-4.43926,,-0.0845989
28.4203,-1.18901,-4.99578,,-0.0826786
28.4403,-1.35205,-5.52191,,-0.0804352
28.4603,-1.5102,-6.03108,,-0.0778279
28.4803,-1.66292,-6.51837,,-0.0749541
28.5003,-1.80962,-6.98964,,-0.0718741
28.5203,-1.94985,-7.4319,,-0.0685079
28.5403,-2.08307,-7.82459,,-6.49E-02
28.5603,-2.20875,-8.20107,,-6.10E-02
28.5803,-2.32649,-8.57149,,-5.69E-02
28.6003,-2.43589,-8.89479,,-5.26E-02
28.6203,-2.53653,-9.16914,,-0.0481396
28.6403,-2.62803,-9.41255,,-0.043606
28.6603,-2.71002,-9.65048,,-0.0386627
28.6803,-2.78227,-9.844,,-0.0337591
28.7003,-2.84456,-9.98143,,-0.0287727
28.7203,-2.89659,-10.0896,,-0.0235452
28.7403,-2.93826,-10.1827,,-0.018265
28.7603,-2.96927,-10.2342,,-0.0130186
28.7803,-2.98958,-10.2369,,-7.61E-03
28.8003,-2.99919,-10.2024,,-2.28E-03
28.8203,-2.99801,-10.1474,,3.25E-03
28.8403,-2.98591,-10.0524,,8.52E-03
28.8603,-2.96318,-9.91797,,0.0139684
28.8803,-2.92978,-9.74942,,0.0191779
28.9003,-2.88582,-9.5545,,0.024498
28.9203,-2.83149,-9.32157,,0.0295415
28.9403,-2.76694,-9.04482,,0.0346746
28.9603,-2.69246,-8.75112,,0.0396204
28.9803,-2.60827,-8.4253,,0.0442888
29.0003,-2.51468,-8.06142,,0.0490401
29.0203,-2.41208,-7.66656,,0.0533531
29.0403,-2.30078,-7.25254,,0.0576532
29.0603,-2.1812,-6.81613,,0.0616799
29.0803,-2.05381,-6.33726,,0.0655238
29.1003,-1.91897,-5.84184,,0.0690682
29.1203,-1.77724,-5.3296,,0.0724622
29.1403,-1.62913,-4.79907,,0.0754456
29.1603,-1.47516,-4.24369,,0.0783142
29.1803,-1.31583,-3.66881,,0.0808366
29.2003,-1.15184,-3.08475,,0.0830115
29.2203,-0.983653,-2.48991,,0.084986
29.2403,-0.811952,-1.87614,,0.0866043
29.2603,-0.637299,-1.26132,,0.0879542
29.2803,-0.460377,-0.642278,,0.0888915
29.3003,-0.281795,-0.0159991,,0.0895867
29.3203,-0.102198,0.609117,,0.0899298
29.3403,0.0777877,1.23006,,0.0899604
29.3603,0.257476,1.84994,,0.0897107
29.3803,0.436218,2.45851,,0.0890156
29.4003,0.613417,3.06019,,0.0881651
29.4203,0.788407,3.64207,,0.0868827
29.4403,0.960562,4.2197,,0.0852888
29.4603,1.12923,4.78111,,0.0833876
29.4803,1.29387,5.31945,,0.0813045
29.5003,1.45385,5.84048,,0.0788045
29.5203,1.60857,6.33833,,0.0760225
29.5403,1.75752,6.81738,,0.0730207
29.5603,1.90015,7.27098,,0.0697467
29.5803,2.03594,7.68477,,0.0661199
29.6003,2.16439,8.08051,,6.25E-02
29.6203,2.28508,8.44696,,5.84E-02
29.6403,2.3975,8.77933,,5.42E-02
29.6603,2.50132,9.07977,,0.0497956
29.6803,2.59612,9.34466,,0.0452208
29.7003,2.68165,9.58182,,0.0404843
29.7203,2.75742,9.78301,,0.0355436
29.7403,2.82332,9.94917,,0.0305873
29.7603,2.87909,10.0764,,0.0254113
29.7803,2.92443,10.1698,,0.0202211
29.8003,2.9593,10.2308,,0.0148721
29.8203,2.98343,10.2556,,9.55E-03
29.8403,2.99693,10.2449,,4.20E-03
29.8603,2.99972,10.1921,,-1.24E-03
29.8803,2.99149,10.1063,,-6.64E-03
29.9003,2.97264,9.98714,,-0.0119511
29.9203,2.943,9.83418,,-0.0173736
29.9403,2.90278,9.64572,,-0.0225836
29.9603,2.85221,9.4184,,-0.0277609
29.9803,2.79129,9.16259,,-0.032859
30.0003,2.72034,8.87264,,-0.03781
30.0203,2.63963,8.5532,,-0.0426637
30.0403,2.54947,8.20565,,-0.047253
30.0603,2.45005,7.81564,,-0.0518585
30.0803,2.34183,7.41195,,-0.0561105
30.1003,2.22517,6.9809,,-0.0602937
30.1203,2.10052,6.51315,,-0.0641701
30.1403,1.9683,6.02753,,-0.0678055
30.1603,1.82904,5.51742,,-0.0712543
30.1803,1.68316,4.98508,,-0.0744049
30.2003,1.53121,4.43544,,-0.0773404
30.2203,1.37376,3.86938,,-0.079929
30.2403,1.21139,3.29345,,-0.082302
30.2603,1.04462,2.69409,,-0.0843356
30.2803,0.874094,2.08841,,-0.086025
30.3003,0.700449,1.47825,,-0.0875158
30.3203,0.524283,0.862578,,-0.088574
30.3403,0.346213,0.240984,,-0.0893764
30.3603,0.166901,-0.390009,,-0.0898388
30.3803,-0.0130262,-1.01832,,-0.090007
30.4003,-0.192881,-1.63017,,-0.089815
30.4203,-0.372062,-2.24677,,-0.0893161
30.4403,-0.549885,-2.85867,,-0.0885145
30.4603,-0.725739,-3.45882,,-0.0873566
30.4803,-0.898969,-4.03758,,-0.0859213
30.5003,-1.06898,-4.60475,,-0.0841392
30.5203,-1.23512,-5.15573,,-0.0820646
30.5403,-1.39685,-5.68334,,-0.0797166
30.5603,-1.55352,-6.19172,,-0.0769877
30.5803,-1.7046,-6.67028,,-0.0741676
30.6003,-1.84957,-7.1346,,-0.0709517
30.6203,-1.98793,-7.56867,,-0.0675174
30.6403,-2.11906,-7.96481,,-6.38E-02
30.6603,-2.24257,-8.34597,,-5.99E-02
30.6803,-2.35802,-8.69359,,-5.57E-02
30.7003,-2.46496,-9.00199,,-5.15E-02
30.7203,-2.5631,-9.27877,,-0.0468855
30.7403,-2.6519,-9.53201,,-0.0421391
30.7603,-2.7313,-9.74727,,-0.0374198
30.7803,-2.80079,-9.91813,,-3.23E-02
30.8003,-2.86017,-10.0602,,-2.72E-02
30.8203,-2.90933,-10.1713,,-2.21E-02
30.8403,-2.94795,-10.2435,,-1.68E-02
30.8603,-2.97601,-10.2769,,-1.14E-02
30.8803,-2.99334,-10.2778,,-6.20E-03
30.9003,-2.99997,-10.2447,,-7.04E-04
30.9203,-2.9957,-10.1684,,4.72E-03
30.9403,-2.98063,-10.0636,,1.01E-02
30.9603,-2.95491,-9.92635,,1.54E-02
30.9803,-2.91844,-9.74341,,2.08E-02
31.0003,-2.87161,-9.53343,,2.59E-02
31.0203,-2.81438,-9.2862,,3.10E-02
31.0403,-2.74698,-9.01693,,3.61E-02
31.0603,-2.66976,-8.70857,,4.09E-02
31.0803,-2.583,-8.36174,,4.56E-02
31.1003,-2.48683,-7.98954,,5.02E-02
31.1203,-2.38176,-7.59955,,5.46E-02
31.1403,-2.26808,-7.17436,,5.88E-02
31.1603,-2.14627,-6.71349,,6.28E-02
31.1803,-2.01676,-6.23108,,6.65E-02
31.2003,-1.87994,-5.73845,,7.00E-02
31.2203,-1.73639,-5.21542,,7.33E-02
31.2403,-1.58657,-4.67067,,7.63E-02
31.2603,-1.43101,-4.10557,,7.90E-02
31.2803,-1.27036,-3.53075,,8.15E-02
31.3003,-1.10508,-2.94798,,8.36E-02
31.3203,-0.935854,-2.34079,,8.55E-02
31.3403,-0.763279,-1.71828,,8.69E-02
31.3603,-0.587927,-1.10292,,8.83E-02
31.3803,-0.410482,-0.483358,,8.91E-02
31.4003,-0.23153,0.145968,,8.98E-02
31.4203,-0.0517521,0.782933,,9.00E-02
31.4403,0.128172,1.40346,,0.0898702
31.4603,0.307679,2.02242,,0.0895495
31.4803,0.486074,2.62928,,0.0888214
31.5003,0.662707,3.22412,,0.0878265
31.5203,0.836948,3.815,,0.086438
31.5403,1.00819,4.39145,,0.0847782
31.5603,1.17581,4.94577,,0.08291
31.5803,1.33917,5.4805,,0.0805681
31.6003,1.49772,6.00392,,0.0780386
31.6203,1.6509,6.49917,,0.0752554
31.6403,1.79815,6.96685,,0.0721486
31.6603,1.93889,7.41194,,0.0686641
31.6803,2.0727,7.82941,,6.52E-02
31.7003,2.19902,8.21631,,6.14E-02
31.7203,2.31741,8.57317,,5.72E-02
31.7403,2.42746,8.90349,,5.30E-02
31.7603,2.52885,9.19281,,0.048555
31.7803,2.62102,9.44986,,0.043869
31.8003,2.70382,9.67961,,0.039136
31.8203,2.77683,9.87517,,0.0341306
31.8403,2.83998,10.0309,,0.0291656
31.8603,2.89282,10.1477,,0.0239661
31.8803,2.93531,10.2368,,0.0187228
31.9003,2.96709,10.2918,,0.0133922
31.9203,2.9883,10.3029,,8.10E-03
31.9403,2.99883,10.2764,,2.64E-03
31.9603,2.99843,10.2144,,-2.83E-03
31.9803,2.98722,10.1246,,-8.07E-03
32.0003,2.96535,10.0018,,-0.01348
32.0203,2.93274,9.8304,,-0.0188038
32.0403,2.88969,9.629,,-0.0240714
32.0603,2.83616,9.39552,,-0.0292301
32.0803,2.7724,9.13207,,-0.0342468
32.1003,2.69874,8.83127,,-0.0391499
32.1203,2.6153,8.49928,,-0.0439706
32.1403,2.52248,8.14125,,-0.0486138
32.1603,2.42058,7.75189,,-0.053029
32.1803,2.30994,7.33294,,-0.0573482
32.2003,2.19101,6.88954,,-0.0613854
32.2203,2.0642,6.41585,,-0.0651895
32.2403,1.92997,5.92367,,-0.068758
32.2603,1.78877,5.40087,,-0.0722155
32.2803,1.64115,4.86523,,-0.0752487
32.3003,1.48757,4.3067,,-0.0781088
32.3203,1.32869,3.73376,,-0.0806032
32.3403,1.16506,3.14773,,-0.0828821
32.3603,0.997169,2.54348,,-0.0848655
32.3803,0.825709,1.93772,,-0.0864778
32.4003,0.651302,1.32228,,-0.0878163
32.4203,0.474527,0.69701,,-0.0888135
32.4403,0.296048,0.0668184,,-0.0895754
32.4603,0.116494,-0.553278,,-0.0899341
32.4803,-0.0634588,-1.17629,,-0.0899472
32.5003,-0.243187,-1.81003,,-0.0897261
32.5203,-0.422043,-2.42562,,-0.0891157
32.5403,-0.599382,-3.02765,,-0.0882208
32.5603,-0.774589,-3.62179,,-0.0870009
32.5803,-0.946989,-4.20905,,-0.08541
32.6003,-1.11595,-4.77589,,-0.0835553
32.6203,-1.28094,-5.31635,,-0.0815167
32.6403,-1.44131,-5.83739,,-0.0790013
32.6603,-1.59646,-6.34741,,-0.0762359
32.6803,-1.7459,-6.83312,,-0.0732787
32.7003,-1.88904,-7.28012,,-0.0699719
32.7203,-2.0254,-7.70148,,-0.0664838
32.7403,-2.15442,-8.10579,,-6.28E-02
32.7603,-2.27575,-8.47738,,-5.88E-02
32.7803,-2.38888,-8.8099,,-5.45E-02
32.8003,-2.49338,-9.12023,,-0.0501173
32.8203,-2.58892,-9.3908,,-0.0455659
32.8403,-2.67512,-9.62657,,-0.0408701
32.8603,-2.75175,-9.83197,,-0.0359933
32.8803,-2.81844,-10.0049,,-0.030943
32.9003,-2.87505,-10.136,,-0.0258603
32.9203,-2.92121,-10.232,,-0.0205753
32.9403,-2.95681,-10.2986,,-0.0153011
32.9603,-2.98186,-10.3255,,-0.0100168
32.9803,-2.99634,-10.3144,,-4.63E-03
33.0003,-2.99985,-10.2639,,7.89E-04
33.0203,-2.99253,-10.19,,6.29E-03
33.0403,-2.97446,-10.0719,,0.0115132
33.0603,-2.94578,-9.91601,,0.0168467
33.0803,-2.90647,-9.72852,,0.0221983
33.1003,-2.85665,-9.51535,,0.027359
33.1203,-2.79656,-9.25779,,0.0324463
33.1403,-2.72642,-8.96822,,0.0373889
33.1603,-2.64649,-8.65112,,0.0422999
33.1803,-2.55696,-8.30525,,0.0469562
33.2003,-2.45829,-7.92693,,0.0514778
33.2203,-2.35077,-7.51829,,0.0557973
33.2403,-2.23481,-7.07904,,0.0599032
33.2603,-2.11077,-6.61546,,0.0639056
33.2803,-1.97913,-6.1344,,0.0675431
33.3003,-1.8404,-5.62438,,0.0709493
33.3203,-1.69501,-5.09048,,0.0742171
33.3403,-1.54348,-4.5389,,0.0771124
33.3603,-1.3865,-3.97596,,0.0797295
33.3803,-1.22447,-3.39279,,0.082108
33.4003,-1.05807,-2.78922,,0.0841574
33.4203,-0.887835,-2.18307,,0.0859306
33.4403,-0.714382,-1.56773,,0.087396
33.4603,-0.538399,-0.939033,,0.0885263
33.4803,-0.360466,-0.310203,,0.0893074
33.5003,-0.181225,0.322234,,0.0898097
33.5203,-1.36E-03,0.950409,,0.0900078
33.5403,0.178537,1.57526,,0.0898498
33.5603,0.357794,2.19637,,0.0893676
33.5803,0.535751,2.80865,,0.0885836
33.6003,0.711804,3.40608,,0.0874448
33.6203,0.885275,3.98255,,0.0860508
33.6403,1.05555,4.56201,,0.0842903
33.6603,1.22205,5.11363,,0.0822809
33.6803,1.38414,5.64977,,0.079913
33.7003,1.54126,6.1639,,0.0772401
33.7203,1.69281,6.65471,,0.0744247
33.7403,1.83829,7.12523,,0.0711766
33.7603,1.97713,7.55738,,0.0677669
33.7803,2.10884,7.97487,,6.41E-02
33.8003,2.23303,8.35372,,6.02E-02
33.8203,2.34914,8.70256,,5.61E-02
33.8403,2.45678,9.02468,,5.17E-02
33.8603,2.55562,9.30929,,0.0472407
33.8803,2.64519,9.56398,,0.0425882
33.9003,2.72529,9.78027,,0.0377645
33.9203,2.79558,9.95963,,3.27E-02
33.9403,2.85575,10.1155,,2.77E-02
33.9603,2.90572,10.2278,,2.25E-02
33.9803,2.94525,10.2958,,1.72E-02
34.0003,2.97416,10.3371,,1.19E-02
34.0203,2.99226,10.3482,,6.60E-03
34.0403,2.99983,10.3163,,1.15E-03
34.0603,2.99644,10.2432,,-4.31E-03
34.0803,2.98222,10.1365,,-9.60E-03
34.1003,2.95729,9.99837,,-1.50E-02
34.1203,2.92179,9.83108,,-2.03E-02
34.1403,2.87573,9.61339,,-2.55E-02
34.1603,2.81931,9.36749,,-3.07E-02
34.1803,2.75277,9.09465,,-3.57E-02
34.2003,2.67633,8.79307,,-4.05E-02
34.2203,2.59019,8.44731,,-4.53E-02
34.2403,2.49482,8.07633,,-4.99E-02
34.2603,2.39046,7.67903,,-5.43E-02
34.2803,2.27747,7.24694,,-5.85E-02
34.3003,2.15626,6.79895,,-6.24E-02
34.3203,2.02735,6.3194,,-6.62E-02
34.3403,1.8911,5.8101,,-6.98E-02
34.3603,1.74806,5.28744,,-7.30E-02
34.3803,1.59872,4.74268,,-7.61E-02
34.4003,1.44362,4.17692,,-7.88E-02
34.4203,1.2833,3.59539,,-8.13E-02
34.4403,1.11842,2.9998,,-8.35E-02
34.4603,0.949486,2.39899,,-8.54E-02
34.4803,0.777111,1.78208,,-8.69E-02
34.5003,0.601983,1.16292,,-8.81E-02
34.5203,0.424665,0.537464,,-8.91E-02
34.5403,0.245823,-0.0935692,,-8.97E-02
34.5603,0.0660966,-0.72374,,-9.00E-02
34.5803,-0.11387,-1.3528,,-8.99E-02
34.6003,-0.293411,-1.97168,,-0.089567
34.6203,-0.471904,-2.59603,,-0.0889022
34.6403,-0.648729,-3.19703,,-0.0878986
34.6603,-0.823212,-3.79158,,-0.086615
34.6803,-0.994699,-4.37312,,-0.0849372
34.7003,-1.16261,-4.93781,,-0.0830238
34.7203,-1.32636,-5.4828,,-0.0807974
34.7403,-1.48531,-5.99954,,-0.0782339
34.7603,-1.63893,-6.50148,,-0.0754381
34.7803,-1.78666,-6.97762,,-0.0723884
34.8003,-1.92794,-7.42235,,-0.069018
34.8203,-2.06231,-7.84528,,-6.55E-02
34.8403,-2.18923,-8.2369,,-6.16E-02
34.8603,-2.30829,-8.60337,,-5.76E-02
34.8803,-2.41903,-8.93553,,-5.33E-02
34.9003,-2.52107,-9.22875,,-0.0489361
34.9203,-2.61403,-9.49178,,-0.0442071
34.9403,-2.69763,-9.72424,,-0.039571
34.9603,-2.77146,-9.91919,,-0.0345512
34.9803,-2.83534,-10.0802,,-0.0295392
35.0003,-2.88904,-10.2059,,-0.0243406
35.0203,-2.93226,-10.2986,,-0.019163
35.0403,-2.96502,-10.3451,,-0.0138433
35.0603,-2.98699,-10.3612,,-8.44E-03
35.0803,-2.99837,-10.3464,,-3.16E-03
35.1003,-2.99889,-10.2891,,2.36E-03
35.1203,-2.98856,-10.1945,,7.65E-03
35.1403,-2.96757,-10.0723,,0.0131338
35.1603,-2.93582,-9.91728,,0.0183434
35.1803,-2.89351,-9.71396,,0.0236351
35.2003,-2.84081,-9.47806,,0.028803
35.2203,-2.77785,-9.22087,,0.0338852
35.2403,-2.70494,-8.9247,,0.0387806
35.2603,-2.62236,-8.59745,,0.0435705
35.2803,-2.53021,-8.23095,,0.0482794
35.3003,-2.42903,-7.84711,,0.0526543
35.3203,-2.31908,-7.43562,,0.0570368
35.3403,-2.2008,-6.9859,,0.0610342
35.3603,-2.07458,-6.50798,,0.064897
35.3803,-1.94094,-6.01316,,0.0685578
35.4003,-1.80028,-5.50738,,0.07184
35.4203,-1.65314,-4.96064,,0.0751122
35.4403,-1.50002,-4.40286,,0.0778496
35.4603,-1.34154,-3.83196,,0.0804718
35.4803,-1.17827,-3.24215,,0.082669
35.5003,-1.0107,-2.6355,,0.0846966
35.5203,-0.839522,-2.01949,,0.0863835
35.5403,-0.665305,-1.39647,,0.0877212
35.5603,-0.488697,-0.767782,,0.0887577
35.5803,-0.310333,-0.138789,,0.0895082
35.6003,-0.130848,0.495739,,0.0899202
35.6203,0.0490972,1.13036,,0.0899682
35.6403,0.228881,1.75651,,0.0897446
35.6603,0.407838,2.37427,,0.0891575
35.6803,0.585317,2.97749,,0.0883367
35.7003,0.760685,3.58493,,0.087113
35.7203,0.933343,4.17109,,0.085557
35.7403,1.10263,4.73211,,0.0837375
35.7603,1.26795,5.28774,,0.0815788
35.7803,1.4287,5.81793,,0.0792692
35.8003,1.58431,6.33701,,0.0764833
35.8203,1.73423,6.82183,,0.0735045
35.8403,1.87787,7.27747,,0.0702827
35.8603,2.0148,7.7144,,0.0667544
35.8803,2.14442,8.12541,,6.30E-02
35.9003,2.26636,8.49509,,5.91E-02
35.9203,2.38018,8.82926,,5.49E-02
35.9403,2.48537,9.14586,,0.0504937
35.9603,2.58162,9.43466,,0.0459562
35.9803,2.66868,9.67264,,0.0412849
36.0003,2.74598,9.87219,,0.0363172
36.0203,2.81354,10.0549,,0.0313379
36.0403,2.87087,10.2026,,0.0262944
36.0603,2.91788,10.2945,,0.0209917
36.0803,2.95448,10.3575,,0.0157833
36.1003,2.98033,10.3972,,0.0104146
36.1203,2.99551,10.3948,,5.02E-03
36.1403,3.00001,10.3481,,-3.10E-04
36.1603,2.99346,10.2671,,-5.85E-03
36.1803,2.97632,10.1553,,-0.0110773
36.2003,2.94842,10.008,,-0.0165489
36.2203,2.90988,9.82036,,-0.0217276
36.2403,2.86094,9.59949,,-0.0269512
36.2603,2.80167,9.34866,,-0.0320015
36.2803,2.73233,9.06751,,-0.0370363
36.3003,2.65316,8.74319,,-0.041915
36.3203,2.5644,8.38984,,-0.0465939
36.3403,2.46648,8.0165,,-0.0511025
36.3603,2.35962,7.60662,,-0.055477
36.3803,2.24427,7.16295,,-0.0596315
36.4003,2.12088,6.69914,,-0.0635427
36.4203,1.98985,6.22324,,-0.0672976
36.4403,1.85162,5.70751,,-0.0706935
36.4603,1.70678,5.16244,,-0.0739263
36.4803,1.55579,4.61547,,-0.0768709
36.5003,1.39918,4.05106,,-0.0795522
36.5203,1.23751,3.45434,,-0.0819237
36.5403,1.07143,2.85627,,-0.0840384
36.5603,0.901476,2.25274,,-0.0857922
36.5803,0.728286,1.63341,,-0.0872288
36.6003,0.552471,1.0021,,-0.0884749
36.6203,0.37466,0.3707,,-0.089267
36.6403,0.195515,-0.25413,,-0.0897991
36.6603,0.0156511,-0.888533,,-0.0899989
36.6803,-0.164251,-1.52963,,-0.0898575
36.7003,-0.34358,-2.14302,,-0.089415
36.7203,-0.521669,-2.75492,,-0.0886583
36.7403,-0.69787,-3.37116,,-0.0875346
36.7603,-0.871567,-3.97183,,-0.0861737
36.7803,-1.04214,-4.5377,,-0.0844358
36.8003,-1.20896,-5.09681,,-0.0824548
36.8203,-1.3714,-5.64555,,-0.0800728
36.8403,-1.52894,-6.1618,,-0.0775119
36.8603,-1.68093,-6.6541,,-0.0746207
36.8803,-1.82692,-7.1191,,-0.0714505
36.9003,-1.96634,-7.56661,,-0.0681034
36.9203,-2.09865,-7.98532,,-6.44E-02
36.9403,-2.22341,-8.37333,,-6.06E-02
36.9603,-2.34018,-8.72177,,-5.64E-02
36.9803,-2.44853,-9.04018,,-5.21E-02
37.0003,-2.54805,-9.34181,,-0.0476071
37.0203,-2.63843,-9.59887,,-0.0429379
37.0403,-2.71931,-9.80953,,-0.0381299
37.0603,-2.79039,-9.99717,,-3.32E-02
37.0803,-2.85138,-10.1623,,-2.81E-02
37.1003,-2.90218,-10.272,,-2.29E-02
37.1203,-2.94251,-10.346,,-1.76E-02
37.1403,-2.97227,-10.3935,,-1.23E-02
37.1603,-2.99126,-10.4082,,-7.01E-03
37.1803,-2.99967,-10.3703,,-1.60E-03
37.2003,-2.99713,-10.3052,,3.85E-03
37.2203,-2.98371,-10.2105,,9.23E-03
37.2403,-2.95972,-10.0732,,1.45E-02
37.2603,-2.92508,-9.89358,,1.99E-02
37.2803,-2.87982,-9.68697,,2.51E-02
37.3003,-2.8242,-9.45669,,3.02E-02
37.3203,-2.75849,-9.17573,,3.52E-02
37.3403,-2.6828,-8.86678,,4.02E-02
37.3603,-2.59744,-8.53272,,4.50E-02
37.3803,-2.50275,-8.17051,,4.95E-02
37.4003,-2.39914,-7.76917,,5.39E-02
37.4203,-2.28683,-7.33695,,5.81E-02
37.4403,-2.16624,-6.87954,,6.22E-02
37.4603,-2.03792,-6.40927,,6.59E-02
37.4803,-1.90223,-5.90429,,6.95E-02
37.5003,-1.75967,-5.37719,,7.28E-02
37.5203,-1.61083,-4.83097,,7.59E-02
37.5403,-1.4562,-4.26484,,7.86E-02
37.5603,-1.29625,-3.68862,,8.11E-02
37.5803,-1.13171,-3.08953,,8.34E-02
37.6003,-0.963076,-2.48145,,8.51E-02
37.6203,-0.79097,-1.86203,,8.68E-02
37.6403,-0.61604,-1.23308,,8.80E-02
37.6603,-0.438873,-0.598778,,8.90E-02
37.6803,-0.260132,0.0343131,,8.96E-02
37.7003,-0.0804464,0.671761,,9.00E-02
37.7203,0.0995225,1.30298,,8.99E-02
37.7403,0.279128,1.93595,,0.08962
37.7603,0.457733,2.55396,,0.0889472
37.7803,0.634705,3.15539,,0.0880174
37.8003,0.809353,3.75679,,0.0866861
37.8203,0.981125,4.34329,,0.0851085
37.8403,1.14937,4.91103,,0.0831596
37.8603,1.31346,5.45305,,0.0809769
37.8803,1.47281,5.98531,,0.0784942
37.9003,1.62686,6.49761,,0.0756627
37.9203,1.77508,6.97461,,0.0726504
37.9403,1.91697,7.43016,,0.0693444
37.9603,2.05185,7.85899,,6.57E-02
37.9803,2.17941,8.25814,,6.20E-02
38.0003,2.29909,8.62603,,5.79E-02
38.0203,2.4105,8.95935,,5.37E-02
38.0403,2.51327,9.2719,,0.0492755
38.0603,2.60698,9.53548,,0.0446356
38.0803,2.69129,9.7711,,0.0399408
38.1003,2.76586,9.9748,,0.0348992
38.1203,2.83064,10.1425,,0.0300003
38.1403,2.88507,10.2742,,0.0247295
38.1603,2.92919,10.3623,,0.0195802
38.1803,2.96278,10.4244,,0.0143285
38.2003,2.98566,10.4441,,8.83E-03
38.2203,2.99782,10.4303,,3.59E-03
38.2403,2.99929,10.3774,,-1.88E-03
38.2603,2.98975,10.2913,,-7.36E-03
38.2803,2.96956,10.1586,,-0.0126793
38.3003,2.93867,10.0029,,-0.0179172
38.3203,2.89727,9.81161,,-0.0231694
38.3403,2.84541,9.5794,,-0.0283936
38.3603,2.78331,9.31201,,-0.0334395
38.3803,2.71115,9.01817,,-0.0384383
38.4003,2.62924,8.69534,,-0.0431745
38.4203,2.53788,8.33252,,-0.0479165
38.4403,2.43742,7.94212,,-0.0523632
38.4603,2.32815,7.52414,,-0.0566234
38.4803,2.2105,7.08089,,-0.0607868
38.5003,2.08493,6.6074,,-0.0646174
38.5203,1.95E+00,6.1092,,-0.068251
38.5403,1.81172,5.59042,,-0.0716262
38.5603,1.66509,5.04903,,-7.48E-02
38.5803,1.51245,4.48871,,-0.0776758
38.6003,1.35438,3.9068,,-0.0802216
38.6203,1.19143,3.31739,,-0.0825523
38.6403,1.02419,2.71059,,-0.0845065
38.6603,0.853247,2.09746,,-0.0862751
38.6803,0.679268,1.47468,,-0.087602
38.7003,0.502831,0.843004,,-0.0886918
38.7203,0.324569,0.207461,,-0.0894965
38.7403,0.145152,-0.42524,,-0.0898958
38.7603,-0.0347737,-1.06136,,-0.090005
38.7803,-0.214595,-1.69481,,-0.0897334
38.8003,-0.393637,-2.31803,,-0.0892432
38.8203,-0.571256,-2.93646,,-0.0883953
38.8403,-0.746813,-3.54039,,-0.0871768
38.8603,-0.919709,-4.13508,,-0.0857138
38.8803,-1.08927,-4.71214,,-0.0839353
38.9003,-1.25492,-5.26462,,-0.0817185
38.9203,-1.41605,-5.80109,,-0.0794629
38.9403,-1.5721,-6.31805,,-0.076707
38.9603,-1.7225,-6.80846,,-0.0738
38.9803,-1.86669,-7.27705,,-0.0705266
39.0003,-2.00415,-7.70474,,-0.0670911
39.0203,-2.13442,-8.11689,,-6.33E-02
39.0403,-2.25696,-8.49826,,-5.94E-02
39.0603,-2.37139,-8.85387,,-5.52E-02
39.0803,-2.47735,-9.16461,,-5.09E-02
39.1003,-2.57435,-9.44122,,-0.0463056
39.1203,-2.66207,-9.69307,,-0.0416096
39.1403,-2.7402,-9.91259,,-0.0367501
39.1603,-2.80847,-10.0889,,-0.0317009
39.1803,-2.86667,-10.2262,,-0.0267566
39.2003,-2.91462,-10.332,,-0.0214574
39.2203,-2.95193,-10.4142,,-0.0161555
39.2403,-2.97871,-10.4422,,-0.0108152
39.2603,-2.99471,-10.4351,,-5.48E-03
39.2803,-3.00002,-10.3999,,-1.13E-04
39.3003,-2.99441,-10.3307,,5.45E-03
39.3203,-2.97809,-10.2119,,0.0106513
39.3403,-2.9511,-10.0672,,0.0160777
39.3603,-2.91338,-9.88928,,0.0213927
39.3803,-2.86523,-9.66924,,0.0264847
39.4003,-2.80677,-9.4182,,0.0316333
39.4203,-2.73824,-9.13428,,0.036681
39.4403,-2.65984,-8.82018,,0.0414513
39.4603,-2.57186,-8.47646,,0.0462133
39.4803,-2.47459,-8.09118,,0.0507935
39.5003,-2.36849,-7.68685,,0.0551214
39.5203,-2.2538,-7.25041,,0.0593007
39.5403,-2.13104,-6.78656,,0.0631979
39.5603,-2.00058,-6.29718,,0.0669906
39.5803,-1.86293,-5.78643,,0.0704514
39.6003,-1.7186,-5.2571,,0.0737189
39.6203,-1.56804,-4.70274,,0.0766533
39.6403,-1.41186,-4.13221,,0.0793177
39.6603,-1.25063,-3.5372,,0.0817432
39.6803,-1.08483,-2.94007,,0.0839253
39.7003,-0.915151,-2.32604,,0.0856325
39.7203,-0.742215,-1.70334,,0.0871578
39.7403,-0.566587,-1.06338,,0.0883705
39.7603,-0.388916,-0.423123,,0.0892323
39.7803,-0.209818,0.204083,,0.0897573
39.8003,-0.0299981,0.841236,,0.0899864
39.8203,0.149904,1.48243,,0.0898808
39.8403,0.329303,2.11309,,0.0895185
39.8603,0.507524,2.72695,,0.0887214
39.8803,0.683907,3.33736,,0.0875868
39.9003,0.857824,3.93417,,0.0863282
39.9203,1.02867,4.51021,,0.0846177
39.9403,1.1958,5.07843,,0.0825333
39.9603,1.35864,5.62797,,0.0802925
39.9803,1.51654,6.15059,,0.0777031
40.0003,1.669,6.6472,,0.0749135
40.0203,1.81551,7.1304,,0.0716833
40.0403,1.95545,7.58455,,0.0683711
40.0603,2.08836,7.99876,,6.47E-02
40.0803,2.21374,8.39322,,6.09E-02
40.1003,2.33117,8.75599,,5.67E-02
40.1203,2.44019,9.08553,,5.25E-02
40.1403,2.54041,9.38314,,0.0479227
40.1603,2.63151,9.64341,,0.0433295
40.1803,2.71321,9.87396,,0.0385202
40.2003,2.78503,10.0666,,3.36E-02
40.2203,2.84685,10.2218,,2.85E-02
40.2403,2.89847,10.3485,,2.33E-02
40.2603,2.93959,10.4269,,1.81E-02
40.2803,2.97027,10.4724,,1.28E-02
40.3003,2.99014,10.4903,,7.41E-03
40.3203,2.99933,10.4651,,1.98E-03
40.3403,2.99771,10.4011,,-3.37E-03
40.3603,2.98518,10.296,,-8.79E-03
40.3803,2.96203,10.1639,,-1.42E-02
40.4003,2.92813,9.99809,,-1.94E-02
40.4203,2.88376,9.79183,,-2.47E-02
40.4403,2.82893,9.55101,,-2.98E-02
40.4603,2.76405,9.27791,,-3.48E-02
40.4803,2.68913,8.97083,,-3.98E-02
40.5003,2.60458,8.63713,,-4.45E-02
40.5203,2.51067,8.26704,,-4.92E-02
40.5403,2.40767,7.8669,,-5.36E-02
40.5603,2.29603,7.4384,,-5.78E-02
40.5803,2.17612,6.9815,,-6.19E-02
40.6003,2.04835,6.50405,,-6.57E-02
40.6203,1.91322,5.99954,,-6.92E-02
40.6403,1.77125,5.47199,,-7.25E-02
40.6603,1.62289,4.91696,,-7.56E-02
40.6803,1.46867,4.35104,,-7.84E-02
40.7003,1.30918,3.76566,,-8.09E-02
40.7203,1.14495,3.16766,,-8.32E-02
40.7403,0.976624,2.55338,,-8.50E-02
40.7603,0.804775,1.93953,,-8.67E-02
40.7803,0.630017,1.31798,,-8.80E-02
40.8003,0.453015,0.674679,,-8.89E-02
40.8203,0.274378,0.0375664,,-8.96E-02
40.8403,0.0947358,-0.599785,,-8.99E-02
40.8603,-0.0852066,-1.23235,,-9.00E-02
40.8803,-0.264883,-1.86637,,-0.089675
40.9003,-0.443604,-2.49347,,-0.0890038
40.9203,-0.620701,-3.11311,,-0.088062
40.9403,-0.795565,-3.71546,,-0.0868094
40.9603,-0.967591,-4.30854,,-0.0852424
40.9803,-1.13612,-4.87938,,-0.0833683
41.0003,-1.30058,-5.43367,,-0.081154
41.0203,-1.46037,-5.9671,,-0.0786869
41.0403,-1.61485,-6.47724,,-0.0758867
41.0603,-1.76355,-6.96297,,-0.0728958
41.0803,-1.90591,-7.42065,,-0.069587
41.1003,-2.04139,-7.85469,,-0.0660343
41.1203,-2.16956,-8.25736,,-6.23E-02
41.1403,-2.28989,-8.62966,,-5.82E-02
41.1603,-2.40197,-8.97716,,-5.40E-02
41.1803,-2.50548,-9.27778,,-0.0496695
41.2003,-2.59991,-9.55245,,-0.044987
41.2203,-2.68491,-9.7958,,-0.0402933
41.2403,-2.76039,-9.99738,,-0.0353891
41.2603,-2.82586,-10.1717,,-0.0303356
41.2803,-2.88116,-10.304,,-0.0251554
41.3003,-2.92608,-10.4023,,-0.0200148
41.3203,-2.96057,-10.4624,,-0.0146678
41.3403,-2.98423,-10.4829,,-9.33E-03
41.3603,-2.99733,-10.4777,,-3.99E-03
41.3803,-2.99961,-10.4239,,1.48E-03
41.4003,-2.99097,-10.341,,6.85E-03
41.4203,-2.97158,-10.2236,,0.0122408
41.4403,-2.94157,-10.065,,0.0175218
41.4603,-2.90094,-9.86634,,2.27E-02
41.4803,-2.84994,-9.64571,,0.028035
41.5003,-2.78859,-9.38221,,0.0330507
41.5203,-2.71727,-9.08856,,0.0380446
41.5403,-2.63611,-8.76235,,0.0428188
41.5603,-2.54556,-8.41194,,0.0474921
41.5803,-2.44576,-8.01733,,0.0520122
41.6003,-2.33718,-7.60203,,0.0563713
41.6203,-2.22018,-7.15317,,0.0603575
41.6403,-2.09524,-6.68188,,0.0643638
41.6603,-1.96E+00,-6.1902,,0.0679488
41.6803,-1.82314,-5.66969,,0.0713803
41.7003,-1.67699,-5.12899,,0.0745131
41.7203,-1.52483,-4.56526,,0.0774872
41.7403,-1.36714,-3.99124,,0.0800276
41.7603,-1.20459,-3.39051,,0.0824092
41.7803,-1.03765,-2.77788,,0.0843944
41.8003,-0.866987,-2.16681,,0.0861377
41.8203,-0.693229,-1.54034,,0.0874846
41.8403,-0.516983,-0.896344,,0.0886611
41.8603,-0.338851,-0.256696,,0.0893826
41.8803,-0.159496,0.378476,,0.0898362
41.9003,0.0204129,1.01681,,0.0900426
41.9203,0.200267,1.65909,,0.0897925
41.9403,0.37942,2.29149,,0.0892957
41.9603,0.557161,2.90029,,0.0884226
41.9803,0.732912,3.50594,,0.0872853
42.0003,0.906048,4.11105,,0.0858564
42.0203,1.07589,4.68663,,0.0841061
42.0403,1.24187,5.24743,,0.0819716
42.0603,1.40342,5.78517,,0.0795961
42.0803,1.55983,6.31319,,0.0768946
42.1003,1.7107,6.81659,,0.0740491
42.1203,1.8554,7.28649,,0.0707848
42.1403,1.99343,7.72295,,0.0674024
42.1603,2.12429,8.14188,,6.36E-02
42.1803,2.24747,8.53352,,5.97E-02
42.2003,2.36259,8.88734,,5.56E-02
42.2203,2.46922,9.20135,,5.12E-02
42.2403,2.56696,9.50008,,0.0466889
42.2603,2.65542,9.75549,,0.0419812
42.2803,2.73431,9.96582,,0.0371426
42.3003,2.80338,10.1456,,0.0321537
42.3203,2.86244,10.3083,,0.0271746
42.3403,2.91117,10.4195,,0.021817
42.3603,2.94931,10.4838,,0.0165355
42.3803,2.97692,10.524,,0.0112619
42.4003,2.99378,10.5375,,5.90E-03
42.4203,2.99997,10.4953,,4.93E-04
42.4403,2.99518,10.4198,,-4.94E-03
42.4603,2.97972,10.3142,,-0.0102117
42.4803,2.95358,10.1693,,-0.0156323
42.5003,2.91681,9.98894,,-0.0209201
42.5203,2.86944,9.77312,,-0.0261503
42.5403,2.8118,9.52729,,-0.0312205
42.5603,2.74405,9.24071,,-0.0362518
42.5803,2.66645,8.92365,,-0.0411078
42.6003,2.57923,8.57554,,-0.0458897
42.6203,2.48266,8.20268,,-0.0503952
42.6403,2.37725,7.78933,,-0.0547566
42.6603,2.26323,7.34683,,-0.0589892
42.6803,2.14106,6.89E+00,,-0.0629765
42.7003,2.01122,6.40202,,-0.0666879
42.7203,1.87415,5.88597,,-0.0701476
42.7403,1.73028,5.34579,,-0.0734743
42.7603,1.58025,4.79521,,-0.0764017
42.7803,1.4245,4.21836,,-0.0791358
42.8003,1.26361,3.62329,,-0.0815922
42.8203,1.09819,3.02157,,-0.0836881
42.8403,0.92878,2.41045,,-0.0855251
42.8603,0.756074,1.7823,,-0.0870627
42.8803,0.580626,1.15134,,-0.0882713
42.9003,0.403107,0.51443,,-0.0891823
42.9203,0.224114,-0.123893,,-0.0897367
42.9403,0.0443322,-0.767079,,-0.089968
42.9603,-0.135618,-1.40612,,-0.0899431
42.9803,-0.3151,-2.03378,,-0.0894989
43.0003,-0.493413,-2.6655,,-0.0888104
43.0203,-0.66996,-3.2817,,-0.087772
43.0403,-0.844107,-3.88765,,-0.0863629
43.0603,-1.0152,-4.47428,,-0.08474
43.0803,-1.18265,-5.04868,,-0.0827702
43.1003,-1.34588,-5.59929,,-0.0804879
43.1203,-1.50422,-6.12256,,-0.0779389
43.1403,-1.65715,-6.62894,,-0.0751417
43.1603,-1.80415,-7.11762,,-0.0719411
43.1803,-1.94461,-7.57223,,-0.0686114
43.2003,-2.07808,-7.98698,,-6.50E-02
43.2203,-2.20408,-8.38565,,-6.11E-02
43.2403,-2.32212,-8.75987,,-5.71E-02
43.2603,-2.43187,-9.09645,,-5.28E-02
43.2803,-2.53286,-9.38504,,-0.0483314
43.3003,-2.6247,-9.65139,,-0.0437593
43.3203,-2.70705,-9.89188,,-0.0388428
43.3403,-2.77967,-10.0892,,-3.40E-02
43.3603,-2.84232,-10.2467,,-2.89E-02
43.3803,-2.89478,-10.3656,,-2.38E-02
43.4003,-2.93675,-10.4593,,-1.85E-02
43.4203,-2.96822,-10.52,,-1.33E-02
43.4403,-2.98894,-10.5258,,-7.79E-03
43.4603,-2.999,-10.5017,,-2.46E-03
43.4803,-2.99821,-10.4441,,2.98E-03
43.5003,-2.98655,-10.3557,,8.36E-03
43.5203,-2.96429,-10.2228,,1.37E-02
43.5403,-2.93124,-10.048,,1.91E-02
43.5603,-2.88771,-9.85034,,2.43E-02
43.5803,-2.83373,-9.61865,,2.94E-02
43.6003,-2.76958,-9.34742,,3.44E-02
43.6203,-2.69553,-9.03792,,3.94E-02
43.6403,-2.61168,-8.70183,,4.42E-02
43.6603,-2.51846,-8.33777,,4.88E-02
43.6803,-2.41622,-7.94051,,5.32E-02
43.7003,-2.30527,-7.50895,,5.75E-02
43.7203,-2.18598,-7.05559,,6.16E-02
43.7403,-2.05883,-6.57742,,6.53E-02
43.7603,-1.92428,-6.07384,,6.90E-02
43.7803,-1.78285,-5.54029,,7.23E-02
43.8003,-1.63493,-4.99462,,7.53E-02
43.8203,-1.48118,-4.42862,,7.82E-02
43.8403,-1.32207,-3.84119,,8.08E-02
43.8603,-1.15822,-3.23764,,8.29E-02
43.8803,-0.99018,-2.62827,,8.49E-02
43.9003,-0.818609,-2.00199,,8.65E-02
43.9203,-0.644065,-1.36506,,8.79E-02
43.9403,-0.467212,-0.72585,,8.89E-02
43.9603,-0.288678,-0.0864686,,8.96E-02
43.9803,-0.109108,0.559635,,8.99E-02
44.0003,0.070839,1.19965,,9.00E-02
44.0203,0.250564,1.83872,,0.0897391
44.0403,0.429361,2.46186,,0.0890665
44.0603,0.60664,3.08403,,0.0881803
44.0803,0.781737,3.69216,,0.0869317
44.1003,0.953995,4.28612,,0.0854072
44.1203,1.12284,4.86119,,0.0834665
44.1403,1.28762,5.41982,,0.0813595
44.1603,1.44781,5.96239,,0.0788837
44.1803,1.60274,6.48275,,0.0761499
44.2003,1.75192,6.97309,,0.0731333
44.2203,1.8948,7.43913,,0.0698513
44.2403,2.03086,7.88068,,0.0663363
44.2603,2.15959,8.28659,,6.26E-02
44.2803,2.28058,8.66579,,5.85E-02
44.3003,2.39333,9.00969,,5.44E-02
44.3203,2.4975,9.33137,,0.0499361
44.3403,2.59265,9.60837,,0.0454538
44.3603,2.67849,9.85247,,0.0406334
44.3803,2.75471,10.0627,,0.0357519
44.4003,2.82098,10.2411,,0.0307897
44.4203,2.8771,10.384,,0.0255973
44.4403,2.92285,10.4817,,0.0203787
44.4603,2.95809,10.5442,,0.015111
44.4803,2.98267,10.5789,,9.80E-03
44.5003,2.99672,10.5686,,4.41E-03
44.5203,2.99974,10.5231,,-1.05E-03
44.5403,2.99202,10.4408,,-6.39E-03
44.5603,2.97355,10.325,,-0.0118331
44.5803,2.94435,10.1709,,-0.0171178
44.6003,2.9046,9.97431,,-0.0223558
44.6203,2.85432,9.75103,,-0.0276379
44.6403,2.79383,9.49274,,-0.032656
44.6603,2.72329,9.19909,,-0.0375458
44.6803,2.64299,8.87045,,-0.0425391
44.7003,2.55304,8.51863,,-0.0471
44.7203,2.45399,8.13053,,-0.0516476
44.7403,2.34615,7.70909,,-0.0559748
44.7603,2.22982,7.26067,,-0.0601154
44.7803,2.10544,6.79342,,-0.0640391
44.8003,1.97352,6.29321,,-0.0677026
44.8203,1.83447,5.76801,,-0.07113
44.8403,1.68885,5.22756,,-0.0742811
44.8603,1.53713,4.66186,,-0.0772331
44.8803,1.37988,4.08347,,-0.079808
44.9003,1.21769,3.48193,,-0.0822079
44.9203,1.05108,2.869,,-0.0842604
44.9403,0.880716,2.25227,,-0.0859492
44.9603,0.707156,1.62745,,-0.0875185
44.9803,0.531103,0.985916,,-0.0884877
45.0003,0.353089,0.343483,,-0.0893961
45.0203,0.173809,-0.296766,,-0.0898373
45.0403,-6.11E-03,-0.938723,,-0.089934
45.0603,-0.18597,-1.5819,,-0.0898587
45.0803,-0.365186,-2.21794,,-0.0893575
45.1003,-0.543065,-2.84248,,-0.0885751
45.1203,-0.719008,-3.45684,,-0.0873722
45.1403,-0.89236,-4.06226,,-0.0859946
45.1603,-1.06251,-4.64555,,-0.0841675
45.1803,-1.22882,-5.21357,,-0.0821809
45.2003,-1.39069,-5.76329,,-0.079784
45.2203,-1.54761,-6.28627,,-0.0772046
45.2403,-1.70E+00,-6.78784,,-0.0741948
45.2603,-1.84415,-7.26133,,-0.0711273
45.2803,-1.98271,-7.70961,,-0.0676224
45.3003,-2.11413,-8.13614,,-6.40E-02
45.3203,-2.23798,-8.52039,,-6.00E-02
45.3403,-2.35372,-8.87848,,-5.59E-02
45.3603,-2.46103,-9.20905,,-5.16E-02
45.3803,-2.55948,-9.50462,,-0.0470868
45.4003,-2.64868,-9.76032,,-0.0423573
45.4203,-2.72842,-9.98061,,-0.0375519
45.4403,-2.7983,-10.169,,-0.03254
45.4603,-2.85806,-10.3294,,-0.0274285
45.4803,-2.90757,-10.4422,,-0.0223401
45.5003,-2.94665,-10.5171,,-0.0169785
45.5203,-2.97512,-10.5561,,-0.0116719
45.5403,-2.99282,-10.5674,,-6.37E-03
45.5603,-2.99984,-10.5396,,-9.42E-04
45.5803,-2.99602,-10.4665,,4.49E-03
45.6003,-2.98135,-10.3554,,9.88E-03
45.6203,-2.95609,-10.2224,,0.0151508
45.6403,-2.92014,-10.0451,,0.0205168
45.6603,-2.87358,-9.83129,,0.0257513
45.6803,-2.81674,-9.58072,,0.0308119
45.7003,-2.74982,-9.29785,,0.0358564
45.7203,-2.67297,-8.99167,,0.040684
45.7403,-2.58652,-8.64446,,0.0454799
45.7603,-2.49071,-8.26236,,0.0500874
45.7803,-2.38598,-7.85549,,0.0544544
45.8003,-2.27264,-7.42356,,0.0586223
45.8203,-2.15111,-6.95768,,0.0626339
45.8403,-2.02183,-6.46619,,0.0664361
45.8603,-1.88529,-5.9555,,0.0699009
45.8803,-1.74197,-5.42656,,0.0731923
45.9003,-1.59241,-4.86258,,0.0761585
45.9203,-1.43708,-4.28631,,0.0789641
45.9403,-1.2766,-3.69789,,0.0814272
45.9603,-1.11149,-3.09161,,0.0834949
45.9803,-0.942431,-2.47108,,0.0854247
46.0003,-0.769936,-1.83715,,0.0869201
46.0203,-0.594716,-1.20278,,0.0882464
46.0403,-0.417301,-0.557988,,0.0890685
46.0603,-0.238411,0.0901705,,0.0896867
46.0803,-0.0586834,0.736544,,0.0899793
46.1003,0.121276,1.37821,,8.99E-02
46.1203,0.300814,2.00925,,0.0895667
46.1403,0.479242,2.64301,,0.0888568
46.1603,0.655948,3.26734,,0.0878634
46.1803,0.830332,3.86652,,0.0865351
46.2003,1.00172,4.45249,,0.0848689
46.2203,1.16943,5.0369,,0.08294
46.2403,1.33301,5.59429,,0.0806767
46.2603,1.49176,6.12737,,0.0781256
46.2803,1.64518,6.63753,,0.0753398
46.3003,1.79265,7.12742,,0.0722959
46.3203,1.93363,7.59391,,0.068825
46.3403,2.06767,8.023,,6.53E-02
46.3603,2.19433,8.4297,,6.15E-02
46.3803,2.31301,8.79688,,5.74E-02
46.4003,2.42341,9.13521,,5.31E-02
46.4203,2.52509,9.44306,,0.0486933
46.4403,2.61765,9.72075,,0.0441245
46.4603,2.70081,9.95778,,0.0392676
46.4803,2.77425,10.1573,,3.44E-02
46.5003,2.83772,10.3229,,2.93E-02
46.5203,2.89097,10.4602,,2.41E-02
46.5403,2.93378,10.551,,1.90E-02
46.5603,2.96608,10.6015,,1.36E-02
46.5803,2.9877,10.6197,,8.27E-03
46.6003,2.99859,10.6068,,2.87E-03
46.6203,2.99865,10.5552,,-2.57E-03
46.6403,2.98786,10.457,,-7.90E-03
46.6603,2.96642,10.3257,,-1.33E-02
46.6803,2.93424,10.1611,,-1.86E-02
46.7003,2.89151,9.96636,,-2.39E-02
46.7203,2.83838,9.72571,,-2.89E-02
46.7403,2.77503,9.45422,,-3.41E-02
46.7603,2.70172,9.15098,,-3.90E-02
46.7803,2.61871,8.82547,,-4.38E-02
46.8003,2.52618,8.45009,,-4.85E-02
46.8203,2.42463,8.04771,,-5.29E-02
46.8403,2.31438,7.6243,,-5.71E-02
46.8603,2.19574,7.1738,,-6.12E-02
46.8803,2.06921,6.69019,,-6.51E-02
46.9003,1.93525,6.17861,,-6.86E-02
46.9203,1.79431,5.65332,,-7.21E-02
46.9403,1.6469,5.10556,,-7.51E-02
46.9603,1.49362,4.52897,,-7.80E-02
46.9803,1.33494,3.93277,,-8.05E-02
47.0003,1.17142,3.33618,,-8.28E-02
47.0203,1.00369,2.72442,,-8.48E-02
47.0403,0.832367,2.09531,,-8.64E-02
47.0603,0.658038,1.45976,,-8.78E-02
47.0803,0.481345,0.823238,,-8.88E-02
47.1003,0.302919,0.179454,,-8.95E-02
47.1203,0.123406,-0.470312,,-8.99E-02
47.1403,-0.0565548,-1.11628,,-9.00E-02
47.1603,-0.2363,-1.75452,,-0.0897084
47.1803,-0.415201,-2.38515,,-0.0891823
47.2003,-0.592621,-3.02047,,-0.0882377
47.2203,-0.767884,-3.63637,,-0.0870725
47.2403,-0.940448,-4.23424,,-0.0854782
47.2603,-1.10954,-4.81867,,-0.0836535
47.2803,-1.27469,-5.38085,,-0.081507
47.3003,-1.43522,-5.92253,,-0.0791762
47.3203,-1.59062,-6.45123,,-0.0763185
47.3403,-1.74029,-6.94212,,-0.0733971
47.3603,-1.88368,-7.40759,,-0.0701752
47.3803,-2.0203,-7.85622,,-0.0665619
47.4003,-2.14963,-8.27404,,-6.29E-02
47.4203,-2.27126,-8.65618,,-5.89E-02
47.4403,-2.38471,-9.00477,,-5.47E-02
47.4603,-2.48957,-9.32461,,-0.0503487
47.4803,-2.58546,-9.61064,,-0.0457588
47.5003,-2.67204,-9.85857,,-0.0410524
47.5203,-2.74901,-10.0727,,-0.0361172
47.5403,-2.8161,-10.2546,,-0.0311613
47.5603,-2.87308,-10.3991,,-0.0260513
47.5803,-2.91965,-10.5018,,-0.0208118
47.6003,-2.95577,-10.5715,,-0.0155316
47.6203,-2.98119,-10.6054,,-0.0101434
47.6403,-2.99595,-10.5979,,-4.85E-03
47.6603,-2.99988,-10.5549,,5.73E-04
47.6803,-2.99303,-10.474,,6.02E-03
47.7003,-2.97537,-10.3651,,0.0113937
47.7203,-2.94705,-10.2134,,0.0166753
47.7403,-2.90806,-10.0227,,0.0219614
47.7603,-2.85875,-9.80039,,0.0271615
47.7803,-2.79904,-9.5419,,0.0322516
47.8003,-2.72924,-9.25365,,0.0373004
47.8203,-2.64961,-8.92872,,0.0420228
47.8403,-2.56057,-8.57738,,0.0467892
47.8603,-2.46221,-8.18942,,0.0512731
47.8803,-2.35503,-7.77174,,0.0556496
47.9003,-2.23933,-7.32583,,0.0598219
47.9203,-2.11565,-6.85126,,0.0637023
47.9403,-1.98426,-6.35047,,0.0674313
47.9603,-1.8458,-5.833,,0.070784
47.9803,-1.70073,-5.29209,,0.0740629
48.0003,-1.54945,-4.72777,,0.0770057
48.0203,-1.39261,-4.14274,,0.0796462
48.0403,-1.23076,-3.54519,,0.0820652
48.0603,-1.06449,-2.934,,0.0840837
48.0803,-0.894427,-2.30382,,0.0858341
48.1003,-0.721104,-1.66731,,0.0873335
48.1203,-0.545199,-1.02702,,0.0884777
48.1403,-0.367332,-0.382547,,0.08927
48.1603,-0.188121,0.263859,,0.0898658
48.1803,-8.26E-03,0.920114,,0.0899769
48.2003,0.171657,1.5635,,0.0898057
48.2203,0.350956,2.19676,,0.0894361
48.2403,0.528963,2.82644,,0.0886459
48.2603,0.705089,3.44609,,0.0875126
48.2803,0.878655,4.05242,,0.0860627
48.3003,1.04909,4.63497,,0.0843411
48.3203,1.2157,5.21017,,0.0823558
48.3403,1.37797,5.76904,,0.0800095
48.3603,1.5353,6.29431,,0.0773481
48.3803,1.69E+00,6.80459,,0.0745538
48.4003,1.83279,7.29412,,0.071278
48.4203,1.97194,7.74411,,0.0679922
48.4403,2.10396,8.1691,,6.42E-02
48.4603,2.22838,8.5653,,6.04E-02
48.4803,2.3448,8.93249,,5.62E-02
48.5003,2.45277,9.2655,,5.19E-02
48.5203,2.55199,9.56327,,0.0474622
48.5403,2.64191,9.82725,,0.0427475
48.5603,2.72239,10.0598,,0.0378926
48.5803,2.79313,10.2514,,0.0329898
48.6003,2.85368,10.4066,,0.0278718
48.6203,2.90404,10.527,,0.022709
48.6403,2.94394,10.6157,,0.0174538
48.6603,2.97329,10.6617,,0.0121838
48.6803,2.99188,10.6675,,6.66E-03
48.7003,2.99969,10.6403,,1.46E-03
48.7203,2.99675,10.5789,,-4.10E-03
48.7403,2.98296,10.4727,,-9.43E-03
48.7603,2.95849,10.3298,,-0.0148074
48.7803,2.92334,10.1587,,-0.0200679
48.8003,2.87771,9.94884,,-0.0253007
48.8203,2.82167,9.7045,,-0.030471
48.8403,2.75554,9.42033,,-0.0354065
48.8603,2.67939,9.10494,,-0.0403869
48.8803,2.59376,8.7623,,-0.0450941
48.9003,2.49861,8.38661,,-0.0496529
48.9203,2.3946,7.9773,,-0.0541856
48.9403,2.28195,7.5388,,-0.0582859
48.9603,2.16105,7.07613,,-0.0623227
48.9803,2.03239,6.5897,,-0.0661091
49.0003,1.89643,6.0707,,-0.0696552
49.0203,1.75364,5.53265,,-0.0729079
49.0403,1.60453,4.97415,,-0.0760046
49.0603,1.44968,4.39579,,-0.0787012
49.0803,1.28953,3.79715,,-0.0812084
49.1003,1.12481,3.18527,,-0.0833912
49.1203,0.956019,2.57118,,-0.0852765
49.1403,0.783792,1.94534,,-0.0867859
49.1603,0.608752,1.30107,,-0.0881282
49.1803,0.431506,0.651014,,-0.0890465
49.2003,0.25271,8.92E-03,,-0.0896444
49.2203,0.0729918,-0.634852,,-0.0899975
49.2403,-0.106974,-1.28247,,-0.0899037
49.2603,-0.286544,-1.93235,,-0.0896208
49.2803,-0.465104,-2.56378,,-0.0889373
49.3003,-0.641976,-3.18549,,-0.0879239
49.3203,-0.816525,-3.80438,,-0.0866479
49.3403,-0.988154,-4.40257,,-0.0850481
49.3603,-1.15623,-4.98642,,-0.0830824
49.3803,-1.32015,-5.54397,,-0.0809097
49.4003,-1.47931,-6.08628,,-0.0782917
49.4203,-1.63316,-6.60275,,-0.0756253
49.4403,-1.78112,-7.09051,,-0.0724771
49.4603,-1.92268,-7.56018,,-0.0691958
49.4803,-2.05728,-7.99904,,-6.55E-02
49.5003,-2.18452,-8.40022,,-6.18E-02
49.5203,-2.30388,-8.77467,,-5.77E-02
49.5403,-2.41494,-9.13137,,-5.35E-02
49.5603,-2.51732,-9.44053,,-0.0491121
49.5803,-2.61068,-9.70965,,-0.0444221
49.6003,-2.69454,-9.94973,,-0.0397063
49.6203,-2.76879,-10.1597,,-3.48E-02
49.6403,-2.83307,-10.3336,,-2.97E-02
49.6603,-2.8871,-10.4661,,-2.46E-02
49.6803,-2.93079,-10.5546,,-1.93E-02
49.7003,-2.96391,-10.6187,,-1.40E-02
49.7203,-2.98636,-10.6436,,-8.73E-03
49.7403,-2.9981,-10.6271,,-3.27E-03
49.7603,-2.99907,-10.5743,,2.08E-03
49.7803,-2.98913,-10.4865,,7.49E-03
49.8003,-2.96854,-10.3634,,1.29E-02
49.8203,-2.93721,-10.2015,,1.82E-02
49.8403,-2.89532,-10.0021,,2.34E-02
49.8603,-2.84298,-9.76836,,2.86E-02
49.8803,-2.7805,-9.50068,,3.37E-02
49.9003,-2.70792,-9.20389,,3.86E-02
49.9203,-2.62563,-8.87351,,4.34E-02
49.9403,-2.53396,-8.49828,,4.81E-02
49.9603,-2.43305,-8.10793,,5.26E-02
49.9803,-2.32344,-7.68308,,5.68E-02
50.0003,-2.20549,-7.22318,,6.09E-02
50.0203,-2.07955,-6.73797,,6.48E-02
50.0403,-1.94615,-6.23954,,6.84E-02
50.0603,-1.80581,-5.70825,,7.17E-02
50.0803,-1.6589,-5.15317,,7.49E-02
50.1003,-1.50602,-4.58475,,7.78E-02
50.1203,-1.34776,-3.99727,,8.03E-02
50.1403,-1.1846,-3.39206,,8.27E-02
50.1603,-1.0172,-2.76621,,8.46E-02
50.1803,-0.846138,-2.14074,,8.63E-02
50.2003,-0.67202,-1.50656,,8.77E-02
50.2203,-0.495511,-0.852073,,8.87E-02
50.2403,-0.317202,-0.198678,,8.95E-02
50.2603,-0.137736,0.445454,,8.99E-02
50.2803,0.0422088,1.0919,,9.00E-02
50.3003,0.221989,1.74345,,0.0898092
50.3203,0.401001,2.38425,,0.0891879
50.3403,0.578543,3.00762,,0.0883293
50.3603,0.754033,3.62128,,0.0871898
50.3803,0.92678,4.22546,,0.0856227
50.4003,1.09619,4.81949,,0.0838221
50.4203,1.26167,5.38626,,0.0816972
50.4403,1.42264,5.92703,,0.0792715
50.4603,1.57839,6.46266,,0.0766105
50.4803,1.72856,6.97103,,0.0736706
50.5003,1.87245,7.44856,,0.0704079
50.5203,2.00966,7.89271,,0.0668784
50.5403,2.13958,8.31412,,6.32E-02
50.5603,2.26185,8.7114,,5.92E-02
50.5803,2.37594,9.05907,,5.50E-02
50.6003,2.48151,9.38008,,0.0506953
50.6203,2.57806,9.67625,,0.0461
50.6403,2.66544,9.93248,,0.0414385
50.6603,2.74321,10.1549,,0.0365653
50.6803,2.81107,10.3362,,0.03152
50.7003,2.86878,10.4864,,0.0264595
50.7203,2.91633,10.5949,,0.0212855
50.7403,2.95321,10.6727,,0.0159345
50.7603,2.97952,10.7103,,0.0105556
50.7803,2.99512,10.7015,,5.30E-03
50.8003,3.00005,10.6699,,-1.43E-04
50.8203,2.99397,10.5937,,-5.60E-03
50.8403,2.97723,10.479,,-0.0109033
50.8603,2.94971,10.3278,,-0.0162731
50.8803,2.9116,10.1461,,-0.0215947
50.9003,2.863,9.92716,,-0.0267313
50.9203,2.80416,9.66222,,-0.0318618
50.9403,2.73514,9.3749,,-0.0368904
50.9603,2.65633,9.05849,,-0.0416602
50.9803,2.56799,8.70045,,-0.0464133
51.0003,2.47036,8.30785,,-0.0509501
51.0203,2.36389,7.8887,,-0.0552845
51.0403,2.24885,7.45239,,-0.0595044
51.0603,2.12577,6.97888,,-0.0633447
51.0803,1.99502,6.47602,,-0.0671449
51.1003,1.8571,5.94808,,-0.0706094
51.1203,1.71244,5.40736,,-0.0738091
51.1403,1.56169,4.84445,,-0.0767687
51.1603,1.40526,4.25258,,-0.0794749
51.1803,1.24383,3.64983,,-0.0818334
51.2003,1.0779,3.03903,,-0.0839175
51.2203,0.90808,2.41467,,-0.0857345
51.2403,0.734997,1.78089,,-0.0872356
51.2603,0.559268,1.13367,,-0.0883557
51.2803,0.381519,0.480902,,-0.0893194
51.3003,0.202403,-0.162764,,-0.0897198
51.3203,0.0225534,-0.809811,,-0.0900206
51.3403,-0.157354,-1.4626,,-0.0899011
51.3603,-0.336709,-2.11414,,-0.0893955
51.3803,-0.51486,-2.74138,,-0.088673
51.4003,-0.691148,-3.36555,,-0.0876621
51.4203,-0.864947,-3.98235,,-0.0862013
51.4403,-1.03566,-4.5791,,-0.084545
51.4603,-1.20261,-5.15697,,-0.0824668
51.4803,-1.36523,-5.71167,,-0.0802052
51.5003,-1.523,-6.24995,,-0.0776198
51.5203,-1.68E+00,-6.76106,,-0.0747269
51.5403,-1.82146,-7.24733,,-0.0715498
51.5603,-1.96108,-7.70858,,-0.0682339
51.5803,-2.09371,-8.13728,,-6.46E-02
51.6003,-2.21872,-8.53745,,-6.07E-02
51.6203,-2.33586,-8.91047,,-5.65E-02
51.6403,-2.44453,-9.24594,,-5.22E-02
51.6603,-2.54434,-9.54848,,-0.0477718
51.6803,-2.63511,-9.81406,,-0.0431739
51.7003,-2.71637,-10.0467,,-0.0382959
51.7203,-2.78779,-10.2488,,-0.0333929
51.7403,-2.84923,-10.4108,,-0.0282505
51.7603,-2.90036,-10.5311,,-0.0231326
51.7803,-2.94115,-10.6177,,-0.0178495
51.8003,-2.97124,-10.669,,-0.0126034
51.8203,-2.99074,-10.6829,,-7.16E-03
51.8403,-2.99953,-10.6569,,-1.84E-03
51.8603,-2.99742,-10.5941,,3.65E-03
51.8803,-2.98443,-10.4926,,9.03E-03
51.9003,-2.96083,-10.3621,,0.0143434
51.9203,-2.92658,-10.1908,,0.0196624
51.9403,-2.88167,-9.98189,,0.0249286
51.9603,-2.82653,-9.73632,,0.0300047
51.9803,-2.76116,-9.46052,,0.0350208
52.0003,-2.68583,-9.15201,,0.0399999
52.0203,-2.6009,-8.80834,,0.0447287
52.0403,-2.50651,-8.43308,,0.0493934
52.0603,-2.40321,-8.02459,,0.0536882
52.0803,-2.29123,-7.5874,,0.0580108
52.1003,-2.17096,-7.12542,,0.0620847
52.1203,-2.04291,-6.63629,,0.0657326
52.1403,-1.9075,-6.1191,,0.0693791
52.1603,-1.76526,-5.58263,,0.0726928
52.1803,-1.61663,-5.02259,,0.075728
52.2003,-1.4622,-4.44753,,0.0784887
52.2203,-1.3025,-3.85106,,0.0810576
52.2403,-1.13809,-3.23176,,0.0832416
52.2603,-0.969599,-2.61,,0.0851235
52.2803,-0.797599,-1.98165,,0.0866986
52.3003,-0.622761,-1.33901,,0.0880208
52.3203,-0.445665,-0.677307,,0.0889746
52.3403,-0.26698,-0.0229783,,0.0896147
52.3603,-0.0873269,0.621413,,0.0899368
52.3803,0.0926462,1.27251,,0.089969
52.4003,0.272257,1.92308,,0.0896681
52.4203,0.450912,2.56412,,0.0889611
52.4403,0.62796,3.18119,,0.0880436
52.4603,0.802738,3.802,,0.0867755
52.4803,0.974619,4.40512,,0.0851692
52.5003,1.14299,4.995,,0.083212
52.5203,1.30724,5.55725,,0.0810923
52.5403,1.46685,6.10196,,0.0785554
52.5603,1.62109,6.62615,,0.0758115
52.5803,1.76955,7.12802,,0.0727697
52.6003,1.91161,7.59803,,0.0694132
52.6203,2.04682,8.04544,,6.59E-02
52.6403,2.17468,8.45561,,6.21E-02
52.6603,2.29467,8.83751,,5.80E-02
52.6803,2.40638,9.18583,,5.38E-02
52.7003,2.5095,9.50381,,0.0494363
52.7203,2.60354,9.78631,,0.044806
52.7403,2.68821,10.0411,,0.0400866
52.7603,2.76328,10.2451,,0.0352055
52.7803,2.82836,10.4171,,0.0301482
52.8003,2.88323,10.5681,,0.0249877
52.8203,2.92769,10.6673,,0.0196829
52.8403,2.96165,10.7224,,0.01447
52.8603,2.98498,10.7519,,9.15E-03
52.8803,2.99757,10.751,,3.72E-03
52.9003,2.99944,10.6982,,-1.69E-03
52.9203,2.99033,10.6059,,-7.08E-03
52.9403,2.97052,10.4834,,-0.0124648
52.9603,2.94002,10.327,,-0.0177332
52.9803,2.89904,10.1288,,-0.0230139
53.0003,2.84759,9.89571,,-0.0281451
53.0203,2.78588,9.62846,,-0.0332507
53.0403,2.71413,9.33413,,-0.0382472
53.0603,2.63258,8.99762,,-0.0430032
53.0803,2.54159,8.62487,,-0.0477136
53.1003,2.44146,8.23308,,-0.0521862
53.1203,2.3325,7.80874,,-0.0565073
53.1403,2.2152,7.35603,,-0.0605982
53.1603,2.0899,6.86782,,-0.0644676
53.1803,1.96E+00,6.36316,,-0.0680837
53.2003,1.81726,5.83287,,-0.07155
53.2203,1.67083,5.27621,,-0.0746792
53.2403,1.51841,4.70419,,-0.0775614
53.2603,1.36052,4.11423,,-0.0801364
53.2803,1.19777,3.50333,,-0.0824607
53.3003,1.03067,2.88095,,-0.0845267
53.3203,0.859869,2.25638,,-0.0861415
53.3403,0.686011,1.61787,,-0.0875603
53.3603,0.509643,0.965104,,-0.0886934
53.3803,0.331459,0.309109,,-0.0893877
53.4003,0.15207,-0.332523,,-0.0899705
53.4203,-0.0278506,-0.982876,,-0.0898918
53.4403,-0.207681,-1.64135,,-0.0897881
53.4603,-0.386754,-2.28932,,-0.089298
53.4803,-0.56446,-2.92148,,-0.0884455
53.5003,-0.740125,-3.53393,,-0.0872476
53.5203,-0.913136,-4.15838,,-0.0857591
53.5403,-1.08283,-4.75323,,-0.0839692
53.5603,-1.24866,-5.32431,,-0.0818756
53.5803,-1.40998,-5.87285,,-0.0795112
53.6003,-1.56621,-6.40822,,-0.0768177
53.6203,-1.71684,-6.92058,,-0.0739109
53.6403,-1.86123,-7.39449,,-7.06E-02
53.6603,-1.99897,-7.84721,,-0.0672169
53.6803,-2.12951,-8.27647,,-0.0634474
53.7003,-2.25237,-8.67003,,-0.0595914
53.7203,-2.36715,-9.02823,,-0.0554116
53.7403,-2.47339,-9.36E+00,,-0.05097
53.7603,-2.57068,-9.66017,,-0.0465331
53.7803,-2.65888,-9.91689,,-0.0418124
53.8003,-2.73737,-10.1365,,-0.0369138
53.8203,-2.80607,-10.3227,,-0.0319855
53.8403,-2.8646,-10.4866,,-0.0268485
53.8603,-2.91288,-10.5998,,-0.0216995
53.8803,-2.95067,-10.6676,,-0.0163377
53.9003,-2.97775,-10.7076,,-0.0109916
53.9203,-2.99425,-10.7243,,-5.78E-03
53.9403,-2.99997,-10.6876,,-2.03E-04
53.9603,-2.99474,-10.5919,,5.17E-03
53.9803,-2.97886,-10.4941,,0.0104615
54.0003,-2.95222,-10.3624,,0.0159141
54.0203,-2.915,-10.1746,,0.0210654
54.0403,-2.86728,-9.94135,,0.0263951
54.0603,-2.80915,-9.69371,,0.0314225
54.0803,-2.74102,-9.42114,,0.0364816
54.1003,-2.66299,-9.09147,,0.041263
54.1203,-2.57536,-8.72413,,0.0460716
54.1403,-2.47846,-8.34779,,0.0505691
54.1603,-2.37267,-7.94495,,0.0549893
54.1803,-2.25835,-7.48965,,0.0590993
54.2003,-2.13587,-7.01059,,0.0631046
54.2203,-2.00571,-6.51547,,0.0668222
54.2403,-1.86831,-6.00442,,0.0703644
54.2603,-1.7242,-5.45158,,0.0735637
54.2803,-1.57391,-4.8731,,0.0765336
54.3003,-1.41793,-4.29972,,0.0792778
54.3203,-1.25681,-3.69948,,0.0816936
54.3403,-1.09124,-3.07956,,0.0837421
54.3603,-0.921713,-2.44227,,0.0856037
54.3803,-0.748871,-1.80608,,0.0870928
54.4003,-0.573323,-1.16496,,0.0883144
54.4203,-0.395755,-0.50091,,0.08921
54.4403,-0.21672,0.15802,,0.089743
54.4603,-0.0369105,0.805194,,0.0899506
54.4803,0.14304,1.45768,,0.089948
54.5003,0.322466,2.10855,,0.0895035
54.5203,0.500733,2.75081,,0.088723
54.5403,0.67721,3.37227,,0.0877096
54.5603,0.851221,3.98207,,0.0863564
54.5803,1.02217,4.58499,,0.0846202
54.6003,1.18947,5.16961,,0.0826986
54.6203,1.35246,5.73042,,0.0803601
54.6403,1.51064,6.27238,,0.0778775
54.6603,1.66332,6.78915,,0.0749086
54.6803,1.81003,7.28879,,0.0719032
54.7003,1.95023,7.75631,,0.0684522
54.7203,2.08344,8.18908,,0.0648628
54.7403,2.20911,8.59771,,0.0610163
54.7603,2.32683,8.97136,,0.0569174
54.7803,2.43619,9.31325,,0.0526292
54.8003,2.53678,9.62566,,0.0481028
54.8203,2.6283,9.90105,,0.0435979
54.8403,2.71026,10.1328,,0.0386308
54.8603,2.78245,10.3386,,0.0337846
54.8803,2.84474,10.5135,,0.0287152
54.9003,2.89673,10.6377,,0.0234645
54.9203,2.93825,10.7217,,0.0183152
54.9403,2.96929,10.7837,,0.0129924
54.9603,2.98958,10.8017,,7.61E-03
54.9803,2.99922,10.7757,,2.25E-03
55.0003,2.99793,10.7192,,-3.21E-03
55.0203,2.98582,10.6217,,-8.57E-03
55.0403,2.96316,10.4919,,-0.01395
55.0603,2.92966,10.3125,,-0.0192595
55.0803,2.88566,10.1111,,-0.0244625
55.1003,2.83132,9.87092,,-0.0296402
55.1203,2.76672,9.58965,,-0.0346354
55.1403,2.69222,9.28581,,-0.0396205
55.1603,2.60801,8.93606,,-0.0442982
55.1803,2.51441,8.56071,,-0.0489889
55.2003,2.41183,8.15906,,-0.0534027
55.2203,2.30045,7.72096,,-0.057716
55.2403,2.18084,7.25786,,-0.0617146
55.2603,2.05339,6.76552,,-0.0655086
55.2803,1.91854,6.25227,,-0.0691038
55.3003,1.77683,5.70737,,-0.0723979
55.3203,1.6287,5.1479,,-0.0755332
55.3403,1.47469,4.56521,,-0.0782999
55.3603,1.31539,3.9671,,-0.0808296
55.3803,1.15136,3.35504,,-0.0829969
55.4003,0.983193,2.72356,,-0.0850217
55.4203,0.811459,2.09008,,-0.0865655
55.4403,0.636791,1.4462,,-0.0879664
55.4603,0.459866,0.796744,,-0.0888736
55.4803,0.281269,0.144516,,-0.0896147
55.5003,0.10166,-0.512809,,-0.0899578
55.5203,-0.0782973,-1.17143,,-0.0899675
55.5403,-0.257985,-1.82213,,-0.0896842
55.5603,-0.436752,-2.46243,,-0.0890539
55.5803,-0.61394,-3.09951,,-0.0881071
55.6003,-0.788897,-3.72129,,-0.0868754
55.6203,-0.961027,-4.33169,,-0.0853104
55.6403,-1.12972,-4.92126,,-0.083396
55.6603,-1.29434,-5.49276,,-0.0813157
55.6803,-1.45431,-6.04763,,-0.0787393
55.7003,-1.60903,-6.57419,,-0.0759992
55.7203,-1.75795,-7.0717,,-0.0730468
55.7403,-1.90058,-7.54388,,-0.0697321
55.7603,-2.03631,-7.99821,,-0.0661451
55.7803,-2.16477,-8.4206,,-0.0624512
55.8003,-2.28542,-8.7991,,-0.0583906
55.8203,-2.39784,-9.15654,,-0.0541941
55.8403,-2.50165,-9.48293,,-0.049762
55.8603,-2.59645,-9.76796,,-0.045213
55.8803,-2.68186,-10.0173,,-0.0404911
55.9003,-2.75769,-10.2273,,-0.0355584
55.9203,-2.82354,-10.4123,,-0.0305148
55.9403,-2.8792,-10.5572,,-0.0253892
55.9603,-2.92455,-10.6597,,-0.0201412
55.9803,-2.9593,-10.7258,,-0.0149073
56.0003,-2.98348,-10.7573,,-9.54E-03
56.0203,-2.99697,-10.7489,,-4.17E-03
56.0403,-2.99966,-10.7025,,1.18E-03
56.0603,-2.99144,-10.627,,6.76E-03
56.0803,-2.97251,-10.5039,,0.0119471
56.1003,-2.9429,-10.3436,,0.0173443
56.1203,-2.90267,-10.1519,,0.0225815
56.1403,-2.85204,-9.92804,,0.0277921
56.1603,-2.79117,-9.66253,,0.0328678
56.1803,-2.72013,-9.36322,,0.0378013
56.2003,-2.63943,-9.03196,,0.0426988
56.2203,-2.5492,-8.67154,,0.0472962
56.2403,-2.44974,-8.2733,,0.0518992
56.2603,-2.34145,-7.84719,,0.0561252
56.2803,-2.22482,-7.39644,,0.0602588
56.3003,-2.10016,-6.91238,,0.0641686
56.3203,-1.96792,-6.40342,,0.0678086
56.3403,-1.82861,-5.87748,,0.0712653
56.3603,-1.68269,-5.32075,,0.0744424
56.3803,-1.53076,-4.74481,,0.0773497
56.4003,-1.37331,-4.15446,,0.0799556
56.4203,-1.2109,-3.54151,,0.0822508
56.4403,-1.04413,-2.92154,,0.0843516
56.4603,-0.873593,-2.28899,,0.0860491
56.4803,-0.699942,-1.63901,,0.0875308
56.5003,-0.523764,-0.981144,,0.0885579
56.5203,-0.3457,-0.331063,,0.0893973
56.5403,-0.166375,0.33201,,0.0898584
56.5603,0.0135276,0.987407,,0.0899647
56.5803,0.193384,1.63979,,0.0898134
56.6003,0.372549,2.2826,,0.0893245
56.6203,0.550355,2.91755,,0.0885049
56.6403,0.72621,3.55093,,0.0873695
56.6603,0.899458,4.16063,,0.0858858
56.6803,1.06945,4.75605,,0.0841326
56.7003,1.23559,5.34015,,0.0820406
56.7203,1.39731,5.89549,,0.0797556
56.7403,1.55396,6.43543,,0.0770234
56.7603,1.70503,6.95439,,0.0741285
56.7803,1.84998,7.44031,,0.0709405
56.8003,1.9883,7.89815,,0.0674947
56.8203,2.11941,8.33248,,0.0637796
56.8403,2.2429,8.73484,,0.0598659
56.8603,2.35834,9.10004,,0.0557505
56.8803,2.46528,9.4346,,0.0513747
56.9003,2.56337,9.73431,,0.0468657
56.9203,2.6522,9.99839,,0.0422222
56.9403,2.73151,10.2372,,0.0373617
56.9603,2.80099,10.4255,,0.0322319
56.9803,2.86027,10.5803,,0.0273294
57.0003,2.90945,10.7011,,0.0220926
57.0203,2.94807,10.7816,,0.0167638
57.0403,2.97609,10.8304,,0.0114727
57.0603,2.99338,10.8331,,6.14E-03
57.0803,2.99993,10.8003,,7.10E-04
57.1003,2.99561,10.7368,,-4.80E-03
57.1203,2.98054,10.624,,-0.0100222
57.1403,2.95479,10.481,,-0.0154104
57.1603,2.91835,10.3035,,-0.0207832
57.1803,2.87141,10.0853,,-0.0258486
57.2003,2.81415,9.83269,,-0.031125
57.2203,2.74681,9.54899,,-0.0360091
57.2403,2.66957,9.22667,,-0.0409584
57.2603,2.58269,8.86906,,-0.0456423
57.2803,2.48658,8.48714,,-0.0502297
57.3003,2.38142,8.07246,,-0.0546058
57.3203,2.26776,7.62801,,-0.0588364
57.3403,2.14589,7.15217,,-0.0628071
57.3603,2.01633,6.64981,,-0.0665249
57.3803,1.87953,6.13057,,-0.0700863
57.4003,1.73595,5.57678,,-0.0733001
57.4203,1.5861,5.00805,,-0.0763213
57.4403,1.43056,4.42429,,-0.0790201
57.4603,1.26984,3.81093,,-0.0814879
57.4803,1.10461,3.19212,,-0.0836561
57.5003,0.935376,2.56894,,-0.0854356
57.5203,0.762751,1.92638,,-0.0870271
57.5403,0.587401,1.27682,,-0.0882001
57.5603,0.409954,0.616807,,-0.0891619
57.5803,0.230993,-0.0334243,,-0.0897354
57.6003,0.0512346,-0.689615,,-0.0899715
57.6203,-0.128702,-1.35146,,-0.0898837
57.6403,-0.308188,-2.00651,,-0.0895377
57.6603,-0.486577,-2.64685,,-0.0888171
57.6803,-0.663204,-3.27349,,-0.087848
57.7003,-0.837456,-3.90366,,-0.0864476
57.7203,-1.0087,-4.51536,,-0.084779
57.7403,-1.17631,-5.09601,,-0.0828717
57.7603,-1.33966,-5.66151,,-0.0805875
57.7803,-1.4982,-6.2132,,-0.0780044
57.8003,-1.65136,-6.7406,,-0.0752256
57.8203,-1.79855,-7.22975,,-0.0720916
57.8403,-1.9393,-7.69707,,-0.0687659
57.8603,-2.07302,-8.14587,,-0.0651777
57.8803,-2.19939,-8.55541,,-0.0612882
57.9003,-2.31775,-8.93959,,-0.0572434
57.9203,-2.4278,-9.28312,,-0.0529689
57.9403,-2.52912,-9.59073,,-0.0485292
57.9603,-2.62125,-9.87412,,-0.0438467
57.9803,-2.70407,-10.1165,,-0.0391493
58.0003,-2.77706,-10.3244,,-0.0341311
58.0203,-2.84013,-10.4901,,-0.0291426
58.0403,-2.89296,-10.626,,-0.0239963
58.0603,-2.93537,-10.7225,,-0.0186317
58.0803,-2.96716,-10.7818,,-0.0134004
58.1003,-2.98833,-10.7999,,-8.08E-03
58.1203,-2.99884,-10.7791,,-2.68E-03
58.1403,-2.99841,-10.7259,,2.82E-03
58.1603,-2.98711,-10.6383,,8.21E-03
58.1803,-2.96529,-10.5029,,0.0134446
58.2003,-2.93272,-10.3349,,0.0187912
58.2203,-2.88954,-10.1346,,0.0240821
58.2403,-2.836,-9.89499,,0.029255
58.2603,-2.77222,-9.62134,,0.0342001
58.2803,-2.69847,-9.31245,,0.0392152
58.3003,-2.61513,-8.97532,,0.0440043
58.3203,-2.5222,-8.5987,,0.0486535
58.3403,-2.42026,-8.19205,,0.0530071
58.3603,-2.30967,-7.75806,,0.0573331
58.3803,-2.19067,-7.29669,,0.06141
58.4003,-2.06384,-6.8055,,0.0652377
58.4203,-1.92957,-6.289,,0.0687649
58.4403,-1.78841,-5.74982,,0.072197
58.4603,-1.64073,-5.18986,,0.0752767
58.4803,-1.48716,-4.61099,,0.0780948
58.5003,-1.32827,-4.0068,,0.0806754
58.5203,-1.16458,-3.39269,,0.0828429
58.5403,-0.996721,-2.76729,,0.0848461
58.5603,-0.825249,-2.12315,,0.0864513
58.5803,-0.650805,-1.47513,,0.0878578
58.6003,-0.474032,-0.817851,,0.0888126
58.6203,-0.29556,-0.153331,,0.0896105
58.6403,-0.116006,0.505157,,0.0898563
58.6603,0.0639462,1.16398,,0.090033
58.6803,0.243684,1.81361,,0.0897004
58.7003,0.422529,2.4614,,0.0891282
58.7203,0.599873,3.10864,,0.0882118
58.7403,0.775056,3.72329,,0.0869624
58.7603,0.947444,4.33326,,0.0854496
58.7803,1.1164,4.93358,,0.0835343
58.8003,1.2814,5.51066,,0.0814908
58.8203,1.44174,6.06717,,0.0789913
58.8403,1.59686,6.59827,,0.0762311
58.8603,1.74631,7.11143,,0.073264
58.8803,1.88946,7.59349,,0.0700351
58.9003,2.02577,8.04961,,0.0664087
58.9203,2.15478,8.46894,,0.0627378
58.9403,2.27607,8.86076,,0.0586844
58.9603,2.38916,9.2267,,0.0546003
58.9803,2.49363,9.55259,,0.050052
59.0003,2.58916,9.83922,,0.045634
59.0203,2.67533,10.0968,,0.0408242
59.0403,2.75191,10.3237,,0.035962
59.0603,2.81862,10.5116,,0.0309469
59.0803,2.87512,10.6486,,0.0258892
59.1003,2.9213,10.762,,0.0205421
59.1203,2.95698,10.842,,0.0153498
59.1403,2.98197,10.8758,,9.91E-03
59.1603,2.99627,10.8654,,4.63E-03
59.1803,2.9998,10.8286,,-8.29E-04
59.2003,2.99244,10.7505,,-6.24E-03
59.2203,2.97441,10.627,,-0.0115481
59.2403,2.94561,10.4762,,-0.0169582
59.2603,2.90631,10.2824,,-0.0221321
59.2803,2.8565,10.0562,,-0.0273402
59.3003,2.79632,9.79893,,-0.0325598
59.3203,2.72616,9.49524,,-0.0374157
59.3403,2.64614,9.15992,,-0.0423104
59.3603,2.55665,8.79955,,-0.0469597
59.3803,2.45799,8.40741,,-0.0514516
59.4003,2.35043,7.9822,,-0.0558059
59.4203,2.23442,7.51897,,-0.059969
59.4403,2.11037,7.03952,,-0.0638053
59.4603,1.97871,6.53918,,-0.0675952
59.4803,1.83991,6.00192,,-0.0710191
59.5003,1.69455,5.44499,,-0.0741918
59.5203,1.54304,4.868,,-0.0771089
59.5403,1.38601,4.26944,,-0.0797092
59.5603,1.22396,3.66318,,-0.0821721
59.5803,1.05754,3.04256,,-0.0841412
59.6003,0.887322,2.40111,,-0.0859
59.6203,0.713897,1.755,,-0.0874313
59.6403,0.537855,1.10523,,-0.0885097
59.6603,0.359933,0.448181,,-0.0892818
59.6803,0.180708,-0.218035,,-0.0898447
59.7003,8.11E-04,-0.876189,,-0.0900146
59.7203,-0.179086,-1.53096,,-0.0898737
59.7403,-0.358324,-2.18351,,-0.0893222
59.7603,-0.53628,-2.82663,,-0.0886216
59.7803,-0.712311,-3.46619,,-0.0874042
59.8003,-0.885765,-4.08884,,-0.0860529
59.8203,-1.05605,-4.68395,,-0.0842656
59.8403,-1.22252,-5.26224,,-0.0822558
59.8603,-1.3846,-5.84192,,-0.0798977
59.8803,-1.54166,-6.388,,-0.0772531
59.9003,-1.69323,-6.89297,,-0.0744061
59.9203,-1.83868,-7.37841,,-0.0711788
59.9403,-1.9775,-7.856,,-0.0677463
59.9603,-2.10923,-8.29672,,-0.06407
59.9803,-2.23336,-8.68642,,-0.0602608
60.0003,-2.2823,-8.75815,,0.0373752