0.0103182,1.58164,5.35375,,3.58596
0.020328,7.48089,24.7009,,7.18258
0.0303377,15.0439,41.3117,,7.63229
0.0403475,22.5732,49.9477,,7.44849
0.0503573,29.9615,54.2455,,7.34921
0.060306,37.2684,56.6028,,7.27031
0.0703158,44.4863,57.8959,,7.17166
0.0803255,51.592,58.5157,,7.04905
0.0903353,58.5673,58.6844,,6.91279
0.100345,65.3976,58.5171,,6.75922
0.110355,72.0629,58.1389,,6.5872
0.120304,78.5478,57.6343,,6.39831
0.130313,84.8362,57.0264,,6.19585
0.140323,90.9122,56.3508,,5.97557
0.150333,96.7604,55.6149,,5.7431
0.160343,102.368,54.8592,,5.49454
0.170352,107.72,54.0484,,5.23183
0.180362,112.801,53.2171,,4.95656
0.190311,117.601,52.3589,,4.67017
0.200321,122.107,51.4754,,4.36977
0.21033,126.308,50.5662,,4.06194
0.22034,130.194,49.6187,,3.73958
0.23035,133.753,48.6294,,3.41137
0.24036,136.979,47.5939,,3.0728
0.250308,139.862,46.4789,,2.72735
0.260318,142.396,45.3235,,2.37397
0.270328,144.573,44.0757,,2.01563
0.280338,146.39,42.6955,,1.65296
0.290347,147.841,41.2112,,1.28528
0.300357,148.922,39.5544,,0.912903
0.310306,149.629,37.7015,,0.539605
0.320316,149.963,35.5836,,0.165335
0.330326,149.923,33.1742,,-0.207483
0.340335,149.51,30.3725,,-0.581277
0.350345,148.722,27.141,,-0.957504
0.360355,147.561,23.4372,,-1.32563
0.370304,146.034,19.3037,,-1.69189
0.380313,144.141,14.8067,,-2.05738
0.390323,141.886,10.104,,-2.41572
0.400333,139.277,5.37161,,-2.76572
0.410343,136.321,0.749563,,-3.11177
0.420352,133.023,-3.70161,,-3.44844
0.430362,129.393,-7.93108,,-3.77719
0.440311,125.438,-11.9032,,-4.09825
0.450321,121.171,-15.6575,,-4.40467
0.46033,116.602,-19.1651,,-4.7031
0.47034,111.739,-22.4394,,-4.99076
0.48035,106.598,-25.4748,,-5.26292
0.49036,101.189,-28.3139,,-5.52456
0.500308,95.529,-30.9206,,-5.76966
0.510318,89.6292,-33.3295,,-6.00388
0.520328,83.5058,-35.5273,,-6.22014
0.530338,77.175,-37.5358,,-6.41825
0.540348,70.6509,-39.3455,,-6.60878
0.550357,63.9482,-40.9678,,-6.77615
0.560306,57.0867,-42.4331,,-6.92896
0.570316,50.0833,-43.7451,,-7.06196
0.580326,42.9537,-44.9032,,-7.18166
0.590335,35.717,-45.9305,,-7.27881
0.600345,28.392,-46.8261,,-7.36013
0.610355,20.9956,-47.5893,,-7.42357
0.620304,13.5466,-48.2542,,-7.46725
0.630313,6.06382,-48.8021,,-7.49254
0.640323,-1.43424,-49.2512,,-7.49974
0.650333,-8.92865,-49.6104,,-7.48759
0.660343,-16.4007,-49.8813,,-7.45673
0.670352,-23.832,-50.0504,,-7.40782
0.680362,-31.2035,-50.1516,,-7.33925
0.690311,-38.4969,-50.1623,,-7.25368
0.700321,-45.6938,-50.1015,,-7.14793
0.71033,-52.7764,-49.9726,,-7.02627
0.72034,-59.7278,-49.8008,,-6.88731
0.73035,-66.53,-49.5513,,-6.72999
0.74036,-73.1656,-49.2686,,-6.55571
0.750308,-79.6191,-48.9254,,-6.36709
0.760318,-85.8741,-48.5522,,-6.16076
0.770328,-91.9123,-48.1319,,-5.93629
0.780338,-97.7197,-47.6574,,-5.70094
0.790348,-103.285,-47.1697,,-5.45152
0.800357,-108.592,-46.6334,,-5.18742
0.810306,-113.63,-46.0477,,-4.91211
0.820316,-118.381,-45.438,,-4.61819
0.830326,-122.835,-44.7805,,-4.31887
0.840335,-126.984,-44.0781,,-4.00769
0.850345,-130.817,-43.3357,,-3.68687
0.860355,-134.319,-42.535,,-3.35235
0.870304,-137.487,-41.6627,,-3.01467
0.880313,-140.31,-40.7319,,-2.66684
0.890323,-142.785,-39.696,,-2.31546
0.900333,-144.904,-38.5785,,-1.95762
0.910343,-146.659,-37.3434,,-1.5879
0.920352,-148.045,-35.9678,,-1.22115
0.930362,-149.064,-34.4169,,-0.85163
0.940311,-149.711,-32.6521,,-0.480908
0.950321,-149.986,-30.643,,-0.105275
0.96033,-149.883,-28.3111,,0.273558
0.97034,-149.402,-25.6084,,0.647606
0.98035,-148.552,-22.4841,,1.01651
0.99036,-147.332,-18.9115,,1.38785
1.00031,-145.74,-14.9011,,1.75676
1.01032,-143.786,-10.6112,,2.11375
1.02033,-141.475,-6.14434,,2.47469
1.03034,-138.806,-1.66765,,2.82557
1.04035,-135.792,2.67605,,3.16889
1.05036,-132.436,6.82792,,3.50575
1.06031,-128.749,10.7397,,3.83444
1.07032,-124.74,14.4073,,4.14902
1.08033,-120.424,17.8102,,4.45333
1.09034,-115.803,20.9925,,4.75421
1.10035,-110.893,23.9109,,5.03654
1.11035,-105.707,26.6023,,5.30623
1.1203,-100.256,29.0511,,5.56788
1.13031,-94.5532,31.2761,,5.80979
1.14032,-88.6153,33.2863,,6.04154
1.15033,-82.4556,35.0938,,6.25474
1.16034,-76.0897,36.7033,,6.45323
1.17035,-69.5342,38.1296,,6.63672
1.18036,-62.805,39.3908,,6.80258
1.19031,-55.9193,40.4775,,6.95145
1.20032,-48.8932,41.4418,,7.08415
1.21033,-41.7461,42.2563,,7.19713
1.22034,-34.4929,42.9753,,7.29618
1.23035,-27.1528,43.5779,,7.37305
1.24036,-19.7456,44.0932,,7.43237
1.25031,-12.29,44.5222,,7.47271
1.26032,-4.80323,44.8766,,7.49518
1.27033,2.69546,45.1562,,7.49877
1.28034,10.1873,45.3705,,7.48333
1.29035,17.6537,45.5218,,7.44984
1.30036,25.0759,45.6178,,7.39688
1.31031,32.4353,45.6601,,7.32596
1.32032,39.7139,45.653,,7.23739
1.33033,46.8937,45.6063,,7.12867
1.34034,53.9552,45.5101,,7.00445
1.35035,60.8826,45.3634,,6.86173
1.36035,67.6578,45.1871,,6.70207
1.3703,74.2642,44.9524,,6.52546
1.38031,80.6844,44.6982,,6.33195
1.39032,86.9032,44.3943,,6.12357
1.40033,92.9043,44.0591,,5.89906
1.41034,98.6735,43.6832,,5.65993
1.42035,104.197,43.2745,,5.41025
1.43036,109.461,42.8211,,5.14236
1.44031,114.45,42.3403,,4.86083
1.45032,119.15,41.799,,4.56772
1.46033,123.553,41.2243,,4.26865
1.47034,127.651,40.5933,,3.9551
1.48035,131.426,39.9098,,3.62698
1.49036,134.874,39.175,,3.30013
1.50031,137.986,38.3754,,2.95689
1.51032,140.75,37.4931,,2.60489
1.52033,143.164,36.5278,,2.25726
1.53034,145.223,35.4497,,1.89615
1.54035,146.918,34.2512,,1.52968
1.55036,148.245,32.9161,,1.1597
1.56031,149.2,31.413,,0.788957
1.57032,149.784,29.6979,,0.414327
1.58033,149.993,27.7026,,0.0412826
1.59034,149.828,25.4061,,-0.334673
1.60035,149.287,22.7238,,-0.708394
1.61035,148.374,19.6344,,-1.08037
1.6203,147.09,16.1095,,-1.45045
1.63031,145.437,12.2048,,-1.81711
1.64032,143.421,8.01301,,-2.17795
1.65033,141.048,3.68428,,-2.53289
1.66034,138.321,-0.617099,,-2.88521
1.67035,135.247,-4.76824,,-3.22591
1.68036,131.835,-8.71668,,-3.56164
1.69031,128.097,-12.4011,,-3.88325
1.70032,124.038,-15.8434,,-4.20079
1.71033,119.669,-19.0242,,-4.50692
1.72034,114.999,-21.9664,,-4.80093
1.73035,110.04,-24.6657,,-5.08361
1.74036,104.808,-27.1495,,-5.35377
1.75031,99.3132,-29.379,,-5.60729
1.76032,93.5707,-31.4108,,-5.85205
1.77033,87.5941,-33.2211,,-6.07564
1.78034,81.4002,-34.8423,,-6.28836
1.79035,75.0008,-36.2742,,-6.48756
1.80036,68.4142,-37.547,,-6.66569
1.81031,61.6574,-38.6585,,-6.82892
1.82032,54.7463,-39.6345,,-6.97634
1.83033,47.6977,-40.4844,,-7.1046
1.84034,40.5307,-41.2131,,-7.21524
1.85035,33.2624,-41.8335,,-7.30894
1.86035,25.9112,-42.3731,,-7.3833
1.8703,18.4951,-42.8208,,-7.44026
1.88031,11.0326,-43.199,,-7.47798
1.89032,3.54249,-43.5096,,-7.49712
1.90033,-3.95629,-43.7601,,-7.49727
1.91034,-11.4452,-43.9495,,-7.47946
1.92035,-18.9054,-44.0768,,-7.44213
1.93036,-26.3187,-44.1636,,-7.38652
1.94031,-33.666,-44.1913,,-7.31205
1.95032,-40.9286,-44.1731,,-7.21937
1.96033,-48.0901,-44.1234,,-7.11111
1.97034,-55.1307,-44.0291,,-6.98095
1.98035,-62.0331,-43.8993,,-6.83606
1.99036,-68.7805,-43.7142,,-6.67316
2.00031,-75.3566,-43.5138,,-6.49332
2.01032,-81.7443,-43.2426,,-6.29821
2.02033,-87.927,-42.9539,,-6.08679
2.03034,-93.8898,-42.6356,,-5.85951
2.04035,-99.6193,-42.2613,,-5.62032
2.05036,-105.099,-41.8808,,-5.3626
2.06031,-110.317,-41.4526,,-5.09767
2.07032,-115.259,-40.9765,,-4.81302
2.08033,-119.912,-40.4472,,-4.51942
2.09034,-124.263,-39.8755,,-4.2142
2.10035,-128.308,-39.2647,,-3.90263
2.11035,-132.031,-38.5899,,-3.57478
2.1203,-135.423,-37.8704,,-3.24138
2.13031,-138.477,-37.0802,,-2.89969
2.14032,-141.185,-36.2106,,-2.55086
2.15033,-143.539,-35.2545,,-2.19127
2.16034,-145.533,-34.1854,,-1.833
2.17035,-147.166,-33.006,,-1.46747
2.18036,-148.43,-31.6733,,-1.09821
2.19031,-149.325,-30.1564,,-0.726858
2.20032,-149.845,-28.4458,,-0.351298
2.21033,-149.991,-26.4509,,0.022001
2.22034,-149.762,-24.1407,,0.397271
2.23035,-149.16,-21.4647,,0.771643
2.24036,-148.183,-18.366,,1.1426
2.25031,-146.837,-14.8552,,1.51215
2.26032,-145.123,-10.9705,,1.87799
2.27033,-143.05,-6.8516,,2.23374
2.28034,-140.615,-2.61207,,2.5976
2.29035,-137.828,1.56824,,2.94108
2.30036,-134.699,5.58521,,3.28217
2.31031,-131.231,9.37458,,3.6169
2.32032,-127.438,12.922,,3.93752
2.33033,-123.325,16.2134,,4.25509
2.34034,-118.901,19.2534,,4.56035
2.35035,-114.18,22.0536,,4.84824
2.36035,-109.178,24.6113,,5.1282
2.3703,-103.902,26.9323,,5.39499
2.38031,-98.3651,29.0441,,5.65072
2.39032,-92.5821,30.9388,,5.88918
2.40033,-86.5683,32.6309,,6.11418
2.41034,-80.3365,34.1418,,6.32539
2.42035,-73.9048,35.4713,,6.51621
2.43036,-67.2897,36.644,,6.69425
2.44031,-60.5047,37.6604,,6.8548
2.45032,-53.5703,38.5594,,6.99826
2.46033,-46.5003,39.3286,,7.1251
2.47034,-39.3135,39.9917,,7.23422
2.48035,-32.0308,40.5629,,7.32114
2.49036,-24.6682,41.0501,,7.39385
2.50031,-17.243,41.4541,,7.4475
2.51032,-9.77463,41.7867,,7.48268
2.52033,-2.28181,42.0702,,7.49863
2.53034,5.21667,42.2775,,7.49549
2.54035,12.7023,42.4379,,7.47468
2.55036,20.1559,42.5557,,7.43379
2.56031,27.5591,42.6162,,7.37524
2.57032,34.8932,42.6321,,7.29791
2.58033,42.1407,42.609,,7.20407
2.59034,49.283,42.5389,,7.08902
2.60035,56.3013,42.4363,,6.95795
2.61035,63.1793,42.2858,,6.81026
2.6203,69.8993,42.1189,,6.64341
2.63031,76.4444,41.9069,,6.46159
2.64032,82.7989,41.6571,,6.26369
2.65033,88.9464,41.3824,,6.05103
2.66034,94.8718,41.0536,,5.82041
2.67035,100.558,40.694,,5.57541
2.68036,105.996,40.3082,,5.32311
2.69031,111.17,39.8781,,5.04933
2.70032,116.062,39.4071,,4.76222
2.71033,120.664,38.9055,,4.4686
2.72034,124.966,38.3474,,4.1654
2.73035,128.957,37.7397,,3.84365
2.74036,132.622,37.0754,,3.51903
2.75031,135.957,36.3554,,3.18486
2.76032,138.955,35.5694,,2.84203
2.77033,141.602,34.7104,,2.4889
2.78034,143.898,33.7576,,2.13506
2.79035,145.834,32.7035,,1.77302
2.80036,147.405,31.5031,,1.40485
2.81031,148.606,30.1742,,1.03528
2.82032,149.438,28.6552,,0.663327
2.83033,149.895,26.9195,,0.289585
2.84034,149.979,24.9079,,-0.0856934
2.85035,149.686,22.5927,,-0.461697
2.86035,149.02,19.8879,,-0.832287
2.8703,147.984,16.7776,,-1.20428
2.88031,146.575,13.268,,-1.57489
2.89032,144.799,9.39684,,-1.93978
2.90033,142.661,5.31203,,-2.29788
2.91034,140.17,1.15487,,-2.64969
2.92035,137.327,-2.92855,,-2.99983
2.93036,134.141,-6.83064,,-3.33817
2.94031,130.618,-10.4895,,-3.67245
2.95032,126.767,-13.9179,,-3.99538
2.96033,122.6,-17.0812,,-4.30497
2.97034,118.128,-20.0068,,-4.60605
2.98035,113.363,-22.6777,,-4.89691
2.99036,108.311,-25.1251,,-5.17507
3.00031,102.99,-27.3428,,-5.4392
3.01032,97.4094,-29.3371,,-5.69334
3.02033,91.5867,-31.1222,,-5.92746
3.03034,85.5356,-32.7371,,-6.14989
3.04035,79.2694,-34.1471,,-6.35798
3.05036,72.8054,-35.4035,,-6.5492
3.06031,66.1594,-36.5097,,-6.72126
3.07032,59.35,-37.4631,,-6.87999
3.08033,52.3904,-38.2937,,-7.02211
3.09034,45.2995,-39.0274,,-7.1453
3.10035,38.0957,-39.6372,,-7.24869
3.11035,30.798,-40.1743,,-7.33545
3.1203,23.4232,-40.6314,,-7.40418
3.13031,15.9899,-41.0177,,-7.45447
3.14032,8.51577,-41.3368,,-7.48689
3.15033,1.02072,-41.5901,,-7.49929
3.16034,-6.47687,-41.7827,,-7.49343
3.17035,-13.9581,-41.9346,,-7.46831
3.18036,-21.4045,-42.0193,,-7.42562
3.19031,-28.798,-42.0822,,-7.36432
3.20032,-36.1195,-42.0823,,-7.28377
3.21033,-43.3499,-42.0567,,-7.18405
3.22034,-50.4714,-41.9907,,-7.0678
3.23035,-57.468,-41.889,,-6.93554
3.24036,-64.3212,-41.7455,,-6.78272
3.25031,-71.0126,-41.5681,,-6.61468
3.26032,-77.5268,-41.35,,-6.42962
3.27033,-83.847,-41.0986,,-6.22972
3.28034,-89.9601,-40.8059,,-6.0136
3.29035,-95.8452,-40.5001,,-5.77786
3.30036,-101.49,-40.1537,,-5.53516
3.31031,-106.884,-39.7568,,-5.27532
3.32032,-112.009,-39.3469,,-4.99974
3.33033,-116.852,-38.8728,,-4.71593
3.34034,-121.408,-38.3479,,-4.42243
3.35035,-125.66,-37.7984,,-4.11024
3.36035,-129.595,-37.1785,,-3.79051
3.3703,-133.206,-36.537,,-3.46317
3.38031,-136.487,-35.804,,-3.13033
3.39032,-139.428,-35.0401,,-2.78432
3.40033,-142.017,-34.1671,,-2.42707
3.41034,-144.249,-33.1926,,-2.07381
3.42035,-146.124,-32.132,,-1.71089
3.43036,-147.633,-30.9326,,-1.34366
3.44031,-148.773,-29.5857,,-0.972805
3.45032,-149.541,-28.0659,,-0.599344
3.46033,-149.936,-26.303,,-0.226838
3.47034,-149.956,-24.2825,,0.1492
3.48035,-149.601,-21.9127,,0.522272
3.49036,-148.873,-19.1684,,0.89707
3.50031,-147.771,-16.0324,,1.2682
3.51032,-146.302,-12.4864,,1.63256
3.52033,-144.467,-8.62939,,2.00039
3.53034,-142.27,-4.58707,,2.35761
3.54035,-139.717,-0.489646,,2.71043
3.55036,-136.816,3.52281,,3.05746
3.56031,-133.571,7.33118,,3.39625
3.57032,-129.992,10.9228,,3.72758
3.58033,-126.088,14.2327,,4.04654
3.59034,-121.871,17.3008,,4.35503
3.60035,-117.348,20.1222,,4.65953
3.61035,-112.531,22.6941,,4.94412
3.6203,-107.434,25.0594,,5.22038
3.63031,-102.068,27.1937,,5.48146
3.64032,-96.4484,29.0989,,5.732
3.65033,-90.5834,30.8311,,5.96994
3.66034,-84.4937,32.3415,,6.18621
3.67035,-78.1942,33.6931,,6.38945
3.68036,-71.7,34.8783,,6.57823
3.69031,-65.0259,35.9229,,6.75026
3.70032,-58.1889,36.8393,,6.90564
3.71033,-51.2061,37.6297,,7.04332
3.72034,-44.096,38.3116,,7.16174
3.73035,-36.8761,38.903,,7.26466
3.74036,-29.5636,39.3851,,7.34891
3.75031,-22.1768,39.8211,,7.41489
3.76032,-14.7348,40.1701,,7.46134
3.77033,-7.25638,40.4692,,7.48965
3.78034,0.240276,40.7,,7.49972
3.79035,7.73643,40.8837,,7.49058
3.80036,15.2134,41.0181,,7.46282
3.81031,22.652,41.0952,,7.4157
3.82032,30.0337,41.1365,,7.35193
3.83033,37.3408,41.1351,,7.26809
3.84034,44.5555,41.0965,,7.16773
3.85035,51.6583,41.0212,,7.04742
3.86035,58.6316,40.9158,,6.91001
3.8703,65.4586,40.762,,6.75633
3.88031,72.1213,40.5793,,6.58421
3.89032,78.6036,40.3651,,6.39624
3.90033,84.8906,40.1075,,6.19493
3.91034,90.9659,39.8306,,5.9747
3.92035,96.8123,39.5017,,5.7402
3.93036,102.416,39.1485,,5.49048
3.94031,107.764,38.7668,,5.22929
3.95032,112.843,38.3391,,4.95358
3.96033,117.64,37.8721,,4.6667
3.97034,122.144,37.3593,,4.36943
3.98035,126.344,36.8054,,4.05908
3.99036,130.227,36.1927,,3.73844
4.00031,133.782,35.5229,,3.40435
4.01032,137.004,34.813,,3.06995
4.02033,139.884,34.0223,,2.72325
4.03034,142.414,33.1464,,2.37363
4.04035,144.591,32.1885,,2.0139
4.05036,146.404,31.1027,,1.64837
4.06031,147.852,29.896,,1.28214
4.07032,148.929,28.5368,,0.910262
4.08033,149.635,26.9834,,0.537791
4.09034,149.966,25.2083,,0.161436
4.10035,149.923,23.1438,,-0.209109
4.11035,149.507,20.7444,,-0.586914
4.1203,148.713,17.9696,,-0.961354
4.13031,147.55,14.7786,,-1.32859
4.14032,146.018,11.2323,,-1.6969
4.15033,144.121,7.36512,,-2.06305
4.16034,141.86,3.33171,,-2.41761
4.17035,139.251,-0.702271,,-2.76741
4.18036,136.29,-4.64017,,-3.11711
4.19031,132.99,-8.36468,,-3.44944
4.20032,129.358,-11.8569,,-3.78038
4.21033,125.401,-15.0896,,-4.09943
4.22034,121.131,-18.0763,,-4.40806
4.23035,116.557,-20.8059,,-4.70659
4.24036,111.694,-23.3015,,-4.99185
4.25031,106.55,-25.5732,,-5.26582
4.26032,101.138,-27.6221,,-5.52819
4.27033,95.4755,-29.471,,-5.77101
4.28034,89.5746,-31.1148,,-6.00497
4.29035,83.4496,-32.5812,,-6.22115
4.30036,77.1162,-33.8782,,-6.42283
4.31031,70.5897,-35.0139,,-6.60859
4.32032,63.8874,-36.0116,,-6.77718
4.33033,57.0247,-36.87,,-6.92967
4.34034,50.0196,-37.6276,,-7.06351
4.35035,42.8899,-38.2801,,-7.18166
4.36035,35.6522,-38.8381,,-7.28049
4.3703,28.3261,-39.3233,,-7.36056
4.38031,20.9295,-39.7195,,-7.42415
4.39032,13.4796,-40.0591,,-7.468
4.40033,5.99645,-40.3303,,-7.49255
4.41034,-1.50139,-40.5534,,-7.49937
4.42035,-8.9955,-40.7319,,-7.48737
4.43036,-16.4671,-40.8364,,-7.45615
4.44031,-23.898,-40.9172,,-7.40751
4.45032,-31.2687,-40.9436,,-7.33806
4.46033,-38.5614,-40.9438,,-7.25285
4.47034,-45.7578,-40.8972,,-7.14828
4.48035,-52.8399,-40.8119,,-7.02518
4.49036,-59.7902,-40.7067,,-6.88565
4.50031,-66.5898,-40.5456,,-6.72684
4.51032,-73.2232,-40.355,,-6.5542
4.52033,-79.6738,-40.1376,,-6.36284
4.53034,-85.9239,-39.8888,,-6.15746
4.54035,-91.9631,-39.5962,,-5.93951
4.55036,-97.7723,-39.2749,,-5.69932
4.56031,-103.334,-38.9364,,-5.4481
4.57032,-108.639,-38.5294,,-5.18426
4.58033,-113.668,-38.1031,,-4.90403
4.59034,-118.419,-37.631,,-4.62038
4.60035,-122.872,-37.1144,,-4.31657
4.61035,-127.019,-36.5528,,-4.0059
4.6203,-130.848,-35.9502,,-3.68143
4.63031,-134.348,-35.2874,,-3.35146
4.64032,-137.514,-34.549,,-3.01259
4.65033,-140.336,-33.7583,,-2.66776
4.66034,-142.809,-32.8811,,-2.30905
4.67035,-144.919,-31.8893,,-1.94866
4.68036,-146.671,-30.8143,,-1.59022
4.69031,-148.059,-29.5951,,-1.22006
4.70032,-149.073,-28.2039,,-0.846447
4.71033,-149.714,-26.6314,,-0.473222
4.72034,-149.983,-24.819,,-0.101574
4.73035,-149.878,-22.7241,,0.273854
4.74036,-149.399,-20.2722,,0.648576
4.75031,-148.543,-17.4615,,1.02387
4.76032,-147.317,-14.2363,,1.39076
4.77033,-145.723,-10.6381,,1.75981
4.78034,-143.766,-6.77989,,2.11711
4.79035,-141.451,-2.76732,,2.4766
4.80036,-138.781,1.23667,,2.82701
4.81031,-135.764,5.11459,,3.17386
4.82032,-132.403,8.75949,,3.5105
4.83033,-128.714,12.1834,,3.83361
4.84034,-124.705,15.3355,,4.15369
4.85035,-120.381,18.2351,,4.45795
4.86035,-115.762,20.9007,,4.75265
4.8703,-110.848,23.322,,5.0414
4.88031,-105.657,25.5308,,5.3115
4.89032,-100.203,27.5139,,5.56805
4.90033,-94.5003,29.3028,,5.81175
4.91034,-88.5602,30.8953,,6.04254
4.92035,-82.3995,32.3041,,6.25631
4.93036,-76.032,33.5466,,6.45537
4.94031,-69.4743,34.6311,,6.63828
4.95032,-62.744,35.5841,,6.80398
4.96033,-55.8564,36.4162,,6.9535
4.97034,-48.8285,37.1373,,7.08556
4.98035,-41.6804,37.7626,,7.19828
4.99036,-34.4268,38.2917,,7.29547
5.00031,-27.087,38.7552,,7.37307
5.01032,-19.6797,39.1326,,7.43267
5.02033,-12.2234,39.4544,,7.47351
5.03034,-4.73656,39.7028,,7.49506
5.04035,2.76223,39.8987,,7.49873
5.05036,10.2539,40.0613,,7.48325
5.06031,17.7199,40.1613,,7.44932
5.07032,25.1419,40.2403,,7.39715
5.08033,32.5012,40.2556,,7.32533
5.09034,39.7789,40.2539,,7.23572
5.10035,46.9568,40.1959,,7.12803
5.11035,54.0186,40.1059,,7.00331
5.1203,60.9441,39.9814,,6.86047
5.13031,67.7175,39.8149,,6.70005
5.14032,74.3217,39.6248,,6.52267
5.15033,80.7391,39.4007,,6.32952
5.16034,86.9577,39.1574,,6.12486
5.17035,92.9587,38.8623,,5.89754
5.18036,98.7247,38.5394,,5.6571
5.19031,104.244,38.183,,5.40477
5.20032,109.504,37.7792,,5.13779
5.21033,114.488,37.3433,,4.85747
5.22034,119.189,36.8709,,4.5722
5.23035,123.593,36.3588,,4.26354
5.24036,127.685,35.7938,,3.95113
5.25031,131.459,35.185,,3.62703
5.26032,134.904,34.5159,,3.29451
5.27033,138.011,33.781,,2.95344
5.28034,140.775,32.9664,,2.60751
5.29035,143.187,32.0781,,2.25124
5.30036,145.241,31.0897,,1.89147
5.31031,146.932,29.9809,,1.52645
5.32032,148.255,28.7427,,1.15614
5.33033,149.208,27.3538,,0.785085
5.34034,149.787,25.7477,,0.411888
5.35035,149.993,23.9012,,0.036033
5.36035,149.822,21.7557,,-0.337918
5.3703,149.279,19.2667,,-0.712028
5.38031,148.363,16.393,,-1.08346
5.39032,147.076,13.1349,,-1.45191
5.40033,145.423,9.52625,,-1.81876
5.41034,143.403,5.63933,,-2.18246
5.42035,141.025,1.65024,,-2.53665
5.43036,138.296,-2.31403,,-2.88685
5.44031,135.221,-6.12497,,-3.22736
5.45032,131.806,-9.71266,,-3.56607
5.46033,128.062,-13.0569,,-3.8885
5.47034,124,-16.1207,,-4.20389
5.48035,119.626,-18.9708,,-4.51123
5.49036,114.953,-21.5585,,-4.8031
5.50031,109.993,-23.9192,,-5.08584
5.51032,104.759,-26.0621,,-5.35215
5.52033,99.2633,-27.9834,,-5.61284
5.53034,93.5182,-29.7147,,-5.85071
5.54035,87.5416,-31.2517,,-6.07834
5.55036,81.3426,-32.613,,-6.29491
5.56031,74.9405,-33.8195,,-6.48701
5.57032,68.3538,-34.8584,,-6.66684
5.58033,61.5962,-35.7749,,-6.82969
5.59034,54.6841,-36.5725,,-6.9768
5.60035,47.6346,-37.2648,,-7.10537
5.61035,40.466,-37.8693,,-7.21747
5.6203,33.1968,-38.386,,-7.30937
5.63031,25.8453,-38.8199,,-7.38361
5.64032,18.4287,-39.1903,,-7.44052
5.65033,10.966,-39.4824,,-7.47831
5.66034,3.47579,-39.7237,,-7.49716
5.67035,-4.02296,-39.9132,,-7.49722
5.68036,-11.5116,-40.0613,,-7.47888
5.69031,-18.9715,-40.1659,,-7.44182
5.70032,-26.3845,-40.2273,,-7.38609
5.71033,-33.7304,-40.2441,,-7.31023
5.72034,-40.9923,-40.2205,,-7.2198
5.73035,-48.1521,-40.1491,,-7.10796
5.74036,-55.1923,-40.0574,,-6.98195
5.75031,-62.0944,-39.9246,,-6.83507
5.76032,-68.8403,-39.7681,,-6.67088
5.77033,-75.4149,-39.5741,,-6.49331
5.78034,-81.8007,-39.3512,,-6.29515
5.79035,-87.9824,-39.097,,-6.0861
5.80036,-93.9441,-38.7912,,-5.85808
5.81031,-99.6697,-38.4664,,-5.61503
5.82032,-105.148,-38.1008,,-5.36274
5.83033,-110.363,-37.7023,,-5.09359
5.84034,-115.302,-37.256,,-4.80939
5.85035,-119.95,-36.7874,,-4.51728
5.86035,-124.301,-36.2682,,-4.21197
5.8703,-128.34,-35.695,,-3.89787
5.88031,-132.062,-35.093,,-3.57447
5.89032,-135.451,-34.3974,,-3.23759
5.90033,-138.502,-33.6561,,-2.89582
5.91034,-141.208,-32.8354,,-2.5488
5.92035,-143.558,-31.9342,,-2.18785
5.93036,-145.549,-30.9324,,-1.83044
5.94031,-147.18,-29.8267,,-1.46466
5.95032,-148.441,-28.5695,,-1.09419
5.96033,-149.331,-27.1413,,-0.722539
5.97034,-149.848,-25.5076,,-0.348812
5.98035,-149.992,-23.6268,,0.0244129
5.99036,-149.759,-21.4325,,0.401815
6.00031,-149.152,-18.8973,,0.774878
6.01032,-148.171,-15.9814,,1.14707
6.02033,-146.824,-12.6598,,1.51404
6.03034,-145.107,-9.00841,,1.87986
6.04035,-143.028,-5.12634,,2.24183
6.05036,-140.591,-1.15645,,2.59673
6.06031,-137.802,2.77286,,2.94533
6.07032,-134.668,6.52088,,3.28619
6.08033,-131.2,10.0475,,3.61703
6.09034,-127.402,13.3181,,3.94265
6.10035,-123.285,16.3377,,4.25882
6.11035,-118.862,19.1062,,4.55545
6.1203,-114.142,21.6442,,4.85465
6.13031,-109.132,23.9515,,5.13414
6.14032,-103.851,26.0342,,5.39888
6.15033,-98.3124,27.9125,,5.65106
6.16034,-92.5278,29.5807,,5.89194
6.17035,-86.5125,31.064,,6.11481
6.18036,-80.2802,32.3861,,6.32527
6.19031,-73.8465,33.5433,,6.5201
6.20032,-67.229,34.5641,,6.6947
6.21033,-60.4439,35.4432,,6.85615
6.22034,-53.5071,36.2135,,7.00035
6.23035,-46.437,36.8793,,7.1242
6.24036,-39.2509,37.4403,,7.23454
6.25031,-31.9663,37.9404,,7.32317
6.26032,-24.602,38.3612,,7.39524
6.27033,-17.1764,38.7069,,7.44766
6.28034,-9.70787,38.9911,,7.48264
6.29035,-2.21504,39.2281,,7.49845
6.30036,5.28336,39.4057,,7.49536
6.31031,12.7686,39.5345,,7.47434
6.32032,20.2221,39.6276,,7.4338
6.33033,27.6246,39.6827,,7.3745
6.34034,34.9586,39.6818,,7.29723
6.35035,42.2047,39.6581,,7.20228
6.36035,49.3457,39.5884,,7.08854
6.3703,56.3626,39.4929,,6.95608
6.38031,63.239,39.3448,,6.80856
6.39032,69.9583,39.1875,,6.6431
6.40033,76.5018,38.9826,,6.45947
6.41034,82.8541,38.7505,,6.26254
6.42035,89.0003,38.4928,,6.04804
6.43036,94.9223,38.188,,5.81781
6.44031,100.608,37.86,,5.57552
6.45032,106.043,37.4946,,5.31752
6.46033,111.212,37.0912,,5.04674
6.47034,116.104,36.6463,,4.76153
6.48035,120.703,36.1635,,4.46559
6.49036,125.003,35.6356,,4.1624
6.50031,128.991,35.06,,3.84328
6.51032,132.656,34.4366,,3.51728
6.52033,135.988,33.753,,3.17937
6.53034,138.98,32.9979,,2.83852
6.54035,141.625,32.1734,,2.48594
6.55036,143.915,31.2591,,2.13054
6.56031,145.85,30.2436,,1.77103
6.57032,147.416,29.1072,,1.39976
6.58033,148.615,27.8311,,1.03394
6.59034,149.443,26.3857,,0.659198
6.60035,149.898,24.71,,0.287483
6.61035,149.979,22.7944,,-0.0887362
6.6203,149.682,20.558,,-0.465733
6.63031,149.013,17.971,,-0.836119
6.64032,147.974,14.9862,,-1.20637
6.65033,146.562,11.6412,,-1.57776
6.66034,144.783,7.95994,,-1.94346
6.67035,142.645,4.05492,,-2.29795
6.68036,140.146,0.104606,,-2.65888
6.69031,137.298,-3.7714,,-3.00298
6.70032,134.107,-7.47218,,-3.34346
6.71033,130.582,-10.934,,-3.67304
6.72034,126.73,-14.1424,,-3.99751
6.73035,122.56,-17.1012,,-4.30798
6.74036,118.087,-19.8154,,-4.60794
6.75031,113.317,-22.2838,,-4.90103
6.76032,108.263,-24.5331,,-5.17692
6.77033,102.94,-26.5625,,-5.44188
6.78034,97.3579,-28.3921,,-5.6928
6.79035,91.5325,-30.0229,,-5.93222
6.80036,85.4788,-31.4687,,-6.15035
6.81031,79.2123,-32.7409,,-6.35898
6.82032,72.7474,-33.8563,,-6.55
6.83033,66.1,-34.8334,,-6.72357
6.84034,59.2879,-35.6937,,-6.88199
6.85035,52.3272,-36.4431,,-7.02308
6.86035,45.2359,-37.0924,,-7.145
6.8703,38.0323,-37.6409,,-7.24946
6.88031,30.7332,-38.1109,,-7.33656
6.89032,23.3575,-38.5113,,-7.4049
6.90033,15.9232,-38.8363,,-7.45558
6.91034,8.44903,-39.1103,,-7.48657
6.92035,0.954058,-39.3471,,-7.4994
6.93036,-6.54334,-39.5097,,-7.49285
6.94031,-14.0244,-39.6444,,-7.46825
6.95032,-21.4708,-39.713,,-7.4257
6.96033,-28.8628,-39.7609,,-7.36225
6.97034,-36.1832,-39.7499,,-7.28298
6.98035,-43.4127,-39.716,,-7.18359
6.99036,-50.5347,-39.644,,-7.06786
7.00031,-57.5294,-39.5476,,-6.93258
7.01032,-64.381,-39.3969,,-6.78241
7.02033,-71.0717,-39.2358,,-6.61309
7.03034,-77.5834,-39.0236,,-6.4274
7.04035,-83.9017,-38.784,,-6.22678
7.05036,-90.0102,-38.5166,,-6.0087
7.06031,-95.8938,-38.2193,,-5.77945
7.07032,-101.539,-37.8836,,-5.53428
7.08033,-106.931,-37.5117,,-5.27283
7.09034,-112.057,-37.1098,,-5.0034
7.10035,-116.9,-36.6529,,-4.7101
7.11035,-121.448,-36.1627,,-4.41438
7.1203,-125.695,-35.6326,,-4.10909
7.13031,-129.63,-35.049,,-3.79007
7.14032,-133.24,-34.4138,,-3.45953
7.15033,-136.514,-33.7198,,-3.12216
7.16034,-139.448,-32.9758,,-2.78041
7.17035,-142.036,-32.1329,,-2.42861
7.18036,-144.268,-31.2049,,-2.07022
7.19031,-146.14,-30.1808,,-1.70938
7.20032,-147.646,-29.0204,,-1.3386
7.21033,-148.781,-27.7057,,-0.969212
7.22034,-149.546,-26.2274,,-0.597109
7.23035,-149.938,-24.5383,,-0.222819
7.24036,-149.955,-22.575,,0.151256
7.25031,-149.596,-20.304,,0.527664
7.26032,-148.864,-17.6601,,0.898935
7.27033,-147.76,-14.6202,,1.2711
7.28034,-146.286,-11.2029,,1.63932
7.29035,-144.449,-7.47357,,1.99999
7.30036,-142.248,-3.59296,,2.36322
7.31031,-139.691,0.340346,,2.71475
7.32032,-136.786,4.17338,,3.0593
7.33033,-133.539,7.81247,,3.39977
7.34034,-129.957,11.2256,,3.72863
7.35035,-126.053,14.3798,,4.04958
7.36035,-121.831,17.2936,,4.35914
7.3703,-117.306,19.9479,,4.66001
7.38031,-112.488,22.3654,,4.94567
7.39032,-107.388,24.5655,,5.2226
7.40033,-102.021,26.5366,,5.48448
7.41034,-96.3947,28.3134,,5.73888
7.42035,-90.5292,29.8977,,5.96782
7.43036,-84.4387,31.3097,,6.18882
7.44031,-78.1366,32.547,,6.39087
7.45032,-71.6413,33.63,,6.57942
7.46033,-64.9662,34.5787,,6.75134
7.47034,-58.1275,35.4076,,6.90823
7.48035,-51.1437,36.1236,,7.0429
7.49036,-44.0328,36.7459,,7.16331
7.50031,-36.8124,37.2792,,7.26486
7.51032,-29.4987,37.7343,,7.35039
7.52033,-22.1108,38.1172,,7.41582
7.53034,-14.6683,38.439,,7.46174
7.54035,-7.18955,38.6988,,7.48953
7.55036,0.306945,38.904,,7.49973
7.56031,7.80304,39.0701,,7.49037
7.57032,15.2797,39.1737,,7.46252
7.58033,22.718,39.2612,,7.41592
7.59034,30.0994,39.2877,,7.35021
7.60035,37.4055,39.2851,,7.26787
7.61035,44.6192,39.2368,,7.16571
7.6203,51.7201,39.1572,,7.04619
7.63031,58.6927,39.043,,6.90958
7.64032,65.5183,38.8952,,6.75378
7.65033,72.1791,38.7259,,6.58321
7.66034,78.6596,38.5125,,6.3945
7.67035,84.9451,38.2755,,6.19414
7.68036,91.0189,38.0074,,5.97223
7.69031,96.8622,37.6911,,5.73623
7.70032,102.464,37.3454,,5.48952
7.71033,107.811,36.964,,5.22817
7.72034,112.89,36.5567,,4.95415
7.73035,117.685,36.0949,,4.66305
7.74036,122.184,35.6113,,4.36385
7.75031,126.378,35.0792,,4.05356
7.76032,130.257,34.4956,,3.73622
7.77033,133.813,33.8471,,3.40557
7.78034,137.033,33.1501,,3.06795
7.79035,139.91,32.367,,2.71988
7.80036,142.437,31.5174,,2.3677
7.81031,144.609,30.5822,,2.00972
7.82032,146.418,29.5349,,1.64571
7.83033,147.862,28.3565,,1.27815
7.84034,148.937,27.0427,,0.907867
7.85035,149.639,25.5366,,0.533095
7.86035,149.967,23.7947,,0.159491
7.8703,149.92,21.7806,,-0.214719
7.88031,149.499,19.4494,,-0.590393
7.89032,148.702,16.7548,,-0.963532
7.90033,147.538,13.6612,,-1.32986
7.91034,146.004,10.221,,-1.7012
7.92035,144.101,6.47893,,-2.06383
7.93036,141.843,2.56748,,-2.4192
7.94031,139.228,-1.34751,,-2.77326
7.95032,136.265,-5.14177,,-3.11699
7.96033,132.962,-8.74492,,-3.45364
7.97034,129.324,-12.0828,,-3.78688
7.98035,125.363,-15.1782,,-4.10329
7.99036,121.09,-18.0273,,-4.40969
8.00031,116.516,-20.6234,,-4.70741
8.01032,111.649,-23.0028,,-4.99551
8.02033,106.501,-25.1488,,-5.27061
8.03034,101.088,-27.0881,,-5.52753
8.04035,95.4242,-28.8174,,-5.77358
8.05036,89.5208,-30.3553,,-6.00659
8.06031,83.3948,-31.7215,,-6.2232
8.07032,77.0592,-32.921,,-6.42514
8.08033,70.5305,-33.9791,,-6.61014
8.09033,63.8268,-34.9084,,-6.77822
8.10034,56.9634,-35.7167,,-6.93051
8.11035,49.9566,-36.4075,,-7.06623
8.1203,42.8257,-37.0062,,-7.18159
8.13031,35.5882,-37.515,,-7.28027
8.14032,28.2606,-37.9516,,-7.36282
8.15033,20.8625,-38.3167,,-7.42477
8.16034,13.4129,-38.6383,,-7.46742
8.17035,5.93005,-38.8907,,-7.49256
8.18036,-1.56787,-39.0898,,-7.49945
8.19031,-9.06202,-39.2395,,-7.48709
8.20032,-16.5333,-39.3366,,-7.45586
8.21033,-23.9636,-39.3988,,-7.40663
8.22034,-31.3343,-39.4169,,-7.33825
8.23035,-38.6257,-39.4113,,-7.25151
8.24036,-45.8222,-39.3605,,-7.14845
8.25031,-52.9029,-39.2872,,-7.02292
8.26032,-59.8507,-39.1732,,-6.88324
8.27033,-66.6495,-39.0207,,-6.72733
8.28034,-73.2832,-38.8275,,-6.55397
8.29035,-79.7318,-38.6125,,-6.36067
8.30036,-85.9824,-38.3591,,-6.15761
8.31031,-92.017,-38.0854,,-5.93265
8.32032,-97.8212,-37.7769,,-5.69665
8.33033,-103.382,-37.4312,,-5.44675
8.34033,-108.685,-37.0594,,-5.18436
8.35034,-113.718,-36.6264,,-4.90599
8.36035,-118.462,-36.1782,,-4.61168
8.3703,-122.911,-35.6659,,-4.31257
8.38031,-127.054,-35.1338,,-4.00234
8.39032,-130.879,-34.5259,,-3.68085
8.40033,-134.379,-33.8877,,-3.3476
8.41034,-137.538,-33.1688,,-3.0074
8.42035,-140.358,-32.3877,,-2.66299
8.43036,-142.826,-31.536,,-2.30865
8.44031,-144.938,-30.5743,,-1.94828
8.45032,-146.686,-29.5183,,-1.58568
8.46033,-148.069,-28.319,,-1.21574
8.47034,-149.081,-26.9655,,-0.845239
8.48035,-149.72,-25.4234,,-0.470031
8.49036,-149.985,-23.6508,,-0.0978642
8.50031,-149.877,-21.5967,,0.278027
8.51032,-149.392,-19.2173,,0.653657
8.52033,-148.533,-16.4577,,1.02603
8.53034,-147.305,-13.3198,,1.39296
8.54035,-145.709,-9.80398,,1.76169
8.55036,-143.747,-6.04171,,2.12634
8.56031,-141.425,-2.13457,,2.48021
8.57032,-138.751,1.76129,,2.83026
8.58033,-135.733,5.50655,,3.17338
8.59033,-132.372,9.05429,,3.51216
8.60034,-128.68,12.3548,,3.83707
8.61035,-124.667,15.3942,,4.15569
8.6203,-120.342,18.1894,,4.46154
8.63031,-115.715,20.74,,4.75853
8.64032,-110.802,23.0682,,5.04053
8.65033,-105.611,25.1704,,5.31171
8.66034,-100.154,27.0621,,5.57256
8.67035,-94.4484,28.7528,,5.81313
8.68036,-88.5074,30.2527,,6.04372
8.69031,-82.3447,31.5717,,6.25799
8.70032,-75.9756,32.7471,,6.45734
8.71033,-69.416,33.7704,,6.64106
8.72034,-62.6831,34.6747,,6.80563
8.73035,-55.795,35.451,,6.9532
8.74036,-48.7664,36.1266,,7.08741
8.75031,-41.6144,36.703,,7.20196
8.76032,-34.3603,37.193,,7.29427
8.77033,-27.0217,37.6112,,7.3729
8.78034,-19.614,37.9728,,7.43332
8.79035,-12.1568,38.2737,,7.47402
8.80036,-4.66965,38.5043,,7.49515
8.81031,2.82891,38.7004,,7.49852
8.82032,10.3206,38.8431,,7.48338
8.83033,17.7864,38.94,,7.44896
8.84033,25.2074,38.9899,,7.39569
8.85034,32.5659,39.009,,7.32465
8.86035,39.8428,38.9875,,7.23523
8.8703,47.0202,38.9285,,7.12725
8.88031,54.0806,38.8458,,7.00185
8.89032,61.0046,38.7184,,6.85848
8.90033,67.7762,38.5663,,6.69811
8.91034,74.3789,38.3729,,6.52228
8.92035,80.7961,38.1584,,6.32882
8.93036,87.0091,37.8999,,6.1179
8.94031,93.0081,37.612,,5.89738
8.95032,98.7723,37.2984,,5.65384
8.96033,104.291,36.9452,,5.40552
8.97034,109.55,36.5661,,5.13811
8.98035,114.536,36.1425,,4.85719
8.99036,119.231,35.6763,,4.56395
9.00031,123.631,35.1657,,4.26279
9.01032,127.721,34.617,,3.94746
9.02033,131.491,34.0084,,3.62224
9.03034,134.932,33.3517,,3.29357
9.04035,138.039,32.6417,,2.95089
9.05036,140.799,31.8445,,2.6032
9.06031,143.207,30.972,,2.24824
9.07032,145.257,29.9987,,1.88572
9.08033,146.943,28.9072,,1.52303
9.09033,148.264,27.6932,,1.15469
9.10034,149.214,26.3215,,0.782793
9.11035,149.791,24.7523,,0.408634
9.1203,149.993,22.9381,,0.0336812
9.13031,149.821,20.8302,,-0.342205
9.14032,149.272,18.4022,,-0.716192
9.15033,148.352,15.5719,,-1.0881
9.16034,147.061,12.3734,,-1.45629
9.17035,145.403,8.83991,,-1.82117
9.18036,143.383,5.03874,,-2.18179
9.19031,141.003,1.13689,,-2.54174
9.20032,138.268,-2.72976,,-2.89237
9.21033,135.189,-6.44336,,-3.23116
9.22034,131.774,-9.934,,-3.56385
9.23035,128.029,-13.1827,,-3.89241
9.24036,123.962,-16.1714,,-4.20735
9.25031,119.587,-18.9171,,-4.51216
9.26032,114.913,-21.4268,,-4.80555
9.27033,109.949,-23.6918,,-5.08969
9.28034,104.711,-25.7593,,-5.35609
9.29035,99.2135,-27.5998,,-5.61367
9.30036,93.4647,-29.2444,,-5.85591
9.31031,87.4843,-30.7076,,-6.08065
9.32032,81.2853,-32.0132,,-6.294
9.33033,74.8822,-33.1476,,-6.48838
9.34033,68.295,-34.1517,,-6.66729
9.35034,61.5354,-35.0173,,-6.83233
9.36035,54.6216,-35.774,,-6.97792
9.3703,47.5711,-36.4232,,-7.10666
9.38031,40.402,-36.9848,,-7.21746
9.39032,33.1323,-37.4683,,-7.31013
9.40033,25.7799,-37.8783,,-7.38441
9.41034,18.3626,-38.2187,,-7.44107
9.42035,10.8995,-38.5105,,-7.47874
9.43036,3.40925,-38.7275,,-7.49708
9.44031,-4.08957,-38.9077,,-7.49719
9.45032,-11.5782,-39.0372,,-7.47878
9.46033,-19.0377,-39.1276,,-7.44109
9.47034,-26.4497,-39.182,,-7.38544
9.48035,-33.7953,-39.1918,,-7.31061
9.49036,-41.0576,-39.1655,,-7.21916
9.50031,-48.2168,-39.098,,-7.10733
9.51032,-55.2543,-39.0026,,-6.97857
9.52033,-62.1545,-38.8726,,-6.83361
9.53034,-68.8995,-38.7068,,-6.67032
9.54035,-75.4715,-38.5148,,-6.48905
9.55036,-81.8547,-38.3007,,-6.29367
9.56031,-88.034,-38.0379,,-6.0834
9.57032,-93.9939,-37.7576,,-5.85646
9.58033,-99.7194,-37.4181,,-5.61665
9.59033,-105.195,-37.0769,,-5.35839
9.60034,-110.405,-36.6745,,-5.08756
9.61035,-115.341,-36.2406,,-4.80853
9.6203,-119.989,-35.783,,-4.51529
9.63031,-124.338,-35.2629,,-4.21125
9.64032,-128.374,-34.7061,,-3.89231
9.65033,-132.091,-34.0956,,-3.5723
9.66034,-135.479,-33.4285,,-3.23501
9.67035,-138.527,-32.6973,,-2.89221
9.68036,-141.225,-31.893,,-2.54178
9.69031,-143.575,-31.0161,,-2.19042
9.70032,-145.566,-30.0236,,-1.82665
9.71033,-147.192,-28.919,,-1.46083
9.72034,-148.45,-27.679,,-1.09342
9.73035,-149.338,-26.2761,,-0.717815
9.74036,-149.849,-24.6623,,-0.343261
9.75031,-149.989,-22.8065,,0.0283885
9.76032,-149.754,-20.6662,,0.402912
9.77033,-149.145,-18.1688,,0.777452
9.78034,-148.163,-15.3005,,1.149
9.79035,-146.81,-12.0349,,1.5185
9.80036,-145.091,-8.43085,,1.88345
9.81031,-143.006,-4.62422,,2.24807
9.82032,-140.566,-0.721642,,2.59717
9.83033,-137.777,3.11672,,2.94571
9.84033,-134.641,6.7736,,3.28914
9.85034,-131.168,10.2286,,3.62264
9.86035,-127.367,13.4165,,3.94603
9.8703,-123.248,16.3671,,4.25845
9.88031,-118.82,19.0656,,4.5663
9.89032,-114.095,21.5272,,4.85225
9.90033,-109.087,23.7595,,5.13472
9.91034,-103.804,25.7691,,5.39977
9.92035,-98.2655,27.5777,,5.6524
9.93036,-92.4765,29.1809,,5.89718
9.94031,-86.4573,30.6134,,6.11658
9.95032,-80.2237,31.8759,,6.32822
9.96033,-73.789,32.9839,,6.51918
9.97034,-67.1706,33.9515,,6.6976
9.98035,-60.3832,34.7946,,6.85745
9.99036,-53.4451,35.5349,,7.00108
10.0003,-46.3741,36.1683,,7.12661
10.0103,-39.1873,36.7075,,7.23292
10.0203,-31.9017,37.1793,,7.32595
10.0303,-24.5365,37.5614,,7.39502
10.0403,-17.1104,37.8929,,7.44842
10.0504,-9.64148,38.1709,,7.4829
10.0603,-2.14844,38.389,,7.49863
10.0703,5.3499,38.5566,,7.49538
10.0803,12.835,38.6858,,7.47378
10.0903,20.2879,38.7723,,7.4333
10.1003,27.6903,38.7965,,7.37392
10.1104,35.0232,38.8049,,7.29641
10.1203,42.2685,38.7575,,7.20165
10.1303,49.4083,38.6985,,7.08685
10.1403,56.4247,38.5938,,6.95598
10.1503,63.2996,38.4637,,6.80647
10.1603,70.0172,38.3104,,6.64115
10.1704,76.5588,38.1051,,6.45816
10.1804,82.9097,37.8714,,6.26127
10.1903,89.0549,37.6088,,6.04588
10.2003,94.9736,37.3069,,5.81491
10.2103,100.657,36.9823,,5.57202
10.2203,106.089,36.6146,,5.31687
10.2303,111.255,36.2239,,5.03752
10.2404,116.14,35.7965,,4.7639
10.2503,120.743,35.3137,,4.46677
10.2603,125.041,34.8034,,4.15751
10.2703,129.025,34.229,,3.84077
10.2803,132.686,33.5982,,3.51226
10.2903,136.015,32.9254,,3.17849
10.3004,139.004,32.1867,,2.83414
10.3103,141.649,31.3789,,2.48661
10.3203,143.937,30.4744,,2.12687
10.3303,145.865,29.4783,,1.76439
10.3403,147.429,28.3495,,1.39869
10.3503,148.625,27.0826,,1.03005
10.3604,149.45,25.644,,0.656884
10.3703,149.902,24.0063,,0.284019
10.3803,149.978,22.1083,,-0.0934246
10.3903,149.679,19.9083,,-0.466607
10.4003,149.007,17.3549,,-0.842142
10.4103,147.96,14.4127,,-1.21291
10.4204,146.545,11.1069,,-1.57859
10.4304,144.765,7.46836,,-1.94506
10.4403,142.622,3.63529,,-2.30394
10.4503,140.121,-0.246948,,-2.66014
10.4603,137.271,-4.05947,,-3.00618
10.4703,134.077,-7.68497,,-3.34693
10.4803,130.549,-11.0808,,-3.6744
10.4904,126.695,-14.2353,,-3.99914
10.5003,122.524,-17.1297,,-4.31101
10.5103,118.044,-19.783,,-4.6142
10.5203,113.272,-22.1909,,-4.90063
10.5303,108.218,-24.372,,-5.17903
10.5403,102.891,-26.3383,,-5.4441
10.5504,97.3078,-28.105,,-5.69639
10.5603,91.4804,-29.6907,,-5.93295
10.5703,85.425,-31.08,,-6.15197
10.5803,79.1572,-32.3205,,-6.36145
10.5903,72.6883,-33.4001,,-6.55319
10.6003,66.0388,-34.3359,,-6.72536
10.6104,59.2263,-35.1624,,-6.88167
10.6203,52.2654,-35.868,,-7.02383
10.6303,45.1733,-36.4806,,-7.14529
10.6403,37.9697,-37.0093,,-7.25003
10.6503,30.6688,-37.4601,,-7.33903
10.6603,23.2915,-37.852,,-7.40576
10.6704,15.8569,-38.1712,,-7.45552
10.6804,8.38289,-38.4295,,-7.48656
10.6903,0.887592,-38.6355,,-7.49954
10.7003,-6.61005,-38.7926,,-7.49325
10.7103,-14.0909,-38.9003,,-7.46765
10.7203,-21.5365,-38.9742,,-7.42481
10.7303,-28.9289,-39.0112,,-7.36302
10.7404,-36.2484,-39.0087,,-7.28124
10.7503,-43.4771,-38.9778,,-7.18323
10.7603,-50.5972,-38.9005,,-7.06565
10.7703,-57.5907,-38.7885,,-6.93168
10.7803,-64.4408,-38.6503,,-6.78089
10.7903,-71.1308,-38.4627,,-6.61217
10.8004,-77.6413,-38.2657,,-6.42618
10.8103,-83.9584,-38.0392,,-6.2252
10.8203,-90.0644,-37.773,,-6.00686
10.8303,-95.9464,-37.4776,,-5.77768
10.8403,-101.589,-37.1319,,-5.52994
10.8503,-106.977,-36.7774,,-5.26944
10.8604,-112.097,-36.3511,,-4.99578
10.8703,-116.939,-35.9246,,-4.71377
10.8803,-121.487,-35.436,,-4.41318
10.8903,-125.733,-34.9208,,-4.10431
10.9003,-129.662,-34.3397,,-3.78552
10.9103,-133.268,-33.7207,,-3.45806
10.9204,-136.542,-33.0301,,-3.1219
10.9304,-139.474,-32.2723,,-2.775
10.9403,-142.056,-31.4449,,-2.42517
10.9503,-144.286,-30.5256,,-2.06811
10.9603,-146.155,-29.5106,,-1.70518
10.9703,-147.658,-28.3799,,-1.33739
10.9803,-148.79,-27.0824,,-0.963979
10.9904,-149.551,-25.6229,,-0.594643
11.0003,-149.94,-23.9331,,-0.219244
11.0103,-149.952,-21.9885,,0.155354
11.0203,-149.592,-19.7373,,0.528572
11.0303,-148.858,-17.1194,,0.90319
11.0403,-147.749,-14.1272,,1.27524
11.0504,-146.272,-10.7589,,1.64358
11.0603,-144.428,-7.0836,,2.0065
11.0703,-142.221,-3.24625,,2.36669
11.0803,-139.665,0.639161,,2.7133
11.0903,-136.759,4.42259,,3.06194
11.1003,-133.509,8.00707,,3.40328
11.1104,-129.925,11.3635,,3.72961
11.1203,-126.018,14.4579,,4.05184
11.1303,-121.792,17.3065,,4.36581
11.1403,-117.265,19.9048,,4.65897
11.1503,-112.444,22.2786,,4.95085
11.1603,-107.34,24.423,,5.22691
11.1704,-101.969,26.3618,,5.48638
11.1804,-96.3441,28.0837,,5.73698
11.1903,-90.4772,29.6254,,5.97033
11.2003,-84.3846,30.9768,,6.19092
11.2103,-78.0799,32.1882,,6.39446
11.2203,-71.582,33.2238,,6.58124
11.2303,-64.9052,34.1536,,6.75249
11.2404,-58.0667,34.9536,,6.90741
11.2503,-51.0812,35.6449,,7.04617
11.2603,-43.9681,36.2455,,7.166
11.2703,-36.744,36.7535,,7.26633
11.2803,-29.4321,37.1937,,7.34842
11.2903,-22.0454,37.55,,7.41492
11.3004,-14.6027,37.8566,,7.4623
11.3103,-7.12342,38.1071,,7.49031
11.3203,0.373681,38.3168,,7.49999
11.3303,7.86959,38.4632,,7.49021
11.3403,15.346,38.5782,,7.46197
11.3503,22.7839,38.6387,,7.41533
11.3604,30.1651,38.6549,,7.35083
11.3703,37.4707,38.6385,,7.266
11.3803,44.6823,38.6021,,7.16403
11.3903,51.782,38.5157,,7.04492
11.4003,58.7535,38.4085,,6.90849
11.4103,65.577,38.2674,,6.75162
11.4204,72.2372,38.0903,,6.58308
11.4304,78.7172,37.874,,6.39425
11.4403,85.0004,37.6359,,6.18791
11.4503,91.0694,37.364,,5.97177
11.4603,96.9131,37.0504,,5.73576
11.4703,102.513,36.7153,,5.48727
11.4803,107.859,36.3478,,5.2269
11.4904,112.931,35.9456,,4.94523
11.5003,117.723,35.4839,,4.66317
11.5103,122.223,35.0064,,4.36385
11.5203,126.415,34.465,,4.05201
11.5303,130.292,33.8711,,3.73251
11.5403,133.844,33.2432,,3.40206
11.5504,137.061,32.5538,,3.06384
11.5603,139.934,31.7934,,2.71692
11.5703,142.458,30.9524,,2.36556
11.5803,144.627,30.0283,,2.00689
11.5903,146.432,28.9765,,1.63939
11.6003,147.872,27.797,,1.27629
11.6104,148.943,26.4955,,0.902016
11.6203,149.641,25.0023,,0.532751
11.6303,149.969,23.2732,,0.158036
11.6403,149.92,21.2974,,-0.219292
11.6503,149.494,18.9897,,-0.593789
11.6603,148.695,16.3096,,-0.967017
11.6704,147.524,13.2381,,-1.33564
11.6804,145.988,9.8282,,-1.70153
11.6903,144.085,6.11782,,-2.06562
11.7003,141.823,2.25703,,-2.42308
11.7103,139.203,-1.60083,,-2.77911
11.7203,136.235,-5.3334,,-3.1209
11.7303,132.929,-8.88914,,-3.45694
11.7404,129.29,-12.1897,,-3.78659
11.7503,125.327,-15.2475,,-4.10568
11.7603,121.052,-18.0521,,-4.41269
11.7703,116.472,-20.6127,,-4.71368
11.7803,111.603,-22.9358,,-4.99517
11.7903,106.456,-25.0322,,-5.27045
11.8004,101.04,-26.9253,,-5.53259
11.8103,95.3718,-28.6038,,-5.77607
11.8203,89.4674,-30.1173,,-6.00737
11.8303,83.3395,-31.449,,-6.22502
11.8403,77.0039,-32.6326,,-6.42537
11.8503,70.4727,-33.6656,,-6.61348
11.8604,63.7661,-34.5494,,-6.78015
11.8703,56.9015,-35.326,,-6.93128
11.8803,49.8939,-35.9862,,-7.0673
11.8903,42.76,-36.5685,,-7.18557
11.9003,35.5207,-37.0569,,-7.2801
11.9103,28.1947,-37.4984,,-7.36119
11.9204,20.7974,-37.8588,,-7.42426
11.9304,13.3472,-38.1572,,-7.46884
11.9403,5.8635,-38.3978,,-7.49286
11.9503,-1.63459,-38.5713,,-7.49957
11.9603,-9.12861,-38.7032,,-7.48677
11.9703,-16.5997,-38.812,,-7.45555
11.9803,-24.0295,-38.8613,,-7.40639
11.9904,-31.3994,-38.8994,,-7.33694
12.0003,-38.6902,-38.8782,,-7.25095
12.0103,-45.8846,-38.8308,,-7.14598
12.0203,-52.9642,-38.7361,,-7.02278
12.0303,-59.9114,-38.6144,,-6.88258
12.0403,-66.7096,-38.4579,,-6.72566
12.0504,-73.3402,-38.2767,,-6.55076
12.0603,-79.7876,-38.0642,,-6.36061
12.0703,-86.0343,-37.8266,,-6.15159
12.0803,-92.0676,-37.5522,,-5.93391
12.0903,-97.8719,-37.2303,,-5.69612
12.1003,-103.43,-36.8928,,-5.443
12.1104,-108.73,-36.5053,,-5.18204
12.1203,-113.759,-36.0942,,-4.90183
12.1303,-118.503,-35.6412,,-4.61187
12.1403,-122.951,-35.1459,,-4.31331
12.1503,-127.092,-34.6075,,-3.99639
12.1603,-130.91,-34.0156,,-3.6741
12.1704,-134.406,-33.3743,,-3.34716
12.1804,-137.566,-32.6589,,-3.00556
12.1903,-140.381,-31.8868,,-2.65762
12.2003,-142.846,-31.0317,,-2.30735
12.2103,-144.954,-30.0838,,-1.94524
12.2203,-146.701,-29.0276,,-1.58134
12.2303,-148.079,-27.8494,,-1.21187
12.2404,-149.088,-26.503,,-0.84255
12.2503,-149.724,-24.9735,,-0.467855
12.2603,-149.986,-23.213,,-0.091978
12.2703,-149.873,-21.1689,,0.279817
12.2803,-149.387,-18.8037,,0.65617
12.2903,-148.525,-16.0681,,1.02845
12.3004,-147.293,-12.9547,,1.39746
12.3103,-145.692,-9.47135,,1.767
12.3203,-143.728,-5.73972,,2.1258
12.3303,-141.406,-1.88146,,2.48159
12.3403,-138.728,1.98181,,2.8372
12.3503,-135.703,5.69191,,3.17706
12.3604,-132.34,9.19899,,3.51442
12.3703,-128.647,12.4497,,3.8391
12.3803,-124.631,15.4658,,4.15824
12.3903,-120.304,18.2098,,4.46389
12.4003,-115.676,20.7313,,4.75924
12.4103,-110.758,23.0075,,5.04698
12.4204,-105.562,25.0869,,5.31528
12.4304,-100.104,26.9363,,5.57252
12.4403,-94.3972,28.5861,,5.81618
12.4503,-88.4521,30.0666,,6.04703
12.4603,-82.2875,31.3601,,6.25855
12.4703,-75.9182,32.5009,,6.45831
12.4803,-69.3572,33.5008,,6.6416
12.4904,-62.6231,34.3631,,6.80747
12.5003,-55.7324,35.1254,,6.95622
12.5103,-48.7034,35.7805,,7.08647
12.5203,-41.5509,36.3414,,7.20315
12.5303,-34.2959,36.8263,,7.29581
12.5403,-26.9552,37.2349,,7.374
12.5504,-19.5474,37.584,,7.43317
12.5603,-12.0905,37.8597,,7.47383
12.5703,-4.60306,38.0925,,7.49574
12.5803,2.89556,38.2711,,7.4983
12.5903,10.387,38.399,,7.48294
12.6003,17.8524,38.4913,,7.44868
12.6104,25.2735,38.543,,7.3954
12.6203,32.6309,38.5536,,7.32357
12.6303,39.9068,38.5284,,7.23442
12.6403,47.0829,38.48,,7.12575
12.6503,54.1421,38.3815,,7.0013
12.6603,61.0651,38.2604,,6.85673
12.6704,67.8357,38.104,,6.69767
12.6804,74.4378,37.9151,,6.52093
12.6903,80.8529,37.6908,,6.32643
12.7003,87.0667,37.4403,,6.12018
12.7103,93.0642,37.1573,,5.89395
12.7203,98.8252,36.8374,,5.64986
12.7303,104.337,36.4816,,5.39826
12.7404,109.594,36.1183,,5.13826
12.7503,114.577,35.6813,,4.85415
12.7603,119.271,35.2266,,4.56096
12.7703,123.666,34.7328,,4.25964
12.7803,127.756,34.1802,,3.94949
12.7903,131.525,33.5675,,3.61847
12.8004,134.961,32.9189,,3.28561
12.8103,138.062,32.2052,,2.94867
12.8203,140.821,31.4077,,2.60257
12.8303,143.227,30.5496,,2.24535
12.8403,145.274,29.5965,,1.8839
12.8503,146.957,28.5072,,1.51851
12.8604,148.274,27.299,,1.15048
12.8703,149.219,25.9283,,0.777699
12.8803,149.793,24.3572,,0.406303
12.8903,149.994,22.549,,0.0322919
12.9003,149.818,20.4693,,-0.345456
12.9103,149.267,18.0525,,-0.718912
12.9204,148.344,15.2451,,-1.09051
12.9304,147.05,12.0734,,-1.46097
12.9403,145.387,8.55664,,-1.82682
12.9503,143.362,4.78175,,-2.18677
12.9603,140.978,0.900375,,-2.54326
12.9703,138.242,-2.92196,,-2.89329
12.9803,135.162,-6.60723,,-3.23259
12.9904,131.743,-10.061,,-3.56984
13.0003,127.994,-13.2637,,-3.89421
13.0103,123.924,-16.2246,,-4.21057
13.0203,119.546,-18.9369,,-4.51421
13.0303,114.867,-21.4184,,-4.81256
13.0403,109.902,-23.6613,,-5.08814
13.0504,104.664,-25.6875,,-5.35886
13.0603,99.1629,-27.501,,-5.6147
13.0703,93.4137,-29.1178,,-5.85702
13.0803,87.4317,-30.5508,,-6.08225
13.0903,81.2314,-31.8271,,-6.29485
13.1003,74.8266,-32.945,,-6.49178
13.1104,68.2353,-33.9172,,-6.67066
13.1203,61.4745,-34.7704,,-6.83268
13.1303,54.5592,-35.4988,,-6.98031
13.1403,47.5078,-36.1358,,-7.10641
13.1503,40.3395,-36.6811,,-7.21653
13.1603,33.0688,-37.1558,,-7.3124
13.1704,25.7144,-37.551,,-7.38579
13.1804,18.2967,-37.8861,,-7.44133
13.1903,10.8331,-38.1594,,-7.47892
13.2003,3.34252,-38.374,,-7.49746
13.2103,-4.15617,-38.5425,,-7.49691
13.2203,-11.6446,-38.6639,,-7.47875
13.2303,-19.1039,-38.7536,,-7.44098
13.2404,-26.5153,-38.7951,,-7.38399
13.2503,-33.8601,-38.8009,,-7.30988
13.2603,-41.1209,-38.777,,-7.21783
13.2703,-48.2792,-38.7168,,-7.10672
13.2803,-55.3165,-38.6104,,-6.97818
13.2903,-62.2157,-38.4752,,-6.83222
13.3004,-68.9585,-38.3146,,-6.66778
13.3103,-75.5292,-38.1186,,-6.48839
13.3203,-81.9114,-37.8933,,-6.29398
13.3303,-88.0907,-37.6418,,-6.08089
13.3403,-94.0462,-37.3564,,-5.85291
13.3503,-99.7691,-37.0335,,-5.61367
13.3604,-105.243,-36.6762,,-5.35614
13.3703,-110.453,-36.2971,,-5.09016
13.3803,-115.387,-35.856,,-4.80379
13.3903,-120.031,-35.3876,,-4.51157
13.4003,-124.376,-34.8814,,-4.20784
13.4103,-128.413,-34.3172,,-3.89389
13.4204,-132.125,-33.7207,,-3.56307
13.4304,-135.507,-33.0571,,-3.23182
13.4403,-138.552,-32.3345,,-2.89033
13.4503,-141.25,-31.5292,,-2.54148
13.4603,-143.596,-30.6417,,-2.18504
13.4703,-145.583,-29.6533,,-1.82367
13.4803,-147.205,-28.5776,,-1.45697
13.4904,-148.46,-27.3272,,-1.08842
13.5003,-149.343,-25.941,,-0.715592
13.5103,-149.854,-24.3305,,-0.343362
13.5203,-149.99,-22.491,,0.0338245
13.5303,-149.749,-20.3464,,0.410279
13.5403,-149.135,-17.8547,,0.779381
13.5504,-148.152,-15.0008,,1.15161
13.5603,-146.796,-11.7597,,1.52115
13.5703,-145.073,-8.19254,,1.88811
13.5803,-142.988,-4.40794,,2.24614
13.5903,-140.543,-0.532171,,2.60571
13.6003,-137.747,3.28137,,2.95117
13.6104,-134.608,6.92665,,3.29027
13.6203,-131.135,10.3483,,3.62249
13.6303,-127.331,13.5086,,3.95018
13.6403,-123.208,16.4206,,4.26326
13.6503,-118.779,19.0924,,4.56457
13.6603,-114.052,21.5183,,4.85702
13.6704,-109.04,23.7328,,5.13616
13.6804,-103.756,25.7203,,5.40461
13.6903,-98.2125,27.5004,,5.65549
13.7003,-92.4228,29.0864,,5.8953
13.7103,-86.4051,30.4916,,6.11753
13.7203,-80.1686,31.7324,,6.33027
13.7303,-73.7321,32.8066,,6.52228
13.7404,-67.1108,33.7593,,6.69898
13.7503,-60.3224,34.5894,,6.85863
13.7603,-53.3832,35.3101,,7.0025
13.7703,-46.3104,35.9339,,7.12762
13.7803,-39.1222,36.4657,,7.23503
13.7903,-31.8367,36.9127,,7.32466
13.8004,-24.4713,37.2914,,7.39641
13.8103,-17.0445,37.6145,,7.44861
13.8203,-9.57517,37.8751,,7.48342
13.8303,-2.08189,38.0907,,7.49875
13.8403,5.41651,38.2515,,7.49507
13.8503,12.9014,38.3747,,7.47385
13.8604,20.3541,38.4424,,7.43266
13.8703,27.7556,38.4776,,7.37317
13.8803,35.0874,38.4816,,7.29552
13.8903,42.332,38.4408,,7.20047
13.9003,49.4716,38.3654,,7.08685
13.9103,56.4864,38.2648,,6.95416
13.9204,63.3605,38.1274,,6.80572
13.9304,70.0765,37.9644,,6.63954
13.9403,76.6166,37.7712,,6.45588
13.9503,82.9648,37.5322,,6.25831
13.9603,89.1066,37.2845,,6.0431
13.9703,95.0252,36.9762,,5.81571
13.9803,100.707,36.6491,,5.57095
13.9904,106.137,36.2876,,5.31294
14.0003,111.303,35.8895,,5.04371
14.0103,116.189,35.461,,4.75508
14.0203,120.784,34.9835,,4.46151
14.0303,125.076,34.4804,,4.15245
14.0403,129.057,33.905,,3.83989
14.0504,132.718,33.2832,,3.51063
14.0603,136.044,32.6205,,3.17394
14.0703,139.03,31.8745,,2.832
14.0803,141.671,31.061,,2.48259
14.0903,143.956,30.1656,,2.12432
14.1003,145.881,29.1744,,1.76064
14.1104,147.441,28.0458,,1.39556
14.1203,148.633,26.792,,1.02462
14.1303,149.455,25.3616,,0.655765
14.1403,149.903,23.7188,,0.278955
14.1503,149.975,21.8319,,-0.097598
14.1603,149.672,19.638,,-0.469985
14.1704,148.998,17.0972,,-0.842744
14.1804,147.95,14.1659,,-1.21473
14.1903,146.532,10.8748,,-1.58434
14.2003,144.748,7.25631,,-1.94773
14.2103,142.6,3.44337,,-2.30917
14.2203,140.098,-0.419734,,-2.65944
14.2303,137.247,-4.20552,,-3.00799
14.2404,134.05,-7.81857,,-3.35059
14.2503,130.517,-11.1806,,-3.67938
14.2603,126.659,-14.3113,,-4.00302
14.2703,122.484,-17.1843,,-4.31428
14.2803,118.005,-19.812,,-4.61375
14.2903,113.231,-22.1948,,-4.9025
14.3004,108.172,-24.3619,,-5.18446
14.3103,102.842,-26.3104,,-5.44629
14.3203,97.2554,-28.0542,,-5.69948
14.3303,91.4258,-29.6007,,-5.93449
14.3403,85.3689,-30.9938,,-6.1545
14.3503,79.0991,-32.1974,,-6.36266
14.3604,72.6298,-33.2579,,-6.55312
14.3703,65.9802,-34.1825,,-6.72635
14.3803,59.165,-34.9861,,-6.88468
14.3903,52.2023,-35.6886,,-7.02463
14.4003,45.1088,-36.2877,,-7.14725
14.4103,37.9042,-36.8148,,-7.25009
14.4204,30.6035,-37.2547,,-7.33894
14.4304,23.2258,-37.6217,,-7.40662
14.4403,15.7908,-37.9262,,-7.45543
14.4503,8.31617,-38.1753,,-7.48758
14.4603,0.820653,-38.3736,,-7.49935
14.4703,-6.6766,-38.5352,,-7.49281
14.4803,-14.157,-38.6488,,-7.46734
14.4904,-21.6022,-38.7178,,-7.42425
14.5003,-28.994,-38.7491,,-7.36223
14.5103,-36.3126,-38.7315,,-7.28055
14.5203,-43.5406,-38.6834,,-7.18194
14.5303,-50.6601,-38.609,,-7.06547
14.5403,-57.6522,-38.5014,,-6.93069
14.5504,-64.5016,-38.3703,,-6.77923
14.5603,-71.1889,-38.1941,,-6.60942
14.5703,-77.6979,-37.9962,,-6.42461
14.5803,-84.0123,-37.7528,,-6.22224
14.5903,-90.1171,-37.4781,,-6.007
14.6003,-95.9974,-37.1827,,-5.77465
14.6104,-101.638,-36.844,,-5.52789
14.6203,-107.024,-36.4841,,-5.26845
14.6303,-112.145,-36.0893,,-4.99647
14.6403,-116.983,-35.6501,,-4.70824
14.6503,-121.527,-35.1647,,-4.40932
14.6603,-125.77,-34.6327,,-4.1035
14.6704,-129.697,-34.0628,,-3.78246
14.6804,-133.299,-33.4422,,-3.45363
14.6903,-136.57,-32.7434,,-3.11969
14.7003,-139.5,-32.0133,,-2.7728
14.7103,-142.079,-31.1855,,-2.42043
14.7203,-144.303,-30.2695,,-2.06338
14.7303,-146.169,-29.2537,,-1.70281
14.7404,-147.669,-28.1157,,-1.33328
14.7503,-148.799,-26.8207,,-0.963552
14.7603,-149.558,-25.3573,,-0.590251
14.7703,-149.942,-23.6891,,-0.215685
14.7803,-149.951,-21.7494,,0.160083
14.7903,-149.585,-19.5007,,0.53528
14.8004,-148.845,-16.8993,,0.905644
14.8103,-147.736,-13.9124,,1.27546
14.8203,-146.258,-10.5437,,1.64542
14.8303,-144.411,-6.88937,,2.00779
14.8403,-142.206,-3.06321,,2.36837
14.8503,-139.642,0.800024,,2.72218
14.8604,-136.731,4.55916,,3.06428
14.8703,-133.479,8.11617,,3.40578
14.8803,-129.89,11.4595,,3.73526
14.8903,-125.98,14.5294,,4.05405
14.9003,-121.753,17.367,,4.36579
14.9103,-117.221,19.9508,,4.6674
14.9204,-112.397,22.3016,,4.94917
14.9304,-107.295,24.4379,,5.22607
14.9403,-101.922,26.3332,,5.4903
14.9503,-96.2934,28.0483,,5.73917
14.9603,-90.4235,29.567,,5.97397
14.9703,-84.3299,30.9108,,6.19037
14.9803,-78.0239,32.1007,,6.39738
14.9904,-71.5236,33.1309,,6.58245
15.0003,-64.8451,34.0395,,6.7554
15.0103,-58.0039,34.8179,,6.90885
15.0203,-51.0186,35.5017,,7.04503
15.0303,-43.9069,36.0773,,7.16491
15.0403,-36.683,36.5862,,7.26798
15.0504,-29.3673,37.011,,7.35195
15.0603,-21.9791,37.3788,,7.41528
15.0703,-14.5363,37.6779,,7.46248
15.0803,-7.05687,37.9144,,7.49047
15.0903,0.440253,38.0979,,7.4997
15.1003,7.93612,38.2495,,7.49023
15.1104,15.4121,38.3469,,7.46155
15.1203,22.8498,38.4081,,7.4145
15.1303,30.2293,38.4373,,7.34943
15.1403,37.5345,38.4275,,7.26557
15.1503,44.7453,38.3695,,7.16368
15.1603,51.8444,38.2937,,7.04425
15.1704,58.8145,38.1704,,6.90635
15.1804,65.6372,38.0244,,6.75209
15.1903,72.2965,37.8427,,6.58
15.2003,78.7731,37.6368,,6.39106
15.2103,85.0534,37.4068,,6.18718
15.2203,91.123,37.1315,,5.96998
15.2303,96.9631,36.8256,,5.73243
15.2404,102.561,36.4791,,5.48633
15.2503,107.904,36.1012,,5.22239
15.2603,112.979,35.699,,4.95057
15.2703,117.767,35.2528,,4.6561
15.2803,122.261,34.7697,,4.35947
15.2903,126.451,34.2403,,4.04913
15.3004,130.324,33.6581,,3.72899
15.3103,133.873,33.0235,,3.39964
15.3203,137.087,32.3258,,3.06045
15.3303,139.955,31.5568,,2.70945
15.3403,142.475,30.7249,,2.3652
15.3503,144.643,29.7973,,2.00524
15.3604,146.447,28.7528,,1.63953
15.3703,147.887,27.6006,,1.27352
15.3803,148.953,26.2849,,0.897732
15.3903,149.646,24.7904,,0.527094
15.4003,149.97,23.0732,,0.155804
15.4103,149.918,21.0905,,-0.223266
15.4204,149.488,18.7843,,-0.597432
15.4304,148.687,16.1098,,-0.968209
15.4403,147.514,13.0634,,-1.33951
15.4503,145.972,9.65411,,-1.70662
15.4603,144.065,5.95651,,-2.07158
15.4703,141.797,2.11505,,-2.42721
15.4803,139.177,-1.7315,,-2.7769
15.4904,136.209,-5.47082,,-3.12338
15.5003,132.898,-8.99405,,-3.46089
15.5103,129.257,-12.2855,,-3.78948
15.5203,125.292,-15.3129,,-4.10685
15.5303,121.014,-18.1159,,-4.41626
15.5403,116.432,-20.6507,,-4.71469
15.5504,111.56,-22.9639,,-5.00081
15.5603,106.409,-25.0517,,-5.27239
15.5703,100.991,-26.9217,,-5.53373
15.5803,95.3217,-28.5934,,-5.7781
15.5903,89.4137,-30.0886,,-6.01212
15.6003,83.2833,-31.3959,,-6.22591
15.6104,76.9456,-32.5665,,-6.42764
15.6203,70.4136,-33.576,,-6.6134
15.6303,63.7056,-34.4594,,-6.78302
15.6403,56.8392,-35.2217,,-6.93256
15.6503,49.831,-35.8897,,-7.06704
15.6603,42.698,-36.4439,,-7.18423
15.6704,35.4581,-36.9359,,-7.2827
15.6804,28.1296,-37.3422,,-7.36326
15.6903,20.731,-37.7028,,-7.42491
15.7003,13.2803,-37.9851,,-7.46898
15.7103,5.79673,-38.2247,,-7.49262
15.7203,-1.70115,-38.4079,,-7.49943
15.7303,-9.195,-38.5387,,-7.48684
15.7404,-16.6659,-38.6236,,-7.45515
15.7503,-24.0952,-38.687,,-7.40536
15.7603,-31.464,-38.6902,,-7.33635
15.7703,-38.7544,-38.6884,,-7.25015
15.7803,-45.9475,-38.625,,-7.14434
15.7903,-53.0266,-38.5438,,-7.02318
15.8004,-59.973,-38.4198,,-6.8805
15.8103,-66.7686,-38.2605,,-6.72396
15.8203,-73.3987,-38.0843,,-6.55013
15.8303,-79.8446,-37.8592,,-6.35826
15.8403,-86.0914,-37.6221,,-6.15346
15.8503,-92.1212,-37.3435,,-5.92679
15.8604,-97.9206,-37.0313,,-5.69315
15.8703,-103.478,-36.6844,,-5.44322
15.8803,-108.777,-36.3084,,-5.17944
15.8903,-113.802,-35.8914,,-4.89805
15.9003,-118.543,-35.4389,,-4.60898
15.9103,-122.988,-34.9443,,-4.30954
15.9204,-127.127,-34.4087,,-3.99675
15.9304,-130.944,-33.8201,,-3.67203
15.9403,-134.436,-33.1768,,-3.3419
15.9503,-137.591,-32.4616,,-3.00143
15.9603,-140.406,-31.695,,-2.66162
15.9703,-142.87,-30.8376,,-2.29969
15.9803,-144.971,-29.8883,,-1.93804
15.9904,-146.712,-28.8431,,-1.57954
16.0003,-148.089,-27.6641,,-1.21054
16.0103,-149.097,-26.3106,,-0.840443
16.0203,-149.729,-24.7852,,-0.463465
16.0303,-149.987,-23.02,,-0.0889301
16.0403,-149.87,-20.9974,,0.285917
16.0504,-149.378,-18.6225,,0.659263
16.0603,-148.514,-15.9,,1.03142
16.0703,-147.279,-12.7913,,1.40114
16.0803,-145.676,-9.3078,,1.76717
16.0903,-143.711,-5.59351,,2.12685
16.1003,-141.385,-1.73919,,2.48859
16.1104,-138.702,2.10255,,2.84004
16.1203,-135.675,5.80569,,3.17915
16.1303,-132.309,9.29304,,3.51847
16.1403,-128.611,12.5453,,3.84366
16.1503,-124.593,15.5398,,4.16055
16.1603,-120.262,18.2816,,4.46731
16.1704,-115.628,20.7776,,4.76506
16.1804,-110.712,23.0535,,5.04271
16.1903,-105.516,25.0965,,5.31695
16.2003,-100.055,26.9443,,5.57655
16.2103,-94.3445,28.5847,,5.81889
16.2203,-88.398,30.0506,,6.04846
16.2304,-82.2331,31.3374,,6.25903
16.2404,-75.8609,32.4593,,6.4615
16.2503,-69.2974,33.4528,,6.64421
16.2603,-62.5609,34.3064,,6.80949
16.2703,-55.6692,35.0475,,6.9566
16.2803,-48.6395,35.6931,,7.08642
16.2903,-41.4901,36.2454,,7.19955
16.3004,-34.2334,36.7194,,7.30073
16.3103,-26.89,37.1241,,7.37486
16.3203,-19.4819,37.4652,,7.43305
16.3303,-12.0245,37.7424,,7.47494
16.3403,-4.53668,37.955,,7.49547
16.3503,2.96211,38.1347,,7.49877
16.3604,10.4535,38.2644,,7.48255
16.3703,17.9186,38.3506,,7.44818
16.3803,25.3387,38.3939,,7.39458
16.3903,32.6958,38.4077,,7.32378
16.4003,39.9715,38.3749,,7.23355
16.4103,47.147,38.3191,,7.12475
16.4204,54.2049,38.2288,,7.0001
16.4304,61.1271,38.0985,,6.85602
16.4403,67.8961,37.9437,,6.69517
16.4503,74.495,37.7491,,6.51813
16.4603,80.9092,37.5278,,6.32634
16.4703,87.1199,37.2808,,6.11502
16.4804,93.113,36.9917,,5.89118
16.4904,98.875,36.6834,,5.65358
16.5003,104.389,36.3253,,5.39719
16.5103,109.64,35.9427,,5.1281
16.5203,114.615,35.5293,,4.85124
16.5303,119.309,35.0675,,4.56269
16.5403,123.705,34.56,,4.25762
16.5504,127.79,34.0079,,3.94363
16.5603,131.556,33.4103,,3.61838
16.5703,134.991,32.7554,,3.28361
16.5803,138.09,32.0436,,2.94584
16.5903,140.843,31.2693,,2.59508
16.6003,143.246,30.4017,,2.24303
16.6104,145.289,29.4296,,1.88033
16.6203,146.972,28.3457,,1.52049
16.6303,148.287,27.1321,,1.14583
16.6403,149.228,25.7729,,0.773636
16.6503,149.797,24.2044,,0.400923
16.6603,149.993,22.4147,,0.0295048
16.6704,149.816,20.3298,,-0.348111
16.6804,149.26,17.9032,,-0.723229
16.6903,148.335,15.1067,,-1.09216
16.7003,147.037,11.9242,,-1.46451
16.7103,145.372,8.41523,,-1.82874
16.7203,143.343,4.63802,,-2.19151
16.7304,140.955,0.786025,,-2.54762
16.7404,138.215,-3.03582,,-2.89764
16.7503,135.13,-6.69574,,-3.23596
16.7603,131.71,-10.1428,,-3.5695
16.7703,127.959,-13.3421,,-3.89943
16.7803,123.886,-16.2942,,-4.2137
16.7903,119.503,-19.0201,,-4.51946
16.8004,114.824,-21.4688,,-4.8081
16.8103,109.857,-23.7056,,-5.09364
16.8203,104.615,-25.7178,,-5.36199
16.8303,99.1114,-27.5136,,-5.61746
16.8403,93.3616,-29.1196,,-5.85618
16.8503,87.3778,-30.554,,-6.08587
16.8604,81.1749,-31.8166,,-6.29578
16.8703,74.7694,-32.9225,,-6.49344
16.8803,68.1757,-33.8917,,-6.67316
16.8903,61.4132,-34.7251,,-6.83422
16.9003,54.4971,-35.4432,,-6.98055
16.9103,47.4446,-36.0682,,-7.10831
16.9204,40.274,-36.6141,,-7.2186
16.9304,33.0027,-37.0726,,-7.3121
16.9403,25.6486,-37.4607,,-7.38554
16.9503,18.2305,-37.7973,,-7.44179
16.9603,10.7668,-38.0608,,-7.47918
16.9703,3.27598,-38.2715,,-7.49753
16.9804,-4.22278,-38.4219,,-7.49705
16.9904,-11.7109,-38.5561,,-7.47816
17.0003,-19.1697,-38.6255,,-7.44018
17.0103,-26.5804,-38.671,,-7.38394
17.0203,-33.9255,-38.6783,,-7.30987
17.0303,-41.1854,-38.652,,-7.21637
17.0403,-48.3418,-38.5724,,-7.10507
17.0504,-55.3786,-38.478,,-6.97738
17.0603,-62.2765,-38.3407,,-6.83107
17.0703,-69.0183,-38.1802,,-6.66719
17.0803,-75.5877,-37.9783,,-6.48679
17.0903,-81.9676,-37.7616,,-6.28931
17.1003,-88.1418,-37.5105,,-6.07915
17.1104,-94.0984,-37.2155,,-5.85312
17.1203,-99.8191,-36.8944,,-5.61031
17.1303,-105.289,-36.5344,,-5.35362
17.1403,-110.495,-36.1501,,-5.08016
17.1503,-115.424,-35.7106,,-4.80653
17.1603,-120.071,-35.2522,,-4.512
17.1704,-124.414,-34.7452,,-4.20509
17.1804,-128.445,-34.1855,,-3.88612
17.1903,-132.155,-33.5831,,-3.565
17.2003,-135.537,-32.9192,,-3.23117
17.2103,-138.579,-32.1787,,-2.88601
17.2203,-141.274,-31.3982,,-2.53809
17.2304,-143.614,-30.5047,,-2.17756
17.2404,-145.596,-29.5318,,-1.82259
17.2503,-147.218,-28.4371,,-1.45488
17.2603,-148.468,-27.2006,,-1.08232
17.2703,-149.349,-25.7933,,-0.715473
17.2803,-149.857,-24.1965,,-0.338549
17.2903,-149.99,-22.3535,,0.0347939
17.3004,-149.748,-20.218,,0.412175
17.3103,-149.13,-17.7337,,0.78588
17.3203,-148.14,-14.8695,,1.15506
17.3303,-146.782,-11.6335,,1.52498
17.3403,-145.056,-8.05264,,1.89127
17.3503,-142.966,-4.27613,,2.24985
17.3604,-140.519,-0.420466,,2.60655
17.3703,-137.723,3.39324,,2.95124
17.3803,-134.583,7.02056,,3.29379
17.3903,-131.103,10.4344,,3.63043
17.4003,-127.296,13.5918,,3.94967
17.4103,-123.172,16.5078,,4.26663
17.4204,-118.738,19.1677,,4.56914
17.4304,-114.008,21.5888,,4.85843
17.4403,-108.995,23.7919,,5.1385
17.4503,-103.708,25.7606,,5.40603
17.4603,-98.1624,27.538,,5.65848
17.4703,-92.3718,29.1081,,5.89632
17.4804,-86.3495,30.5044,,6.12225
17.4904,-80.1112,31.7374,,6.33207
17.5003,-73.6725,32.811,,6.52366
17.5103,-67.051,33.7545,,6.69983
17.5203,-60.2605,34.5826,,6.8606
17.5303,-53.3208,35.284,,7.00209
17.5403,-46.2475,35.8923,,7.12845
17.5504,-39.0571,36.4095,,7.23858
17.5603,-31.7703,36.8506,,7.32411
17.5703,-24.4054,37.2338,,7.39606
17.5803,-16.9781,37.5575,,7.44963
17.5903,-9.5084,37.8131,,7.48345
17.6003,-2.01511,38.0208,,7.49857
17.6104,5.48309,38.1755,,7.49501
17.6203,12.9678,38.2727,,7.47329
17.6303,20.4199,38.3536,,7.43256
17.6403,27.8211,38.3796,,7.37241
17.6503,35.1523,38.3906,,7.29514
17.6603,42.3966,38.3529,,7.19961
17.6704,49.5341,38.2757,,7.0843
17.6804,56.5477,38.1711,,6.95388
17.6903,63.4212,38.0227,,6.80497
17.7003,70.1357,37.8576,,6.63771
17.7103,76.6744,37.6602,,6.45474
17.7203,83.0209,37.436,,6.25696
17.7304,89.1616,37.1701,,6.04204
17.7404,95.0777,36.8751,,5.81128
17.7503,100.756,36.5452,,5.56751
17.7603,106.183,36.1801,,5.3095
17.7703,111.344,35.793,,5.03708
17.7803,116.228,35.3488,,4.75774
17.7903,120.822,34.8735,,4.45851
17.8004,125.113,34.3546,,4.15169
17.8103,129.092,33.7999,,3.83557
17.8203,132.748,33.1831,,3.50802
17.8303,136.07,32.5193,,3.17038
17.8403,139.053,31.7738,,2.82773
17.8503,141.69,30.954,,2.47973
17.8604,143.975,30.0611,,2.12459
17.8703,145.898,29.0522,,1.75751
17.8803,147.454,27.9298,,1.39
17.8903,148.642,26.6823,,1.0232
17.9003,149.461,25.2598,,0.65061
17.9103,149.905,23.6216,,0.27597
17.9204,149.974,21.7242,,-0.0998964
17.9304,149.669,19.525,,-0.47268
17.9403,148.992,16.9817,,-0.846321
17.9503,147.94,14.0513,,-1.21802
17.9603,146.519,10.7563,,-1.58775
17.9703,144.73,7.1634,,-1.95327
17.9804,142.58,3.33818,,-2.30985
17.9904,140.074,-0.525131,,-2.66413
18.0003,137.219,-4.30518,,-3.01089
18.0103,134.019,-7.9135,,-3.35409
18.0203,130.483,-11.273,,-3.68242
18.0303,126.622,-14.3874,,-4.00566
18.0403,122.445,-17.2551,,-4.31582
18.0504,117.961,-19.8706,,-4.61882
18.0603,113.184,-22.2698,,-4.90689
18.0703,108.123,-24.4258,,-5.18431
18.0803,102.792,-26.3711,,-5.44836
18.0903,97.2056,-28.1055,,-5.69905
18.1003,91.3739,-29.6448,,-5.93757
18.1104,85.3141,-31.0084,,-6.15674
18.1203,79.0427,-32.2115,,-6.36341
18.1303,72.5724,-33.2665,,-6.55547
18.1403,65.9202,-34.197,,-6.72798
18.1503,59.1048,-34.9863,,-6.88492
18.1603,52.1406,-35.6846,,-7.02661
18.1704,45.0454,-36.2808,,-7.1491
18.1804,37.8378,-36.7738,,-7.25204
18.1903,30.5375,-37.2127,,-7.33833
18.2003,23.1602,-37.5725,,-7.4065
18.2103,15.7246,-37.8774,,-7.45622
18.2203,8.24968,-38.136,,-7.4874
18.2304,0.754205,-38.3251,,-7.49972
18.2404,-6.74309,-38.4821,,-7.49253
18.2503,-14.2236,-38.5774,,-7.46775
18.2603,-21.6687,-38.6538,,-7.42336
18.2703,-29.0595,-38.6751,,-7.36136
18.2803,-36.3772,-38.6508,,-7.2799
18.2903,-43.6043,-38.6126,,-7.18067
18.3004,-50.7227,-38.5304,,-7.06498
18.3103,-57.7147,-38.4139,,-6.92946
18.3203,-64.5615,-38.2852,,-6.77606
18.3303,-71.2462,-38.1167,,-6.60843
18.3403,-77.7544,-37.9105,,-6.4232
18.3503,-84.0677,-37.6659,,-6.22181
18.3604,-90.1714,-37.3981,,-6.00415
18.3703,-96.049,-37.0977,,-5.77254
18.3803,-101.688,-36.7537,,-5.52698
18.3903,-107.072,-36.3877,,-5.26505
18.4003,-112.187,-35.9988,,-4.99137
18.4103,-117.023,-35.5586,,-4.70578
18.4204,-121.565,-35.0702,,-4.40705
18.4304,-125.805,-34.5516,,-4.10148
18.4403,-129.731,-33.9748,,-3.7807
18.4503,-133.331,-33.3426,,-3.45126
18.4603,-136.598,-32.6686,,-3.11415
18.4703,-139.523,-31.9148,,-2.77146
18.4804,-142.102,-31.1,,-2.41741
18.4904,-144.323,-30.1735,,-2.06099
18.5003,-146.184,-29.1526,,-1.69707
18.5103,-147.68,-28.0247,,-1.32991
18.5203,-148.806,-26.7258,,-0.959855
18.5303,-149.56,-25.2832,,-0.585512
18.5403,-149.942,-23.5963,,-0.213796
18.5504,-149.948,-21.652,,0.16209
18.5603,-149.581,-19.4044,,0.536212
18.5703,-148.839,-16.7828,,0.910413
18.5803,-147.725,-13.8084,,1.27905
18.5903,-146.243,-10.4463,,1.64807
18.6003,-144.393,-6.791,,2.01274
18.6104,-142.184,-2.98186,,2.37069
18.6203,-139.619,0.895613,,2.72238
18.6303,-136.704,4.65145,,3.07067
18.6403,-133.447,8.21782,,3.40921
18.6503,-129.857,11.5584,,3.73607
18.6603,-125.943,14.6149,,4.05883
18.6704,-121.713,17.4529,,4.3675
18.6804,-117.182,20.0196,,4.66479
18.6903,-112.356,22.3745,,4.95713
18.7003,-107.245,24.4979,,5.23206
18.7103,-101.871,26.4056,,5.48959
18.7203,-96.2426,28.1112,,5.74019
18.7304,-90.3718,29.6166,,5.97486
18.7404,-84.2743,30.9579,,6.1954
18.7503,-77.9659,32.1353,,6.39809
18.7603,-71.4651,33.1657,,6.58341
18.7703,-64.7852,34.0586,,6.75614
18.7803,-57.9426,34.8378,,6.91087
18.7903,-50.9561,35.505,,7.04641
18.8004,-43.8435,36.0802,,7.16452
18.8103,-36.6189,36.5803,,7.27035
18.8203,-29.3021,37.0008,,7.35161
18.8303,-21.9132,37.3608,,7.41689
18.8403,-14.4698,37.6491,,7.46227
18.8503,-6.99027,37.8872,,7.4907
18.8604,0.506922,38.0737,,7.49968
18.8703,8.00267,38.2141,,7.48987
18.8803,15.4784,38.3104,,7.46148
18.8903,22.9156,38.3695,,7.41453
18.9003,30.2955,38.3894,,7.34893
18.9103,37.5993,38.3718,,7.26443
18.9204,44.8093,38.3201,,7.16249
18.9304,51.9076,38.2394,,7.04347
18.9403,58.8763,38.1243,,6.90462
18.9503,65.6972,37.97,,6.75089
18.9603,72.3548,37.7962,,6.57809
18.9703,78.8308,37.5771,,6.38987
18.9804,85.108,37.3426,,6.18264
18.9904,91.1742,37.0656,,5.96919
19.0003,97.0139,36.7598,,5.73161
19.0103,102.61,36.4182,,5.48303
19.0203,107.949,36.0521,,5.21929
19.0303,113.019,35.6371,,4.94652
19.0403,117.807,35.1896,,4.65598
19.0504,122.299,34.7063,,4.35539
19.0603,126.486,34.1716,,4.04729
19.0703,130.358,33.5865,,3.72904
19.0803,133.905,32.9442,,3.3953
19.0903,137.113,32.2681,,3.05388
19.1003,139.979,31.5018,,2.71293
19.1104,142.499,30.6557,,2.35925
19.1203,144.66,29.7326,,1.99954
19.1303,146.461,28.685,,1.63584
19.1403,147.895,27.5187,,1.26953
19.1503,148.961,26.2097,,0.898397
19.1603,149.654,24.724,,0.524253
19.1704,149.971,23.0038,,0.147203
19.1804,149.913,21.0092,,-0.223938
19.1903,149.484,18.7018,,-0.598966
19.2003,148.679,16.0315,,-0.97231
19.2103,147.502,12.9711,,-1.34367
19.2203,145.957,9.57052,,-1.70846
19.2304,144.048,5.87385,,-2.07297
19.2404,141.778,2.02255,,-2.43097
19.2503,139.153,-1.82774,,-2.78343
19.2603,136.18,-5.5533,,-3.12509
19.2703,132.867,-9.08764,,-3.46614
19.2803,129.222,-12.3684,,-3.79062
19.2903,125.254,-15.4082,,-4.11128
19.3004,120.971,-18.1866,,-4.42035
19.3103,116.389,-20.7297,,-4.71458
19.3203,111.515,-23.0325,,-5.00227
19.3303,106.361,-25.1179,,-5.27623
19.3403,100.942,-26.9972,,-5.53435
19.3503,95.271,-28.6721,,-5.77984
19.3604,89.3617,-30.1593,,-6.01357
19.3703,83.2272,-31.4634,,-6.23052
19.3803,76.8867,-32.6126,,-6.42902
19.3903,70.3547,-33.6114,,-6.61417
19.4003,63.6458,-34.4773,,-6.78334
19.4103,56.7779,-35.2402,,-6.93484
19.4204,49.7677,-35.9067,,-7.06813
19.4304,42.6341,-36.4701,,-7.18533
19.4403,35.3935,-36.949,,-7.28286
19.4503,28.0646,-37.3697,,-7.36366
19.4603,20.665,-37.7019,,-7.42618
19.4703,13.214,-37.9736,,-7.46836
19.4804,5.73059,-38.205,,-7.49325
19.4904,-1.76774,-38.3843,,-7.49962
19.5003,-9.26166,-38.5207,,-7.48661
19.5103,-16.7321,-38.6164,,-7.45438
19.5203,-24.1607,-38.6754,,-7.40475
19.5303,-31.5292,-38.6736,,-7.33654
19.5403,-38.8189,-38.6469,,-7.24907
19.5504,-46.0121,-38.5858,,-7.14458
19.5603,-53.0892,-38.4977,,-7.0201
19.5703,-60.0335,-38.3818,,-6.87949
19.5803,-66.8285,-38.2361,,-6.72269
19.5903,-73.4562,-38.0497,,-6.54761
19.6003,-79.9,-37.8335,,-6.35621
19.6104,-86.1447,-37.5779,,-6.15156
19.6203,-92.1745,-37.2946,,-5.92705
19.6303,-97.9717,-36.9818,,-5.68989
19.6403,-103.526,-36.6326,,-5.44127
19.6503,-108.822,-36.271,,-5.17503
19.6603,-113.846,-35.8547,,-4.89777
19.6704,-118.583,-35.4002,,-4.60483
19.6804,-123.025,-34.8947,,-4.30736
19.6903,-127.161,-34.3567,,-3.99343
19.7003,-130.978,-33.7636,,-3.67193
19.7103,-134.467,-33.1199,,-3.33695
19.7203,-137.619,-32.4179,,-3.0017
19.7304,-140.431,-31.6469,,-2.65402
19.7404,-142.889,-30.7932,,-2.29762
19.7503,-144.991,-29.8425,,-1.94001
19.7603,-146.73,-28.7901,,-1.5744
19.7703,-148.102,-27.6054,,-1.20504
19.7803,-149.101,-26.2553,,-0.832095
19.7903,-149.732,-24.7282,,-0.464226
19.8004,-149.988,-22.9681,,-0.0850452
19.8103,-149.867,-20.9295,,0.289342
19.8203,-149.372,-18.5578,,0.661044
19.8303,-148.507,-15.8359,,1.03283
19.8403,-147.27,-12.7085,,1.40426
19.8503,-145.663,-9.22779,,1.77121
19.8604,-143.691,-5.51102,,2.13514
19.8703,-141.361,-1.64287,,2.48919
19.8803,-138.678,2.19147,,2.84109
19.8903,-135.648,5.87967,,3.18404
19.9003,-132.278,9.37889,,3.52061
19.9103,-128.578,12.6234,,3.84492
19.9204,-124.557,15.6205,,4.16346
19.9304,-120.224,18.3682,,4.47101
19.9403,-115.59,20.8688,,4.76395
19.9503,-110.669,23.1469,,5.04893
19.9603,-105.47,25.1836,,5.31948
19.9703,-100.006,27.0265,,5.57977
19.9804,-94.2927,28.6616,,5.82076
19.9904,-88.3441,30.1127,,6.05033
20.0003,-82.1757,31.4005,,6.26361
20.0103,-75.8025,32.5289,,6.46101
20.0203,-69.2381,33.5052,,6.64477
20.0303,-62.5018,34.3548,,6.80998
20.0403,-55.6088,35.0989,,6.95815
20.0504,-48.5771,35.722,,7.08888
20.0603,-41.4242,36.2743,,7.20376
20.0703,-34.1667,36.7426,,7.29841
20.0803,-26.8243,37.1552,,7.37527
20.0903,-19.4154,37.4793,,7.43397
20.1003,-11.9578,37.7501,,7.47442
20.1104,-4.47035,37.9657,,7.4956
20.1203,3.02865,38.1302,,7.49871
20.1303,10.5198,38.2528,,7.4826
20.1403,17.9848,38.3427,,7.44762
20.1503,25.4045,38.3849,,7.39438
20.1603,32.7615,38.3991,,7.32343
20.1704,40.0363,38.3662,,7.23254
20.1804,47.2103,38.3147,,7.12304
20.1903,54.2663,38.2071,,6.99833
20.2003,61.1871,38.0763,,6.85416
20.2103,67.9541,37.916,,6.69426
20.2203,74.5529,37.7204,,6.51754
20.2304,80.9646,37.5063,,6.32313
20.2404,87.174,37.255,,6.11471
20.2503,93.1657,36.9729,,5.88791
20.2603,98.9233,36.6655,,5.64867
20.2703,104.435,36.298,,5.397
20.2803,109.685,35.9153,,5.12933
20.2903,114.664,35.4879,,4.85282
20.3004,119.353,35.0246,,4.55459
20.3103,123.742,34.5276,,4.25261
20.3203,127.825,33.9946,,3.94064
20.3303,131.586,33.3879,,3.61393
20.3403,135.02,32.7384,,3.28488
20.3503,138.116,32.0179,,2.94036
20.3604,140.867,31.22,,2.59493
20.3703,143.267,30.3518,,2.23916
20.3803,145.308,29.38,,1.87915
20.3903,146.986,28.3132,,1.51117
20.4003,148.294,27.1058,,1.14336
20.4103,149.234,25.736,,0.772887
20.4204,149.8,24.1768,,0.397911
20.4304,149.994,22.361,,0.025074
20.4403,149.811,20.2679,,-0.353074
20.4503,149.253,17.836,,-0.724558
20.4603,148.324,15.0303,,-1.09732
20.4703,147.024,11.8669,,-1.46552
20.4804,145.355,8.34922,,-1.83425
20.4904,143.323,4.58988,,-2.19178
20.5003,140.935,0.715991,,-2.55022
20.5103,138.193,-3.10988,,-2.89818
20.5203,135.103,-6.79544,,-3.24279
20.5303,131.677,-10.2495,,-3.57661
20.5403,127.922,-13.4419,,-3.89994
20.5504,123.846,-16.3871,,-4.21685
20.5603,119.464,-19.0817,,-4.5179
20.5703,114.781,-21.5449,,-4.81438
20.5803,109.812,-23.7848,,-5.09399
20.5903,104.568,-25.809,,-5.36512
20.6003,99.0619,-27.6145,,-5.61895
20.6104,93.3103,-29.2235,,-5.85802
20.6203,87.323,-30.6412,,-6.09061
20.6303,81.1157,-31.8884,,-6.3003
20.6403,74.7088,-32.9818,,-6.4917
20.6503,68.1166,-33.9311,,-6.67329
20.6603,61.3532,-34.7775,,-6.8346
20.6704,54.4358,-35.5024,,-6.98224
20.6804,47.3821,-36.1324,,-7.10954
20.6903,40.2091,-36.6697,,-7.22175
20.7003,32.9367,-37.1167,,-7.31143
20.7103,25.5833,-37.4947,,-7.38554
20.7203,18.1644,-37.8081,,-7.44278
20.7304,10.7002,-38.0802,,-7.47939
20.7404,3.2094,-38.2836,,-7.4974
20.7503,-4.28937,-38.4586,,-7.49699
20.7603,-11.7775,-38.5723,,-7.47811
20.7703,-19.2361,-38.6451,,-7.44
20.7803,-26.6468,-38.6773,,-7.38399
20.7903,-33.991,-38.6784,,-7.30896
20.8004,-41.2501,-38.6512,,-7.21504
20.8103,-48.4051,-38.5739,,-7.1039
20.8203,-55.4401,-38.4813,,-6.97507
20.8303,-62.3364,-38.3459,,-6.82981
20.8403,-69.0769,-38.1729,,-6.66558
20.8503,-75.6442,-37.9829,,-6.48489
20.8604,-82.0224,-37.7505,,-6.28826
20.8703,-88.1986,-37.4945,,-6.08008
20.8803,-94.1508,-37.2119,,-5.8475
20.8903,-99.8673,-36.8801,,-5.60717
20.9003,-105.337,-36.5357,,-5.35445
20.9103,-110.544,-36.1352,,-5.08675
20.9204,-115.475,-35.7033,,-4.79961
20.9304,-120.114,-35.2262,,-4.50551
20.9403,-124.453,-34.7232,,-4.2004
20.9503,-128.479,-34.1601,,-3.88339
20.9603,-132.187,-33.5639,,-3.56225
20.9703,-135.566,-32.9036,,-3.22727
20.9804,-138.604,-32.1756,,-2.88212
20.9904,-141.295,-31.3801,,-2.53489
21.0003,-143.635,-30.4874,,-2.17906
21.0103,-145.615,-29.5036,,-1.81637
21.0203,-147.23,-28.4063,,-1.45064
21.0303,-148.478,-27.1687,,-1.0817
21.0403,-149.355,-25.7659,,-0.709945
21.0504,-149.86,-24.1651,,-0.33553
21.0603,-149.989,-22.3182,,0.0398279
21.0703,-149.744,-20.172,,0.414057
21.0803,-149.123,-17.685,,0.788035
21.0903,-148.131,-14.8244,,1.15951
21.1003,-146.768,-11.5688,,1.52813
21.1104,-145.039,-7.99469,,1.89388
21.1203,-142.945,-4.20617,,2.25642
21.1303,-140.496,-0.344043,,2.60607
21.1403,-137.697,3.46693,,2.95474
21.1503,-134.553,7.10346,,3.29896
21.1603,-131.07,10.5236,,3.63048
21.1704,-127.26,13.6819,,3.95628
21.1804,-123.131,16.5981,,4.26879
21.1903,-118.696,19.2541,,4.57044
21.2003,-113.964,21.689,,4.86172
21.2103,-108.948,23.8816,,5.1395
21.2203,-103.659,25.8675,,5.41074
21.2304,-98.1086,27.6319,,5.66139
21.2404,-92.3169,29.2043,,5.89723
21.2503,-86.2949,30.5988,,6.12224
21.2603,-80.0547,31.8204,,6.33376
21.2703,-73.6141,32.8949,,6.52605
21.2803,-66.9909,33.8299,,6.7005
21.2903,-60.2008,34.6494,,6.86057
21.3004,-53.2587,35.3414,,7.00543
21.3103,-46.184,35.9479,,7.12882
21.3203,-38.9942,36.465,,7.23735
21.3303,-31.7063,36.9142,,7.3268
21.3403,-24.3395,37.2857,,7.39704
21.3503,-16.9119,37.6021,,7.44959
21.3604,-9.44206,37.8555,,7.48347
21.3703,-1.94866,38.0448,,7.49876
21.3803,5.54967,38.1965,,7.49526
21.3903,13.0339,38.3129,,7.47249
21.4003,20.4857,38.3738,,7.43228
21.4103,27.8863,38.4047,,7.37181
21.4204,35.2174,38.4044,,7.29449
21.4304,42.4604,38.36,,7.19857
21.4403,49.5971,38.2913,,7.08393
21.4503,56.6104,38.1838,,6.95254
21.4603,63.481,38.0484,,6.80221
21.4703,70.194,37.8693,,6.63643
21.4804,76.7306,37.6646,,6.45261
21.4904,83.0764,37.433,,6.25518
21.5003,89.2129,37.1749,,6.03884
21.5103,95.1276,36.8793,,5.81024
21.5203,100.805,36.5558,,5.56598
21.5303,106.231,36.1951,,5.31004
21.5403,111.393,35.7881,,5.0387
21.5504,116.273,35.3556,,4.74886
21.5603,120.861,34.8755,,4.45469
21.5703,125.15,34.3545,,4.15064
21.5803,129.126,33.7943,,3.83171
21.5903,132.779,33.1779,,3.50682
21.6003,136.101,32.5123,,3.16755
21.6104,139.08,31.7709,,2.82678
21.6203,141.716,30.9557,,2.47624
21.6303,143.993,30.0502,,2.11546
21.6403,145.912,29.0512,,1.75567
21.6503,147.465,27.9169,,1.38808
21.6603,148.652,26.6661,,1.02186
21.6704,149.468,25.239,,0.645311
21.6804,149.907,23.5918,,0.270936
21.6903,149.973,21.7006,,-0.101129
21.7003,149.665,19.496,,-0.477307
21.7103,148.983,16.9519,,-0.849813
21.7203,147.928,14.006,,-1.22199
21.7304,146.503,10.7094,,-1.58993
21.7404,144.713,7.08551,,-1.95413
21.7503,142.561,3.27645,,-2.31256
21.7603,140.052,-0.608797,,-2.66872
21.7703,137.191,-4.37664,,-3.01667
21.7803,133.989,-7.98093,,-3.35274
21.7903,130.452,-11.3584,,-3.68745
21.8004,126.587,-14.4769,,-4.00868
21.8103,122.407,-17.3506,,-4.31795
21.8203,117.922,-19.9826,,-4.61901
21.8303,113.143,-22.3649,,-4.91015
21.8403,108.079,-24.5305,,-5.18751
21.8503,102.746,-26.4653,,-5.45039
21.8604,97.1562,-28.208,,-5.70183
21.8703,91.3224,-29.7476,,-5.93975
21.8803,85.2601,-31.1068,,-6.15982
21.8903,78.9849,-32.3085,,-6.36746
21.9003,72.5133,-33.3585,,-6.55416
21.9103,65.8608,-34.2722,,-6.7305
21.9204,59.0425,-35.0668,,-6.88656
21.9304,52.0777,-35.7566,,-7.02741
21.9403,44.9815,-36.3493,,-7.15028
21.9503,37.7738,-36.8473,,-7.25247
21.9603,30.4721,-37.2716,,-7.33911
21.9703,23.0942,-37.635,,-7.40688
21.9804,15.6583,-37.9285,,-7.45686
21.9904,8.18311,-38.1828,,-7.48739
22.0003,0.687586,-38.3739,,-7.4996
22.0103,-6.80962,-38.5235,,-7.49246
22.0203,-14.2898,-38.6226,,-7.46688
22.0303,-21.7345,-38.6752,,-7.42391
22.0403,-29.1246,-38.6991,,-7.35947
22.0504,-36.4418,-38.6889,,-7.2803
22.0603,-43.6682,-38.6426,,-7.17895
22.0703,-50.7846,-38.5652,,-7.06311
22.0803,-57.7759,-38.4551,,-6.92983
22.0903,-64.6221,-38.3089,,-6.77465
22.1003,-71.3055,-38.1292,,-6.60654
22.1104,-77.8114,-37.9133,,-6.42169
22.1203,-84.1235,-37.6828,,-6.21927
22.1303,-90.2239,-37.4147,,-6.00224
22.1403,-96.1004,-37.1119,,-5.77082
22.1503,-101.736,-36.7873,,-5.52315
22.1603,-107.117,-36.4127,,-5.26259
22.1704,-112.231,-36.0087,,-4.98832
22.1804,-117.064,-35.5632,,-4.7049
22.1903,-121.605,-35.0757,,-4.40709
22.2003,-125.843,-34.5568,,-4.09674
22.2103,-129.763,-33.9828,,-3.77642
22.2203,-133.362,-33.3658,,-3.4506
22.2304,-136.626,-32.6703,,-3.10954
22.2404,-139.546,-31.9226,,-2.76446
22.2503,-142.12,-31.0914,,-2.41772
22.2603,-144.341,-30.1667,,-2.05808
22.2703,-146.198,-29.1517,,-1.69321
22.2803,-147.691,-28.0245,,-1.32881
22.2903,-148.816,-26.7289,,-0.955456
22.3004,-149.565,-25.2648,,-0.58304
22.3103,-149.944,-23.586,,-0.210852
22.3203,-149.949,-21.6318,,0.164938
22.3303,-149.577,-19.3804,,0.540879
22.3403,-148.832,-16.7577,,0.911663
22.3503,-147.715,-13.7673,,1.28483
22.3604,-146.228,-10.3972,,1.65119
22.3703,-144.376,-6.73993,,2.01751
22.3803,-142.159,-2.90861,,2.37508
22.3903,-139.593,0.963328,,2.72521
22.4003,-136.676,4.72759,,3.07177
22.4103,-133.418,8.2999,,3.41103
22.4204,-129.824,11.6303,,3.73939
22.4304,-125.908,14.7112,,4.06132
22.4403,-121.675,17.5377,,4.37126
22.4503,-117.135,20.1247,,4.67582
22.4603,-112.307,22.4765,,4.9509
22.4703,-107.201,24.6075,,5.23157
22.4804,-101.822,26.5162,,5.49671
22.4904,-96.1879,28.2149,,5.74398
22.5003,-90.3156,29.7315,,5.97494
22.5103,-84.2192,31.0647,,6.19458
22.5203,-77.9117,32.2381,,6.39793
22.5303,-71.4076,33.2578,,6.58749
22.5403,-64.7254,34.1497,,6.75777
22.5504,-57.882,34.9263,,6.91189
22.5603,-50.8933,35.5946,,7.04832
22.5703,-43.7786,36.1664,,7.16631
22.5803,-36.5539,36.6557,,7.26959
22.5903,-29.237,37.0744,,7.35278
22.6003,-21.8476,37.4257,,7.41667
22.6104,-14.4039,37.7139,,7.46318
22.6203,-6.92369,37.9435,,7.49091
22.6303,0.573639,38.1361,,7.49991
22.6403,8.06917,38.2659,,7.4896
22.6503,15.5447,38.3617,,7.46112
22.6603,22.9813,38.4195,,7.41352
22.6704,30.3602,38.4422,,7.34776
22.6804,37.6631,38.4123,,7.26376
22.6903,44.8731,38.3643,,7.16314
22.7003,51.9707,38.2734,,7.04156
22.7103,58.9375,38.1584,,6.9038
22.7203,65.7573,38.0055,,6.74739
22.7304,72.4125,37.8246,,6.57798
22.7404,78.8873,37.6155,,6.38807
22.7503,85.1648,37.3719,,6.1847
22.7603,91.2295,37.0906,,5.96269
22.7703,97.0648,36.7911,,5.73047
22.7803,102.659,36.4501,,5.48153
22.7903,107.998,36.0825,,5.21779
22.8004,113.063,35.6654,,4.93982
22.8103,117.847,35.2102,,4.65411
22.8203,122.337,34.7265,,4.35481
22.8303,126.521,34.1839,,4.04347
22.8403,130.389,33.6074,,3.7228
22.8503,133.932,32.9759,,3.39468
22.8604,137.14,32.2801,,3.0544
22.8703,140.006,31.5099,,2.70914
22.8803,142.521,30.6765,,2.35506
22.8903,144.679,29.7392,,1.99563
22.9003,146.475,28.6963,,1.63191
22.9103,147.904,27.5303,,1.26599
22.9204,148.968,26.2245,,0.895914
22.9304,149.656,24.7189,,0.518556
22.9403,149.971,22.9913,,0.147976
22.9503,149.911,20.9991,,-0.23026
22.9603,149.476,18.6869,,-0.603075
22.9703,148.669,16.0049,,-0.972452
22.9804,147.491,12.9443,,-1.34712
22.9904,145.942,9.52271,,-1.71426
23.0003,144.028,5.82474,,-2.07348
23.0103,141.758,1.95723,,-2.43378
23.0203,139.128,-1.89432,,-2.78815
23.0303,136.15,-5.63278,,-3.13163
23.0403,132.834,-9.16598,,-3.46612
23.0504,129.187,-12.4517,,-3.79227
23.0603,125.219,-15.4973,,-4.11295
23.0703,120.935,-18.2844,,-4.42098
23.0803,116.348,-20.8319,,-4.72081
23.0903,111.47,-23.1514,,-5.00508
23.1003,106.314,-25.2375,,-5.27776
23.1104,100.893,-27.1077,,-5.53611
23.1203,95.2193,-28.779,,-5.78261
23.1303,89.3088,-30.2632,,-6.0153
23.1403,83.173,-31.5739,,-6.23129
23.1503,76.8308,-32.714,,-6.43124
23.1603,70.2969,-33.7204,,-6.61569
23.1704,63.5859,-34.5957,,-6.78556
23.1804,56.7159,-35.3405,,-6.93659
23.1903,49.7042,-35.9978,,-7.07046
23.2003,42.57,-36.5577,,-7.1837
23.2103,35.3302,-37.0323,,-7.28421
23.2203,27.9991,-37.4323,,-7.3648
23.2304,20.5993,-37.7796,,-7.42631
23.2404,13.1481,-38.0514,,-7.46921
23.2503,5.66391,-38.2854,,-7.49351
23.2603,-1.83442,-38.455,,-7.49926
23.2703,-9.32808,-38.5894,,-7.48633
23.2803,-16.7984,-38.6755,,-7.45468
23.2903,-24.2267,-38.7133,,-7.40427
23.3004,-31.5942,-38.7274,,-7.33483
23.3103,-38.8835,-38.6959,,-7.24957
23.3203,-46.0758,-38.6377,,-7.14302
23.3303,-53.1518,-38.5509,,-7.01906
23.3403,-60.0951,-38.4335,,-6.87751
23.3503,-66.8873,-38.2796,,-6.72036
23.3604,-73.5138,-38.0899,,-6.54655
23.3703,-79.9566,-37.8706,,-6.35569
23.3803,-86.1997,-37.6146,,-6.14786
23.3903,-92.226,-37.3321,,-5.92673
23.4003,-98.024,-37.0217,,-5.68885
23.4103,-103.576,-36.6814,,-5.43897
23.4204,-108.868,-36.3105,,-5.16931
23.4304,-113.885,-35.8968,,-4.89418
23.4403,-118.624,-35.4319,,-4.60632
23.4503,-123.066,-34.9314,,-4.3052
23.4603,-127.198,-34.3815,,-3.98943
23.4703,-131.01,-33.7896,,-3.66572
23.4804,-134.495,-33.1521,,-3.33625
23.4904,-137.646,-32.4371,,-2.99853
23.5003,-140.453,-31.6798,,-2.64694
23.5103,-142.905,-30.824,,-2.29493
23.5203,-145.005,-29.863,,-1.93821
23.5303,-146.742,-28.8101,,-1.57089
23.5403,-148.11,-27.6148,,-1.2033
23.5504,-149.11,-26.2621,,-0.831948
23.5603,-149.736,-24.7395,,-0.458829
23.5703,-149.988,-22.9745,,-0.0818999
23.5803,-149.865,-20.9339,,0.290923
23.5903,-149.367,-18.5571,,0.667259
23.6003,-148.497,-15.8134,,1.0364
23.6104,-147.255,-12.6843,,1.40842
23.6203,-145.644,-9.18681,,1.7758
23.6303,-143.669,-5.45246,,2.14002
23.6403,-141.334,-1.59005,,2.49177
23.6503,-138.65,2.25507,,2.84045
23.6603,-135.619,5.96301,,3.18634
23.6704,-132.245,9.45886,,3.52483
23.6804,-128.542,12.7122,,3.84829
23.6903,-124.518,15.7068,,4.16656
23.7003,-120.183,18.4623,,4.46989
23.7103,-115.55,20.9731,,4.76717
23.7203,-110.624,23.2491,,5.05282
23.7304,-105.421,25.3076,,5.32307
23.7404,-99.956,27.1463,,5.57996
23.7503,-94.242,28.7854,,5.82172
23.7603,-88.2924,30.2309,,6.05208
23.7703,-82.1216,31.5147,,6.2655
23.7803,-75.7458,32.6381,,6.46395
23.7903,-69.1793,33.6067,,6.64716
23.8004,-62.4402,34.4666,,6.8119
23.8103,-55.5468,35.1988,,6.95818
23.8203,-48.5141,35.8357,,7.09145
23.8303,-41.3575,36.3727,,7.20566
23.8403,-34.1008,36.8427,,7.29701
23.8503,-26.7592,37.2363,,7.37561
23.8604,-19.3495,37.5579,,7.43466
23.8703,-11.8913,37.8232,,7.47478
23.8803,-4.4035,38.0512,,7.49579
23.8903,3.09528,38.2044,,7.49843
23.9003,10.5863,38.3336,,7.48216
23.9103,18.0507,38.4109,,7.4475
23.9204,25.4703,38.4574,,7.39396
23.9304,32.8261,38.4563,,7.32196
23.9403,40.0998,38.4366,,7.23166
23.9503,47.2736,38.3655,,7.12318
23.9603,54.3287,38.2682,,6.99668
23.9703,61.248,38.1271,,6.85286
23.9804,68.0143,37.967,,6.69335
23.9904,74.611,37.7729,,6.51521
24.0003,81.0208,37.556,,6.32164
24.0103,87.2277,37.3152,,6.11109
24.0203,93.2175,37.0287,,5.88848
24.0303,98.9755,36.7072,,5.64782
24.0403,104.484,36.3526,,5.39242
24.0504,109.73,35.954,,5.12417
24.0603,114.701,35.5285,,4.84569
24.0703,119.389,35.0709,,4.55666
24.0803,123.78,34.5761,,4.25277
24.0903,127.86,34.0361,,3.93657
24.1003,131.617,33.4206,,3.61103
24.1104,135.046,32.7753,,3.2786
24.1203,138.139,32.0396,,2.93918
24.1303,140.89,31.2483,,2.59505
24.1403,143.288,30.3758,,2.23606
24.1503,145.325,29.4224,,1.87303
24.1603,146.997,28.3385,,1.50803
24.1704,148.304,27.1322,,1.14172
24.1804,149.242,25.7606,,0.770096
24.1903,149.806,24.1813,,0.396662
24.2003,149.996,22.358,,0.0188984
24.2103,149.808,20.2625,,-0.355164
24.2203,149.247,17.8347,,-0.729746
24.2304,148.313,15.0241,,-1.10111
24.2404,147.009,11.8346,,-1.46926
24.2503,145.338,8.32126,,-1.83577
24.2603,143.304,4.52807,,-2.1945
24.2703,140.912,0.654177,,-2.55402
24.2803,138.165,-3.17515,,-2.90251
24.2903,135.074,-6.86787,,-3.24456
24.3004,131.646,-10.317,,-3.5784
24.3103,127.888,-13.531,,-3.90265
24.3203,123.811,-16.4791,,-4.21843
24.3303,119.423,-19.1969,,-4.52498
24.3403,114.737,-21.6645,,-4.81579
24.3503,109.766,-23.9132,,-5.09715
24.3604,104.519,-25.9332,,-5.36484
24.3703,99.0118,-27.7419,,-5.62383
24.3803,93.2566,-29.339,,-5.85895
24.3903,87.2698,-30.7606,,-6.09114
24.4003,81.0617,-32.0154,,-6.30007
24.4103,74.6534,-33.1016,,-6.49496
24.4204,68.0581,-34.069,,-6.67557
24.4304,61.2919,-34.8967,,-6.83802
24.4403,54.3732,-35.6219,,-6.98228
24.4503,47.3183,-36.2342,,-7.111
24.4603,40.1451,-36.7633,,-7.22142
24.4703,32.8722,-37.2136,,-7.31216
24.4804,25.5174,-37.5937,,-7.38718
24.4904,18.0979,-37.9071,,-7.44287
24.5003,10.6337,-38.1668,,-7.47921
24.5103,3.14292,-38.3784,,-7.49771
24.5203,-4.35594,-38.5414,,-7.49682
24.5303,-11.8439,-38.6509,,-7.47791
24.5403,-19.3019,-38.7281,,-7.43961
24.5504,-26.712,-38.7639,,-7.38282
24.5603,-34.0552,-38.7461,,-7.30772
24.5703,-41.3132,-38.7124,,-7.21429
24.5803,-48.4679,-38.6413,,-7.10323
24.5903,-55.5019,-38.5433,,-6.97464
24.6003,-62.3966,-38.4184,,-6.82765
24.6104,-69.1359,-38.2464,,-6.66521
24.6203,-75.703,-38.0469,,-6.48361
24.6303,-82.0792,-37.8122,,-6.28606
24.6403,-88.2492,-37.5512,,-6.07413
24.6503,-94.2033,-37.2544,,-5.85098
24.6603,-99.918,-36.9396,,-5.60289
24.6704,-105.385,-36.5781,,-5.3517
24.6804,-110.586,-36.1969,,-5.0784
24.6903,-115.514,-35.7648,,-4.80083
24.7003,-120.151,-35.2937,,-4.50255
24.7103,-124.487,-34.7827,,-4.19801
24.7203,-128.514,-34.2073,,-3.8846
24.7304,-132.219,-33.609,,-3.55781
24.7404,-135.593,-32.9409,,-3.22217
24.7503,-138.628,-32.2086,,-2.88165
24.7603,-141.316,-31.4185,,-2.52843
24.7703,-143.652,-30.5273,,-2.17778
24.7803,-145.631,-29.5376,,-1.8142
24.7903,-147.243,-28.4441,,-1.44711
24.8004,-148.487,-27.2028,,-1.07729
24.8103,-149.362,-25.794,,-0.70832
24.8203,-149.863,-24.1833,,-0.331278
24.8303,-149.988,-22.3286,,0.0431024
24.8403,-149.739,-20.1797,,0.417672
24.8503,-149.116,-17.6827,,0.789861
24.8604,-148.123,-14.8048,,1.16214
24.8703,-146.755,-11.5518,,1.53318
24.8803,-145.022,-7.96111,,1.89684
24.8903,-142.926,-4.17008,,2.25785
24.9003,-140.474,-0.290164,,2.61056
24.9103,-137.669,3.53038,,2.96138
24.9204,-134.522,7.17703,,3.29966
24.9304,-131.036,10.6118,,3.63584
24.9403,-127.224,13.7711,,3.95445
24.9503,-123.094,16.6958,,4.27237
24.9603,-118.657,19.3666,,4.5702
24.9703,-113.924,21.7845,,4.86496
24.9804,-108.903,24.0003,,5.14548
24.9904,-103.611,25.9738,,5.41083
25.0003,-98.0615,27.757,,5.66124
25.0103,-92.2661,29.3342,,5.90232
25.0203,-86.2414,30.7347,,6.12385
25.0303,-79.9993,31.9671,,6.33597
25.0403,-73.5572,33.0213,,6.52729
25.0504,-66.9319,33.9544,,6.7032
25.0603,-60.1386,34.7596,,6.86353
25.0703,-53.1953,35.4525,,7.00547
25.0803,-46.1205,36.0599,,7.12958
25.0903,-38.9311,36.5868,,7.23566
25.1003,-31.6427,37.0234,,7.32893
25.1104,-24.2739,37.3955,,7.3985
25.1203,-16.8458,37.699,,7.44961
25.1303,-9.37551,37.9422,,7.48435
25.1403,-1.882,38.1359,,7.49861
25.1503,5.61626,38.2843,,7.49509
25.1603,13.1005,38.3946,,7.47243
25.1704,20.552,38.4638,,7.43161
25.1804,27.9521,38.4979,,7.37173
25.1903,35.2824,38.4932,,7.29343
25.2003,42.5239,38.4497,,7.1965
25.2103,49.6591,38.363,,7.08294
25.2203,56.671,38.2509,,6.95113
25.2304,63.541,38.0997,,6.80143
25.2404,70.2524,37.9366,,6.63465
25.2503,76.7876,37.7331,,6.45138
25.2603,83.1317,37.5109,,6.25359
25.2703,89.2674,37.2558,,6.0372
25.2803,95.1804,36.9442,,5.80899
25.2903,100.854,36.6169,,5.56229
25.3004,106.277,36.2412,,5.30594
25.3103,111.434,35.8423,,5.03421
25.3203,116.313,35.4064,,4.74882
25.3303,120.899,34.9366,,4.45156
25.3403,125.184,34.4184,,4.14793
25.3503,129.158,33.8621,,3.82882
25.3604,132.809,33.2333,,3.50452
25.3703,136.127,32.5513,,3.16464
25.3803,139.104,31.8073,,2.82319
25.3903,141.737,30.992,,2.47325
25.4003,144.011,30.0954,,2.11248
25.4103,145.927,29.0933,,1.75289
25.4204,147.478,27.9662,,1.38605
25.4304,148.66,26.7053,,1.01482
25.4403,149.471,25.267,,0.644191
25.4503,149.912,23.6188,,0.27377
25.4603,149.975,21.7076,,-0.108298
25.4703,149.662,19.5044,,-0.48019
25.4804,148.976,16.9449,,-0.855729
25.4904,147.915,14.0027,,-1.22542
25.5003,146.488,10.6913,,-1.59332
25.5103,144.695,7.06533,,-1.95521
25.5203,142.541,3.22794,,-2.31671
25.5303,140.027,-0.657996,,-2.6736
25.5403,137.164,-4.45188,,-3.01806
25.5504,133.959,-8.06423,,-3.35596
25.5603,130.421,-11.4499,,-3.68818
25.5703,126.553,-14.5703,,-4.01207
25.5803,122.369,-17.4508,,-4.32214
25.5903,117.881,-20.0893,,-4.62202
25.6003,113.097,-22.4831,,-4.91359
25.6104,108.032,-24.6579,,-5.18946
25.6203,102.696,-26.6001,,-5.45235
25.6303,97.1044,-28.3432,,-5.70509
25.6403,91.2668,-29.885,,-5.9426
25.6503,85.2038,-31.2418,,-6.16027
25.6603,78.9284,-32.4467,,-6.36706
25.6704,72.4554,-33.4936,,-6.55681
25.6804,65.8011,-34.404,,-6.73174
25.6903,58.9817,-35.202,,-6.88808
25.7003,52.0154,-35.8886,,-7.02795
25.7103,44.9193,-36.4692,,-7.14925
25.7203,37.7124,-36.9567,,-7.25278
25.7304,30.4083,-37.3939,,-7.34288
25.7404,23.028,-37.7461,,-7.40828
25.7503,15.5915,-38.0498,,-7.45689
25.7603,8.11658,-38.294,,-7.48699
25.7703,0.621087,-38.475,,-7.49966
25.7803,-6.8762,-38.6205,,-7.49257
25.7903,-14.3563,-38.7085,,-7.46699
25.8004,-21.8003,-38.7774,,-7.42238
25.8103,-29.1899,-38.8,,-7.3597
25.8203,-36.5066,-38.7852,,-7.27907
25.8303,-43.7322,-38.7314,,-7.17893
25.8403,-50.8486,-38.6467,,-7.06247
25.8503,-57.8376,-38.5356,,-6.92616
25.8604,-64.6814,-38.3848,,-6.77388
25.8703,-71.3639,-38.2045,,-6.60532
25.8803,-77.8686,-38.0027,,-6.41992
25.8903,-84.1784,-37.7623,,-6.21849
25.9003,-90.2782,-37.4899,,-6.00032
25.9103,-96.1512,-37.1819,,-5.76745
25.9204,-101.785,-36.857,,-5.52197
25.9304,-107.164,-36.4871,,-5.25905
25.9403,-112.275,-36.0772,,-4.98749
25.9503,-117.105,-35.6374,,-4.70009
25.9603,-121.643,-35.154,,-4.40482
25.9703,-125.88,-34.6174,,-4.09542
25.9804,-129.797,-34.0472,,-3.77112
25.9904,-133.391,-33.4204,,-3.44749
26.0003,-136.653,-32.7315,,-3.10892
26.0103,-139.571,-31.9782,,-2.76137
26.0203,-142.142,-31.1557,,-2.41379
26.0303,-144.358,-30.2275,,-2.05318
26.0403,-146.213,-29.208,,-1.69174
26.0504,-147.702,-28.0673,,-1.3236
26.0603,-148.824,-26.768,,-0.954395
26.0703,-149.572,-25.3032,,-0.579756
26.0803,-149.946,-23.6085,,-0.206416
26.0903,-149.946,-21.6647,,0.169711
26.1003,-149.571,-19.4018,,0.542176
26.1104,-148.822,-16.7736,,0.91767
26.1203,-147.703,-13.7706,,1.2844
26.1303,-146.214,-10.3857,,1.65624
26.1403,-144.358,-6.70433,,2.01743
26.1503,-142.144,-2.86055,,2.37669
26.1603,-139.57,1.01822,,2.73155
26.1704,-136.648,4.79099,,3.07645
26.1804,-133.386,8.36615,,3.41318
26.1903,-129.791,11.712,,3.74294
26.2003,-125.871,14.8005,,4.06279
26.2103,-121.636,17.6405,,4.3744
26.2203,-117.098,20.2447,,4.67075
26.2304,-112.267,22.6006,,4.9605
26.2404,-107.155,24.7317,,5.2348
26.2503,-101.774,26.6448,,5.4967
26.2603,-96.1402,28.3471,,5.74523
26.2703,-90.2653,29.8644,,5.97808
26.2803,-84.1658,31.2044,,6.19697
26.2903,-77.8539,32.3786,,6.40277
26.3004,-71.3482,33.3924,,6.58807
26.3103,-64.6647,34.2869,,6.75885
26.3203,-57.82,35.0534,,6.9132
26.3303,-50.8301,35.7178,,7.05005
26.3403,-43.7138,36.2866,,7.16744
26.3503,-36.4894,36.7843,,7.26951
26.3604,-29.1717,37.1939,,7.35325
26.3703,-21.7815,37.5401,,7.41789
26.3803,-14.337,37.8295,,7.46326
26.3903,-6.85709,38.0527,,7.49065
26.4003,0.639989,38.232,,7.49969
26.4103,8.13562,38.3695,,7.48967
26.4204,15.611,38.4576,,7.4606
26.4304,23.0469,38.5224,,7.4129
26.4403,30.4255,38.5277,,7.34825
26.4503,37.7287,38.5217,,7.26368
26.4603,44.9373,38.4611,,7.16014
26.4703,52.0324,38.3643,,7.03976
26.4804,58.9982,38.2421,,6.90308
26.4904,65.8171,38.0838,,6.74733
26.5003,72.471,37.9028,,6.57513
26.5103,78.9432,37.6912,,6.38694
26.5203,85.2199,37.4572,,6.1821
26.5303,91.2816,37.189,,5.9617
26.5403,97.1171,36.8662,,5.72861
26.5504,102.708,36.5233,,5.47885
26.5603,108.045,36.1486,,5.2163
26.5703,113.109,35.7279,,4.93913
26.5803,117.891,35.2792,,4.65085
26.5903,122.377,34.8021,,4.35061
26.6003,126.558,34.266,,4.03911
26.6104,130.425,33.6783,,3.72351
26.6203,133.964,33.042,,3.38838
26.6303,137.167,32.3437,,3.05142
26.6403,140.029,31.564,,2.70602
26.6503,142.542,30.7218,,2.35231
26.6603,144.697,29.7962,,1.99358
26.6704,146.491,28.7409,,1.62941
26.6804,147.918,27.5809,,1.26151
26.6903,148.975,26.2696,,0.889361
26.7003,149.66,24.763,,0.517886
26.7103,149.973,23.0222,,0.144431
26.7203,149.909,21.0312,,-0.232864
26.7304,149.471,18.7008,,-0.605732
26.7404,148.661,16.0037,,-0.978202
26.7503,147.478,12.9339,,-1.35033
26.7603,145.926,9.51278,,-1.71621
26.7703,144.01,5.78441,,-2.07791
26.7803,141.735,1.92423,,-2.43677
26.7903,139.103,-1.94754,,-2.78854
26.8004,136.125,-5.69455,,-3.13244
26.8103,132.806,-9.25184,,-3.47073
26.8203,129.154,-12.5466,,-3.79828
26.8303,125.181,-15.6026,,-4.11524
26.8403,120.895,-18.4005,,-4.42488
26.8503,116.305,-20.9494,,-4.72459
26.8604,111.424,-23.2733,,-5.00622
26.8703,106.266,-25.3696,,-5.27936
26.8803,100.843,-27.2482,,-5.53917
26.8903,95.1671,-28.9326,,-5.78428
26.9003,89.2558,-30.408,,-6.01526
26.9103,83.1192,-31.7217,,-6.23359
26.9204,76.7743,-32.8609,,-6.433
26.9304,70.2366,-33.8658,,-6.62006
26.9403,63.5246,-34.7276,,-6.78575
26.9503,56.6545,-35.4859,,-6.93646
26.9603,49.6421,-36.1345,,-7.07123
26.9703,42.5059,-36.6941,,-7.18762
26.9804,35.263,-37.1544,,-7.28447
26.9904,27.9332,-37.567,,-7.36427
27.0003,20.5331,-37.8969,,-7.42684
27.0103,13.0813,-38.1739,,-7.46925
27.0203,5.59727,-38.3977,,-7.49334
27.0303,-1.90106,-38.573,,-7.49955
27.0403,-9.39463,-38.6923,,-7.4863
27.0504,-16.8647,-38.7875,,-7.45394
27.0603,-24.2926,-38.8178,,-7.40406
27.0703,-31.6603,-38.8371,,-7.33479
27.0803,-38.9481,-38.8051,,-7.24727
27.0903,-46.1381,-38.7466,,-7.14119
27.1003,-53.213,-38.6552,,-7.01846
27.1104,-60.1557,-38.5268,,-6.87765
27.1203,-66.9479,-38.3698,,-6.71919
27.1303,-73.5726,-38.1711,,-6.54446
27.1403,-80.0128,-37.9543,,-6.35274
27.1503,-86.2511,-37.7082,,-6.14484
27.1603,-92.2791,-37.4295,,-5.92668
27.1704,-98.073,-37.1119,,-5.68414
27.1804,-103.621,-36.7733,,-5.43593
27.1903,-108.913,-36.3923,,-5.17125
27.2003,-113.931,-35.9601,,-4.89201
27.2103,-118.666,-35.5004,,-4.60306
27.2203,-123.102,-35.0057,,-4.29901
27.2304,-127.231,-34.4602,,-3.98721
27.2404,-131.042,-33.8714,,-3.66563
27.2503,-134.525,-33.233,,-3.3334
27.2603,-137.673,-32.5317,,-2.99451
27.2703,-140.478,-31.7367,,-2.64817
27.2803,-142.93,-30.882,,-2.29
27.2903,-145.023,-29.9147,,-1.93231
27.3004,-146.755,-28.8561,,-1.56541
27.3103,-148.12,-27.6653,,-1.20285
27.3203,-149.117,-26.3226,,-0.828041
27.3303,-149.739,-24.7851,,-0.454014
27.3403,-149.988,-23.0193,,-0.0791719
27.3503,-149.861,-20.9568,,0.294156
27.3604,-149.361,-18.5757,,0.66948
27.3703,-148.487,-15.8117,,1.04073
27.3803,-147.243,-12.6772,,1.40982
27.3903,-145.63,-9.17649,,1.77858
27.4003,-143.653,-5.42944,,2.13688
27.4103,-141.318,-1.56034,,2.49947
27.4204,-138.626,2.30635,,2.84679
27.4304,-135.59,6.02211,,3.19069
27.4403,-132.214,9.53867,,3.52589
27.4503,-128.508,12.7996,,3.85238
27.4603,-124.481,15.8264,,4.16756
27.4703,-120.145,18.5747,,4.47392
27.4804,-115.504,21.1009,,4.7727
27.4904,-110.576,23.3797,,5.05449
27.5003,-105.373,25.4369,,5.32324
27.5103,-99.9077,27.2831,,5.57994
27.5203,-94.1905,28.9201,,5.82698
27.5303,-88.2365,30.3824,,6.05577
27.5403,-82.0628,31.6591,,6.26757
27.5504,-75.6865,32.7838,,6.46382
27.5603,-69.1196,33.7588,,6.64758
27.5703,-62.3802,34.6009,,6.81217
27.5803,-55.4856,35.3385,,6.96011
27.5903,-48.451,35.9665,,7.09267
27.6003,-41.2948,36.5087,,7.20528
27.6104,-34.0367,36.9717,,7.29934
27.6203,-26.6933,37.362,,7.37637
27.6303,-19.283,37.6838,,7.43541
27.6403,-11.8247,37.9493,,7.47467
27.6503,-4.33705,38.1672,,7.49577
27.6603,3.16182,38.3255,,7.49841
27.6704,10.6527,38.445,,7.482
27.6804,18.117,38.5261,,7.44694
27.6903,25.5356,38.5549,,7.39317
27.7003,32.8911,38.5639,,7.32168
27.7103,40.1634,38.5213,,7.22996
27.7203,47.3362,38.4637,,7.12223
27.7304,54.3905,38.3663,,6.99602
27.7404,61.3088,38.2412,,6.85159
27.7503,68.0735,38.0722,,6.69194
27.7603,74.6688,37.8783,,6.51322
27.7703,81.0772,37.6507,,6.32045
27.7803,87.2828,37.3916,,6.10996
27.7903,93.2709,37.1012,,5.8856
27.8004,99.0251,36.7872,,5.64454
27.8103,104.532,36.4334,,5.39141
27.8203,109.777,36.0585,,5.12556
27.8303,114.75,35.6198,,4.84329
27.8403,119.432,35.1626,,4.55058
27.8503,123.817,34.6483,,4.24861
27.8604,127.894,34.0988,,3.93395
27.8703,131.649,33.4911,,3.60746
27.8803,135.077,32.8422,,3.27943
27.8903,138.168,32.1276,,2.93568
27.9003,140.909,31.335,,2.58146
27.9103,143.302,30.4585,,2.23762
27.9204,145.339,29.4906,,1.87178
27.9304,147.01,28.3894,,1.50684
27.9403,148.314,27.1751,,1.13717
27.9503,149.247,25.7999,,0.764989
27.9603,149.807,24.2308,,0.392528
27.9703,149.993,22.4134,,0.016452
27.9804,149.804,20.3102,,-0.356997
27.9904,149.241,17.8642,,-0.731481
28.0003,148.304,15.029,,-1.10372
28.0103,146.997,11.8271,,-1.47361
28.0203,145.323,8.28798,,-1.83669
28.0303,143.285,4.49788,,-2.20357
28.0403,140.887,0.606973,,-2.55557
28.0504,138.14,-3.22839,,-2.90335
28.0603,135.046,-6.92449,,-3.24841
28.0703,131.613,-10.4039,,-3.58132
28.0803,127.854,-13.6159,,-3.9044
28.0903,123.774,-16.6052,,-4.22164
28.1003,119.385,-19.315,,-4.52455
28.1104,114.698,-21.8009,,-4.81988
28.1203,109.721,-24.0392,,-5.10176
28.1303,104.471,-26.0743,,-5.37005
28.1403,98.9598,-27.884,,-5.62332
28.1503,93.2043,-29.4975,,-5.86318
28.1603,87.2134,-30.9207,,-6.09179
28.1704,81.0052,-32.1709,,-6.30176
28.1804,74.5943,-33.2608,,-6.4965
28.1903,67.9986,-34.2178,,-6.67628
28.2003,61.2311,-35.0429,,-6.83907
28.2103,54.3115,-35.7619,,-6.9834
28.2203,47.2562,-36.3831,,-7.1114
28.2304,40.0826,-36.905,,-7.22125
28.2404,32.8087,-37.3582,,-7.31466
28.2503,25.4519,-37.734,,-7.38812
28.2603,18.0321,-38.0471,,-7.44315
28.2703,10.5674,-38.2986,,-7.47973
28.2803,3.0762,-38.5005,,-7.49776
28.2903,-4.42254,-38.6553,,-7.49688
28.3004,-11.9103,-38.7713,,-7.47753
28.3103,-19.3681,-38.8354,,-7.43916
28.3203,-26.7772,-38.8866,,-7.38173
28.3303,-34.1201,-38.8685,,-7.30765
28.3403,-41.3775,-38.834,,-7.21381
28.3503,-48.5314,-38.7528,,-7.10253
28.3604,-55.5648,-38.6458,,-6.97293
28.3703,-62.4577,-38.5075,,-6.82594
28.3803,-69.1947,-38.3359,,-6.66273
28.3903,-75.7598,-38.1591,,-6.48223
28.4003,-82.1339,-37.9199,,-6.28303
28.4103,-88.3035,-37.6503,,-6.07482
28.4204,-94.2551,-37.3626,,-5.84815
28.4304,-99.9694,-37.0284,,-5.60224
28.4403,-105.433,-36.6711,,-5.34927
28.4503,-110.635,-36.2841,,-5.07966
28.4603,-115.557,-35.8578,,-4.79263
28.4703,-120.191,-35.386,,-4.49967
28.4804,-124.525,-34.8681,,-4.19757
28.4904,-128.55,-34.3017,,-3.88054
28.5003,-132.251,-33.6918,,-3.55542
28.5103,-135.624,-33.0195,,-3.22144
28.5203,-138.657,-32.2878,,-2.87564
28.5303,-141.34,-31.4965,,-2.52733
28.5403,-143.673,-30.6057,,-2.17194
28.5504,-145.647,-29.6147,,-1.81085
28.5603,-147.255,-28.51,,-1.4425
28.5703,-148.498,-27.2619,,-1.07855
28.5803,-149.369,-25.8448,,-0.701641
28.5903,-149.866,-24.2352,,-0.328494
28.6003,-149.988,-22.3741,,0.0466643
28.6104,-149.736,-20.2245,,0.419797
28.6203,-149.11,-17.7107,,0.793866
28.6303,-148.111,-14.8268,,1.16738
28.6403,-146.74,-11.5533,,1.53651
28.6503,-145.004,-7.94322,,1.89951
28.6603,-142.906,-4.13419,,2.25857
28.6704,-140.451,-0.232868,,2.61469
28.6804,-137.644,3.5878,,2.96412
28.6903,-134.491,7.245,,3.30581
28.7003,-131.003,10.6823,,3.63531
28.7103,-127.189,13.8581,,3.95929
28.7203,-123.056,16.7955,,4.27309
28.7304,-118.615,19.4796,,4.57938
28.7404,-113.876,21.924,,4.8656
28.7503,-108.857,24.1531,,5.14309
28.7603,-103.564,26.1328,,5.41476
28.7703,-98.0106,27.9077,,5.66289
28.7803,-92.2145,29.4897,,5.90345
28.7903,-86.1859,30.8723,,6.12881
28.8004,-79.942,32.1054,,6.33593
28.8103,-73.4987,33.1708,,6.52912
28.8203,-66.8722,34.1137,,6.7043
28.8303,-60.0777,34.9172,,6.86439
28.8403,-53.134,35.6156,,7.00685
28.8503,-46.0565,36.2145,,7.13169
28.8604,-38.8646,36.7227,,7.23855
28.8703,-31.5758,37.1534,,7.32745
28.8803,-24.2081,37.527,,7.39817
28.8903,-16.7797,37.8284,,7.45043
28.9003,-9.30918,38.0724,,7.48412
28.9103,-1.81545,38.2668,,7.49898
28.9204,5.68281,38.4206,,7.49471
28.9304,13.1668,38.5225,,7.47241
28.9403,20.6178,38.5788,,7.43116
28.9503,28.0174,38.6166,,7.37072
28.9603,35.3467,38.6079,,7.29206
28.9703,42.5875,38.5567,,7.19713
28.9804,49.723,38.4748,,7.08245
28.9904,56.7338,38.3634,,6.9498
29.0003,63.6024,38.2165,,6.7998
29.0103,70.3119,38.045,,6.63282
29.0203,76.8455,37.8435,,6.44938
29.0303,83.1861,37.6152,,6.24928
29.0403,89.3195,37.3379,,6.03654
29.0504,95.2299,37.0394,,5.80587
29.0603,100.903,36.7071,,5.56213
29.0703,106.325,36.3495,,5.30466
29.0803,111.48,35.9449,,5.03157
29.0903,116.355,35.5118,,4.74587
29.1003,120.941,35.0298,,4.45109
29.1104,125.223,34.5114,,4.14276
29.1203,129.194,33.9372,,3.82854
29.1303,132.842,33.3089,,3.49948
29.1403,136.157,32.6425,,3.16238
29.1503,139.131,31.8951,,2.81884
29.1603,141.757,31.077,,2.46781
29.1704,144.029,30.178,,2.11151
29.1804,145.942,29.1659,,1.74905
29.1903,147.49,28.0302,,1.38358
29.2003,148.671,26.7637,,1.01468
29.2103,149.479,25.3255,,0.638582
29.2203,149.911,23.6669,,0.263515
29.2304,149.971,21.7597,,-0.108722
29.2404,149.655,19.5435,,-0.48437
29.2503,148.967,16.9771,,-0.854651
29.2603,147.906,14.0178,,-1.22969
29.2703,146.474,10.6868,,-1.59547
29.2803,144.678,7.0443,,-1.96126
29.2903,142.515,3.19335,,-2.32386
29.3004,140.001,-0.703289,,-2.67137
29.3103,137.138,-4.50605,,-3.01985
29.3203,133.929,-8.13643,,-3.36048
29.3303,130.386,-11.5189,,-3.69192
29.3403,126.516,-14.6787,,-4.01303
29.3503,122.333,-17.5626,,-4.3234
29.3604,117.84,-20.2094,,-4.62625
29.3703,113.056,-22.6185,,-4.91377
29.3803,107.988,-24.7985,,-5.19299
29.3903,102.647,-26.7496,,-5.458
29.4003,97.0519,-28.4887,,-5.70628
29.4103,91.216,-30.0354,,-5.94082
29.4204,85.1505,-31.4027,,-6.16442
29.4304,78.8713,-32.6035,,-6.37032
29.4403,72.3959,-33.6537,,-6.55933
29.4503,65.7398,-34.5665,,-6.73268
29.4603,58.9195,-35.3519,,-6.88833
29.4703,51.9534,-36.0357,,-7.02875
29.4804,44.8554,-36.613,,-7.15213
29.4904,37.6447,-37.1157,,-7.25559
29.5003,30.3414,-37.5292,,-7.34034
29.5103,22.9625,-37.8877,,-7.40805
29.5203,15.5256,-38.1897,,-7.45715
29.5303,8.0502,-38.4201,,-7.48768
29.5403,0.554442,-38.6127,,-7.49992
29.5504,-6.94279,-38.7444,,-7.49235
29.5603,-14.4227,-38.844,,-7.46647
29.5703,-21.8661,-38.8954,,-7.42171
29.5803,-29.2546,-38.9212,,-7.35906
29.5903,-36.571,-38.9014,,-7.27832
29.6003,-43.7961,-38.8456,,-7.17836
29.6104,-50.9112,-38.7622,,-7.06091
29.6203,-57.8984,-38.6484,,-6.92479
29.6303,-64.7419,-38.4992,,-6.77328
29.6403,-71.423,-38.316,,-6.60356
29.6503,-77.925,-38.1167,,-6.41751
29.6603,-84.2333,-37.8744,,-6.21552
29.6704,-90.33,-37.5953,,-5.99899
29.6804,-96.2023,-37.2943,,-5.76521
29.6903,-101.834,-36.9551,,-5.52016
29.7003,-107.21,-36.5796,,-5.25637
29.7103,-112.317,-36.1786,,-4.98353
29.7203,-117.145,-35.739,,-4.6986
29.7304,-121.682,-35.2402,,-4.40262
29.7404,-125.914,-34.7196,,-4.09085
29.7503,-129.828,-34.1338,,-3.76988
29.7603,-133.42,-33.5193,,-3.44362
29.7703,-136.68,-32.81,,-3.10807
29.7803,-139.598,-32.0736,,-2.76207
29.7903,-142.167,-31.2356,,-2.40847
29.8004,-144.378,-30.2992,,-2.05031
29.8103,-146.23,-29.2834,,-1.68867
29.8203,-147.716,-28.142,,-1.31872
29.8303,-148.831,-26.838,,-0.949938
29.8403,-149.576,-25.365,,-0.5753
29.8503,-149.946,-23.6684,,-0.202956
29.8604,-149.942,-21.7112,,0.17269
29.8703,-149.565,-19.4352,,0.545842
29.8803,-148.814,-16.7993,,0.919077
29.8903,-147.691,-13.7876,,1.28965
29.9003,-146.198,-10.3793,,1.65829
29.9103,-144.339,-6.69424,,2.02066
29.9204,-142.121,-2.83475,,2.38086
29.9304,-139.547,1.06311,,2.73141
29.9403,-136.624,4.84854,,3.07768
29.9503,-133.358,8.44783,,3.41788
29.9603,-129.758,11.803,,3.74696
29.9703,-125.836,14.907,,4.06473
29.9804,-121.6,17.7528,,4.37516
29.9904,-117.058,20.3584,,4.6777
30.0003,-112.221,22.7381,,4.96384
30.0103,-107.107,24.8731,,5.2365
30.0203,-101.725,26.8004,,5.49841
30.0303,-96.0887,28.5176,,5.74649
30.0403,-90.2128,30.0312,,5.98073
30.0504,-84.11,31.3664,,6.19942
30.0603,-77.7979,32.526,,6.40289
30.0703,-71.2905,33.5582,,6.58947
30.0803,-64.6054,34.4418,,6.76119
30.0903,-57.7586,35.2176,,6.91518
30.1003,-50.767,35.8791,,7.05089
30.1104,-43.6502,36.4455,,7.16906
30.1203,-36.4235,36.9218,,7.27009
30.1303,-29.1061,37.3343,,7.35372
30.1403,-21.7156,37.683,,7.41773
30.1503,-14.2711,37.9634,,7.46366
30.1603,-6.79073,38.1955,,7.49114
30.1704,0.706709,38.3713,,7.49969
30.1804,8.20215,38.5041,,7.48923
30.1903,15.677,38.5935,,7.46047
30.2003,23.1131,38.6416,,7.41315
30.2103,30.4913,38.6555,,7.34691
30.2203,37.7929,38.6304,,7.26184
30.2304,44.9997,38.5802,,7.15902
30.2404,52.0952,38.4813,,7.04077
30.2503,59.0594,38.3637,,6.89983
30.2603,65.8756,38.2085,,6.74554
30.2703,72.5289,38.0161,,6.57506
30.2803,79.001,37.8064,,6.38479
30.2903,85.2743,37.5678,,6.18084
30.3004,91.3366,37.2973,,5.96091
30.3103,97.1675,36.9757,,5.72407
30.3203,102.757,36.6344,,5.47668
30.3303,108.089,36.2487,,5.21208
30.3403,113.149,35.8285,,4.93624
30.3503,117.931,35.3825,,4.65058
30.3604,122.416,34.8985,,4.34761
30.3703,126.593,34.3736,,4.03857
30.3803,130.457,33.7771,,3.7176
30.3903,133.992,33.1429,,3.386
30.4003,137.194,32.425,,3.05062
30.4103,140.054,31.6527,,2.6999
30.4204,142.561,30.8075,,2.34999
30.4304,144.714,29.8758,,1.99055
30.4403,146.504,28.8265,,1.62674
30.4503,147.93,27.6651,,1.25962
30.4603,148.985,26.3303,,0.887948
30.4703,149.666,24.8218,,0.510966
30.4804,149.973,23.0757,,0.141168
30.4904,149.908,21.0699,,-0.234015
30.5003,149.468,18.7339,,-0.609824
30.5103,148.652,16.0365,,-0.983433
30.5203,147.465,12.9514,,-1.35335
30.5303,145.91,9.50436,,-1.71955
30.5403,143.99,5.75984,,-2.08196
30.5504,141.711,1.87809,,-2.43964
30.5603,139.078,-2.00118,,-2.79172
30.5703,136.095,-5.76317,,-3.13676
30.5803,132.775,-9.31855,,-3.47017
30.5903,129.122,-12.6309,,-3.80067
30.6003,125.144,-15.6996,,-4.11999
30.6104,120.855,-18.5199,,-4.42874
30.6203,116.26,-21.0883,,-4.72526
30.6303,111.38,-23.4204,,-5.00698
30.6403,106.222,-25.5253,,-5.28169
30.6503,100.795,-27.4073,,-5.54292
30.6603,95.1157,-29.0823,,-5.78826
30.6704,89.1997,-30.5733,,-6.01737
30.6804,83.0634,-31.8827,,-6.23364
30.6903,76.7171,-33.0284,,-6.43575
30.7003,70.1783,-34.0284,,-6.62003
30.7103,63.4646,-34.8845,,-6.78749
30.7203,56.5933,-35.6458,,-6.93761
30.7304,49.5804,-36.2874,,-7.07156
30.7404,42.4428,-36.8491,,-7.18897
30.7503,35.1999,-37.3184,,-7.28499
30.7603,27.8684,-37.7152,,-7.36612
30.7703,20.4674,-38.0466,,-7.42691
30.7803,13.0153,-38.3152,,-7.46999
30.7903,5.53064,-38.5399,,-7.49381
30.8004,-1.96765,-38.7087,,-7.49907
30.8103,-9.46101,-38.829,,-7.486
30.8203,-16.9306,-38.9136,,-7.45353
30.8303,-24.3584,-38.9585,,-7.40367
30.8403,-31.7249,-38.9615,,-7.33387
30.8503,-39.0122,-38.9346,,-7.24699
30.8604,-46.202,-38.8675,,-7.1404
30.8703,-53.2761,-38.7753,,-7.01757
30.8803,-60.2168,-38.6424,,-6.87499
30.8903,-67.0064,-38.4848,,-6.71728
30.9003,-73.6301,-38.2973,,-6.54419
30.9103,-80.0706,-38.0737,,-6.3528
30.9204,-86.3093,-37.8259,,-6.14358
30.9304,-92.3327,-37.5443,,-5.92276
30.9403,-98.1243,-37.2285,,-5.68234
30.9503,-103.67,-36.8714,,-5.43142
30.9603,-108.958,-36.4914,,-5.16851
30.9703,-113.973,-36.0662,,-4.8889
30.9804,-118.704,-35.6132,,-4.59944
30.9904,-123.139,-35.1094,,-4.2995
31.0003,-127.266,-34.5711,,-3.98278
31.0103,-131.073,-33.9746,,-3.66256
31.0203,-134.555,-33.3206,,-3.33117
31.0303,-137.698,-32.6016,,-2.99084
31.0403,-140.501,-31.8263,,-2.64654
31.0504,-142.95,-30.9574,,-2.28694
31.0603,-145.04,-30.0102,,-1.92896
31.0703,-146.769,-28.9494,,-1.56418
31.0803,-148.13,-27.7571,,-1.1951
31.0903,-149.123,-26.3914,,-0.826497
31.1003,-149.744,-24.8453,,-0.451856
31.1104,-149.989,-23.0676,,-0.0758016
31.1203,-149.86,-21.0034,,0.295608
31.1303,-149.358,-18.6018,,0.67163
31.1403,-148.478,-15.8483,,1.04866
31.1503,-147.23,-12.6879,,1.41151
31.1603,-145.614,-9.17421,,1.78324
31.1704,-143.632,-5.40132,,2.14224
31.1804,-141.294,-1.51167,,2.49855
31.1903,-138.601,2.36088,,2.85153
31.2003,-135.561,6.09377,,3.19291
31.2103,-132.183,9.61298,,3.52891
31.2203,-128.475,12.9012,,3.8532
31.2304,-124.446,15.9237,,4.17178
31.2404,-120.104,18.6963,,4.47783
31.2503,-115.464,21.2325,,4.77374
31.2603,-110.532,23.5282,,5.05823
31.2703,-105.324,25.5849,,5.32684
31.2803,-99.8565,27.448,,5.58105
31.2903,-94.1382,29.0854,,5.8293
31.3004,-88.1836,30.5493,,6.05374
31.3103,-82.0104,31.829,,6.27058
31.3203,-75.6292,32.9543,,6.46791
31.3303,-69.0604,33.9231,,6.64868
31.3403,-62.3203,34.7711,,6.81361
31.3503,-55.4231,35.4981,,6.96246
31.3604,-48.3875,36.1391,,7.09223
31.3703,-41.2326,36.6591,,7.20409
31.3803,-33.9733,37.1313,,7.30205
31.3903,-26.6278,37.5164,,7.37815
31.4003,-19.2168,37.8328,,7.43512
31.4103,-11.7586,38.0936,,7.47502
31.4204,-4.27047,38.311,,7.496
31.4304,3.22854,38.4659,,7.49845
31.4403,10.7192,38.5864,,7.48183
31.4503,18.1831,38.6647,,7.44654
31.4603,25.6016,38.6996,,7.39284
31.4703,32.9559,38.6915,,7.32024
31.4804,40.2278,38.6622,,7.22945
31.4904,47.3995,38.5946,,7.12185
31.5003,54.453,38.4862,,6.99425
31.5103,61.3698,38.3581,,6.85115
31.5203,68.1338,38.1964,,6.69016
31.5303,74.727,37.9968,,6.51121
31.5403,81.1327,37.7672,,6.31758
31.5504,87.3358,37.5223,,6.10829
31.5603,93.3214,37.2324,,5.88158
31.5703,99.0735,36.9036,,5.64389
31.5803,104.578,36.5559,,5.38873
31.5903,109.821,36.1636,,5.12072
31.6003,114.789,35.7243,,4.84165
31.6104,119.472,35.2639,,4.55152
31.6203,123.856,34.7612,,4.24589
31.6303,127.929,34.204,,3.92984
31.6403,131.682,33.5997,,3.60758
31.6503,135.107,32.9451,,3.27336
31.6603,138.194,32.2245,,2.93417
31.6704,140.937,31.4192,,2.58477
31.6804,143.326,30.5508,,2.22807
31.6903,145.356,29.5709,,1.86802
31.7003,147.024,28.477,,1.50319
31.7103,148.324,27.2521,,1.13372
31.7203,149.254,25.8795,,0.762439
31.7304,149.811,24.2964,,0.389812
31.7404,149.995,22.4678,,0.0122458
31.7503,149.8,20.366,,-0.361686
31.7603,149.233,17.9027,,-0.734399
31.7703,148.295,15.0561,,-1.10547
31.7803,146.985,11.8324,,-1.47666
31.7903,145.305,8.28497,,-1.8442
31.8004,143.265,4.46361,,-2.20103
31.8103,140.866,0.570836,,-2.56078
31.8203,138.113,-3.28316,,-2.90792
31.8303,135.018,-6.98606,,-3.24883
31.8403,131.582,-10.4818,,-3.58612
31.8503,127.819,-13.7167,,-3.90822
31.8604,123.734,-16.6976,,-4.22583
31.8703,119.341,-19.4454,,-4.52949
31.8803,114.651,-21.9361,,-4.8197
31.8903,109.676,-24.1936,,-5.10036
31.9003,104.425,-26.2244,,-5.37118
31.9103,98.9124,-28.0373,,-5.6262
31.9204,93.1538,-29.6519,,-5.8656
31.9304,87.1621,-31.0754,,-6.09328
31.9403,80.9499,-32.3413,,-6.30568
31.9503,74.5364,-33.4328,,-6.4998
31.9603,67.9378,-34.388,,-6.67775
31.9703,61.1695,-35.2167,,-6.84008
31.9804,54.2486,-35.9233,,-6.98433
31.9904,47.1926,-36.544,,-7.1117
32.0003,40.0188,-37.0593,,-7.22229
32.0103,32.743,-37.5068,,-7.31601
32.0203,25.3858,-37.8804,,-7.38853
32.0303,17.9656,-38.189,,-7.44314
32.0403,10.5009,-38.4538,,-7.47998
32.0504,3.00981,-38.6512,,-7.49758
32.0603,-4.48902,-38.8096,,-7.49682
32.0703,-11.9765,-38.915,,-7.47702
32.0803,-19.434,-38.9765,,-7.43922
32.0903,-26.843,-39.0107,,-7.38154
32.1003,-34.1855,-38.9955,,-7.30719
32.1104,-41.4419,-38.9602,,-7.21165
32.1203,-48.5938,-38.8856,,-7.10164
32.1303,-55.6262,-38.7798,,-6.97204
32.1403,-62.5182,-38.6415,,-6.82442
32.1503,-69.2536,-38.4687,,-6.66135
32.1603,-75.817,-38.2719,,-6.48005
32.1704,-82.1902,-38.0329,,-6.28412
32.1804,-88.3585,-37.7781,,-6.07085
32.1903,-94.3065,-37.4734,,-5.84462
32.2003,-100.018,-37.148,,-5.60056
32.2103,-105.479,-36.7871,,-5.34484
32.2203,-110.677,-36.3961,,-5.07606
32.2304,-115.599,-35.9643,,-4.79255
32.2404,-120.231,-35.4864,,-4.49915
32.2503,-124.563,-34.9815,,-4.19457
32.2603,-128.584,-34.401,,-3.87782
32.2703,-132.284,-33.7984,,-3.55188
32.2803,-135.651,-33.1246,,-3.21551
32.2903,-138.679,-32.3875,,-2.87448
32.3004,-141.363,-31.5864,,-2.52551
32.3103,-143.692,-30.6844,,-2.16766
32.3203,-145.661,-29.7006,,-1.80663
32.3303,-147.268,-28.5953,,-1.44219
32.3403,-148.506,-27.3407,,-1.07083
32.3503,-149.373,-25.928,,-0.700013
32.3604,-149.868,-24.3077,,-0.327221
32.3703,-149.989,-22.4341,,0.0480479
32.3803,-149.733,-20.2672,,0.425213
32.3903,-149.102,-17.7458,,0.800054
32.4003,-148.097,-14.8412,,1.16982
32.4103,-146.727,-11.5516,,1.53643
32.4204,-144.987,-7.92841,,1.90537
32.4304,-142.885,-4.10965,,2.26228
32.4403,-140.426,-0.207434,,2.61807
32.4503,-137.617,3.64294,,2.96539
32.4603,-134.463,7.31174,,3.30778
32.4703,-130.97,10.7752,,3.64115
32.4804,-127.154,13.9717,,3.95887
32.4904,-123.019,16.9174,,4.27732
32.5003,-118.576,19.613,,4.57698
32.5103,-113.837,22.0701,,4.87069
32.5203,-108.812,24.2862,,5.14858
32.5303,-103.514,26.2848,,5.41778
32.5403,-97.9578,28.0689,,5.6677
32.5504,-92.1589,29.6554,,5.90445
32.5603,-86.13,31.0553,,6.12757
32.5703,-79.8865,32.2767,,6.33762
32.5803,-73.4411,33.3494,,6.5309
32.5903,-66.8122,34.2751,,6.70656
32.6003,-60.0168,35.0862,,6.86478
32.6104,-53.072,35.7869,,7.0079
32.6203,-45.9939,36.3754,,7.1328
32.6303,-38.7995,36.8874,,7.24137
32.6403,-31.5099,37.3151,,7.32708
32.6503,-24.1421,37.6792,,7.39896
32.6603,-16.713,37.9856,,7.45059
32.6704,-9.24247,38.2235,,7.48411
32.6804,-1.74871,38.4246,,7.49889
32.6903,5.7494,38.5639,,7.49479
32.7003,13.2332,38.6616,,7.47188
32.7103,20.6838,38.7266,,7.43025
32.7203,28.0825,38.752,,7.37056
32.7304,35.4118,38.7362,,7.29219
32.7404,42.6524,38.6911,,7.19604
32.7503,49.7862,38.6097,,7.08073
32.7603,56.7952,38.5034,,6.9481
32.7703,63.6625,38.3484,,6.79889
32.7803,70.3709,38.1795,,6.63126
32.7903,76.9027,37.9732,,6.44742
32.8004,83.2426,37.7307,,6.25019
32.8103,89.3756,37.4688,,6.03472
32.8203,95.2845,37.1609,,5.80341
32.8303,100.954,36.831,,5.55824
32.8403,106.372,36.4689,,5.30053
32.8503,111.524,36.0708,,5.02931
32.8604,116.397,35.6221,,4.74377
32.8703,120.979,35.1447,,4.44812
32.8803,125.261,34.6167,,4.14273
32.8903,129.228,34.0473,,3.822
32.9003,132.872,33.4182,,3.49711
32.9103,136.184,32.7512,,3.16047
32.9204,139.155,31.9978,,2.81475
32.9304,141.778,31.1764,,2.46515
32.9403,144.048,30.271,,2.10858
32.9503,145.958,29.2556,,1.74649
32.9603,147.502,28.11,,1.379
32.9703,148.679,26.8522,,1.01071
32.9804,149.484,25.4042,,0.636262
32.9904,149.915,23.7432,,0.262023
33.0003,149.97,21.8271,,-0.113103
33.0103,149.651,19.5951,,-0.486174
33.0203,148.96,17.0128,,-0.85992
33.0303,147.895,14.0335,,-1.23171
33.0403,146.461,10.6929,,-1.60012
33.0504,144.661,7.0349,,-1.96262
33.0603,142.5,3.16849,,-2.32394
33.0703,139.979,-0.739425,,-2.67859
33.0803,137.111,-4.56099,,-3.02371
33.0903,133.898,-8.20541,,-3.36571
33.1003,130.351,-11.6141,,-3.69361
33.1104,126.479,-14.773,,-4.01762
33.1203,122.292,-17.6782,,-4.32519
33.1303,117.798,-20.3445,,-4.62839
33.1403,113.008,-22.7553,,-4.91872
33.1503,107.939,-24.943,,-5.19315
33.1603,102.599,-26.9045,,-5.4566
33.1704,97.0035,-28.6597,,-5.70759
33.1804,91.1637,-30.2092,,-5.94711
33.1903,85.0951,-31.5892,,-6.16392
33.2003,78.8157,-32.7747,,-6.37161
33.2103,72.3385,-33.8225,,-6.56136
33.2203,65.6813,-34.7347,,-6.73338
33.2304,58.8596,-35.5145,,-6.89104
33.2404,51.8901,-36.1991,,-7.03139
33.2503,44.7906,-36.7822,,-7.1536
33.2603,37.5796,-37.2805,,-7.25475
33.2703,30.2764,-37.6993,,-7.34077
33.2803,22.897,-38.052,,-7.40852
33.2903,15.4596,-38.3362,,-7.45781
33.3004,7.98355,-38.5681,,-7.48806
33.3103,0.487727,-38.75,,-7.4998
33.3203,-7.0092,-38.8937,,-7.49185
33.3303,-14.4887,-38.9928,,-7.46616
33.3403,-21.9321,-39.0489,,-7.42193
33.3503,-29.3206,-39.0628,,-7.35847
33.3604,-36.6358,-39.0342,,-7.27728
33.3703,-43.8594,-38.9817,,-7.1771
33.3803,-50.9736,-38.8964,,-7.05915
33.3903,-57.9599,-38.7832,,-6.92443
33.4003,-64.8015,-38.634,,-6.77185
33.4103,-71.4821,-38.4541,,-6.60254
33.4204,-77.9826,-38.234,,-6.41519
33.4304,-84.2884,-37.993,,-6.21367
33.4403,-90.3835,-37.7167,,-5.99649
33.4503,-96.2535,-37.4118,,-5.76431
33.4603,-101.882,-37.0813,,-5.51575
33.4703,-107.257,-36.6997,,-5.25747
33.4804,-112.366,-36.3075,,-4.98357
33.4904,-117.19,-35.8445,,-4.69354
33.5003,-121.722,-35.354,,-4.39791
33.5103,-125.95,-34.8333,,-4.08874
33.5203,-129.863,-34.2432,,-3.76675
33.5303,-133.451,-33.6153,,-3.44059
33.5403,-136.707,-32.9196,,-3.10268
33.5504,-139.621,-32.1681,,-2.75894
33.5603,-142.186,-31.3294,,-2.40498
33.5703,-144.395,-30.4031,,-2.04907
33.5803,-146.244,-29.379,,-1.68358
33.5903,-147.726,-28.2278,,-1.31805
33.6003,-148.84,-26.9167,,-0.945145
33.6104,-149.581,-25.4413,,-0.57433
33.6203,-149.95,-23.7386,,-0.201181
33.6303,-149.945,-21.7705,,0.175749
33.6403,-149.562,-19.4913,,0.550817
33.6503,-148.807,-16.8381,,0.922877
33.6603,-147.678,-13.8014,,1.29417
33.6704,-146.183,-10.3812,,1.66141
33.6804,-144.322,-6.67638,,2.02366
33.6903,-142.098,-2.79402,,2.3859
33.7003,-139.521,1.10572,,2.73365
33.7103,-136.595,4.90811,,3.08203
33.7203,-133.326,8.51192,,3.41955
33.7304,-129.725,11.8953,,3.75026
33.7404,-125.797,15.0043,,4.07078
33.7503,-121.557,17.8809,,4.37692
33.7603,-117.014,20.5057,,4.67685
33.7703,-112.178,22.8822,,4.96543
33.7803,-107.06,25.0382,,5.23995
33.7903,-101.677,26.9645,,5.49991
33.8004,-96.0387,28.6739,,5.74834
33.8103,-90.1593,30.2001,,5.98406
33.8203,-84.0534,31.534,,6.20285
33.8303,-77.7391,32.7172,,6.40366
33.8403,-71.2312,33.7258,,6.59129
33.8503,-64.5443,34.6229,,6.76196
33.8604,-57.6969,35.3895,,6.91534
33.8703,-50.7052,36.0437,,7.05173
33.8803,-43.587,36.6104,,7.16961
33.8903,-36.3604,37.0919,,7.27151
33.9003,-29.0409,37.4961,,7.35513
33.9103,-21.6493,37.8411,,7.41882
33.9204,-14.2044,38.1223,,7.46347
33.9304,-6.72392,38.3504,,7.49123
33.9403,0.773408,38.5245,,7.49972
33.9503,8.26864,38.6588,,7.48898
33.9603,15.7434,38.7397,,7.46011
33.9703,23.1786,38.7856,,7.41185
33.9804,30.5562,38.7987,,7.3469
33.9904,37.8571,38.7674,,7.26064
34.0003,45.0633,38.7043,,7.15894
34.0103,52.1575,38.6222,,7.03886
34.0203,59.1209,38.4947,,6.89934
34.0303,65.9366,38.3386,,6.74451
34.0403,72.5878,38.1541,,6.57255
34.0504,79.0574,37.9402,,6.38307
34.0603,85.3303,37.6966,,6.18016
34.0703,91.3894,37.4047,,5.95724
34.0803,97.2176,37.0994,,5.72128
34.0903,102.804,36.7468,,5.47395
34.1003,108.134,36.3768,,5.2113
34.1104,113.197,35.9535,,4.93678
34.1203,117.972,35.5095,,4.64403
34.1303,122.454,35.013,,4.34735
34.1403,126.631,34.4757,,4.03584
34.1503,130.492,33.8783,,3.71384
34.1603,134.023,33.2409,,3.38298
34.1704,137.222,32.539,,3.04588
34.1804,140.077,31.7655,,2.69887
34.1903,142.581,30.9139,,2.34253
34.2003,144.73,29.9792,,1.99139
34.2103,146.519,28.9216,,1.62194
34.2203,147.939,27.7406,,1.25557
34.2304,148.991,26.419,,0.884313
34.2404,149.67,24.899,,0.509656
34.2503,149.974,23.1552,,0.135936
34.2603,149.904,21.1372,,-0.237945
34.2703,149.46,18.7917,,-0.613114
34.2803,148.642,16.0707,,-0.98496
34.2903,147.453,12.9632,,-1.3546
34.3004,145.896,9.51226,,-1.72231
34.3103,143.973,5.75817,,-2.08479
34.3203,141.692,1.85713,,-2.44396
34.3303,139.055,-2.04073,,-2.79299
34.3403,136.07,-5.82795,,-3.141
34.3503,132.744,-9.40242,,-3.47502
34.3604,129.089,-12.7277,,-3.80271
34.3703,125.108,-15.8044,,-4.12279
34.3803,120.816,-18.6367,,-4.4302
34.3903,116.222,-21.2161,,-4.72694
34.4003,111.337,-23.5606,,-5.01282
34.4103,106.173,-25.6758,,-5.28592
34.4204,100.745,-27.5763,,-5.54288
34.4304,95.0647,-29.2602,,-5.78923
34.4403,89.1472,-30.7492,,-6.02102
34.4503,83.0068,-32.056,,-6.23652
34.4603,76.6588,-33.1972,,-6.43679
34.4703,70.118,-34.1981,,-6.62168
34.4804,63.4044,-35.0608,,-6.7873
34.4904,56.5318,-35.8235,,-6.94037
34.5003,49.5169,-36.4672,,-7.07242
34.5103,42.3789,-37.0138,,-7.18949
34.5203,35.1348,-37.4812,,-7.28618
34.5303,27.8024,-37.8709,,-7.36673
34.5403,20.4006,-38.2017,,-7.42807
34.5504,12.9484,-38.4793,,-7.46922
34.5603,5.46408,-38.695,,-7.49367
34.5703,-2.03417,-38.871,,-7.49928
34.5803,-9.52751,-38.9834,,-7.48571
34.5903,-16.9969,-39.0654,,-7.45349
34.6003,-24.4241,-39.0981,,-7.40275
34.6104,-31.79,-39.097,,-7.33327
34.6203,-39.0759,-39.0671,,-7.24492
34.6303,-46.2647,-39.0054,,-7.14057
34.6403,-53.3385,-38.9142,,-7.017
34.6503,-60.2785,-38.7858,,-6.87383
34.6603,-67.0664,-38.6272,,-6.7154
34.6704,-73.6876,-38.4344,,-6.54119
34.6804,-80.1256,-38.2015,,-6.35123
34.6903,-86.3642,-37.9509,,-6.14347
34.7003,-92.3843,-37.6605,,-5.91837
34.7103,-98.1743,-37.3444,,-5.68192
34.7203,-103.719,-36.9972,,-5.43079
34.7304,-109.007,-36.6185,,-5.16875
34.7404,-114.023,-36.1939,,-4.88748
34.7503,-118.748,-35.7325,,-4.59249
34.7603,-123.178,-35.2278,,-4.29537
34.7703,-127.302,-34.6835,,-3.98096
34.7803,-131.105,-34.0824,,-3.65871
34.7903,-134.583,-33.4246,,-3.32734
34.8004,-137.726,-32.7154,,-2.98995
34.8103,-140.522,-31.9354,,-2.63747
34.8203,-142.967,-31.0676,,-2.28636
34.8303,-145.057,-30.1047,,-1.92745
34.8403,-146.784,-29.0448,,-1.56447
34.8503,-148.144,-27.8418,,-1.19114
34.8604,-149.132,-26.4752,,-0.82169
34.8703,-149.748,-24.9232,,-0.448168
34.8803,-149.99,-23.1395,,-0.0713681
34.8903,-149.855,-21.068,,0.302126
34.9003,-149.348,-18.6591,,0.67455
34.9103,-148.469,-15.8786,,1.04671
34.9204,-147.218,-12.7056,,1.41803
34.9304,-145.598,-9.17177,,1.78465
34.9403,-143.613,-5.39745,,2.14792
34.9503,-141.27,-1.48388,,2.5026
34.9603,-138.574,2.40418,,2.85138
34.9703,-135.534,6.15249,,3.19529
34.9804,-132.153,9.70226,,3.53112
34.9904,-128.441,12.9909,,3.85913
35.0003,-124.407,16.0389,,4.17384
35.0103,-120.064,18.8282,,4.48123
35.0203,-115.416,21.3715,,4.77826
35.0303,-110.486,23.677,,5.05692
35.0403,-105.278,25.7496,,5.32899
35.0504,-99.8053,27.6069,,5.58756
35.0603,-94.0842,29.2632,,5.82916
35.0703,-88.1278,30.7225,,6.05803
35.0803,-81.9523,32.0128,,6.26976
35.0903,-75.5715,33.1227,,6.46853
35.1003,-69.0022,34.1025,,6.64921
35.1104,-62.2594,34.9463,,6.81658
35.1203,-55.3614,35.6725,,6.96313
35.1303,-48.3241,36.3054,,7.09433
35.1403,-41.1674,36.8395,,7.20667
35.1503,-33.907,37.3015,,7.30118
35.1603,-26.5621,37.6777,,7.37768
35.1704,-19.1507,37.9913,,7.4362
35.1804,-11.6917,38.2607,,7.47497
35.1903,-4.20365,38.4562,,7.49621
35.2003,3.29508,38.6249,,7.49807
35.2103,10.7856,38.7425,,7.48172
35.2203,18.2492,38.8137,,7.44598
35.2304,25.6667,38.8391,,7.39137
35.2404,33.0201,38.8427,,7.32041
35.2503,40.2919,38.8005,,7.22896
35.2603,47.4633,38.7353,,7.12122
35.2703,54.5153,38.6334,,6.99277
35.2803,61.4311,38.4942,,6.84939
35.2903,68.1933,38.3326,,6.68851
35.3004,74.7842,38.1226,,6.50922
35.3103,81.1886,37.9058,,6.31657
35.3203,87.3909,37.643,,6.1062
35.3303,93.373,37.3562,,5.87951
35.3403,99.1236,37.0321,,5.64162
35.3503,104.626,36.6813,,5.38643
35.3604,109.868,36.2866,,5.12325
35.3703,114.837,35.8511,,4.83788
35.3803,119.513,35.3807,,4.54455
35.3903,123.893,34.8755,,4.24298
35.4003,127.964,34.3249,,3.9291
35.4103,131.715,33.7158,,3.60358
35.4204,135.136,33.0597,,3.27063
35.4304,138.219,32.3305,,2.92818
35.4403,140.959,31.5291,,2.58455
35.4503,143.346,30.6417,,2.22494
35.4603,145.373,29.6772,,1.86504
35.4703,147.038,28.5683,,1.49919
35.4804,148.334,27.3531,,1.12989
35.4904,149.26,25.9663,,0.758372
35.5003,149.814,24.3825,,0.386805
35.5103,149.994,22.5365,,9.48E-03
35.5203,149.797,20.4131,,-3.64E-01
35.5303,149.228,17.9413,,-0.737016
35.5403,148.285,15.0896,,-1.11113
35.5504,146.969,11.8638,,-1.48136
35.5603,145.29,8.2868,,-1.84318
35.5703,143.247,4.46439,,-2.20438
35.5803,140.844,0.541781,,-2.5638
35.5903,138.089,-3.34033,,-2.91177
35.6003,134.989,-7.05919,,-3.25284
35.6104,131.551,-10.5729,,-3.58727
35.6203,127.785,-13.8186,,-3.91198
35.6303,123.698,-16.8213,,-4.22686
35.6403,119.303,-19.5728,,-4.53213
35.6503,114.611,-22.0736,,-4.8225
35.6603,109.631,-24.3384,,-5.10686
35.6704,104.376,-26.3889,,-5.37292
35.6804,98.861,-28.2126,,-5.62929
35.6903,93.0983,-29.8287,,-5.86977
35.7003,87.1057,-31.2684,,-6.09111
35.7103,80.8955,-32.5172,,-6.30539
35.7203,74.4808,-33.6162,,-6.50135
35.7304,67.8798,-34.5569,,-6.68021
35.7404,61.1096,-35.391,,-6.84209
35.7503,54.1866,-36.0948,,-6.98685
35.7603,47.128,-36.7208,,-7.11414
35.7703,39.9522,-37.2333,,-7.22346
35.7803,32.6771,-37.6818,,-7.31452
35.7903,25.3206,-38.0525,,-7.38844
35.8004,17.8996,-38.3516,,-7.4443
35.8103,10.4343,-38.6052,,-7.4801
35.8203,2.94309,-38.8018,,-7.49765
35.8303,-4.55568,-38.9538,,-7.4966
35.8403,-12.0429,-39.0586,,-7.47714
35.8503,-19.5,-39.1358,,-7.43827
35.8604,-26.9088,-39.1568,,-7.38168
35.8703,-34.2504,-39.1459,,-7.30625
35.8803,-41.5061,-39.0998,,-7.21098
35.8903,-48.6572,-39.022,,-7.09946
35.9003,-55.6877,-38.9169,,-6.97102
35.9103,-62.579,-38.7766,,-6.82406
35.9204,-69.3129,-38.6075,,-6.65886
35.9304,-75.8739,-38.4086,,-6.47821
35.9403,-82.2463,-38.1692,,-6.28179
35.9503,-88.4122,-37.9013,,-6.07009
35.9603,-94.3574,-37.6111,,-5.84031
35.9703,-100.067,-37.2676,,-5.60076
35.9804,-105.526,-36.9226,,-5.34195
35.9904,-110.721,-36.5257,,-5.06977
36.0003,-115.637,-36.0875,,-4.79254
36.0103,-120.27,-35.6133,,-4.49798
36.0203,-124.6,-35.0899,,-4.19146
36.0303,-128.617,-34.5279,,-3.87306
36.0403,-132.313,-33.9128,,-3.54925
36.0504,-135.678,-33.2376,,-3.21367
36.0603,-138.705,-32.5006,,-2.87237
36.0703,-141.383,-31.6972,,-2.51988
36.0803,-143.709,-30.7988,,-2.16643
36.0903,-145.678,-29.7969,,-1.80517
36.1003,-147.281,-28.6908,,-1.43868
36.1104,-148.517,-27.4378,,-1.0678
36.1203,-149.38,-26.0101,,-0.695212
36.1303,-149.869,-24.3824,,-0.321357
36.1403,-149.986,-22.5081,,0.0503924
36.1503,-149.728,-20.3238,,0.428542
36.1603,-149.095,-17.7896,,0.799922
36.1704,-148.09,-14.8749,,1.17323
36.1804,-146.713,-11.5762,,1.54162
36.1903,-144.972,-7.93309,,1.90586
36.2003,-142.865,-4.09671,,2.26747
36.2103,-140.403,-0.168612,,2.6217
36.2203,-137.59,3.70011,,2.96794
36.2304,-134.434,7.38385,,3.30987
36.2404,-130.939,10.8619,,3.64309
36.2503,-127.119,14.0727,,3.96537
36.2603,-122.979,17.0324,,4.27883
36.2703,-118.534,19.7474,,4.58244
36.2803,-113.79,22.2141,,4.8723
36.2903,-108.764,24.4393,,5.15123
36.3004,-103.467,26.4495,,5.41479
36.3103,-97.911,28.2369,,5.66924
36.3203,-92.1102,29.83,,5.90624
36.3303,-86.0777,31.2339,,6.13379
36.3403,-79.8283,32.4575,,6.34117
36.3503,-73.3818,33.5272,,6.53115
36.3604,-66.7524,34.4624,,6.70717
36.3703,-59.956,35.2543,,6.86659
36.3803,-53.0091,35.9534,,7.00945
36.3903,-45.9302,36.5425,,7.13402
36.4003,-38.7349,37.052,,7.2414
36.4103,-31.4451,37.483,,7.32747
36.4204,-24.0764,37.8445,,7.39982
36.4304,-16.647,38.1527,,7.45084
36.4403,-9.17604,38.3881,,7.48464
36.4503,-1.6822,38.5706,,7.49881
36.4603,5.81593,38.7174,,7.49459
36.4703,13.2995,38.8125,,7.47177
36.4804,20.75,38.873,,7.43043
36.4904,28.1487,38.8966,,7.36977
36.5003,35.4766,38.8827,,7.29067
36.5103,42.7154,38.8318,,7.19442
36.5203,49.8481,38.7546,,7.07957
36.5303,56.8562,38.6423,,6.94705
36.5403,63.7227,38.4801,,6.79847
36.5504,70.4301,38.307,,6.62986
36.5603,76.9603,38.0998,,6.44584
36.5703,83.297,37.8693,,6.24503
36.5803,89.4269,37.5972,,6.03362
36.5903,95.3343,37.3059,,5.80297
36.6003,101.003,36.9589,,5.55559
36.6104,106.418,36.5909,,5.2991
36.6203,111.569,36.1874,,5.0263
36.6303,116.439,35.7377,,4.74172
36.6403,121.019,35.2655,,4.44587
36.6503,125.297,34.7363,,4.13857
36.6603,129.261,34.1704,,3.81963
36.6704,132.902,33.5472,,3.49248
36.6804,136.211,32.8459,,3.15994
36.6903,139.182,32.1083,,2.81413
36.7003,141.803,31.2774,,2.46085
36.7103,144.067,30.371,,2.1034
36.7203,145.973,29.3574,,1.74421
36.7304,147.516,28.221,,1.37688
36.7404,148.688,26.943,,1.00344
36.7503,149.487,25.482,,0.633194
36.7603,149.916,23.8175,,0.261785
36.7703,149.971,21.8844,,-0.115483
36.7803,149.649,19.6501,,-0.490726
36.7903,148.952,17.052,,-0.864786
36.8004,147.883,14.0705,,-1.23576
36.8103,146.445,10.7137,,-1.6032
36.8203,144.642,7.03026,,-1.96509
36.8303,142.479,3.15164,,-2.32632
36.8403,139.955,-0.789886,,-2.68161
36.8503,137.084,-4.6248,,-3.02798
36.8604,133.869,-8.28826,,-3.365
36.8703,130.322,-11.7101,,-3.6968
36.8803,126.446,-14.8791,,-4.02031
36.8903,122.255,-17.8024,,-4.3289
36.9003,117.759,-20.4751,,-4.63083
36.9103,112.967,-22.9066,,-4.92189
36.9204,107.893,-25.102,,-5.19703
36.9304,102.55,-27.0783,,-5.45931
36.9403,96.9519,-28.8412,,-5.71086
36.9503,91.1105,-30.3903,,-5.94647
36.9603,85.0417,-31.7607,,-6.16676
36.9703,78.7595,-32.9618,,-6.37294
36.9804,72.2804,-34.0053,,-6.56344
36.9904,65.6214,-34.9129,,-6.73549
37.0003,58.798,-35.697,,-6.8918
37.0103,51.8276,-36.3817,,-7.0323
37.0203,44.7279,-36.9622,,-7.15317
37.0303,37.5171,-37.4453,,-7.25546
37.0403,30.212,-37.8649,,-7.34296
37.0504,22.8311,-38.2142,,-7.40946
37.0603,15.3933,-38.5034,,-7.45798
37.0703,7.91716,-38.7385,,-7.4883
37.0803,0.421168,-38.9191,,-7.4996
37.0903,-7.07578,-39.0502,,-7.49214
37.1003,-14.555,-39.1381,,-7.46571
37.1104,-21.9981,-39.1886,,-7.42161
37.1203,-29.3858,-39.2105,,-7.35733
37.1303,-36.7002,-39.1889,,-7.27669
37.1403,-43.9231,-39.1412,,-7.17601
37.1503,-51.0357,-39.0446,,-7.05854
37.1603,-58.0217,-38.93,,-6.9228
37.1704,-64.8614,-38.769,,-6.76964
37.1804,-71.5396,-38.5798,,-6.60074
37.1903,-78.0396,-38.3749,,-6.41494
37.2003,-84.343,-38.132,,-6.21088
37.2103,-90.436,-37.8588,,-5.9943
37.2203,-96.3042,-37.5505,,-5.76256
37.2304,-101.931,-37.2171,,-5.51374
37.2404,-107.303,-36.8309,,-5.25317
37.2503,-112.406,-36.4194,,-4.9797
37.2603,-117.229,-35.9711,,-4.69294
37.2703,-121.76,-35.4866,,-4.39687
37.2803,-125.986,-34.9551,,-4.08263
37.2903,-129.895,-34.3692,,-3.76857
37.3004,-133.484,-33.7392,,-3.43715
37.3103,-136.735,-33.0363,,-3.09893
37.3203,-139.644,-32.2785,,-2.75228
37.3303,-142.205,-31.4332,,-2.4037
37.3403,-144.413,-30.5052,,-2.04685
37.3503,-146.259,-29.4795,,-1.6808
37.3604,-147.738,-28.3263,,-1.31349
37.3703,-148.848,-27.0114,,-0.943841
37.3803,-149.587,-25.5261,,-0.570555
37.3903,-149.952,-23.8111,,-0.197942
37.4003,-149.942,-21.8331,,0.180735
37.4103,-149.557,-19.5436,,0.553143
37.4204,-148.798,-16.88,,0.924893
37.4304,-147.668,-13.8366,,1.2986
37.4403,-146.167,-10.4002,,1.66576
37.4503,-144.303,-6.67018,,2.02656
37.4603,-142.077,-2.77458,,2.38774
37.4703,-139.497,1.15557,,2.73719
37.4804,-136.568,4.97581,,3.08507
37.4904,-133.295,8.60047,,3.42351
37.5003,-129.691,11.9819,,3.75138
37.5103,-125.762,15.126,,4.07231
37.5203,-121.519,18.0049,,4.38163
37.5303,-116.975,20.6321,,4.67456
37.5403,-112.137,23.0348,,4.97256
37.5504,-107.013,25.1991,,5.24317
37.5603,-101.627,27.134,,5.50112
37.5703,-95.9866,28.8478,,5.75322
37.5803,-90.104,30.3757,,5.98555
37.5903,-83.9987,31.7196,,6.20109
37.6003,-77.6832,32.8865,,6.40703
37.6104,-71.172,33.9146,,6.59404
37.6203,-64.4841,34.8056,,6.7623
37.6303,-57.6353,35.5649,,6.91715
37.6403,-50.6419,36.2221,,7.05353
37.6503,-43.5237,36.7889,,7.16961
37.6603,-36.2958,37.2663,,7.27228
37.6704,-28.9755,37.6741,,7.35598
37.6804,-21.5836,38.0117,,7.41892
37.6903,-14.1382,38.2841,,7.46432
37.7003,-6.65751,38.5004,,7.49104
37.7103,0.839926,38.683,,7.4998
37.7203,8.33521,38.8051,,7.48896
37.7304,15.8096,38.8967,,7.45968
37.7404,23.2446,38.947,,7.41172
37.7503,30.6215,38.955,,7.34604
37.7603,37.9219,38.9242,,7.26052
37.7703,45.1274,38.8525,,7.15747
37.7803,52.2203,38.7657,,7.03763
37.7903,59.1824,38.6342,,6.89796
37.8004,65.9971,38.4772,,6.74342
37.8103,72.6465,38.3024,,6.57044
37.8203,79.1137,38.0814,,6.38153
37.8303,85.3844,37.8298,,6.176
37.8403,91.4418,37.5517,,5.95862
37.8503,97.2703,37.2303,,5.71989
37.8604,102.854,36.8789,,5.4711
37.8703,108.181,36.5049,,5.2065
37.8803,113.237,36.0924,,4.93132
37.8903,118.012,35.627,,4.646
37.9003,122.493,35.1446,,4.34275
37.9103,126.665,34.5991,,4.03084
37.9204,130.521,34.0029,,3.71334
37.9304,134.054,33.3554,,3.38276
37.9403,137.249,32.6564,,3.03987
37.9503,140.101,31.8792,,2.69829
37.9603,142.603,31.0274,,2.33965
37.9703,144.747,30.0877,,1.98467
37.9804,146.533,29.0242,,1.62161
37.9904,147.952,27.8337,,1.25182
38.0003,148.999,26.5101,,0.878514
38.0103,149.673,24.9818,,0.508088
38.0203,149.977,23.2308,,0.135127
38.0303,149.904,21.206,,-0.242243
38.0403,149.457,18.8544,,-0.615764
38.0504,148.634,16.122,,-0.990161
38.0603,147.44,12.9859,,-1.36024
38.0703,145.879,9.5213,,-1.72489
38.0803,143.954,5.7387,,-2.08856
38.0903,141.669,1.82544,,-2.44572
38.1003,139.028,-2.08921,,-2.79887
38.1104,136.039,-5.88259,,-3.14168
38.1203,132.713,-9.48182,,-3.47797
38.1303,129.052,-12.8265,,-3.80819
38.1403,125.069,-15.9267,,-4.1242
38.1503,120.776,-18.7645,,-4.4313
38.1603,116.18,-21.3651,,-4.7301
38.1704,111.291,-23.7159,,-5.01493
38.1804,106.126,-25.8417,,-5.28628
38.1903,100.696,-27.7417,,-5.54669
38.2003,95.0139,-29.4347,,-5.79034
38.2103,89.0942,-30.9206,,-6.02272
38.2203,82.9514,-32.239,,-6.23983
38.2304,76.6007,-33.377,,-6.4378
38.2404,70.0603,-34.3869,,-6.62233
38.2503,63.3444,-35.248,,-6.79049
38.2603,56.4693,-36.0013,,-6.94119
38.2703,49.4533,-36.6469,,-7.07427
38.2803,42.3145,-37.1922,,-7.18964
38.2903,35.0693,-37.6553,,-7.28761
38.3004,27.7368,-38.0334,,-7.36605
38.3103,20.3351,-38.3716,,-7.42828
38.3203,12.8824,-38.636,,-7.46989
38.3303,5.39782,-38.8577,,-7.49367
38.3403,-2.10075,-39.0237,,-7.49972
38.3503,-9.59411,-39.1465,,-7.48556
38.3604,-17.0633,-39.2174,,-7.453
38.3703,-24.4894,-39.2574,,-7.4013
38.3803,-31.8544,-39.2545,,-7.33331
38.3903,-39.1405,-39.2178,,-7.24468
38.4003,-46.3281,-39.1508,,-7.13892
38.4103,-53.401,-39.0544,,-7.01581
38.4204,-60.3392,-38.9235,,-6.87251
38.4304,-67.1261,-38.7674,,-6.71386
38.4403,-73.7459,-38.5695,,-6.54037
38.4503,-80.1816,-38.3508,,-6.34801
38.4603,-86.4166,-38.0941,,-6.14024
38.4703,-92.4376,-37.8055,,-5.92073
38.4804,-98.2267,-37.48,,-5.67878
38.4904,-103.767,-37.1226,,-5.4267
38.5003,-109.05,-36.749,,-5.16284
38.5103,-114.061,-36.316,,-4.88538
38.5203,-118.787,-35.8618,,-4.59281
38.5303,-123.216,-35.3574,,-4.29277
38.5403,-127.337,-34.8011,,-3.97875
38.5504,-131.139,-34.2037,,-3.65705
38.5603,-134.614,-33.5501,,-3.32386
38.5703,-137.752,-32.8316,,-2.98521
38.5803,-140.546,-32.052,,-2.63666
38.5903,-142.988,-31.1822,,-2.28186
38.6003,-145.073,-30.2062,,-1.9246
38.6104,-146.797,-29.1423,,-1.5574
38.6203,-148.152,-27.9299,,-1.18928
38.6303,-149.138,-26.5597,,-0.819451
38.6403,-149.751,-25.0058,,-0.44448
38.6503,-149.99,-23.2201,,-0.0699719
38.6603,-149.855,-21.1381,,0.303596
38.6704,-149.343,-18.7144,,0.680111
38.6804,-148.46,-15.9145,,1.05064
38.6903,-147.205,-12.7256,,1.42139
38.7003,-145.582,-9.17006,,1.78714
38.7103,-143.596,-5.38067,,2.14783
38.7203,-141.251,-1.44974,,2.50452
38.7304,-138.552,2.45025,,2.85832
38.7404,-135.505,6.22247,,3.19998
38.7503,-132.12,9.77938,,3.53455
38.7603,-128.406,13.0972,,3.85942
38.7703,-124.371,16.1612,,4.17866
38.7803,-120.023,18.9656,,4.4826
38.7903,-115.379,21.5172,,4.77717
38.8004,-110.443,23.8333,,5.06312
38.8103,-105.231,25.918,,5.33177
38.8203,-99.7569,27.781,,5.58786
38.8303,-94.0345,29.4426,,5.8308
38.8403,-88.0755,30.9042,,6.06108
38.8503,-81.8974,32.1977,,6.27245
38.8604,-75.5153,33.3179,,6.46943
38.8703,-68.9436,34.2831,,6.65224
38.8803,-62.1992,35.1343,,6.81788
38.8903,-55.2986,35.8578,,6.96513
38.9003,-48.2607,36.4762,,7.09546
38.9103,-41.1009,37.0149,,7.20839
38.9204,-33.8415,37.4692,,7.30036
38.9304,-26.4967,37.8505,,7.37783
38.9403,-19.0851,38.1719,,7.43622
38.9503,-11.6258,38.4207,,7.47602
38.9603,-4.13707,38.6353,,7.49625
38.9703,3.36171,38.7815,,7.49812
38.9804,10.852,38.8965,,7.48118
38.9904,18.3154,38.9633,,7.446
39.0003,25.7328,39.0045,,7.39181
39.0103,33.0867,38.99,,7.31954
39.0203,40.3566,38.9603,,7.22744
39.0303,47.5258,38.8853,,7.11877
39.0403,54.5772,38.7795,,6.99286
39.0504,61.4921,38.6412,,6.84845
39.0603,68.2523,38.469,,6.68588
39.0703,74.8428,38.2773,,6.50915
39.0803,81.2447,38.0453,,6.31208
39.0903,87.4445,37.7928,,6.10602
39.1003,93.4257,37.492,,5.8775
39.1104,99.1748,37.1694,,5.64088
39.1203,104.675,36.8056,,5.38357
39.1303,109.913,36.4126,,5.11653
39.1403,114.877,35.9826,,4.83723
39.1503,119.553,35.524,,4.54384
39.1603,123.929,35.0084,,4.2368
39.1704,127.997,34.4542,,3.92852
39.1804,131.746,33.8306,,3.60018
39.1903,135.164,33.1681,,3.26815
39.2003,138.246,32.4429,,2.9277
39.2103,140.983,31.6324,,2.58
39.2203,143.366,30.771,,2.22097
39.2304,145.39,29.7841,,1.86127
39.2404,147.05,28.6814,,1.4974
39.2503,148.344,27.447,,1.12629
39.2603,149.267,26.0566,,0.756006
39.2703,149.818,24.4578,,0.382256
39.2803,149.993,22.6094,,4.93E-03
39.2903,149.794,20.4719,,-3.66E-01
39.3004,149.221,18.0048,,-0.741755
39.3103,148.272,15.1296,,-1.1154
39.3203,146.957,11.882,,-1.48
39.3303,145.273,8.29926,,-1.85053
39.3403,143.223,4.43861,,-2.21078
39.3503,140.82,0.503857,,-2.56115
39.3604,138.064,-3.39411,,-2.91608
39.3703,134.958,-7.13267,,-3.2572
39.3803,131.517,-10.6531,,-3.59056
39.3903,127.749,-13.9211,,-3.91208
39.4003,123.662,-16.9325,,-4.23034
39.4103,119.263,-19.7033,,-4.53441
39.4204,114.566,-22.2204,,-4.8274
39.4304,109.584,-24.5004,,-5.10611
39.4403,104.329,-26.5543,,-5.37539
39.4503,98.812,-28.3907,,-5.63162
39.4603,93.0477,-30.0099,,-5.86988
39.4703,87.0516,-31.4444,,-6.09761
39.4804,80.8372,-32.6997,,-6.30734
39.4904,74.4218,-33.7951,,-6.50201
39.5003,67.8203,-34.7458,,-6.6806
39.5103,61.0492,-35.5698,,-6.84275
39.5203,54.1255,-36.2839,,-6.98747
39.5303,47.0666,-36.8906,,-7.11469
39.5403,39.8892,-37.4187,,-7.22567
39.5504,32.6127,-37.844,,-7.3156
39.5603,25.255,-38.2259,,-7.38929
39.5703,17.834,-38.525,,-7.44446
39.5803,10.368,-38.7762,,-7.48078
39.5903,2.87629,-38.974,,-7.49797
39.6003,-4.62228,-39.1173,,-7.49627
39.6104,-12.1095,-39.2206,,-7.4769
39.6203,-19.5662,-39.2788,,-7.4381
39.6303,-26.9743,-39.3228,,-7.38054
39.6403,-34.3152,-39.2974,,-7.30516
39.6503,-41.5696,-39.265,,-7.21049
39.6603,-48.7205,-39.1744,,-7.09879
39.6704,-55.7491,-39.0672,,-6.96894
39.6804,-62.6389,-38.9217,,-6.82231
39.6903,-69.3718,-38.7457,,-6.65879
39.7003,-75.9325,-38.5442,,-6.47735
39.7103,-82.302,-38.3119,,-6.27916
39.7203,-88.4654,-38.0462,,-6.06612
39.7304,-94.4093,-37.7497,,-5.84047
39.7404,-100.116,-37.4091,,-5.59758
39.7503,-105.573,-37.0554,,-5.33886
39.7603,-110.767,-36.6475,,-5.07484
39.7703,-115.686,-36.2184,,-4.78597
39.7803,-120.309,-35.7337,,-4.49076
39.7903,-124.636,-35.2206,,-4.18933
39.8004,-128.651,-34.6486,,-3.8729
39.8103,-132.344,-34.0339,,-3.5436
39.8203,-135.705,-33.3639,,-3.21063
39.8303,-138.73,-32.6158,,-2.87147
39.8403,-141.408,-31.8027,,-2.51814
39.8503,-143.73,-30.8951,,-2.16186
39.8604,-145.695,-29.8965,,-1.80212
39.8703,-147.295,-28.7855,,-1.43491
39.8803,-148.525,-27.533,,-1.06222
39.8903,-149.386,-26.1077,,-0.695566
39.9003,-149.874,-24.4676,,-0.318412
39.9103,-149.987,-22.579,,0.0566832
39.9204,-149.723,-20.3844,,0.432197
39.9304,-149.086,-17.8383,,0.805587
39.9403,-148.077,-14.9091,,1.17374
39.9503,-146.701,-11.5843,,1.54239
39.9603,-144.957,-7.93687,,1.90855
39.9703,-142.849,-4.07455,,2.27015
39.9804,-140.382,-0.129262,,2.62627
39.9904,-137.564,3.75242,,2.97343
40.0003,-134.403,7.45184,,3.31371
40.0103,-130.906,10.9482,,3.64502
40.0203,-127.083,14.1849,,3.96615
40.0303,-122.943,17.1644,,4.28155
40.0403,-118.494,19.8859,,4.58503
40.0504,-113.75,22.3654,,4.87334
40.0603,-108.721,24.6052,,5.15422
40.0703,-103.419,26.6155,,5.42069
40.0803,-97.8607,28.4118,,5.66807
40.0903,-92.0576,30.0096,,5.91173
40.1003,-86.0219,31.417,,6.13364
40.1104,-79.7725,32.6496,,6.343
40.1203,-73.324,33.719,,6.53313
40.1303,-66.6923,34.6486,,6.70955
40.1403,-59.8942,35.4399,,6.8678
40.1503,-52.9466,36.1311,,7.01004
40.1603,-45.867,36.7284,,7.13344
40.1704,-38.6738,37.2309,,7.24042
40.1804,-31.3817,37.6665,,7.33087
40.1903,-24.0109,38.027,,7.40123
40.2003,-16.5808,38.3192,,7.451
40.2103,-9.10955,38.554,,7.4849
40.2203,-1.61561,38.7316,,7.49886
40.2304,5.88249,38.8815,,7.49442
40.2404,13.3659,38.9756,,7.47162
40.2503,20.8158,39.0358,,7.42986
40.2603,28.214,39.0586,,7.36901
40.2703,35.5409,39.0451,,7.29008
40.2803,42.7795,38.9876,,7.19369
40.2903,49.911,38.904,,7.07842
40.3004,56.9181,38.7831,,6.94581
40.3103,63.7822,38.6309,,6.79572
40.3203,70.488,38.4569,,6.62884
40.3303,77.0166,38.2497,,6.44418
40.3403,83.3526,38.0115,,6.2448
40.3503,89.4805,37.7413,,6.03007
40.3604,95.3848,37.4377,,5.80071
40.3703,101.052,37.0958,,5.55369
40.3803,106.465,36.7336,,5.29676
40.3903,111.615,36.3087,,5.02872
40.4003,116.485,35.8748,,4.73775
40.4103,121.061,35.389,,4.44112
40.4204,125.334,34.8691,,4.13519
40.4304,129.295,34.2931,,3.81617
40.4403,132.934,33.6614,,3.49179
40.4503,136.24,32.9869,,3.15286
40.4603,139.203,32.2204,,2.80833
40.4703,141.821,31.396,,2.46103
40.4804,144.086,30.4675,,2.10267
40.4904,145.989,29.4689,,1.73923
40.5003,147.528,28.3141,,1.37419
40.5103,148.697,27.0358,,1.00176
40.5203,149.494,25.583,,0.628434
40.5303,149.917,23.8946,,0.25577
40.5403,149.967,21.9611,,-0.118117
40.5504,149.643,19.7078,,-0.494072
40.5603,148.943,17.1036,,-0.867526
40.5703,147.871,14.0984,,-1.23774
40.5803,146.432,10.7208,,-1.60465
40.5903,144.626,7.02805,,-1.97046
40.6003,142.456,3.13444,,-2.33067
40.6104,139.932,-0.827124,,-2.68211
40.6203,137.058,-4.67186,,-3.03186
40.6303,133.838,-8.36631,,-3.37087
40.6403,130.286,-11.805,,-3.69905
40.6503,126.409,-14.9942,,-4.02056
40.6603,122.216,-17.9372,,-4.33265
40.6704,117.718,-20.6144,,-4.63155
40.6804,112.925,-23.0629,,-4.92465
40.6903,107.847,-25.2653,,-5.20147
40.7003,102.501,-27.2447,,-5.46145
40.7103,96.9006,-29.0139,,-5.71217
40.7203,91.0571,-30.5677,,-5.94901
40.7304,84.9859,-31.9474,,-6.16922
40.7404,78.701,-33.1542,,-6.37537
40.7503,72.2212,-34.1905,,-6.56409
40.7603,65.5611,-35.1035,,-6.73571
40.7703,58.7371,-35.8797,,-6.89361
40.7803,51.765,-36.5623,,-7.03375
40.7903,44.6648,-37.1326,,-7.15179
40.8004,37.4543,-37.6272,,-7.2578
40.8103,30.1467,-38.0415,,-7.34451
40.8203,22.765,-38.3905,,-7.41012
40.8303,15.3269,-38.6727,,-7.45801
40.8403,7.85059,-38.904,,-7.48854
40.8503,0.354576,-39.0751,,-7.49961
40.8604,-7.14235,-39.218,,-7.49186
40.8703,-14.6214,-39.3007,,-7.46568
40.8803,-22.064,-39.3597,,-7.42073
40.8903,-29.4513,-39.3645,,-7.35766
40.9003,-36.765,-39.3413,,-7.27478
40.9103,-43.9866,-39.2764,,-7.17498
40.9204,-51.0981,-39.19,,-7.05716
40.9304,-58.0827,-39.0687,,-6.92226
40.9403,-64.9221,-38.9171,,-6.76894
40.9503,-71.5982,-38.7352,,-6.59797
40.9603,-78.0956,-38.5316,,-6.41278
40.9703,-84.3989,-38.2769,,-6.21121
40.9804,-90.4917,-37.9962,,-5.99409
40.9904,-96.358,-37.6778,,-5.75871
41.0003,-101.981,-37.3459,,-5.51099
41.0103,-107.35,-36.9605,,-5.24986
41.0203,-112.451,-36.5529,,-4.97716
41.0303,-117.271,-36.1193,,-4.6903
41.0403,-121.799,-35.6116,,-4.39397
41.0504,-126.023,-35.0802,,-4.08214
41.0603,-129.93,-34.4874,,-3.76296
41.0703,-133.513,-33.8553,,-3.43429
41.0803,-136.761,-33.1595,,-3.09538
41.0903,-139.67,-32.394,,-2.75446
41.1003,-142.229,-31.5576,,-2.39791
41.1104,-144.431,-30.6125,,-2.0414
41.1203,-146.273,-29.5825,,-1.67744
41.1303,-147.748,-28.4256,,-1.31012
41.1403,-148.855,-27.1058,,-0.940374
41.1503,-149.592,-25.6098,,-0.569559
41.1603,-149.955,-23.8985,,-0.193576
41.1704,-149.941,-21.9086,,0.182835
41.1804,-149.551,-19.6019,,0.559382
41.1903,-148.789,-16.9325,,0.928528
41.2003,-147.657,-13.8583,,1.29804
41.2103,-146.154,-10.4056,,1.67015
41.2203,-144.285,-6.66208,,2.03019
41.2304,-142.057,-2.74915,,2.39112
41.2404,-139.471,1.18776,,2.74237
41.2503,-136.539,5.03262,,3.087
41.2603,-133.265,8.67445,,3.42535
41.2703,-129.658,12.0873,,3.75374
41.2803,-125.726,15.2403,,4.07721
41.2903,-121.48,18.1359,,4.38268
41.3004,-116.929,20.7833,,4.68701
41.3103,-112.087,23.1876,,4.96557
41.3203,-106.968,25.353,,5.24344
41.3303,-101.578,27.3042,,5.50732
41.3403,-95.9345,29.0286,,5.7534
41.3503,-90.0517,30.5651,,5.98727
41.3604,-83.9431,31.9064,,6.20544
41.3703,-77.6245,33.0816,,6.40806
41.3803,-71.1138,34.1021,,6.59324
41.3903,-64.4244,34.9862,,6.76494
41.4003,-57.5741,35.7497,,6.91801
41.4103,-50.5807,36.4099,,7.05271
41.4204,-43.4603,36.9609,,7.17423
41.4304,-36.2298,37.4442,,7.27275
41.4403,-28.9103,37.8434,,7.35522
41.4503,-21.518,38.176,,7.41942
41.4603,-14.0723,38.4613,,7.46488
41.4703,-6.59109,38.68,,7.49149
41.4804,0.90644,38.8557,,7.49963
41.4904,8.40168,38.9692,,7.48891
41.5003,15.8761,39.0575,,7.45981
41.5103,23.3104,39.0916,,7.41029
41.5203,30.6863,39.1031,,7.34485
41.5303,37.9852,39.0806,,7.25926
41.5403,45.19,39.0147,,7.15772
41.5504,52.2828,38.9206,,7.0361
41.5603,59.2436,38.7908,,6.89775
41.5703,66.0567,38.6279,,6.74086
41.5803,72.7039,38.4424,,6.56848
41.5903,79.1699,38.2173,,6.3799
41.6003,85.4369,37.9689,,6.17222
41.6104,91.4906,37.6909,,5.95388
41.6203,97.3173,37.3748,,5.72062
41.6303,102.9,37.0216,,5.46915
41.6403,108.226,36.6452,,5.20642
41.6503,113.284,36.2229,,4.93114
41.6603,118.054,35.7609,,4.63887
41.6704,122.53,35.2695,,4.34216
41.6804,126.702,34.7196,,4.02959
41.6903,130.556,34.1238,,3.71035
41.7003,134.083,33.4871,,3.37594
41.7103,137.274,32.7704,,3.03909
41.7203,140.123,31.994,,2.68991
41.7304,142.62,31.1392,,2.34099
41.7404,144.765,30.1939,,1.98228
41.7503,146.546,29.1327,,1.61688
41.7603,147.961,27.9391,,1.24945
41.7703,149.007,26.6039,,0.878294
41.7803,149.68,25.067,,0.503456
41.7903,149.977,23.3133,,0.128641
41.8004,149.899,21.2703,,-0.247029
41.8103,149.447,18.9095,,-0.619524
41.8203,148.624,16.1652,,-0.989815
41.8303,147.428,13.0269,,-1.36333
41.8403,145.865,9.52879,,-1.72551
41.8503,143.937,5.73744,,-2.09549
41.8604,141.644,1.78788,,-2.44933
41.8703,139.003,-2.13735,,-2.80011
41.8803,136.011,-5.95486,,-3.14476
41.8903,132.683,-9.5567,,-3.47985
41.9003,129.019,-12.9247,,-3.81166
41.9103,125.034,-16.0349,,-4.12508
41.9204,120.737,-18.9007,,-4.43647
41.9304,116.136,-21.5171,,-4.73247
41.9403,111.247,-23.8767,,-5.01714
41.9503,106.079,-26.0107,,-5.28966
41.9603,100.647,-27.9162,,-5.54785
41.9703,94.9625,-29.6125,,-5.79302
41.9804,89.0398,-31.1058,,-6.02668
41.9904,82.8945,-32.429,,-6.24019
42.0003,76.5438,-33.5785,,-6.43926
42.0103,70.0013,-34.5741,,-6.62398
42.0203,63.2837,-35.4394,,-6.79128
42.0303,56.4082,-36.1785,,-6.94254
42.0403,49.3907,-36.822,,-7.07582
42.0504,42.2497,-37.3676,,-7.19123
42.0603,35.0041,-37.8264,,-7.28791
42.0703,27.6712,-38.2377,,-7.3667
42.0803,20.2691,-38.5435,,-7.4283
42.0903,12.8161,-38.8158,,-7.47044
42.1003,5.33093,-39.0224,,-7.49422
42.1104,-2.16742,-39.1791,,-7.49878
42.1203,-9.66037,-39.3003,,-7.48532
42.1303,-17.1291,-39.3727,,-7.45289
42.1403,-24.5553,-39.4147,,-7.40127
42.1503,-31.9198,-39.4176,,-7.33203
42.1603,-39.205,-39.3796,,-7.24497
42.1704,-46.3923,-39.3021,,-7.13721
42.1804,-53.4622,-39.2057,,-7.01285
42.1903,-60.3991,-39.0737,,-6.8719
42.2003,-67.1852,-38.906,,-6.71302
42.2103,-73.8036,-38.7125,,-6.53866
42.2203,-80.2381,-38.4904,,-6.34574
42.2304,-86.471,-38.2369,,-6.13903
42.2404,-92.488,-37.9388,,-5.91495
42.2503,-98.2747,-37.6153,,-5.6802
42.2603,-103.815,-37.2666,,-5.42347
42.2703,-109.095,-36.8779,,-5.16268
42.2803,-114.104,-36.456,,-4.88091
42.2903,-118.827,-35.9988,,-4.59047
42.3004,-123.253,-35.491,,-4.29
42.3103,-127.371,-34.9273,,-3.97535
42.3203,-131.171,-34.3273,,-3.65565
42.3303,-134.642,-33.6691,,-3.31881
42.3403,-137.777,-32.9405,,-2.98201
42.3503,-140.569,-32.1701,,-2.6382
42.3604,-143.011,-31.2932,,-2.27777
42.3703,-145.091,-30.3285,,-1.91912
42.3803,-146.811,-29.2464,,-1.55515
42.3903,-148.163,-28.0406,,-1.18559
42.4003,-149.145,-26.6522,,-0.814637
42.4103,-149.754,-25.0958,,-0.441571
42.4204,-149.99,-23.2927,,-0.0666172
42.4304,-149.85,-21.208,,0.30804
42.4403,-149.337,-18.7738,,0.681743
42.4503,-148.449,-15.9669,,1.05535
42.4603,-147.191,-12.7577,,1.42306
42.4703,-145.565,-9.17877,,1.7913
42.4804,-143.575,-5.36293,,2.15089
42.4904,-141.226,-1.42386,,2.51069
42.5003,-138.523,2.51068,,2.85981
42.5103,-135.476,6.29365,,3.20038
42.5203,-132.088,9.86476,,3.53836
42.5303,-128.372,13.1942,,3.86125
42.5403,-124.335,16.2731,,4.18034
42.5504,-119.984,19.0916,,4.48755
42.5603,-115.333,21.6641,,4.78252
42.5703,-110.396,23.9952,,5.0622
42.5803,-105.184,26.0882,,5.33312
42.5903,-99.7068,27.9504,,5.59118
42.6003,-93.983,29.625,,5.8323
42.6104,-88.0225,31.0893,,6.06286
42.6203,-81.8422,32.383,,6.27438
42.6303,-75.4579,33.5009,,6.47171
42.6403,-68.884,34.4747,,6.65444
42.6503,-62.1378,35.3111,,6.81829
42.6603,-55.2374,36.0352,,6.96563
42.6704,-48.1986,36.6572,,7.09589
42.6804,-41.0397,37.1943,,7.20847
42.6903,-33.7775,37.6437,,7.30329
42.7003,-26.4309,38.0287,,7.37908
42.7103,-19.019,38.3397,,7.43636
42.7203,-11.5591,38.5924,,7.4761
42.7304,-4.07065,38.7952,,7.49644
42.7404,3.42827,38.9397,,7.4979
42.7503,10.9185,39.0594,,7.48106
42.7603,18.3813,39.1257,,7.44544
42.7703,25.7981,39.1574,,7.39101
42.7803,33.1509,39.1523,,7.31853
42.7903,40.4205,39.1109,,7.22688
42.8004,47.5896,39.0375,,7.1187
42.8103,54.6385,38.9233,,6.98931
42.8203,61.5516,38.7874,,6.84731
42.8303,68.311,38.6199,,6.68576
42.8403,74.8991,38.4211,,6.50575
42.8503,81.3002,38.1913,,6.31266
42.8604,87.4995,37.9307,,6.10468
42.8703,93.4798,37.6254,,5.87588
42.8803,99.2238,37.3081,,5.63531
42.8903,104.722,36.9417,,5.38312
42.9003,109.958,36.5563,,5.11175
42.9103,114.915,36.1203,,4.83284
42.9204,119.591,35.6503,,4.54383
42.9304,123.968,35.1374,,4.23847
42.9403,128.034,34.5717,,3.9251
42.9503,131.781,33.958,,3.5982
42.9603,135.195,33.2829,,3.26243
42.9703,138.271,32.5635,,2.92284
42.9804,141.002,31.7521,,2.57374
42.9904,143.384,30.8828,,2.22192
43.0003,145.406,29.8968,,1.85776
43.0103,147.062,28.7796,,1.49378
43.0203,148.354,27.5537,,1.12386
43.0303,149.274,26.1437,,0.752316
43.0403,149.821,24.5383,,0.378967
43.0504,149.994,22.6878,,5.01E-03
43.0603,149.792,20.5463,,-3.73E-01
43.0703,149.212,18.0576,,-0.746721
43.0803,148.264,15.1657,,-1.11473
43.0903,146.944,11.9089,,-1.48714
43.1003,145.256,8.29368,,-1.85118
43.1104,143.203,4.42286,,-2.21758
43.1203,140.794,0.466825,,-2.56564
43.1303,138.035,-3.44241,,-2.91637
43.1403,134.929,-7.20584,,-3.2593
43.1503,131.486,-10.7385,,-3.59198
43.1603,127.714,-14.0266,,-3.91791
43.1704,123.622,-17.0606,,-4.23249
43.1804,119.221,-19.8406,,-4.53771
43.1903,114.524,-22.3748,,-4.82707
43.2003,109.539,-24.6706,,-5.11038
43.2103,104.28,-26.7259,,-5.37804
43.2203,98.7616,-28.5654,,-5.63191
43.2304,92.9957,-30.1861,,-5.87352
43.2404,86.9968,-31.6271,,-6.09876
43.2503,80.7808,-32.8825,,-6.30925
43.2603,74.3636,-33.9818,,-6.50369
43.2703,67.7603,-34.945,,-6.68273
43.2803,60.9878,-35.7582,,-6.8434
43.2903,54.0634,-36.4708,,-6.98914
43.3004,47.0026,-37.0721,,-7.1161
43.3103,39.825,-37.584,,-7.22476
43.3203,32.548,-38.0182,,-7.31729
43.3303,25.1889,-38.386,,-7.39076
43.3403,17.767,-38.6956,,-7.44424
43.3503,10.3014,-38.9474,,-7.48039
43.3604,2.80993,-39.1472,,-7.4981
43.3703,-4.68883,-39.2835,,-7.49642
43.3803,-12.1756,-39.3812,,-7.47622
43.3903,-19.6322,-39.441,,-7.43793
43.4003,-27.0396,-39.4686,,-7.37992
43.4103,-34.3795,-39.4456,,-7.30388
43.4204,-41.633,-39.4116,,-7.20948
43.4304,-48.7832,-39.3308,,-7.09885
43.4403,-55.8118,-39.2186,,-6.96821
43.4503,-62.6998,-39.0722,,-6.82025
43.4603,-69.431,-38.8973,,-6.65683
43.4703,-75.9897,-38.698,,-6.47617
43.4804,-82.358,-38.4511,,-6.27635
43.4904,-88.5191,-38.1816,,-6.0656
43.5003,-94.4611,-37.8934,,-5.8384
43.5103,-100.167,-37.5449,,-5.59398
43.5203,-105.62,-37.1899,,-5.33816
43.5303,-110.81,-36.796,,-5.0638
43.5403,-115.723,-36.3499,,-4.7896
43.5504,-120.351,-35.8678,,-4.49187
43.5603,-124.674,-35.3483,,-4.18504
43.5703,-128.684,-34.7723,,-3.86646
43.5803,-132.374,-34.1538,,-3.54403
43.5903,-135.736,-33.4796,,-3.2092
43.6003,-138.755,-32.7329,,-2.86598
43.6104,-141.432,-31.9249,,-2.51783
43.6203,-143.751,-31.0139,,-2.15726
43.6303,-145.711,-30.013,,-1.79692
43.6403,-147.305,-28.902,,-1.43017
43.6503,-148.533,-27.6251,,-1.06068
43.6603,-149.39,-26.1927,,-0.690461
43.6704,-149.877,-24.545,,-0.317612
43.6804,-149.986,-22.6487,,0.0594727
43.6903,-149.72,-20.4512,,0.433939
43.7003,-149.081,-17.8982,,0.808226
43.7103,-148.068,-14.9572,,1.17965
43.7203,-146.685,-11.6127,,1.54738
43.7304,-144.937,-7.93638,,1.91299
43.7404,-142.826,-4.04879,,2.27279
43.7503,-140.358,-0.0851901,,2.62733
43.7603,-137.538,3.81355,,2.97521
43.7703,-134.375,7.53632,,3.31649
43.7803,-130.875,11.0404,,3.64713
43.7903,-127.049,14.2854,,3.97171
43.8004,-122.905,17.2838,,4.28271
43.8103,-118.455,20.0208,,4.58608
43.8203,-113.706,22.5145,,4.88044
43.8303,-108.673,24.7803,,5.15661
43.8403,-103.37,26.796,,5.42065
43.8503,-97.8095,28.6055,,5.673
43.8604,-92.0031,30.2015,,5.91238
43.8703,-85.9677,31.6021,,6.13424
43.8803,-79.7165,32.8335,,6.34388
43.8903,-73.2675,33.8973,,6.53432
43.9003,-66.6342,34.8275,,6.71176
43.9103,-59.8338,35.6244,,6.86998
43.9204,-52.8839,36.318,,7.01203
43.9304,-45.8037,36.9141,,7.13371
43.9403,-38.608,37.4234,,7.2438
43.9503,-31.3152,37.8431,,7.32989
43.9603,-23.945,38.2024,,7.40077
43.9703,-16.5149,38.4847,,7.45165
43.9804,-9.04318,38.7128,,7.48508
43.9904,-1.54901,38.915,,7.49904
44.0003,5.94911,39.0439,,7.49476
44.0103,13.4322,39.1474,,7.47086
44.0203,20.8818,39.2005,,7.42901
44.0303,28.2788,39.2099,,7.3684
44.0403,35.6055,39.1911,,7.28964
44.0504,42.8433,39.1408,,7.19261
44.0603,49.9741,39.0523,,7.07763
44.0703,56.9791,38.9399,,6.94381
44.0803,63.842,38.7792,,6.79421
44.0903,70.5463,38.6145,,6.62786
44.1003,77.0746,38.3883,,6.4436
44.1104,83.4068,38.1602,,6.24023
44.1203,89.5345,37.8806,,6.03112
44.1303,95.4364,37.5762,,5.79671
44.1403,101.102,37.2359,,5.55492
44.1503,106.515,36.8722,,5.2943
44.1603,111.657,36.4624,,5.01657
44.1704,116.521,36.0106,,4.73782
44.1804,121.098,35.5227,,4.44189
44.1903,125.369,35.0006,,4.13093
44.2003,129.328,34.4052,,3.81711
44.2103,132.964,33.7827,,3.48681
44.2203,136.269,33.1028,,3.15329
44.2304,139.231,32.3466,,2.80441
44.2404,141.843,31.517,,2.45575
44.2503,144.103,30.6004,,2.09797
44.2603,146.003,29.5737,,1.73675
44.2703,147.538,28.4128,,1.3693
44.2803,148.705,27.1316,,1.0002
44.2903,149.499,25.6751,,0.626137
44.3004,149.92,23.9845,,0.253519
44.3103,149.967,22.0393,,-0.122108
44.3203,149.64,19.783,,-0.496058
44.3303,148.937,17.1562,,-0.871318
44.3403,147.862,14.1261,,-1.24149
44.3503,146.417,10.7406,,-1.6108
44.3604,144.606,7.01739,,-1.97299
44.3703,142.436,3.10046,,-2.33239
44.3803,139.909,-0.862081,,-2.68429
44.3903,137.032,-4.73656,,-3.03355
44.4003,133.81,-8.43496,,-3.37461
44.4103,130.254,-11.8966,,-3.70343
44.4204,126.374,-15.1072,,-4.02499
44.4304,122.177,-18.0549,,-4.33499
44.4403,117.675,-20.7656,,-4.63681
44.4503,112.88,-23.2162,,-4.92305
44.4603,107.802,-25.4384,,-5.20153
44.4703,102.454,-27.4255,,-5.46577
44.4804,96.8488,-29.1968,,-5.71643
44.4904,91.0041,-30.7612,,-5.94929
44.5003,84.9313,-32.1297,,-6.17112
44.5103,78.6452,-33.337,,-6.37689
44.5203,72.1641,-34.3812,,-6.56535
44.5303,65.5016,-35.2815,,-6.73932
44.5403,58.6749,-36.0733,,-6.89471
44.5504,51.7022,-36.7427,,-7.03382
44.5603,44.6006,-37.3198,,-7.15639
44.5703,37.3862,-37.8061,,-7.25767
44.5803,30.0808,-38.2131,,-7.34282
44.5903,22.6994,-38.5604,,-7.4103
44.6003,15.2608,-38.8428,,-7.45885
44.6104,7.78419,-39.07,,-7.48845
44.6203,0.287963,-39.2438,,-7.49981
44.6303,-7.20886,-39.3685,,-7.49191
44.6403,-14.6875,-39.4605,,-7.46495
44.6503,-22.1297,-39.5194,,-7.42031
44.6603,-29.5165,-39.5287,,-7.35659
44.6704,-36.8293,-39.4979,,-7.27464
44.6804,-44.0504,-39.4362,,-7.17461
44.6903,-51.1617,-39.3393,,-7.05618
44.7003,-58.1439,-39.2078,,-6.91982
44.7103,-64.9814,-39.0602,,-6.76736
44.7203,-71.6572,-38.8889,,-6.59755
44.7304,-78.1529,-38.6718,,-6.41112
44.7404,-84.4539,-38.4202,,-6.20943
44.7503,-90.5445,-38.1396,,-5.98948
44.7603,-96.4061,-37.8226,,-5.75624
44.7703,-102.029,-37.4745,,-5.51106
44.7803,-107.398,-37.1049,,-5.24964
44.7903,-112.497,-36.6949,,-4.97484
44.8004,-117.315,-36.2442,,-4.68681
44.8103,-121.838,-35.7398,,-4.38826
44.8203,-126.057,-35.2068,,-4.07898
44.8303,-129.963,-34.6237,,-3.76292
44.8403,-133.544,-33.9769,,-3.43018
44.8503,-136.789,-33.2781,,-3.09247
44.8604,-139.693,-32.5193,,-2.74937
44.8703,-142.247,-31.6767,,-2.39395
44.8803,-144.447,-30.7284,,-2.04095
44.8903,-146.288,-29.6906,,-1.67466
44.9003,-147.761,-28.5188,,-1.30803
44.9103,-148.865,-27.2004,,-0.935339
44.9204,-149.595,-25.6987,,-0.563609
44.9304,-149.955,-23.9803,,-0.19142
44.9403,-149.938,-21.9914,,0.186729
44.9503,-149.546,-19.6649,,0.560123
44.9603,-148.781,-16.9704,,0.932878
44.9703,-147.644,-13.8749,,1.30248
44.9804,-146.138,-10.4206,,1.6724
44.9904,-144.266,-6.65041,,2.03421
45.0003,-142.034,-2.72017,,2.39247
45.0103,-139.448,1.23379,,2.74414
45.0203,-136.513,5.0939,,3.09053
45.0303,-133.234,8.75841,,3.43071
45.0403,-129.623,12.1855,,3.75705
45.0504,-125.69,15.3604,,4.07771
45.0603,-121.441,18.2703,,4.38672
45.0703,-116.89,20.9379,,4.6832
45.0803,-112.046,23.3446,,4.97416
45.0903,-106.92,25.5274,,5.24775
45.1003,-101.528,27.4765,,5.50822
45.1104,-95.883,29.216,,5.75476
45.1203,-89.9975,30.7532,,5.98985
45.1303,-83.8879,32.0989,,6.20551
45.1403,-77.5688,33.278,,6.4096
45.1503,-71.0554,34.286,,6.59596
45.1603,-64.3652,35.1739,,6.76518
45.1704,-57.5136,35.9283,,6.91981
45.1804,-50.518,36.5793,,7.05553
45.1903,-43.3956,37.1505,,7.17458
45.2003,-36.1648,37.6162,,7.27402
45.2103,-28.8446,38.0269,,7.35552
45.2203,-21.4518,38.3569,,7.42013
45.2304,-14.0055,38.6353,,7.46503
45.2404,-6.52445,38.8462,,7.49118
45.2503,0.973116,39.011,,7.49971
45.2603,8.46828,39.1315,,7.48885
45.2703,15.9423,39.2075,,7.45904
45.2803,23.376,39.2601,,7.41011
45.2903,30.7515,39.2689,,7.34448
45.3004,38.0503,39.2392,,7.25881
45.3103,45.2535,39.1708,,7.15492
45.3203,52.3448,39.0699,,7.03628
45.3303,59.3044,38.9338,,6.89533
45.3403,66.1155,38.772,,6.73991
45.3503,72.7623,38.5831,,6.56699
45.3604,79.2261,38.369,,6.37792
45.3703,85.4919,38.1285,,6.17069
45.3803,91.5449,37.8351,,5.95478
45.3903,97.3707,37.5174,,5.71763
45.4003,102.95,37.1613,,5.46637
45.4103,108.273,36.7715,,5.20204
45.4204,113.326,36.3563,,4.93037
45.4304,118.097,35.8976,,4.63622
45.4403,122.568,35.4049,,4.33762
45.4503,126.738,34.8702,,4.0283
45.4603,130.589,34.2573,,3.70595
45.4703,134.114,33.6079,,3.3752
45.4804,137.303,32.8943,,3.03481
45.4904,140.147,32.1115,,2.68888
45.5003,142.644,31.2566,,2.33711
45.5103,144.783,30.3069,,1.97701
45.5203,146.561,29.2405,,1.61403
45.5303,147.971,28.0467,,1.24405
45.5403,149.013,26.7016,,0.875551
45.5504,149.683,25.1646,,0.5008
45.5603,149.978,23.3939,,0.126598
45.5703,149.899,21.3503,,-0.247837
45.5803,149.443,18.9667,,-0.624817
45.5903,148.615,16.2026,,-0.993872
45.6003,147.416,13.0547,,-1.36592
45.6104,145.849,9.53648,,-1.73103
45.6203,143.917,5.72613,,-2.09629
45.6303,141.625,1.76928,,-2.45234
45.6403,138.978,-2.18814,,-2.80402
45.6503,135.984,-6.01786,,-3.14865
45.6603,132.65,-9.64887,,-3.48417
45.6704,128.985,-13.0228,,-3.81229
45.6804,124.997,-16.1486,,-4.13015
45.6903,120.696,-19.0326,,-4.4376
45.7003,116.096,-21.6501,,-4.73437
45.7103,111.203,-24.0386,,-5.01961
45.7203,106.033,-26.1828,,-5.29133
45.7304,100.597,-28.1005,,-5.55221
45.7404,94.909,-29.7912,,-5.79683
45.7503,88.9854,-31.2921,,-6.02444
45.7603,82.8398,-32.6062,,-6.24313
45.7703,76.4862,-33.7632,,-6.44161
45.7803,69.9425,-34.7561,,-6.62502
45.7903,63.2236,-35.6249,,-6.79305
45.8004,56.3459,-36.3638,,-6.94416
45.8103,49.328,-37.0005,,-7.07549
45.8203,42.1869,-37.5406,,-7.19222
45.8303,34.9398,-38.0025,,-7.28964
45.8403,27.6058,-38.3917,,-7.36745
45.8503,20.203,-38.7179,,-7.42856
45.8604,12.7498,-38.9865,,-7.47088
45.8703,5.26436,-39.1949,,-7.49433
45.8803,-2.23405,-39.3495,,-7.49894
45.8903,-9.72685,-39.4629,,-7.48504
45.9003,-17.1954,-39.5305,,-7.45228
45.9103,-24.6211,-39.5656,,-7.40109
45.9204,-31.9852,-39.5708,,-7.33101
45.9304,-39.2685,-39.5329,,-7.24259
45.9403,-46.4546,-39.4683,,-7.13701
45.9503,-53.5246,-39.3678,,-7.01307
45.9603,-60.4609,-39.2262,,-6.87076
45.9703,-67.2455,-39.0537,,-6.71142
45.9804,-73.8624,-38.8529,,-6.53704
45.9904,-80.295,-38.6332,,-6.34399
46.0003,-86.5244,-38.3728,,-6.13486
46.0103,-92.541,-38.092,,-5.91684
46.0203,-98.3269,-37.7673,,-5.67638
46.0303,-103.864,-37.4196,,-5.42217
46.0403,-109.142,-37.0142,,-5.1586
46.0504,-114.15,-36.5821,,-4.87997
46.0603,-118.869,-36.1191,,-4.58651
46.0703,-123.291,-35.6033,,-4.28791
46.0803,-127.407,-35.0682,,-3.97243
46.0903,-131.203,-34.4664,,-3.65092
46.1003,-134.673,-33.8101,,-3.31834
46.1104,-137.804,-33.076,,-2.97915
46.1203,-140.594,-32.268,,-2.63182
46.1303,-143.029,-31.3987,,-2.275
46.1403,-145.107,-30.4187,,-1.91613
46.1503,-146.825,-29.3541,,-1.55442
46.1603,-148.175,-28.1439,,-1.18188
46.1704,-149.152,-26.7701,,-0.809085
46.1804,-149.757,-25.1959,,-0.438753
46.1903,-149.992,-23.3777,,-0.0668155
46.2003,-149.848,-21.2667,,0.3148
46.2103,-149.329,-18.8148,,0.685893
46.2203,-148.439,-15.9904,,1.05757
46.2304,-147.178,-12.7759,,1.4269
46.2404,-145.548,-9.19008,,1.79477
46.2503,-143.555,-5.36643,,2.15561
46.2603,-141.204,-1.39383,,2.51066
46.2703,-138.499,2.55765,,2.86106
46.2803,-135.448,6.35977,,3.2061
46.2903,-132.058,9.96674,,3.53993
46.3004,-128.339,13.3093,,3.86523
46.3103,-124.297,16.4051,,4.18327
46.3203,-119.944,19.229,,4.48928
46.3303,-115.293,21.8162,,4.78226
46.3403,-110.354,24.1522,,5.06683
46.3503,-105.138,26.2529,,5.33687
46.3604,-99.6567,28.1375,,5.59489
46.3703,-93.9302,29.8102,,5.83245
46.3803,-87.9692,31.2767,,6.06446
46.3903,-81.7869,32.5686,,6.27727
46.4003,-75.3993,33.6899,,6.47419
46.4103,-68.8251,34.6616,,6.65417
46.4204,-62.0778,35.5048,,6.82035
46.4304,-55.1751,36.2291,,6.96785
46.4403,-48.1351,36.8458,,7.09642
46.4503,-40.9761,37.3663,,7.20835
46.4603,-33.7131,37.8199,,7.30445
46.4703,-26.3656,38.1902,,7.37996
46.4804,-18.9525,38.5156,,7.43728
46.4904,-11.4928,38.7688,,7.47588
46.5003,-4.00402,38.9634,,7.49666
46.5103,3.49479,39.1163,,7.49777
46.5203,10.985,39.2098,,7.48098
46.5303,18.4476,39.2865,,7.44508
46.5403,25.8639,39.3083,,7.39045
46.5504,33.2162,39.3061,,7.31802
46.5603,40.4846,39.2761,,7.22534
46.5703,47.6517,39.1922,,7.11667
46.5803,54.7005,39.0896,,6.99033
46.5903,61.6126,38.9394,,6.84513
46.6003,68.3706,38.7665,,6.68429
46.6104,74.9573,38.5575,,6.50452
46.6203,81.356,38.3315,,6.30943
46.6303,87.5526,38.0723,,6.1021
46.6403,93.5295,37.77,,5.87331
46.6503,99.2736,37.4553,,5.63608
46.6603,104.77,37.0959,,5.37923
46.6704,110.003,36.6872,,5.11412
46.6804,114.965,36.2569,,4.83138
46.6903,119.634,35.7755,,4.5373
46.7003,124.005,35.2718,,4.23318
46.7103,128.068,34.6933,,3.92169
46.7203,131.81,34.085,,3.59411
46.7304,135.223,33.4191,,3.2631
46.7404,138.298,32.6847,,2.91969
46.7503,141.027,31.8764,,2.57228
46.7603,143.405,30.9871,,2.21701
46.7703,145.422,30.0069,,1.85458
46.7803,147.077,28.8836,,1.48907
46.7903,148.364,27.6441,,1.12148
46.8004,149.28,26.244,,0.748194
46.8103,149.823,24.6236,,0.375914
46.8203,149.993,22.7766,,6.64E-05
46.8303,149.786,20.613,,-3.75E-01
46.8403,149.207,18.1091,,-0.747069
46.8503,148.254,15.211,,-1.12049
46.8604,146.931,11.9233,,-1.48901
46.8703,145.24,8.29885,,-1.8561
46.8803,143.187,4.40711,,-2.213
46.8903,140.776,0.427515,,-2.57312
46.9003,138.01,-3.49666,,-2.92144
46.9103,134.9,-7.28332,,-3.2612
46.9204,131.456,-10.837,,-3.59587
46.9304,127.679,-14.1359,,-3.92162
46.9403,123.586,-17.1896,,-4.23323
46.9503,119.183,-19.9771,,-4.5379
46.9603,114.483,-22.5278,,-4.83315
46.9703,109.494,-24.8285,,-5.11347
46.9804,104.232,-26.901,,-5.38147
46.9904,98.7107,-28.7484,,-5.63392
47.0003,92.9441,-30.3762,,-5.87405
47.0103,86.9435,-31.8232,,-6.10048
47.0203,80.7269,-33.0736,,-6.31012
47.0303,74.3068,-34.1737,,-6.50744
47.0403,67.7009,-35.1224,,-6.68412
47.0504,60.9272,-35.9403,,-6.84508
47.0603,54.001,-36.6509,,-6.9906
47.0703,46.9389,-37.2597,,-7.11715
47.0803,39.7616,-37.7673,,-7.22395
47.0903,32.484,-38.2097,,-7.31893
47.1003,25.1236,-38.5689,,-7.39109
47.1104,17.7012,-38.8654,,-7.44539
47.1203,10.2348,-39.1092,,-7.48056
47.1303,2.74323,-39.3047,,-7.49821
47.1403,-4.75539,-39.44,,-7.49625
47.1503,-12.2422,-39.5536,,-7.47593
47.1603,-19.6981,-39.6091,,-7.43731
47.1704,-27.1047,-39.6305,,-7.37884
47.1804,-34.4439,-39.6161,,-7.30355
47.1903,-41.6972,-39.5549,,-7.20943
47.2003,-48.8463,-39.4908,,-7.09695
47.2103,-55.873,-39.3668,,-6.9662
47.2203,-62.76,-39.2196,,-6.82041
47.2304,-69.4905,-39.0475,,-6.65484
47.2404,-76.0469,-38.8372,,-6.47352
47.2503,-82.414,-38.5979,,-6.27846
47.2603,-88.5767,-38.3345,,-6.06268
47.2703,-94.5134,-38.035,,-5.83349
47.2803,-100.215,-37.6929,,-5.5922
47.2903,-105.668,-37.3271,,-5.33597
47.3004,-110.858,-36.9261,,-5.07187
47.3103,-115.772,-36.4841,,-4.77896
47.3203,-120.391,-36.0046,,-4.48782
47.3303,-124.711,-35.4783,,-4.18176
47.3403,-128.72,-34.905,,-3.86481
47.3503,-132.408,-34.2801,,-3.54296
47.3604,-135.765,-33.6052,,-3.20357
47.3703,-138.781,-32.8623,,-2.86046
47.3803,-141.45,-32.0468,,-2.51179
47.3903,-143.767,-31.1325,,-2.15686
47.4003,-145.725,-30.1173,,-1.79393
47.4103,-147.319,-29.0016,,-1.42967
47.4204,-148.544,-27.7169,,-1.05883
47.4304,-149.398,-26.2841,,-0.685538
47.4403,-149.878,-24.6488,,-0.311975
47.4503,-149.984,-22.7294,,0.0620376
47.4603,-149.716,-20.5288,,0.438675
47.4703,-149.072,-17.9471,,0.811794
47.4804,-148.057,-14.9804,,1.18046
47.4904,-146.672,-11.6225,,1.55082
47.5003,-144.921,-7.9248,,1.91589
47.5103,-142.805,-4.03765,,2.27773
47.5203,-140.333,-0.0517804,,2.62925
47.5303,-137.512,3.86735,,2.97801
47.5403,-134.345,7.6032,,3.32002
47.5504,-130.841,11.1431,,3.6535
47.5603,-127.01,14.4108,,3.97384
47.5703,-122.865,17.411,,4.28497
47.5803,-118.411,20.1703,,4.59114
47.5903,-113.66,22.6673,,4.8781
47.6003,-108.628,24.9426,,5.15672
47.6104,-103.324,26.9689,,5.42404
47.6203,-97.7589,28.7881,,5.67761
47.6303,-91.9504,30.3925,,5.91302
47.6403,-85.9126,31.789,,6.1376
47.6503,-79.6588,33.024,,6.34578
47.6603,-73.2079,34.0871,,6.53552
47.6704,-66.5744,35.0156,,6.71185
47.6804,-59.7734,35.8215,,6.87108
47.6903,-52.8224,36.5109,,7.01302
47.7003,-45.7396,37.0986,,7.13689
47.7103,-38.5431,37.591,,7.24318
47.7203,-31.2501,38.0153,,7.33068
47.7304,-23.8792,38.3667,,7.40149
47.7404,-16.4483,38.6566,,7.4522
47.7503,-8.97645,38.8935,,7.48513
47.7603,-1.48226,39.0776,,7.49896
47.7703,6.01569,39.2084,,7.49443
47.7803,13.4986,39.3036,,7.47063
47.7903,20.9476,39.3624,,7.42875
47.8004,28.3444,39.3728,,7.36794
47.8103,35.6707,39.3526,,7.28934
47.8203,42.908,39.2973,,7.19171
47.8303,50.0379,39.2044,,7.07704
47.8403,57.042,39.0865,,6.94206
47.8503,63.9025,38.9344,,6.79228
47.8604,70.6054,38.7548,,6.62584
47.8703,77.1308,38.5456,,6.4408
47.8803,83.4638,38.302,,6.2427
47.8903,89.5871,38.0345,,6.02363
47.9003,95.4872,37.7184,,5.79703
47.9103,101.149,37.3743,,5.54984
47.9204,106.559,37.0084,,5.29146
47.9304,111.704,36.5819,,5.02524
47.9403,116.568,36.1518,,4.73005
47.9503,121.137,35.6641,,4.43464
47.9603,125.406,35.1336,,4.13151
47.9703,129.364,34.5535,,3.81329
47.9804,132.995,33.9108,,3.4823
47.9904,136.293,33.2179,,3.14749
48.0003,139.254,32.4581,,2.80597
48.0103,141.868,31.6277,,2.45382
48.0203,144.123,30.7163,,2.09266
48.0303,146.017,29.6821,,1.733
48.0403,147.55,28.5329,,1.36707
48.0504,148.714,27.2325,,0.997544
48.0603,149.505,25.7574,,0.622221
48.0703,149.923,24.0647,,0.25017
48.0803,149.966,22.1156,,-0.125954
48.0903,149.633,19.8417,,-0.502539
48.1003,148.927,17.2061,,-0.872849
48.1104,147.849,14.1771,,-1.24447
48.1203,146.402,10.7546,,-1.61118
48.1303,144.59,7.02372,,-1.9781
48.1403,142.415,3.07532,,-2.33458
48.1503,139.884,-0.910672,,-2.6904
48.1603,137.002,-4.80327,,-3.03747
48.1704,133.778,-8.51479,,-3.3742
48.1804,130.223,-11.9892,,-3.70427
48.1903,126.338,-15.2161,,-4.02948
48.2003,122.138,-18.1911,,-4.33784
48.2103,117.634,-20.9102,,-4.63847
48.2203,112.836,-23.3798,,-4.92846
48.2304,107.754,-25.6031,,-5.205
48.2404,102.403,-27.5957,,-5.46671
48.2503,96.7983,-29.3651,,-5.71638
48.2603,90.9513,-30.9379,,-5.95183
48.2703,84.8756,-32.3162,,-6.17597
48.2803,78.5872,-33.5252,,-6.37665
48.2903,72.1052,-34.5686,,-6.56685
48.3004,65.4417,-35.4807,,-6.73993
48.3103,58.6139,-36.2449,,-6.89666
48.3203,51.6397,-36.9302,,-7.03487
48.3303,44.5375,-37.4895,,-7.15582
48.3403,37.3231,-37.982,,-7.25932
48.3503,30.0158,-38.3844,,-7.34406
48.3604,22.6337,-38.7356,,-7.41082
48.3703,15.1946,-39.0093,,-7.45926
48.3803,7.71773,-39.2327,,-7.48878
48.3903,0.221433,-39.4173,,-7.49981
48.4003,-7.27541,-39.5454,,-7.49181
48.4103,-14.7539,-39.6248,,-7.46483
48.4204,-22.1954,-39.6646,,-7.41866
48.4304,-29.5812,-39.6769,,-7.35667
48.4403,-36.8938,-39.6437,,-7.27404
48.4503,-44.1141,-39.5899,,-7.17338
48.4603,-51.2243,-39.4976,,-7.05504
48.4703,-58.2052,-39.3782,,-6.91866
48.4804,-65.0419,-39.2157,,-6.76675
48.4904,-71.7155,-39.0349,,-6.59492
48.5003,-78.2098,-38.806,,-6.40937
48.5103,-84.5087,-38.5526,,-6.20752
48.5203,-90.5976,-38.2799,,-5.98765
48.5303,-96.4568,-37.9593,,-5.7536
48.5403,-102.077,-37.6245,,-5.50905
48.5504,-107.444,-37.2435,,-5.24861
48.5603,-112.542,-36.8281,,-4.96948
48.5703,-117.354,-36.3762,,-4.68427
48.5803,-121.874,-35.8776,,-4.38481
48.5903,-126.092,-35.3391,,-4.0782
48.6003,-129.995,-34.7418,,-3.76003
48.6104,-133.574,-34.1046,,-3.42778
48.6203,-136.817,-33.3976,,-3.09217
48.6303,-139.72,-32.6235,,-2.74406
48.6403,-142.271,-31.7863,,-2.39423
48.6503,-144.468,-30.8429,,-2.03427
48.6603,-146.301,-29.7993,,-1.66915
48.6704,-147.772,-28.6396,,-1.30666
48.6804,-148.873,-27.3019,,-0.933796
48.6903,-149.602,-25.7957,,-0.560375
48.7003,-149.956,-24.0506,,-0.186051
48.7103,-149.937,-22.0531,,0.188524
48.7203,-149.541,-19.7219,,0.564718
48.7304,-148.772,-17.0203,,0.935329
48.7404,-147.632,-13.9284,,1.30817
48.7503,-146.122,-10.4328,,1.67358
48.7603,-144.249,-6.64737,,2.03799
48.7703,-142.011,-2.68514,,2.39725
48.7803,-139.423,1.28922,,2.74518
48.7903,-136.484,5.17046,,3.09605
48.8004,-133.203,8.84641,,3.43013
48.8103,-129.591,12.2805,,3.76011
48.8203,-125.654,15.4635,,4.08124
48.8303,-121.402,18.4012,,4.38968
48.8403,-116.845,21.0778,,4.69127
48.8503,-111.998,23.513,,4.97361
48.8604,-106.872,25.7102,,5.24868
48.8703,-101.479,27.6621,,5.50878
48.8803,-95.8315,29.3982,,5.75878
48.8903,-89.9445,30.9231,,5.99071
48.9003,-83.8312,32.2806,,6.21052
48.9103,-77.5095,33.4563,,6.40998
48.9204,-70.9965,34.4847,,6.59575
48.9304,-64.3045,35.3699,,6.76814
48.9403,-57.451,36.1229,,6.921
48.9503,-50.4543,36.7699,,7.05629
48.9603,-43.3317,37.319,,7.17345
48.9703,-36.102,37.7936,,7.27468
48.9804,-28.7795,38.1979,,7.35787
48.9904,-21.3859,38.5336,,7.41999
49.0003,-13.9395,38.8018,,7.46524
49.0103,-6.4582,39.0155,,7.49182
49.0203,1.03968,39.1753,,7.4996
49.0303,8.53466,39.3001,,7.48861
49.0403,16.0082,39.3737,,7.45868
49.0504,23.4421,39.4201,,7.41034
49.0603,30.8171,39.4254,,7.34335
49.0703,38.1149,39.3922,,7.25782
49.0803,45.3172,39.3209,,7.15457
49.0903,52.4068,39.2243,,7.03414
49.1003,59.3658,39.0841,,6.89499
49.1104,66.1762,38.914,,6.73859
49.1203,72.8207,38.7388,,6.56452
49.1303,79.2828,38.517,,6.37664
49.1403,85.5474,38.2668,,6.17019
49.1503,91.598,37.9788,,5.9501
49.1603,97.4199,37.659,,5.71472
49.1704,102.997,37.2969,,5.46424
49.1804,108.318,36.9085,,5.20129
49.1903,113.365,36.4938,,4.92057
49.2003,118.135,36.0362,,4.64162
49.2103,122.609,35.534,,4.33526
49.2203,126.772,34.9839,,4.02227
49.2304,130.62,34.3848,,3.70359
49.2404,134.142,33.7302,,3.37205
49.2503,137.329,33.0209,,3.03338
49.2603,140.172,32.2318,,2.68862
49.2703,142.666,31.3778,,2.33155
49.2803,144.801,30.4131,,1.97354
49.2903,146.574,29.3517,,1.6088
49.3004,147.982,28.1489,,1.24327
49.3103,149.021,26.8007,,0.871526
49.3203,149.688,25.2607,,0.499411
49.3303,149.98,23.4658,,0.122195
49.3403,149.897,21.4167,,-0.251273
49.3503,149.44,19.0305,,-0.625511
49.3604,148.608,16.2536,,-1.00092
49.3703,147.403,13.0811,,-1.36938
49.3803,145.833,9.54765,,-1.73481
49.3903,143.897,5.7121,,-2.09819
49.4003,141.604,1.72859,,-2.45464
49.4103,138.954,-2.24007,,-2.80758
49.4204,135.956,-6.08555,,-3.15147
49.4304,132.619,-9.73057,,-3.48709
49.4403,128.951,-13.1308,,-3.81516
49.4503,124.96,-16.2697,,-4.13404
49.4603,120.657,-19.1706,,-4.44073
49.4703,116.052,-21.8178,,-4.73697
49.4804,111.157,-24.2013,,-5.02232
49.4904,105.984,-26.3644,,-5.29483
49.5003,100.547,-28.2778,,-5.5531
49.5103,94.8585,-29.978,,-5.79563
49.5203,88.9329,-31.4723,,-6.02995
49.5303,82.7839,-32.8008,,-6.24329
49.5403,76.4302,-33.9436,,-6.44285
49.5504,69.884,-34.9517,,-6.62742
49.5603,63.1635,-35.8153,,-6.79457
49.5703,56.2842,-36.5547,,-6.94554
49.5803,49.2649,-37.1875,,-7.0771
49.5903,42.1239,-37.7328,,-7.19103
49.6003,34.8764,-38.1791,,-7.29118
49.6104,27.5404,-38.5651,,-7.36914
49.6203,20.1371,-38.8891,,-7.4287
49.6303,12.6834,-39.1496,,-7.47152
49.6403,5.19782,-39.362,,-7.49425
49.6503,-2.30066,-39.5214,,-7.49882
49.6603,-9.79341,-39.6331,,-7.48505
49.6704,-17.2617,-39.6946,,-7.45185
49.6804,-24.6868,-39.7297,,-7.40066
49.6903,-32.05,-39.721,,-7.32974
49.7003,-39.3332,-39.6832,,-7.24277
49.7103,-46.5182,-39.6133,,-7.13568
49.7203,-53.5871,-39.5144,,-7.01216
49.7304,-60.5217,-39.3762,,-6.86805
49.7404,-67.3037,-39.2069,,-6.70902
49.7503,-73.9192,-39.0115,,-6.53612
49.7603,-80.3507,-38.7742,,-6.34331
49.7703,-86.5816,-38.52,,-6.13659
49.7803,-92.5945,-38.2315,,-5.9108
49.7903,-98.3746,-37.9073,,-5.67098
49.8004,-103.91,-37.5442,,-5.42191
49.8103,-109.188,-37.1519,,-5.15582
49.8203,-114.189,-36.7191,,-4.87608
49.8303,-118.907,-36.2589,,-4.58601
49.8403,-123.328,-35.7401,,-4.28364
49.8503,-127.441,-35.191,,-3.97184
49.8604,-131.236,-34.5925,,-3.64999
49.8703,-134.703,-33.9197,,-3.31423
49.8803,-137.831,-33.1944,,-2.97472
49.8903,-140.613,-32.4001,,-2.62531
49.9003,-143.048,-31.5126,,-2.27606
49.9103,-145.124,-30.543,,-1.91266
49.9204,-146.837,-29.4611,,-1.54869
49.9304,-148.183,-28.2489,,-1.17978
49.9403,-149.16,-26.8581,,-0.809765
49.9503,-149.762,-25.2719,,-0.434159
49.9603,-149.991,-23.4532,,-0.0590666
49.9703,-149.845,-21.334,,0.31235
49.9804,-149.326,-18.8825,,0.689271
49.9904,-148.432,-16.0429,,1.06209
50.0003,-147.165,-12.8027,,1.43201
50.0103,-145.533,-9.20679,,1.79598
50.0203,-143.536,-5.34186,,2.16285
50.0303,-141.179,-1.35452,,2.51172
50.0403,-138.475,2.61849,,2.86315
50.0504,-135.42,6.43947,,3.20979
50.0603,-132.026,10.0494,,3.54344
50.0703,-128.303,13.4234,,3.86819
50.0803,-124.26,16.5149,,4.18506
50.0903,-119.905,19.3781,,4.49119
50.1003,-115.249,21.9656,,4.78909
50.1104,-110.305,24.3167,,5.06871
50.1203,-105.088,26.4284,,5.3359
50.1303,-99.6095,28.3225,,5.59442
50.1403,-93.8792,29.9958,,5.83766
50.1503,-87.9152,31.4675,,6.06595
50.1603,-81.7318,32.7614,,6.27939
50.1704,-75.3416,33.8784,,6.47588
50.1804,-68.7654,34.8439,,6.65698
50.1903,-62.0171,35.6854,,6.82026
50.2003,-55.1136,36.412,,6.96924
50.2103,-48.0717,37.0273,,7.09888
50.2203,-40.9104,37.5499,,7.20905
50.2304,-33.6481,38.0024,,7.30416
50.2404,-26.3003,38.3723,,7.38041
50.2503,-18.8865,38.6816,,7.4379
50.2603,-11.4263,38.9415,,7.47628
50.2703,-3.93747,39.1294,,7.49651
50.2803,3.56141,39.2786,,7.4981
50.2903,11.0514,39.388,,7.48055
50.3004,18.5139,39.4426,,7.44476
50.3103,25.9297,39.464,,7.38986
50.3203,33.2808,39.46,,7.31691
50.3303,40.5492,39.4223,,7.22565
50.3403,47.7158,39.3425,,7.11617
50.3503,54.7642,39.237,,6.98964
50.3604,61.675,39.0921,,6.84294
50.3703,68.4307,38.9218,,6.68245
50.3803,75.0156,38.7093,,6.50314
50.3903,81.4129,38.4782,,6.30837
50.4003,87.6071,38.2208,,6.09889
50.4103,93.5834,37.9057,,5.87243
50.4204,99.3249,37.5933,,5.63317
50.4304,104.818,37.2256,,5.37661
50.4403,110.048,36.8287,,5.10654
50.4503,115.001,36.388,,4.82898
50.4603,119.672,35.9176,,4.53892
50.4703,124.043,35.394,,4.2312
50.4804,128.102,34.8303,,3.91563
50.4904,131.842,34.2144,,3.59514
50.5003,135.253,33.5433,,3.25967
50.5103,138.323,32.8023,,2.91464
50.5203,141.051,31.997,,2.57156
50.5303,143.424,31.0985,,2.21258
50.5403,145.439,30.1102,,1.85015
50.5504,147.089,28.9987,,1.48716
50.5603,148.374,27.7513,,1.11813
50.5703,149.287,26.3464,,0.745522
50.5803,149.827,24.718,,0.371678
50.5903,149.994,22.8432,,-2.05E-03
50.6003,149.784,20.6772,,-3.78E-01
50.6104,149.2,18.1517,,-0.753172
50.6203,148.241,15.2518,,-1.12594
50.6303,146.914,11.9514,,-1.49133
50.6403,145.222,8.30245,,-1.85781
50.6503,143.166,4.39573,,-2.21593
50.6603,140.752,0.396832,,-2.57648
50.6704,137.984,-3.56255,,-2.92353
50.6804,134.871,-7.3699,,-3.26572
50.6903,131.423,-10.933,,-3.59795
50.7003,127.643,-14.2526,,-3.92491
50.7103,123.546,-17.3132,,-4.23653
50.7203,119.142,-20.127,,-4.54195
50.7304,114.437,-22.6762,,-4.83389
50.7404,109.448,-24.9978,,-5.11511
50.7503,104.185,-27.0833,,-5.38119
50.7603,98.6626,-28.93,,-5.63763
50.7703,92.8915,-30.5698,,-5.87639
50.7803,86.8894,-32.0132,,-6.10321
50.7903,80.6704,-33.2706,,-6.31254
50.8004,74.249,-34.3544,,-6.50733
50.8103,67.6419,-35.3087,,-6.6868
50.8203,60.8662,-36.1279,,-6.84596
50.8303,53.9387,-36.832,,-6.9921
50.8403,46.8762,-37.4438,,-7.11668
50.8503,39.6968,-37.9585,,-7.22789
50.8604,32.4172,-38.3862,,-7.3191
50.8703,25.0573,-38.7478,,-7.39089
50.8803,17.6351,-39.0445,,-7.44528
50.8903,10.1685,-39.2797,,-7.48111
50.9003,2.67667,-39.4643,,-7.49794
50.9103,-4.82194,-39.6133,,-7.4965
50.9204,-12.3086,-39.7118,,-7.47557
50.9304,-19.7643,-39.775,,-7.43705
50.9403,-27.1709,-39.7881,,-7.37911
50.9503,-34.5091,-39.774,,-7.30168
50.9603,-41.7613,-39.7195,,-7.20886
50.9703,-48.9093,-39.6341,,-7.09501
50.9804,-55.9354,-39.5245,,-6.96648
50.9904,-62.821,-39.374,,-6.81806
51.0003,-69.5497,-39.1916,,-6.65327
51.0103,-76.104,-38.9833,,-6.47162
51.0203,-82.4681,-38.7446,,-6.27225
51.0303,-88.625,-38.4791,,-6.06257
51.0403,-94.5644,-38.1741,,-5.83417
51.0504,-100.266,-37.8399,,-5.59164
51.0603,-105.716,-37.4651,,-5.33366
51.0703,-110.902,-37.0669,,-5.06108
51.0803,-115.809,-36.6265,,-4.78038
51.0903,-120.429,-36.1358,,-4.48642
51.1003,-124.748,-35.6116,,-4.17922
51.1104,-128.752,-35.0272,,-3.86136
51.1203,-132.437,-34.4125,,-3.53847
51.1303,-135.792,-33.7211,,-3.20363
51.1403,-138.807,-32.9801,,-2.85867
51.1503,-141.473,-32.1665,,-2.50906
51.1603,-143.788,-31.2557,,-2.15336
51.1704,-145.742,-30.2351,,-1.79108
51.1804,-147.331,-29.1094,,-1.42324
51.1903,-148.553,-27.8232,,-1.05692
51.2003,-149.405,-26.3747,,-0.682176
51.2103,-149.881,-24.7231,,-0.308771
51.2203,-149.984,-22.8118,,0.0643765
51.2304,-149.713,-20.5898,,0.441763
51.2404,-149.065,-18.0141,,0.814459
51.2503,-148.047,-15.0195,,1.18615
51.2603,-146.658,-11.6472,,1.55279
51.2703,-144.904,-7.92342,,1.91861
51.2803,-142.786,-4.01226,,2.28102
51.2903,-140.31,-6.81E-03,,2.63425
51.3004,-137.484,3.93E+00,,2.98001
51.3103,-134.316,7.68044,,3.32341
51.3203,-130.809,11.2355,,3.65389
51.3303,-126.978,14.5078,,3.97494
51.3403,-122.83,17.537,,4.28806
51.3503,-118.375,20.3159,,4.59004
51.3604,-113.621,22.8329,,4.885
51.3703,-108.584,25.1122,,5.16231
51.3803,-103.273,27.1486,,5.42862
51.3903,-97.7066,28.9561,,5.67795
51.4003,-91.897,30.5632,,5.91546
51.4103,-85.8573,31.9784,,6.13925
51.4204,-79.6032,33.205,,6.34616
51.4304,-73.1499,34.28,,6.53824
51.4403,-66.5138,35.2017,,6.71407
51.4503,-59.7115,36.0075,,6.87148
51.4603,-52.7599,36.6813,,7.0141
51.4703,-45.6763,37.2741,,7.13741
51.4804,-38.4795,37.7698,,7.2437
51.4904,-31.1852,38.1946,,7.33248
51.5003,-23.8134,38.5374,,7.40124
51.5103,-16.3826,38.8263,,7.45274
51.5203,-8.91023,39.0581,,7.48521
51.5303,-1.41579,39.2313,,7.49939
51.5403,6.08215,39.3777,,7.49421
51.5504,13.565,39.4618,,7.47043
51.5603,21.0138,39.5192,,7.42842
51.5703,28.4099,39.5294,,7.36728
51.5803,35.7357,39.508,,7.2888
51.5903,42.972,39.4486,,7.19075
51.6003,50.1002,39.3543,,7.07482
51.6104,57.1034,39.2329,,6.94188
51.6203,63.9634,39.078,,6.79047
51.6303,70.6636,38.9044,,6.62425
51.6403,77.1882,38.6888,,6.44053
51.6503,83.5214,38.4547,,6.24271
51.6603,89.6452,38.1709,,6.02312
51.6704,95.5413,37.8513,,5.79151
51.6804,101.199,37.5153,,5.54596
51.6903,106.604,37.1365,,5.28872
51.7003,111.746,36.7317,,5.01914
51.7103,116.608,36.2777,,4.73266
51.7203,121.178,35.7939,,4.43223
51.7304,125.442,35.2545,,4.12685
51.7404,129.396,34.6825,,3.81014
51.7503,133.027,34.0394,,3.48261
51.7603,136.323,33.3479,,3.14355
51.7703,139.279,32.5854,,2.80197
51.7803,141.888,31.7427,,2.45001
51.7903,144.141,30.8111,,2.09102
51.8004,146.035,29.7908,,1.73083
51.8103,147.563,28.627,,1.36239
51.8203,148.723,27.3368,,0.993247
51.8303,149.511,25.853,,0.618703
51.8403,149.924,24.1596,,0.246436
51.8503,149.965,22.1873,,-0.128577
51.8604,149.63,19.8993,,-0.503984
51.8703,148.918,17.2498,,-0.879159
51.8803,147.837,14.1874,,-1.24681
51.8903,146.387,10.768,,-1.61617
51.9003,144.57,7.01122,,-1.97982
51.9103,142.392,3.06271,,-2.33979
51.9204,139.859,-0.94807,,-2.69105
51.9304,136.976,-4.86468,,-3.03923
51.9403,133.749,-8.61046,,-3.37926
51.9503,130.188,-12.1061,,-3.70798
51.9603,126.301,-15.339,,-4.03257
51.9703,122.098,-18.3311,,-4.3398
51.9804,117.594,-21.0558,,-4.63856
51.9904,112.793,-23.53,,-4.93092
52.0003,107.709,-25.78,,-5.20701
52.0103,102.356,-27.7825,,-5.47177
52.0203,96.7466,-29.56,,-5.71764
52.0303,90.8979,-31.1277,,-5.95584
52.0403,84.8213,-32.5085,,-6.17373
52.0504,78.5323,-33.7049,,-6.37911
52.0603,72.0468,-34.7577,,-6.57081
52.0703,65.3811,-35.669,,-6.7404
52.0803,58.553,-36.44,,-6.89766
52.0903,51.5772,-37.115,,-7.03661
52.1003,44.474,-37.6817,,-7.15534
52.1104,37.2598,-38.1538,,-7.26044
52.1203,29.9509,-38.5632,,-7.34554
52.1303,22.5677,-38.9008,,-7.41165
52.1403,15.1282,-39.1895,,-7.45965
52.1503,7.65107,-39.4068,,-7.4885
52.1603,0.154734,-39.583,,-7.50003
52.1704,-7.34193,-39.7134,,-7.49138
52.1804,-14.8202,-39.7902,,-7.46475
52.1903,-22.2614,-39.8297,,-7.41887
52.2003,-29.6474,-39.8365,,-7.35633
52.2103,-36.9593,-39.8069,,-7.27324
52.2203,-44.178,-39.7379,,-7.17078
52.2304,-51.2862,-39.6569,,-7.05432
52.2404,-58.2669,-39.5305,,-6.91807
52.2503,-65.1018,-39.3704,,-6.76403
52.2603,-71.7739,-39.1774,,-6.59376
52.2703,-78.2659,-38.9571,,-6.40756
52.2803,-84.5639,-38.7141,,-6.20694
52.2903,-90.6507,-38.4167,,-5.98433
52.3004,-96.5081,-38.1087,,-5.7527
52.3103,-102.127,-37.7649,,-5.50668
52.3203,-107.489,-37.3882,,-5.24203
52.3303,-112.584,-36.9689,,-4.97341
52.3403,-117.398,-36.5127,,-4.68069
52.3503,-121.916,-36.0102,,-4.38309
52.3604,-126.13,-35.463,,-4.07371
52.3703,-130.029,-34.8712,,-3.75504
52.3803,-133.602,-34.2396,,-3.42392
52.3903,-136.843,-33.5244,,-3.08984
52.4003,-139.742,-32.7607,,-2.74181
52.4103,-142.291,-31.9111,,-2.38994
52.4204,-144.484,-30.9591,,-2.03124
52.4304,-146.318,-29.9036,,-1.67053
52.4403,-147.783,-28.7357,,-1.29802
52.4503,-148.881,-27.3928,,-0.932712
52.4603,-149.606,-25.8883,,-0.555887
52.4703,-149.958,-24.1414,,-0.183152
52.4804,-149.934,-22.1367,,0.192255
52.4904,-149.535,-19.7911,,0.567618
52.5003,-148.764,-17.071,,0.937805
52.5103,-147.622,-13.9518,,1.30882
52.5203,-146.109,-10.4411,,1.67961
52.5303,-144.231,-6.63484,,2.03874
52.5403,-141.995,-2.66569,,2.39852
52.5504,-139.4,1.34354,,2.75313
52.5603,-136.456,5.22951,,3.0987
52.5703,-133.173,8.92169,,3.43315
52.5803,-129.557,12.3874,,3.76426
52.5903,-125.615,15.5904,,4.0848
52.6003,-121.361,18.542,,4.3912
52.6104,-116.806,21.2309,,4.68846
52.6203,-111.957,23.679,,4.97818
52.6303,-106.827,25.8785,,5.25256
52.6403,-101.43,27.8364,,5.51215
52.6503,-95.7811,29.5834,,5.75877
52.6603,-89.8934,31.117,,5.99285
52.6704,-83.7783,32.4696,,6.21101
52.6804,-77.4562,33.6417,,6.4122
52.6903,-70.9393,34.6639,,6.59978
52.7003,-64.2439,35.5436,,6.77033
52.7103,-57.3892,36.3044,,6.9222
52.7203,-50.3922,36.9556,,7.05575
52.7304,-43.2685,37.5011,,7.17638
52.7404,-36.0366,37.9766,,7.27511
52.7503,-28.7141,38.3649,,7.35815
52.7603,-21.32,38.6986,,7.42089
52.7703,-13.8731,38.9599,,7.46534
52.7803,-6.39152,39.1828,,7.49192
52.7903,1.10623,39.347,,7.49964
52.8004,8.60115,39.4604,,7.48818
52.8103,16.0745,39.5431,,7.45867
52.8203,23.508,39.5771,,7.40965
52.8303,30.8826,39.5693,,7.34293
52.8403,38.1793,39.5327,,7.25672
52.8503,45.3809,39.469,,7.15384
52.8604,52.4703,39.3774,,7.03375
52.8703,59.4278,39.2414,,6.89317
52.8803,66.2362,39.0786,,6.73643
52.8903,72.8788,38.8914,,6.56349
52.9003,79.3393,38.6511,,6.37386
52.9103,85.601,38.393,,6.16643
52.9204,91.6495,38.1164,,5.94999
52.9304,97.4704,37.7891,,5.71338
52.9403,103.047,37.4434,,5.4631
52.9503,108.365,37.06,,5.19866
52.9603,113.414,36.6362,,4.9233
52.9703,118.179,36.1656,,4.63467
52.9804,122.648,35.6596,,4.33101
52.9904,126.808,35.109,,4.01906
53.0003,130.653,34.5064,,3.70092
53.0103,134.171,33.8504,,3.36717
53.0203,137.355,33.1428,,3.03229
53.0303,140.196,32.3511,,2.68447
53.0403,142.685,31.4935,,2.32772
53.0504,144.818,30.5319,,1.97142
53.0603,146.589,29.451,,1.60731
53.0703,147.994,28.2418,,1.23821
53.0803,149.028,26.8932,,0.86814
53.0903,149.691,25.343,,0.494371
53.1003,149.98,23.5583,,0.120797
53.1104,149.893,21.487,,-0.256167
53.1203,149.433,19.0897,,-0.627509
53.1303,148.599,16.2914,,-1.00335
53.1403,147.391,13.1075,,-1.37388
53.1503,145.816,9.55075,,-1.73852
53.1603,143.877,5.70282,,-2.10332
53.1704,141.578,1.7091,,-2.45729
53.1804,138.927,-2.30156,,-2.80893
53.1903,135.929,-6.15208,,-3.1524
53.2003,132.588,-9.82774,,-3.49288
53.2103,128.917,-13.2445,,-3.81612
53.2203,124.924,-16.405,,-4.13577
53.2304,120.618,-19.3041,,-4.44396
53.2404,116.01,-21.9702,,-4.74037
53.2503,111.113,-24.3579,,-5.02363
53.2603,105.938,-26.5166,,-5.29802
53.2703,100.498,-28.4554,,-5.55331
53.2803,94.8076,-30.1676,,-5.79953
53.2903,88.8806,-31.6757,,-6.03076
53.3004,82.7287,-32.996,,-6.24825
53.3103,76.3717,-34.1429,,-6.44373
53.3203,69.8249,-35.1312,,-6.62903
53.3303,63.1018,-35.9863,,-6.79655
53.3403,56.2221,-36.7288,,-6.94545
53.3503,49.2025,-37.376,,-7.07819
53.3604,42.0591,-37.9064,,-7.19375
53.3703,34.8104,-38.3665,,-7.29046
53.3803,27.4755,-38.7432,,-7.36912
53.3903,20.0715,-39.0576,,-7.42959
53.4003,12.617,-39.3161,,-7.4718
53.4103,5.13133,-39.5233,,-7.49454
53.4204,-2.36721,-39.6801,,-7.49871
53.4304,-9.85989,-39.7892,,-7.48494
53.4403,-17.328,-39.8661,,-7.45166
53.4503,-24.7526,-39.8933,,-7.39927
53.4603,-32.1153,-39.8745,,-7.33041
53.4703,-39.3973,-39.8419,,-7.24052
53.4804,-46.5817,-39.7653,,-7.13553
53.4904,-53.6487,-39.6565,,-7.00948
53.5003,-60.5819,-39.5265,,-6.86835
53.5103,-67.3653,-39.3566,,-6.71028
53.5203,-73.9788,-39.1565,,-6.53156
53.5303,-80.407,-38.921,,-6.34171
53.5403,-86.6349,-38.6634,,-6.13263
53.5504,-92.6464,-38.3634,,-5.91039
53.5603,-98.4273,-38.0438,,-5.67186
53.5703,-103.96,-37.6841,,-5.41761
53.5803,-109.233,-37.3002,,-5.15402
53.5903,-114.237,-36.8623,,-4.8773
53.6003,-118.952,-36.3913,,-4.57948
53.6104,-123.367,-35.8763,,-4.28201
53.6203,-127.478,-35.3162,,-3.96743
53.6303,-131.269,-34.7045,,-3.64609
53.6403,-134.732,-34.0427,,-3.31194
53.6503,-137.857,-33.314,,-2.97145
53.6603,-140.639,-32.5185,,-2.62424
53.6704,-143.069,-31.6331,,-2.27156
53.6804,-145.143,-30.6561,,-1.91157
53.6903,-146.853,-29.5779,,-1.54372
53.7003,-148.193,-28.3379,,-1.17366
53.7103,-149.166,-26.9527,,-0.80763
53.7203,-149.767,-25.3562,,-0.431215
53.7304,-149.991,-23.5289,,-0.0555096
53.7404,-149.841,-21.4086,,0.319213
53.7503,-149.317,-18.9365,,0.690801
53.7603,-148.42,-16.0885,,1.06469
53.7703,-147.152,-12.8287,,1.43318
53.7803,-145.517,-9.20394,,1.80089
53.7903,-143.519,-5.32493,,2.15804
53.8004,-141.162,-1.31635,,2.51913
53.8103,-138.449,2.67152,,2.87047
53.8203,-135.392,6.51724,,3.21138
53.8303,-131.994,10.1492,,3.54767
53.8403,-128.267,13.5224,,3.87302
53.8503,-124.22,16.6376,,4.1878
53.8604,-119.862,19.5107,,4.49377
53.8703,-115.205,22.1157,,4.78758
53.8803,-110.262,24.4882,,5.07062
53.8903,-105.042,26.6152,,5.33991
53.9003,-99.5597,28.5089,,5.59742
53.9103,-93.8271,30.1759,,5.84087
53.9204,-87.8587,31.6551,,6.06962
53.9304,-81.6731,32.939,,6.27947
53.9403,-75.2842,34.0632,,6.47521
53.9503,-68.7073,35.0306,,6.658
53.9603,-61.9561,35.8724,,6.82422
53.9703,-55.051,36.5921,,6.96881
53.9804,-48.0091,37.2123,,7.09938
53.9904,-40.8471,37.7274,,7.2108
54.0003,-33.5827,38.1701,,7.30536
54.0103,-26.2343,38.5373,,7.38102
54.0203,-18.8205,38.8519,,7.43749
54.0303,-11.3598,39.099,,7.47716
54.0403,-3.87061,39.2991,,7.49667
54.0504,3.62809,39.4368,,7.49755
54.0603,11.1178,39.5494,,7.48046
54.0703,18.58,39.5977,,7.44454
54.0803,25.9955,39.6268,,7.38923
54.0903,33.3455,39.6211,,7.31555
54.1003,40.6126,39.5726,,7.22465
54.1104,47.7783,39.4987,,7.11481
54.1203,54.8245,39.3832,,6.98675
54.1303,61.7338,39.2335,,6.84327
54.1403,68.4888,39.0597,,6.68068
54.1503,75.0726,38.8499,,6.50243
54.1603,81.4691,38.6269,,6.3066
54.1704,87.6612,38.3571,,6.09708
54.1804,93.6345,38.0602,,5.86929
54.1903,99.3734,37.7376,,5.63098
54.2003,104.865,37.3629,,5.37485
54.2103,110.093,36.9557,,5.10753
54.2203,115.048,36.5244,,4.82655
54.2304,119.714,36.0404,,4.53341
54.2404,124.081,35.5247,,4.22908
54.2503,128.138,34.9643,,3.91363
54.2603,131.873,34.3427,,3.58907
54.2703,135.28,33.6706,,3.25605
54.2803,138.348,32.9276,,2.91204
54.2903,141.068,32.1127,,2.56417
54.3004,143.441,31.2132,,2.2129
54.3103,145.453,30.2185,,1.84807
54.3203,147.101,29.0967,,1.48416
54.3303,148.384,27.8554,,1.11597
54.3403,149.293,26.4335,,0.741852
54.3503,149.83,24.8099,,0.367304
54.3604,149.991,22.9227,,-5.66E-03
54.3703,149.781,20.749,,-3.78E-01
54.3803,149.196,18.2094,,-0.755157
54.3903,148.235,15.2797,,-1.12814
54.4003,146.903,11.9627,,-1.49785
54.4103,145.205,8.29582,,-1.86184
54.4204,143.145,4.36879,,-2.22171
54.4304,140.727,0.352598,,-2.57705
54.4403,137.957,-3.61663,,-2.92637
54.4503,134.842,-7.4372,,-3.26924
54.4603,131.389,-11.0314,,-3.60023
54.4703,127.61,-14.3641,,-3.92464
54.4804,123.511,-17.4511,,-4.24086
54.4904,119.101,-20.2743,,-4.54576
54.5003,114.395,-22.8393,,-4.83619
54.5103,109.403,-25.1665,,-5.11759
54.5203,104.136,-27.2558,,-5.38581
54.5303,98.6108,-29.1165,,-5.63793
54.5403,92.8407,-30.754,,-5.87722
54.5504,86.8359,-32.196,,-6.1066
54.5603,80.6131,-33.4539,,-6.31537
54.5703,74.1899,-34.5454,,-6.50893
54.5803,67.5816,-35.4997,,-6.68689
54.5903,60.805,-36.3123,,-6.84862
54.6003,53.8764,-37.0172,,-6.99147
54.6104,46.8137,-37.6209,,-7.11836
54.6203,39.6332,-38.1344,,-7.22803
54.6303,32.3525,-38.5589,,-7.32063
54.6403,24.9915,-38.9067,,-7.3918
54.6503,17.569,-39.2107,,-7.44505
54.6603,10.1022,-39.4434,,-7.48145
54.6704,2.61011,-39.6356,,-7.49829
54.6804,-4.8886,-39.7768,,-7.49636
54.6903,-12.375,-39.8777,,-7.47557
54.7003,-19.8305,-39.9325,,-7.43646
54.7103,-27.2366,-39.934,,-7.37868
54.7203,-34.5741,-39.9284,,-7.30115
54.7304,-41.8257,-39.8735,,-7.20742
54.7404,-48.9723,-39.7866,,-7.09447
54.7503,-55.9966,-39.6736,,-6.96393
54.7603,-62.8811,-39.5251,,-6.81685
54.7703,-69.6087,-39.346,,-6.65308
54.7803,-76.1618,-39.129,,-6.46929
54.7903,-82.5254,-38.8945,,-6.2746
54.8004,-88.6837,-38.6188,,-6.05902
54.8103,-94.6169,-38.3084,,-5.82944
54.8203,-100.316,-37.972,,-5.58923
54.8303,-105.763,-37.6021,,-5.32933
54.8403,-110.947,-37.1945,,-5.06374
54.8503,-115.854,-36.7526,,-4.77622
54.8604,-120.469,-36.2703,,-4.48175
54.8703,-124.785,-35.7454,,-4.17857
54.8803,-128.789,-35.1643,,-3.85978
54.8903,-132.469,-34.5382,,-3.5333
54.9003,-135.82,-33.8516,,-3.19958
54.9103,-138.832,-33.0901,,-2.85651
54.9204,-141.497,-32.2755,,-2.50627
54.9304,-143.806,-31.3538,,-2.14895
54.9403,-145.757,-30.3407,,-1.78832
54.9503,-147.344,-29.2187,,-1.42044
54.9603,-148.562,-27.9366,,-1.05249
54.9703,-149.41,-26.476,,-0.680272
54.9804,-149.885,-24.8113,,-0.306764
54.9904,-149.984,-22.8772,,0.0713143
55.0003,-149.707,-20.6446,,0.444098
55.0103,-149.058,-18.0486,,0.816637
55.0203,-148.036,-15.0557,,1.19011
55.0303,-146.644,-11.6716,,1.55697
55.0403,-144.885,-7.92965,,1.92255
55.0504,-142.765,-3.99374,,2.28176
55.0603,-140.287,0.0475949,,2.63731
55.0703,-137.458,3.99546,,2.98502
55.0803,-134.285,7.77579,,3.3264
55.0903,-130.775,11.33,,3.65689
55.1003,-126.94,14.6329,,3.9791
55.1104,-122.79,17.6676,,4.2901
55.1203,-118.331,20.4594,,4.59578
55.1303,-113.576,22.9947,,4.88293
55.1403,-108.536,25.2772,,5.16512
55.1503,-103.226,27.329,,5.42942
55.1603,-97.6563,29.1472,,5.68007
55.1704,-91.8455,30.7445,,5.9167
55.1804,-85.8036,32.1593,,6.14141
55.1903,-79.5475,33.3931,,6.34879
55.2003,-73.0919,34.4671,,6.54038
55.2103,-66.4543,35.3881,,6.71514
55.2203,-59.6506,36.1927,,6.87354
55.2304,-52.697,36.8724,,7.0156
55.2404,-45.612,37.4508,,7.13905
55.2503,-38.415,37.9375,,7.24229
55.2603,-31.1209,38.3592,,7.33344
55.2703,-23.7475,38.7058,,7.40287
55.2803,-16.3163,39.0017,,7.45251
55.2903,-8.84382,39.2278,,7.4858
55.3004,-1.34906,39.4032,,7.49919
55.3103,6.14872,39.539,,7.49426
55.3203,13.6312,39.6207,,7.46989
55.3303,21.0798,39.6714,,7.42811
55.3403,28.4754,39.677,,7.36681
55.3503,35.8001,39.6538,,7.28715
55.3604,43.035,39.6046,,7.18937
55.3703,50.1625,39.5068,,7.07472
55.3803,57.1651,39.3915,,6.94099
55.3903,64.0234,39.2384,,6.78815
55.4003,70.7213,39.0384,,6.62205
55.4103,77.2442,38.8305,,6.43875
55.4204,83.575,38.5877,,6.23881
55.4304,89.6952,38.304,,6.02167
55.4403,95.5914,37.9983,,5.79221
55.4503,101.248,37.6512,,5.5428
55.4603,106.65,37.2819,,5.28679
55.4703,111.79,36.8652,,5.01459
55.4804,116.647,36.4113,,4.72894
55.4904,121.216,35.9174,,4.43451
55.5003,125.48,35.384,,4.12268
55.5103,129.429,34.7962,,3.8061
55.5203,133.056,34.1669,,3.47917
55.5303,136.35,33.471,,3.14308
55.5403,139.303,32.6974,,2.7946
55.5504,141.905,31.8605,,2.44606
55.5603,144.158,30.9241,,2.09165
55.5703,146.049,29.8997,,1.72687
55.5803,147.575,28.7284,,1.36059
55.5903,148.73,27.4358,,0.986756
55.6003,149.514,25.9493,,0.617058
55.6104,149.925,24.2369,,0.243098
55.6203,149.962,22.2671,,-0.131417
55.6303,149.624,19.9668,,-0.508065
55.6403,148.911,17.2901,,-0.878155
55.6503,147.828,14.2309,,-1.25155
55.6603,146.373,10.768,,-1.61995
55.6704,144.553,7.01017,,-1.98371
55.6804,142.37,3.02828,,-2.34451
55.6903,139.834,-0.992956,,-2.69258
55.7003,136.949,-4.92926,,-3.04229
55.7103,133.719,-8.6903,,-3.38118
55.7203,130.156,-12.2021,,-3.71174
55.7304,126.265,-15.4636,,-4.03458
55.7404,122.061,-18.4656,,-4.34189
55.7503,117.551,-21.2073,,-4.64491
55.7603,112.747,-23.6893,,-4.93253
55.7703,107.662,-25.9422,,-5.20839
55.7803,102.308,-27.9564,,-5.47215
55.7903,96.6978,-29.739,,-5.72092
55.8004,90.8459,-31.322,,-5.95741
55.8103,84.7658,-32.7022,,-6.17683
55.8203,78.4754,-33.9041,,-6.38162
55.8303,71.9887,-34.9354,,-6.56987
55.8403,65.3224,-35.8373,,-6.74347
55.8503,58.4913,-36.6167,,-6.89954
55.8604,51.5145,-37.2772,,-7.03679
55.8703,44.4112,-37.8616,,-7.15634
55.8803,37.1948,-38.3462,,-7.26252
55.8903,29.8848,-38.7438,,-7.3461
55.9003,22.5015,-39.0778,,-7.41162
55.9103,15.062,-39.3453,,-7.45976
55.9204,7.58452,-39.5679,,-7.48901
55.9304,0.0879697,-39.7353,,-7.49986
55.9403,-7.40846,-39.8625,,-7.49137
55.9503,-14.8865,-39.9525,,-7.46409
55.9603,-22.3275,-39.9899,,-7.41899
55.9703,-29.7121,-39.9989,,-7.35376
55.9804,-37.0229,-39.9571,,-7.27293
55.9904,-44.2414,-39.8901,,-7.17163
56.0003,-51.3494,-39.7917,,-7.05273
56.0103,-58.3288,-39.6714,,-6.9171
56.0203,-65.1633,-39.5127,,-6.76353
56.0303,-71.8331,-39.3237,,-6.59118
56.0403,-78.3236,-39.1051,,-6.40572
56.0504,-84.62,-38.8525,,-6.20475
56.0603,-90.7043,-38.564,,-5.98448
56.0703,-96.5614,-38.244,,-5.75006
56.0803,-102.178,-37.9007,,-5.50429
56.0903,-107.538,-37.5159,,-5.24107
56.1003,-112.625,-37.0965,,-4.96069
56.1104,-117.435,-36.646,,-4.68367
56.1203,-121.956,-36.1388,,-4.38557
56.1303,-126.169,-35.6005,,-4.06952
56.1403,-130.063,-34.9975,,-3.75145
56.1503,-133.635,-34.3532,,-3.4203
56.1603,-136.869,-33.641,,-3.08404
56.1704,-139.766,-32.8696,,-2.74227
56.1804,-142.314,-32.0217,,-2.38578
56.1903,-144.502,-31.0733,,-2.02619
56.2003,-146.331,-30.0211,,-1.66635
56.2103,-147.794,-28.8373,,-1.29743
56.2203,-148.888,-27.4953,,-0.926527
56.2304,-149.611,-25.9687,,-0.555444
56.2404,-149.959,-24.2212,,-0.17895
56.2503,-149.932,-22.2,,0.194401
56.2603,-149.531,-19.854,,0.571681
56.2703,-148.755,-17.1141,,0.943087
56.2803,-147.608,-13.9848,,1.31133
56.2903,-146.094,-10.4451,,1.68078
56.3004,-144.214,-6.63109,,2.04197
56.3103,-141.972,-2.62821,,2.40519
56.3203,-139.374,1.39111,,2.75424
56.3303,-136.43,5.2958,,3.09872
56.3403,-133.144,9.00646,,3.43676
56.3503,-129.525,12.4968,,3.76869
56.3604,-125.58,15.7143,,4.08701
56.3703,-121.323,18.6756,,4.39468
56.3803,-116.761,21.3883,,4.69496
56.3903,-111.91,23.8311,,4.97848
56.4003,-106.779,26.0425,,5.25319
56.4103,-101.382,28.0176,,5.514
56.4204,-95.7301,29.7581,,5.76267
56.4304,-89.8377,31.3144,,5.99513
56.4403,-83.7236,32.6533,,6.21079
56.4503,-77.3998,33.8293,,6.41391
56.4603,-70.8798,34.8477,,6.60332
56.4703,-64.1831,35.7207,,6.77076
56.4804,-57.3274,36.4844,,6.92305
56.4904,-50.3291,37.1311,,7.0581
56.5003,-43.2036,37.6864,,7.17847
56.5103,-35.9691,38.1525,,7.27572
56.5203,-28.6485,38.5406,,7.35616
56.5303,-21.2546,38.864,,7.42175
56.5403,-13.8069,39.1265,,7.46624
56.5504,-6.32478,39.3419,,7.49186
56.5603,1.17305,39.5046,,7.49967
56.5703,8.66773,39.6274,,7.48806
56.5803,16.1408,39.6961,,7.45801
56.5903,23.5734,39.7314,,7.40889
56.6003,30.9474,39.7332,,7.34244
56.6104,38.2436,39.6906,,7.25626
56.6203,45.4444,39.6183,,7.15261
56.6303,52.5315,39.5224,,7.0309
56.6403,59.4875,39.3858,,6.89282
56.6503,66.2953,39.2162,,6.73548
56.6603,72.9374,39.0321,,6.5627
56.6704,79.397,38.8036,,6.37373
56.6804,85.6584,38.5423,,6.16646
56.6903,91.7044,38.2586,,5.94499
56.7003,97.521,37.9313,,5.71014
56.7103,103.095,37.5776,,5.46003
56.7203,108.41,37.1853,,5.19436
56.7304,113.452,36.7646,,4.91852
56.7404,118.217,36.2959,,4.63429
56.7503,122.684,35.7909,,4.32834
56.7603,126.842,35.2424,,4.0172
56.7703,130.686,34.6344,,3.69972
56.7803,134.203,33.9747,,3.36772
56.7903,137.384,33.262,,3.02601
56.8004,140.219,32.4748,,2.67789
56.8103,142.705,31.593,,2.3299
56.8203,144.836,30.6449,,1.96608
56.8303,146.602,29.5538,,1.60281
56.8403,148.004,28.3447,,1.23666
56.8503,149.037,26.9841,,0.864926
56.8604,149.696,25.4375,,0.491301
56.8703,149.98,23.6357,,0.114088
56.8803,149.889,21.5646,,-0.258488
56.8903,149.426,19.1415,,-0.630658
56.9003,148.589,16.3428,,-1.00499
56.9103,147.381,13.1257,,-1.37453
56.9204,145.803,9.55697,,-1.74423
56.9304,143.859,5.68415,,-2.10749
56.9403,141.555,1.66112,,-2.46168
56.9503,138.901,-2.33879,,-2.8106
56.9603,135.899,-6.23302,,-3.1572
56.9703,132.557,-9.91621,,-3.49293
56.9804,128.883,-13.3507,,-3.82016
56.9904,124.887,-16.5307,,-4.13906
57.0003,120.579,-19.4556,,-4.44659
57.0103,115.966,-22.1132,,-4.74291
57.0203,111.067,-24.5317,,-5.02617
57.0303,105.89,-26.7017,,-5.3
57.0403,100.449,-28.6354,,-5.55557
57.0504,94.7558,-30.3496,,-5.80235
57.0603,88.8253,-31.8577,,-6.03262
57.0703,82.6736,-33.1741,,-6.24747
57.0803,76.3153,-34.3204,,-6.44692
57.0903,69.7652,-35.3187,,-6.63138
57.1003,63.0416,-36.1782,,-6.79663
57.1104,56.1605,-36.9132,,-6.9482
57.1203,49.1388,-37.5549,,-7.07876
57.1303,41.9946,-38.0775,,-7.19453
57.1403,34.746,-38.5358,,-7.29111
57.1503,27.4097,-38.9156,,-7.36994
57.1603,20.0048,-39.2257,,-7.4304
57.1704,12.5505,-39.4821,,-7.47173
57.1804,5.06445,-39.6885,,-7.49465
57.1903,-2.43399,-39.8418,,-7.49881
57.2003,-9.9265,-39.9604,,-7.48431
57.2103,-17.3942,-40.0139,,-7.45153
57.2203,-24.8182,-40.048,,-7.39869
57.2304,-32.1806,-40.0312,,-7.32984
57.2404,-39.4622,-39.9912,,-7.24027
57.2503,-46.6451,-39.9143,,-7.13333
57.2603,-53.7114,-39.8094,,-7.0098
57.2703,-60.6445,-39.6745,,-6.86691
57.2803,-67.4248,-39.5057,,-6.70693
57.2903,-74.0361,-39.2909,,-6.53073
57.3004,-80.4641,-39.0683,,-6.34126
57.3103,-86.6919,-38.8079,,-6.13145
57.3203,-92.6996,-38.5027,,-5.90589
57.3303,-98.4761,-38.1822,,-5.6686
57.3403,-104.007,-37.8223,,-5.41596
57.3503,-109.278,-37.4248,,-5.14968
57.3604,-114.275,-36.9945,,-4.87248
57.3703,-118.989,-36.5227,,-4.58026
57.3803,-123.404,-36.0079,,-4.27846
57.3903,-127.511,-35.4389,,-3.96601
57.4003,-131.3,-34.8347,,-3.64251
57.4103,-134.76,-34.1745,,-3.30854
57.4204,-137.883,-33.4271,,-2.97169
57.4304,-140.663,-32.6425,,-2.62117
57.4403,-143.09,-31.7496,,-2.26637
57.4503,-145.158,-30.7543,,-1.90772
57.4603,-146.867,-29.6758,,-1.54249
57.4703,-148.205,-28.4367,,-1.17124
57.4804,-149.173,-27.0499,,-0.802232
57.4904,-149.771,-25.4518,,-0.429654
57.5003,-149.993,-23.6164,,-0.0529279
57.5103,-149.839,-21.4849,,0.32301
57.5203,-149.311,-18.9943,,0.695401
57.5303,-148.411,-16.1228,,1.0687
57.5403,-147.138,-12.8478,,1.43729
57.5504,-145.501,-9.20049,,1.80227
57.5603,-143.499,-5.30873,,2.16324
57.5703,-141.139,-1.28456,,2.52226
57.5803,-138.422,2.72448,,2.87371
57.5903,-135.363,6.58152,,3.21153
57.6003,-131.964,10.2397,,3.5496
57.6104,-128.233,13.6438,,3.87835
57.6203,-124.181,16.7793,,4.1912
57.6303,-119.823,19.6507,,4.49307
57.6403,-115.167,22.2726,,4.78992
57.6503,-110.218,24.6493,,5.07616
57.6603,-104.994,26.7795,,5.3425
57.6704,-99.509,28.6775,,5.59917
57.6804,-93.7747,30.3672,,5.84211
57.6903,-87.8062,31.8364,,6.07049
57.7003,-81.6198,33.1295,,6.27981
57.7103,-75.2278,34.2509,,6.48103
57.7203,-68.6464,35.2142,,6.6605
57.7304,-61.8947,36.0522,,6.82345
57.7404,-54.9891,36.7687,,6.97114
57.7503,-47.9466,37.3766,,7.09763
57.7603,-40.7849,37.8978,,7.2117
57.7703,-33.5189,38.3412,,7.30807
57.7803,-26.1689,38.7152,,7.38133
57.7903,-18.7547,39.0159,,7.43816
57.8004,-11.2939,39.2665,,7.47699
57.8103,-3.80436,39.4525,,7.49725
57.8203,3.69465,39.5941,,7.49756
57.8303,11.1843,39.6979,,7.48027
57.8403,18.646,39.7536,,7.44394
57.8503,26.061,39.7813,,7.38913
57.8604,33.4114,39.7726,,7.31563
57.8703,40.6776,39.724,,7.22309
57.8803,47.8417,39.6508,,7.11356
57.8903,54.887,39.5253,,6.98616
57.9003,61.7951,39.378,,6.8413
57.9103,68.5484,39.1969,,6.67981
57.9204,75.1311,38.9962,,6.50047
57.9304,81.5247,38.7576,,6.30402
57.9403,87.715,38.4962,,6.09574
57.9503,93.6873,38.2013,,5.86848
57.9603,99.425,37.8669,,5.62719
57.9703,104.912,37.495,,5.37186
57.9804,110.139,37.0927,,5.10436
57.9904,115.089,36.65,,4.82351
58.0003,119.753,36.1715,,4.53144
58.0103,124.118,35.6493,,4.22711
58.0203,128.172,35.0934,,3.91007
58.0303,131.904,34.4597,,3.58646
58.0403,135.308,33.7802,,3.25387
58.0504,138.375,33.043,,2.91183
58.0603,141.095,32.2243,,2.56284
58.0703,143.463,31.3276,,2.20722
58.0803,145.471,30.3287,,1.8449
58.0903,147.115,29.2013,,1.47931
58.1003,148.393,27.9493,,1.11144
58.1104,149.299,26.5188,,0.738421
58.1203,149.832,24.8933,,0.365007
58.1303,149.992,22.9988,,-8.79E-03
58.1403,149.776,20.8155,,-3.85E-01
58.1503,149.186,18.2608,,-0.758726
58.1603,148.222,15.3228,,-1.13025
58.1704,146.89,11.9739,,-1.49664
58.1804,145.191,8.2962,,-1.86487
58.1903,143.127,4.34682,,-2.22441
58.2003,140.706,0.315075,,-2.58305
58.2103,137.93,-3.68118,,-2.93165
58.2203,134.812,-7.51397,,-3.26984
58.2304,131.358,-11.1247,,-3.60312
58.2404,127.575,-14.4796,,-3.92982
58.2503,123.471,-17.578,,-4.2434
58.2603,119.061,-20.4205,,-4.54501
58.2703,114.352,-23.0032,,-4.84124
58.2803,109.358,-25.3326,,-5.11795
58.2903,104.091,-27.4334,,-5.38818
58.3004,98.5612,-29.2874,,-5.64132
58.3103,92.7867,-30.9379,,-5.88339
58.3203,86.7786,-32.3796,,-6.10557
58.3303,80.5575,-33.6395,,-6.31503
58.3403,74.1329,-34.734,,-6.51121
58.3503,67.5222,-35.6798,,-6.6894
58.3604,60.7436,-36.5007,,-6.84978
58.3703,53.8133,-37.196,,-6.99316
58.3803,46.7496,-37.7932,,-7.11924
58.3903,39.5691,-38.2958,,-7.22808
58.4003,32.2887,-38.723,,-7.3205
58.4103,24.9264,-39.0858,,-7.39329
58.4204,17.5028,-39.377,,-7.4458
58.4304,10.0356,-39.6156,,-7.48174
58.4403,2.54351,-39.7925,,-7.49827
58.4503,-4.95513,-39.9309,,-7.49599
58.4603,-12.4414,-40.0296,,-7.47541
58.4703,-19.8964,-40.0767,,-7.43582
58.4804,-27.3017,-40.1015,,-7.37773
58.4904,-34.639,-40.0709,,-7.30134
58.5003,-41.8898,-40.0246,,-7.20682
58.5103,-49.0356,-39.9219,,-7.09285
58.5203,-56.0582,-39.8169,,-6.9627
58.5303,-62.9421,-39.6678,,-6.81613
58.5403,-69.6675,-39.4769,,-6.65001
58.5504,-76.2193,-39.2729,,-6.46874
58.5603,-82.5802,-39.029,,-6.27013
58.5703,-88.7329,-38.7611,,-6.05484
58.5803,-94.6657,-38.4469,,-5.83
58.5903,-100.365,-38.1097,,-5.58899
58.6003,-105.809,-37.7407,,-5.32586
58.6104,-110.989,-37.3265,,-5.06018
58.6203,-115.896,-36.8842,,-4.77617
58.6303,-120.508,-36.3948,,-4.47878
58.6403,-124.821,-35.8691,,-4.17394
58.6503,-128.822,-35.2868,,-3.85844
58.6603,-132.502,-34.6633,,-3.5321
58.6704,-135.85,-33.9741,,-3.19617
58.6804,-138.857,-33.2154,,-2.85264
58.6903,-141.52,-32.3864,,-2.50432
58.7003,-143.825,-31.4685,,-2.14346
58.7103,-145.773,-30.4503,,-1.78476
58.7203,-147.357,-29.3192,,-1.41961
58.7304,-148.571,-28.0284,,-1.04752
58.7404,-149.416,-26.5611,,-0.677419
58.7503,-149.887,-24.8906,,-0.301344
58.7603,-149.982,-22.961,,0.0721097
58.7703,-149.704,-20.7192,,0.447897
58.7803,-149.05,-18.104,,0.822182
58.7903,-148.023,-15.0958,,1.19291
58.8004,-146.628,-11.6773,,1.56138
58.8103,-144.866,-7.92209,,1.92365
58.8203,-142.744,-3.95953,,2.28575
58.8303,-140.262,0.0832422,,2.63979
58.8403,-137.432,4.05948,,2.9856
58.8503,-134.257,7.85552,,3.32928
58.8604,-130.744,11.4298,,3.66033
58.8703,-126.907,14.7481,,3.98219
58.8803,-122.75,17.8096,,4.29615
58.8903,-118.289,20.6078,,4.59506
58.9003,-113.533,23.1516,,4.88613
58.9103,-108.491,25.4469,,5.16574
58.9204,-103.179,27.5032,,5.43315
58.9304,-97.6069,29.3199,,5.68215
58.9403,-91.7928,30.9336,,5.92023
58.9503,-85.7489,32.3513,,6.1428
58.9603,-79.4897,33.5812,,6.35132
58.9703,-73.0334,34.6518,,6.54083
58.9804,-66.3941,35.5665,,6.71737
58.9904,-59.589,36.3616,,6.87434
59.0003,-52.6353,37.0448,,7.01609
59.0103,-45.5499,37.6193,,7.13864
59.0203,-38.3501,38.1157,,7.24765
59.0303,-31.0542,38.5284,,7.33211
59.0403,-23.682,38.8779,,7.40296
59.0504,-16.2497,39.1547,,7.45344
59.0603,-8.77693,39.3915,,7.48577
59.0703,-1.28249,39.5558,,7.49891
59.0803,6.21528,39.6863,,7.49414
59.0903,13.6975,39.783,,7.46975
59.1003,21.1455,39.8174,,7.42699
59.1104,28.5401,39.8331,,7.3661
59.1203,35.8643,39.8023,,7.28656
59.1303,43.0989,39.7458,,7.18938
59.1403,50.2257,39.652,,7.07315
59.1503,57.2264,39.5326,,6.93947
59.1603,64.0838,39.374,,6.78807
59.1704,70.7812,39.1876,,6.62019
59.1804,77.3015,38.9679,,6.43559
59.1903,83.6296,38.7267,,6.23919
59.2003,89.7497,38.4461,,6.01871
59.2103,95.6426,38.1296,,5.7896
59.2203,101.298,37.7902,,5.54187
59.2304,106.7,37.4123,,5.2859
59.2404,111.836,36.9947,,5.01278
59.2503,116.692,36.5426,,4.72573
59.2603,121.255,36.0524,,4.42732
59.2703,125.516,35.5072,,4.12258
59.2803,129.463,34.9196,,3.80272
59.2903,133.088,34.2821,,3.47704
59.3004,136.379,33.5898,,3.13878
59.3103,139.329,32.8133,,2.79465
59.3203,141.931,31.9855,,2.44211
59.3303,144.177,31.0491,,2.08594
59.3403,146.065,30.0027,,1.72429
59.3503,147.585,28.8284,,1.35332
59.3604,148.738,27.5221,,0.989112
59.3703,149.523,26.0372,,0.615489
59.3803,149.93,24.3094,,0.239425
59.3903,149.964,22.3374,,-0.135923
59.4003,149.62,20.0327,,-0.513232
59.4103,148.903,17.3489,,-0.883613
59.4204,147.817,14.2555,,-1.25163
59.4304,146.362,10.7961,,-1.62279
59.4403,144.536,6.98931,,-1.99049
59.4503,142.351,2.98833,,-2.3425
59.4603,139.812,-1.05305,,-2.69954
59.4703,136.92,-4.99681,,-3.048
59.4804,133.686,-8.77365,,-3.38337
59.4904,130.122,-12.3042,,-3.71276
59.5003,126.231,-15.5788,,-4.03373
59.5103,122.024,-18.5972,,-4.34836
59.5203,117.51,-21.358,,-4.64746
59.5303,112.702,-23.8598,,-4.93638
59.5403,107.614,-26.119,,-5.21121
59.5504,102.259,-28.1313,,-5.47178
59.5603,96.6472,-29.9252,,-5.72345
59.5703,90.7929,-31.4978,,-5.95963
59.5803,84.7111,-32.8803,,-6.1789
59.5903,78.419,-34.0787,,-6.38229
59.6003,71.9308,-35.1219,,-6.57281
59.6104,65.2621,-36.0266,,-6.74513
59.6203,58.43,-36.7995,,-6.89973
59.6303,51.4522,-37.4596,,-7.03912
59.6403,44.3455,-38.0368,,-7.15965
59.6503,37.1292,-38.5024,,-7.26043
59.6603,29.82,-38.9144,,-7.34636
59.6704,22.4359,-39.2377,,-7.41274
59.6804,14.9954,-39.5166,,-7.46028
59.6903,7.51776,-39.7304,,-7.48906
59.7003,0.0213863,-39.8976,,-7.49956
59.7103,-7.475,-40.0162,,-7.49144
59.7203,-14.9527,-40.1021,,-7.46368
59.7304,-22.3931,-40.1447,,-7.41788
59.7404,-29.7775,-40.1419,,-7.35424
59.7503,-37.0872,-40.1125,,-7.27108
59.7603,-44.3042,-40.0437,,-7.17006
59.7703,-51.4116,-39.9408,,-7.0531
59.7803,-58.3902,-39.8202,,-6.91464
59.7903,-65.2214,-39.6469,,-6.76124
59.8004,-71.8909,-39.4737,,-6.59091
59.8103,-78.3799,-39.2381,,-6.40408
59.8203,-84.6736,-38.9904,,-6.20183
59.8303,-90.7556,-38.7044,,-5.98044
59.8403,-96.6098,-38.3829,,-5.75025
59.8503,-102.226,-38.0373,,-5.50285
59.8604,-107.584,-37.6491,,-5.23739
59.8703,-112.673,-37.2328,,-4.96595
59.8803,-117.481,-36.7702,,-4.67728
59.8903,-121.994,-36.2667,,-4.37684
59.9003,-126.202,-35.7255,,-4.06865
59.9103,-130.096,-35.1261,,-3.75006
59.9204,-133.665,-34.4822,,-3.41941
59.9304,-136.899,-33.7624,,-3.08045
59.9403,-139.792,-32.9871,,-2.73778
59.9503,-142.333,-32.1309,,-2.38049
59.9603,-144.518,-31.1699,,-2.02631
59.9703,-146.348,-30.1285,,-1.66409
59.9804,-147.808,-28.934,,-1.29399
59.9904,-148.897,-27.5911,,-0.922072
60.0003,-149.164,-25.1659,,1.45732