0.0103271,0.949061,3.37304,,2.14983
0.0203369,4.48957,16.0261,,4.3127
0.0303467,9.03474,29.012,,4.59227
0.0403259,13.5743,38.1228,,4.49997
0.0503357,18.0525,43.9159,,4.46668
0.0603455,22.5111,47.6459,,4.45186
0.0703247,26.9524,50.1154,,4.43147
0.0803345,31.369,51.8274,,4.40398
0.0903442,35.7566,53.0368,,4.37375
0.100323,40.112,53.8067,,4.33942
0.110333,44.4304,54.2945,,4.30106
0.120343,48.7092,54.5772,,4.25939
0.130322,52.9426,54.6885,,4.21239
0.140332,57.1292,54.6778,,4.1645
0.150342,61.2648,54.566,,4.11137
0.160321,65.3453,54.3845,,4.0543
0.170331,69.3655,54.1292,,3.99219
0.180341,73.3236,53.8368,,3.92931
0.19032,77.2159,53.4963,,3.86213
0.20033,81.0394,53.1561,,3.79115
0.210339,84.7893,52.7735,,3.7154
0.220319,88.4643,52.3885,,3.64064
0.230328,92.0588,51.969,,3.55761
0.240338,95.5705,51.5489,,3.47339
0.250348,98.9947,51.1167,,3.38363
0.260327,102.33,50.6737,,3.29572
0.270337,105.576,50.2371,,3.2035
0.280347,108.726,49.7744,,3.10604
0.290326,111.777,49.3074,,3.00462
0.300336,114.725,48.8325,,2.90314
0.310345,117.572,48.3605,,2.80047
0.320325,120.314,47.8817,,2.69472
0.330334,122.949,47.3831,,2.58436
0.340344,125.475,46.8844,,2.47842
0.350323,127.885,46.3611,,2.35336
0.360333,130.176,45.8266,,2.24076
0.370343,132.354,45.3031,,2.12623
0.380322,134.413,44.7456,,2.0041
0.390332,136.351,44.1796,,1.8825
0.400342,138.166,43.5887,,1.75938
0.410321,139.855,42.9853,,1.63203
0.420331,141.419,42.3522,,1.50815
0.430341,142.856,41.6971,,1.37976
0.44032,144.166,40.9989,,1.25174
0.45033,145.346,40.2723,,1.12064
0.460339,146.394,39.5327,,0.988841
0.470319,147.31,38.7127,,0.855653
0.480328,148.094,37.8629,,0.724925
0.490338,148.745,36.9474,,0.591003
0.500348,149.261,35.9591,,0.454749
0.510327,149.643,34.9013,,0.322738
0.520337,149.893,33.7588,,0.189356
0.530347,150.001,32.5128,,0.0438221
0.540326,149.98,31.1502,,-0.0768634
0.550336,149.828,29.6507,,-0.214923
0.560345,149.537,28.0183,,-0.351849
0.570325,149.11,26.2206,,-0.48711
0.580334,148.55,24.2618,,-0.61948
0.590344,147.856,22.1334,,-0.755474
0.600323,147.027,19.8549,,-0.888813
0.610333,146.067,17.4182,,-1.01822
0.620343,144.975,14.8609,,-1.15065
0.630322,143.756,12.2126,,-1.27646
0.640332,142.407,9.51349,,-1.4077
0.650342,140.928,6.78691,,-1.53733
0.660321,139.32,4.08413,,-1.66442
0.670331,137.589,1.42429,,-1.78717
0.680341,135.733,-1.13936,,-1.91098
0.69032,133.756,-3.66373,,-2.03149
0.70033,131.659,-6.09634,,-2.15087
0.710339,129.443,-8.45033,,-2.26714
0.720319,127.109,-10.6959,,-2.38888
0.730328,124.661,-12.8858,,-2.49666
0.740338,122.102,-14.9759,,-2.60901
0.750348,119.434,-16.9621,,-2.71682
0.760327,116.658,-18.8965,,-2.82262
0.770337,113.779,-20.7239,,-2.92664
0.780347,110.793,-22.4853,,-3.03308
0.790326,107.708,-24.1722,,-3.12723
0.800336,104.529,-25.7823,,-3.22161
0.810345,101.253,-27.3064,,-3.31863
0.820325,97.8869,-28.7531,,-3.40535
0.830334,94.4329,-30.1342,,-3.493
0.840344,90.8951,-31.4353,,-3.57482
0.850323,87.2734,-32.6651,,-3.65877
0.860333,83.5738,-33.8311,,-3.73265
0.870343,79.8,-34.9368,,-3.80664
0.880322,75.9537,-35.9561,,-3.87812
0.890332,72.0393,-36.9411,,-3.94433
0.900342,68.0599,-37.8433,,-4.00789
0.910321,64.0176,-38.6992,,-4.06884
0.920331,59.9192,-39.4951,,-4.12295
0.930341,55.7683,-40.2301,,-4.17296
0.94032,51.5671,-40.9194,,-4.22415
0.95033,47.3181,-41.5543,,-4.2687
0.960339,43.0256,-42.1389,,-4.31107
0.970319,38.6955,-42.6925,,-4.34492
0.980328,34.3311,-43.1825,,-4.38019
0.990338,29.9349,-43.6505,,-4.40847
1.00035,25.5123,-44.0743,,-4.43365
1.01033,21.0668,-44.4452,,-4.45466
1.02034,16.6019,-44.7919,,-4.47256
1.03035,12.1225,-45.0991,,-4.48491
1.04033,7.63187,-45.3784,,-4.49389
1.05034,3.13451,-45.6215,,-4.49957
1.06035,-1.36561,-45.8258,,-4.50051
1.07032,-5.86464,-46.0087,,-4.49735
1.08033,-10.3583,-46.1499,,-4.48972
1.09034,-14.8425,-46.285,,-4.47852
1.10032,-19.3133,-46.368,,-4.46452
1.11033,-23.7673,-46.4394,,-4.44485
1.12034,-28.1997,-46.4787,,-4.42155
1.13032,-32.6062,-46.4899,,-4.39387
1.14033,-36.9837,-46.4841,,-4.36313
1.15034,-41.3277,-46.4417,,-4.32787
1.16032,-45.634,-46.3944,,-4.28818
1.17033,-49.9003,-46.3189,,-4.24756
1.18034,-54.1217,-46.2193,,-4.19952
1.19032,-58.2942,-46.1157,,-4.14976
1.20033,-62.4142,-45.989,,-4.09503
1.21034,-66.4773,-45.8348,,-4.03682
1.22032,-70.4806,-45.6777,,-3.97582
1.23033,-74.4212,-45.5016,,-3.91122
1.24034,-78.2951,-45.3014,,-3.84249
1.25035,-82.0988,-45.1,,-3.7718
1.26033,-85.827,-44.8818,,-3.69113
1.27034,-89.4767,-44.6521,,-3.61709
1.28035,-93.0495,-44.4069,,-3.53423
1.29033,-96.5371,-44.1638,,-3.44937
1.30034,-99.9384,-43.8958,,-3.36091
1.31035,-103.249,-43.6183,,-3.26903
1.32032,-106.466,-43.3233,,-3.17628
1.33033,-109.59,-43.0281,,-3.07807
1.34034,-112.612,-42.7139,,-2.97832
1.35032,-115.535,-42.3901,,-2.87502
1.36033,-118.352,-42.0575,,-2.76975
1.37034,-121.065,-41.7083,,-2.66489
1.38032,-123.668,-41.3284,,-2.55374
1.39033,-126.159,-40.9543,,-2.44001
1.40034,-128.538,-40.5648,,-2.32723
1.41032,-130.799,-40.1578,,-2.20654
1.42033,-132.941,-39.7197,,-2.09085
1.43034,-134.966,-39.2746,,-1.96977
1.44032,-136.871,-38.8021,,-1.85044
1.45033,-138.652,-38.3059,,-1.72542
1.46034,-140.308,-37.7856,,-1.59849
1.47032,-141.836,-37.2432,,-1.47049
1.48033,-143.237,-36.6626,,-1.34293
1.49034,-144.51,-36.0594,,-1.21676
1.50035,-145.653,-35.4019,,-1.08284
1.51033,-146.665,-34.7085,,-0.952641
1.52034,-147.544,-33.9576,,-0.819777
1.53035,-148.291,-33.1605,,-0.686653
1.54033,-148.904,-32.3036,,-0.552538
1.55034,-149.382,-31.3839,,-0.417997
1.56035,-149.728,-30.3768,,-0.285514
1.57032,-149.938,-29.2966,,-0.14811
1.58033,-150.01,-28.0886,,-0.011594
1.59034,-149.951,-26.7744,,0.117726
1.60032,-149.759,-25.3243,,0.253018
1.61033,-149.43,-23.7313,,0.390201
1.62034,-148.965,-21.9924,,0.525455
1.63032,-148.368,-20.0858,,0.656353
1.64033,-147.638,-18.0455,,0.792215
1.65034,-146.772,-15.8322,,0.925195
1.66032,-145.775,-13.4911,,1.05565
1.67033,-144.649,-11.0278,,1.18344
1.68034,-143.391,-8.49216,,1.31744
1.69032,-142.004,-5.91627,,1.44571
1.70033,-140.488,-3.32511,,1.57139
1.71034,-138.848,-0.784503,,1.69789
1.72032,-137.083,1.71883,,1.81962
1.73033,-135.194,4.14513,,1.94479
1.74034,-133.181,6.49147,,2.0667
1.75035,-131.05,8.73937,,2.18403
1.76033,-128.8,10.9101,,2.30339
1.77034,-126.436,12.9986,,2.41626
1.78035,-123.956,14.9738,,2.53012
1.79033,-121.364,16.8695,,2.64091
1.80034,-118.667,18.6852,,2.74562
1.81035,-115.86,20.4074,,2.85398
1.82032,-112.951,22.0504,,2.95593
1.83033,-109.937,23.6007,,3.05817
1.84034,-106.826,25.0789,,3.15531
1.85032,-103.62,26.4743,,3.24887
1.86033,-100.319,27.7755,,3.34273
1.87034,-96.9279,29.0192,,3.42986
1.88032,-93.4495,30.1689,,3.51629
1.89033,-89.8872,31.2593,,3.5996
1.90034,-86.2445,32.2682,,3.67661
1.91032,-82.5257,33.2211,,3.75525
1.92033,-78.7281,34.1089,,3.82977
1.93034,-74.8624,34.9267,,3.89553
1.94032,-70.9297,35.6777,,3.96178
1.95033,-66.9331,36.3813,,4.02538
1.96034,-62.8754,37.0182,,4.08348
1.97032,-58.7617,37.6247,,4.13831
1.98033,-54.5953,38.1634,,4.18874
1.99034,-50.3794,38.6828,,4.23774
2.00035,-46.1175,39.1329,,4.28006
2.01033,-41.8159,39.5584,,4.31879
2.02034,-37.4764,39.9354,,4.35642
2.03035,-33.1018,40.2798,,4.38833
2.04033,-28.6979,40.5868,,4.41627
2.05034,-24.2684,40.866,,4.44005
2.06035,-19.8169,41.1304,,4.45988
2.07032,-15.3481,41.3583,,4.47585
2.08033,-10.8646,41.5614,,4.48826
2.09034,-6.37188,41.7329,,4.49664
2.10032,-1.87336,41.8851,,4.49946
2.11033,2.62689,42.014,,4.50009
2.12034,7.12462,42.1134,,4.49539
2.13032,11.6161,42.2106,,4.4874
2.14033,16.097,42.2726,,4.47514
2.15034,20.5636,42.334,,4.45895
2.16032,25.0119,42.3672,,4.43903
2.17033,29.4371,42.3886,,4.41357
2.18034,33.8358,42.3948,,4.38563
2.19032,38.2041,42.3661,,4.35371
2.20033,42.5387,42.3455,,4.31803
2.21034,46.8354,42.3006,,4.279
2.22032,51.0886,42.2473,,4.23162
2.23033,55.2955,42.1753,,4.18607
2.24034,59.4541,42.0848,,4.13537
2.25035,63.5592,41.9874,,4.07999
2.26033,67.6063,41.8783,,4.01966
2.27034,71.5927,41.7604,,3.95815
2.28035,75.514,41.6253,,3.89147
2.29033,79.3688,41.4829,,3.82344
2.30034,83.1508,41.3201,,3.74787
2.31035,86.8566,41.1473,,3.6713
2.32032,90.4876,40.9595,,3.59704
2.33033,94.0374,40.7695,,3.51101
2.34034,97.5007,40.5655,,3.4233
2.35032,100.876,40.3558,,3.33518
2.36033,104.16,40.1255,,3.24171
2.37034,107.352,39.8899,,3.15162
2.38032,110.449,39.6283,,3.05095
2.39033,113.441,39.3535,,2.94523
2.40034,116.333,39.0776,,2.84721
2.41032,119.123,38.7869,,2.7425
2.42033,121.805,38.4696,,2.63216
2.43034,124.376,38.1526,,2.51924
2.44032,126.835,37.8213,,2.41117
2.45033,129.182,37.4477,,2.29421
2.46034,131.41,37.084,,2.17443
2.47032,133.522,36.6882,,2.05995
2.48033,135.514,36.27,,1.93574
2.49034,137.382,35.8236,,1.81312
2.50035,139.128,35.3736,,1.69037
2.51033,140.748,34.8789,,1.56231
2.52034,142.242,34.3687,,1.43638
2.53035,143.607,33.8163,,1.30792
2.54033,144.844,33.2218,,1.17771
2.55034,145.949,32.6007,,1.0464
2.56035,146.924,31.9288,,0.914587
2.57032,147.765,31.214,,0.783226
2.58033,148.476,30.4309,,0.65005
2.59034,149.051,29.5987,,0.514735
2.60032,149.493,28.6959,,0.38099
2.61033,149.8,27.6932,,0.246225
2.62034,149.971,26.6238,,0.10772
2.63032,150.006,25.4372,,-0.0202606
2.64033,149.913,24.1307,,-0.155189
2.65034,149.681,22.6947,,-0.294113
2.66032,149.313,21.1233,,-0.426668
2.67033,148.813,19.4004,,-0.561918
2.68034,148.175,17.5042,,-0.698724
2.69032,147.406,15.4728,,-0.827067
2.70033,146.505,13.2871,,-0.960537
2.71034,145.472,10.97,,-1.09112
2.72032,144.31,8.56817,,-1.2217
2.73033,143.014,6.11184,,-1.35525
2.74034,141.591,3.60883,,-1.48056
2.75035,140.041,1.11713,,-1.60513
2.76033,138.366,-1.34681,,-1.7323
2.77034,136.565,-3.72607,,-1.85806
2.78035,134.64,-6.04824,,-1.978
2.79033,132.595,-8.28572,,-2.09859
2.80034,130.431,-10.4187,,-2.21909
2.81035,128.146,-12.4472,,-2.34126
2.82032,125.745,-14.4156,,-2.44481
2.83033,123.241,-16.2723,,-2.55591
2.84034,120.621,-18.0538,,-2.66911
2.85032,117.891,-19.7477,,-2.78015
2.86033,115.054,-21.3674,,-2.88301
2.87034,112.116,-22.8711,,-2.98462
2.88032,109.075,-24.3019,,-3.08576
2.89033,105.935,-25.6514,,-3.1828
2.90034,102.701,-26.9252,,-3.27468
2.91032,99.3773,-28.1298,,-3.36439
2.92033,95.9624,-29.2539,,-3.45576
2.93034,92.4599,-30.3195,,-3.54026
2.94032,88.8753,-31.2936,,-3.62057
2.95033,85.2096,-32.2129,,-3.70212
2.96034,81.4661,-33.06,,-3.77694
2.97032,77.6504,-33.8461,,-3.84644
2.98033,73.7672,-34.5729,,-3.9141
2.99034,69.8155,-35.2496,,-3.98047
3.00035,65.802,-35.8943,,-4.04111
3.01033,61.7275,-36.4687,,-4.10023
3.02034,57.5988,-36.9928,,-4.15252
3.03035,53.4185,-37.482,,-4.20171
3.04033,49.19,-37.9234,,-4.25022
3.05034,44.917,-38.3218,,-4.29138
3.06035,40.6031,-38.6954,,-4.33091
3.07032,36.2531,-39.0424,,-4.36567
3.08033,31.8701,-39.3484,,-4.39626
3.09034,27.4589,-39.6212,,-4.42309
3.10032,23.0225,-39.8836,,-4.4461
3.11033,18.5656,-40.1015,,-4.4653
3.12034,14.0923,-40.2941,,-4.47997
3.13032,9.60606,-40.4849,,-4.4905
3.14033,5.11166,-40.6309,,-4.49688
3.15034,0.612149,-40.7733,,-4.50032
3.16032,-3.88771,-40.89,,-4.49959
3.17033,-8.3842,-40.9814,,-4.49341
3.18034,-12.8732,-41.0676,,-4.48478
3.19032,-17.3504,-41.1257,,-4.47059
3.20033,-21.812,-41.1704,,-4.45322
3.21034,-26.254,-41.2076,,-4.43275
3.22032,-30.6733,-41.2136,,-4.40687
3.23033,-35.0638,-41.2088,,-4.3769
3.24034,-39.4226,-41.1939,,-4.34354
3.25035,-43.746,-41.1653,,-4.30655
3.26033,-48.0307,-41.1263,,-4.26689
3.27034,-52.2729,-41.0766,,-4.22029
3.28035,-56.4661,-40.9989,,-4.17134
3.29033,-60.6101,-40.9227,,-4.11995
3.30034,-64.6991,-40.8255,,-4.0638
3.31035,-68.7298,-40.7236,,-4.00269
3.32032,-72.6984,-40.6033,,-3.93989
3.33033,-76.6015,-40.4809,,-3.8729
3.34034,-80.436,-40.3404,,-3.80231
3.35032,-84.1972,-40.1884,,-3.72774
3.36033,-87.8847,-40.0231,,-3.65294
3.37034,-91.4918,-39.8438,,-3.56987
3.38032,-95.0154,-39.6558,,-3.4861
3.39033,-98.4551,-39.4634,,-3.4006
3.40034,-101.806,-39.2481,,-3.3096
3.41032,-105.065,-39.0356,,-3.21663
3.42033,-108.228,-38.7977,,-3.12024
3.43034,-111.296,-38.557,,-3.0232
3.44032,-114.263,-38.2961,,-2.9211
3.45033,-117.127,-38.0132,,-2.81765
3.46034,-119.887,-37.7299,,-2.71129
3.47032,-122.537,-37.4304,,-2.60045
3.48033,-125.078,-37.1114,,-2.49235
3.49034,-127.505,-36.7828,,-2.37419
3.50035,-129.819,-36.4388,,-2.2627
3.51033,-132.017,-36.0646,,-2.14379
3.52034,-134.094,-35.6696,,-2.02272
3.53035,-136.051,-35.2592,,-1.90321
3.54033,-137.885,-34.8326,,-1.777
3.55034,-139.594,-34.3751,,-1.65507
3.56035,-141.18,-33.8877,,-1.52731
3.57032,-142.636,-33.3803,,-1.39814
3.58033,-143.966,-32.8327,,-1.27265
3.59034,-145.167,-32.2367,,-1.14242
3.60032,-146.236,-31.6203,,-1.00939
3.61033,-147.173,-30.9485,,-0.877754
3.62034,-147.978,-30.2285,,-0.745131
3.63032,-148.649,-29.4564,,-0.612804
3.64033,-149.189,-28.6153,,-0.478595
3.65034,-149.592,-27.7121,,-0.341593
3.66032,-149.861,-26.7082,,-0.209502
3.67033,-149.992,-25.6208,,-0.067477
3.68034,-149.992,-24.4309,,0.0570187
3.69032,-149.86,-23.1213,,0.193662
3.70033,-149.591,-21.6748,,0.330093
3.71034,-149.186,-20.0918,,0.466092
3.72032,-148.646,-18.3524,,0.599418
3.73033,-147.975,-16.4555,,0.731283
3.74034,-147.169,-14.4298,,0.865394
3.75035,-146.231,-12.2545,,0.997725
3.76033,-145.161,-9.96057,,1.12845
3.77034,-143.961,-7.57602,,1.26037
3.78035,-142.629,-5.14455,,1.3878
3.79033,-141.173,-2.69456,,1.51489
3.80034,-139.585,-0.263619,,1.64506
3.81035,-137.872,2.1088,,1.76913
3.82032,-136.036,4.43927,,1.89064
3.83033,-134.079,6.68029,,2.01186
3.84034,-132,8.83716,,2.13283
3.85032,-129.803,10.8931,,2.24852
3.86033,-127.491,12.8707,,2.36434
3.87034,-125.061,14.7445,,2.48217
3.88032,-122.518,16.5141,,2.59277
3.89033,-119.867,18.217,,2.69969
3.90034,-117.107,19.8283,,2.80722
3.91032,-114.241,21.3536,,2.9145
3.92033,-111.273,22.8051,,3.01203
3.93034,-108.206,24.164,,3.11154
3.94032,-105.04,25.4516,,3.2093
3.95033,-101.78,26.6487,,3.30131
3.96034,-98.4284,27.7764,,3.39183
3.97032,-94.9891,28.8401,,3.47883
3.98033,-91.4618,29.8228,,3.56446
3.99034,-87.854,30.7405,,3.6441
4.00035,-84.1679,31.6052,,3.72044
4.01033,-80.4054,32.3908,,3.79588
4.02034,-76.5703,33.1225,,3.86667
4.03035,-72.6657,33.8061,,3.93492
4.04033,-68.6963,34.4363,,3.99717
4.05034,-64.6652,35.0168,,4.05768
4.06035,-60.5767,35.5505,,4.11377
4.07032,-56.4336,36.0402,,4.16709
4.08033,-52.2382,36.4761,,4.21797
4.09034,-47.996,36.8866,,4.26126
4.10032,-43.7113,37.2599,,4.30349
4.11033,-39.3869,37.6086,,4.341
4.12034,-35.0272,37.9156,,4.37426
4.13032,-30.6365,38.1967,,4.40353
4.14033,-26.2178,38.4448,,4.43
4.15034,-21.7755,38.6734,,4.45221
4.16032,-17.3138,38.8706,,4.46908
4.17033,-12.8365,39.0536,,4.4836
4.18034,-8.34747,39.2243,,4.49258
4.19032,-3.85093,39.3586,,4.49902
4.20033,0.64889,39.475,,4.50005
4.21034,5.14844,39.5768,,4.49801
4.22032,9.64325,39.6539,,4.49213
4.23033,14.1293,39.7119,,4.48074
4.24034,18.6027,39.7686,,4.46637
4.25035,23.0591,39.814,,4.44765
4.26033,27.495,39.8355,,4.42516
4.27034,31.9059,39.8454,,4.3993
4.28035,36.2886,39.8415,,4.36846
4.29033,40.6379,39.8054,,4.33353
4.30034,44.9509,39.7623,,4.29563
4.31035,49.224,39.7212,,4.25313
4.32032,53.4516,39.6649,,4.20717
4.33033,57.6327,39.5973,,4.15829
4.34034,61.7613,39.5263,,4.10424
4.35032,65.8348,39.4391,,4.04765
4.36033,69.8489,39.3245,,3.98555
4.37034,73.7984,39.2071,,3.92055
4.38032,77.6823,39.0678,,3.85343
4.39033,81.4968,38.9311,,3.78161
4.40034,85.2389,38.7868,,3.70829
4.41032,88.9032,38.6303,,3.62853
4.42033,92.4876,38.4722,,3.54818
4.43034,95.9883,38.2752,,3.46074
4.44032,99.4023,38.0856,,3.37594
4.45033,102.728,37.8694,,3.2849
4.46034,105.96,37.6525,,3.18902
4.47032,109.098,37.4323,,3.0951
4.48033,112.138,37.185,,2.99282
4.49034,115.075,36.9334,,2.89239
4.50035,117.911,36.6681,,2.78789
4.51033,120.639,36.3857,,2.68065
4.52034,123.26,36.0829,,2.57159
4.53035,125.767,35.7746,,2.4555
4.54033,128.164,35.4361,,2.34564
4.55034,130.446,35.0847,,2.23108
4.56035,132.611,34.7276,,2.10972
4.57032,134.654,34.3575,,1.98895
4.58033,136.577,33.9339,,1.86863
4.59034,138.378,33.5115,,1.74446
4.60032,140.052,33.0489,,1.61776
4.61033,141.602,32.5683,,1.49255
4.62034,143.022,32.052,,1.36332
4.63032,144.316,31.5051,,1.23472
4.64033,145.479,30.9194,,1.10493
4.65034,146.512,30.3,,0.973424
4.66032,147.413,29.6327,,0.841445
4.67033,148.181,28.9049,,0.707973
4.68034,148.815,28.1235,,0.574589
4.69032,149.317,27.2779,,0.44044
4.70033,149.683,26.3582,,0.305721
4.71034,149.914,25.3581,,0.169177
4.72032,150.005,24.2574,,0.0310136
4.73033,149.969,23.0545,,-0.0935727
4.74034,149.799,21.7199,,-0.233865
4.75035,149.49,20.2592,,-0.368824
4.76033,149.048,18.6485,,-0.502325
4.77034,148.472,16.8938,,-0.636039
4.78035,147.763,14.9811,,-0.769836
4.79033,146.918,12.942,,-0.904556
4.80034,145.941,10.7615,,-1.03529
4.81035,144.837,8.47388,,-1.16124
4.82032,143.601,6.11709,,-1.29735
4.83033,142.233,3.71642,,-1.42599
4.84034,140.738,1.29309,,-1.55098
4.85032,139.116,-1.08999,,-1.6792
4.86033,137.371,-3.41415,,-1.80027
4.87034,135.503,-5.67662,,-1.92339
4.88032,133.51,-7.84073,,-2.04766
4.89033,131.397,-9.93277,,-2.16675
4.90034,129.166,-11.9282,,-2.28399
4.91032,126.821,-13.8245,,-2.3959
4.92033,124.36,-15.6472,,-2.5128
4.93034,121.785,-17.373,,-2.62405
4.94032,119.103,-18.9931,,-2.72997
4.95033,116.315,-20.5468,,-2.83607
4.96034,113.421,-22.0064,,-2.94036
4.97032,110.424,-23.3836,,-3.04273
4.98033,107.328,-24.6977,,-3.13883
4.99034,104.136,-25.9172,,-3.23494
5.00035,100.852,-27.0706,,-3.3269
5.01033,97.4727,-28.1441,,-3.41844
5.02034,94.0081,-29.1461,,-3.50286
5.03035,90.4596,-30.0887,,-3.58433
5.04033,86.8298,-30.9589,,-3.66741
5.05034,83.1214,-31.764,,-3.74118
5.06035,79.3383,-32.525,,-3.81651
5.07032,75.483,-33.2181,,-3.88654
5.08033,71.56,-33.851,,-3.95275
5.09034,67.5733,-34.452,,-4.01387
5.10032,63.5254,-34.9939,,-4.07561
5.11033,59.4196,-35.4937,,-4.12862
5.12034,55.262,-35.9451,,-4.18182
5.13032,51.0539,-36.3725,,-4.22953
5.14033,46.7987,-36.7692,,-4.27404
5.15034,42.5037,-37.1101,,-4.31247
5.16032,38.1693,-37.4394,,-4.35134
5.17033,33.7998,-37.722,,-4.38377
5.18034,29.4011,-37.9876,,-4.41109
5.19032,24.9751,-38.2159,,-4.43735
5.20033,20.527,-38.4366,,-4.45644
5.21034,16.0604,-38.6254,,-4.4735
5.22032,11.5795,-38.8005,,-4.48712
5.23033,7.08776,-38.948,,-4.4949
5.24034,2.58991,-39.0761,,-4.49954
5.25035,-1.91016,-39.1832,,-4.5
5.26033,-6.40873,-39.272,,-4.49661
5.27034,-10.9013,-39.3448,,-4.48879
5.28035,-15.3843,-39.4085,,-4.47701
5.29033,-19.8533,-39.4715,,-4.4623
5.30034,-24.3045,-39.4851,,-4.44188
5.31035,-28.7335,-39.52,,-4.41807
5.32032,-33.1372,-39.5142,,-4.39108
5.33033,-37.5113,-39.5053,,-4.35891
5.34034,-41.8507,-39.4686,,-4.32332
5.35032,-46.1528,-39.4441,,-4.28403
5.36033,-50.4134,-39.392,,-4.24117
5.37034,-54.6292,-39.3337,,-4.19392
5.38032,-58.7951,-39.2678,,-4.14322
5.39033,-62.9085,-39.1876,,-4.0883
5.40034,-66.9649,-39.095,,-4.02981
5.41032,-70.9612,-38.9781,,-3.96883
5.42033,-74.8942,-38.8728,,-3.90262
5.43034,-78.7589,-38.7388,,-3.83361
5.44032,-82.5539,-38.5977,,-3.76283
5.45033,-86.2734,-38.4478,,-3.68332
5.46034,-89.9147,-38.2974,,-3.60673
5.47032,-93.4759,-38.1189,,-3.52331
5.48033,-96.9535,-37.9535,,-3.43944
5.49034,-100.345,-37.7553,,-3.3502
5.50035,-103.645,-37.5336,,-3.25892
5.51033,-106.85,-37.3183,,-3.16093
5.52034,-109.959,-37.09,,-3.06671
5.53035,-112.971,-36.8522,,-2.96696
5.54033,-115.882,-36.602,,-2.86351
5.55034,-118.687,-36.3391,,-2.75755
5.56035,-121.386,-36.0567,,-2.65111
5.57032,-123.975,-35.7449,,-2.53987
5.58033,-126.454,-35.4297,,-2.42651
5.59034,-128.817,-35.1092,,-2.31119
5.60032,-131.066,-34.762,,-2.19651
5.61033,-133.195,-34.3953,,-2.07522
5.62034,-135.204,-34.0155,,-1.95483
5.63032,-137.093,-33.6157,,-1.83393
5.64033,-138.858,-33.1699,,-1.71017
5.65034,-140.499,-32.6967,,-1.5834
5.66032,-142.013,-32.2231,,-1.45564
5.67033,-143.398,-31.6988,,-1.32751
5.68034,-144.654,-31.1598,,-1.19845
5.69032,-145.783,-30.5718,,-1.07068
5.70033,-146.78,-29.9418,,-0.936499
5.71034,-147.642,-29.2562,,-0.801409
5.72032,-148.372,-28.5117,,-0.671058
5.73033,-148.969,-27.7285,,-0.536829
5.74034,-149.432,-26.8718,,-0.401295
5.75035,-149.76,-25.9436,,-0.26945
5.76033,-149.954,-24.9233,,-0.129486
5.77034,-150.009,-23.8117,,2.07E-03
5.78035,-149.935,-22.5766,,0.13372
5.79033,-149.727,-21.2239,,0.270622
5.80034,-149.381,-19.7322,,0.407819
5.81035,-148.9,-18.099,,0.539589
5.82032,-148.287,-16.323,,0.673071
5.83033,-147.54,-14.3967,,0.808055
5.84034,-146.658,-12.3388,,0.940695
5.85032,-145.646,-10.1447,,1.07044
5.86033,-144.502,-7.85925,,1.20351
5.87034,-143.228,-5.50082,,1.33254
5.88032,-141.826,-3.12323,,1.45871
5.89033,-140.297,-0.734409,,1.58694
5.90034,-138.64,1.60932,,1.71387
5.91032,-136.858,3.90223,,1.83637
5.92033,-134.955,6.10386,,1.95865
5.93034,-132.928,8.23322,,2.08096
5.94032,-130.784,10.2625,,2.19717
5.95033,-128.52,12.2144,,2.3179
5.96034,-126.14,14.0722,,2.42923
5.97032,-123.648,15.8347,,2.54392
5.98033,-121.045,17.5006,,2.65176
5.99034,-118.332,19.0816,,2.76082
6.00035,-115.513,20.5695,,2.86752
6.01033,-112.59,21.9983,,2.96821
6.02034,-109.565,23.3248,,3.06956
6.03035,-106.444,24.5878,,3.16403
6.04033,-103.226,25.7844,,3.26095
6.05034,-99.9137,26.8807,,3.35361
6.06035,-96.5122,27.9143,,3.44179
6.07032,-93.0238,28.8675,,3.52472
6.08033,-89.4518,29.7668,,3.61043
6.09034,-85.7989,30.5966,,3.688
6.10032,-82.0679,31.3789,,3.76524
6.11033,-78.2632,32.1074,,3.83649
6.12034,-74.3892,32.7702,,3.90424
6.13032,-70.4492,33.3721,,3.96905
6.14033,-66.445,33.9358,,4.03229
6.15034,-62.3806,34.4491,,4.08993
6.16032,-58.2604,34.9258,,4.1445
6.17033,-54.0877,35.3658,,4.19589
6.18034,-49.8648,35.7762,,4.24346
6.19032,-45.599,36.1364,,4.28389
6.20033,-41.2924,36.467,,4.32447
6.21034,-36.9475,36.7634,,4.36085
6.22032,-32.5696,37.0335,,4.39162
6.23033,-28.1629,37.2771,,4.41857
6.24034,-23.7312,37.5197,,4.44169
6.25035,-19.2774,37.7166,,4.46283
6.26033,-14.8063,37.895,,4.47769
6.27034,-10.3217,38.0472,,4.48922
6.28035,-5.82782,38.1852,,4.49733
6.29033,-1.32882,38.2995,,4.50017
6.30034,3.17126,38.402,,4.49923
6.31035,7.66842,38.4858,,4.49442
6.32032,12.159,38.565,,4.48651
6.33033,16.6383,38.611,,4.47369
6.34034,21.1026,38.6545,,4.45587
6.35032,25.5481,38.6788,,4.43656
6.36033,29.9712,38.6831,,4.41073
6.37034,34.3665,38.6843,,4.38236
6.38032,38.7309,38.6658,,4.34946
6.39033,43.0606,38.6444,,4.31231
6.40034,47.3507,38.6028,,4.27198
6.41032,51.5987,38.5528,,4.22774
6.42033,55.8018,38.4955,,4.18215
6.43034,59.9538,38.4093,,4.12727
6.44032,64.0513,38.3344,,4.07235
6.45033,68.0907,38.2332,,4.01244
6.46034,72.0701,38.1289,,3.95117
6.47032,75.9842,38.0127,,3.88326
6.48033,79.8298,37.8759,,3.81388
6.49034,83.6033,37.7453,,3.74091
6.50035,87.3015,37.5937,,3.66168
6.51033,90.9201,37.4312,,3.58294
6.52034,94.4591,37.2611,,3.50397
6.53035,97.9141,37.0819,,3.41297
6.54033,101.278,36.8843,,3.32348
6.55034,104.55,36.6785,,3.2327
6.56035,107.732,36.4556,,3.13709
6.57032,110.814,36.2367,,3.03705
6.58033,113.797,35.9791,,2.93876
6.59034,116.679,35.7434,,2.8344
6.60032,119.454,35.4689,,2.72582
6.61033,122.122,35.1898,,2.62091
6.62034,124.68,34.8766,,2.50454
6.63032,127.124,34.5737,,2.39571
6.64033,129.459,34.2292,,2.28351
6.65034,131.675,33.8853,,2.16074
6.66032,133.77,33.5263,,2.04196
6.67033,135.746,33.1337,,1.92202
6.68034,137.6,32.7245,,1.79829
6.69032,139.33,32.2874,,1.67369
6.70033,140.935,31.8225,,1.54886
6.71034,142.413,31.3472,,1.41912
6.72032,143.761,30.8091,,1.2899
6.73033,144.982,30.2522,,1.16395
6.74034,146.073,29.6618,,1.03144
6.75035,147.032,29.0205,,0.900123
6.76033,147.859,28.3328,,0.766939
6.77034,148.553,27.5876,,0.633857
6.78035,149.114,26.795,,0.499765
6.79033,149.538,25.9195,,0.365425
6.80034,149.829,24.9788,,0.228639
6.81035,149.981,23.9402,,0.0870141
6.82032,150.001,22.7908,,-0.0329336
6.83033,149.891,21.5331,,-0.173439
6.84034,149.643,20.1518,,-0.309824
6.85032,149.259,18.6341,,-0.442903
6.86033,148.742,16.9848,,-0.57739
6.87034,148.091,15.174,,-0.712377
6.88032,147.306,13.2333,,-0.844178
6.89033,146.388,11.1295,,-0.978188
6.90034,145.338,8.93495,,-1.10798
6.91032,144.159,6.63154,,-1.23775
6.92033,142.85,4.29941,,-1.36833
6.93034,141.411,1.91705,,-1.49527
6.94032,139.845,-0.424035,,-1.6237
6.95033,138.153,-2.74185,,-1.74757
6.96034,136.338,-4.98185,,-1.86942
6.97032,134.4,-7.13819,,-1.9953
6.98033,132.339,-9.2299,,-2.11303
6.99034,130.16,-11.2241,,-2.23282
7.00035,127.867,-13.1148,,-2.34147
7.01033,125.457,-14.916,,-2.46596
7.02034,122.93,-16.6352,,-2.57618
7.03035,120.296,-18.2596,,-2.68314
7.04033,117.552,-19.8041,,-2.79108
7.05034,114.704,-21.263,,-2.89579
7.06035,111.752,-22.6328,,-2.99505
7.07032,108.701,-23.9252,,-3.09846
7.08033,105.551,-25.1425,,-3.19281
7.09034,102.305,-26.2823,,-3.2872
7.10032,98.9687,-27.3463,,-3.37553
7.11033,95.5432,-28.3465,,-3.46746
7.12034,92.0293,-29.2888,,-3.55079
7.13032,88.4338,-30.1432,,-3.6308
7.14033,84.7609,-30.9613,,-3.70742
7.15034,81.0105,-31.6916,,-3.78593
7.16032,77.1859,-32.3864,,-3.85549
7.17033,73.2925,-33.0077,,-3.92379
7.18034,69.3332,-33.608,,-3.98739
7.19032,65.3118,-34.1425,,-4.04878
7.20033,61.2316,-34.6498,,-4.10555
7.21034,57.0954,-35.1046,,-4.15997
7.22032,52.9089,-35.5288,,-4.20859
7.23033,48.6748,-35.9011,,-4.25466
7.24034,44.3964,-36.2471,,-4.29683
7.25035,40.0788,-36.5626,,-4.33439
7.26033,35.7245,-36.8595,,-4.36953
7.27034,31.3378,-37.1204,,-4.39988
7.28035,26.9233,-37.3536,,-4.42637
7.29033,22.4845,-37.5774,,-4.44805
7.30034,18.0259,-37.7497,,-4.46712
7.31035,13.5503,-37.9282,,-4.48141
7.32032,9.06288,-38.0763,,-4.49196
7.33033,4.56751,-38.2081,,-4.49802
7.34034,0.0677456,-38.3187,,-4.49984
7.35032,-4.43201,-38.422,,-4.49935
7.36033,-8.92778,-38.4901,,-4.49261
7.37034,-13.4155,-38.5582,,-4.48326
7.38032,-17.891,-38.5982,,-4.46863
7.39033,-22.3507,-38.6421,,-4.45098
7.40034,-26.7897,-38.6602,,-4.42915
7.41032,-31.2052,-38.6723,,-4.40349
7.42033,-35.5925,-38.6683,,-4.37374
7.43034,-39.9475,-38.6468,,-4.33922
7.44032,-44.267,-38.6102,,-4.30269
7.45033,-48.5472,-38.5719,,-4.2614
7.46034,-52.7835,-38.5131,,-4.21432
7.47032,-56.9708,-38.4431,,-4.16521
7.48033,-61.1082,-38.3837,,-4.11295
7.49034,-65.1889,-38.294,,-4.05515
7.50035,-69.2126,-38.2017,,-3.99683
7.51033,-73.1736,-38.0862,,-3.93176
7.52034,-77.0691,-37.9589,,-3.86431
7.53035,-80.8939,-37.8286,,-3.79284
7.54033,-84.6461,-37.6783,,-3.72001
7.55034,-88.3263,-37.5401,,-3.64361
7.56035,-91.9233,-37.3942,,-3.55977
7.57032,-95.4359,-37.2106,,-3.47416
7.58033,-98.8643,-37.037,,-3.38976
7.59034,-102.204,-36.8275,,-3.2984
7.60032,-105.453,-36.6235,,-3.20813
7.61033,-108.606,-36.3949,,-3.10863
7.62034,-111.662,-36.1731,,-3.00968
7.63032,-114.615,-35.9293,,-2.90753
7.64033,-117.466,-35.6679,,-2.80546
7.65034,-120.212,-35.4066,,-2.69804
7.66032,-122.85,-35.1134,,-2.58615
7.67033,-125.378,-34.8169,,-2.47981
7.68034,-127.792,-34.4863,,-2.36099
7.69032,-130.091,-34.165,,-2.24724
7.70033,-132.272,-33.8127,,-2.12763
7.71034,-134.335,-33.4478,,-2.00935
7.72032,-136.277,-33.0507,,-1.88748
7.73033,-138.098,-32.6404,,-1.76568
7.74034,-139.793,-32.1958,,-1.63757
7.75035,-141.363,-31.7257,,-1.5134
7.76033,-142.805,-31.2225,,-1.38472
7.77034,-144.12,-30.7088,,-1.25574
7.78035,-145.302,-30.1344,,-1.12373
7.79033,-146.355,-29.5364,,-0.994933
7.80034,-147.277,-28.8827,,-0.862186
7.81035,-148.067,-28.1845,,-0.728931
7.82032,-148.722,-27.4304,,-0.595049
7.83033,-149.244,-26.6078,,-0.461867
7.84034,-149.632,-25.7351,,-0.329242
7.85032,-149.887,-24.7592,,-0.193225
7.86033,-150.001,-23.6986,,-0.0501848
7.87031,-149.984,-22.5396,,0.0744493
7.88032,-149.834,-21.2569,,0.209788
7.89033,-149.55,-19.8466,,0.345414
7.90034,-149.129,-18.2986,,0.482198
7.91035,-148.574,-16.6031,,0.614865
7.92036,-147.885,-14.7672,,0.749944
7.93031,-147.062,-12.795,,0.882429
7.94032,-146.107,-10.6815,,1.01436
7.95033,-145.02,-8.46986,,1.1455
7.96034,-143.804,-6.16686,,1.27352
7.97035,-142.459,-3.818,,1.40334
7.98036,-140.985,-1.46995,,1.5316
7.99031,-139.384,0.85681,,1.65676
8.00032,-137.658,3.13295,,1.78404
8.01033,-135.807,5.35135,,1.90531
8.02034,-133.836,7.48368,,2.02517
8.03035,-131.743,9.53095,,2.14821
8.04036,-129.529,11.4782,,2.26749
8.05031,-127.196,13.3415,,2.3827
8.06032,-124.756,15.1009,,2.48935
8.07032,-122.203,16.7773,,2.60494
8.08033,-119.538,18.3589,,2.7146
8.09034,-116.766,19.8656,,2.81842
8.10035,-113.888,21.2924,,2.92466
8.11036,-110.907,22.6301,,3.02803
8.12031,-107.826,23.8913,,3.12348
8.13032,-104.649,25.0633,,3.22077
8.14033,-101.379,26.1847,,3.31017
8.15034,-98.0179,27.206,,3.4025
8.16035,-94.5654,28.1825,,3.49161
8.17036,-91.0302,29.084,,3.56958
8.18031,-87.4142,29.9195,,3.65517
8.19032,-83.7171,30.6899,,3.73088
8.20033,-79.9445,31.417,,3.80522
8.21034,-76.1017,32.0777,,3.87417
8.22035,-72.1888,32.6974,,3.94339
8.23036,-68.2125,33.2514,,4.00322
8.24031,-64.1743,33.7807,,4.06538
8.25032,-60.0778,34.2536,,4.12225
8.26033,-55.9269,34.6848,,4.17307
8.27034,-51.7273,35.0952,,4.22205
8.28035,-47.4803,35.4578,,4.26644
8.29036,-43.1904,35.7899,,4.30834
8.30031,-38.8621,36.0985,,4.34442
8.31032,-34.4982,36.3749,,4.37823
8.32032,-30.1038,36.6257,,4.40765
8.33033,-25.6817,36.8424,,4.43301
8.34034,-21.2366,37.0556,,4.45454
8.35035,-16.773,37.2218,,4.47088
8.36036,-12.2939,37.3961,,4.48499
8.37031,-7.80375,37.534,,4.49373
8.38032,-3.30641,37.6586,,4.49927
8.39033,1.19343,37.7618,,4.50053
8.40034,5.69258,37.8451,,4.4969
8.41035,10.1864,37.914,,4.49063
8.42036,14.6709,37.9682,,4.47932
8.43031,19.1425,38.0229,,4.46417
8.44032,23.5965,38.0476,,4.44533
8.45033,28.0298,38.0611,,4.42266
8.46034,32.4383,38.0729,,4.39612
8.47035,36.8167,38.0498,,4.36387
8.48036,41.162,38.0419,,4.32932
8.49031,45.4696,37.9926,,4.28928
8.50032,49.7369,37.9588,,4.24912
8.51033,53.961,37.9014,,4.202
8.52034,58.1354,37.8235,,4.15156
8.53035,62.2572,37.7534,,4.09781
8.54036,66.3232,37.6606,,4.03919
8.55031,70.3298,37.5657,,3.97858
8.56032,74.2719,37.4517,,3.91296
8.57032,78.1483,37.327,,3.84501
8.58033,81.9537,37.1907,,3.7731
8.59034,85.6854,37.0487,,3.69762
8.60035,89.3399,36.9036,,3.61828
8.61036,92.9141,36.7281,,3.53717
8.62031,96.4057,36.571,,3.4527
8.63032,99.8096,36.3729,,3.36498
8.64033,103.126,36.1771,,3.27455
8.65034,106.346,35.9731,,3.17635
8.66035,109.472,35.7514,,3.08421
8.67036,112.499,35.5123,,2.98078
8.68031,115.425,35.2567,,2.88002
8.69032,118.248,35.0187,,2.77553
8.70033,120.963,34.7335,,2.66575
8.71034,123.57,34.4471,,2.55884
8.72035,126.067,34.1517,,2.44628
8.73036,128.448,33.8288,,2.32694
8.74031,130.713,33.4871,,2.21393
8.75032,132.863,33.1306,,2.09631
8.76033,134.893,32.7637,,1.97535
8.77034,136.8,32.3596,,1.8516
8.78035,138.585,31.9333,,1.72991
8.79036,140.245,31.5013,,1.60332
8.80031,141.779,31.0318,,1.47693
8.81032,143.185,30.5239,,1.34846
8.82032,144.463,29.9868,,1.2199
8.83033,145.611,29.4121,,1.08929
8.84034,146.629,28.8019,,0.957971
8.85035,147.513,28.1426,,0.824479
8.86036,148.265,27.4269,,0.692412
8.87031,148.884,26.6582,,0.559607
8.88032,149.368,25.8346,,0.421861
8.89033,149.717,24.9367,,0.288975
8.90034,149.932,23.9409,,0.152398
8.91035,150.006,22.8576,,0.0169122
8.92036,149.956,21.6593,,-0.110563
8.93031,149.769,20.3491,,-0.250225
8.94032,149.444,18.9027,,-0.385079
8.95033,148.986,17.3351,,-0.518459
8.96034,148.392,15.6055,,-0.653299
8.97035,147.667,13.7397,,-0.784043
8.98036,146.81,11.7305,,-0.918207
8.99031,145.817,9.59033,,-1.0519
9.00032,144.694,7.35016,,-1.18226
9.01033,143.439,5.05082,,-1.31285
9.02034,142.058,2.7127,,-1.43926
9.03035,140.547,0.376661,,-1.56704
9.04036,138.913,-1.92699,,-1.69055
9.05031,137.152,-4.18238,,-1.81732
9.06032,135.267,-6.34628,,-1.94009
9.07032,133.26,-8.45305,,-2.06175
9.08033,131.134,-10.4596,,-2.17969
9.09034,128.889,-12.3694,,-2.29595
9.10035,126.529,-14.1871,,-2.41366
9.11036,124.054,-15.914,,-2.52523
9.12031,121.467,-17.556,,-2.63598
9.13032,118.772,-19.1086,,-2.74271
9.14033,115.969,-20.5791,,-2.85128
9.15034,113.062,-21.9634,,-2.95302
9.16035,110.054,-23.2648,,-3.05269
9.17036,106.946,-24.5013,,-3.15346
9.18031,103.74,-25.6406,,-3.24711
9.19032,100.446,-26.7264,,-3.33412
9.20033,97.0595,-27.7257,,-3.42844
9.21034,93.584,-28.6719,,-3.51369
9.22035,90.0248,-29.5427,,-3.5948
9.23036,86.3847,-30.3673,,-3.67635
9.24031,82.6671,-31.117,,-3.75142
9.25032,78.8744,-31.8078,,-3.82599
9.26033,75.0108,-32.4487,,-3.89376
9.27034,71.0805,-33.0381,,-3.96017
9.28035,67.0862,-33.5813,,-4.02106
9.29036,63.0314,-34.0889,,-4.08241
9.30031,58.9198,-34.5584,,-4.13494
9.31032,54.7559,-34.98,,-4.18626
9.32032,50.5431,-35.3636,,-4.23521
9.33033,46.2821,-35.7238,,-4.27986
9.34034,41.9811,-36.0325,,-4.31875
9.35035,37.6422,-36.3189,,-4.35446
9.36036,33.2696,-36.5927,,-4.38712
9.37031,28.8674,-36.8257,,-4.41436
9.38032,24.4383,-37.062,,-4.44
9.39033,19.9876,-37.2467,,-4.4593
9.40034,15.5189,-37.4218,,-4.47506
9.41035,11.0364,-37.57,,-4.48801
9.42036,6.54399,-37.7022,,-4.49614
9.43031,2.04561,-37.8119,,-4.49982
9.44032,-2.45456,-37.9102,,-4.49936
9.45033,-6.95268,-37.9996,,-4.49596
9.46034,-11.4443,-38.0694,,-4.48806
9.47035,-15.9259,-38.1226,,-4.47566
9.48036,-20.393,-38.1571,,-4.4595
9.49031,-24.8416,-38.1929,,-4.43945
9.50032,-29.2682,-38.1923,,-4.41521
9.51033,-33.6681,-38.1877,,-4.38667
9.52034,-38.0378,-38.1723,,-4.35484
9.53035,-42.373,-38.1573,,-4.31883
9.54036,-46.6703,-38.1141,,-4.27986
9.55031,-50.9267,-38.0672,,-4.23555
9.56032,-55.1357,-38.0059,,-4.18735
9.57032,-59.2959,-37.9366,,-4.13671
9.58033,-63.4022,-37.8576,,-4.08167
9.59034,-67.4522,-37.7641,,-4.02323
9.60035,-71.442,-37.6683,,-3.96192
9.61036,-75.3665,-37.5483,,-3.8928
9.62031,-79.2223,-37.43,,-3.82632
9.63032,-83.0084,-37.2878,,-3.75153
9.64033,-86.7177,-37.1354,,-3.6754
9.65034,-90.3508,-36.9811,,-3.598
9.66035,-93.9036,-36.8154,,-3.51425
9.67036,-97.3698,-36.6494,,-3.42671
9.68031,-100.748,-36.4634,,-3.3382
9.69032,-104.037,-36.2694,,-3.24725
9.70033,-107.23,-36.0577,,-3.14995
9.71034,-110.329,-35.8167,,-3.05657
9.72035,-113.33,-35.59,,-2.95367
9.73036,-116.226,-35.3294,,-2.84948
9.74031,-119.019,-35.0673,,-2.74587
9.75032,-121.705,-34.8086,,-2.63816
9.76033,-124.28,-34.5062,,-2.52145
9.77034,-126.742,-34.2102,,-2.41659
9.78035,-129.097,-33.89,,-2.3003
9.79036,-131.33,-33.547,,-2.17807
9.80031,-133.444,-33.1775,,-2.06296
9.81032,-135.44,-32.7934,,-1.93912
9.82032,-137.312,-32.4079,,-1.8187
9.83033,-139.063,-31.9643,,-1.6941
9.84034,-140.687,-31.5259,,-1.56787
9.85035,-142.187,-31.0473,,-1.44181
9.86036,-143.557,-30.5352,,-1.31194
9.87031,-144.797,-29.9933,,-1.18251
9.88032,-145.909,-29.4105,,-1.05247
9.89033,-146.889,-28.7829,,-0.921294
9.90034,-147.736,-28.1055,,-0.787054
9.91035,-148.45,-27.3823,,-0.653781
9.92036,-149.031,-26.6005,,-0.519554
9.93031,-149.476,-25.7565,,-0.386586
9.94032,-149.791,-24.8371,,-0.253918
9.95033,-149.968,-23.826,,-0.114557
9.96034,-150.008,-22.7163,,0.0186962
9.97035,-149.918,-21.4974,,0.150907
9.98036,-149.691,-20.1576,,0.288806
9.99031,-149.328,-18.6782,,0.421776
10.0003,-148.834,-17.0564,,0.555148
10.0103,-148.204,-15.3012,,0.689836
10.0203,-147.441,-13.4026,,0.825056
10.0303,-146.543,-11.3575,,0.955699
10.0404,-145.516,-9.20446,,1.08631
10.0503,-144.355,-6.96189,,1.22057
10.0603,-143.065,-4.65255,,1.34666
10.0703,-141.648,-2.30849,,1.47561
10.0803,-140.102,0.0111063,,1.60225
10.0903,-138.432,2.30344,,1.72627
10.1004,-136.636,4.52419,,1.85332
10.1104,-134.715,6.67963,,1.97458
10.1203,-132.675,8.73733,,2.0939
10.1303,-130.514,10.6955,,2.21442
10.1403,-128.238,12.5784,,2.32613
10.1503,-125.847,14.3654,,2.44393
10.1604,-123.341,16.0634,,2.55862
10.1704,-120.721,17.678,,2.66749
10.1803,-117.996,19.2099,,2.77342
10.1903,-115.165,20.631,,2.87647
10.2003,-112.23,21.994,,2.98244
10.2103,-109.193,23.263,,3.08095
10.2203,-106.059,24.457,,3.17785
10.2304,-102.827,25.5883,,3.27438
10.2403,-99.505,26.6346,,3.36232
10.2503,-96.0934,27.6364,,3.45176
10.2603,-92.5949,28.5363,,3.53597
10.2703,-89.0118,29.3899,,3.62061
10.2803,-85.3508,30.1811,,3.69542
10.2904,-81.6118,30.8944,,3.7731
10.3003,-77.7985,31.5709,,3.84552
10.3103,-73.9161,32.1929,,3.91241
10.3203,-69.9678,32.7754,,3.977
10.3303,-65.956,33.3044,,4.03997
10.3403,-61.8845,33.789,,4.09626
10.3504,-57.7578,34.2397,,4.15097
10.3604,-53.579,34.6398,,4.20083
10.3703,-49.3525,35.0142,,4.24632
10.3803,-45.082,35.3506,,4.29109
10.3903,-40.7685,35.6704,,4.33017
10.4003,-36.4193,35.9453,,4.36465
10.4104,-32.038,36.2067,,4.39471
10.4204,-27.6275,36.436,,4.42238
10.4303,-23.1932,36.6368,,4.44359
10.4403,-18.7373,36.8186,,4.46473
10.4503,-14.2642,36.9829,,4.47991
10.4603,-9.77826,37.1302,,4.49028
10.4703,-5.2836,37.2555,,4.49764
10.4804,-0.784372,37.378,,4.50014
10.4903,3.7156,37.4655,,4.49907
10.5003,8.21208,37.5361,,4.49391
10.5103,12.7015,37.603,,4.4846
10.5203,17.1794,37.6466,,4.47237
10.5303,21.6418,37.6664,,4.45419
10.5404,26.0849,37.6956,,4.43262
10.5503,30.5037,37.7051,,4.40703
10.5603,34.8958,37.7082,,4.37902
10.5703,39.2564,37.6941,,4.34561
10.5803,43.5826,37.6615,,4.30899
10.5903,47.8676,37.6194,,4.26535
10.6004,52.1098,37.5479,,4.22269
10.6104,56.306,37.4886,,4.17376
10.6203,60.4522,37.4191,,4.12339
10.6303,64.5441,37.3392,,4.06484
10.6403,68.5759,37.2591,,4.00504
10.6503,72.5469,37.1577,,3.94288
10.6604,76.4533,37.0348,,3.87532
10.6704,80.2898,36.9064,,3.80468
10.6803,84.0539,36.7467,,3.73034
10.6903,87.7435,36.6087,,3.6542
10.7003,91.3543,36.4445,,3.57663
10.7103,94.8837,36.2877,,3.49007
10.7203,98.3252,36.1151,,3.40218
10.7304,101.679,35.9303,,3.31326
10.7403,104.941,35.7226,,3.22109
10.7503,108.11,35.5065,,3.1243
10.7603,111.181,35.2667,,3.02573
10.7703,114.151,35.0328,,2.92469
10.7803,117.02,34.7753,,2.82316
10.7904,119.783,34.5268,,2.71305
10.8003,122.438,34.2354,,2.60805
10.8103,124.986,33.9595,,2.49805
10.8203,127.417,33.6429,,2.37526
10.8303,129.731,33.3054,,2.26586
10.8403,131.934,32.9632,,2.14731
10.8504,134.014,32.6009,,2.02897
10.8604,135.978,32.2109,,1.90766
10.8703,137.816,31.8011,,1.78284
10.8803,139.531,31.3804,,1.65825
10.8903,141.123,30.9219,,1.53642
10.9003,142.586,30.4395,,1.40366
10.9104,143.92,29.9163,,1.27572
10.9204,145.124,29.364,,1.14557
10.9303,146.197,28.7726,,1.01497
10.9403,147.14,28.1382,,0.882573
10.9503,147.949,27.4554,,0.750217
10.9603,148.627,26.7192,,0.616565
10.9703,149.169,25.9203,,0.482513
10.9804,149.579,25.0573,,0.350034
10.9903,149.854,24.1051,,0.21412
11.0003,149.99,23.0676,,0.0737059
11.0103,149.997,21.9333,,-0.0495602
11.0203,149.87,20.681,,-0.191341
11.0303,149.603,19.313,,-0.32585
11.0404,149.205,17.8123,,-0.459924
11.0503,148.671,16.1523,,-0.593395
11.0603,148.003,14.35,,-0.728965
11.0703,147.201,12.4058,,-0.862002
11.0803,146.268,10.3331,,-0.992471
11.0903,145.202,8.14853,,-1.12466
11.1004,144.007,5.89363,,-1.2532
11.1104,142.682,3.59938,,-1.38315
11.1203,141.229,1.26326,,-1.50995
11.1303,139.648,-1.04934,,-1.63723
11.1403,137.941,-3.31563,,-1.76581
11.1503,136.109,-5.51616,,-1.88416
11.1604,134.157,-7.63937,,-2.00849
11.1704,132.082,-9.67049,,-2.12847
11.1803,129.889,-11.6023,,-2.24608
11.1903,127.58,-13.4361,,-2.35922
11.2003,125.157,-15.1831,,-2.4758
11.2103,122.618,-16.8562,,-2.5889
11.2203,119.97,-18.4343,,-2.69716
11.2304,117.214,-19.9438,,-2.80262
11.2403,114.354,-21.3561,,-2.90691
11.2503,111.39,-22.6706,,-3.01085
11.2603,108.325,-23.9136,,-3.10878
11.2703,105.164,-25.0749,,-3.20466
11.2803,101.907,-26.1676,,-3.29884
11.2904,98.5576,-27.2039,,-3.38984
11.3003,95.1208,-28.1629,,-3.47381
11.3103,91.5986,-29.0696,,-3.5625
11.3203,87.9938,-29.8953,,-3.63861
11.3303,84.31,-30.6598,,-3.71949
11.3403,80.5508,-31.3575,,-3.79201
11.3504,76.7183,-32.0025,,-3.86478
11.3604,72.8164,-32.6067,,-3.93171
11.3703,68.8496,-33.1684,,-3.99484
11.3803,64.8216,-33.6927,,-4.05538
11.3903,60.7342,-34.17,,-4.11246
11.4003,56.5924,-34.6023,,-4.16592
11.4104,52.3991,-34.9912,,-4.21457
11.4204,48.1594,-35.3514,,-4.25997
11.4303,43.8765,-35.6672,,-4.3013
11.4403,39.5538,-35.9699,,-4.33949
11.4503,35.1952,-36.2385,,-4.37354
11.4603,30.805,-36.4964,,-4.40279
11.4703,26.3876,-36.7249,,-4.42902
11.4804,21.946,-36.9182,,-4.4515
11.4903,17.4848,-37.0999,,-4.46888
11.5003,13.008,-37.2432,,-4.48223
11.5103,8.51943,-37.3875,,-4.4926
11.5203,4.02315,-37.5041,,-4.49933
11.5303,-0.47673,-37.6062,,-4.49997
11.5404,-4.97623,-37.7035,,-4.49822
11.5503,-9.47123,-37.772,,-4.492
11.5603,-13.9579,-37.8317,,-4.48172
11.5703,-18.4316,-37.8741,,-4.46657
11.5803,-22.8888,-37.8968,,-4.44814
11.5903,-27.3254,-37.9147,,-4.42681
11.6004,-31.7377,-37.9157,,-4.40042
11.6104,-36.1215,-37.9137,,-4.36924
11.6203,-40.4717,-37.8899,,-4.3345
11.6303,-44.7867,-37.8609,,-4.29791
11.6403,-49.0619,-37.8084,,-4.25632
11.6503,-53.2925,-37.7527,,-4.20821
11.6604,-57.4731,-37.6779,,-4.15839
11.6704,-61.6032,-37.6064,,-4.1057
11.6803,-65.6788,-37.5345,,-4.05031
11.6903,-69.6948,-37.4303,,-3.98801
11.7003,-73.6481,-37.3276,,-3.92416
11.7103,-77.5351,-37.2021,,-3.85626
11.7203,-81.3524,-37.0646,,-3.78494
11.7304,-85.0957,-36.9291,,-3.70897
11.7403,-88.7636,-36.7736,,-3.63266
11.7503,-92.3506,-36.6199,,-3.54997
11.7603,-95.8562,-36.4524,,-3.46841
11.7703,-99.2748,-36.2858,,-3.37766
11.7803,-102.602,-36.0765,,-3.28708
11.7904,-105.839,-35.8794,,-3.19448
11.8003,-108.98,-35.6529,,-3.0965
11.8103,-112.023,-35.4138,,-2.99738
11.8203,-114.964,-35.1749,,-2.89635
11.8303,-117.804,-34.921,,-2.79388
11.8403,-120.538,-34.6665,,-2.68372
11.8504,-123.162,-34.3846,,-2.57352
11.8604,-125.671,-34.0851,,-2.45968
11.8703,-128.074,-33.7711,,-2.35375
11.8803,-130.361,-33.4427,,-2.23223
11.8903,-132.528,-33.0812,,-2.11385
11.9003,-134.578,-32.7175,,-1.99548
11.9104,-136.505,-32.3313,,-1.87192
11.9204,-138.31,-31.9186,,-1.75082
11.9303,-139.991,-31.4761,,-1.62423
11.9403,-141.545,-31.0171,,-1.49547
11.9503,-142.97,-30.5229,,-1.36796
11.9603,-144.267,-29.9954,,-1.23943
11.9703,-145.438,-29.4294,,-1.1126
11.9804,-146.476,-28.82,,-0.977429
11.9903,-147.38,-28.1771,,-0.844763
12.0003,-148.153,-27.4716,,-0.712629
12.0103,-148.792,-26.7373,,-0.579472
12.0203,-149.298,-25.9268,,-0.44629
12.0303,-149.67,-25.0412,,-0.311287
12.0404,-149.909,-24.0664,,-0.17704
12.0503,-150.005,-22.9981,,-0.0355172
12.0603,-149.974,-21.832,,0.090127
12.0703,-149.807,-20.5534,,0.228045
12.0803,-149.504,-19.1471,,0.364686
12.0903,-149.068,-17.6009,,0.495623
12.1004,-148.496,-15.9235,,0.632587
12.1104,-147.79,-14.0824,,0.76525
12.1203,-146.953,-12.1094,,0.897765
12.1303,-145.984,-10.0122,,1.02849
12.1403,-144.882,-7.80186,,1.16095
12.1503,-143.651,-5.52255,,1.28813
12.1604,-142.291,-3.21825,,1.42022
12.1704,-140.799,-0.898364,,1.54797
12.1803,-139.182,1.39397,,1.67337
12.1903,-137.439,3.64598,,1.79944
12.2003,-135.573,5.81989,,1.91997
12.2103,-133.587,7.91795,,2.04122
12.2203,-131.479,9.91115,,2.16205
12.2304,-129.253,11.8174,,2.28003
12.2403,-126.912,13.6197,,2.39022
12.2503,-124.456,15.3536,,2.50695
12.2603,-121.887,16.9835,,2.61926
12.2703,-119.208,18.5446,,2.72729
12.2803,-116.424,20.0158,,2.83084
12.2904,-113.533,21.3963,,2.94028
12.3003,-110.538,22.6985,,3.03781
12.3103,-107.446,23.901,,3.13681
12.3203,-104.259,25.0485,,3.22844
12.3303,-100.978,26.1187,,3.32352
12.3403,-97.604,27.1294,,3.41337
12.3504,-94.1434,28.0719,,3.50029
12.3604,-90.5966,28.9458,,3.58301
12.3703,-86.9692,29.7553,,3.66375
12.3803,-83.2637,30.4887,,3.73985
12.3903,-79.4833,31.1777,,3.81224
12.4003,-75.6319,31.8054,,3.88394
12.4104,-71.7109,32.3945,,3.94947
12.4204,-67.7268,32.9346,,4.01246
12.4303,-63.6817,33.4401,,4.07177
12.4403,-59.5783,33.9071,,4.1284
12.4503,-55.4218,34.3243,,4.17897
12.4603,-51.2162,34.709,,4.22773
12.4703,-46.963,35.0498,,4.273
12.4804,-42.6679,35.3625,,4.31221
12.4903,-38.3354,35.6462,,4.34881
12.5003,-33.9677,35.9082,,4.38214
12.5103,-29.5695,36.1487,,4.41109
12.5203,-25.1449,36.3721,,4.43516
12.5303,-20.6977,36.5691,,4.45653
12.5404,-16.2318,36.7377,,4.47298
12.5503,-11.7509,36.8848,,4.48622
12.5603,-7.26008,37.0068,,4.49444
12.5703,-2.76218,37.1194,,4.4994
12.5803,1.73792,37.2215,,4.50074
12.5903,6.23658,37.3084,,4.4966
12.6004,10.7296,37.3692,,4.4891
12.6104,15.2128,37.4258,,4.47773
12.6203,19.6827,37.4628,,4.46237
12.6303,24.1342,37.4749,,4.44319
12.6403,28.5646,37.5008,,4.41874
12.6503,32.969,37.4971,,4.39245
12.6604,37.3442,37.4849,,4.36021
12.6704,41.6858,37.4671,,4.32514
12.6803,45.9894,37.4285,,4.28612
12.6903,50.2525,37.3824,,4.24243
12.7003,54.4683,37.3156,,4.19447
12.7103,58.6361,37.2432,,4.1452
12.7203,62.7514,37.1631,,4.09064
12.7304,66.8106,37.0783,,4.03281
12.7403,70.8103,36.977,,3.97201
12.7503,74.7453,36.8779,,3.90404
12.7603,78.6117,36.7587,,3.83612
12.7703,82.409,36.6138,,3.76471
12.7803,86.1303,36.4736,,3.68638
12.7904,89.7761,36.3104,,3.61083
12.8003,93.3436,36.1499,,3.52926
12.8103,96.8224,35.9846,,3.43966
12.8203,100.216,35.8005,,3.35431
12.8303,103.519,35.6177,,3.26123
12.8403,106.729,35.3974,,3.16857
12.8504,109.843,35.1749,,3.06876
12.8604,112.858,34.9358,,2.96924
12.8703,115.771,34.6842,,2.86808
12.8803,118.583,34.4414,,2.76422
12.8903,121.285,34.1698,,2.65147
12.9003,123.877,33.8846,,2.54467
12.9104,126.362,33.5951,,2.43163
12.9204,128.727,33.2575,,2.31364
12.9303,130.979,32.9218,,2.19997
12.9403,133.115,32.5594,,2.08212
12.9503,135.13,32.1951,,1.95929
12.9603,137.021,31.7969,,1.8383
12.9703,138.792,31.3859,,1.71537
12.9804,140.44,30.9464,,1.59119
12.9903,141.958,30.4773,,1.45837
13.0003,143.347,29.9662,,1.33268
13.0103,144.61,29.4213,,1.20442
13.0203,145.741,28.8572,,1.07229
13.0303,146.743,28.2443,,0.942059
13.0404,147.611,27.59,,0.808439
13.0503,148.345,26.876,,0.673335
13.0603,148.946,26.1142,,0.542234
13.0703,149.415,25.2805,,0.407703
13.0803,149.749,24.3618,,0.274866
13.0903,149.949,23.3818,,0.136523
13.1004,150.009,22.2868,,2.06E-03
13.1104,149.941,21.0935,,-0.12764
13.1203,149.739,19.7812,,-0.263693
13.1303,149.398,18.3392,,-0.403892
13.1403,148.921,16.7483,,-0.536361
13.1503,148.312,15.0232,,-0.668949
13.1604,147.57,13.1524,,-0.80157
13.1704,146.696,11.1455,,-0.934327
13.1803,145.687,9.01575,,-1.06845
13.1903,144.546,6.77946,,-1.19782
13.2003,143.28,4.51654,,-1.3236
13.2103,141.883,2.18632,,-1.45667
13.2203,140.36,-0.126236,,-1.57893
13.2304,138.707,-2.40376,,-1.71229
13.2403,136.929,-4.62854,,-1.83116
13.2503,135.029,-6.7664,,-1.95579
13.2603,133.008,-8.8372,,-2.07456
13.2703,130.867,-10.7965,,-2.19455
13.2803,128.609,-12.6713,,-2.31105
13.2904,126.233,-14.4641,,-2.42567
13.3003,123.746,-16.1555,,-2.53996
13.3103,121.146,-17.7828,,-2.64663
13.3203,118.438,-19.2953,,-2.7592
13.3303,115.622,-20.7337,,-2.86242
13.3403,112.704,-22.0831,,-2.96401
13.3504,109.683,-23.3479,,-3.06597
13.3604,106.563,-24.5615,,-3.16317
13.3703,103.349,-25.6719,,-3.25593
13.3803,100.043,-26.7268,,-3.34642
13.3903,96.6457,-27.7186,,-3.43911
13.4003,93.1586,-28.615,,-3.52465
13.4104,89.589,-29.4676,,-3.60808
13.4204,85.9375,-30.2486,,-3.68519
13.4303,82.2118,-30.9812,,-3.75931
13.4403,78.4102,-31.6515,,-3.83393
13.4503,74.5391,-32.2735,,-3.90184
13.4603,70.6006,-32.8503,,-3.9677
13.4703,66.5987,-33.374,,-4.0296
13.4804,62.5371,-33.8643,,-4.08715
13.4903,58.4193,-34.286,,-4.14201
13.5003,54.2488,-34.7084,,-4.19314
13.5103,50.0295,-35.0711,,-4.24095
13.5203,45.7633,-35.4167,,-4.28499
13.5303,41.4575,-35.7206,,-4.3231
13.5404,37.1149,-36.0033,,-4.35816
13.5503,32.7383,-36.2591,,-4.39083
13.5603,28.3325,-36.481,,-4.41767
13.5703,23.9011,-36.6907,,-4.44183
13.5803,19.448,-36.8765,,-4.46183
13.5903,14.9775,-37.034,,-4.47693
13.6004,10.4932,-37.1861,,-4.48962
13.6104,5.99987,-37.3012,,-4.49608
13.6203,1.50111,-37.4161,,-4.50022
13.6303,-2.99883,-37.5008,,-4.49933
13.6403,-7.49653,-37.5883,,-4.49483
13.6503,-11.9872,-37.6485,,-4.48719
13.6604,-16.4671,-37.701,,-4.47373
13.6704,-20.9323,-37.7356,,-4.45758
13.6803,-25.3786,-37.7519,,-4.43629
13.6903,-29.8018,-37.7507,,-4.41171
13.7003,-34.1984,-37.7522,,-4.38384
13.7103,-38.5642,-37.7294,,-4.35035
13.7203,-42.8961,-37.7082,,-4.31555
13.7304,-47.1882,-37.6676,,-4.27315
13.7403,-51.4374,-37.6164,,-4.2298
13.7503,-55.6418,-37.5535,,-4.1825
13.7603,-59.7957,-37.4808,,-4.12993
13.7703,-63.8953,-37.4009,,-4.07382
13.7803,-67.9375,-37.3133,,-4.01578
13.7904,-71.9187,-37.1941,,-3.95235
13.8003,-75.8353,-37.0885,,-3.88689
13.8103,-79.6838,-36.9668,,-3.81641
13.8203,-83.4607,-36.829,,-3.74547
13.8303,-87.1625,-36.6869,,-3.66431
13.8403,-90.7845,-36.5324,,-3.58655
13.8504,-94.3255,-36.3601,,-3.50441
13.8604,-97.7822,-36.1963,,-3.4164
13.8703,-101.15,-35.9927,,-3.32793
13.8803,-104.427,-35.8077,,-3.23561
13.8903,-107.612,-35.5867,,-3.14269
13.9003,-110.699,-35.3605,,-3.04115
13.9104,-113.686,-35.1306,,-2.94045
13.9204,-116.57,-34.8814,,-2.83828
13.9303,-119.351,-34.6234,,-2.73367
13.9403,-122.024,-34.3499,,-2.62359
13.9503,-124.586,-34.0528,,-2.5103
13.9603,-127.036,-33.7533,,-2.40025
13.9703,-129.371,-33.4337,,-2.2826
13.9804,-131.589,-33.0944,,-2.165
13.9903,-133.691,-32.7208,,-2.04956
14.0003,-135.673,-32.3567,,-1.92653
14.0103,-137.531,-31.9407,,-1.80243
14.0203,-139.267,-31.5315,,-1.68099
14.0303,-140.877,-31.0733,,-1.55145
14.0404,-142.358,-30.6063,,-1.42352
14.0503,-143.713,-30.0841,,-1.29771
14.0603,-144.939,-29.5394,,-1.16833
14.0703,-146.036,-28.9491,,-1.03667
14.0803,-146.999,-28.3236,,-0.904292
14.0903,-147.83,-27.6548,,-0.771785
14.1004,-148.528,-26.9308,,-0.637498
14.1104,-149.093,-26.1511,,-0.504702
14.1203,-149.524,-25.3059,,-0.370299
14.1303,-149.82,-24.3729,,-0.234566
14.1403,-149.978,-23.3581,,-0.0945193
14.1503,-150.001,-22.2325,,0.0318533
14.1604,-149.897,-21.0045,,0.16552
14.1704,-149.655,-19.6545,,0.304967
14.1803,-149.275,-18.1722,,0.440547
14.1903,-148.762,-16.563,,0.571655
14.2003,-148.118,-14.7996,,0.704701
14.2103,-147.338,-12.8967,,0.839351
14.2203,-146.426,-10.849,,0.97282
14.2304,-145.382,-8.68838,,1.10152
14.2403,-144.208,-6.43059,,1.23359
14.2503,-142.902,-4.14221,,1.36438
14.2603,-141.468,-1.83237,,1.49008
14.2703,-139.908,0.471193,,1.61834
14.2803,-138.22,2.72438,,1.74487
14.2904,-136.41,4.92955,,1.86449
14.3003,-134.476,7.05072,,1.98863
14.3103,-132.421,9.0934,,2.10831
14.3203,-130.247,11.0356,,2.22856
14.3303,-127.955,12.8871,,2.34089
14.3403,-125.55,14.6511,,2.4588
14.3504,-123.029,16.3109,,2.57223
14.3604,-120.399,17.8915,,2.67796
14.3703,-117.66,19.3887,,2.78794
14.3803,-114.815,20.7962,,2.89128
14.3903,-111.868,22.1331,,2.99313
14.4003,-108.818,23.3851,,3.09479
14.4104,-105.672,24.5556,,3.18815
14.4204,-102.43,25.6641,,3.28457
14.4303,-99.0971,26.6838,,3.37227
14.4403,-95.6749,27.6475,,3.46266
14.4503,-92.167,28.5309,,3.54514
14.4603,-88.5744,29.3626,,3.63028
14.4703,-84.9011,30.1217,,3.70803
14.4804,-81.1528,30.8293,,3.78031
14.4903,-77.3342,31.4935,,3.85129
14.5003,-73.4431,32.0934,,3.92219
14.5103,-69.4861,32.6541,,3.98485
14.5203,-65.4672,33.1698,,4.0461
14.5303,-61.3898,33.6419,,4.10321
14.5404,-57.2553,34.0656,,4.15799
14.5503,-53.0703,34.4527,,4.20721
14.5603,-48.8378,34.8228,,4.25243
14.5703,-44.5617,35.1378,,4.29503
14.5803,-40.2449,35.4503,,4.33465
14.5903,-35.891,35.7131,,4.36856
14.6004,-31.506,35.9668,,4.39826
14.6104,-27.0929,36.1782,,4.42414
14.6203,-22.6556,36.3773,,4.44753
14.6303,-18.197,36.5632,,4.46678
14.6403,-13.7219,36.7075,,4.48157
14.6503,-9.23482,36.8539,,4.4915
14.6604,-4.73947,36.9722,,4.49774
14.6704,-0.23999,37.0734,,4.49996
14.6803,4.25996,37.1601,,4.49902
14.6903,8.75571,37.2264,,4.49346
14.7003,13.2442,37.2894,,4.48334
14.7103,17.7203,37.3321,,4.46958
14.7203,22.1802,37.3621,,4.45168
14.7304,26.6209,37.3803,,4.43076
14.7403,31.0375,37.3764,,4.40417
14.7503,35.4256,37.368,,4.37462
14.7603,39.782,37.353,,4.34114
14.7703,44.1027,37.3135,,4.3034
14.7803,48.3836,37.2783,,4.26157
14.7904,52.6211,37.2302,,4.21742
14.8003,56.8109,37.1666,,4.16683
14.8103,60.9499,37.0783,,4.11538
14.8203,65.035,37.0029,,4.05926
14.8303,69.0604,36.8992,,3.99772
14.8403,73.0236,36.7883,,3.93405
14.8504,76.9211,36.669,,3.86715
14.8604,80.7488,36.5608,,3.79535
14.8703,84.5046,36.4161,,3.72236
14.8803,88.185,36.2741,,3.64502
14.8903,91.7851,36.1137,,3.56394
14.9003,95.3034,35.9379,,3.48061
14.9104,98.7352,35.7565,,3.39151
14.9204,102.078,35.5666,,3.30234
14.9303,105.33,35.3668,,3.20911
14.9403,108.485,35.1517,,3.11199
14.9503,111.545,34.9328,,3.01593
14.9603,114.504,34.6901,,2.91189
14.9703,117.359,34.4444,,2.80932
14.9804,120.109,34.1777,,2.7003
14.9903,122.751,33.8955,,2.5957
15.0003,125.284,33.5979,,2.48099
15.0103,127.703,33.2833,,2.36606
15.0203,130.005,32.958,,2.25021
15.0303,132.192,32.6197,,2.13518
15.0404,134.26,32.2632,,2.01261
15.0503,136.207,31.8683,,1.89238
15.0603,138.031,31.452,,1.76856
15.0703,139.73,31.0272,,1.64197
15.0803,141.305,30.5683,,1.51929
15.0903,142.752,30.0863,,1.38837
15.1004,144.071,29.5599,,1.26053
15.1104,145.259,29.0108,,1.12993
15.1203,146.317,28.4211,,0.998158
15.1303,147.242,27.7749,,0.866533
15.1403,148.037,27.0868,,0.736402
15.1503,148.7,26.3449,,0.601714
15.1604,149.227,25.5398,,0.466387
15.1704,149.62,24.6746,,0.331783
15.1803,149.878,23.7384,,0.198878
15.1903,149.999,22.6851,,0.0573312
15.2003,149.988,21.5453,,-0.0670512
15.2103,149.844,20.276,,-0.207048
15.2203,149.563,18.8942,,-0.342476
15.2304,149.147,17.3593,,-0.475993
15.2403,148.597,15.7061,,-0.61048
15.2503,147.912,13.9084,,-0.744424
15.2603,147.096,11.962,,-0.875442
15.2703,146.147,9.88502,,-1.0081
15.2803,145.066,7.7129,,-1.14115
15.2904,143.853,5.43908,,-1.27195
15.3003,142.511,3.13596,,-1.39942
15.3103,141.042,0.820551,,-1.52606
15.3203,139.447,-1.47073,,-1.65139
15.3303,137.725,-3.71203,,-1.77873
15.3403,135.879,-5.87781,,-1.90008
15.3504,133.912,-7.97403,,-2.0225
15.3604,131.823,-9.99409,,-2.14139
15.3703,129.617,-11.9071,,-2.25945
15.3803,127.289,-13.7212,,-2.38265
15.3903,124.852,-15.4553,,-2.48274
15.4003,122.304,-17.1058,,-2.60099
15.4104,119.642,-18.6541,,-2.71064
15.4204,116.874,-20.1229,,-2.8155
15.4303,114,-21.5197,,-2.92185
15.4403,111.023,-22.8225,,-3.02144
15.4503,107.946,-24.0524,,-3.12232
15.4603,104.771,-25.1939,,-3.21713
15.4703,101.505,-26.2795,,-3.30674
15.4804,98.1478,-27.2768,,-3.3977
15.4903,94.7009,-28.2243,,-3.48571
15.5003,91.1677,-29.0877,,-3.57206
15.5103,87.5526,-29.8981,,-3.65012
15.5203,83.8591,-30.6517,,-3.72653
15.5303,80.0917,-31.3459,,-3.80245
15.5404,76.2499,-31.9889,,-3.87248
15.5503,72.3396,-32.5716,,-3.94099
15.5603,68.3649,-33.1056,,-4.001
15.5703,64.331,-33.6077,,-4.06187
15.5803,60.2361,-34.0654,,-4.12052
15.5903,56.0875,-34.4834,,-4.17179
15.6004,51.8881,-34.8792,,-4.2207
15.6104,47.6428,-35.2383,,-4.26518
15.6203,43.3545,-35.53,,-4.30631
15.6303,39.0278,-35.8233,,-4.34279
15.6403,34.666,-36.0686,,-4.37702
15.6503,30.2721,-36.3137,,-4.40646
15.6604,25.8514,-36.5371,,-4.43255
15.6704,21.4069,-36.743,,-4.45344
15.6803,16.9437,-36.9184,,-4.47064
15.6903,12.4657,-37.0519,,-4.48387
15.7003,7.97584,-37.1783,,-4.49331
15.7103,3.47891,-37.2872,,-4.49939
15.7203,-1.02118,-37.3753,,-4.50047
15.7304,-5.52038,-37.4685,,-4.49766
15.7403,-10.0143,-37.5512,,-4.49027
15.7503,-14.4998,-37.6136,,-4.48004
15.7603,-18.9716,-37.638,,-4.46536
15.7703,-23.4267,-37.6593,,-4.44591
15.7803,-27.8608,-37.6647,,-4.42367
15.7904,-32.2694,-37.6491,,-4.39618
15.8003,-36.6496,-37.6511,,-4.36609
15.8103,-40.9961,-37.6335,,-4.33037
15.8203,-45.3065,-37.6171,,-4.29259
15.8303,-49.5761,-37.5659,,-4.25047
15.8403,-53.8002,-37.5088,,-4.20186
15.8504,-57.9759,-37.4288,,-4.15413
15.8604,-62.0998,-37.3352,,-4.0986
15.8703,-66.1678,-37.249,,-4.04231
15.8803,-70.1766,-37.1573,,-3.98077
15.8903,-74.122,-37.0585,,-3.91612
15.9003,-78.0005,-36.9426,,-3.84759
15.9104,-81.811,-36.8183,,-3.77832
15.9204,-85.5447,-36.6633,,-3.69878
15.9303,-89.2029,-36.5063,,-3.62391
15.9403,-92.7807,-36.345,,-3.53856
15.9503,-96.2733,-36.1663,,-3.45532
15.9603,-99.681,-35.991,,-3.36755
15.9703,-102.998,-35.8091,,-3.27675
15.9804,-106.224,-35.6091,,-3.18254
15.9903,-109.353,-35.3917,,-3.08644
16.0003,-112.385,-35.1586,,-2.98646
16.0103,-115.316,-34.9135,,-2.88365
16.0203,-118.142,-34.6435,,-2.77846
16.0303,-120.861,-34.3732,,-2.67186
16.0404,-123.471,-34.0888,,-2.55902
16.0503,-125.971,-33.8013,,-2.44945
16.0603,-128.357,-33.4979,,-2.33485
16.0703,-130.628,-33.1725,,-2.21766
16.0803,-132.781,-32.8153,,-2.10083
16.0903,-134.817,-32.4406,,-1.98161
16.1004,-136.73,-32.0361,,-1.85781
16.1104,-138.52,-31.6234,,-1.73257
16.1203,-140.183,-31.182,,-1.60809
16.1303,-141.723,-30.7377,,-1.48305
16.1403,-143.135,-30.2438,,-1.35381
16.1503,-144.417,-29.7139,,-1.2244
16.1604,-145.57,-29.138,,-1.09338
16.1704,-146.593,-28.5251,,-0.964616
16.1803,-147.483,-27.8697,,-0.829292
16.1903,-148.238,-27.1685,,-0.695099
16.2003,-148.861,-26.4234,,-0.563972
16.2103,-149.352,-25.6101,,-0.429639
16.2203,-149.707,-24.7239,,-0.293727
16.2304,-149.926,-23.7505,,-0.157957
16.2403,-150.009,-22.6623,,-0.0230219
16.2503,-149.961,-21.4881,,0.107012
16.2603,-149.778,-20.1903,,0.24452
16.2703,-149.459,-18.7762,,0.379745
16.2803,-149.005,-17.2259,,0.514877
16.2904,-148.418,-15.5343,,0.646379
16.3003,-147.698,-13.6806,,0.781746
16.3103,-146.843,-11.6998,,0.913217
16.3203,-145.857,-9.58271,,1.04574
16.3303,-144.739,-7.37132,,1.17661
16.3403,-143.49,-5.1047,,1.30686
16.3504,-142.115,-2.79308,,1.43303
16.3604,-140.609,-0.496796,,1.56449
16.3703,-138.977,1.7754,,1.68674
16.3803,-137.222,4.01182,,1.8119
16.3903,-135.342,6.17246,,1.93483
16.4003,-133.339,8.25478,,2.05711
16.4104,-131.216,10.2378,,2.17639
16.4204,-128.977,12.1269,,2.29084
16.4303,-126.622,13.9066,,2.40833
16.4403,-124.15,15.6089,,2.52369
16.4503,-121.566,17.2271,,2.63082
16.4603,-118.877,18.7609,,2.73905
16.4703,-116.078,20.2139,,2.84671
16.4804,-113.174,21.5905,,2.94864
16.4903,-110.172,22.8675,,3.04803
16.5003,-107.068,24.0677,,3.14813
16.5103,-103.867,25.1961,,3.24295
16.5203,-100.574,26.2401,,3.33508
16.5303,-97.19,27.2271,,3.42313
16.5404,-93.7181,28.1504,,3.51055
16.5503,-90.1629,29.0106,,3.59169
16.5603,-86.5266,29.8115,,3.67223
16.5703,-82.8112,30.5366,,3.74997
16.5803,-79.0211,31.2195,,3.82183
16.5903,-75.1614,31.8184,,3.89145
16.6004,-71.2331,32.3919,,3.95749
16.6104,-67.2408,32.9215,,4.02091
16.6203,-63.1871,33.4107,,4.07927
16.6303,-59.0779,33.8735,,4.13362
16.6403,-54.9154,34.2727,,4.18531
16.6503,-50.7038,34.6559,,4.23268
16.6604,-46.4463,34.981,,4.27722
16.6704,-42.1466,35.2785,,4.31712
16.6803,-37.8094,35.5515,,4.35335
16.6903,-33.4375,35.8054,,4.386
16.7003,-29.0359,36.0439,,4.41442
16.7103,-24.6082,36.2646,,4.43839
16.7203,-20.1578,36.462,,4.45895
16.7304,-15.6901,36.6146,,4.47451
16.7403,-11.2081,36.7486,,4.48695
16.7503,-6.71622,36.8611,,4.49606
16.7603,-2.2178,36.9689,,4.4994
16.7703,2.28243,37.0685,,4.50047
16.7803,6.78056,37.1485,,4.4958
16.7904,11.2726,37.2341,,4.48831
16.8003,15.7545,37.2716,,4.47608
16.8103,20.2225,37.3027,,4.45989
16.8203,24.6717,37.3081,,4.44062
16.8303,29.0989,37.3116,,4.41601
16.8403,33.5,37.3026,,4.38796
16.8504,37.8712,37.3007,,4.35674
16.8604,42.2082,37.2863,,4.31974
16.8703,46.5063,37.2548,,4.28044
16.8803,50.7632,37.2016,,4.237
16.8903,54.9748,37.1317,,4.19021
16.9003,59.1371,37.0483,,4.13899
16.9104,63.246,36.9565,,4.08345
16.9204,67.2971,36.884,,4.0249
16.9303,71.2889,36.7794,,3.9637
16.9403,75.2156,36.6819,,3.89636
16.9503,79.0757,36.561,,3.82855
16.9603,82.8628,36.4237,,3.75492
16.9703,86.5767,36.2769,,3.67876
16.9804,90.2115,36.1124,,3.59837
16.9903,93.7661,35.9464,,3.51822
17.0003,97.2379,35.7786,,3.43233
17.0103,100.62,35.5946,,3.34125
17.0203,103.912,35.415,,3.25014
17.0303,107.11,35.1951,,3.15769
17.0404,110.214,34.9765,,3.05733
17.0503,113.216,34.7325,,2.95759
17.0603,116.117,34.4828,,2.85443
17.0703,118.913,34.2299,,2.74827
17.0803,121.604,33.958,,2.64199
17.0903,124.183,33.6733,,2.52562
17.1004,126.647,33.3762,,2.41765
17.1104,129.004,33.0504,,2.30587
17.1203,131.245,32.7074,,2.18678
17.1303,133.366,32.3684,,2.06742
17.1403,135.367,31.9793,,1.94532
17.1503,137.244,31.5789,,1.82205
17.1604,138.998,31.1635,,1.69743
17.1704,140.627,30.7112,,1.57374
17.1803,142.131,30.2547,,1.44524
17.1903,143.506,29.7377,,1.31844
17.2003,144.753,29.1973,,1.18692
17.2103,145.868,28.6209,,1.0578
17.2203,146.854,28.0082,,0.925582
17.2304,147.706,27.3469,,0.792139
17.2403,148.426,26.6277,,0.660648
17.2503,149.012,25.8563,,0.524845
17.2603,149.463,25.0135,,0.390521
17.2703,149.781,24.1022,,0.258714
17.2803,149.962,23.1063,,0.117583
17.2904,150.008,22.0043,,-0.0115561
17.3003,149.923,20.7962,,-0.146692
17.3103,149.703,19.4678,,-0.279742
17.3203,149.347,18.0102,,-0.41896
17.3303,148.854,16.4172,,-0.551297
17.3403,148.23,14.6671,,-0.685279
17.3504,147.471,12.7861,,-0.818666
17.3604,146.579,10.7655,,-0.951784
17.3703,145.557,8.62074,,-1.07889
17.3803,144.404,6.39559,,-1.21336
17.3903,143.119,4.11624,,-1.3443
17.4003,141.704,1.80343,,-1.47119
17.4104,140.163,-0.500621,,-1.59755
17.4204,138.497,-2.76268,,-1.72315
17.4303,136.706,-4.98233,,-1.84541
17.4403,134.792,-7.10969,,-1.97074
17.4503,132.755,-9.16592,,-2.0919
17.4603,130.6,-11.1185,,-2.20603
17.4703,128.329,-12.964,,-2.32018
17.4804,125.943,-14.7277,,-2.44252
17.4903,123.437,-16.4133,,-2.55683
17.5003,120.823,-18.0106,,-2.66018
17.5103,118.103,-19.5371,,-2.77076
17.5203,115.274,-20.9608,,-2.87435
17.5303,112.343,-22.2929,,-2.97793
17.5404,109.31,-23.547,,-3.07792
17.5503,106.179,-24.7129,,-3.17239
17.5603,102.955,-25.8285,,-3.26665
17.5703,99.6357,-26.8718,,-3.36202
17.5803,96.2249,-27.8389,,-3.44972
17.5903,92.7303,-28.7564,,-3.53245
17.6004,89.1515,-29.585,,-3.61627
17.6104,85.4926,-30.3566,,-3.69289
17.6203,81.7566,-31.0483,,-3.76989
17.6303,77.947,-31.6995,,-3.84245
17.6403,74.0669,-32.3148,,-3.91012
17.6503,70.1208,-32.8839,,-3.9752
17.6604,66.1106,-33.4174,,-4.03819
17.6704,62.0412,-33.898,,-4.09398
17.6803,57.9173,-34.3132,,-4.14816
17.6903,53.7402,-34.6934,,-4.19976
17.7003,49.5147,-35.0523,,-4.2465
17.7103,45.2451,-35.3817,,-4.28775
17.7203,40.9346,-35.6878,,-4.32839
17.7304,36.5871,-35.9676,,-4.36318
17.7403,32.2064,-36.2296,,-4.39389
17.7503,27.7975,-36.4366,,-4.42123
17.7603,23.363,-36.6421,,-4.44372
17.7703,18.908,-36.8049,,-4.46409
17.7803,14.4356,-36.9591,,-4.47898
17.7904,9.95032,-37.0939,,-4.48998
17.8003,5.45608,-37.2135,,-4.49691
17.8103,0.956618,-37.3307,,-4.5002
17.8203,-3.5432,-37.4171,,-4.49951
17.8303,-8.04016,-37.496,,-4.49411
17.8403,-12.5297,-37.5468,,-4.48538
17.8504,-17.0079,-37.5912,,-4.47187
17.8604,-21.4708,-37.6105,,-4.455
17.8703,-25.9149,-37.6311,,-4.43425
17.8803,-30.3353,-37.6401,,-4.40825
17.8903,-34.7283,-37.6246,,-4.38019
17.9003,-39.09,-37.6202,,-4.34582
17.9104,-43.4166,-37.5891,,-4.31061
17.9204,-47.7045,-37.5398,,-4.26929
17.9303,-51.9499,-37.4971,,-4.22452
17.9403,-56.1468,-37.4225,,-4.17403
17.9503,-60.2932,-37.3464,,-4.12303
17.9603,-64.3863,-37.2589,,-4.06834
17.9703,-68.4221,-37.1652,,-4.00804
17.9804,-72.3958,-37.0661,,-3.94558
17.9903,-76.305,-36.9563,,-3.87821
18.0003,-80.1439,-36.8385,,-3.80686
18.0103,-83.9112,-36.691,,-3.73378
18.0203,-87.6012,-36.5392,,-3.65615
18.0303,-91.2156,-36.3747,,-3.57767
18.0404,-94.7476,-36.2116,,-3.49539
18.0503,-98.1957,-36.0365,,-3.40714
18.0603,-101.552,-35.8666,,-3.31627
18.0703,-104.818,-35.6602,,-3.22359
18.0803,-107.99,-35.4512,,-3.12886
18.0903,-111.065,-35.2131,,-3.03057
18.1004,-114.039,-34.9818,,-2.92801
18.1104,-116.911,-34.7158,,-2.82478
18.1203,-119.678,-34.4698,,-2.71948
18.1303,-122.338,-34.1953,,-2.61158
18.1403,-124.889,-33.8955,,-2.50193
18.1503,-127.326,-33.5919,,-2.38283
18.1604,-129.647,-33.2827,,-2.26896
18.1704,-131.85,-32.9281,,-2.15035
18.1803,-133.937,-32.5657,,-2.03408
18.1903,-135.904,-32.181,,-1.91234
18.2003,-137.749,-31.7873,,-1.78865
18.2103,-139.468,-31.3508,,-1.66227
18.2203,-141.062,-30.9016,,-1.53888
18.2304,-142.531,-30.4234,,-1.40994
18.2403,-143.87,-29.9102,,-1.28126
18.2503,-145.079,-29.3574,,-1.15076
18.2603,-146.158,-28.764,,-1.01881
18.2703,-147.106,-28.1358,,-0.890876
18.2803,-147.922,-27.4504,,-0.753651
18.2904,-148.602,-26.7271,,-0.620194
18.3003,-149.151,-25.9367,,-0.490964
18.3103,-149.567,-25.0961,,-0.353999
18.3203,-149.846,-24.1422,,-0.218694
18.3303,-149.989,-23.1259,,-0.0804694
18.3403,-149.999,-21.985,,0.0481529
18.3504,-149.875,-20.7573,,0.184853
18.3604,-149.617,-19.3756,,0.318275
18.3703,-149.223,-17.8968,,0.456704
18.3803,-148.692,-16.2528,,0.589721
18.3903,-148.031,-14.4837,,0.720249
18.4003,-147.236,-12.5507,,0.858209
18.4104,-146.305,-10.5087,,0.988258
18.4204,-145.245,-8.32714,,1.11964
18.4303,-144.054,-6.0803,,1.24773
18.4403,-142.735,-3.77926,,1.37829
18.4503,-141.286,-1.46548,,1.50683
18.4603,-139.71,0.828975,,1.6323
18.4703,-138.007,3.06145,,1.75918
18.4804,-136.181,5.26702,,1.88109
18.4903,-134.233,7.37489,,2.00342
18.5003,-132.163,9.40109,,2.12357
18.5103,-129.976,11.3326,,2.23925
18.5203,-127.671,13.1734,,2.35842
18.5303,-125.25,14.9233,,2.47227
18.5404,-122.716,16.563,,2.58246
18.5503,-120.073,18.1364,,2.69307
18.5603,-117.322,19.6139,,2.79918
18.5703,-114.465,21.0197,,2.90386
18.5803,-111.503,22.3344,,3.00763
18.5903,-108.442,23.5919,,3.10382
18.6004,-105.285,24.7388,,3.20109
18.6104,-102.032,25.8402,,3.29468
18.6203,-98.6875,26.8421,,3.3851
18.6303,-95.2541,27.79,,3.47167
18.6403,-91.7367,28.6596,,3.5564
18.6503,-88.1321,29.4843,,3.64149
18.6604,-84.4515,30.2414,,3.71283
18.6704,-80.6951,30.9418,,3.79177
18.6803,-76.8652,31.5925,,3.86042
18.6903,-72.9669,32.1855,,3.92828
18.7003,-69.003,32.719,,3.99336
18.7103,-64.9757,33.2189,,4.05367
18.7203,-60.8918,33.6769,,4.10911
18.7304,-56.7519,34.0957,,4.16413
18.7403,-52.5602,34.4946,,4.21352
18.7503,-48.3222,34.8482,,4.25781
18.7603,-44.041,35.1682,,4.3003
18.7703,-39.7197,35.4617,,4.33734
18.7803,-35.3629,35.7168,,4.37236
18.7904,-30.9737,35.9534,,4.40182
18.8003,-26.5571,36.1571,,4.42798
18.8103,-22.1169,36.3514,,4.4503
18.8203,-17.6562,36.5443,,4.46823
18.8303,-13.1795,36.6805,,4.48324
18.8403,-8.6912,36.8222,,4.49213
18.8504,-4.19516,36.9407,,4.49834
18.8604,0.304378,37.0254,,4.49978
18.8703,4.80414,37.1096,,4.49856
18.8803,9.29936,37.169,,4.49266
18.8903,13.7861,37.227,,4.48156
18.9003,18.2606,37.2675,,4.46768
18.9104,22.7185,37.2917,,4.44913
18.9204,27.156,37.3227,,4.42712
18.9303,31.5692,37.3087,,4.40212
18.9403,35.9547,37.2948,,4.37056
18.9503,40.307,37.2738,,4.33749
18.9603,44.6232,37.2382,,4.29809
18.9703,48.8987,37.1962,,4.25585
18.9804,53.1298,37.1454,,4.21114
18.9903,57.3152,37.0742,,4.16268
19.0003,61.448,36.9966,,4.10795
19.0103,65.5236,36.912,,4.04909
19.0203,69.5413,36.8078,,3.99113
19.0303,73.4979,36.7056,,3.92761
19.0404,77.3879,36.5837,,3.85877
19.0503,81.2069,36.4591,,3.78686
19.0603,84.9543,36.3193,,3.7145
19.0703,88.6264,36.1806,,3.63626
19.0803,92.2164,36.0122,,3.55198
19.0903,95.7222,35.8321,,3.46692
19.1004,99.1421,35.6486,,3.38242
19.1104,102.476,35.4652,,3.29274
19.1203,105.717,35.2639,,3.19824
19.1303,108.862,35.0533,,3.10085
19.1403,111.909,34.831,,3.0024
19.1503,114.855,34.5772,,2.90044
19.1604,117.699,34.3289,,2.79639
19.1704,120.436,34.053,,2.68731
19.1803,123.062,33.7766,,2.57853
19.1903,125.579,33.4818,,2.4667
19.2003,127.986,33.179,,2.35622
19.2103,130.276,32.8449,,2.23516
19.2203,132.448,32.5025,,2.11923
19.2304,134.501,32.1352,,1.99817
19.2403,136.432,31.7352,,1.87596
19.2503,138.241,31.3215,,1.75516
19.2603,139.927,30.897,,1.62922
19.2703,141.486,30.4428,,1.50296
19.2803,142.92,29.9564,,1.37461
19.2904,144.223,29.4279,,1.24536
19.3003,145.395,28.8561,,1.11204
19.3103,146.436,28.2619,,0.982654
19.3203,147.347,27.6213,,0.851702
19.3303,148.125,26.9194,,0.718154
19.3403,148.77,26.1874,,0.584758
19.3504,149.282,25.371,,0.451732
19.3604,149.658,24.5038,,0.314777
19.3703,149.899,23.5424,,0.181406
19.3803,150.004,22.4867,,0.0434823
19.3903,149.979,21.3175,,-0.0836677
19.4003,149.818,20.0429,,-0.225024
19.4104,149.517,18.6333,,-0.360166
19.4204,149.085,17.1099,,-0.492158
19.4303,148.519,15.4326,,-0.625196
19.4403,147.822,13.6152,,-0.757886
19.4503,146.99,11.657,,-0.892801
19.4603,146.023,9.55504,,-1.02638
19.4703,144.926,7.36452,,-1.15444
19.4804,143.699,5.08651,,-1.28614
19.4903,142.342,2.78506,,-1.41582
19.5003,140.857,0.471275,,-1.53891
19.5103,139.248,-1.81101,,-1.66916
19.5203,137.509,-4.04405,,-1.7932
19.5303,135.648,-6.1995,,-1.91712
19.5404,133.665,-8.28877,,-2.03756
19.5503,131.562,-10.2884,,-2.15616
19.5603,129.34,-12.2081,,-2.27507
19.5703,127.005,-14.0072,,-2.38485
19.5803,124.553,-15.7391,,-2.50501
19.5903,121.988,-17.3687,,-2.61533
19.6004,119.313,-18.8976,,-2.72317
19.6104,116.531,-20.3589,,-2.82881
19.6203,113.646,-21.7359,,-2.93117
19.6303,110.658,-23.0369,,-3.03393
19.6403,107.571,-24.2667,,-3.13098
19.6503,104.384,-25.4063,,-3.22983
19.6604,101.106,-26.476,,-3.31815
19.6704,97.7363,-27.4585,,-3.4123
19.6803,94.2769,-28.375,,-3.49685
19.6903,90.7347,-29.2332,,-3.57788
19.7003,87.1121,-30.0425,,-3.66146
19.7103,83.4076,-30.7841,,-3.73587
19.7203,79.6305,-31.4812,,-3.81233
19.7304,75.7801,-32.1179,,-3.88052
19.7403,71.8629,-32.6857,,-3.94654
19.7503,67.8814,-33.2091,,-4.01034
19.7603,63.8372,-33.6792,,-4.07082
19.7703,59.7365,-34.1346,,-4.12516
19.7803,55.5822,-34.5416,,-4.17707
19.7904,51.3777,-34.9369,,-4.22642
19.8003,47.1263,-35.2945,,-4.27057
19.8103,42.8339,-35.6015,,-4.31099
19.8203,38.5015,-35.8724,,-4.34808
19.8303,34.1354,-36.115,,-4.38102
19.8403,29.7384,-36.34,,-4.40948
19.8504,25.3146,-36.5486,,-4.435
19.8604,20.8685,-36.7348,,-4.45495
19.8703,16.4028,-36.9161,,-4.47311
19.8803,11.9229,-37.0669,,-4.48551
19.8903,7.43213,-37.1938,,-4.49407
19.9003,2.93455,-37.2909,,-4.4998
19.9104,-1.56565,-37.3753,,-4.50027
19.9204,-6.06448,-37.4512,,-4.49685
19.9303,-10.5576,-37.5198,,-4.48948
19.9403,-15.0415,-37.5755,,-4.47785
19.9503,-19.5116,-37.6129,,-4.46368
19.9603,-23.9644,-37.6368,,-4.44381
19.9703,-28.3957,-37.6412,,-4.4203
19.9804,-32.801,-37.6386,,-4.39244
19.9903,-37.177,-37.6126,,-4.36195
20.0003,-41.5194,-37.5907,,-4.32596
20.0103,-45.8244,-37.5583,,-4.28663
20.0203,-50.0885,-37.5077,,-4.24501
20.0303,-54.3076,-37.4554,,-4.19796
20.0404,-58.478,-37.382,,-4.14729
20.0503,-62.595,-37.3058,,-4.09189
20.0603,-66.656,-37.2071,,-4.03543
20.0703,-70.6576,-37.1053,,-3.97362
20.0803,-74.5953,-36.9951,,-3.90725
20.0903,-78.4653,-36.8687,,-3.83935
20.1004,-82.2652,-36.7449,,-3.76732
20.1104,-85.9919,-36.6015,,-3.69303
20.1203,-89.6418,-36.4543,,-3.61244
20.1303,-93.208,-36.2917,,-3.5296
20.1403,-96.6911,-36.1161,,-3.44466
20.1503,-100.088,-35.9242,,-3.35558
20.1604,-103.393,-35.734,,-3.26481
20.1704,-106.607,-35.529,,-3.17117
20.1803,-109.724,-35.31,,-3.07209
20.1903,-112.742,-35.0814,,-2.97461
20.2003,-115.662,-34.835,,-2.87286
20.2103,-118.476,-34.5806,,-2.76619
20.2203,-121.183,-34.3024,,-2.65921
20.2304,-123.782,-34.0192,,-2.54819
20.2403,-126.27,-33.7108,,-2.43669
20.2503,-128.64,-33.408,,-2.31815
20.2603,-130.896,-33.0712,,-2.20379
20.2703,-133.034,-32.7321,,-2.08579
20.2803,-135.055,-32.3503,,-1.96565
20.2904,-136.952,-31.9601,,-1.84205
20.3003,-138.727,-31.5395,,-1.71869
20.3103,-140.377,-31.0876,,-1.59354
20.3203,-141.902,-30.6236,,-1.46782
20.3303,-143.298,-30.1156,,-1.33887
20.3403,-144.564,-29.5943,,-1.20697
20.3504,-145.701,-29.0265,,-1.07848
20.3604,-146.707,-28.4198,,-0.946662
20.3703,-147.58,-27.7618,,-0.811557
20.3803,-148.32,-27.0464,,-0.681978
20.3903,-148.927,-26.279,,-0.545931
20.4003,-149.4,-25.4585,,-0.413179
20.4104,-149.739,-24.5473,,-0.278267
20.4204,-149.943,-23.5679,,-0.140326
20.4303,-150.007,-22.492,,-7.46E-03
20.4403,-149.945,-21.3038,,0.122539
20.4503,-149.747,-19.9989,,0.26067
20.4603,-149.411,-18.5542,,0.396987
20.4703,-148.941,-16.973,,0.529747
20.4804,-148.338,-15.2517,,0.661628
20.4903,-147.6,-13.3917,,0.800302
20.5003,-146.729,-11.401,,0.928039
20.5103,-145.729,-9.28626,,1.05963
20.5203,-144.596,-7.06066,,1.19348
20.5303,-143.331,-4.78542,,1.32154
20.5404,-141.94,-2.46244,,1.45023
20.5503,-140.418,-0.145932,,1.5791
20.5603,-138.771,2.12768,,1.7021
20.5703,-137.001,4.34689,,1.82642
20.5803,-135.105,6.48691,,1.95244
20.5903,-133.087,8.55372,,2.07122
20.6004,-130.95,10.5153,,2.19059
20.6104,-128.696,12.4034,,2.30569
20.6203,-126.325,14.1996,,2.42139
20.6303,-123.844,15.8909,,2.53267
20.6403,-121.249,17.5055,,2.64453
20.6503,-118.544,19.0228,,2.75499
20.6604,-115.733,20.4512,,2.85691
20.6704,-112.817,21.8065,,2.96249
20.6803,-109.801,23.0901,,3.05988
20.6903,-106.687,24.2837,,3.15783
20.7003,-103.476,25.4165,,3.25465
20.7103,-100.17,26.4608,,3.34649
20.7203,-96.7746,27.4409,,3.4345
20.7304,-93.2935,28.3308,,3.51939
20.7403,-89.7287,29.1698,,3.60283
20.7503,-86.0803,29.9574,,3.68421
20.7603,-82.3563,30.6745,,3.75531
20.7703,-78.56,31.3591,,3.83119
20.7803,-74.6894,31.9773,,3.90073
20.7904,-70.7533,32.5338,,3.96544
20.8003,-66.7534,33.0486,,4.02709
20.8103,-62.6942,33.5151,,4.08514
20.8203,-58.5777,33.9619,,4.14169
20.8303,-54.4077,34.3575,,4.1921
20.8403,-50.1906,34.7296,,4.23723
20.8504,-45.9285,35.0652,,4.28202
20.8604,-41.6233,35.3672,,4.32258
20.8703,-37.2818,35.6356,,4.35748
20.8803,-32.9063,35.8813,,4.38922
20.8903,-28.5019,36.104,,4.41688
20.9003,-24.0713,36.2959,,4.44127
20.9104,-19.6186,36.4861,,4.46119
20.9204,-15.1485,36.6428,,4.47651
20.9303,-10.6652,36.7893,,4.48796
20.9403,-6.1723,36.9079,,4.497
20.9503,-1.67351,37.0164,,4.49986
20.9603,2.82679,37.0931,,4.49993
20.9703,7.32441,37.1678,,4.49489
20.9804,11.8155,37.2286,,4.48696
20.9903,16.2956,37.2659,,4.47443
21.0003,20.7615,37.2947,,4.45807
21.0103,25.2091,37.3227,,4.43853
21.0203,29.6336,37.3302,,4.41261
21.0303,34.0312,37.3258,,4.38431
21.0404,38.3978,37.305,,4.3521
21.0503,42.7309,37.2752,,4.31607
21.0603,47.0241,37.2208,,4.27468
21.0703,51.2754,37.1714,,4.2313
21.0803,55.481,37.1156,,4.18438
21.0903,59.6374,37.042,,4.13265
21.1004,63.7396,36.9657,,4.07667
21.1104,67.7838,36.8713,,4.01769
21.1203,71.767,36.7715,,3.9543
21.1303,75.6858,36.6382,,3.8893
21.1403,79.5377,36.5237,,3.82106
21.1503,83.3183,36.3837,,3.74511
21.1604,87.0204,36.2537,,3.66897
21.1704,90.6473,36.0974,,3.59012
21.1803,94.1921,35.9281,,3.50794
21.1903,97.6521,35.7495,,3.41936
21.2003,101.023,35.5589,,3.33243
21.2103,104.305,35.3587,,3.23853
21.2203,107.492,35.1491,,3.14461
21.2304,110.582,34.93,,3.04617
21.2403,113.572,34.6929,,2.94419
21.2503,116.461,34.4563,,2.84274
21.2603,119.244,34.1958,,2.73322
21.2703,121.92,33.9099,,2.63047
21.2803,124.489,33.6228,,2.51577
21.2904,126.944,33.3219,,2.40563
21.3003,129.286,32.9859,,2.28959
21.3103,131.509,32.65,,2.1679
21.3203,133.613,32.3053,,2.05245
21.3303,135.599,31.9268,,1.93188
21.3403,137.463,31.5192,,1.80745
21.3504,139.202,31.1075,,1.68314
21.3604,140.817,30.6411,,1.55869
21.3703,142.304,30.1744,,1.42855
21.3803,143.663,29.6502,,1.30153
21.3903,144.894,29.1137,,1.17294
21.4003,145.995,28.5366,,1.04097
21.4104,146.963,27.9235,,0.910887
21.4204,147.801,27.2517,,0.777021
21.4303,148.506,26.5249,,0.644596
21.4403,149.075,25.7409,,0.508238
21.4503,149.51,24.8823,,0.375526
21.4603,149.811,23.9702,,0.238892
21.4703,149.975,22.9506,,0.100825
21.4804,150.004,21.8457,,-0.0257405
21.4903,149.904,20.6217,,-0.161658
21.5003,149.667,19.2866,,-0.299467
21.5103,149.293,17.8032,,-0.43459
21.5203,148.785,16.1837,,-0.568548
21.5303,148.143,14.4205,,-0.70045
21.5404,147.37,12.5152,,-0.832518
21.5503,146.464,10.4757,,-0.966657
21.5603,145.425,8.32221,,-1.09814
21.5703,144.253,6.08982,,-1.23236
21.5803,142.951,3.79956,,-1.35863
21.5903,141.524,1.47605,,-1.48333
21.6004,139.97,-0.827557,,-1.61186
21.6104,138.288,-3.09332,,-1.73884
21.6203,136.482,-5.29499,,-1.86054
21.6303,134.553,-7.4167,,-1.98502
21.6403,132.501,-9.45571,,-2.1055
21.6503,130.332,-11.4083,,-2.2219
21.6604,128.045,-13.2505,,-2.33718
21.6704,125.643,-15.02,,-2.45545
21.6803,123.128,-16.695,,-2.56482
21.6903,120.501,-18.2832,,-2.67714
21.7003,117.765,-19.7797,,-2.78358
21.7103,114.925,-21.1975,,-2.88669
21.7203,111.981,-22.5273,,-2.9908
21.7304,108.936,-23.7847,,-3.08723
21.7403,105.795,-24.9591,,-3.18603
21.7503,102.557,-26.0543,,-3.27974
21.7603,99.2255,-27.0849,,-3.37203
21.7703,95.807,-28.0362,,-3.45753
21.7803,92.3032,-28.9298,,-3.54197
21.7904,88.7133,-29.76,,-3.62687
21.8003,85.0445,-30.531,,-3.70409
21.8103,81.2983,-31.2308,,-3.77989
21.8203,77.4797,-31.8927,,-3.84911
21.8303,73.5933,-32.4743,,-3.91749
21.8403,69.6386,-33.0292,,-3.98324
21.8504,65.6224,-33.5275,,-4.0438
21.8604,61.5456,-34.0078,,-4.10225
21.8703,57.4143,-34.4309,,-4.15484
21.8803,53.232,-34.8246,,-4.20464
21.8903,49.0007,-35.1809,,-4.25176
21.9003,44.7259,-35.5003,,-4.29355
21.9104,40.4102,-35.7887,,-4.33272
21.9204,36.0592,-36.0467,,-4.36617
21.9303,31.6749,-36.2887,,-4.39801
21.9403,27.2625,-36.5105,,-4.42406
21.9503,22.8255,-36.7033,,-4.44666
21.9603,18.3679,-36.8837,,-4.46602
21.9703,13.8937,-37.0342,,-4.48042
21.9804,9.40701,-37.1701,,-4.49134
21.9903,4.91196,-37.2717,,-4.49759
22.0003,0.412257,-37.3784,,-4.50016
22.0103,-4.08757,-37.454,,-4.4995
22.0203,-8.58376,-37.5281,,-4.49289
22.0303,-13.0722,-37.5902,,-4.48425
22.0404,-17.549,-37.629,,-4.46993
22.0503,-22.0098,-37.649,,-4.45246
22.0603,-26.4507,-37.6656,,-4.43126
22.0703,-30.868,-37.664,,-4.40509
22.0803,-35.2575,-37.6537,,-4.37629
22.0903,-39.6153,-37.6312,,-4.34243
22.1004,-43.9378,-37.5985,,-4.30487
22.1104,-48.2199,-37.5552,,-4.26374
22.1203,-52.4592,-37.5014,,-4.21799
22.1303,-56.651,-37.4358,,-4.17036
22.1403,-60.7922,-37.3614,,-4.1162
22.1503,-64.8783,-37.2737,,-4.06133
22.1604,-68.9067,-37.1734,,-4.00074
22.1704,-72.873,-37.0667,,-3.93752
22.1803,-76.7735,-36.9507,,-3.86964
22.1903,-80.6047,-36.8266,,-3.79976
22.2003,-84.3636,-36.6823,,-3.72435
22.2103,-88.0434,-36.5442,,-3.64495
22.2203,-91.6484,-36.3775,,-3.56834
22.2304,-95.1701,-36.2108,,-3.48486
22.2403,-98.606,-36.0333,,-3.39462
22.2503,-101.951,-35.8355,,-3.30594
22.2603,-105.206,-35.6412,,-3.21168
22.2703,-108.366,-35.4261,,-3.11765
22.2803,-111.429,-35.2095,,-3.01718
22.2904,-114.392,-34.9592,,-2.91873
22.3003,-117.253,-34.7166,,-2.81385
22.3103,-120.007,-34.438,,-2.70473
22.3203,-122.653,-34.1689,,-2.59547
22.3303,-125.187,-33.8594,,-2.48371
22.3403,-127.609,-33.5637,,-2.37352
22.3504,-129.92,-33.2378,,-2.25822
22.3604,-132.111,-32.8933,,-2.13624
22.3703,-134.182,-32.5334,,-2.01779
22.3803,-136.134,-32.156,,-1.89655
22.3903,-137.962,-31.7408,,-1.77334
22.4003,-139.666,-31.3108,,-1.64688
22.4104,-141.245,-30.8442,,-1.52362
22.4204,-142.699,-30.355,,-1.39513
22.4303,-144.024,-29.8391,,-1.26755
22.4403,-145.218,-29.2903,,-1.13366
22.4503,-146.28,-28.6983,,-1.00409
22.4603,-147.213,-28.0677,,-0.873883
22.4703,-148.012,-27.3822,,-0.737379
22.4804,-148.677,-26.6353,,-0.606169
22.4903,-149.21,-25.8417,,-0.473272
22.5003,-149.608,-24.9737,,-0.33646
22.5103,-149.872,-24.0208,,-0.203197
22.5203,-149.997,-22.9844,,-0.0632565
22.5303,-149.991,-21.8483,,0.0644192
22.5404,-149.851,-20.5859,,0.199959
22.5503,-149.577,-19.2061,,0.336178
22.5603,-149.165,-17.686,,0.473119
22.5703,-148.619,-16.0317,,0.605638
22.5803,-147.942,-14.2306,,0.736893
22.5903,-147.131,-12.2922,,0.870286
22.6004,-146.186,-10.2186,,1.0065
22.6104,-145.108,-8.04403,,1.1364
22.6203,-143.902,-5.77701,,1.26251
22.6303,-142.568,-3.47169,,1.39329
22.6403,-141.103,-1.15095,,1.52152
22.6503,-139.511,1.15318,,1.64958
22.6604,-137.794,3.38944,,1.77353
22.6704,-135.954,5.58639,,1.89408
22.6803,-133.99,7.68161,,2.02039
22.6903,-131.904,9.70308,,2.13945
22.7003,-129.7,11.6227,,2.25541
22.7103,-127.379,13.4539,,2.3738
22.7203,-124.946,15.1916,,2.4826
22.7304,-122.401,16.8409,,2.59624
22.7403,-119.745,18.4024,,2.70489
22.7503,-116.98,19.8895,,2.81157
22.7603,-114.111,21.2829,,2.91653
22.7703,-111.139,22.6007,,3.01656
22.7803,-108.067,23.8218,,3.11745
22.7904,-104.897,24.9815,,3.21316
22.8003,-101.633,26.0633,,3.30559
22.8103,-98.2763,27.0659,,3.39651
22.8203,-94.8323,28.0127,,3.48321
22.8303,-91.3034,28.8808,,3.56629
22.8403,-87.6916,29.6967,,3.64737
22.8504,-84.0024,30.4284,,3.72396
22.8604,-80.236,31.1234,,3.80017
22.8703,-76.3978,31.7581,,3.86835
22.8803,-72.4914,32.3475,,3.9376
22.8903,-68.5188,32.8859,,3.99987
22.9003,-64.4854,33.3857,,4.06043
22.9104,-60.3937,33.8392,,4.11725
22.9204,-56.2472,34.252,,4.1696
22.9303,-52.0499,34.6222,,4.21979
22.9403,-47.8057,34.9708,,4.26379
22.9503,-43.5191,35.2763,,4.30427
22.9603,-39.1949,35.5735,,4.34048
22.9703,-34.8345,35.8262,,4.37602
22.9804,-30.4413,36.0558,,4.4062
22.9903,-26.0212,36.2738,,4.43068
23.0003,-21.5783,36.466,,4.45329
23.0103,-17.1155,36.6245,,4.47006
23.0203,-12.6372,36.7793,,4.48396
23.0303,-8.14779,36.893,,4.49316
23.0404,-3.65108,37.0147,,4.49894
23.0503,0.84878,37.0889,,4.50039
23.0603,5.34827,37.1826,,4.49752
23.0703,9.84269,37.2438,,4.49145
23.0803,14.3282,37.2924,,4.4805
23.0903,18.8011,37.3398,,4.46553
23.1004,23.2565,37.3492,,4.44676
23.1104,27.6915,37.3762,,4.42452
23.1203,32.1017,37.3561,,4.39812
23.1303,36.4829,37.3413,,4.36665
23.1403,40.8307,37.3176,,4.33231
23.1503,45.1415,37.2846,,4.29291
23.1604,49.4127,37.2357,,4.25242
23.1704,53.6397,37.1839,,4.20563
23.1803,57.8175,37.1129,,4.15405
23.1903,61.9429,37.028,,4.10194
23.2003,66.0134,36.9388,,4.04394
23.2103,70.0242,36.8396,,3.98314
23.2203,73.9721,36.7308,,3.91837
23.2304,77.853,36.6136,,3.85037
23.2403,81.6638,36.482,,3.77741
23.2503,85.4026,36.3416,,3.70756
23.2603,89.0644,36.1905,,3.62287
23.2703,92.6432,36.0259,,3.54322
23.2803,96.1429,35.8587,,3.46226
23.2904,99.5547,35.6719,,3.36941
23.3003,102.873,35.4865,,3.27731
23.3103,106.101,35.2742,,3.18688
23.3203,109.234,35.0659,,3.08852
23.3303,112.269,34.8289,,2.99071
23.3403,115.204,34.578,,2.88853
23.3504,118.034,34.3362,,2.78308
23.3604,120.758,34.0708,,2.67461
23.3703,123.373,33.7778,,2.56707
23.3803,125.879,33.4943,,2.45473
23.3903,128.269,33.1707,,2.33745
23.4003,130.544,32.8253,,2.22323
23.4104,132.702,32.483,,2.10437
23.4204,134.741,32.1196,,1.98478
23.4303,136.658,31.72,,1.861
23.4403,138.452,31.3167,,1.7396
23.4503,140.123,30.8819,,1.61456
23.4603,141.667,30.4226,,1.48589
23.4703,143.083,29.9076,,1.35817
23.4804,144.371,29.3841,,1.23004
23.4903,145.529,28.8114,,1.09958
23.5003,146.555,28.2223,,0.967075
23.5103,147.451,27.565,,0.836287
23.5203,148.212,26.8765,,0.699659
23.5303,148.839,26.1131,,0.566909
23.5404,149.333,25.2996,,0.435274
23.5503,149.695,24.4012,,0.300807
23.5603,149.921,23.4295,,0.162799
23.5703,150.007,22.3519,,0.0295582
23.5803,149.966,21.1874,,-0.102966
23.5903,149.788,19.9023,,-0.238048
23.6004,149.476,18.4867,,-0.374291
23.6104,149.025,16.9293,,-0.511292
23.6203,148.442,15.2275,,-0.642242
23.6303,147.727,13.3696,,-0.77522
23.6403,146.878,11.3903,,-0.909209
23.6503,145.896,9.2786,,-1.04034
23.6604,144.784,7.07693,,-1.17207
23.6704,143.541,4.80702,,-1.30022
23.6803,142.169,2.49914,,-1.43061
23.6903,140.67,0.177016,,-1.55637
23.7003,139.042,-2.11906,,-1.68421
23.7103,137.291,-4.36452,,-1.80704
23.7203,135.415,-6.51544,,-1.93153
23.7304,133.416,-8.60032,,-2.05254
23.7403,131.299,-10.5894,,-2.17036
23.7503,129.063,-12.4779,,-2.28915
23.7603,126.712,-14.2815,,-2.40216
23.7703,124.246,-16.0077,,-2.518
23.7803,121.668,-17.6432,,-2.62606
23.7904,118.981,-19.1798,,-2.73639
23.8003,116.186,-20.6398,,-2.84303
23.8103,113.288,-22.0068,,-2.94359
23.8203,110.287,-23.291,,-3.04608
23.8303,107.187,-24.5045,,-3.14273
23.8403,103.992,-25.6392,,-3.24031
23.8504,100.7,-26.713,,-3.33145
23.8604,97.3213,-27.6993,,-3.41865
23.8703,93.8542,-28.6229,,-3.50567
23.8803,90.3012,-29.4685,,-3.59078
23.8903,86.6659,-30.2632,,-3.67126
23.9003,82.9553,-30.9815,,-3.74249
23.9104,79.1696,-31.6659,,-3.82138
23.9204,75.3096,-32.2784,,-3.88944
23.9303,71.3842,-32.8656,,-3.95523
23.9403,67.3948,-33.3845,,-4.01655
23.9503,63.3447,-33.8789,,-4.0778
23.9603,59.2363,-34.308,,-4.1326
23.9703,55.0748,-34.7167,,-4.18381
23.9804,50.8653,-35.0857,,-4.23051
23.9903,46.61,-35.4163,,-4.27429
24.0003,42.3125,-35.7219,,-4.31681
24.0103,37.9753,-35.9915,,-4.35249
24.0203,33.6049,-36.2461,,-4.38468
24.0303,29.2047,-36.4721,,-4.4128
24.0404,24.7777,-36.6837,,-4.43791
24.0503,20.3291,-36.8684,,-4.45726
24.0603,15.8614,-37.0195,,-4.47444
24.0703,11.3799,-37.1599,,-4.48709
24.0803,6.88815,-37.2732,,-4.4954
24.0903,2.39005,-37.3802,,-4.49962
24.1004,-2.11004,-37.4762,,-4.49979
24.1104,-6.60846,-37.5505,,-4.49627
24.1203,-11.1006,-37.613,,-4.48833
24.1303,-15.583,-37.6576,,-4.47697
24.1403,-20.0517,-37.6878,,-4.4616
24.1503,-24.502,-37.7051,,-4.44072
24.1604,-28.93,-37.7071,,-4.41678
24.1704,-33.3319,-37.7019,,-4.38944
24.1803,-37.7046,-37.6903,,-4.35753
24.1903,-42.0426,-37.6641,,-4.32201
24.2003,-46.3432,-37.6214,,-4.2824
24.2103,-50.6027,-37.5637,,-4.23957
24.2203,-54.8157,-37.5048,,-4.19128
24.2304,-58.979,-37.4273,,-4.14015
24.2403,-63.0894,-37.3523,,-4.08524
24.2503,-67.1431,-37.2683,,-4.02814
24.2603,-71.1378,-37.1583,,-3.96624
24.2703,-75.0682,-37.0576,,-3.90015
24.2803,-78.9295,-36.9181,,-3.82989
24.2904,-82.7196,-36.7884,,-3.75647
24.3003,-86.4362,-36.6335,,-3.68398
24.3103,-90.0757,-36.4859,,-3.60226
24.3203,-93.6327,-36.3098,,-3.519
24.3303,-97.1057,-36.1592,,-3.43546
24.3403,-100.493,-35.9678,,-3.34642
24.3504,-103.789,-35.7778,,-3.25433
24.3604,-106.989,-35.5626,,-3.1573
24.3703,-110.096,-35.3395,,-3.06298
24.3803,-113.102,-35.1004,,-2.96063
24.3903,-116.007,-34.8518,,-2.85916
24.4003,-118.809,-34.5929,,-2.75352
24.4104,-121.503,-34.3282,,-2.64526
24.4204,-124.086,-34.0419,,-2.53111
24.4303,-126.556,-33.7427,,-2.42167
24.4403,-128.917,-33.4273,,-2.31042
24.4503,-131.163,-33.0832,,-2.19119
24.4603,-133.287,-32.721,,-2.07095
24.4703,-135.292,-32.3515,,-1.9492
24.4804,-137.174,-31.9544,,-1.82848
24.4903,-138.934,-31.5324,,-1.70307
24.5003,-140.568,-31.0828,,-1.57807
24.5103,-142.077,-30.6149,,-1.45107
24.5203,-143.456,-30.1052,,-1.3196
24.5303,-144.707,-29.5716,,-1.19465
24.5404,-145.828,-28.9994,,-1.06182
24.5503,-146.819,-28.3736,,-0.931069
24.5603,-147.676,-27.7141,,-0.798245
24.5703,-148.402,-26.9956,,-0.665471
24.5803,-148.993,-26.2278,,-0.529626
24.5903,-149.45,-25.3891,,-0.397594
24.6004,-149.772,-24.4747,,-0.261683
24.6104,-149.958,-23.4733,,-0.123459
24.6203,-150.01,-22.3741,,5.60E-03
24.6303,-149.93,-21.1757,,0.142109
24.6403,-149.714,-19.8635,,0.276554
24.6503,-149.362,-18.3917,,0.412386
24.6604,-148.876,-16.7987,,0.548208
24.6704,-148.255,-15.0514,,0.678837
24.6803,-147.503,-13.1642,,0.81271
24.6903,-146.616,-11.1473,,0.946791
24.7003,-145.597,-9.00576,,1.07752
24.7103,-144.449,-6.78256,,1.20756
24.7203,-143.169,-4.49161,,1.33765
24.7304,-141.761,-2.1727,,1.46584
24.7403,-140.225,0.147391,,1.59315
24.7503,-138.565,2.42027,,1.71599
24.7603,-136.777,4.6523,,1.84489
24.7703,-134.866,6.79195,,1.96528
24.7803,-132.835,8.85636,,2.08388
24.7904,-130.686,10.8133,,2.20315
24.8003,-128.416,12.6893,,2.3212
24.8103,-126.033,14.4736,,2.43587
24.8203,-123.536,16.1661,,2.54699
24.8303,-120.926,17.7745,,2.65926
24.8403,-118.21,19.2989,,2.76473
24.8504,-115.386,20.7293,,2.87125
24.8604,-112.457,22.0793,,2.97459
24.8703,-109.429,23.3512,,3.07263
24.8803,-106.302,24.5369,,3.1704
24.8903,-103.08,25.6661,,3.26364
24.9003,-99.7641,26.6989,,3.35904
24.9104,-96.3581,27.6763,,3.44438
24.9204,-92.8639,28.5691,,3.53394
24.9303,-89.2891,29.4023,,3.60892
24.9403,-85.6343,30.1821,,3.691
24.9503,-81.9007,30.8991,,3.76729
24.9603,-78.0936,31.5649,,3.83979
24.9703,-74.2167,32.1738,,3.90622
24.9804,-70.2739,32.7243,,3.97276
24.9903,-66.2668,33.2397,,4.03419
25.0003,-62.1998,33.6999,,4.09347
25.0103,-58.0763,34.1456,,4.14783
25.0203,-53.9003,34.5226,,4.19793
25.0303,-49.6766,34.8859,,4.24411
25.0404,-45.4086,35.2168,,4.28711
25.0503,-41.0999,35.5162,,4.32488
25.0603,-36.7553,35.7829,,4.36198
25.0703,-32.3752,36.0262,,4.39352
25.0803,-27.9667,36.2472,,4.42024
25.0903,-23.5335,36.4356,,4.44315
25.1004,-19.0787,36.608,,4.46338
25.1104,-14.607,36.7667,,4.47858
25.1203,-10.1222,36.9004,,4.48882
25.1303,-5.62817,37.019,,4.49778
25.1403,-1.12904,37.1198,,4.50022
25.1503,3.37112,37.2108,,4.49923
25.1604,7.86811,37.2715,,4.49427
25.1704,12.3583,37.3261,,4.48581
25.1803,16.837,37.3703,,4.4731
25.1903,21.3006,37.3817,,4.45538
25.2003,25.7453,37.4072,,4.43485
25.2103,30.1663,37.4101,,4.40936
25.2203,34.5608,37.4077,,4.38095
25.2304,38.9237,37.3861,,4.34861
25.2403,43.2527,37.3565,,4.31143
25.2503,47.5413,37.3168,,4.26998
25.2603,51.7871,37.2539,,4.22547
25.2703,55.9874,37.1865,,4.17915
25.2803,60.1367,37.1148,,4.12487
25.2904,64.2315,37.0263,,4.06897
25.3003,68.2683,36.9319,,4.01056
25.3103,72.2448,36.8276,,3.94759
25.3203,76.1563,36.7097,,3.88132
25.3303,79.9994,36.5883,,3.81132
25.3403,83.7688,36.447,,3.7356
25.3504,87.4634,36.3128,,3.66028
25.3604,91.08,36.1483,,3.58013
25.3703,94.6154,35.9808,,3.49863
25.3803,98.0649,35.7977,,3.40825
25.3903,101.425,35.6107,,3.32306
25.4003,104.698,35.4054,,3.22789
25.4104,107.872,35.1973,,3.13033
25.4204,110.949,34.976,,3.03367
25.4303,113.928,34.7342,,2.93225
25.4403,116.803,34.4894,,2.82866
25.4503,119.574,34.2258,,2.72324
25.4603,122.238,33.9558,,2.61563
25.4703,124.792,33.6547,,2.50557
25.4804,127.233,33.3496,,2.38549
25.4903,129.558,33.0191,,2.2751
25.5003,131.769,32.6687,,2.15718
25.5103,133.859,32.328,,2.03587
25.5203,135.83,31.9369,,1.91684
25.5303,137.68,31.5404,,1.79497
25.5404,139.404,31.1031,,1.66689
25.5503,141.002,30.661,,1.54211
25.5603,142.476,30.168,,1.41609
25.5703,143.82,29.6496,,1.28647
25.5803,145.036,29.1031,,1.15655
25.5903,146.12,28.5194,,1.02477
25.6004,147.072,27.8936,,0.893714
25.6104,147.893,27.2183,,0.761056
25.6203,148.581,26.485,,0.627464
25.6303,149.134,25.6902,,0.492905
25.6403,149.555,24.8344,,0.360111
25.6503,149.839,23.8975,,0.223636
25.6604,149.987,22.871,,0.083491
25.6704,150,21.7441,,-0.0427149
25.6803,149.883,20.5102,,-0.178534
25.6903,149.63,19.1391,,-0.314108
25.7003,149.24,17.6436,,-0.451492
25.7103,148.715,16.0068,,-0.584265
25.7203,148.059,14.2247,,-0.716
25.7304,147.268,12.2971,,-0.85225
25.7403,146.343,10.2354,,-0.982837
25.7503,145.288,8.0684,,-1.11547
25.7603,144.101,5.79027,,-1.24413
25.7703,142.788,3.50318,,-1.36932
25.7803,141.345,1.17622,,-1.50245
25.7904,139.774,-1.13431,,-1.62812
25.8003,138.076,-3.38477,,-1.75516
25.8103,136.254,-5.58384,,-1.87588
25.8203,134.309,-7.70733,,-2.00031
25.8303,132.246,-9.75445,,-2.11603
25.8403,130.062,-11.7102,,-2.23839
25.8504,127.76,-13.5439,,-2.35387
25.8604,125.343,-15.3091,,-2.46742
25.8703,122.815,-16.9766,,-2.57772
25.8803,120.177,-18.5467,,-2.68759
25.8903,117.43,-20.0565,,-2.79438
25.9003,114.576,-21.4736,,-2.902
25.9104,111.619,-22.7967,,-3.00217
25.9204,108.562,-24.0648,,-3.10187
25.9303,105.407,-25.2183,,-3.19738
25.9403,102.159,-26.3188,,-3.29023
25.9503,98.8174,-27.3352,,-3.3819
25.9603,95.3881,-28.2895,,-3.4683
25.9703,91.8738,-29.176,,-3.55111
25.9804,88.2745,-29.9945,,-3.63657
25.9903,84.5967,-30.7618,,-3.71361
26.0003,80.8413,-31.4514,,-3.78846
26.0103,77.0137,-32.1004,,-3.85895
26.0203,73.1175,-32.6975,,-3.92619
26.0303,69.1562,-33.2336,,-3.98942
26.0404,65.1323,-33.7418,,-4.05148
26.0503,61.049,-34.1972,,-4.10891
26.0603,56.9108,-34.6213,,-4.16174
26.0703,52.7219,-34.9943,,-4.2099
26.0803,48.4857,-35.351,,-4.25772
26.0903,44.2059,-35.6684,,-4.29757
26.1004,39.8862,-35.9515,,-4.33737
26.1104,35.5303,-36.2121,,-4.37038
26.1203,31.1424,-36.4504,,-4.401
26.1303,26.7266,-36.6576,,-4.42764
26.1403,22.2867,-36.8411,,-4.44967
26.1503,17.827,-37.013,,-4.46751
26.1604,13.3512,-37.1628,,-4.48147
26.1704,8.86348,-37.2978,,-4.4921
26.1803,4.36776,-37.4111,,-4.49855
26.1903,-0.13212,-37.4997,,-4.5
26.2003,-4.63185,-37.5824,,-4.49892
26.2103,-9.1273,-37.6374,,-4.49242
26.2203,-13.6147,-37.6946,,-4.48251
26.2304,-18.0894,-37.7296,,-4.46804
26.2403,-22.5485,-37.7617,,-4.45007
26.2503,-26.9865,-37.7747,,-4.42798
26.2603,-31.4004,-37.771,,-4.40221
26.2703,-35.7865,-37.7537,,-4.37234
26.2803,-40.1404,-37.7287,,-4.33824
26.2904,-44.4579,-37.6978,,-4.29965
26.3003,-48.735,-37.6427,,-4.25829
26.3103,-52.969,-37.59,,-4.21351
26.3203,-57.1552,-37.5143,,-4.16318
26.3303,-61.2897,-37.4419,,-4.11031
26.3403,-65.3688,-37.3548,,-4.05347
26.3504,-69.3896,-37.2617,,-3.99289
26.3604,-73.3478,-37.1558,,-3.92983
26.3703,-77.2405,-37.0287,,-3.86128
26.3803,-81.0628,-36.9024,,-3.79009
26.3903,-84.8114,-36.7512,,-3.71368
26.4003,-88.4836,-36.6059,,-3.63836
26.4104,-92.0781,-36.4427,,-3.55805
26.4204,-95.5911,-36.275,,-3.47626
26.4303,-99.018,-36.0946,,-3.38415
26.4403,-102.35,-35.9072,,-3.29186
26.4503,-105.594,-35.7041,,-3.20318
26.4603,-108.744,-35.4845,,-3.10535
26.4703,-111.795,-35.255,,-3.0057
26.4804,-114.743,-35.0213,,-2.90195
26.4903,-117.589,-34.7654,,-2.79932
26.5003,-120.332,-34.4977,,-2.69646
26.5103,-122.965,-34.2193,,-2.58167
26.5203,-125.486,-33.9095,,-2.46937
26.5303,-127.895,-33.6021,,-2.35978
26.5404,-130.191,-33.2768,,-2.2418
26.5503,-132.367,-32.9245,,-2.12337
26.5603,-134.425,-32.5698,,-2.00433
26.5703,-136.361,-32.1831,,-1.88114
26.5803,-138.176,-31.7719,,-1.75942
26.5903,-139.865,-31.3277,,-1.63203
26.6004,-141.429,-30.8623,,-1.50767
26.6104,-142.865,-30.3762,,-1.37725
26.6203,-144.171,-29.856,,-1.24908
26.6303,-145.351,-29.292,,-1.12164
26.6403,-146.399,-28.6999,,-0.987317
26.6503,-147.315,-28.0577,,-0.85703
26.6604,-148.098,-27.3506,,-0.723075
26.6704,-148.748,-26.6099,,-0.59043
26.6803,-149.264,-25.7943,,-0.454959
26.6903,-149.647,-24.925,,-0.322623
26.7003,-149.893,-23.9644,,-0.185694
26.7103,-150,-22.9161,,-0.0451437
26.7203,-149.979,-21.7511,,0.0789924
26.7304,-149.824,-20.4878,,0.218078
26.7403,-149.532,-19.0753,,0.352605
26.7503,-149.105,-17.535,,0.487746
26.7603,-148.544,-15.8488,,0.620179
26.7703,-147.85,-14.0337,,0.753891
26.7803,-147.023,-12.0734,,0.886607
26.7904,-146.063,-9.97549,,1.02186
26.8003,-144.97,-7.79177,,1.14781
26.8103,-143.75,-5.50497,,1.28119
26.8203,-142.397,-3.18272,,1.41096
26.8303,-140.916,-0.854008,,1.53801
26.8403,-139.31,1.45343,,1.66168
26.8504,-137.577,3.70409,,1.78993
26.8604,-135.722,5.88041,,1.90857
26.8703,-133.745,7.98169,,2.03448
26.8803,-131.645,9.96991,,2.15237
26.8903,-129.428,11.9045,,2.26999
26.9003,-127.097,13.7394,,2.37973
26.9104,-124.65,15.4826,,2.50162
26.9204,-122.088,17.1365,,2.61172
26.9303,-119.417,18.701,,2.71887
26.9403,-116.64,20.1693,,2.82369
26.9503,-113.758,21.5542,,2.92916
26.9603,-110.774,22.8567,,3.02926
26.9703,-107.689,24.087,,3.13023
26.9804,-104.506,25.2447,,3.22487
26.9903,-101.231,26.3285,,3.31535
27.0003,-97.8665,27.3297,,3.40589
27.0103,-94.4111,28.273,,3.49426
27.0203,-90.8716,29.1282,,3.57653
27.0303,-87.2499,29.9302,,3.65647
27.0404,-83.5509,30.6631,,3.73448
27.0503,-79.7756,31.348,,3.80818
27.0603,-75.9285,31.9803,,3.87794
27.0703,-72.0136,32.5614,,3.94518
27.0803,-68.0339,33.107,,4.00713
27.0903,-63.9935,33.5901,,4.06707
27.1004,-59.8947,34.0376,,4.12447
27.1104,-55.7422,34.4395,,4.17527
27.1203,-51.5397,34.8086,,4.22364
27.1303,-47.2914,35.1425,,4.26911
27.1403,-42.9992,35.4597,,4.30936
27.1503,-38.6697,35.7422,,4.34618
27.1604,-34.3039,36.005,,4.38063
27.1704,-29.9074,36.2236,,4.40887
27.1803,-25.4848,36.4317,,4.43312
27.1903,-21.0394,36.6077,,4.45545
27.2003,-16.5742,36.76,,4.47232
27.2103,-12.0942,36.908,,4.48554
27.2203,-7.60414,37.0323,,4.49338
27.2304,-3.10663,37.153,,4.49948
27.2403,1.39326,37.2442,,4.50065
27.2503,5.89222,37.3106,,4.49671
27.2603,10.3857,37.3741,,4.49007
27.2703,14.87,37.4054,,4.47912
27.2803,19.341,37.4398,,4.46337
27.2904,23.7942,37.4676,,4.44485
27.3003,28.2263,37.4782,,4.42084
27.3103,32.6331,37.4795,,4.39462
27.3203,37.0103,37.4554,,4.36248
27.3303,41.3542,37.4279,,4.32814
27.3403,45.661,37.3837,,4.28868
27.3504,49.927,37.3332,,4.24633
27.3604,54.1476,37.2793,,4.19942
27.3703,58.3193,37.2096,,4.1483
27.3803,62.4379,37.1258,,4.09474
27.3903,66.5016,37.0355,,4.03709
27.4003,70.5057,36.9334,,3.97645
27.4104,74.4455,36.8228,,3.90987
27.4204,78.3183,36.6981,,3.84146
27.4303,82.1205,36.5646,,3.76997
27.4403,85.8513,36.4212,,3.69882
27.4503,89.5037,36.2777,,3.61236
27.4603,93.0717,36.1039,,3.53233
27.4703,96.5594,35.9395,,3.45022
27.4804,99.9595,35.7489,,3.35841
27.4903,103.269,35.5592,,3.26945
27.5003,106.487,35.3418,,3.176
27.5103,109.608,35.1249,,3.07537
27.5203,112.63,34.8924,,2.97809
27.5303,115.551,34.6445,,2.87457
27.5404,118.37,34.3979,,2.77222
27.5503,121.082,34.1254,,2.66105
27.5603,123.683,33.8456,,2.55341
27.5703,126.178,33.5404,,2.44311
27.5803,128.553,33.2178,,2.32207
27.5903,130.813,32.873,,2.20791
27.6004,132.955,32.5329,,2.08927
27.6104,134.979,32.1592,,1.97018
27.6203,136.883,31.7611,,1.84847
27.6303,138.663,31.3445,,1.72482
27.6403,140.318,30.9026,,1.59858
27.6503,141.846,30.4355,,1.46843
27.6604,143.245,29.9329,,1.34196
27.6704,144.516,29.3978,,1.21332
27.6803,145.658,28.8299,,1.08344
27.6903,146.67,28.2197,,0.954209
27.7003,147.55,27.5728,,0.817503
27.7103,148.295,26.863,,0.685536
27.7203,148.907,26.0891,,0.551745
27.7304,149.385,25.2598,,0.417863
27.7403,149.729,24.3496,,0.284932
27.7503,149.939,23.3685,,0.145878
27.7603,150.008,22.2869,,0.0108302
27.7703,149.95,21.1001,,-0.116677
27.7803,149.757,19.8007,,-0.255646
27.7904,149.427,18.3592,,-0.390453
27.8003,148.963,16.7657,,-0.525979
27.8103,148.363,15.0432,,-0.659543
27.8203,147.63,13.1736,,-0.79147
27.8303,146.766,11.1653,,-0.925296
27.8403,145.768,9.03773,,-1.05501
27.8504,144.642,6.82719,,-1.18637
27.8604,143.384,4.52294,,-1.31624
27.8703,141.994,2.20716,,-1.44854
27.8803,140.478,-0.126969,,-1.57241
27.8903,138.836,-2.42053,,-1.69781
27.9003,137.069,-4.65361,,-1.82238
27.9104,135.18,-6.80909,,-1.94498
27.9204,133.169,-8.88945,,-2.06507
27.9303,131.036,-10.8848,,-2.18813
27.9403,128.785,-12.7816,,-2.30308
27.9503,126.417,-14.5825,,-2.41677
27.9603,123.94,-16.3044,,-2.52886
27.9703,121.35,-17.9277,,-2.63949
27.9804,118.651,-19.4634,,-2.74827
27.9903,115.843,-20.9228,,-2.856
28.0003,112.931,-22.2885,,-2.95781
28.0103,109.917,-23.5725,,-3.05811
28.0203,106.806,-24.7808,,-3.15441
28.0303,103.598,-25.923,,-3.25063
28.0404,100.297,-26.9767,,-3.34202
28.0503,96.9056,-27.9577,,-3.43217
28.0603,93.4261,-28.8785,,-3.51759
28.0703,89.8643,-29.7308,,-3.59687
28.0803,86.2219,-30.5092,,-3.67985
28.0903,82.4998,-31.2363,,-3.75578
28.1004,78.7043,-31.9098,,-3.82787
28.1104,74.8382,-32.5266,,-3.89716
28.1203,70.9048,-33.0854,,-3.96251
28.1303,66.9073,-33.6055,,-4.02515
28.1403,62.8499,-34.0841,,-4.08379
28.1503,58.7361,-34.5212,,-4.13787
28.1604,54.569,-34.9172,,-4.18994
28.1704,50.3538,-35.2873,,-4.23537
28.1803,46.0933,-35.6125,,-4.28052
28.1903,41.7892,-35.9109,,-4.32257
28.2003,37.4481,-36.1729,,-4.35568
28.2103,33.0744,-36.4222,,-4.38828
28.2203,28.6706,-36.6403,,-4.41571
28.2304,24.2407,-36.8523,,-4.44048
28.2403,19.7896,-37.0257,,-4.45982
28.2503,15.3204,-37.1797,,-4.476
28.2603,10.837,-37.3256,,-4.48878
28.2703,6.34409,-37.4256,,-4.49611
28.2803,1.84563,-37.5287,,-4.49985
28.2904,-2.65437,-37.6074,,-4.49931
28.3003,-7.15239,-37.6851,,-4.49568
28.3103,-11.6436,-37.7461,,-4.48781
28.3203,-16.1245,-37.7979,,-4.47464
28.3303,-20.591,-37.8302,,-4.459
28.3403,-25.0386,-37.8364,,-4.438
28.3504,-29.464,-37.8367,,-4.41399
28.3604,-33.8625,-37.8212,,-4.38564
28.3703,-38.2311,-37.8053,,-4.35378
28.3803,-42.5656,-37.7765,,-4.31769
28.3903,-46.8611,-37.7316,,-4.27703
28.4003,-51.1135,-37.6895,,-4.2321
28.4104,-55.3207,-37.6105,,-4.186
28.4204,-59.4786,-37.552,,-4.13426
28.4303,-63.5836,-37.4566,,-4.0811
28.4403,-67.6314,-37.3658,,-4.01941
28.4503,-71.6158,-37.256,,-3.95577
28.4603,-75.5369,-37.1409,,-3.89161
28.4703,-79.3901,-37.027,,-3.82183
28.4804,-83.1728,-36.8793,,-3.74986
28.4903,-86.8811,-36.7402,,-3.67421
28.5003,-90.5107,-36.5795,,-3.59167
28.5103,-94.057,-36.4148,,-3.50953
28.5203,-97.5204,-36.2435,,-3.42493
28.5303,-100.897,-36.0427,,-3.33531
28.5404,-104.181,-35.8551,,-3.243
28.5503,-107.372,-35.6415,,-3.14814
28.5603,-110.467,-35.4132,,-3.05093
28.5703,-113.462,-35.1887,,-2.9478
28.5803,-116.352,-34.9224,,-2.84595
28.5903,-119.142,-34.6715,,-2.73935
28.6004,-121.822,-34.3994,,-2.63296
28.6104,-124.394,-34.1036,,-2.52116
28.6203,-126.851,-33.8088,,-2.40517
28.6303,-129.195,-33.4827,,-2.29367
28.6403,-131.424,-33.1479,,-2.17444
28.6503,-133.535,-32.7797,,-2.05897
28.6604,-135.526,-32.4045,,-1.93409
28.6704,-137.392,-32.0035,,-1.8136
28.6803,-139.139,-31.5783,,-1.6891
28.6903,-140.758,-31.1229,,-1.56363
28.7003,-142.251,-30.65,,-1.43399
28.7103,-143.614,-30.1479,,-1.30511
28.7203,-144.85,-29.594,,-1.17811
28.7304,-145.957,-29.0098,,-1.0496
28.7403,-146.932,-28.3893,,-0.913599
28.7503,-147.771,-27.7063,,-0.778998
28.7603,-148.478,-26.9966,,-0.649156
28.7703,-149.055,-26.2109,,-0.515235
28.7803,-149.496,-25.3698,,-0.379999
28.7904,-149.801,-24.4364,,-0.245266
28.8003,-149.972,-23.4176,,-0.110149
28.8103,-150.008,-22.3172,,0.0238717
28.8203,-149.912,-21.0922,,0.157973
28.8303,-149.679,-19.7407,,0.292886
28.8403,-149.311,-18.2662,,0.429944
28.8504,-148.808,-16.6463,,0.561776
28.8604,-148.171,-14.8706,,0.697935
28.8703,-147.402,-12.9692,,0.828392
28.8803,-146.5,-10.9346,,0.961183
28.8903,-145.466,-8.77592,,1.09338
28.9003,-144.301,-6.5093,,1.22268
28.9104,-143.007,-4.21505,,1.35364
28.9204,-141.584,-1.87168,,1.48085
28.9303,-140.032,0.443806,,1.6071
28.9403,-138.356,2.71746,,1.73517
28.9503,-136.552,4.94029,,1.85764
28.9603,-134.628,7.08495,,1.97937
28.9703,-132.581,9.13878,,2.10148
28.9804,-130.416,11.1171,,2.2162
28.9903,-128.135,12.9893,,2.33349
29.0003,-125.738,14.7775,,2.45028
29.0103,-123.225,16.4589,,2.56212
29.0203,-120.602,18.0585,,2.6724
29.0303,-117.873,19.5898,,2.77677
29.0404,-115.037,21.0004,,2.88421
29.0503,-112.097,22.3637,,2.98444
29.0603,-109.057,23.637,,3.08485
29.0703,-105.917,24.8164,,3.18385
29.0803,-102.683,25.9468,,3.27614
29.0903,-99.3563,26.9746,,3.36708
29.1004,-95.9396,27.948,,3.4569
29.1104,-92.4362,28.8294,,3.54005
29.1203,-88.8524,29.6655,,3.62048
29.1303,-85.1865,30.4313,,3.70265
29.1403,-81.4438,31.1469,,3.77537
29.1503,-77.6284,31.8003,,3.84721
29.1604,-73.7429,32.4102,,3.91634
29.1704,-69.7912,32.9571,,3.98032
29.1803,-65.7765,33.4647,,4.04196
29.1903,-61.7024,33.9305,,4.09964
29.2003,-57.5732,34.3438,,4.15223
29.2103,-53.3929,34.7381,,4.20322
29.2203,-49.1636,35.0885,,4.25
29.2304,-44.8895,35.4109,,4.29296
29.2403,-40.5763,35.712,,4.32991
29.2503,-36.2263,35.9764,,4.36577
29.2603,-31.8434,36.2108,,4.39606
29.2703,-27.4319,36.4258,,4.4238
29.2803,-22.9955,36.6055,,4.44577
29.2904,-18.5385,36.7814,,4.46507
29.3003,-14.065,36.9246,,4.48025
29.3103,-9.57885,37.062,,4.49067
29.3203,-5.08407,37.185,,4.49727
29.3303,-0.584693,37.2693,,4.50039
29.3403,3.91539,37.3612,,4.49935
29.3504,8.41171,37.4211,,4.49367
29.3604,12.9007,37.4769,,4.48397
29.3703,17.3778,37.5053,,4.47125
29.3803,21.8391,37.5338,,4.45283
29.3903,26.2812,37.5454,,4.43217
29.4003,30.6994,37.5372,,4.40659
29.4104,35.0906,37.5375,,4.37731
29.4204,39.4494,37.5071,,4.34361
29.4303,43.773,37.4847,,4.30601
29.4403,48.0566,37.4246,,4.26592
29.4503,52.2982,37.3813,,4.22068
29.4603,56.4923,37.3107,,4.17143
29.4703,60.6346,37.2231,,4.11864
29.4804,64.7232,37.1517,,4.06246
29.4903,68.7533,37.0383,,4.00374
29.5003,72.7225,36.9349,,3.93986
29.5103,76.6248,36.8184,,3.87163
29.5203,80.4586,36.6949,,3.80318
29.5303,84.222,36.5586,,3.72855
29.5404,87.9072,36.3938,,3.64978
29.5503,91.5142,36.2548,,3.57024
29.5603,95.0367,36.069,,3.48545
29.5703,98.4757,35.903,,3.39995
29.5803,101.826,35.7087,,3.30843
29.5903,105.083,35.5034,,3.21657
29.6004,108.249,35.2941,,3.12201
29.6104,111.316,35.0595,,3.02062
29.6203,114.28,34.8138,,2.92051
29.6303,117.145,34.5752,,2.81764
29.6403,119.903,34.3036,,2.70891
29.6503,122.552,34.0305,,2.60041
29.6604,125.09,33.7308,,2.4844
29.6704,127.516,33.4253,,2.37867
29.6803,129.831,33.0825,,2.26284
29.6903,132.028,32.7535,,2.14212
29.7003,134.104,32.3848,,2.02349
29.7103,136.062,32.0003,,1.90224
29.7203,137.895,31.5884,,1.77713
29.7304,139.606,31.1575,,1.65524
29.7403,141.189,30.7039,,1.52511
29.7503,142.645,30.216,,1.39994
29.7603,143.975,29.6933,,1.27232
29.7703,145.175,29.1338,,1.13972
29.7803,146.242,28.5457,,1.00784
29.7904,147.179,27.9081,,0.877771
29.8003,147.982,27.2246,,0.744636
29.8103,148.655,26.4835,,0.611446
29.8203,149.191,25.6829,,0.477113
29.8303,149.596,24.8183,,0.343016
29.8403,149.863,23.8555,,0.206561
29.8504,149.994,22.8202,,0.0682254
29.8604,149.993,21.6762,,-0.0572122
29.8703,149.86,20.4228,,-0.196413
29.8803,149.588,19.0395,,-0.331982
29.8903,149.183,17.5215,,-0.465716
29.9003,148.643,15.8508,,-0.600551
29.9104,147.969,14.0394,,-0.734421
29.9204,147.163,12.0864,,-0.865267
29.9303,146.224,10.0023,,-0.998264
29.9403,145.154,7.81519,,-1.12846
29.9503,143.952,5.54377,,-1.26131
29.9603,142.62,3.23537,,-1.38956
29.9703,141.16,0.890624,,-1.51779
29.9804,139.572,-1.42384,,-1.64399
29.9903,137.862,-3.69831,,-1.76554
30.0003,136.026,-5.88516,,-1.89233
30.0103,134.066,-8.01248,,-2.01561
30.0203,131.986,-10.0444,,-2.13239
30.0303,129.788,-11.9899,,-2.25205
30.0404,127.472,-13.8342,,-2.36638
30.0503,125.044,-15.5976,,-2.47878
30.0603,122.503,-17.2827,,-2.59311
30.0703,119.849,-18.8553,,-2.70264
30.0803,117.088,-20.356,,-2.80717
30.0903,114.223,-21.7585,,-2.9124
30.1004,111.255,-23.0877,,-3.01424
30.1104,108.186,-24.3349,,-3.11347
30.1203,105.02,-25.508,,-3.20831
30.1303,101.761,-26.5988,,-3.30019
30.1403,98.408,-27.6199,,-3.39444
30.1503,94.9677,-28.5628,,-3.47825
30.1604,91.4425,-29.4361,,-3.56279
30.1704,87.8327,-30.2539,,-3.64717
30.1803,84.1435,-31.0183,,-3.72268
30.1903,80.3809,-31.7073,,-3.79647
30.2003,76.5455,-32.3591,,-3.8659
30.2103,72.6421,-32.9277,,-3.93392
30.2203,68.6718,-33.4717,,-3.99842
30.2304,64.6407,-33.9667,,-4.05792
30.2403,60.5518,-34.4263,,-4.11426
30.2503,56.4076,-34.8375,,-4.16828
30.2603,52.2123,-35.2122,,-4.21668
30.2703,47.9701,-35.5622,,-4.26228
30.2803,43.6853,-35.8705,,-4.30272
30.2904,39.3611,-36.1514,,-4.34122
30.3003,35.0012,-36.405,,-4.37465
30.3103,30.6093,-36.6436,,-4.40499
30.3203,26.1903,-36.8444,,-4.42983
30.3303,21.7482,-37.0219,,-4.45187
30.3403,17.2864,-37.1936,,-4.46973
30.3504,12.809,-37.3288,,-4.48297
30.3604,8.3199,-37.4593,,-4.49288
30.3703,3.82335,-37.5811,,-4.49934
30.3803,-0.676595,-37.6655,,-4.50007
30.3903,-5.17603,-37.7454,,-4.49821
30.4003,-9.67061,-37.7958,,-4.49123
30.4104,-14.1566,-37.8566,,-4.48085
30.4204,-18.6296,-37.8747,,-4.46607
30.4303,-23.0864,-37.9009,,-4.44788
30.4403,-27.5221,-37.9108,,-4.42562
30.4503,-31.9331,-37.9103,,-4.39883
30.4603,-36.3152,-37.89,,-4.36786
30.4703,-40.6648,-37.8587,,-4.33395
30.4804,-44.9779,-37.8229,,-4.29523
30.4903,-49.2502,-37.7742,,-4.25334
30.5003,-53.4784,-37.7151,,-4.20659
30.5103,-57.6588,-37.647,,-4.15839
30.5203,-61.7871,-37.5769,,-4.10287
30.5303,-65.859,-37.4715,,-4.04647
30.5404,-69.8719,-37.3766,,-3.98492
30.5503,-73.8218,-37.2556,,-3.92114
30.5603,-77.7067,-37.1438,,-3.85424
30.5703,-81.5208,-37.013,,-3.78075
30.5803,-85.2611,-36.8745,,-3.70633
30.5903,-88.9244,-36.7145,,-3.62798
30.6004,-92.5083,-36.56,,-3.54686
30.6104,-96.0089,-36.3792,,-3.46293
30.6203,-99.4228,-36.1982,,-3.37291
30.6303,-102.747,-35.9982,,-3.28278
30.6403,-105.978,-35.7968,,-3.1912
30.6503,-109.117,-35.5805,,-3.09432
30.6604,-112.157,-35.3534,,-2.99485
30.6704,-115.095,-35.1191,,-2.89139
30.6803,-117.931,-34.8543,,-2.78879
30.6903,-120.659,-34.5789,,-2.67826
30.7003,-123.276,-34.2988,,-2.57021
30.7103,-125.788,-33.9874,,-2.45962
30.7203,-128.181,-33.6788,,-2.34035
30.7304,-130.46,-33.3613,,-2.22831
30.7403,-132.623,-32.9994,,-2.1093
30.7503,-134.666,-32.6362,,-1.98899
30.7603,-136.587,-32.2358,,-1.86503
30.7703,-138.386,-31.8253,,-1.74439
30.7803,-140.061,-31.3769,,-1.61827
30.7904,-141.61,-30.9214,,-1.49091
30.8003,-143.031,-30.4264,,-1.36449
30.8103,-144.324,-29.9009,,-1.23434
30.8203,-145.487,-29.3332,,-1.10451
30.8303,-146.519,-28.7269,,-0.972318
30.8403,-147.418,-28.0622,,-0.839323
30.8504,-148.184,-27.3627,,-0.704694
30.8604,-148.816,-26.6033,,-0.57355
30.8703,-149.315,-25.7958,,-0.438964
30.8803,-149.681,-24.8922,,-0.306476
30.8903,-149.915,-23.9334,,-0.170449
30.9003,-150.007,-22.8577,,-0.0322797
30.9104,-149.969,-21.6823,,0.0967598
30.9204,-149.797,-20.3891,,0.23438
30.9303,-149.488,-18.9621,,0.368739
30.9403,-149.047,-17.4037,,0.501194
30.9503,-148.47,-15.6978,,0.638548
30.9603,-147.758,-13.8566,,0.772679
30.9703,-146.912,-11.8722,,0.905138
30.9804,-145.936,-9.75129,,1.0341
30.9903,-144.829,-7.53074,,1.16759
31.0003,-143.59,-5.23577,,1.29643
31.0103,-142.224,-2.90099,,1.42232
31.0203,-140.73,-0.568213,,1.55307
31.0303,-139.107,1.74027,,1.67906
31.0404,-137.361,3.98812,,1.80143
31.0503,-135.491,6.17302,,1.92615
31.0603,-133.497,8.27511,,2.04873
31.0703,-131.383,10.2797,,2.16666
31.0803,-129.15,12.2047,,2.28635
31.0903,-126.803,14.0452,,2.39672
31.1004,-124.343,15.7794,,2.51138
31.1104,-121.77,17.4319,,2.62365
31.1203,-119.086,18.9807,,2.73279
31.1303,-116.295,20.456,,2.83679
31.1403,-113.401,21.8467,,2.94176
31.1503,-110.404,23.1544,,3.04309
31.1604,-107.307,24.3872,,3.13903
31.1704,-104.116,25.5413,,3.23461
31.1803,-100.829,26.6117,,3.32794
31.1903,-97.452,27.6182,,3.41814
31.2003,-93.9867,28.5469,,3.50233
31.2103,-90.4375,29.3979,,3.58926
31.2203,-86.8043,30.1953,,3.66484
31.2304,-83.0986,30.9208,,3.74062
31.2403,-79.3149,31.6126,,3.81804
31.2503,-75.4587,32.2362,,3.88703
31.2603,-71.5356,32.8239,,3.95208
31.2703,-67.5492,33.3422,,4.0148
31.2803,-63.5009,33.821,,4.07497
31.2904,-59.3948,34.2657,,4.13111
31.3003,-55.2356,34.6646,,4.18142
31.3103,-51.0271,35.0221,,4.23028
31.3203,-46.7726,35.3709,,4.27365
31.3303,-42.4767,35.6786,,4.3133
31.3403,-38.1423,35.9529,,4.35092
31.3504,-33.773,36.1951,,4.38362
31.3604,-29.374,36.4156,,4.41164
31.3703,-24.9483,36.614,,4.43627
31.3803,-20.5,36.785,,4.45771
31.3903,-16.0329,36.9502,,4.47407
31.4003,-11.5515,37.1027,,4.48631
31.4104,-7.06039,37.2148,,4.49517
31.4204,-2.56226,37.3209,,4.49915
31.4303,1.93783,37.405,,4.50065
31.4403,6.43629,37.4669,,4.4966
31.4503,10.9291,37.5229,,4.48914
31.4603,15.412,37.573,,4.47649
31.4703,19.8807,37.6063,,4.46158
31.4804,24.3318,37.6211,,4.44245
31.4903,28.7613,37.6325,,4.41809
31.5003,33.1643,37.6193,,4.39054
31.5103,37.5378,37.6013,,4.35876
31.5203,41.8774,37.5625,,4.32293
31.5303,46.1794,37.5255,,4.28409
31.5404,50.4392,37.4743,,4.23997
31.5503,54.6541,37.4128,,4.19412
31.5603,58.8207,37.3442,,4.1426
31.5703,62.9332,37.2578,,4.08863
31.5803,66.9899,37.1671,,4.02894
31.5903,70.9848,37.062,,3.96742
31.6004,74.9173,36.9447,,3.90343
31.6104,78.7831,36.823,,3.83385
31.6203,82.5765,36.6801,,3.76023
31.6303,86.2952,36.5465,,3.68415
31.6403,89.9367,36.3801,,3.60666
31.6503,93.4976,36.2229,,3.52231
31.6604,96.9748,36.052,,3.43914
31.6704,100.365,35.8612,,3.34908
31.6803,103.664,35.6701,,3.25735
31.6903,106.868,35.4472,,3.16123
31.7003,109.979,35.2355,,3.06983
31.7103,112.991,34.9851,,2.96427
31.7203,115.9,34.7461,,2.86342
31.7304,118.704,34.4951,,2.75565
31.7403,121.403,34.2168,,2.65018
31.7503,123.991,33.9352,,2.53623
31.7603,126.465,33.6306,,2.42497
31.7703,128.829,33.3041,,2.31358
31.7803,131.077,32.9583,,2.1945
31.7904,133.208,32.6073,,2.07717
31.8003,135.217,32.2312,,1.95413
31.8103,137.104,31.8215,,1.83079
31.8203,138.868,31.4178,,1.70899
31.8303,140.508,30.957,,1.58383
31.8403,142.022,30.5,,1.45694
31.8504,143.407,29.986,,1.32482
31.8604,144.661,29.4388,,1.1977
31.8703,145.787,28.8666,,1.06664
31.8803,146.782,28.2572,,0.93613
31.8903,147.644,27.5833,,0.80238
31.9003,148.375,26.8727,,0.671147
31.9104,148.972,26.0991,,0.535216
31.9204,149.433,25.2525,,0.401644
31.9303,149.762,24.3368,,0.269702
31.9403,149.956,23.3309,,0.130084
31.9503,150.01,22.2373,,-4.50E-03
31.9603,149.935,21.0293,,-0.135312
31.9703,149.724,19.7046,,-0.272808
31.9804,149.378,18.2454,,-0.405605
31.9903,148.897,16.6406,,-0.542359
32.0003,148.283,14.885,,-0.672999
32.0103,147.535,12.9912,,-0.809662
32.0203,146.652,10.9601,,-0.940523
32.0303,145.641,8.80356,,-1.07065
32.0404,144.498,6.56397,,-1.20289
32.0503,143.222,4.26448,,-1.33372
32.0603,141.819,1.92506,,-1.46132
32.0703,140.288,-0.404094,,-1.58599
32.0803,138.631,-2.71026,,-1.71574
32.0903,136.848,-4.94745,,-1.83751
32.1004,134.944,-7.10256,,-1.95901
32.1104,132.916,-9.1935,,-2.08333
32.1203,130.769,-11.182,,-2.19883
32.1303,128.505,-13.0738,,-2.31394
32.1403,126.13,-14.8757,,-2.42913
32.1503,123.636,-16.5978,,-2.54581
32.1604,121.031,-18.2147,,-2.65354
32.1704,118.318,-19.7624,,-2.76127
32.1803,115.497,-21.2089,,-2.86801
32.1903,112.574,-22.5921,,-2.96919
32.2003,109.548,-23.8781,,-3.07142
32.2103,106.423,-25.0819,,-3.16782
32.2203,103.204,-26.2058,,-3.26002
32.2304,99.8922,-27.263,,-3.3543
32.2403,96.4903,-28.2335,,-3.44029
32.2503,93.0011,-29.1516,,-3.52976
32.2603,89.4265,-30.0022,,-3.60976
32.2703,85.7731,-30.7845,,-3.68894
32.2803,82.0434,-31.5072,,-3.76277
32.2904,78.2403,-32.1701,,-3.83566
32.3003,74.3665,-32.7733,,-3.90442
32.3103,70.425,-33.3318,,-3.97112
32.3203,66.4203,-33.848,,-4.0319
32.3303,62.3555,-34.3277,,-4.09048
32.3403,58.2353,-34.7508,,-4.14475
32.3504,54.0623,-35.1531,,-4.19477
32.3604,49.8412,-35.5093,,-4.24303
32.3703,45.5733,-35.8337,,-4.28622
32.3803,41.2662,-36.1222,,-4.32482
32.3903,36.9212,-36.3899,,-4.36074
32.4003,32.5432,-36.6274,,-4.39153
32.4104,28.1364,-36.8403,,-4.41902
32.4204,23.7036,-37.0411,,-4.44263
32.4303,19.2495,-37.2091,,-4.46311
32.4403,14.7782,-37.3615,,-4.47772
32.4503,10.2938,-37.4981,,-4.48944
32.4603,5.80027,-37.6167,,-4.49623
32.4703,1.30126,-37.7042,,-4.50036
32.4804,-3.19867,-37.7869,,-4.49922
32.4903,-7.69603,-37.8524,,-4.49463
32.5003,-12.1864,-37.9168,,-4.48668
32.5103,-16.6658,-37.947,,-4.47326
32.5203,-21.13,-37.9845,,-4.45613
32.5303,-25.5751,-37.9912,,-4.43531
32.5404,-29.9975,-37.9902,,-4.4109
32.5503,-34.3931,-37.9714,,-4.38255
32.5603,-38.7573,-37.9495,,-4.34849
32.5703,-43.0866,-37.9178,,-4.31313
32.5803,-47.3775,-37.8803,,-4.27229
32.5903,-51.6256,-37.8289,,-4.22814
32.6004,-55.8273,-37.7577,,-4.17928
32.6104,-59.9789,-37.688,,-4.12842
32.6203,-64.0767,-37.5898,,-4.07209
32.6303,-68.1162,-37.4901,,-4.01175
32.6403,-72.0939,-37.3814,,-3.94947
32.6503,-76.0074,-37.2685,,-3.88428
32.6604,-79.8534,-37.1554,,-3.813
32.6704,-83.6248,-37.0161,,-3.73719
32.6803,-87.3217,-36.8657,,-3.66472
32.6903,-90.9435,-36.7049,,-3.58511
32.7003,-94.4815,-36.5115,,-3.49987
32.7103,-97.9341,-36.3495,,-3.41265
32.7203,-101.298,-36.1565,,-3.32413
32.7304,-104.572,-35.9624,,-3.23262
32.7403,-107.752,-35.7592,,-3.13548
32.7503,-110.834,-35.5313,,-3.03765
32.7603,-113.817,-35.2967,,-2.93827
32.7703,-116.696,-35.0294,,-2.83187
32.7803,-119.471,-34.7614,,-2.72701
32.7904,-122.138,-34.4919,,-2.61765
32.8003,-124.695,-34.1907,,-2.50974
32.8103,-127.143,-33.89,,-2.3951
32.8203,-129.473,-33.5824,,-2.2757
32.8303,-131.686,-33.2253,,-2.16157
32.8403,-133.782,-32.8598,,-2.04186
32.8504,-135.758,-32.4717,,-1.9218
32.8604,-137.612,-32.0658,,-1.79719
32.8703,-139.341,-31.6434,,-1.67467
32.8803,-140.945,-31.1882,,-1.54591
32.8903,-142.422,-30.7105,,-1.41983
32.9003,-143.771,-30.1954,,-1.29172
32.9104,-144.991,-29.6461,,-1.16055
32.9204,-146.081,-29.0486,,-1.03162
32.9303,-147.039,-28.4145,,-0.898438
32.9403,-147.864,-27.734,,-0.765983
32.9503,-148.557,-26.9978,,-0.632595
32.9603,-149.116,-26.2161,,-0.497806
32.9703,-149.541,-25.3638,,-0.365356
32.9804,-149.83,-24.4228,,-0.226996
32.9903,-149.981,-23.392,,-0.0873888
33.0003,-150,-22.2568,,0.0356481
33.0103,-149.89,-21.0077,,0.173046
33.0203,-149.641,-19.6478,,0.309828
33.0303,-149.257,-18.1469,,0.445297
33.0404,-148.737,-16.5101,,0.5791
33.0503,-148.085,-14.722,,0.711779
33.0603,-147.3,-12.7897,,0.844773
33.0703,-146.383,-10.7215,,0.977474
33.0803,-145.332,-8.52713,,1.1111
33.0903,-144.15,-6.25511,,1.23932
33.1004,-142.841,-3.93234,,1.36706
33.1104,-141.401,-1.60314,,1.4961
33.1203,-139.837,0.735377,,1.62272
33.1303,-138.143,2.99511,,1.75049
33.1403,-136.326,5.22945,,1.87177
33.1503,-134.386,7.38859,,1.99554
33.1604,-132.325,9.4429,,2.11419
33.1704,-130.147,11.4211,,2.23081
33.1803,-127.849,13.2972,,2.3525
33.1903,-125.437,15.0783,,2.45976
33.2003,-122.914,16.7486,,2.57511
33.2103,-120.278,18.3538,,2.6837
33.2203,-117.536,19.8866,,2.78989
33.2304,-114.687,21.3114,,2.89684
33.2403,-111.735,22.6656,,2.99722
33.2503,-108.683,23.9485,,3.09738
33.2603,-105.532,25.123,,3.19416
33.2703,-102.285,26.2392,,3.28902
33.2803,-98.9466,27.2587,,3.37811
33.2904,-95.5194,28.228,,3.4662
33.3003,-92.0078,29.1159,,3.54902
33.3103,-88.4131,29.9443,,3.63258
33.3203,-84.737,30.7087,,3.71015
33.3303,-80.9856,31.4285,,3.78464
33.3403,-77.1615,32.0666,,3.85588
33.3504,-73.2678,32.6691,,3.92436
33.3604,-69.3088,33.2005,,3.98727
33.3703,-65.2874,33.713,,4.04866
33.3803,-61.2064,34.1557,,4.1068
33.3903,-57.0701,34.594,,4.15911
33.4003,-52.8842,34.9754,,4.20798
33.4104,-48.6493,35.3243,,4.25598
33.4204,-44.3697,35.6399,,4.29811
33.4303,-40.0518,35.924,,4.33381
33.4403,-35.6978,36.1741,,4.37038
33.4503,-31.3109,36.41,,4.39942
33.4603,-26.8963,36.6207,,4.4266
33.4703,-22.4573,36.815,,4.44823
33.4804,-17.9984,36.9835,,4.46683
33.4903,-13.5231,37.1289,,4.482
33.5003,-9.03553,37.2498,,4.49201
33.5103,-4.53975,37.3551,,4.49814
33.5203,-0.0402146,37.4398,,4.49972
33.5303,4.45971,37.5247,,4.49887
33.5404,8.95531,37.5923,,4.49337
33.5503,13.443,37.6403,,4.48253
33.5603,17.9187,37.689,,4.46904
33.5703,22.3778,37.6999,,4.45058
33.5803,26.8173,37.7064,,4.42967
33.5903,31.2325,37.7054,,4.40291
33.6004,35.6194,37.6862,,4.3729
33.6104,39.9745,37.6585,,4.34064
33.6203,44.2941,37.6302,,4.30123
33.6303,48.5736,37.583,,4.26136
33.6403,52.8094,37.5234,,4.21402
33.6503,56.9961,37.4497,,4.16423
33.6604,61.1323,37.3759,,4.11308
33.6704,65.2148,37.2871,,4.05588
33.6803,69.2372,37.1776,,3.99491
33.6903,73.1972,37.0771,,3.93057
33.7003,77.092,36.9526,,3.86504
33.7103,80.9178,36.8285,,3.79314
33.7203,84.6702,36.6868,,3.71959
33.7304,88.3471,36.541,,3.64005
33.7403,91.9442,36.372,,3.56282
33.7503,95.4584,36.1953,,3.47354
33.7603,98.8854,36.0187,,3.38851
33.7703,102.224,35.8227,,3.29793
33.7803,105.473,35.6183,,3.20707
33.7904,108.627,35.4015,,3.1093
33.8003,111.68,35.1779,,3.0078
33.8103,114.633,34.9276,,2.9085
33.8203,117.484,34.6729,,2.80283
33.8303,120.229,34.4104,,2.69665
33.8403,122.865,34.1159,,2.5884
33.8504,125.393,33.8324,,2.4774
33.8604,127.806,33.52,,2.35956
33.8703,130.103,33.1918,,2.24639
33.8803,132.286,32.8339,,2.12957
33.8903,134.349,32.4791,,2.00795
33.9003,136.29,32.0693,,1.88602
33.9104,138.109,31.6478,,1.7644
33.9204,139.805,31.2259,,1.63871
33.9303,141.373,30.7708,,1.51108
33.9403,142.814,30.2793,,1.38317
33.9503,144.127,29.7503,,1.25515
33.9603,145.309,29.1885,,1.12226
33.9703,146.361,28.5925,,0.994006
33.9804,147.283,27.9457,,0.863857
33.9903,148.072,27.2432,,0.726447
34.0003,148.726,26.5005,,0.596085
34.0103,149.248,25.6906,,0.460508
34.0203,149.635,24.8063,,0.326829
34.0303,149.888,23.8486,,0.191787
34.0404,150,22.7909,,0.0496892
34.0503,149.985,21.6212,,-0.07049
34.0603,149.836,20.3493,,-0.214313
34.0703,149.547,18.9343,,-0.346929
34.0803,149.126,17.3995,,-0.483686
34.0903,148.568,15.707,,-0.618157
34.1004,147.878,13.8808,,-0.748404
34.1104,147.056,11.9057,,-0.881259
34.1203,146.102,9.79507,,-1.01401
34.1303,145.016,7.58038,,-1.14612
34.1403,143.798,5.28964,,-1.27575
34.1503,142.451,2.95552,,-1.40597
34.1604,140.975,0.606906,,-1.53151
34.1704,139.374,-1.70854,,-1.65929
34.1803,137.646,-3.97857,,-1.78318
34.1903,135.795,-6.17144,,-1.90525
34.2003,133.823,-8.30409,,-2.02868
34.2103,131.727,-10.3458,,-2.14856
34.2203,129.515,-12.2951,,-2.26539
34.2304,127.187,-14.1489,,-2.37942
34.2403,124.743,-15.9066,,-2.49564
34.2503,122.186,-17.5735,,-2.60581
34.2603,119.52,-19.1481,,-2.71395
34.2703,116.749,-20.6433,,-2.82015
34.2803,113.869,-22.0616,,-2.92657
34.2904,110.889,-23.3863,,-3.02439
34.3003,107.809,-24.6481,,-3.12542
34.3103,104.629,-25.7998,,-3.22145
34.3203,101.36,-26.9045,,-3.31024
34.3303,97.9967,-27.9094,,-3.4053
34.3403,94.5432,-28.8533,,-3.49094
34.3504,91.0081,-29.7258,,-3.57306
34.3604,87.3894,-30.5426,,-3.65326
34.3703,83.694,-31.2845,,-3.73142
34.3803,79.921,-31.9779,,-3.80619
34.3903,76.077,-32.6199,,-3.87387
34.4003,72.1655,-33.1941,,-3.94248
34.4104,68.1876,-33.7278,,-4.00562
34.4204,64.1497,-34.2149,,-4.06408
34.4303,60.0537,-34.6646,,-4.12152
34.4403,55.9026,-35.0636,,-4.17512
34.4503,51.7007,-35.4483,,-4.22316
34.4603,47.4529,-35.7928,,-4.26697
34.4703,43.1637,-36.0991,,-4.30758
34.4804,38.8346,-36.3751,,-4.34553
34.4903,34.4708,-36.6175,,-4.37843
34.5003,30.0763,-36.8459,,-4.4072
34.5103,25.6544,-37.0421,,-4.43342
34.5203,21.2092,-37.2242,,-4.45388
34.5303,16.7453,-37.3931,,-4.4714
34.5404,12.2666,-37.5227,,-4.48464
34.5503,7.77647,-37.661,,-4.49345
34.5603,3.27907,-37.7631,,-4.49981
34.5703,-1.22108,-37.842,,-4.50044
34.5803,-5.72014,-37.915,,-4.49731
34.5903,-10.2138,-37.9727,,-4.49006
34.6004,-14.6988,-38.0141,,-4.47919
34.6104,-19.17,-38.0563,,-4.46514
34.6203,-23.6247,-38.0757,,-4.44524
34.6303,-28.0572,-38.0871,,-4.42161
34.6403,-32.4645,-38.0754,,-4.39541
34.6503,-36.8432,-38.0476,,-4.36401
34.6604,-41.188,-38.0153,,-4.32884
34.6704,-45.4967,-37.9755,,-4.29116
34.6803,-49.7648,-37.9248,,-4.24912
34.6903,-53.987,-37.8719,,-4.1995
34.7003,-58.1606,-37.7969,,-4.15144
34.7103,-62.2822,-37.7161,,-4.09732
34.7203,-66.3484,-37.6248,,-4.04007
34.7304,-70.3543,-37.5087,,-3.97731
34.7403,-74.2962,-37.4056,,-3.91217
34.7503,-78.1717,-37.2697,,-3.84534
34.7603,-81.9768,-37.1558,,-3.77154
34.7703,-85.7069,-37.0023,,-3.69519
34.7803,-89.3604,-36.8558,,-3.61954
34.7904,-92.9359,-36.6827,,-3.53846
34.8003,-96.4273,-36.5051,,-3.45186
34.8103,-99.8312,-36.3229,,-3.36504
34.8203,-103.145,-36.1165,,-3.27227
34.8303,-106.365,-35.9188,,-3.17592
34.8403,-109.49,-35.6976,,-3.08374
34.8504,-112.519,-35.4695,,-2.98248
34.8604,-115.444,-35.2219,,-2.8785
34.8703,-118.265,-34.9593,,-2.77311
34.8803,-120.98,-34.6928,,-2.66749
34.8903,-123.586,-34.3896,,-2.55532
34.9003,-126.081,-34.0935,,-2.44249
34.9104,-128.46,-33.7856,,-2.32991
34.9204,-130.726,-33.4528,,-2.21353
34.9303,-132.875,-33.1003,,-2.09419
34.9403,-134.903,-32.7215,,-1.97551
34.9503,-136.812,-32.3284,,-1.85387
34.9603,-138.598,-31.9011,,-1.72851
34.9703,-140.256,-31.4441,,-1.60111
34.9804,-141.789,-30.9899,,-1.47701
34.9903,-143.194,-30.4888,,-1.34848
35.0003,-144.473,-29.9526,,-1.2189
35.0103,-145.618,-29.3915,,-1.08592
35.0203,-146.633,-28.7654,,-0.956293
35.0303,-147.517,-28.1134,,-0.823767
35.0404,-148.267,-27.3853,,-0.690873
35.0503,-148.885,-26.63,,-0.558501
35.0603,-149.37,-25.7954,,-0.423185
35.0703,-149.719,-24.8962,,-0.288453
35.0803,-149.932,-23.9102,,-0.150712
35.0903,-150.007,-22.8289,,-0.0174804
35.1004,-149.956,-21.6263,,0.111536
35.1104,-149.767,-20.3206,,0.250888
35.1203,-149.442,-18.8675,,0.386526
35.1303,-148.982,-17.2844,,0.519406
35.1403,-148.39,-15.5567,,0.651882
35.1503,-147.662,-13.6861,,0.789996
35.1604,-146.801,-11.6727,,0.918973
35.1704,-145.809,-9.52633,,1.05091
35.1803,-144.686,-7.28418,,1.18182
35.1903,-143.433,-4.97113,,1.31193
35.2003,-142.051,-2.63652,,1.43901
35.2103,-140.541,-0.290761,,1.56811
35.2203,-138.903,2.0165,,1.69438
35.2304,-137.141,4.27957,,1.81752
35.2403,-135.256,6.47029,,1.93949
35.2503,-133.249,8.57913,,2.06233
35.2603,-131.121,10.5917,,2.18203
35.2703,-128.873,12.5113,,2.30112
35.2803,-126.509,14.3398,,2.41259
35.2904,-124.038,16.0657,,2.5217
35.3003,-121.453,17.7225,,2.63548
35.3103,-118.756,19.2904,,2.74662
35.3203,-115.952,20.7624,,2.85057
35.3303,-113.045,22.1587,,2.95314
35.3403,-110.036,23.4703,,3.05504
35.3504,-106.927,24.689,,3.15175
35.3604,-103.723,25.8327,,3.24703
35.3703,-100.424,26.9017,,3.34001
35.3803,-97.0369,27.8988,,3.42666
35.3903,-93.5617,28.8301,,3.5132
35.4003,-90.0029,29.6811,,3.59589
35.4104,-86.363,30.4838,,3.67561
35.4204,-82.6445,31.2112,,3.75291
35.4303,-78.8516,31.8843,,3.82533
35.4403,-74.9874,32.5082,,3.89532
35.4503,-71.0561,33.0677,,3.95982
35.4603,-67.0618,33.598,,4.02328
35.4703,-63.0057,34.0708,,4.08115
35.4804,-58.894,34.5152,,4.13659
35.4903,-54.7291,34.9027,,4.18777
35.5003,-50.5149,35.2725,,4.23499
35.5103,-46.2554,35.5948,,4.27935
35.5203,-41.9535,35.9031,,4.31882
35.5303,-37.615,36.1565,,4.35444
35.5404,-33.2424,36.4157,,4.38692
35.5503,-28.8398,36.6247,,4.41506
35.5603,-24.4111,36.8234,,4.43929
35.5703,-19.9604,37.006,,4.45963
35.5803,-15.4915,37.1499,,4.47551
35.5903,-11.0087,37.285,,4.48778
35.6004,-6.51635,37.3955,,4.4961
35.6104,-2.01801,37.4971,,4.49955
35.6203,2.48218,37.5872,,4.50013
35.6303,6.98018,37.6588,,4.49562
35.6403,11.4719,37.713,,4.48773
35.6503,15.9529,37.7592,,4.47525
35.6604,20.4202,37.7662,,4.45951
35.6704,24.8688,37.7899,,4.43973
35.6803,29.295,37.7836,,4.41456
35.6903,33.6949,37.7855,,4.38738
35.7003,38.0649,37.7579,,4.35459
35.7103,42.3997,37.7332,,4.31792
35.7203,46.6961,37.6909,,4.27908
35.7304,50.9517,37.6366,,4.23556
35.7403,55.1619,37.5638,,4.18812
35.7503,59.3215,37.4806,,4.13688
35.7603,63.4281,37.401,,4.08075
35.7703,67.4773,37.3033,,4.02245
35.7803,71.465,37.2154,,3.95946
35.7904,75.3893,37.0877,,3.89444
35.8003,79.2453,36.9701,,3.82478
35.8103,83.0298,36.8238,,3.75171
35.8203,86.7409,36.6732,,3.67632
35.8303,90.3722,36.515,,3.59424
35.8403,93.9232,36.3472,,3.51515
35.8504,97.3904,36.1734,,3.42608
35.8604,100.769,35.9951,,3.34005
35.8703,104.056,35.7943,,3.24373
35.8803,107.25,35.5752,,3.15214
35.8903,110.348,35.3479,,3.05377
35.9003,113.347,35.1083,,2.95311
35.9104,116.243,34.859,,2.84938
35.9204,119.035,34.5985,,2.74437
35.9303,121.721,34.3215,,2.63714
35.9403,124.296,34.0355,,2.52634
35.9503,126.761,33.7253,,2.41176
35.9603,129.109,33.4083,,2.29613
35.9703,131.342,33.0591,,2.18025
35.9804,133.456,32.7087,,2.06142
35.9903,135.451,32.3164,,1.93985
36.0003,137.325,31.9058,,1.81992
36.0103,139.075,31.4892,,1.69174
36.0203,140.698,31.0347,,1.56769
36.0303,142.195,30.5707,,1.43948
36.0404,143.564,30.0556,,1.31062
36.0503,144.805,29.502,,1.18466
36.0603,145.917,28.9269,,1.05086
36.0703,146.895,28.2923,,0.919877
36.0803,147.743,27.6187,,0.788273
36.0903,148.457,26.8955,,0.65305
36.1004,149.036,26.1065,,0.518007
36.1104,149.481,25.2614,,0.386188
36.1203,149.793,24.3353,,0.250587
36.1303,149.969,23.3206,,0.11429
36.1403,150.009,22.2022,,-0.0180995
36.1503,149.918,20.9754,,-0.15267
36.1604,149.69,19.6244,,-0.28927
36.1704,149.327,18.1411,,-0.423483
36.1803,148.83,16.5091,,-0.558122
36.1903,148.198,14.7381,,-0.691674
36.2003,147.433,12.8148,,-0.823722
36.2103,146.537,10.7519,,-0.956527
36.2203,145.509,8.58389,,-1.08677
36.2304,144.349,6.31468,,-1.21944
36.2403,143.058,4.00717,,-1.34761
36.2503,141.64,1.64822,,-1.47718
36.2603,140.092,-0.693265,,-1.6038
36.2703,138.421,-2.99898,,-1.72771
36.2803,136.624,-5.24578,,-1.85256
36.2904,134.704,-7.40459,,-1.97507
36.3003,132.664,-9.48832,,-2.09279
36.3103,130.504,-11.4771,,-2.21526
36.3203,128.225,-13.3678,,-2.33103
36.3303,125.831,-15.1838,,-2.44514
36.3403,123.323,-16.9014,,-2.55813
36.3504,120.706,-18.5339,,-2.66648
36.3604,117.979,-20.0756,,-2.77509
36.3703,115.147,-21.5349,,-2.87797
36.3803,112.212,-22.8861,,-2.98179
36.3903,109.174,-24.179,,-3.08248
36.4003,106.039,-25.3788,,-3.17754
36.4104,102.808,-26.5055,,-3.27383
36.4204,99.485,-27.5568,,-3.36383
36.4303,96.073,-28.5479,,-3.45118
36.4403,92.5736,-29.4524,,-3.53773
36.4503,88.9923,-30.2874,,-3.61867
36.4603,85.328,-31.0719,,-3.69993
36.4703,81.588,-31.7784,,-3.77145
36.4804,77.7761,-32.4443,,-3.84512
36.4903,73.8929,-33.0354,,-3.91376
36.5003,69.9434,-33.6038,,-3.97805
36.5103,65.9322,-34.1073,,-4.03867
36.5203,61.86,-34.5811,,-4.09817
36.5303,57.7321,-35.0021,,-4.15136
36.5404,53.5539,-35.3926,,-4.20041
36.5503,49.3264,-35.7475,,-4.24867
36.5603,45.0544,-36.0604,,-4.29027
36.5703,40.7424,-36.3435,,-4.32982
36.5803,36.3932,-36.6026,,-4.36456
36.5903,32.0113,-36.8407,,-4.39525
36.6004,27.6012,-37.0576,,-4.42166
36.6104,23.1656,-37.2527,,-4.44586
36.6203,18.7093,-37.4309,,-4.46452
36.6303,14.2366,-37.5746,,-4.47913
36.6403,9.75082,-37.6899,,-4.49065
36.6503,5.25638,-37.8057,,-4.49701
36.6604,0.756757,-37.8875,,-4.50032
36.6704,-3.74303,-37.9684,,-4.4995
36.6803,-8.23973,-38.0425,,-4.49366
36.6903,-12.7289,-38.0989,,-4.48499
36.7003,-17.2065,-38.1418,,-4.47106
36.7103,-21.6688,-38.1534,,-4.45434
36.7203,-26.1114,-38.1661,,-4.43274
36.7304,-30.5309,-38.1605,,-4.40712
36.7403,-34.9225,-38.1366,,-4.37878
36.7503,-39.283,-38.1163,,-4.34523
36.7603,-43.6088,-38.084,,-4.3082
36.7703,-47.893,-38.0419,,-4.26554
36.7803,-52.1357,-37.9837,,-4.22305
36.7904,-56.3323,-37.9137,,-4.17409
36.8003,-60.4775,-37.8373,,-4.12087
36.8103,-64.5678,-37.7467,,-4.06523
36.8203,-68.5999,-37.6486,,-4.00435
36.8303,-72.5706,-37.5349,,-3.94251
36.8403,-76.4768,-37.4108,,-3.87562
36.8504,-80.3136,-37.2862,,-3.80482
36.8604,-84.0778,-37.1437,,-3.73023
36.8703,-87.7662,-36.9957,,-3.65379
36.8803,-91.3763,-36.8404,,-3.57363
36.8903,-94.9029,-36.6672,,-3.48922
36.9003,-98.3462,-36.4925,,-3.40409
36.9104,-101.7,-36.2955,,-3.3119
36.9204,-104.962,-36.0868,,-3.22005
36.9303,-108.129,-35.8735,,-3.12443
36.9403,-111.199,-35.6408,,-3.02474
36.9503,-114.17,-35.4028,,-2.92557
36.9603,-117.037,-35.1547,,-2.82064
36.9703,-119.799,-34.8874,,-2.71376
36.9804,-122.453,-34.611,,-2.6034
36.9903,-124.993,-34.3019,,-2.48841
37.0003,-127.425,-33.9928,,-2.38585
37.0103,-129.746,-33.6801,,-2.2656
37.0203,-131.946,-33.3145,,-2.14697
37.0303,-134.027,-32.9607,,-2.028
37.0404,-135.989,-32.5752,,-1.90621
37.0503,-137.826,-32.1653,,-1.78189
37.0603,-139.54,-31.7248,,-1.6577
37.0703,-141.129,-31.2665,,-1.53307
37.0803,-142.591,-30.7851,,-1.40407
37.0903,-143.926,-30.2536,,-1.27695
37.1004,-145.13,-29.7065,,-1.14565
37.1104,-146.204,-29.1092,,-1.01398
37.1203,-147.145,-28.4658,,-0.88129
37.1303,-147.954,-27.7668,,-0.749494
37.1403,-148.63,-27.0364,,-0.616208
37.1503,-149.174,-26.2331,,-0.483989
37.1604,-149.583,-25.3588,,-0.34712
37.1704,-149.855,-24.4125,,-0.213403
37.1803,-149.993,-23.3689,,-0.0745565
37.1903,-149.996,-22.2163,,0.0542388
37.2003,-149.868,-20.9594,,0.190615
37.2103,-149.602,-19.5708,,0.327587
37.2203,-149.201,-18.0487,,0.461651
37.2304,-148.665,-16.3704,,0.595104
37.2403,-147.997,-14.5581,,0.727302
37.2503,-147.196,-12.6036,,0.861617
37.2603,-146.262,-10.4959,,0.993071
37.2703,-145.196,-8.31361,,1.12477
37.2803,-143.999,-6.00582,,1.25605
37.2904,-142.673,-3.67784,,1.38369
37.3003,-141.218,-1.31963,,1.51307
37.3103,-139.636,1.01771,,1.63881
37.3203,-137.928,3.30613,,1.76402
37.3303,-136.097,5.53356,,1.88503
37.3403,-134.144,7.67968,,2.00879
37.3504,-132.068,9.73802,,2.13012
37.3604,-129.875,11.7089,,2.24421
37.3703,-127.566,13.5855,,2.3619
37.3803,-125.14,15.3735,,2.47883
37.3903,-122.6,17.0577,,2.58863
37.4003,-119.953,18.676,,2.69596
37.4104,-117.197,20.1952,,2.80397
37.4204,-114.336,21.6225,,2.90781
37.4303,-111.372,22.9811,,3.0091
37.4403,-108.306,24.2362,,3.11146
37.4503,-105.143,25.4223,,3.20493
37.4603,-101.886,26.532,,3.29975
37.4703,-98.5372,27.5629,,3.3884
37.4804,-95.0995,28.5239,,3.47695
37.4903,-91.5759,29.4151,,3.56194
37.5003,-87.9715,30.2354,,3.63781
37.5103,-84.2899,30.9899,,3.71877
37.5203,-80.5279,31.6931,,3.79541
37.5303,-76.6945,32.3384,,3.86418
37.5404,-72.793,32.9338,,3.93196
37.5503,-68.8256,33.4704,,3.99539
37.5603,-64.7962,33.9672,,4.05668
37.5703,-60.7086,34.4254,,4.11268
37.5803,-56.5662,34.8334,,4.16565
37.5903,-52.3737,35.2158,,4.21466
37.6004,-48.1329,35.5561,,4.26118
37.6104,-43.8496,35.872,,4.30139
37.6203,-39.5264,36.1492,,4.3403
37.6303,-35.1679,36.4026,,4.37283
37.6403,-30.7779,36.6212,,4.40304
37.6503,-26.3604,36.8385,,4.42876
37.6604,-21.9189,37.0174,,4.45172
37.6704,-17.4574,37.1772,,4.46881
37.6803,-12.9805,37.326,,4.48305
37.6903,-8.49184,37.4511,,4.49271
37.7003,-3.99547,37.5579,,4.49841
37.7103,0.504206,37.6434,,4.50019
37.7203,5.00388,37.7173,,4.49826
37.7304,9.49873,37.7654,,4.492
37.7403,13.9849,37.816,,4.48116
37.7503,18.4588,37.853,,4.46677
37.7603,22.9158,37.8745,,4.44824
37.7703,27.3526,37.8853,,4.42656
37.7803,31.7645,37.8821,,4.40034
37.7904,36.1484,37.8535,,4.36927
37.8003,40.4988,37.8195,,4.33446
37.8103,44.8126,37.7843,,4.2969
37.8203,49.087,37.7279,,4.25568
37.8303,53.3177,37.6786,,4.20879
37.8403,57.4992,37.6061,,4.15857
37.8504,61.6291,37.524,,4.10635
37.8604,65.7039,37.4419,,4.04771
37.8703,69.719,37.3328,,3.98865
37.8803,73.673,37.2253,,3.92436
37.8903,77.5592,37.0882,,3.85515
37.9003,81.3759,36.9575,,3.78384
37.9104,85.1195,36.8195,,3.71117
37.9204,88.7866,36.6637,,3.63071
37.9303,92.373,36.5032,,3.54894
37.9403,95.8767,36.3403,,3.46583
37.9503,99.2937,36.149,,3.37787
37.9603,102.623,35.9529,,3.28897
37.9703,105.859,35.7429,,3.19149
37.9804,108.998,35.5164,,3.09595
37.9903,112.04,35.2956,,2.99703
38.0003,114.982,35.0341,,2.89635
38.0103,117.821,34.806,,2.79254
38.0203,120.555,34.5224,,2.68557
38.0303,123.178,34.2467,,2.57136
38.0404,125.691,33.9405,,2.46485
38.0503,128.091,33.6142,,2.34728
38.0603,130.375,33.2757,,2.23216
38.0703,132.542,32.9281,,2.11309
38.0803,134.591,32.5616,,1.99585
38.0903,136.518,32.167,,1.87033
38.1004,138.321,31.7575,,1.74738
38.1104,139.999,31.3087,,1.62184
38.1203,141.552,30.8474,,1.4969
38.1303,142.979,30.3409,,1.36833
38.1403,144.276,29.8084,,1.23978
38.1503,145.445,29.2355,,1.10916
38.1604,146.48,28.6349,,0.975976
38.1704,147.385,27.9955,,0.845762
38.1803,148.157,27.2944,,0.711576
38.1903,148.795,26.5243,,0.579077
38.2003,149.3,25.7118,,0.444337
38.2103,149.673,24.8046,,0.313014
38.2203,149.909,23.8167,,0.172889
38.2304,150.003,22.749,,0.034716
38.2403,149.974,21.5746,,-0.0885188
38.2503,149.808,20.2821,,-0.228374
38.2603,149.503,18.8564,,-0.365382
38.2703,149.064,17.2957,,-0.499025
38.2803,148.493,15.5793,,-0.631813
38.2904,147.787,13.708,,-0.76469
38.3003,146.949,11.7044,,-0.899673
38.3103,145.977,9.56006,,-1.03013
38.3203,144.874,7.33272,,-1.16216
38.3303,143.642,5.02948,,-1.29031
38.3403,142.279,2.69418,,-1.42238
38.3504,140.787,0.339059,,-1.54645
38.3604,139.173,-1.99494,,-1.67125
38.3703,137.431,-4.2758,,-1.79901
38.3803,135.564,-6.49349,,-1.92198
38.3903,133.574,-8.61056,,-2.04432
38.4003,131.466,-10.6566,,-2.16025
38.4104,129.241,-12.5974,,-2.27851
38.4204,126.897,-14.4407,,-2.39624
38.4303,124.439,-16.2045,,-2.5095
38.4403,121.87,-17.8845,,-2.61629
38.4503,119.193,-19.4633,,-2.7272
38.4603,116.407,-20.9674,,-2.83378
38.4703,113.516,-22.3788,,-2.93726
38.4804,110.523,-23.7052,,-3.0385
38.4903,107.43,-24.9521,,-3.13766
38.5003,104.239,-26.1122,,-3.23256
38.5103,100.957,-27.2022,,-3.32277
38.5203,97.5844,-28.2129,,-3.41405
38.5303,94.121,-29.1562,,-3.50201
38.5404,90.575,-30.0267,,-3.58197
38.5503,86.9469,-30.8345,,-3.66498
38.5603,83.2412,-31.5705,,-3.73822
38.5703,79.4613,-32.2572,,-3.81476
38.5803,75.6071,-32.8886,,-3.88432
38.5903,71.6868,-33.4643,,-3.95013
38.6004,67.702,-34.0003,,-4.01269
38.6104,63.6562,-34.4885,,-4.07262
38.6203,59.5529,-34.9242,,-4.12766
38.6303,55.3963,-35.3217,,-4.17966
38.6403,51.1895,-35.6891,,-4.22771
38.6503,46.9372,-36.0205,,-4.27233
38.6604,42.6423,-36.3234,,-4.31314
38.6704,38.3088,-36.606,,-4.34918
38.6803,33.941,-36.8588,,-4.38276
38.6903,29.5427,-37.0711,,-4.41056
38.7003,25.1177,-37.2693,,-4.4363
38.7103,20.6704,-37.4376,,-4.45571
38.7203,16.2043,-37.587,,-4.47346
38.7304,11.7237,-37.7294,,-4.48606
38.7403,7.23258,-37.8465,,-4.49475
38.7503,2.73477,-37.9666,,-4.49966
38.7603,-1.76548,-38.0393,,-4.5003
38.7703,-6.26424,-38.1212,,-4.49671
38.7803,-10.757,-38.1703,,-4.48906
38.7904,-15.2405,-38.2072,,-4.47765
38.8003,-19.7098,-38.2282,,-4.46246
38.8103,-24.1616,-38.2391,,-4.44296
38.8203,-28.5919,-38.2424,,-4.41932
38.8303,-32.9961,-38.2456,,-4.39101
38.8403,-37.3708,-38.2219,,-4.36017
38.8504,-41.7115,-38.194,,-4.32473
38.8604,-46.0144,-38.1489,,-4.28473
38.8703,-50.2773,-38.089,,-4.24396
38.8803,-54.4941,-38.0253,,-4.1944
38.8903,-58.6617,-37.9561,,-4.14532
38.9003,-62.7769,-37.8701,,-4.08967
38.9104,-66.8353,-37.7759,,-4.03256
38.9204,-70.8338,-37.6691,,-3.97025
38.9303,-74.7685,-37.5549,,-3.90472
38.9403,-78.6361,-37.4296,,-3.83684
38.9503,-82.4332,-37.289,,-3.76383
38.9603,-86.1544,-37.144,,-3.68678
38.9703,-89.7986,-36.9899,,-3.60783
38.9804,-93.3623,-36.8183,,-3.52735
38.9903,-96.8424,-36.649,,-3.44117
39.0003,-100.235,-36.4577,,-3.3529
39.0103,-103.54,-36.257,,-3.26343
39.0203,-106.75,-36.0526,,-3.16564
39.0303,-109.862,-35.8193,,-3.06849
39.0404,-112.876,-35.5878,,-2.96995
39.0503,-115.789,-35.3424,,-2.86559
39.0603,-118.598,-35.0822,,-2.76359
39.0703,-121.301,-34.818,,-2.65257
39.0803,-123.893,-34.5094,,-2.53978
39.0903,-126.371,-34.214,,-2.43163
39.1004,-128.743,-33.8887,,-2.31879
39.1104,-130.995,-33.5468,,-2.19762
39.1203,-133.127,-33.1868,,-2.07964
39.1303,-135.142,-32.8134,,-1.96141
39.1403,-137.036,-32.4161,,-1.83762
39.1503,-138.804,-31.9978,,-1.71296
39.1604,-140.45,-31.5443,,-1.58795
39.1704,-141.966,-31.0743,,-1.45942
39.1803,-143.356,-30.5562,,-1.33085
39.1903,-144.616,-30.0226,,-1.20301
39.2003,-145.747,-29.4364,,-1.07134
39.2103,-146.746,-28.816,,-0.940668
39.2203,-147.615,-28.1447,,-0.809849
39.2304,-148.351,-27.4321,,-0.675385
39.2403,-148.953,-26.6549,,-0.541869
39.2503,-149.42,-25.821,,-0.406088
39.2603,-149.752,-24.8988,,-0.270179
39.2703,-149.948,-23.8898,,-0.134613
39.2803,-150.007,-22.7879,,-1.30E-03
39.2904,-149.94,-21.5737,,0.127508
39.3003,-149.734,-20.2486,,0.267046
39.3103,-149.395,-18.7806,,0.399818
39.3203,-148.918,-17.1735,,0.538776
39.3303,-148.307,-15.4169,,0.671395
39.3403,-147.563,-13.5095,,0.802363
39.3504,-146.688,-11.4757,,0.934676
39.3604,-145.681,-9.30699,,1.06702
39.3703,-144.541,-7.04282,,1.19696
39.3803,-143.273,-4.71525,,1.32833
39.3903,-141.874,-2.36196,,1.45545
39.4003,-140.348,2.11E-03,,1.58401
39.4104,-138.696,2.31113,,1.70678
39.4204,-136.919,4.57257,,1.83422
39.4303,-135.019,6.76471,,1.9551
39.4403,-132.997,8.87685,,2.0747
39.4503,-130.856,10.8839,,2.19708
39.4603,-128.594,12.8139,,2.3115
39.4703,-126.22,14.6523,,2.42833
39.4804,-123.73,16.3892,,2.53984
39.4903,-121.131,18.0407,,2.64623
39.5003,-118.423,19.6051,,2.75875
39.5103,-115.608,21.0716,,2.86118
39.5203,-112.687,22.4642,,2.96777
39.5303,-109.665,23.7692,,3.06691
39.5404,-106.543,24.9958,,3.16519
39.5503,-103.328,26.1472,,3.25734
39.5603,-100.019,27.2154,,3.35035
39.5703,-96.6203,28.2144,,3.43624
39.5803,-93.1375,29.1347,,3.52181
39.5903,-89.5682,29.9764,,3.60789
39.6004,-85.9157,30.7714,,3.68728
39.6104,-82.1879,31.4923,,3.76067
39.6203,-78.3881,32.1552,,3.83182
39.6303,-74.5164,32.7808,,3.90345
39.6403,-70.5772,33.3491,,3.96807
39.6503,-66.5744,33.8652,,4.03047
39.6604,-62.5122,34.3376,,4.08786
39.6704,-58.3937,34.7696,,4.14304
39.6803,-54.2223,35.1529,,4.19425
39.6903,-50.0025,35.5049,,4.23991
39.7003,-45.7377,35.8261,,4.28443
39.7103,-41.4307,36.1278,,4.32436
39.7203,-37.0875,36.3919,,4.35884
39.7304,-32.7111,36.643,,4.38991
39.7403,-28.305,36.8551,,4.4188
39.7503,-23.8733,37.048,,4.4418
39.7603,-19.4201,37.2128,,4.46159
39.7703,-14.9499,37.3531,,4.47684
39.7803,-10.4659,37.4918,,4.4888
39.7904,-5.97242,37.6021,,4.49722
39.8003,-1.47357,37.7014,,4.49992
39.8103,3.02662,37.7813,,4.49963
39.8203,7.52392,37.8464,,4.49468
39.8303,12.0148,37.9044,,4.48641
39.8403,16.4944,37.928,,4.47435
39.8504,20.9595,37.9557,,4.457
39.8604,25.4058,37.9652,,4.4367
39.8703,29.8291,37.9661,,4.41157
39.8803,34.2257,37.9645,,4.38378
39.8903,38.5915,37.9296,,4.35106
39.9003,42.9225,37.8969,,4.31326
39.9104,47.2141,37.8496,,4.27399
39.9204,51.4637,37.7979,,4.22863
39.9303,55.6666,37.721,,4.1816
39.9403,59.8202,37.6404,,4.13051
39.9503,63.9209,37.5642,,4.07501
39.9603,67.9628,37.462,,4.01479
39.9703,71.9429,37.3544,,3.95098
39.9804,75.8591,37.2393,,3.88696
39.9903,79.7073,37.109,,3.8158
40.0003,83.4834,36.9674,,3.74276
40.0103,87.1854,36.8185,,3.66801
40.0203,90.8093,36.6598,,3.58756
40.0303,94.349,36.4926,,3.50077
40.0404,97.8045,36.3076,,3.41762
40.0503,101.171,36.1218,,3.32543
40.0603,104.448,35.9227,,3.2355
40.0703,107.631,35.704,,3.13982
40.0803,110.717,35.483,,3.04305
40.0903,113.704,35.2269,,2.93942
40.1004,116.586,34.9898,,2.83606
40.1104,119.366,34.7104,,2.7322
40.1203,122.037,34.4517,,2.62153
40.1303,124.6,34.1477,,2.51666
40.1403,127.054,33.8426,,2.39799
40.1503,129.385,33.5054,,2.27979
40.1604,131.603,33.1596,,2.16575
40.1704,133.704,32.803,,2.04708
40.1803,135.684,32.4135,,1.92597
40.1903,137.543,32.0084,,1.8036
40.2003,139.278,31.5818,,1.67702
40.2103,140.885,31.122,,1.55131
40.2203,142.368,30.6477,,1.42506
40.2304,143.723,30.1235,,1.2986
40.2403,144.948,29.5608,,1.16399
40.2503,146.041,28.9762,,1.03554
40.2603,147.004,28.353,,0.903268
40.2703,147.834,27.662,,0.77081
40.2803,148.533,26.9288,,0.638917
40.2904,149.097,26.1364,,0.502536
40.3003,149.526,25.2696,,0.369174
40.3103,149.822,24.3323,,0.235351
40.3203,149.979,23.3026,,0.0914859
40.3303,150.001,22.1706,,-0.0314547
40.3403,149.896,20.9169,,-0.166515
40.3504,149.653,19.5442,,-0.306208
40.3604,149.273,18.0389,,-0.439152
40.3703,148.761,16.3838,,-0.57189
40.3803,148.115,14.5849,,-0.707031
40.3903,147.333,12.6409,,-0.842259
40.4003,146.419,10.5591,,-0.972
40.4104,145.376,8.35403,,-1.10234
40.4204,144.2,6.06595,,-1.23628
40.4303,142.892,3.73534,,-1.36511
40.4403,141.457,1.36416,,-1.49267
40.4503,139.898,-0.988796,,-1.61408
40.4603,138.211,-3.29312,,-1.74596
40.4703,136.398,-5.53119,,-1.86747
40.4804,134.464,-7.70232,,-1.98863
40.4903,132.408,-9.79348,,-2.10984
40.5003,130.233,-11.794,,-2.22789
40.5103,127.941,-13.6765,,-2.34767
40.5203,125.531,-15.4954,,-2.45709
40.5303,123.012,-17.2132,,-2.57003
40.5404,120.383,-18.8412,,-2.67657
40.5503,117.645,-20.3969,,-2.7872
40.5603,114.8,-21.8393,,-2.89165
40.5703,111.85,-23.2083,,-2.9975
40.5803,108.8,-24.4934,,-3.09407
40.5903,105.654,-25.6969,,-3.18803
40.6004,102.413,-26.8145,,-3.2851
40.6104,99.0763,-27.8684,,-3.37637
40.6203,95.6528,-28.8493,,-3.46203
40.6303,92.1435,-29.7556,,-3.54713
40.6403,88.5534,-30.5905,,-3.62729
40.6503,84.8797,-31.3597,,-3.70874
40.6604,81.132,-32.063,,-3.78137
40.6704,77.3094,-32.7144,,-3.85364
40.6803,73.4185,-33.3195,,-3.92083
40.6903,69.4622,-33.879,,-3.98555
40.7003,65.4419,-34.3734,,-4.04778
40.7103,61.3633,-34.8429,,-4.10323
40.7203,57.2304,-35.2553,,-4.15679
40.7304,53.0446,-35.6328,,-4.20834
40.7403,48.8111,-35.9837,,-4.25407
40.7503,44.5343,-36.2961,,-4.29465
40.7603,40.2177,-36.5876,,-4.33403
40.7703,35.8649,-36.8376,,-4.36777
40.7803,31.4794,-37.0763,,-4.39924
40.7904,27.0653,-37.2936,,-4.42553
40.8003,22.6275,-37.4656,,-4.44708
40.8103,18.1696,-37.627,,-4.46678
40.8203,13.6945,-37.7783,,-4.48117
40.8303,9.2072,-37.8902,,-4.49138
40.8403,4.71216,-38.0093,,-4.49784
40.8504,0.212412,-38.0936,,-4.5001
40.8604,-4.28739,-38.1764,,-4.49936
40.8703,-8.78331,-38.2353,,-4.49271
40.8803,-13.2713,-38.2867,,-4.4836
40.8903,-17.7473,-38.3228,,-4.46926
40.9003,-22.2075,-38.3314,,-4.45169
40.9104,-26.6479,-38.3428,,-4.43049
40.9204,-31.0644,-38.3357,,-4.40468
40.9303,-35.4523,-38.3167,,-4.37356
40.9403,-39.808,-38.2948,,-4.34073
40.9503,-44.1288,-38.2577,,-4.30354
40.9603,-48.4092,-38.2091,,-4.26134
40.9703,-52.6467,-38.1551,,-4.21671
40.9804,-56.8363,-38.0698,,-4.16744
40.9903,-60.9752,-38.0053,,-4.11449
41.0003,-65.0586,-37.8923,,-4.05789
41.0103,-69.0844,-37.8017,,-3.99872
41.0203,-73.0473,-37.6861,,-3.9335
41.0303,-76.9443,-37.5691,,-3.86632
41.0404,-80.7729,-37.4432,,-3.79661
41.0503,-84.5268,-37.3043,,-3.71985
41.0603,-88.2071,-37.1439,,-3.64607
41.0703,-91.8068,-36.9863,,-3.56238
41.0803,-95.3252,-36.8061,,-3.4808
41.0903,-98.7564,-36.6271,,-3.39102
41.1004,-102.099,-36.4272,,-3.30353
41.1104,-105.351,-36.2227,,-3.20932
41.1203,-108.507,-35.9994,,-3.11149
41.1303,-111.564,-35.7821,,-3.01164
41.1403,-114.521,-35.5382,,-2.91218
41.1503,-117.378,-35.2819,,-2.81007
41.1604,-120.127,-35.0074,,-2.69971
41.1704,-122.766,-34.7252,,-2.58948
41.1803,-125.298,-34.4174,,-2.4835
41.1903,-127.717,-34.1057,,-2.36661
41.2003,-130.02,-33.7863,,-2.24981
41.2103,-132.205,-33.4338,,-2.13242
41.2203,-134.272,-33.0632,,-2.01261
41.2304,-136.219,-32.671,,-1.89261
41.2403,-138.042,-32.2585,,-1.76589
41.2503,-139.739,-31.8078,,-1.64177
41.2603,-141.313,-31.3489,,-1.51683
41.2703,-142.76,-30.8533,,-1.38992
41.2803,-144.077,-30.3342,,-1.25858
41.2904,-145.266,-29.7737,,-1.13155
41.3003,-146.324,-29.1657,,-0.998528
41.3103,-147.251,-28.5199,,-0.868065
41.3203,-148.045,-27.817,,-0.731957
41.3303,-148.704,-27.0666,,-0.600178
41.3403,-149.23,-26.258,,-0.466026
41.3504,-149.623,-25.367,,-0.330956
41.3604,-149.879,-24.4097,,-0.195463
41.3703,-149.999,-23.342,,-0.0593371
41.3803,-149.989,-22.1835,,0.0679662
41.3903,-149.844,-20.9057,,0.208408
41.4003,-149.559,-19.491,,0.345411
41.4104,-149.143,-17.942,,0.47534
41.4204,-148.593,-16.2385,,0.611444
41.4303,-147.907,-14.3965,,0.74637
41.4403,-147.089,-12.4189,,0.875987
41.4503,-146.14,-10.2992,,1.00878
41.4603,-145.059,-8.07284,,1.14006
41.4703,-143.847,-5.76241,,1.27142
41.4804,-142.504,-3.40983,,1.40077
41.4903,-141.034,-1.03966,,1.52775
41.5003,-139.437,1.30739,,1.65165
41.5103,-137.715,3.5969,,1.78042
41.5203,-135.868,5.84038,,1.90035
41.5303,-133.9,7.98644,,2.02321
41.5404,-131.81,10.0439,,2.14509
41.5503,-129.602,12.0118,,2.25928
41.5603,-127.279,13.9,,2.37489
41.5703,-124.838,15.687,,2.49236
41.5803,-122.286,17.3819,,2.60071
41.5903,-119.626,18.9918,,2.70947
41.6004,-116.857,20.5107,,2.81766
41.6104,-113.981,21.9391,,2.92248
41.6203,-111.005,23.2849,,3.02018
41.6303,-107.93,24.5525,,3.12133
41.6403,-104.753,25.7419,,3.21959
41.6503,-101.485,26.8452,,3.30768
41.6604,-98.1265,27.8731,,3.4002
41.6704,-94.6785,28.8379,,3.48548
41.6803,-91.1451,29.7057,,3.57221
41.6903,-87.5295,30.5375,,3.65097
41.7003,-83.8359,31.2762,,3.72845
41.7103,-80.0666,31.987,,3.80139
41.7203,-76.2257,32.6133,,3.87286
41.7304,-72.3159,33.212,,3.93977
41.7403,-68.3413,33.7386,,4.00302
41.7503,-64.3046,34.2402,,4.06267
41.7603,-60.2112,34.6868,,4.1192
41.7703,-56.0622,35.0926,,4.17215
41.7803,-51.8632,35.4587,,4.2203
41.7904,-47.6183,35.7929,,4.26524
41.8003,-43.329,36.106,,4.30798
41.8103,-39.0014,36.3833,,4.34336
41.8203,-34.639,36.6356,,4.37693
41.8303,-30.2453,36.8595,,4.40699
41.8403,-25.8244,37.0619,,4.43145
41.8504,-21.3802,37.2334,,4.45455
41.8604,-16.9167,37.3922,,4.47055
41.8703,-12.4379,37.5307,,4.48453
41.8803,-7.94829,37.6502,,4.49311
41.8903,-3.45124,37.7625,,4.49927
41.9003,1.04869,37.8456,,4.50052
41.9104,5.54796,37.911,,4.49721
41.9204,10.0422,37.9681,,4.49114
41.9303,14.5271,38.005,,4.47965
41.9403,18.9993,38.0385,,4.4653
41.9503,23.4542,38.0551,,4.44568
41.9603,27.888,38.0652,,4.42313
41.9703,32.2967,38.0554,,4.39674
41.9804,36.6763,38.0337,,4.36503
41.9903,41.0226,38.0005,,4.33036
42.0003,45.3319,37.955,,4.29184
42.0103,49.6009,37.9082,,4.24907
42.0203,53.8252,37.8439,,4.2041
42.0303,58.0016,37.7695,,4.15257
42.0404,62.1255,37.692,,4.10036
42.0503,66.1934,37.5963,,4.04008
42.0603,70.2011,37.4932,,3.98145
42.0703,74.1465,37.3711,,3.91504
42.0803,78.0245,37.2497,,3.84751
42.0903,81.8333,37.1223,,3.77632
42.1004,85.5679,36.9687,,3.69866
42.1104,89.2224,36.8199,,3.62088
42.1203,92.8019,36.6486,,3.54282
42.1303,96.2957,36.4782,,3.45434
42.1403,99.7033,36.2803,,3.36792
42.1503,103.02,36.0959,,3.27415
42.1604,106.244,35.8825,,3.18386
42.1704,109.374,35.6582,,3.08436
42.1803,112.402,35.4255,,2.98303
42.1903,115.331,35.1725,,2.88319
42.2003,118.157,34.9249,,2.77871
42.2103,120.876,34.6378,,2.67157
42.2203,123.488,34.3584,,2.55973
42.2304,125.985,34.0538,,2.44767
42.2403,128.373,33.7331,,2.3374
42.2503,130.643,33.3857,,2.21675
42.2603,132.796,33.0451,,2.09982
42.2703,134.83,32.6652,,1.97929
42.2803,136.741,32.2671,,1.85525
42.2904,138.529,31.8417,,1.73235
42.3003,140.193,31.4021,,1.60875
42.3103,141.733,30.9328,,1.48265
42.3203,143.144,30.4226,,1.35225
42.3303,144.427,29.8802,,1.22523
42.3403,145.578,29.3075,,1.09046
42.3504,146.597,28.699,,0.961722
42.3604,147.486,28.0402,,0.829317
42.3703,148.243,27.3296,,0.695678
42.3803,148.864,26.5619,,0.561829
42.3903,149.353,25.7223,,0.428857
42.4003,149.707,24.8071,,0.294045
42.4104,149.928,23.8243,,0.159129
42.4204,150.01,22.7328,,0.0217723
42.4303,149.961,21.5317,,-0.108994
42.4403,149.777,20.2276,,-0.246093
42.4503,149.456,18.7662,,-0.381103
42.4603,149.002,17.1798,,-0.513976
42.4703,148.415,15.4307,,-0.647168
42.4804,147.693,13.5512,,-0.781781
42.4903,146.837,11.5117,,-0.917668
42.5003,145.848,9.3587,,-1.0467
42.5103,144.732,7.10626,,-1.17479
42.5203,143.483,4.77907,,-1.30771
42.5303,142.105,2.42347,,-1.43604
42.5404,140.599,0.0496441,,-1.56224
42.5503,138.966,-2.28475,,-1.68961
42.5603,137.209,-4.5811,,-1.81291
42.5703,135.328,-6.78116,,-1.93556
42.5803,133.327,-8.91701,,-2.05648
42.5903,131.205,-10.9517,,-2.17536
42.6004,128.963,-12.9077,,-2.29452
42.6104,126.605,-14.7489,,-2.4095
42.6203,124.135,-16.5203,,-2.52008
42.6303,121.553,-18.2009,,-2.63245
42.6403,118.861,-19.7806,,-2.74185
42.6503,116.061,-21.2844,,-2.84592
42.6604,113.157,-22.6954,,-2.94959
42.6704,110.154,-24.0205,,-3.04658
42.6803,107.051,-25.2741,,-3.15013
42.6903,103.848,-26.4231,,-3.24463
42.7003,100.553,-27.5167,,-3.33526
42.7103,97.17,-28.5126,,-3.42312
42.7203,93.6987,-29.4542,,-3.50928
42.7304,90.1425,-30.3212,,-3.59516
42.7403,86.5036,-31.1312,,-3.67409
42.7503,82.788,-31.8635,,-3.7486
42.7603,78.9977,-32.5518,,-3.82381
42.7703,75.137,-33.1721,,-3.89062
42.7803,71.2089,-33.7341,,-3.95846
42.7904,67.2158,-34.2539,,-4.02057
42.8003,63.1627,-34.7394,,-4.07938
42.8103,59.0533,-35.1784,,-4.13379
42.8203,54.8901,-35.5758,,-4.18588
42.8303,50.6787,-35.9448,,-4.23258
42.8403,46.42,-36.2668,,-4.27849
42.8504,42.1195,-36.5662,,-4.31843
42.8604,37.7816,-36.8262,,-4.35275
42.8703,33.4105,-37.0721,,-4.38616
42.8803,29.0086,-37.2836,,-4.41411
42.8903,24.5806,-37.4918,,-4.43882
42.9003,20.1311,-37.6517,,-4.45794
42.9104,15.6632,-37.8185,,-4.4745
42.9204,11.1808,-37.945,,-4.4884
42.9303,6.6884,-38.0532,,-4.49584
42.9403,2.19025,-38.1487,,-4.49946
42.9503,-2.30983,-38.2359,,-4.49962
42.9603,-6.80809,-38.3002,,-4.49607
42.9703,-11.2999,-38.3583,,-4.48828
42.9804,-15.7818,-38.3975,,-4.47583
42.9903,-20.2496,-38.418,,-4.46096
43.0003,-24.6994,-38.4302,,-4.44013
43.0103,-29.1263,-38.4262,,-4.41538
43.0203,-33.5271,-38.4174,,-4.38816
43.0303,-37.8977,-38.398,,-4.35539
43.0404,-42.2339,-38.3589,,-4.32029
43.0503,-46.5327,-38.3127,,-4.28068
43.0603,-50.7903,-38.2587,,-4.23786
43.0703,-55.0017,-38.19,,-4.18908
43.0803,-59.1624,-38.1161,,-4.13743
43.0903,-63.2703,-38.0322,,-4.08328
43.1004,-67.3223,-37.9331,,-4.02605
43.1104,-71.3138,-37.8269,,-3.96232
43.1203,-75.2401,-37.7041,,-3.89605
43.1303,-79.0989,-37.5758,,-3.82728
43.1403,-82.8856,-37.4414,,-3.75516
43.1503,-86.6004,-37.2857,,-3.6795
43.1604,-90.2348,-37.1347,,-3.59795
43.1704,-93.7886,-36.9608,,-3.51702
43.1803,-97.2582,-36.7917,,-3.4301
43.1903,-100.64,-36.593,,-3.34133
43.2003,-103.932,-36.3962,,-3.25136
43.2103,-107.13,-36.1836,,-3.15334
43.2203,-110.232,-35.9513,,-3.05864
43.2304,-113.235,-35.7214,,-2.95945
43.2403,-116.135,-35.4704,,-2.85131
43.2503,-118.93,-35.2018,,-2.74847
43.2603,-121.62,-34.9308,,-2.64174
43.2703,-124.202,-34.6289,,-2.53242
43.2803,-126.671,-34.3235,,-2.41528
43.2904,-129.021,-34.0139,,-2.29684
43.3003,-131.257,-33.66,,-2.18617
43.3103,-133.378,-33.3054,,-2.0668
43.3203,-135.378,-32.9113,,-1.94529
43.3303,-137.256,-32.5159,,-1.82224
43.3403,-139.008,-32.078,,-1.69673
43.3504,-140.638,-31.6244,,-1.57324
43.3604,-142.141,-31.1448,,-1.44546
43.3703,-143.515,-30.646,,-1.31684
43.3803,-144.761,-30.0876,,-1.18724
43.3903,-145.878,-29.5063,,-1.05783
43.4003,-146.861,-28.8751,,-0.922325
43.4104,-147.711,-28.1914,,-0.790994
43.4204,-148.429,-27.4659,,-0.658876
43.4303,-149.016,-26.6834,,-0.527203
43.4403,-149.467,-25.8413,,-0.387581
43.4503,-149.782,-24.9,,-0.256187
43.4603,-149.964,-23.8794,,-0.120539
43.4703,-150.009,-22.7641,,0.0147587
43.4804,-149.923,-21.5259,,0.146501
43.4903,-149.7,-20.1676,,0.283501
43.5003,-149.343,-18.6812,,0.417212
43.5103,-148.852,-17.0526,,0.552034
43.5203,-148.226,-15.2645,,0.687063
43.5303,-147.466,-13.3456,,0.818512
43.5404,-146.574,-11.2703,,0.952809
43.5503,-145.55,-9.07958,,1.0824
43.5603,-144.394,-6.78893,,1.21346
43.5703,-143.11,-4.45584,,1.34338
43.5803,-141.696,-2.08535,,1.4708
43.5903,-140.154,0.276027,,1.59975
43.6004,-138.486,2.60411,,1.72469
43.6104,-136.693,4.87474,,1.84822
43.6203,-134.778,7.07566,,1.96909
43.6303,-132.742,9.18391,,2.09062
43.6403,-130.586,11.2019,,2.20894
43.6503,-128.313,13.1341,,2.32562
43.6604,-125.925,14.9643,,2.43995
43.6704,-123.423,16.7049,,2.55235
43.6803,-120.809,18.3485,,2.66229
43.6903,-118.088,19.9266,,2.77047
43.7003,-115.259,21.3934,,2.87641
43.7103,-112.325,22.7899,,2.97831
43.7203,-109.293,24.1032,,3.07803
43.7304,-106.161,25.3151,,3.1754
43.7403,-102.933,26.471,,3.26959
43.7503,-99.6152,27.5246,,3.35795
43.7603,-96.2061,28.5171,,3.45012
43.7703,-92.7094,29.4296,,3.53332
43.7803,-89.1309,30.28,,3.61711
43.7904,-85.4709,31.0689,,3.69441
43.8003,-81.7331,31.797,,3.77004
43.8103,-77.9249,32.4514,,3.84146
43.8203,-74.0438,33.0663,,3.9122
43.8303,-70.0965,33.6125,,3.97567
43.8403,-66.0865,34.1265,,4.03739
43.8504,-62.0165,34.587,,4.09528
43.8604,-57.8926,35.0221,,4.14796
43.8703,-53.7151,35.4073,,4.20034
43.8803,-49.4886,35.7615,,4.24694
43.8903,-45.2187,36.0794,,4.28862
43.9003,-40.9082,36.3702,,4.32769
43.9104,-36.5606,36.6235,,4.36354
43.9204,-32.1802,36.855,,4.3938
43.9303,-27.7706,37.0753,,4.422
43.9403,-23.3358,37.2571,,4.44457
43.9503,-18.8798,37.4296,,4.46387
43.9603,-14.4078,37.5792,,4.47885
43.9703,-9.92268,37.702,,4.48959
43.9804,-5.42842,37.8104,,4.49745
43.9903,-0.929129,37.8936,,4.5004
44.0003,3.57098,37.9698,,4.49916
44.0103,8.06761,38.0389,,4.49377
44.0203,12.5575,38.0884,,4.4854
44.0303,17.0358,38.1258,,4.47273
44.0404,21.4983,38.1369,,4.4543
44.0503,25.9425,38.1558,,4.43448
44.0603,30.3624,38.1476,,4.40757
44.0703,34.7552,38.1308,,4.37975
44.0803,39.1167,38.1051,,4.34628
44.0903,43.4431,38.0743,,4.3094
44.1004,47.7304,38.0249,,4.26908
44.1104,51.9746,37.9647,,4.22356
44.1203,56.1723,37.8885,,4.17539
44.1303,60.3194,37.8075,,4.1237
44.1403,64.4132,37.7241,,4.06826
44.1503,68.4474,37.6144,,4.00628
44.1604,72.4205,37.5261,,3.94481
44.1704,76.3287,37.3837,,3.87802
44.1803,80.1673,37.273,,3.80582
44.1903,83.9329,37.1162,,3.73195
44.2003,87.6262,36.9743,,3.66153
44.2103,91.2405,36.8001,,3.57521
44.2203,94.7712,36.6347,,3.49385
44.2304,98.2159,36.4544,,3.40452
44.2403,101.573,36.2566,,3.31784
44.2503,104.839,36.0549,,3.22252
44.2603,108.01,35.8409,,3.12836
44.2703,111.085,35.6099,,3.02986
44.2803,114.058,35.361,,2.92717
44.2904,116.929,35.1102,,2.82523
44.3003,119.695,34.8492,,2.7161
44.3103,122.353,34.5525,,2.61222
44.3203,124.902,34.2688,,2.4933
44.3303,127.335,33.9571,,2.38609
44.3403,129.659,33.6156,,2.27109
44.3504,131.864,33.2753,,2.1513
44.3604,133.95,32.9106,,2.03209
44.3703,135.916,32.5201,,1.91141
44.3803,137.759,32.0991,,1.78888
44.3903,139.479,31.6782,,1.66239
44.4003,141.072,31.2135,,1.53661
44.4104,142.539,30.7235,,1.409
44.4204,143.877,30.1928,,1.28017
44.4303,145.086,29.6307,,1.15113
44.4403,146.165,29.0391,,1.01903
44.4503,147.112,28.4026,,0.887592
44.4603,147.927,27.7114,,0.755962
44.4703,148.608,26.9713,,0.620103
44.4804,149.156,26.1651,,0.488014
44.4903,149.569,25.2858,,0.352111
44.5003,149.848,24.3321,,0.218511
44.5103,149.989,23.2824,,0.0774055
44.5203,149.999,22.1334,,-0.0454491
44.5303,149.876,20.8646,,-0.186878
44.5404,149.614,19.4673,,-0.322204
44.5503,149.219,17.9375,,-0.455004
44.5603,148.688,16.2533,,-0.591992
44.5703,148.024,14.4291,,-0.722043
44.5803,147.229,12.4563,,-0.857284
44.5903,146.3,10.3486,,-0.986012
44.6004,145.241,8.12488,,-1.11766
44.6104,144.05,5.82308,,-1.25258
44.6203,142.727,3.46505,,-1.37964
44.6303,141.277,1.08438,,-1.50656
44.6403,139.701,-1.27419,,-1.63418
44.6503,137.997,-3.59112,,-1.75989
44.6604,136.17,-5.83725,,-1.8813
44.6704,134.222,-8.00822,,-2.00368
44.6803,132.151,-10.0942,,-2.1256
44.6903,129.961,-12.0999,,-2.24107
44.7003,127.657,-13.9925,,-2.35585
44.7103,125.235,-15.8106,,-2.47535
44.7203,122.699,-17.5413,,-2.58462
44.7304,120.056,-19.1585,,-2.69161
44.7403,117.304,-20.7101,,-2.80168
44.7503,114.445,-22.1582,,-2.90329
44.7603,111.487,-23.5172,,-3.00434
44.7703,108.425,-24.8138,,-3.10853
44.7803,105.264,-26.0091,,-3.20222
44.7904,102.012,-27.1357,,-3.29292
44.8003,98.6681,-28.1931,,-3.38583
44.8103,95.2332,-29.1529,,-3.47462
44.8203,91.7141,-30.0578,,-3.55573
44.8303,88.1125,-30.8827,,-3.63855
44.8403,84.4305,-31.6544,,-3.71675
44.8504,80.6723,-32.3516,,-3.7909
44.8604,76.8425,-33.0068,,-3.86129
44.8703,72.9441,-33.5974,,-3.92873
44.8803,68.9784,-34.1526,,-3.99523
44.8903,64.951,-34.6386,,-4.05311
44.9003,60.8658,-35.1025,,-4.11068
44.9104,56.726,-35.5046,,-4.16359
44.9204,52.5355,-35.8827,,-4.21149
44.9303,48.2974,-36.2313,,-4.26047
44.9403,44.0144,-36.5437,,-4.30033
44.9503,39.6925,-36.8261,,-4.33849
44.9603,35.3357,-37.0747,,-4.37151
44.9703,30.947,-37.3024,,-4.40176
44.9804,26.5301,-37.5037,,-4.42877
44.9903,22.0889,-37.6784,,-4.4507
45.0003,17.6285,-37.8486,,-4.46809
45.0103,13.1524,-37.9844,,-4.48196
45.0203,8.66395,-38.1109,,-4.49262
45.0303,4.16789,-38.2178,,-4.49905
45.0404,-0.332,-38.2995,,-4.49981
45.0503,-4.83163,-38.3706,,-4.4987
45.0603,-9.32682,-38.419,,-4.4921
45.0703,-13.8137,-38.4771,,-4.482
45.0803,-18.2877,-38.505,,-4.46699
45.0903,-22.7459,-38.5242,,-4.44936
45.1004,-27.1834,-38.5291,,-4.42752
45.1104,-31.5961,-38.5163,,-4.40034
45.1203,-35.9807,-38.4892,,-4.3712
45.1303,-40.333,-38.4587,,-4.33661
45.1403,-44.6493,-38.4387,,-4.29902
45.1503,-48.9249,-38.3739,,-4.2558
45.1604,-53.1561,-38.3192,,-4.2104
45.1704,-57.3402,-38.2386,,-4.16204
45.1803,-61.4727,-38.1648,,-4.1072
45.1903,-65.5492,-38.0583,,-4.05112
45.2003,-69.567,-37.9515,,-3.98997
45.2103,-73.5217,-37.8519,,-3.92569
45.2203,-77.4112,-37.7231,,-3.85851
45.2304,-81.2313,-37.5955,,-3.78887
45.2403,-84.9798,-37.4474,,-3.71398
45.2503,-88.6483,-37.2915,,-3.63122
45.2603,-92.2369,-37.1181,,-3.5537
45.2703,-95.7444,-36.9478,,-3.47013
45.2803,-99.1667,-36.7651,,-3.38163
45.2904,-102.498,-36.5697,,-3.29154
45.3003,-105.738,-36.3681,,-3.19452
45.3103,-108.88,-36.1437,,-3.10043
45.3203,-111.927,-35.9008,,-3.00163
45.3303,-114.871,-35.6636,,-2.8985
45.3403,-117.715,-35.4033,,-2.79648
45.3504,-120.45,-35.128,,-2.68632
45.3604,-123.078,-34.8464,,-2.5773
45.3703,-125.597,-34.538,,-2.47273
45.3803,-128.003,-34.2253,,-2.35026
45.3903,-130.29,-33.8942,,-2.23607
45.4003,-132.46,-33.5312,,-2.11692
45.4104,-134.512,-33.1675,,-1.99792
45.4204,-136.444,-32.7754,,-1.87694
45.4303,-138.254,-32.353,,-1.75391
45.4403,-139.939,-31.9039,,-1.62826
45.4503,-141.497,-31.4358,,-1.50246
45.4603,-142.928,-30.9397,,-1.37059
45.4703,-144.23,-30.4068,,-1.24624
45.4804,-145.402,-29.8406,,-1.11237
45.4903,-146.443,-29.2278,,-0.980512
45.5003,-147.352,-28.5707,,-0.851799
45.5103,-148.131,-27.855,,-0.718167
45.5203,-148.774,-27.0924,,-0.582934
45.5303,-149.286,-26.2709,,-0.452326
45.5404,-149.662,-25.3806,,-0.313614
45.5503,-149.902,-24.4134,,-0.180069
45.5603,-150.003,-23.3291,,-0.0391952
45.5703,-149.976,-22.1472,,0.0843433
45.5803,-149.816,-20.8412,,0.221523
45.5903,-149.518,-19.3973,,0.360777
45.6004,-149.084,-17.8233,,0.492934
45.6104,-148.516,-16.1046,,0.627641
45.6203,-147.816,-14.2395,,0.761865
45.6303,-146.98,-12.2391,,0.895639
45.6403,-146.015,-10.087,,1.02284
45.6503,-144.918,-7.83995,,1.15687
45.6604,-143.69,-5.49701,,1.28591
45.6704,-142.332,-3.13372,,1.41607
45.6803,-140.846,-0.743694,,1.54193
45.6903,-139.236,1.59477,,1.66757
45.7003,-137.499,3.8973,,1.79385
45.7103,-135.637,6.12695,,1.91611
45.7203,-133.653,8.29193,,2.03948
45.7304,-131.549,10.3539,,2.15699
45.7403,-129.328,12.3312,,2.27304
45.7503,-126.988,14.2185,,2.39386
45.7603,-124.535,16.0011,,2.5016
45.7703,-121.971,17.6943,,2.61433
45.7803,-119.298,19.3151,,2.7217
45.7904,-116.515,20.8332,,2.83148
45.8003,-113.626,22.2612,,2.93518
45.8103,-110.637,23.6196,,3.03347
45.8203,-107.549,24.8702,,3.13299
45.8303,-104.364,26.0557,,3.22821
45.8403,-101.084,27.1537,,3.32079
45.8504,-97.7136,28.1854,,3.40999
45.8604,-94.2568,29.1443,,3.49482
45.8703,-90.7143,30.0183,,3.58116
45.8803,-87.0873,30.8406,,3.66303
45.8903,-83.3849,31.5853,,3.73424
45.9003,-79.6086,32.2742,,3.81067
45.9104,-75.7586,32.8983,,3.88203
45.9204,-71.8393,33.4752,,3.9485
45.9303,-67.8562,34.0141,,4.01207
45.9403,-63.8123,34.4964,,4.06866
45.9503,-59.7115,34.9476,,4.12694
45.9603,-55.5562,35.3581,,4.17786
45.9703,-51.352,35.7141,,4.22552
45.9804,-47.1008,36.0477,,4.27173
45.9903,-42.8068,36.3413,,4.3111
46.0003,-38.4756,36.6183,,4.34739
46.0103,-34.1092,36.8491,,4.38114
46.0203,-29.7117,37.0779,,4.41032
46.0303,-25.2877,37.2811,,4.43459
46.0404,-20.8409,37.4608,,4.45624
46.0503,-16.3755,37.6102,,4.47244
46.0603,-11.8953,37.7541,,4.4857
46.0703,-7.4047,37.8561,,4.49426
46.0803,-2.90687,37.9543,,4.49936
46.0903,1.5932,38.0303,,4.50076
46.1004,6.09203,38.101,,4.49677
46.1104,10.5851,38.1536,,4.48924
46.1203,15.0689,38.2042,,4.4786
46.1303,19.5394,38.2255,,4.46303
46.1403,23.9916,38.2443,,4.44316
46.1503,28.4222,38.242,,4.41993
46.1604,32.8279,38.2322,,4.3933
46.1704,37.204,38.1981,,4.36159
46.1803,41.5468,38.1739,,4.32618
46.1903,45.8516,38.1268,,4.28707
46.2003,50.1153,38.0752,,4.24395
46.2103,54.3335,38.0092,,4.19659
46.2203,58.5029,37.937,,4.14631
46.2304,62.6198,37.8489,,4.09347
46.2403,66.6822,37.7481,,4.03582
46.2503,70.6831,37.6469,,3.97134
46.2603,74.6183,37.5226,,3.90649
46.2703,78.4885,37.402,,3.83953
46.2803,82.2883,37.2644,,3.76649
46.2904,86.0147,37.1283,,3.69154
46.3003,89.6613,36.9583,,3.61169
46.3103,93.2306,36.7907,,3.53143
46.3203,96.7124,36.6194,,3.44284
46.3303,100.11,36.4231,,3.3587
46.3403,103.415,36.228,,3.26182
46.3504,106.627,36.0149,,3.16989
46.3604,109.743,35.7964,,3.07213
46.3703,112.761,35.5528,,2.97353
46.3803,115.678,35.2996,,2.87061
46.3903,118.492,35.0407,,2.7666
46.4003,121.199,34.7626,,2.65854
46.4104,123.797,34.4755,,2.54675
46.4204,126.282,34.1707,,2.43639
46.4303,128.654,33.8453,,2.31838
46.4403,130.91,33.5047,,2.20353
46.4503,133.047,33.1468,,2.08393
46.4603,135.067,32.7661,,1.96617
46.4703,136.965,32.353,,1.84137
46.4804,138.738,31.936,,1.71747
46.4903,140.387,31.486,,1.59306
46.5003,141.91,31.0201,,1.46633
46.5103,143.306,30.5021,,1.33608
46.5203,144.571,29.9504,,1.20776
46.5303,145.707,29.3749,,1.07748
46.5404,146.712,28.7581,,0.944723
46.5503,147.584,28.0874,,0.813076
46.5603,148.326,27.3665,,0.681566
46.5703,148.931,26.5843,,0.545511
46.5803,149.404,25.7441,,0.412333
46.5903,149.743,24.8142,,0.278339
46.6004,149.945,23.8108,,0.138895
46.6104,150.008,22.7039,,6.35E-03
46.6203,149.945,21.4968,,-0.124634
46.6303,149.745,20.1519,,-0.26048
46.6403,149.409,18.6754,,-0.397688
46.6503,148.938,17.0534,,-0.530302
46.6604,148.335,15.2845,,-0.662891
46.6704,147.597,13.3724,,-0.800739
46.6803,146.724,11.3191,,-0.9303
46.6903,145.723,9.14322,,-1.0596
46.7003,144.59,6.86104,,-1.19316
46.7103,143.325,4.51659,,-1.32329
46.7203,141.93,2.1404,,-1.45343
46.7304,140.408,-0.242623,,-1.57748
46.7403,138.761,-2.59142,,-1.70365
46.7503,136.988,-4.87678,,-1.83009
46.7603,135.092,-7.08462,,-1.94922
46.7703,133.076,-9.22128,,-2.071
46.7803,130.94,-11.2733,,-2.1897
46.7904,128.685,-13.211,,-2.30619
46.8003,126.316,-15.0737,,-2.42281
46.8103,123.828,-16.8405,,-2.53783
46.8203,121.232,-18.5152,,-2.64417
46.8303,118.529,-20.1101,,-2.75237
46.8403,115.716,-21.6083,,-2.86161
46.8504,112.798,-23.0221,,-2.96284
46.8604,109.78,-24.3472,,-3.06219
46.8703,106.666,-25.5888,,-3.15791
46.8803,103.455,-26.7498,,-3.25349
46.8903,100.149,-27.818,,-3.34724
46.9003,96.7534,-28.8342,,-3.43575
46.9104,93.2707,-29.7664,,-3.52145
46.9204,89.7038,-30.6286,,-3.60229
46.9303,86.0578,-31.4381,,-3.68246
46.9403,82.3335,-32.1672,,-3.75722
46.9503,78.535,-32.8351,,-3.83205
46.9603,74.6652,-33.4421,,-3.89978
46.9703,70.7289,-34.0114,,-3.96602
46.9804,66.7287,-34.5276,,-4.0278
46.9903,62.6681,-35.0179,,-4.08613
47.0003,58.5526,-35.4431,,-4.13928
47.0103,54.3837,-35.8414,,-4.19246
47.0203,50.1653,-36.1804,,-4.23942
47.0303,45.9014,-36.5114,,-4.28269
47.0404,41.5967,-36.8036,,-4.32257
47.0503,37.2548,-37.0662,,-4.35712
47.0603,32.8794,-37.3052,,-4.38937
47.0703,28.4747,-37.5201,,-4.41723
47.0803,24.0437,-37.7028,,-4.44121
47.0903,19.5918,-37.8744,,-4.46082
47.1004,15.1214,-38.0239,,-4.47683
47.1104,10.6377,-38.1515,,-4.48902
47.1203,6.14455,-38.2616,,-4.49613
47.1303,1.64586,-38.3615,,-4.50028
47.1403,-2.85414,-38.4283,,-4.4991
47.1503,-7.35196,-38.5034,,-4.49532
47.1604,-11.8429,-38.5458,,-4.48749
47.1704,-16.3232,-38.5886,,-4.47416
47.1803,-20.7888,-38.6106,,-4.45778
47.1903,-25.2357,-38.6188,,-4.4373
47.2003,-29.66,-38.6188,,-4.41277
47.2103,-34.0571,-38.5901,,-4.38431
47.2203,-38.4243,-38.5639,,-4.35175
47.2304,-42.7567,-38.5306,,-4.31688
47.2403,-47.0513,-38.4841,,-4.27524
47.2503,-51.3024,-38.4363,,-4.23122
47.2603,-55.5075,-38.3649,,-4.18318
47.2703,-59.6627,-38.293,,-4.13122
47.2803,-63.7635,-38.1877,,-4.07603
47.2904,-67.8087,-38.0982,,-4.01844
47.3003,-71.7916,-37.9854,,-3.95373
47.3103,-75.7099,-37.858,,-3.88852
47.3203,-79.5608,-37.7446,,-3.81965
47.3303,-83.3396,-37.6025,,-3.74489
47.3403,-87.0436,-37.4415,,-3.6716
47.3504,-90.6703,-37.2816,,-3.58826
47.3604,-94.2137,-37.1028,,-3.5066
47.3703,-97.6732,-36.9305,,-3.42021
47.3803,-101.043,-36.739,,-3.32919
47.3903,-104.324,-36.5359,,-3.23984
47.4003,-107.512,-36.3215,,-3.14474
47.4104,-110.601,-36.0921,,-3.04403
47.4204,-113.592,-35.8501,,-2.94522
47.4303,-116.478,-35.5912,,-2.83985
47.4403,-119.263,-35.3267,,-2.73745
47.4503,-121.938,-35.0585,,-2.62474
47.4603,-124.504,-34.7523,,-2.51827
47.4703,-126.958,-34.4459,,-2.40097
47.4804,-129.298,-34.1222,,-2.28954
47.4903,-131.521,-33.7705,,-2.16833
47.5003,-133.625,-33.3939,,-2.05174
47.5103,-135.611,-33.0222,,-1.93045
47.5203,-137.473,-32.609,,-1.80649
47.5303,-139.212,-32.1788,,-1.68378
47.5404,-140.827,-31.7196,,-1.55683
47.5503,-142.314,-31.2348,,-1.43119
47.5603,-143.674,-30.7182,,-1.30149
47.5703,-144.903,-30.1531,,-1.16964
47.5803,-146.002,-29.5715,,-1.04002
47.5903,-146.969,-28.9321,,-0.908542
47.6004,-147.805,-28.2399,,-0.775248
47.6104,-148.507,-27.5098,,-0.643279
47.6203,-149.077,-26.707,,-0.508995
47.6303,-149.512,-25.8502,,-0.373865
47.6403,-149.811,-24.9011,,-0.238423
47.6503,-149.976,-23.8697,,-0.103381
47.6604,-150.006,-22.7303,,0.0277296
47.6704,-149.903,-21.4795,,0.16471
47.6803,-149.666,-20.1062,,0.29773
47.6903,-149.291,-18.5898,,0.436191
47.7003,-148.782,-16.9326,,0.568313
47.7103,-148.141,-15.1146,,0.702296
47.7203,-147.364,-13.1711,,0.836066
47.7304,-146.458,-11.0653,,0.965534
47.7403,-145.419,-8.85698,,1.09802
47.7503,-144.247,-6.55042,,1.23124
47.7603,-142.946,-4.1969,,1.35956
47.7703,-141.515,-1.81095,,1.48784
47.7803,-139.958,0.572527,,1.61365
47.7904,-138.276,2.89707,,1.73877
47.8003,-136.47,5.17633,,1.86122
47.8103,-134.54,7.38363,,1.98465
47.8203,-132.489,9.48688,,2.1052
47.8303,-130.319,11.5094,,2.22309
47.8403,-128.029,13.4432,,2.34664
47.8504,-125.624,15.2816,,2.4505
47.8604,-123.112,17.0136,,2.56283
47.8703,-120.485,18.673,,2.67748
47.8803,-117.749,20.248,,2.78318
47.8903,-114.908,21.7145,,2.88769
47.9003,-111.964,23.1112,,2.99036
47.9104,-108.918,24.4153,,3.09186
47.9204,-105.773,25.6427,,3.18744
47.9303,-102.535,26.7799,,3.27894
47.9403,-99.206,27.8347,,3.37023
47.9503,-95.786,28.8284,,3.45925
47.9603,-92.2816,29.7378,,3.54134
47.9703,-88.6927,30.5762,,3.62812
47.9804,-85.0218,31.3614,,3.70412
47.9903,-81.2758,32.0822,,3.78059
48.0003,-77.4568,32.7336,,3.84991
48.0103,-73.569,33.3388,,3.9186
48.0203,-69.6141,33.8871,,3.98358
48.0303,-65.5967,34.3906,,4.04447
48.0404,-61.5208,34.8527,,4.10125
48.0503,-57.3886,35.2736,,4.15608
48.0603,-53.2063,35.6558,,4.20422
48.0703,-48.9747,36.0021,,4.25218
48.0803,-44.6995,36.3155,,4.29442
48.0903,-40.3837,36.5998,,4.33211
48.1004,-36.0325,36.8551,,4.36718
48.1104,-31.648,37.0889,,4.39796
48.1203,-27.235,37.294,,4.42428
48.1303,-22.7981,37.4755,,4.44676
48.1403,-18.3401,37.6391,,4.46579
48.1503,-13.866,37.7753,,4.48104
48.1604,-9.37924,37.9001,,4.4912
48.1704,-4.88408,38.0076,,4.49755
48.1803,-0.384696,38.1043,,4.49999
48.1903,4.1152,38.1805,,4.49904
48.2003,8.61121,38.2304,,4.49377
48.2103,13.0999,38.2776,,4.48335
48.2203,17.5765,38.2923,,4.47056
48.2304,22.0371,38.3133,,4.45208
48.2403,26.4778,38.3274,,4.43077
48.2503,30.895,38.3297,,4.40549
48.2603,35.2848,38.3152,,4.37583
48.2703,39.6425,38.2819,,4.34262
48.2803,43.9645,38.2425,,4.30439
48.2904,48.247,38.1852,,4.26401
48.3003,52.4852,38.1242,,4.21748
48.3103,56.6771,38.0455,,4.16975
48.3203,60.818,37.9735,,4.1162
48.3303,64.9034,37.8803,,4.06014
48.3403,68.9312,37.7791,,4.00083
48.3504,72.8967,37.6715,,3.93567
48.3604,76.7961,37.5374,,3.86952
48.3703,80.6266,37.4223,,3.79839
48.3803,84.3845,37.2645,,3.72478
48.3903,88.0697,37.116,,3.65027
48.4003,91.6728,36.9513,,3.56437
48.4104,95.1905,36.7746,,3.48125
48.4204,98.626,36.5918,,3.39758
48.4303,101.974,36.3917,,3.3055
48.4403,105.228,36.1889,,3.21164
48.4503,108.387,35.9691,,3.11599
48.4603,111.451,35.7428,,3.01887
48.4703,114.412,35.4918,,2.91443
48.4804,117.269,35.2428,,2.81022
48.4903,120.022,34.9664,,2.70511
48.5003,122.666,34.6765,,2.5959
48.5103,125.204,34.382,,2.48898
48.5203,127.627,34.0654,,2.36936
48.5303,129.935,33.7259,,2.2551
48.5404,132.124,33.3763,,2.1361
48.5503,134.194,33.0138,,2.0156
48.5603,136.145,32.6124,,1.89779
48.5703,137.974,32.196,,1.77225
48.5803,139.676,31.7626,,1.64689
48.5903,141.256,31.299,,1.52265
48.6004,142.708,30.7958,,1.39345
48.6104,144.03,30.2672,,1.26488
48.6203,145.223,29.6898,,1.13429
48.6303,146.286,29.1,,1.00425
48.6403,147.218,28.4519,,0.872956
48.6503,148.017,27.7643,,0.736588
48.6604,148.681,27.0018,,0.605414
48.6704,149.212,26.1948,,0.470797
48.6803,149.609,25.2928,,0.336759
48.6903,149.872,24.323,,0.201672
48.7003,149.998,23.2514,,0.0634686
48.7103,149.991,22.0875,,-0.0641962
48.7203,149.851,20.8039,,-0.201924
48.7304,149.574,19.3939,,-0.338502
48.7403,149.162,17.841,,-0.471688
48.7503,148.616,16.1353,,-0.607079
48.7603,147.937,14.2739,,-0.738424
48.7703,147.124,12.271,,-0.873175
48.7803,146.178,10.1275,,-1.00479
48.7904,145.103,7.87587,,-1.1326
48.8003,143.897,5.55597,,-1.26652
48.8103,142.559,3.2013,,-1.39678
48.8203,141.092,0.805299,,-1.52323
48.8303,139.501,-1.56059,,-1.64737
48.8403,137.783,-3.8899,,-1.77495
48.8504,135.941,-6.14401,,-1.8967
48.8604,133.977,-8.32494,,-2.01895
48.8703,131.892,-10.4166,,-2.13826
48.8803,129.688,-12.4205,,-2.25782
48.8903,127.369,-14.3183,,-2.36897
48.9003,124.936,-16.1379,,-2.48514
48.9104,122.388,-17.856,,-2.59838
48.9204,119.73,-19.4762,,-2.70576
48.9303,116.964,-21.0321,,-2.81599
48.9403,114.093,-22.4825,,-2.91404
48.9503,111.122,-23.856,,-3.01931
48.9603,108.047,-25.1504,,-3.11842
48.9703,104.877,-26.3459,,-3.21252
48.9804,101.613,-27.4601,,-3.30599
48.9903,98.2562,-28.5008,,-3.39769
49.0003,94.8118,-29.4614,,-3.48171
49.0103,91.2835,-30.3508,,-3.5675
49.0203,87.6692,-31.1846,,-3.65019
49.0303,83.9785,-31.955,,-3.72424
49.0404,80.2135,-32.652,,-3.79811
49.0503,76.375,-33.2926,,-3.87022
49.0603,72.4674,-33.8853,,-3.93805
49.0703,68.4944,-34.4174,,-4.00115
49.0803,64.46,-34.9058,,-4.06087
49.0903,60.3685,-35.3564,,-4.11656
49.1004,56.2227,-35.7729,,-4.16889
49.1104,52.0262,-36.1309,,-4.21943
49.1203,47.7811,-36.4791,,-4.26502
49.1303,43.4939,-36.7816,,-4.30497
49.1403,39.1676,-37.0546,,-4.34259
49.1503,34.8065,-37.3014,,-4.37589
49.1604,30.4137,-37.5197,,-4.40555
49.1704,25.9938,-37.734,,-4.43129
49.1803,21.5508,-37.9005,,-4.45205
49.1903,17.0883,-38.0532,,-4.4709
49.2003,12.6098,-38.1959,,-4.48415
49.2103,8.12004,-38.3099,,-4.4929
49.2203,3.62346,-38.4067,,-4.49933
49.2304,-0.876476,-38.4947,,-4.5003
49.2403,-5.37578,-38.5721,,-4.49776
49.2503,-9.87008,-38.6264,,-4.4907
49.2603,-14.3557,-38.6672,,-4.48053
49.2703,-18.8281,-38.6873,,-4.4658
49.2803,-23.2841,-38.7038,,-4.44665
49.2904,-27.719,-38.6969,,-4.42498
49.3003,-32.1287,-38.6976,,-4.39663
49.3103,-36.5088,-38.6706,,-4.36645
49.3203,-40.8569,-38.6431,,-4.33247
49.3303,-45.1684,-38.6042,,-4.29366
49.3403,-49.4401,-38.5481,,-4.25253
49.3504,-53.666,-38.4901,,-4.20355
49.3604,-57.8429,-38.404,,-4.15505
49.3703,-61.9685,-38.3269,,-4.10059
49.3803,-66.0375,-38.2196,,-4.04318
49.3903,-70.0479,-38.1166,,-3.98284
49.4003,-73.9963,-38.0039,,-3.91931
49.4104,-77.8776,-37.8825,,-3.84983
49.4204,-81.6875,-37.7377,,-3.77656
49.4303,-85.426,-37.5911,,-3.70569
49.4403,-89.0854,-37.4425,,-3.62263
49.4503,-92.6654,-37.2597,,-3.54489
49.4603,-96.1638,-37.1,,-3.45948
49.4703,-99.5742,-36.9069,,-3.36926
49.4804,-102.893,-36.7113,,-3.27789
49.4903,-106.121,-36.4952,,-3.18655
49.5003,-109.254,-36.2725,,-3.08842
49.5103,-112.288,-36.0375,,-2.99095
49.5203,-115.223,-35.7925,,-2.88686
49.5303,-118.052,-35.5251,,-2.78055
49.5404,-120.774,-35.2608,,-2.67545
49.5503,-123.389,-34.9646,,-2.56425
49.5603,-125.888,-34.6541,,-2.44899
49.5703,-128.281,-34.339,,-2.34422
49.5803,-130.558,-34.0004,,-2.22107
49.5903,-132.714,-33.6367,,-2.10269
49.6004,-134.753,-33.2662,,-1.98585
49.6104,-136.67,-32.866,,-1.86045
49.6203,-138.464,-32.4488,,-1.73904
49.6303,-140.133,-32.0006,,-1.61244
49.6403,-141.677,-31.5311,,-1.48733
49.6503,-143.093,-31.0168,,-1.35654
49.6604,-144.38,-30.4781,,-1.22943
49.6704,-145.535,-29.8961,,-1.09678
49.6803,-146.561,-29.284,,-0.966716
49.6903,-147.454,-28.6226,,-0.832687
49.7003,-148.214,-27.9128,,-0.701336
49.7103,-148.843,-27.1321,,-0.569479
49.7203,-149.338,-26.3057,,-0.433703
49.7304,-149.698,-25.3882,,-0.30004
49.7403,-149.923,-24.3898,,-0.1615
49.7503,-150.008,-23.2979,,-0.0258601
49.7603,-149.965,-22.0995,,0.10198
49.7703,-149.788,-20.7827,,0.238771
49.7803,-149.472,-19.3249,,0.378212
49.7904,-149.022,-17.7253,,0.509015
49.8003,-148.438,-15.9821,,0.643819
49.8103,-147.722,-14.0798,,0.775839
49.8203,-146.873,-12.0349,,0.908795
49.8303,-145.891,-9.87221,,1.042
49.8403,-144.777,-7.58865,,1.17363
49.8504,-143.532,-5.24791,,1.30121
49.8604,-142.161,-2.8589,,1.43013
49.8703,-140.659,-0.472627,,1.55834
49.8803,-139.032,1.88883,,1.68466
49.8903,-137.279,4.19945,,1.80863
49.9003,-135.403,6.4396,,1.93115
49.9104,-133.405,8.60649,,2.05249
49.9204,-131.287,10.6693,,2.17028
49.9303,-129.05,12.644,,2.29246
49.9403,-126.697,14.5339,,2.40342
49.9503,-124.23,16.3171,,2.51587
49.9603,-121.653,18.0118,,2.62716
49.9703,-118.966,19.6411,,2.73683
49.9804,-116.171,21.1543,,2.84193
49.9903,-113.27,22.592,,2.94757
50.0003,-110.268,23.942,,3.04613
50.0103,-107.169,25.1898,,3.14252
50.0203,-103.972,26.378,,3.24182
50.0303,-100.68,27.4738,,3.33264
50.0404,-97.2985,28.5017,,3.42046
50.0503,-93.831,29.4497,,3.50641
50.0603,-90.2787,30.3191,,3.58864
50.0703,-86.6446,31.1351,,3.66988
50.0803,-82.932,31.8654,,3.74695
50.0903,-79.1448,32.5513,,3.82081
50.1004,-75.2857,33.1786,,3.88919
50.1104,-71.3603,33.7527,,3.95512
50.1203,-67.37,34.2771,,4.01819
50.1303,-63.3196,34.766,,4.07631
50.1403,-59.2116,35.203,,4.13317
50.1503,-55.0503,35.6022,,4.18405
50.1604,-50.8398,35.9567,,4.23188
50.1704,-46.5831,36.2832,,4.27609
50.1803,-42.2848,36.5816,,4.31547
50.1903,-37.9492,36.8409,,4.35192
50.2003,-33.5786,37.0915,,4.38474
50.2103,-29.1782,37.2988,,4.41336
50.2203,-24.7512,37.4965,,4.43768
50.2304,-20.3018,37.6669,,4.45819
50.2403,-15.8344,37.8179,,4.4743
50.2503,-11.3525,37.9414,,4.48707
50.2603,-6.86067,38.0614,,4.49553
50.2703,-2.36251,38.1472,,4.49932
50.2803,2.13766,38.239,,4.5006
50.2904,6.63591,38.294,,4.49609
50.3003,11.1284,38.3527,,4.48874
50.3103,15.6105,38.3813,,4.47605
50.3203,20.0788,38.408,,4.46093
50.3303,24.5291,38.4165,,4.44165
50.3403,28.9573,38.424,,4.41664
50.3504,33.3594,38.4078,,4.38926
50.3604,37.7312,38.3776,,4.35682
50.3703,42.0689,38.34,,4.32169
50.3803,46.3696,38.2903,,4.28335
50.3903,50.6286,38.2444,,4.23758
50.4003,54.8403,38.1708,,4.19066
50.4104,59.004,38.0944,,4.14112
50.4204,63.1152,38.0109,,4.08594
50.4303,67.1686,37.915,,4.02666
50.4403,71.1619,37.8028,,3.96567
50.4503,75.0911,37.6784,,3.89821
50.4603,78.9518,37.5521,,3.82932
50.4703,82.7417,37.4125,,3.75809
50.4804,86.4592,37.2657,,3.68245
50.4903,90.0961,37.1135,,3.60024
50.5003,93.6533,36.9377,,3.5205
50.5103,97.1264,36.7567,,3.43398
50.5203,100.512,36.5622,,3.34515
50.5303,103.808,36.3561,,3.25551
50.5404,107.01,36.1477,,3.15938
50.5503,110.116,35.9199,,3.06085
50.5603,113.122,35.6781,,2.96063
50.5703,116.025,35.4282,,2.85593
50.5803,118.825,35.1677,,2.75428
50.5903,121.519,34.8883,,2.64287
50.6004,124.101,34.5919,,2.53409
50.6104,126.577,34.2959,,2.42476
50.6203,128.933,33.9524,,2.3032
50.6303,131.175,33.6085,,2.18902
50.6403,133.299,33.255,,2.07057
50.6503,135.303,32.8681,,1.95036
50.6604,137.187,32.4492,,1.82903
50.6704,138.946,32.0292,,1.7014
50.6803,140.578,31.575,,1.57539
50.6903,142.084,31.0981,,1.44936
50.7003,143.463,30.5775,,1.32187
50.7103,144.715,30.029,,1.19282
50.7203,145.835,29.446,,1.06161
50.7304,146.825,28.8129,,0.929477
50.7403,147.681,28.1363,,0.796909
50.7503,148.405,27.4059,,0.663867
50.7603,148.995,26.6113,,0.530068
50.7703,149.452,25.7583,,0.396528
50.7803,149.774,24.818,,0.260873
50.7904,149.958,23.8081,,0.119362
50.8003,150.005,22.6764,,-6.14E-03
50.8103,149.928,21.4444,,-0.139203
50.8203,149.712,20.0836,,-0.279673
50.8303,149.359,18.5787,,-0.411428
50.8403,148.872,16.9368,,-0.548178
50.8504,148.251,15.141,,-0.680699
50.8604,147.498,13.2011,,-0.813581
50.8703,146.61,11.1211,,-0.94813
50.8803,145.591,8.91105,,-1.0772
50.8903,144.441,6.62231,,-1.20872
50.9003,143.161,4.25634,,-1.33896
50.9104,141.752,1.857,,-1.4664
50.9204,140.215,-0.53957,,-1.59208
50.9303,138.554,-2.89236,,-1.71926
50.9403,136.765,-5.18125,,-1.84526
50.9503,134.854,-7.39881,,-1.96458
50.9603,132.823,-9.53278,,-2.08549
50.9703,130.672,-11.5843,,-2.20496
50.9804,128.403,-13.5357,,-2.32145
50.9903,126.018,-15.3939,,-2.43426
51.0003,123.521,-17.169,,-2.54842
51.0103,120.911,-18.8458,,-2.66022
51.0203,118.192,-20.4372,,-2.76719
51.0303,115.366,-21.9335,,-2.87207
51.0404,112.44,-23.3382,,-2.97332
51.0503,109.41,-24.6683,,-3.0743
51.0603,106.283,-25.9044,,-3.16954
51.0703,103.06,-27.0715,,-3.26597
51.0803,99.7421,-28.15,,-3.35951
51.0903,96.3353,-29.1493,,-3.44499
51.1004,92.8442,-30.0802,,-3.53013
51.1104,89.2676,-30.9404,,-3.6127
51.1203,85.6112,-31.7259,,-3.69191
51.1303,81.8791,-32.4525,,-3.76557
51.1403,78.0709,-33.1187,,-3.84131
51.1503,74.1931,-33.7298,,-3.90823
51.1604,70.248,-34.284,,-3.97392
51.1704,66.2401,-34.8005,,-4.03492
51.1803,62.1734,-35.2679,,-4.09255
51.1903,58.0506,-35.6993,,-4.14647
51.2003,53.8763,-36.0819,,-4.19738
51.2103,49.6521,-36.441,,-4.24578
51.2203,45.3824,-36.7522,,-4.28771
51.2304,41.073,-37.0342,,-4.32682
51.2403,36.7274,-37.2942,,-4.36128
51.2503,32.3481,-37.5319,,-4.3929
51.2603,27.9399,-37.7418,,-4.42027
51.2703,23.5058,-37.9276,,-4.44379
51.2803,19.0514,-38.0843,,-4.46325
51.2904,14.5796,-38.2301,,-4.47829
51.3003,10.0945,-38.3526,,-4.49012
51.3103,5.60072,-38.4676,,-4.49643
51.3203,1.10134,-38.5531,,-4.50025
51.3303,-3.39852,-38.6313,,-4.49962
51.3403,-7.89565,-38.6907,,-4.49413
51.3504,-12.3855,-38.7385,,-4.48602
51.3604,-16.8645,-38.7766,,-4.47251
51.3703,-21.3279,-38.7898,,-4.4555
51.3803,-25.7721,-38.7927,,-4.43439
51.3903,-30.1936,-38.7927,,-4.40999
51.4003,-34.5881,-38.7745,,-4.38108
51.4104,-38.9507,-38.7465,,-4.34735
51.4204,-43.2786,-38.709,,-4.31058
51.4303,-47.5667,-38.6578,,-4.27054
51.4403,-51.8129,-38.5964,,-4.22537
51.4503,-56.0119,-38.5206,,-4.17708
51.4603,-60.1618,-38.4454,,-4.12656
51.4703,-64.2571,-38.3477,,-4.06893
51.4804,-68.2939,-38.2619,,-4.00968
51.4903,-72.2689,-38.1399,,-3.94667
51.5003,-76.1803,-38.0214,,-3.88168
51.5103,-80.0226,-37.8845,,-3.81018
51.5203,-83.7937,-37.7419,,-3.73781
51.5303,-87.4892,-37.5853,,-3.65994
51.5404,-91.1024,-37.4225,,-3.57647
51.5503,-94.6366,-37.2546,,-3.49737
51.5603,-98.0845,-37.0762,,-3.40817
51.5703,-101.445,-36.8822,,-3.32004
51.5803,-104.716,-36.6673,,-3.22986
51.5903,-107.891,-36.4562,,-3.13084
51.6004,-110.969,-36.2149,,-3.03374
51.6104,-113.946,-35.975,,-2.93021
51.6203,-116.82,-35.7202,,-2.82932
51.6303,-119.592,-35.4556,,-2.72246
51.6403,-122.253,-35.1778,,-2.61212
51.6503,-124.804,-34.8724,,-2.50005
51.6604,-127.245,-34.5587,,-2.39344
51.6704,-129.574,-34.2286,,-2.27465
51.6803,-131.782,-33.874,,-2.15388
51.6903,-133.871,-33.5051,,-2.03485
51.7003,-135.841,-33.1271,,-1.91812
51.7103,-137.691,-32.7121,,-1.79349
51.7203,-139.417,-32.2688,,-1.66906
51.7304,-141.015,-31.8111,,-1.53987
51.7403,-142.485,-31.3109,,-1.41381
51.7503,-143.827,-30.7858,,-1.28225
51.7603,-145.041,-30.2302,,-1.15747
51.7703,-146.125,-29.6362,,-1.02599
51.7803,-147.079,-28.9822,,-0.892567
51.7904,-147.898,-28.2932,,-0.760267
51.8003,-148.585,-27.5425,,-0.625732
51.8103,-149.137,-26.7332,,-0.492319
51.8203,-149.555,-25.8618,,-0.357268
51.8303,-149.839,-24.8989,,-0.224089
51.8403,-149.987,-23.8492,,-0.0858302
51.8504,-150.002,-22.6977,,0.0443944
51.8604,-149.882,-21.4298,,0.180279
51.8703,-149.628,-20.0332,,0.315232
51.8803,-149.237,-18.4902,,0.453143
51.8903,-148.71,-16.8004,,0.58479
51.9003,-148.055,-14.9631,,0.716307
51.9104,-147.262,-12.9867,,0.853124
51.9204,-146.337,-10.8625,,0.98247
51.9303,-145.283,-8.62957,,1.11368
51.9403,-144.096,-6.29575,,1.2464
51.9503,-142.78,-3.91806,,1.37488
51.9603,-141.335,-1.52283,,1.50032
51.9703,-139.764,0.86813,,1.629
51.9804,-138.065,3.20232,,1.75605
51.9903,-136.242,5.48735,,1.87696
52.0003,-134.298,7.69127,,1.9993
52.0103,-132.232,9.81528,,2.11962
52.0203,-130.048,11.8259,,2.23749
52.0303,-127.746,13.7626,,2.35335
52.0404,-125.328,15.5971,,2.47073
52.0503,-122.798,17.3429,,2.57851
52.0603,-120.159,19.0104,,2.68798
52.0703,-117.411,20.5662,,2.79618
52.0803,-114.558,22.056,,2.89889
52.0903,-111.601,23.4394,,3.00593
52.1004,-108.542,24.7313,,3.10179
52.1104,-105.388,25.956,,3.19616
52.1203,-102.139,27.1004,,3.29091
52.1303,-98.7973,28.1567,,3.38279
52.1403,-95.3664,29.1476,,3.47027
52.1503,-91.8491,30.0545,,3.5554
52.1604,-88.2485,30.8899,,3.63646
52.1704,-84.571,31.6564,,3.71151
52.1803,-80.8175,32.3725,,3.78707
52.1903,-76.9906,33.0087,,3.85934
52.2003,-73.0937,33.6218,,3.92645
52.2103,-69.132,34.1591,,3.99101
52.2203,-65.1065,34.6668,,4.0521
52.2304,-61.0237,35.1183,,4.10839
52.2403,-56.885,35.5309,,4.16167
52.2503,-52.6974,35.9077,,4.20961
52.2603,-48.4603,36.2514,,4.25826
52.2703,-44.179,36.5583,,4.29971
52.2803,-39.859,36.8467,,4.33629
52.2904,-35.5032,37.0836,,4.37132
52.3003,-31.1153,37.3103,,4.40039
52.3103,-26.6995,37.5205,,4.42767
52.3203,-22.2597,37.694,,4.4497
52.3303,-17.7996,37.8534,,4.46748
52.3403,-13.3237,37.9967,,4.48244
52.3504,-8.83596,38.1131,,4.4918
52.3604,-4.34001,38.2141,,4.49847
52.3703,0.159671,38.2993,,4.49988
52.3803,4.6595,38.3664,,4.49881
52.3903,9.15488,38.4248,,4.49287
52.4003,13.6423,38.4656,,4.48215
52.4104,18.117,38.4936,,4.46782
52.4204,22.5752,38.5141,,4.44981
52.4303,27.0137,38.5094,,4.42813
52.4403,31.4275,38.5095,,4.40224
52.4503,35.8137,38.4813,,4.37195
52.4603,40.1672,38.4564,,4.33799
52.4703,44.484,38.4098,,4.2997
52.4804,48.7616,38.3588,,4.25801
52.4903,52.9953,38.2951,,4.21374
52.5003,57.1814,38.2182,,4.16223
52.5103,61.3151,38.1311,,4.11018
52.5203,65.3946,38.0492,,4.05345
52.5303,69.4149,37.9344,,3.9932
52.5404,73.3727,37.8222,,3.92764
52.5503,77.2634,37.6941,,3.86054
52.5603,81.0858,37.5613,,3.78955
52.5703,84.8339,37.4179,,3.71609
52.5803,88.5097,37.2698,,3.6398
52.5903,92.1023,37.0998,,3.55406
52.6004,95.6108,36.9222,,3.47141
52.6104,99.0351,36.7331,,3.38574
52.6203,102.37,36.5347,,3.29348
52.6303,105.614,36.3197,,3.20111
52.6403,108.761,36.104,,3.10423
52.6503,111.812,35.8781,,3.00564
52.6604,114.762,35.6263,,2.90481
52.6704,117.609,35.3713,,2.79822
52.6803,120.348,35.0958,,2.69086
52.6903,122.98,34.8006,,2.58327
52.7003,125.505,34.4933,,2.47511
52.7103,127.911,34.1798,,2.35246
52.7203,130.203,33.8418,,2.24133
52.7304,132.38,33.4922,,2.12254
52.7403,134.436,33.1215,,2.00177
52.7503,136.371,32.7148,,1.88207
52.7603,138.186,32.2908,,1.75824
52.7703,139.874,31.8485,,1.63173
52.7803,141.437,31.3844,,1.50603
52.7904,142.874,30.8874,,1.38023
52.8003,144.184,30.3416,,1.25013
52.8103,145.359,29.7715,,1.11652
52.8203,146.405,29.1569,,0.9881
52.8303,147.32,28.5064,,0.85415
52.8403,148.102,27.7927,,0.722607
52.8504,148.752,27.0368,,0.590474
52.8604,149.269,26.2076,,0.456104
52.8703,149.649,25.3008,,0.318606
52.8803,149.894,24.3244,,0.184986
52.8903,150.003,23.2476,,0.0473727
52.9003,149.981,22.0537,,-0.0795398
52.9104,149.825,20.7467,,-0.219679
52.9204,149.53,19.3029,,-0.354535
52.9303,149.102,17.7185,,-0.488976
52.9403,148.54,15.9955,,-0.621746
52.9503,147.846,14.1117,,-0.753885
52.9603,147.016,12.0887,,-0.890606
52.9703,146.055,9.92417,,-1.0191
52.9804,144.962,7.65058,,-1.15209
52.9903,143.74,5.31029,,-1.28116
53.0003,142.387,2.91375,,-1.41054
53.0103,140.906,0.512705,,-1.53816
53.0203,139.299,-1.8691,,-1.66405
53.0303,137.566,-4.19759,,-1.78738
53.0404,135.71,-6.44632,,-1.91391
53.0503,133.73,-8.63124,,-2.03299
53.0603,131.632,-10.7261,,-2.15165
53.0703,129.415,-12.7345,,-2.26957
53.0803,127.078,-14.6378,,-2.38978
53.0903,124.632,-16.4592,,-2.49514
53.1004,122.071,-18.1859,,-2.61277
53.1104,119.399,-19.8103,,-2.71957
53.1203,116.622,-21.3628,,-2.8246
53.1303,113.74,-22.8097,,-2.92941
53.1403,110.754,-24.178,,-3.03123
53.1503,107.669,-25.4628,,-3.12679
53.1604,104.489,-26.6585,,-3.22562
53.1704,101.212,-27.7765,,-3.31815
53.1803,97.8441,-28.8139,,-3.408
53.1903,94.3884,-29.7751,,-3.49356
53.2003,90.851,-30.6705,,-3.57226
53.2103,87.2314,-31.478,,-3.66006
53.2203,83.5277,-32.2497,,-3.73708
53.2304,79.7516,-32.9352,,-3.80767
53.2403,75.9055,-33.5704,,-3.87786
53.2503,71.9901,-34.1478,,-3.94517
53.2603,68.0099,-34.6882,,-4.0083
53.2703,63.9681,-35.1685,,-4.06892
53.2803,59.8687,-35.6133,,-4.1239
53.2904,55.716,-36.0273,,-4.17552
53.3003,51.5136,-36.3862,,-4.22396
53.3103,47.265,-36.7185,,-4.26866
53.3203,42.9732,-37.0143,,-4.31015
53.3303,38.6418,-37.2843,,-4.3472
53.3403,34.2767,-37.5325,,-4.3798
53.3504,29.8809,-37.7407,,-4.40834
53.3604,25.4574,-37.9436,,-4.43527
53.3703,21.0114,-38.1203,,-4.45438
53.3803,16.5466,-38.2684,,-4.4724
53.3903,12.067,-38.4029,,-4.48537
53.4003,7.57641,-38.5096,,-4.49365
53.4104,3.07924,-38.6019,,-4.49951
53.4204,-1.42086,-38.6875,,-4.50028
53.4303,-5.91992,-38.7576,,-4.49737
53.4403,-10.4133,-38.81,,-4.48968
53.4503,-14.8976,-38.856,,-4.47827
53.4603,-19.3681,-38.8717,,-4.46437
53.4703,-23.8216,-38.8852,,-4.44409
53.4804,-28.2537,-38.8777,,-4.42162
53.4903,-32.6602,-38.8649,,-4.3935
53.5003,-37.037,-38.8457,,-4.36243
53.5103,-41.3803,-38.8092,,-4.32774
53.5203,-45.6872,-38.772,,-4.28783
53.5303,-49.9528,-38.7157,,-4.24717
53.5404,-54.1731,-38.6431,,-4.19826
53.5503,-58.3448,-38.5674,,-4.14944
53.5603,-62.4638,-38.4756,,-4.09411
53.5703,-66.5268,-38.3782,,-4.03654
53.5803,-70.5296,-38.2691,,-3.97573
53.5903,-74.4704,-38.1606,,-3.91049
53.6004,-78.3423,-38.0315,,-3.84036
53.6104,-82.1434,-37.8955,,-3.76909
53.6203,-85.8705,-37.7365,,-3.69167
53.6303,-89.521,-37.5867,,-3.61639
53.6403,-93.0936,-37.4074,,-3.53491
53.6503,-96.5805,-37.235,,-3.44747
53.6604,-99.9794,-37.0488,,-3.35896
53.6704,-103.289,-36.8412,,-3.26995
53.6803,-106.506,-36.6404,,-3.17275
53.6903,-109.626,-36.404,,-3.07563
53.7003,-112.648,-36.1715,,-2.97791
53.7103,-115.569,-35.9116,,-2.87569
53.7203,-118.387,-35.6496,,-2.76835
53.7304,-121.096,-35.3764,,-2.66193
53.7403,-123.698,-35.0781,,-2.55149
53.7503,-126.188,-34.7764,,-2.44009
53.7603,-128.565,-34.4534,,-2.32445
53.7703,-130.827,-34.116,,-2.20895
53.7803,-132.969,-33.7408,,-2.08889
53.7904,-134.992,-33.3676,,-1.96883
53.8003,-136.894,-32.9616,,-1.84679
53.8103,-138.673,-32.543,,-1.72421
53.8203,-140.329,-32.0802,,-1.59739
53.8303,-141.854,-31.6055,,-1.46807
53.8403,-143.253,-31.0976,,-1.34123
53.8504,-144.525,-30.5516,,-1.21421
53.8604,-145.666,-29.9679,,-1.08244
53.8703,-146.676,-29.3445,,-0.949464
53.8803,-147.553,-28.6644,,-0.818526
53.8903,-148.299,-27.9377,,-0.686615
53.9003,-148.912,-27.1632,,-0.551728
53.9104,-149.389,-26.3212,,-0.416368
53.9204,-149.731,-25.3949,,-0.281392
53.9303,-149.938,-24.3861,,-0.144156
53.9403,-150.007,-23.2797,,-0.0135844
53.9503,-149.95,-22.0495,,0.119676
53.9603,-149.755,-20.7068,,0.25591
53.9703,-149.425,-19.233,,0.39097
53.9804,-148.959,-17.6003,,0.526208
53.9903,-148.359,-15.8336,,0.660757
54.0003,-147.626,-13.914,,0.791481
54.0103,-146.761,-11.8507,,0.926008
54.0203,-145.763,-9.64538,,1.05643
54.0303,-144.634,-7.33801,,1.18832
54.0404,-143.374,-4.97733,,1.31911
54.0503,-141.985,-2.56839,,1.4444
54.0603,-140.471,-0.177024,,1.57263
54.0703,-138.827,2.18366,,1.70105
54.0803,-137.058,4.49465,,1.82351
54.0903,-135.168,6.75367,,1.94589
54.1004,-133.154,8.91516,,2.06746
54.1104,-131.022,10.9959,,2.18575
54.1203,-128.771,12.9754,,2.30278
54.1303,-126.406,14.8684,,2.4193
54.1403,-123.924,16.6442,,2.53126
54.1503,-121.332,18.3402,,2.64107
54.1604,-118.631,19.9583,,2.74918
54.1704,-115.825,21.476,,2.85268
54.1803,-112.914,22.924,,2.95834
54.1903,-109.899,24.2768,,3.05966
54.2003,-106.787,25.5231,,3.15629
54.2103,-103.579,26.7099,,3.25136
54.2203,-100.277,27.7929,,3.34132
54.2304,-96.8857,28.8123,,3.43213
54.2403,-93.4064,29.7561,,3.51678
54.2503,-89.8433,30.6302,,3.60053
54.2603,-86.1992,31.4369,,3.67965
54.2703,-82.4761,32.1659,,3.75666
54.2803,-78.6808,32.8459,,3.82702
54.2904,-74.8146,33.4634,,3.89747
54.3003,-70.8811,34.028,,3.96323
54.3103,-66.8832,34.5576,,4.02553
54.3203,-62.8252,35.0219,,4.08375
54.3303,-58.711,35.4603,,4.13896
54.3403,-54.5435,35.8442,,4.19032
54.3504,-50.3269,36.2009,,4.23792
54.3604,-46.0651,36.5261,,4.27989
54.3703,-41.7628,36.8114,,4.31995
54.3803,-37.423,37.0799,,4.35638
54.3903,-33.0479,37.3116,,4.38922
54.4003,-28.6435,37.53,,4.41634
54.4104,-24.2142,37.7142,,4.43995
54.4204,-19.7622,37.8765,,4.46052
54.4303,-15.2929,38.018,,4.47607
54.4403,-10.8096,38.1559,,4.48818
54.4503,-6.31667,38.258,,4.49662
54.4603,-1.81805,38.3569,,4.49978
54.4703,2.68209,38.431,,4.49988
54.4804,7.17975,38.4932,,4.49518
54.4903,11.6712,38.5377,,4.4875
54.5003,16.1519,38.5654,,4.47484
54.5103,20.6181,38.5907,,4.45847
54.5203,25.0657,38.5957,,4.43827
54.5303,29.491,38.5916,,4.41424
54.5404,33.8902,38.5853,,4.38602
54.5503,38.2583,38.547,,4.35306
54.5603,42.5917,38.5201,,4.31692
54.5703,46.8871,38.4662,,4.27696
54.5803,51.1403,38.4072,,4.23312
54.5903,55.3475,38.3348,,4.18507
54.6004,59.5038,38.2538,,4.13351
54.6104,63.6087,38.17,,4.07958
54.6203,67.6549,38.065,,4.01882
54.6303,71.6398,37.9523,,3.95664
54.6403,75.561,37.8324,,3.89192
54.6503,79.4148,37.706,,3.82115
54.6604,83.1961,37.5629,,3.74953
54.6704,86.9038,37.4207,,3.67179
54.6803,90.5307,37.2584,,3.59116
54.6903,94.0784,37.0685,,3.51086
54.7003,97.5418,36.8947,,3.42356
54.7103,100.915,36.699,,3.33321
54.7203,104.199,36.4914,,3.24146
54.7304,107.388,36.2825,,3.14773
54.7403,110.483,36.0576,,3.05025
54.7503,113.478,35.8119,,2.94889
54.7603,116.371,35.55,,2.84598
54.7703,119.157,35.292,,2.73838
54.7803,121.837,35.005,,2.63089
54.7904,124.405,34.7078,,2.51592
54.8003,126.862,34.3993,,2.41062
54.8103,129.21,34.0587,,2.2933
54.8203,131.438,33.7156,,2.1759
54.8303,133.549,33.3573,,2.05697
54.8403,135.538,32.9743,,1.93403
54.8504,137.405,32.5442,,1.81146
54.8604,139.148,32.1224,,1.68774
54.8703,140.767,31.6555,,1.56231
54.8803,142.26,31.1756,,1.43406
54.8903,143.624,30.6531,,1.30782
54.9003,144.86,30.0989,,1.17594
54.9104,145.964,29.5001,,1.04545
54.9204,146.935,28.8683,,0.909937
54.9303,147.773,28.1715,,0.781629
54.9403,148.484,27.4376,,0.650626
54.9503,149.059,26.6362,,0.514294
54.9603,149.499,25.7726,,0.378093
54.9703,149.803,24.8295,,0.244829
54.9804,149.973,23.7841,,0.106377
54.9903,150.006,22.6482,,-0.0235069
55.0003,149.91,21.3853,,-0.157059
55.0103,149.678,20.0019,,-0.295213
55.0203,149.308,18.4779,,-0.42981
55.0303,148.804,16.8095,,-0.563222
55.0404,148.168,14.9992,,-0.696949
55.0503,147.399,13.0243,,-0.828193
55.0603,146.496,10.9222,,-0.963964
55.0703,145.46,8.68808,,-1.09371
55.0803,144.294,6.3565,,-1.22579
55.0903,142.998,3.97681,,-1.35339
55.1004,141.573,1.56156,,-1.48253
55.1104,140.021,-0.828215,,-1.60863
55.1203,138.344,-3.19305,,-1.73323
55.1303,136.543,-5.48166,,-1.85751
55.1403,134.616,-7.69315,,-1.98267
55.1503,132.568,-9.85443,,-2.10049
55.1604,130.403,-11.9195,,-2.21876
55.1704,128.12,-13.8564,,-2.33639
55.1803,125.72,-15.7247,,-2.44906
55.1903,123.21,-17.5006,,-2.56008
55.2003,120.588,-19.1683,,-2.67269
55.2103,117.855,-20.7592,,-2.78138
55.2203,115.017,-22.2669,,-2.88428
55.2304,112.077,-23.6649,,-2.98484
55.2403,109.036,-24.9984,,-3.08601
55.2503,105.898,-26.239,,-3.18165
55.2603,102.663,-27.3889,,-3.27891
55.2703,99.3338,-28.4704,,-3.36761
55.2803,95.9194,-29.4598,,-3.45401
55.2904,92.4152,-30.392,,-3.54367
55.3003,88.8277,-31.2302,,-3.62251
55.3103,85.1632,-32.0257,,-3.7003
55.3203,81.4215,-32.7397,,-3.77509
55.3303,77.605,-33.4045,,-3.84859
55.3403,73.7192,-34.0042,,-3.91614
55.3504,69.7666,-34.5649,,-3.98108
55.3604,65.7519,-35.0635,,-4.04255
55.3703,61.6773,-35.5344,,-4.09969
55.3803,57.5476,-35.943,,-4.15401
55.3903,53.3668,-36.3336,,-4.2017
55.4003,49.1386,-36.6705,,-4.25038
55.4104,44.864,-36.9811,,-4.29336
55.4204,40.5493,-37.2761,,-4.33103
55.4303,36.1994,-37.5185,,-4.36546
55.4403,31.8162,-37.7542,,-4.39695
55.4503,27.4044,-37.9561,,-4.42346
55.4603,22.9681,-38.1416,,-4.44566
55.4703,18.5115,-38.3014,,-4.46535
55.4804,14.0378,-38.4301,,-4.48009
55.4903,9.55153,-38.5596,,-4.4908
55.5003,5.05675,-38.6637,,-4.49731
55.5103,0.556983,-38.7439,,-4.50045
55.5203,-3.94288,-38.8154,,-4.49935
55.5303,-8.43925,-38.8753,,-4.49339
55.5404,-12.9281,-38.9274,,-4.48452
55.5503,-17.405,-38.9556,,-4.47023
55.5603,-21.8668,-38.9764,,-4.45407
55.5703,-26.3089,-38.9773,,-4.43149
55.5803,-30.7265,-38.9737,,-4.40591
55.5903,-35.1169,-38.9404,,-4.37725
55.6004,-39.4759,-38.9135,,-4.34337
55.6104,-43.7987,-38.8691,,-4.30569
55.6203,-48.0823,-38.8212,,-4.26516
55.6303,-52.3242,-38.7604,,-4.22178
55.6403,-56.5183,-38.6885,,-4.17078
55.6503,-60.6607,-38.6099,,-4.1181
55.6604,-64.7477,-38.515,,-4.06219
55.6704,-68.7777,-38.4035,,-4.00274
55.6803,-72.7464,-38.2877,,-3.93951
55.6903,-76.6483,-38.1665,,-3.87136
55.7003,-80.481,-38.028,,-3.80115
55.7103,-84.2443,-37.895,,-3.73065
55.7203,-87.9308,-37.7381,,-3.64931
55.7304,-91.5351,-37.5802,,-3.5679
55.7403,-95.0579,-37.3912,,-3.48662
55.7503,-98.4979,-37.2124,,-3.39985
55.7603,-101.847,-37.0086,,-3.30755
55.7703,-105.105,-36.7934,,-3.21708
55.7803,-108.268,-36.5773,,-3.11929
55.7904,-111.333,-36.3555,,-3.02043
55.8003,-114.3,-36.1062,,-2.92072
55.8103,-117.161,-35.8494,,-2.81318
55.8203,-119.918,-35.5735,,-2.7097
55.8303,-122.569,-35.295,,-2.60222
55.8403,-125.11,-34.9752,,-2.49063
55.8504,-127.536,-34.6663,,-2.37301
55.8604,-129.846,-34.3405,,-2.25835
55.8703,-132.04,-33.9803,,-2.14139
55.8803,-134.116,-33.6147,,-2.02247
55.8903,-136.072,-33.225,,-1.90144
55.9003,-137.906,-32.8037,,-1.77847
55.9104,-139.615,-32.3447,,-1.65191
55.9204,-141.198,-31.8878,,-1.5267
55.9303,-142.654,-31.3886,,-1.39702
55.9403,-143.981,-30.8624,,-1.27124
55.9503,-145.181,-30.3036,,-1.13978
55.9603,-146.248,-29.6857,,-1.00859
55.9703,-147.185,-29.0334,,-0.876871
55.9804,-147.987,-28.3344,,-0.741903
55.9903,-148.657,-27.5661,,-0.611553
56.0003,-149.195,-26.7675,,-0.475877
56.0103,-149.596,-25.8684,,-0.340487
56.0203,-149.863,-24.8998,,-0.207697
56.0303,-149.994,-23.8268,,-0.068438
56.0404,-149.993,-22.6526,,0.0576557
56.0503,-149.86,-21.3727,,0.196116
56.0603,-149.587,-19.9446,,0.335112
56.0703,-149.179,-18.3829,,0.467365
56.0803,-148.639,-16.6654,,0.599718
56.0903,-147.965,-14.8085,,0.734616
56.1004,-147.158,-12.7915,,0.866179
56.1104,-146.22,-10.6476,,0.998258
56.1203,-145.147,-8.39114,,1.1333
56.1303,-143.943,-6.03449,,1.26066
56.1403,-142.612,-3.64915,,1.38896
56.1503,-141.151,-1.22808,,1.51946
56.1604,-139.562,1.16434,,1.64468
56.1704,-137.85,3.512,,1.76781
56.1803,-136.014,5.80879,,1.8925
56.1903,-134.055,8.00783,,2.01279
56.2003,-131.976,10.1238,,2.13296
56.2103,-129.777,12.1463,,2.25206
56.2203,-127.462,14.0912,,2.36556
56.2304,-125.032,15.9313,,2.48335
56.2403,-122.486,17.67,,2.59557
56.2503,-119.832,19.3439,,2.70162
56.2603,-117.071,20.9025,,2.80897
56.2703,-114.205,22.384,,2.91342
56.2803,-111.235,23.769,,3.01483
56.2904,-108.167,25.0766,,3.11243
56.3003,-105.001,26.2842,,3.20905
56.3103,-101.74,27.4107,,3.30436
56.3203,-98.3858,28.4741,,3.39306
56.3303,-94.9443,29.4513,,3.48007
56.3403,-91.4181,30.3573,,3.56357
56.3504,-87.8102,31.1953,,3.64515
56.3604,-84.1231,31.9529,,3.72026
56.3703,-80.3604,32.65,,3.79687
56.3803,-76.5234,33.2971,,3.86913
56.3903,-72.618,33.8863,,3.93424
56.4003,-68.6485,34.4278,,3.99861
56.4104,-64.6156,34.9263,,4.05939
56.4204,-60.5258,35.3771,,4.11524
56.4303,-56.3811,35.7897,,4.16774
56.4403,-52.1857,36.1469,,4.21779
56.4503,-47.9441,36.4884,,4.26082
56.4603,-43.6588,36.7874,,4.30481
56.4703,-39.3334,37.0562,,4.34121
56.4804,-34.9737,37.3093,,4.37427
56.4903,-30.5825,37.53,,4.40429
56.5003,-26.1636,37.7304,,4.42983
56.5103,-21.7213,37.9007,,4.45304
56.5203,-17.2589,38.058,,4.46942
56.5303,-12.7813,38.1972,,4.48338
56.5404,-8.29242,38.3086,,4.49291
56.5503,-3.7957,38.4139,,4.49882
56.5603,0.704066,38.4884,,4.50021
56.5703,5.20356,38.5593,,4.49785
56.5803,9.69819,38.6137,,4.49175
56.5903,14.1842,38.6341,,4.48088
56.6004,18.6573,38.6786,,4.46592
56.6104,23.1133,38.678,,4.44755
56.6203,27.5489,38.6872,,4.42486
56.6303,31.9598,38.684,,4.39925
56.6403,36.3422,38.6565,,4.36794
56.6503,40.6917,38.6227,,4.33401
56.6604,45.0044,38.5758,,4.29463
56.6704,49.2764,38.5211,,4.25266
56.6803,53.5041,38.4498,,4.20682
56.6903,57.684,38.377,,4.15705
56.7003,61.8121,38.2921,,4.10403
56.7103,65.884,38.2029,,4.04489
56.7203,69.8965,38.088,,3.98538
56.7304,73.8464,37.9717,,3.92076
56.7403,77.7298,37.8449,,3.85231
56.7503,81.5437,37.7024,,3.78169
56.7603,85.2834,37.559,,3.70467
56.7703,88.9465,37.4078,,3.62988
56.7803,92.5316,37.2382,,3.54636
56.7904,96.0316,37.0597,,3.4617
56.8003,99.445,36.8647,,3.37485
56.8103,102.77,36.6782,,3.28243
56.8203,106,36.4571,,3.18744
56.8303,109.136,36.2335,,3.09379
56.8403,112.175,35.9928,,2.9932
56.8504,115.111,35.7432,,2.88926
56.8604,117.945,35.4824,,2.78794
56.8703,120.673,35.2075,,2.67825
56.8803,123.292,34.9165,,2.56957
56.8903,125.796,34.6169,,2.45436
56.9003,128.194,34.29,,2.34748
56.9104,130.473,33.9387,,2.22396
56.9204,132.635,33.5935,,2.10925
56.9303,134.677,33.2156,,1.98899
56.9403,136.599,32.8045,,1.86589
56.9503,138.398,32.3882,,1.74443
56.9603,140.072,31.9393,,1.61599
56.9703,141.62,31.4723,,1.49033
56.9804,143.039,30.9532,,1.36234
56.9903,144.332,30.4009,,1.23472
57.0003,145.494,29.8352,,1.10242
57.0103,146.524,29.2192,,0.970865
57.0203,147.422,28.5537,,0.839605
57.0303,148.188,27.8403,,0.705333
57.0404,148.821,27.064,,0.57368
57.0503,149.32,26.2246,,0.438667
57.0603,149.685,25.3011,,0.303503
57.0703,149.914,24.3151,,0.167345
57.0803,150.004,23.2093,,0.0310404
57.0903,149.968,22.0052,,-0.0959135
57.1004,149.795,20.6841,,-0.234726
57.1104,149.486,19.221,,-0.368902
57.1203,149.043,17.6168,,-0.504569
57.1303,148.464,15.8489,,-0.638638
57.1403,147.753,13.9373,,-0.771109
57.1503,146.908,11.8838,,-0.905779
57.1604,145.931,9.69051,,-1.03451
57.1704,144.825,7.40686,,-1.16648
57.1803,143.584,5.04862,,-1.29942
57.1903,142.216,2.64118,,-1.42553
57.2003,140.719,0.22406,,-1.55464
57.2103,139.095,-2.17182,,-1.67974
57.2203,137.347,-4.51276,,-1.8029
57.2304,135.477,-6.77265,,-1.92512
57.2403,133.484,-8.96078,,-2.04848
57.2503,131.369,-11.0509,,-2.16958
57.2603,129.136,-13.0501,,-2.28204
57.2703,126.793,-14.9561,,-2.39791
57.2803,124.329,-16.7809,,-2.51496
57.2904,121.753,-18.5141,,-2.6245
57.3003,119.069,-20.155,,-2.73256
57.3103,116.278,-21.6924,,-2.83868
57.3203,113.383,-23.1485,,-2.94042
57.3303,110.385,-24.5067,,-3.04445
57.3403,107.288,-25.7878,,-3.1404
57.3504,104.095,-26.9813,,-3.23554
57.3604,100.808,-28.1015,,-3.32896
57.3703,97.431,-29.1398,,-3.41634
57.3803,93.9653,-30.0962,,-3.50464
57.3903,90.4163,-30.9739,,-3.58422
57.4003,86.7843,-31.7897,,-3.67093
57.4104,83.0733,-32.5291,,-3.74389
57.4204,79.2891,-33.2148,,-3.81656
57.4303,75.4343,-33.8482,,-3.88571
57.4403,71.5118,-34.4237,,-3.95298
57.4503,67.5239,-34.9537,,-4.01506
57.4603,63.4749,-35.4382,,-4.07579
57.4703,59.3701,-35.8721,,-4.12855
57.4804,55.2112,-36.2631,,-4.18288
57.4903,51.0026,-36.6279,,-4.22987
57.5003,46.7474,-36.9555,,-4.27388
57.5103,42.451,-37.2472,,-4.31549
57.5203,38.1152,-37.5128,,-4.35069
57.5303,33.7463,-37.752,,-4.38407
57.5404,29.3468,-37.9656,,-4.41177
57.5503,24.9208,-38.1575,,-4.43678
57.5603,20.4725,-38.3203,,-4.4574
57.5703,16.0054,-38.4683,,-4.47365
57.5803,11.5244,-38.5999,,-4.48686
57.5903,7.03273,-38.7078,,-4.49514
57.6004,2.53473,-38.8022,,-4.49961
57.6104,-1.96532,-38.8807,,-4.49997
57.6203,-6.46382,-38.9456,,-4.49639
57.6303,-10.9563,-38.9963,,-4.48895
57.6403,-15.4393,-39.0301,,-4.47704
57.6503,-19.9082,-39.0591,,-4.46199
57.6604,-24.3594,-39.0606,,-4.44195
57.6704,-28.788,-39.0596,,-4.41727
57.6803,-33.1906,-39.0342,,-4.39014
57.6903,-37.5644,-39.0194,,-4.35901
57.7003,-41.9042,-38.9764,,-4.32352
57.7103,-46.2054,-38.9279,,-4.28293
57.7203,-50.4654,-38.8789,,-4.24051
57.7304,-54.6804,-38.7927,,-4.19333
57.7403,-58.8458,-38.7297,,-4.1426
57.7503,-62.9584,-38.6324,,-4.08744
57.7603,-67.0146,-38.5424,,-4.02984
57.7703,-71.01,-38.4286,,-3.96711
57.7803,-74.9417,-38.301,,-3.90199
57.7904,-78.8056,-38.1755,,-3.83284
57.8003,-82.6001,-38.034,,-3.76081
57.8103,-86.3164,-37.8826,,-3.68134
57.8203,-89.9577,-37.7293,,-3.60709
57.8303,-93.5186,-37.5533,,-3.52315
57.8403,-96.9964,-37.3733,,-3.43916
57.8504,-100.385,-37.1804,,-3.34748
57.8604,-103.684,-36.9642,,-3.25796
57.8703,-106.89,-36.7554,,-3.16341
57.8803,-109.999,-36.5227,,-3.06478
57.8903,-113.008,-36.2922,,-2.96329
57.9003,-115.916,-36.0426,,-2.86215
57.9104,-118.721,-35.775,,-2.75635
57.9204,-121.418,-35.501,,-2.64981
57.9303,-124.006,-35.1902,,-2.53801
57.9403,-126.485,-34.8783,,-2.42674
57.9503,-128.845,-34.5569,,-2.30799
57.9603,-131.091,-34.2105,,-2.19435
57.9703,-133.22,-33.8509,,-2.07497
57.9804,-135.229,-33.4625,,-1.95572
57.9903,-137.116,-33.0616,,-1.83066
58.0003,-138.88,-32.6215,,-1.70847
58.0103,-140.518,-32.1579,,-1.58196
58.0203,-142.031,-31.6829,,-1.45401
58.0303,-143.414,-31.1689,,-1.32544
58.0404,-144.67,-30.6089,,-1.19815
58.0503,-145.796,-30.0304,,-1.06675
58.0603,-146.79,-29.387,,-0.934932
58.0703,-147.652,-28.7034,,-0.801063
58.0803,-148.38,-27.972,,-0.668412
58.0903,-148.975,-27.1882,,-0.534835
58.1004,-149.436,-26.3354,,-0.401119
58.1104,-149.762,-25.3936,,-0.265654
58.1203,-149.954,-24.3679,,-0.129583
58.1303,-150.008,-23.2388,,3.96E-03
58.1403,-149.933,-21.9971,,0.137118
58.1503,-149.722,-20.6303,,0.270348
58.1604,-149.376,-19.1294,,0.407926
58.1704,-148.894,-17.4767,,0.542651
58.1803,-148.278,-15.6789,,0.674034
58.1903,-147.531,-13.7337,,0.808676
58.2003,-146.647,-11.6343,,0.944082
58.2103,-145.632,-9.40964,,1.07415
58.2203,-144.486,-7.09767,,1.20312
58.2304,-143.213,-4.70244,,1.33168
58.2403,-141.808,-2.29512,,1.46349
58.2503,-140.277,0.12444,,1.58701
58.2603,-138.619,2.49558,,1.71524
58.2703,-136.836,4.82037,,1.83929
58.2803,-134.93,7.07793,,1.95904
58.2904,-132.903,9.23701,,2.0818
58.3003,-130.755,11.3163,,2.20184
58.3103,-128.49,13.2933,,2.31747
58.3203,-126.11,15.1931,,2.43068
58.3303,-123.617,16.9762,,2.54287
58.3403,-121.014,18.6812,,2.65237
58.3504,-118.3,20.3022,,2.76445
58.3604,-115.479,21.8188,,2.8679
58.3703,-112.553,23.2502,,2.97086
58.3803,-109.528,24.5984,,3.06955
58.3903,-106.404,25.8461,,3.16728
58.4003,-103.185,27.0285,,3.2631
58.4104,-99.872,28.1157,,3.35237
58.4204,-96.4697,29.1297,,3.44359
58.4303,-92.9791,30.0688,,3.52839
58.4403,-89.4045,30.925,,3.61039
58.4503,-85.7517,31.7332,,3.68876
58.4603,-82.0211,32.4558,,3.76367
58.4703,-78.2172,33.1313,,3.83697
58.4804,-74.3426,33.7486,,3.90457
58.4903,-70.4006,34.2985,,3.97194
58.5003,-66.3953,34.8132,,4.03194
58.5103,-62.3313,35.2747,,4.09044
58.5203,-58.2095,35.7108,,4.14625
58.5303,-54.0358,36.092,,4.19513
58.5404,-49.8143,36.4522,,4.24279
58.5503,-45.5474,36.7585,,4.28604
58.5603,-41.2389,37.0558,,4.32576
58.5703,-36.894,37.2994,,4.36089
58.5803,-32.5159,37.5307,,4.39154
58.5903,-28.1088,37.7398,,4.41944
58.6004,-23.6761,37.9217,,4.44272
58.6104,-19.2222,38.0986,,4.46225
58.6203,-14.7512,38.2278,,4.47804
58.6303,-10.2664,38.3622,,4.48895
58.6403,-5.77267,38.46,,4.49756
58.6503,-1.27368,38.5418,,4.49999
58.6604,3.22644,38.6215,,4.49929
58.6704,7.72341,38.6694,,4.49425
58.6803,12.214,38.725,,4.48643
58.6903,16.6932,38.7549,,4.47368
58.7003,21.1577,38.7776,,4.45619
58.7103,25.6028,38.7813,,4.4353
58.7203,30.0244,38.7749,,4.40992
58.7304,34.42,38.7506,,4.38252
58.7403,38.784,38.7211,,4.34927
58.7503,43.1135,38.6813,,4.31194
58.7603,47.4031,38.6389,,4.27152
58.7703,51.6512,38.5704,,4.22816
58.7803,55.8526,38.498,,4.17919
58.7904,60.0029,38.4137,,4.12624
58.8003,64.0999,38.3265,,4.07197
58.8103,68.14,38.2215,,4.01393
58.8203,72.1188,38.1087,,3.94892
58.8303,76.0313,37.9824,,3.88269
58.8403,79.876,37.8518,,3.81278
58.8504,83.6489,37.7095,,3.74115
58.8604,87.3492,37.5671,,3.66322
58.8703,90.9659,37.3947,,3.58096
58.8803,94.5025,37.2176,,3.49873
58.8903,97.9544,37.0283,,3.41373
58.9003,101.32,36.8439,,3.3235
58.9104,104.59,36.6251,,3.22909
58.9204,107.769,36.4184,,3.13583
58.9303,110.852,36.1806,,3.03887
58.9403,113.834,35.9327,,2.93506
58.9503,116.712,35.6776,,2.83294
58.9603,119.487,35.4074,,2.72629
58.9703,122.155,35.12,,2.61877
58.9804,124.71,34.8296,,2.5031
58.9903,127.154,34.5076,,2.39491
59.0003,129.487,34.1716,,2.28209
59.0103,131.702,33.8251,,2.1609
59.0203,133.796,33.463,,2.03869
59.0303,135.77,33.0638,,1.92043
59.0404,137.622,32.6423,,1.79702
59.0503,139.35,32.214,,1.6712
59.0603,140.953,31.7405,,1.54576
59.0703,142.429,31.252,,1.41996
59.0803,143.779,30.7288,,1.29159
59.0903,144.999,30.1644,,1.16039
59.1004,146.086,29.5599,,1.02801
59.1104,147.043,28.9234,,0.899141
59.1203,147.869,28.2219,,0.764678
59.1303,148.56,27.4723,,0.631152
59.1403,149.118,26.6606,,0.497327
59.1503,149.542,25.7857,,0.364835
59.1604,149.832,24.8208,,0.227652
59.1704,149.982,23.7697,,0.0862132
59.1803,150,22.6101,,-0.0355805
59.1903,149.89,21.3355,,-0.17425
59.2003,149.638,19.924,,-0.310878
59.2103,149.254,18.3819,,-0.445504
59.2203,148.735,16.6894,,-0.579744
59.2304,148.083,14.8317,,-0.712061
59.2403,147.295,12.8466,,-0.848006
59.2503,146.376,10.7023,,-0.97788
59.2603,145.327,8.43985,,-1.10791
59.2703,144.144,6.0985,,-1.24295
59.2803,142.832,3.70335,,-1.36837
59.2904,141.392,1.287,,-1.49819
59.3003,139.825,-1.12594,,-1.62287
59.3103,138.133,-3.49414,,-1.74781
59.3203,136.316,-5.79346,,-1.87473
59.3303,134.375,-8.03075,,-1.99418
59.3403,132.314,-10.1743,,-2.1167
59.3504,130.133,-12.2304,,-2.23176
59.3604,127.838,-14.1822,,-2.34688
59.3703,125.425,-16.0488,,-2.46675
59.3803,122.898,-17.8314,,-2.57471
59.3903,120.263,-19.4965,,-2.68528
59.4003,117.517,-21.0984,,-2.79454
59.4104,114.667,-22.5949,,-2.89521
59.4204,111.716,-23.9945,,-2.99763
59.4303,108.663,-25.3244,,-3.09825
59.4403,105.512,-26.5586,,-3.19404
59.4503,102.265,-27.7121,,-3.28938
59.4603,98.9253,-28.778,,-3.3783
59.4703,95.4994,-29.7693,,-3.46589
59.4804,91.9875,-30.6951,,-3.54948
59.4903,88.3913,-31.5288,,-3.63278
59.5003,84.7158,-32.3175,,-3.71095
59.5103,80.963,-33.0193,,-3.78663
59.5203,77.1378,-33.6897,,-3.85591
59.5303,73.2441,-34.273,,-3.92459
59.5404,69.2844,-34.8273,,-3.98734
59.5503,65.2629,-35.3278,,-4.0499
59.5603,61.1809,-35.7841,,-4.10626
59.5703,57.0447,-36.1935,,-4.1606
59.5803,52.8567,-36.564,,-4.20975
59.5903,48.622,-36.9133,,-4.25492
59.6004,44.344,-37.2174,,-4.29652
59.6104,40.0257,-37.4988,,-4.33576
59.6203,35.6706,-37.747,,-4.36981
59.6303,31.2839,-37.967,,-4.3997
59.6403,26.8691,-38.1658,,-4.42708
59.6503,22.4298,-38.3425,,-4.44841
59.6604,17.9708,-38.4949,,-4.46718
59.6704,13.4955,-38.6387,,-4.48133
59.6803,9.00786,-38.7578,,-4.49206
59.6903,4.51233,-38.8627,,-4.49833
59.7003,0.0125064,-38.9458,,-4.49975
59.7103,-4.48716,-39.0058,,-4.49926
59.7203,-8.9828,-39.0613,,-4.49237
59.7304,-13.4705,-39.0988,,-4.48315
59.7403,-17.9458,-39.1246,,-4.46848
59.7503,-22.4048,-39.1438,,-4.45024
59.7603,-26.844,-39.1516,,-4.42953
59.7703,-31.2593,-39.1343,,-4.40317
59.7803,-35.6463,-39.1164,,-4.37328
59.7904,-40.0005,-39.0718,,-4.33798
59.8003,-44.3192,-39.0342,,-4.30264
59.8103,-48.599,-38.9837,,-4.26057
59.8203,-52.8347,-38.9162,,-4.21408
59.8303,-57.0215,-38.8416,,-4.16405
59.8403,-61.1572,-38.7613,,-4.11188
59.8504,-65.2387,-38.66,,-4.05635
59.8604,-69.2616,-38.5507,,-3.99438
59.8703,-73.2215,-38.4413,,-3.9318
59.8803,-77.1161,-38.315,,-3.86338
59.8903,-80.9409,-38.179,,-3.79263
59.9003,-84.6922,-38.0293,,-3.7176
59.9104,-88.3694,-37.8725,,-3.64245
59.9204,-91.9651,-37.7092,,-3.55801
59.9303,-95.4776,-37.5319,,-3.47485
59.9403,-98.906,-37.346,,-3.389
59.9503,-102.244,-37.1421,,-3.29796
59.9603,-105.491,-36.9326,,-3.2045
59.9703,-108.643,-36.7089,,-3.10773
59.9804,-111.697,-36.4737,,-3.0086
59.9903,-114.65,-36.2298,,-2.90803
60.0003,-117.051,-35.024,,-0.798773