0.0103167,1.89859,6.56953,,4.30148
0.0203265,8.98166,28.544,,8.62961
0.0303363,18.0785,45.7731,,9.19019
0.040346,27.162,53.8003,,9.00256
0.0503558,36.1181,57.4381,,8.93224
0.0603656,45.0342,59.3523,,8.90203
0.0703753,53.9132,60.2902,,8.85885
0.0803851,62.7445,60.5882,,8.80716
0.0902728,71.5183,60.5145,,8.74613
0.100283,80.2274,60.1727,,8.67689
0.110292,88.8632,59.6822,,8.60151
0.120302,97.418,59.1188,,8.51599
0.130312,105.887,58.4965,,8.42783
0.140322,114.261,57.8529,,8.32908
0.150331,122.531,57.1948,,8.22219
0.160341,130.692,56.5517,,8.10829
0.170351,138.734,55.9017,,7.98647
0.180361,146.649,55.2651,,7.85669
0.19037,154.434,54.6421,,7.72441
0.20038,162.08,54.0314,,7.58165
0.21039,169.58,53.4258,,7.43067
0.220278,176.928,52.8346,,7.27923
0.230287,184.119,52.2636,,7.11906
0.240297,191.145,51.694,,6.94476
0.250307,197.989,51.1288,,6.76575
0.260317,204.66,50.5925,,6.58984
0.270326,211.147,50.0464,,6.40343
0.280336,217.446,49.5055,,6.21385
0.290346,223.55,48.9728,,6.01112
0.300356,229.452,48.4337,,5.8117
0.310366,235.148,47.901,,5.60307
0.320375,240.632,47.3474,,5.3843
0.330385,245.897,46.8157,,5.16752
0.340273,250.949,46.2558,,4.95463
0.350283,255.767,45.6955,,4.70964
0.360292,260.351,45.1263,,4.48024
0.370302,264.706,44.5507,,4.24973
0.380312,268.826,43.9504,,4.01278
0.390322,272.702,43.3343,,3.76558
0.400331,276.329,42.6926,,3.51267
0.410341,279.709,42.02,,3.27205
0.420351,282.841,41.3296,,3.01455
0.430361,285.714,40.5888,,2.75815
0.44037,288.335,39.8283,,2.50539
0.45038,290.691,39.0168,,2.23881
0.46039,292.787,38.1534,,1.97617
0.470278,294.621,37.2141,,1.71685
0.480287,296.19,36.2038,,1.44753
0.490297,297.49,35.095,,1.17972
0.500307,298.523,33.8982,,0.912946
0.510317,299.288,32.5558,,0.643211
0.520326,299.781,31.0687,,0.372004
0.530336,300,29.3974,,0.096163
0.540346,299.959,27.5108,,-0.156944
0.550356,299.651,25.3576,,-0.432149
0.560366,299.067,22.9132,,-0.706681
0.570375,298.215,20.1476,,-0.970898
0.580385,297.099,17.0604,,-1.23517
0.590273,295.713,13.6922,,-1.50935
0.600283,294.058,10.0913,,-1.77335
0.610292,292.138,6.36186,,-2.04081
0.620302,289.95,2.59388,,-2.30536
0.630312,287.508,-1.12303,,-2.55549
0.640322,284.808,-4.71729,,-2.81778
0.650331,281.85,-8.1646,,-3.0723
0.660341,278.639,-11.4493,,-3.32472
0.670351,275.177,-14.5621,,-3.57598
0.680361,271.463,-17.5033,,-3.82253
0.69037,267.508,-20.2659,,-4.06255
0.70038,263.316,-22.8603,,-4.30045
0.71039,258.881,-25.2803,,-4.54133
0.720278,254.209,-27.5408,,-4.77511
0.730287,249.318,-29.6404,,-4.99069
0.740297,244.204,-31.5916,,-5.21567
0.750307,238.866,-33.3752,,-5.43486
0.760317,233.312,-35.0087,,-5.65208
0.770326,227.546,-36.5075,,-5.85657
0.780336,221.578,-37.8478,,-6.05851
0.790346,215.412,-39.0696,,-6.25383
0.800356,209.053,-40.1697,,-6.44609
0.810366,202.502,-41.1588,,-6.6329
0.820375,195.771,-42.0488,,-6.81311
0.830385,188.862,-42.8348,,-6.98486
0.840273,181.79,-43.5366,,-7.144
0.850283,174.548,-44.1478,,-7.31863
0.860292,167.145,-44.6872,,-7.47131
0.870302,159.595,-45.1736,,-7.61162
0.880312,151.905,-45.595,,-7.75519
0.890322,144.076,-45.9743,,-7.88975
0.900331,136.115,-46.2962,,-8.0165
0.910341,128.034,-46.5786,,-8.13383
0.920351,119.838,-46.8142,,-8.2453
0.930361,111.534,-47.0197,,-8.3506
0.94037,103.13,-47.1843,,-8.44792
0.95038,94.6319,-47.3296,,-8.53758
0.96039,86.0482,-47.4497,,-8.62014
0.970278,77.3881,-47.5421,,-8.69145
0.980287,68.6592,-47.6189,,-8.75786
0.990297,59.8687,-47.6577,,-8.81661
1.00031,51.0231,-47.6854,,-8.86749
1.01032,42.1323,-47.6837,,-8.90906
1.02033,33.2033,-47.6731,,-8.94509
1.03034,24.2437,-47.6466,,-8.96945
1.04035,15.2628,-47.5997,,-8.98856
1.05036,6.26826,-47.5494,,-8.99878
1.06037,-2.73216,-47.4808,,-9.00069
1.07038,-11.7299,-47.4003,,-8.99422
1.08039,-20.7171,-47.302,,-8.98056
1.09027,-29.6858,-47.1967,,-8.95758
1.10028,-38.6279,-47.0811,,-8.92778
1.11029,-47.5357,-46.9533,,-8.88986
1.1203,-56.3991,-46.8135,,-8.8417
1.13031,-65.2122,-46.6752,,-8.78845
1.14032,-73.9674,-46.5137,,-8.72689
1.15033,-82.656,-46.3541,,-8.65639
1.16034,-91.2702,-46.1788,,-8.57817
1.17035,-99.8028,-45.9966,,-8.4944
1.18036,-108.245,-45.8107,,-8.39813
1.19037,-116.588,-45.6155,,-8.29625
1.20038,-124.827,-45.4089,,-8.19012
1.21039,-132.955,-45.1914,,-8.07552
1.22028,-140.962,-44.9734,,-7.95072
1.23029,-148.842,-44.7406,,-7.8231
1.2403,-156.59,-44.5103,,-7.68315
1.25031,-164.194,-44.2611,,-7.54069
1.26032,-171.654,-44.0213,,-7.39164
1.27033,-178.958,-43.759,,-7.23214
1.28034,-186.099,-43.4835,,-7.0662
1.29035,-193.076,-43.2099,,-6.90142
1.30036,-199.877,-42.9157,,-6.71844
1.31037,-206.499,-42.6196,,-6.54386
1.32038,-212.937,-42.3077,,-6.34792
1.33039,-219.178,-41.991,,-6.15638
1.34027,-225.226,-41.6568,,-5.95686
1.35028,-231.071,-41.3237,,-5.75131
1.36029,-236.708,-40.9754,,-5.54233
1.3703,-242.133,-40.6045,,-5.32741
1.38031,-247.337,-40.2133,,-5.10444
1.39032,-252.318,-39.8152,,-4.87964
1.40033,-257.075,-39.3842,,-4.65533
1.41034,-261.599,-38.9543,,-4.41663
1.42035,-265.886,-38.496,,-4.1796
1.43036,-269.935,-38.0225,,-3.94324
1.44037,-273.745,-37.5178,,-3.69829
1.45038,-277.304,-36.9953,,-3.44433
1.46039,-280.613,-36.4213,,-3.19918
1.47028,-283.673,-35.8321,,-2.94455
1.48029,-286.476,-35.1827,,-2.68666
1.4903,-289.019,-34.4987,,-2.426
1.50031,-291.301,-33.7689,,-2.16489
1.51032,-293.325,-32.9859,,-1.90651
1.52033,-295.085,-32.1452,,-1.64021
1.53034,-296.58,-31.2036,,-1.37732
1.54035,-297.809,-30.1803,,-1.10572
1.55036,-298.768,-29.0539,,-0.840618
1.56037,-299.459,-27.7763,,-0.566147
1.57038,-299.873,-26.3543,,-0.289858
1.58039,-300.013,-24.7667,,-0.0248102
1.59027,-299.902,-22.9659,,0.230951
1.60028,-299.516,-20.9146,,0.509178
1.61029,-298.861,-18.5756,,0.778035
1.6203,-297.932,-15.9453,,1.04977
1.63031,-296.735,-13.0091,,1.31726
1.64032,-295.273,-9.83513,,1.58265
1.65033,-293.545,-6.47979,,1.84486
1.66034,-291.552,-3.03398,,2.11282
1.67035,-289.297,0.430139,,2.37156
1.68036,-286.781,3.79232,,2.63472
1.69037,-284.005,7.03844,,2.89104
1.70038,-280.975,10.1252,,3.14097
1.71039,-277.695,13.0286,,3.39496
1.72028,-274.161,15.7526,,3.64789
1.73029,-270.38,18.3093,,3.88721
1.7403,-266.36,20.6935,,4.13084
1.75031,-262.096,22.905,,4.37023
1.76032,-257.6,24.9542,,4.59761
1.77033,-252.875,26.8482,,4.83523
1.78034,-247.909,28.5956,,5.06578
1.79035,-242.726,30.1755,,5.27867
1.80036,-237.329,31.6553,,5.49481
1.81037,-231.72,32.9684,,5.70282
1.82038,-225.898,34.1842,,5.91622
1.83039,-219.874,35.2609,,6.11262
1.84027,-213.651,36.241,,6.31343
1.85028,-207.233,37.1177,,6.5
1.86029,-200.633,37.8935,,6.68373
1.8703,-193.85,38.597,,6.86244
1.88031,-186.894,39.2265,,7.0323
1.89032,-179.766,39.7851,,7.20233
1.90033,-172.481,40.2881,,7.35384
1.91034,-165.042,40.73,,7.5071
1.92035,-157.454,41.1248,,7.65568
1.93036,-149.723,41.4629,,7.78986
1.94037,-141.858,41.7706,,7.92588
1.95038,-133.864,42.0393,,8.04923
1.96039,-125.75,42.2729,,8.16467
1.97028,-117.523,42.4775,,8.27811
1.98029,-109.187,42.6605,,8.38058
1.9903,-100.755,42.807,,8.47393
2.00031,-92.2338,42.9395,,8.55876
2.01032,-83.6296,43.0469,,8.63974
2.02033,-74.9498,43.1387,,8.7113
2.03034,-66.2024,43.1958,,8.77666
2.04035,-57.3946,43.2589,,8.83114
2.05036,-48.5359,43.2969,,8.88034
2.06037,-39.6334,43.3302,,8.91881
2.07038,-30.6951,43.3453,,8.95316
2.08039,-21.7288,43.3515,,8.97618
2.09027,-12.743,43.3346,,8.99256
2.10028,-3.74616,43.3034,,8.99924
2.11029,5.2541,43.2761,,8.99956
2.1203,14.2499,43.2306,,8.99145
2.13031,23.2326,43.182,,8.97445
2.14032,32.1944,43.1176,,8.95043
2.15033,41.1274,43.0567,,8.91868
2.16034,50.0244,42.9714,,8.8769
2.17035,58.8748,42.8803,,8.82771
2.18036,67.6726,42.7838,,8.77163
2.19037,76.4089,42.6719,,8.70662
2.20038,85.0765,42.5579,,8.63376
2.21039,93.6683,42.4402,,8.55672
2.22028,102.177,42.3127,,8.46875
2.23029,110.593,42.1683,,8.37188
2.2403,118.908,42.0238,,8.26807
2.25031,127.116,41.8555,,8.15851
2.26032,135.211,41.7004,,8.04055
2.27033,143.184,41.5272,,7.91507
2.28034,151.027,41.3456,,7.78391
2.29035,158.735,41.1559,,7.64585
2.30036,166.302,40.9478,,7.50039
2.31037,173.717,40.7422,,7.34315
2.32038,180.974,40.5207,,7.18804
2.33039,188.069,40.2962,,7.01836
2.34027,194.998,40.0582,,6.85312
2.35028,201.752,39.8183,,6.67125
2.36029,208.322,39.5481,,6.48869
2.3703,214.706,39.2795,,6.29553
2.38031,220.891,38.9924,,6.09594
2.39032,226.882,38.7003,,5.90271
2.40033,232.671,38.3896,,5.69643
2.41034,238.25,38.0683,,5.48046
2.42035,243.61,37.7269,,5.26047
2.43036,248.748,37.369,,5.03756
2.44037,253.665,37.0027,,4.8203
2.45038,258.36,36.6115,,4.58922
2.46039,262.819,36.207,,4.35288
2.47028,267.042,35.7791,,4.11586
2.48029,271.027,35.3071,,3.87711
2.4903,274.766,34.8345,,3.62692
2.50031,278.255,34.32,,3.37432
2.51032,281.494,33.7781,,3.12819
2.52033,284.482,33.2169,,2.87378
2.53034,287.216,32.5975,,2.61699
2.54035,289.69,31.9361,,2.35631
2.55036,291.899,31.2235,,2.08937
2.56037,293.847,30.4412,,1.82977
2.57038,295.531,29.6085,,1.56896
2.58039,296.952,28.68,,1.29902
2.59027,298.103,27.6687,,1.02721
2.60028,298.982,26.5636,,0.760211
2.61029,299.597,25.3058,,0.495331
2.6203,299.941,23.8888,,0.214422
2.63031,300.009,22.2991,,-0.0417496
2.64032,299.823,20.4898,,-0.309739
2.65033,299.36,18.4282,,-0.585672
2.66034,298.626,16.1175,,-0.85617
2.67035,297.624,13.4935,,-1.12298
2.68036,296.351,10.6148,,-1.39561
2.69037,294.811,7.49227,,-1.65569
2.70038,293.012,4.22787,,-1.91857
2.71039,290.945,0.897511,,-2.18814
2.72028,288.614,-2.40644,,-2.44643
2.73029,286.026,-5.59177,,-2.70354
2.7403,283.182,-8.63654,,-2.95898
2.75031,280.081,-11.5196,,-3.2168
2.76032,276.727,-14.2203,,-3.46421
2.77033,273.126,-16.7625,,-3.71279
2.78034,269.277,-19.1197,,-3.95988
2.79035,265.186,-21.3108,,-4.196
2.80036,260.86,-23.3364,,-4.43471
2.81037,256.294,-25.2029,,-4.67619
2.82038,251.494,-26.9174,,-4.89414
2.83039,246.48,-28.4768,,-5.11441
2.84027,241.238,-29.9152,,-5.34432
2.85028,235.777,-31.2314,,-5.55573
2.86029,230.108,-32.414,,-5.7633
2.8703,224.229,-33.4962,,-5.97122
2.88031,218.148,-34.4619,,-6.16986
2.89032,211.869,-35.3306,,-6.36606
2.90033,205.402,-36.1094,,-6.55123
2.91034,198.749,-36.7963,,-6.73488
2.92035,191.919,-37.4308,,-6.90571
2.93036,184.918,-37.9884,,-7.07929
2.94037,177.747,-38.5065,,-7.24323
2.95038,170.419,-38.9622,,-7.39975
2.96039,162.933,-39.3707,,-7.55314
2.97028,155.302,-39.7292,,-7.69543
2.98029,147.531,-40.0402,,-7.83077
2.9903,139.63,-40.3134,,-7.95935
3.00031,131.6,-40.5557,,-8.08469
3.01032,123.453,-40.7837,,-8.19732
3.02033,115.197,-40.9846,,-8.30254
3.03034,106.836,-41.165,,-8.40613
3.04035,98.379,-41.3182,,-8.49847
3.05036,89.833,-41.4376,,-8.58522
3.06037,81.2037,-41.5458,,-8.66346
3.07038,72.5034,-41.6326,,-8.72959
3.08039,63.7394,-41.7148,,-8.79189
3.09027,54.9168,-41.7841,,-8.84531
3.10028,46.0459,-41.8319,,-8.89066
3.11029,37.1319,-41.8777,,-8.93134
3.1203,28.1839,-41.8854,,-8.96086
3.13031,19.2119,-41.8922,,-8.98055
3.14032,10.2225,-41.8976,,-8.99539
3.15033,1.22374,-41.8894,,-9.00023
3.16034,-7.77598,-41.8824,,-8.99756
3.17035,-16.7687,-41.8537,,-8.98748
3.18036,-25.7463,-41.8181,,-8.96886
3.19037,-34.7012,-41.771,,-8.9422
3.20038,-43.6244,-41.6995,,-8.90653
3.21039,-52.5086,-41.6298,,-8.86451
3.22028,-61.3455,-41.5605,,-8.81305
3.23029,-70.127,-41.4763,,-8.75433
3.2403,-78.8458,-41.3926,,-8.68863
3.25031,-87.4929,-41.2935,,-8.61214
3.26032,-96.0619,-41.1891,,-8.53122
3.27033,-104.543,-41.0676,,-8.44051
3.28034,-112.933,-40.9373,,-8.34703
3.29035,-121.219,-40.8056,,-8.23536
3.30036,-129.396,-40.6511,,-8.12909
3.31037,-137.459,-40.4928,,-8.00578
3.32038,-145.396,-40.3473,,-7.88093
3.33039,-153.204,-40.1694,,-7.74599
3.34027,-160.874,-39.9976,,-7.60901
3.35028,-168.399,-39.8099,,-7.45056
3.36029,-175.766,-39.6083,,-7.30126
3.3703,-182.981,-39.4028,,-7.14265
3.38031,-190.029,-39.1711,,-6.97144
3.39032,-196.91,-38.9535,,-6.80319
3.40033,-203.61,-38.7006,,-6.61718
3.41034,-210.128,-38.458,,-6.43542
3.42035,-216.459,-38.2013,,-6.24423
3.43036,-222.594,-37.9233,,-6.04628
3.44037,-228.527,-37.6297,,-5.83832
3.45038,-234.252,-37.3327,,-5.63265
3.46039,-239.773,-37.0237,,-5.42613
3.47028,-245.077,-36.6846,,-5.20263
3.48029,-250.157,-36.3438,,-4.98362
3.4903,-255.016,-35.9803,,-4.75167
3.50031,-259.637,-35.591,,-4.5156
3.51032,-264.026,-35.1759,,-4.28694
3.52033,-268.184,-34.7609,,-4.05001
3.53034,-272.098,-34.3096,,-3.80341
3.54035,-275.771,-33.8323,,-3.56267
3.55036,-279.19,-33.3317,,-3.30391
3.56037,-282.356,-32.795,,-3.0535
3.57038,-285.273,-32.2281,,-2.80336
3.58039,-287.934,-31.6088,,-2.5451
3.59027,-290.334,-30.9477,,-2.2784
3.60028,-292.47,-30.2317,,-2.0212
3.61029,-294.349,-29.4497,,-1.76171
3.6203,-295.959,-28.6015,,-1.48643
3.63031,-297.3,-27.6853,,-1.22265
3.64032,-298.375,-26.6717,,-0.95442
3.65033,-299.184,-25.5385,,-0.687587
3.66034,-299.723,-24.278,,-0.417671
3.67035,-299.984,-22.8395,,-0.133395
3.68036,-299.983,-21.2258,,0.109929
3.69037,-299.719,-19.3866,,0.391113
3.70038,-299.179,-17.3042,,0.660351
3.71039,-298.372,-14.9472,,0.928935
3.72028,-297.293,-12.3165,,1.2019
3.73029,-295.945,-9.42706,,1.46489
3.7403,-294.335,-6.35075,,1.73106
3.75031,-292.458,-3.1336,,1.9948
3.76032,-290.32,0.127376,,2.25688
3.77033,-287.917,3.32304,,2.52052
3.78034,-285.256,6.40313,,2.77696
3.79035,-282.336,9.32989,,3.03622
3.80036,-279.165,12.0761,,3.28066
3.81037,-275.743,14.6519,,3.53619
3.82038,-272.072,17.0434,,3.78236
3.83039,-268.156,19.2831,,4.02469
3.84027,-263.997,21.3436,,4.26677
3.85028,-259.601,23.2454,,4.50102
3.86029,-254.975,24.9969,,4.73006
3.8703,-250.115,26.6029,,4.96443
3.88031,-245.029,28.0727,,5.18395
3.89032,-239.726,29.4123,,5.40029
3.90033,-234.209,30.6253,,5.61342
3.91034,-228.479,31.7264,,5.82134
3.92035,-222.546,32.7064,,6.02586
3.93036,-216.408,33.6079,,6.22868
3.94037,-210.074,34.3971,,6.41882
3.95038,-203.554,35.1283,,6.59981
3.96039,-196.854,35.7784,,6.7833
3.97028,-189.974,36.3625,,6.9569
3.98029,-182.924,36.8841,,7.1245
3.9903,-175.713,37.3544,,7.28644
4.00031,-168.334,37.7659,,7.44866
4.01032,-160.807,38.1354,,7.59153
4.02033,-153.137,38.4774,,7.73266
4.03034,-145.33,38.7806,,7.86691
4.04035,-137.392,39.0504,,7.99601
4.05036,-129.33,39.2786,,8.11461
4.06037,-121.151,39.5022,,8.22975
4.07038,-112.864,39.6744,,8.33422
4.08039,-104.474,39.8375,,8.43389
4.09027,-95.9898,39.9766,,8.52269
4.10028,-87.422,40.1049,,8.60509
4.11029,-78.7734,40.2029,,8.682
4.1203,-70.0542,40.2929,,8.74922
4.13031,-61.2724,40.375,,8.80659
4.14032,-52.4358,40.4366,,8.86066
4.15033,-43.5513,40.4821,,8.90243
4.16034,-34.6281,40.5227,,8.93977
4.17035,-25.6725,40.5412,,8.96688
4.18036,-16.6944,40.5546,,8.98592
4.19037,-7.70146,40.5558,,8.99734
4.20038,1.29852,40.5604,,9.00095
4.21039,10.2973,40.5434,,8.99616
4.22028,19.2867,40.5181,,8.98293
4.23029,28.2588,40.4803,,8.96159
4.2403,37.2055,40.4286,,8.93313
4.25031,46.1186,40.3714,,8.89579
4.26032,54.9903,40.3124,,8.85048
4.27033,63.8118,40.2502,,8.79702
4.28034,72.5765,40.1705,,8.73742
4.29035,81.2757,40.0845,,8.66661
4.30036,89.9017,39.9837,,8.59125
4.31037,98.4479,39.871,,8.50714
4.32038,106.905,39.7569,,8.41657
4.33039,115.267,39.6414,,8.31447
4.34027,123.523,39.5141,,8.20695
4.35028,131.667,39.3805,,8.09253
4.36029,139.694,39.239,,7.97287
4.3703,147.597,39.0724,,7.84451
4.38031,155.365,38.9074,,7.70404
4.39032,162.992,38.7213,,7.56362
4.40033,170.477,38.5456,,7.41783
4.41034,177.806,38.347,,7.25686
4.42035,184.974,38.1568,,7.09341
4.43036,191.974,37.9428,,6.92525
4.44037,198.805,37.7178,,6.7504
4.45038,205.456,37.4819,,6.56937
4.46039,211.92,37.2346,,6.3786
4.47028,218.196,36.9723,,6.19219
4.48029,224.281,36.7059,,5.99343
4.4903,230.156,36.4185,,5.77828
4.50031,235.821,36.1276,,5.57303
4.51032,241.28,35.8071,,5.36306
4.52033,246.521,35.4845,,5.13976
4.53034,251.529,35.1344,,4.90561
4.54035,256.325,34.7784,,4.69947
4.55036,260.892,34.3935,,4.45701
4.56037,265.217,33.9946,,4.21764
4.57038,269.304,33.5647,,3.98067
4.58039,273.149,33.1147,,3.73352
4.59027,276.749,32.6439,,3.49001
4.60028,280.101,32.14,,3.23852
4.61029,283.202,31.6066,,2.9886
4.6203,286.047,31.0223,,2.72566
4.63031,288.628,30.4057,,2.46738
4.64032,290.957,29.741,,2.21186
4.65033,293.025,29.0158,,1.94939
4.66034,294.825,28.2363,,1.67833
4.67035,296.36,27.3901,,1.41769
4.68036,297.629,26.4494,,1.14643
4.69037,298.63,25.4213,,0.883057
4.70038,299.365,24.2678,,0.610859
4.71039,299.827,22.9689,,0.340339
4.72028,300.011,21.5162,,0.063382
4.73029,299.938,19.8638,,-0.191702
4.7403,299.594,18.0054,,-0.468116
4.75031,298.977,15.8649,,-0.736649
4.76032,298.094,13.4669,,-1.00355
4.77033,296.943,10.7943,,-1.27308
4.78034,295.522,7.88875,,-1.53989
4.79035,293.834,4.80671,,-1.80863
4.80036,291.884,1.6344,,-2.06639
4.81037,289.673,-1.54723,,-2.33095
4.82038,287.197,-4.6709,,-2.59255
4.83039,284.464,-7.6482,,-2.84775
4.84027,281.475,-10.4776,,-3.10386
4.85028,278.231,-13.1289,,-3.3576
4.86029,274.737,-15.5999,,-3.60619
4.8703,270.999,-17.8903,,-3.84574
4.88031,267.016,-20.0128,,-4.09513
4.89032,262.789,-21.9743,,-4.33287
4.90033,258.327,-23.7872,,-4.56411
4.91034,253.641,-25.4439,,-4.79568
4.92035,248.713,-26.9798,,-5.02735
4.93036,243.566,-28.3625,,-5.24487
4.94037,238.203,-29.6248,,-5.45933
4.95038,232.624,-30.7599,,-5.67556
4.96039,226.835,-31.7918,,-5.88055
4.97028,220.842,-32.7247,,-6.08516
4.98029,214.65,-33.5683,,-6.27812
4.9903,208.269,-34.3221,,-6.46632
5.00031,201.697,-35.0083,,-6.65482
5.01032,194.945,-35.6174,,-6.83153
5.02033,188.015,-36.1647,,-7.00881
5.03034,180.916,-36.6486,,-7.17186
5.04035,173.656,-37.1014,,-7.33194
5.05036,166.24,-37.4997,,-7.4845
5.06037,158.673,-37.8505,,-7.63306
5.07038,150.962,-38.1695,,-7.77258
5.08039,143.118,-38.4555,,-7.90217
5.09027,135.146,-38.7077,,-8.02962
5.10028,127.049,-38.9253,,-8.14963
5.11029,118.84,-39.1279,,-8.25708
5.1203,110.526,-39.3087,,-8.36213
5.13031,102.107,-39.4529,,-8.46119
5.14032,93.5983,-39.6092,,-8.547
5.15033,85.0059,-39.7193,,-8.62865
5.16034,76.3361,-39.8165,,-8.70106
5.17035,67.599,-39.9058,,-8.76598
5.18036,58.8013,-39.9716,,-8.82255
5.19037,49.9504,-40.0463,,-8.87316
5.20038,41.0538,-40.0871,,-8.91479
5.21039,32.1201,-40.1367,,-8.94738
5.22028,23.1579,-40.1535,,-8.97275
5.23029,14.1754,-40.1647,,-8.98966
5.2403,5.17943,-40.1698,,-8.99968
5.25031,-3.82084,-40.1587,,-9.0003
5.26032,-12.8177,-40.1558,,-8.99286
5.27033,-21.8029,-40.1286,,-8.97749
5.28034,-30.7687,-40.1066,,-8.95477
5.29035,-39.7072,-40.0668,,-8.92393
5.30036,-48.6093,-40.0012,,-8.88363
5.31037,-57.4676,-39.9474,,-8.83616
5.32038,-66.2755,-39.8698,,-8.78316
5.33039,-75.0229,-39.7864,,-8.71786
5.34027,-83.7029,-39.7214,,-8.64736
5.35028,-92.3077,-39.6202,,-8.56695
5.36029,-100.826,-39.5347,,-8.4793
5.3703,-109.257,-39.4192,,-8.38946
5.38031,-117.59,-39.2972,,-8.28604
5.39032,-125.817,-39.1686,,-8.17794
5.40033,-133.931,-39.021,,-8.05974
5.41034,-141.922,-38.8781,,-7.93475
5.42035,-149.787,-38.7233,,-7.80671
5.43036,-157.518,-38.5766,,-7.66673
5.44037,-165.105,-38.3954,,-7.52566
5.45038,-172.55,-38.2287,,-7.37168
5.46039,-179.833,-38.0279,,-7.21186
5.47028,-186.956,-37.8192,,-7.04932
5.48029,-193.91,-37.6021,,-6.87662
5.4903,-200.69,-37.3793,,-6.69904
5.50031,-207.291,-37.1421,,-6.51802
5.51032,-213.703,-36.9019,,-6.32682
5.52033,-219.922,-36.6485,,-6.13001
5.53034,-225.943,-36.3824,,-5.92996
5.54035,-231.761,-36.1033,,-5.7264
5.55036,-237.371,-35.7985,,-5.51557
5.56037,-242.77,-35.4931,,-5.29974
5.57038,-247.951,-35.1507,,-5.08589
5.58039,-252.909,-34.8109,,-4.84893
5.59027,-257.632,-34.4401,,-4.62321
5.60028,-262.128,-34.0618,,-4.38897
5.61029,-266.387,-33.6601,,-4.15257
5.6203,-270.407,-33.2395,,-3.91071
5.63031,-274.184,-32.7848,,-3.66625
5.64032,-277.713,-32.3143,,-3.4211
5.65033,-280.999,-31.794,,-3.16995
5.66034,-284.026,-31.2565,,-2.91114
5.67035,-286.796,-30.6712,,-2.65545
5.68036,-289.312,-30.0392,,-2.39928
5.69037,-291.564,-29.3711,,-2.13339
5.70038,-293.554,-28.6474,,-1.87139
5.71039,-295.281,-27.8543,,-1.60889
5.72028,-296.743,-26.9805,,-1.34164
5.73029,-297.937,-26.0375,,-1.07333
5.7403,-298.862,-24.9754,,-0.803289
5.75031,-299.52,-23.7937,,-0.537873
5.76032,-299.905,-22.4747,,-0.25664
5.77033,-300.013,-20.972,,3.22E-03
5.78034,-299.871,-19.283,,0.264595
5.79035,-299.453,-17.3579,,0.543158
5.80036,-298.76,-15.1894,,0.813159
5.81037,-297.799,-12.7268,,1.0811
5.82038,-296.571,-10.0198,,1.34725
5.83039,-295.079,-7.08964,,1.61364
5.84027,-293.315,-4.00409,,1.88291
5.85028,-291.289,-0.84505,,2.14481
5.86029,-288.999,2.29897,,2.40498
5.8703,-286.454,5.32576,,2.66301
5.88031,-283.649,8.24393,,2.91883
5.89032,-280.592,10.978,,3.17146
5.90033,-277.279,13.5363,,3.42613
5.91034,-273.715,15.9292,,3.67875
5.92035,-269.905,18.1339,,3.91524
5.93036,-265.857,20.19,,4.15879
5.94037,-261.563,22.0737,,4.40046
5.95038,-257.037,23.8045,,4.63311
5.96039,-252.276,25.3984,,4.86063
5.97028,-247.293,26.8513,,5.08591
5.98029,-242.088,28.1717,,5.30131
5.9903,-236.662,29.3755,,5.52501
6.00031,-231.024,30.4631,,5.73032
6.01032,-225.178,31.4369,,5.93953
6.02033,-219.128,32.3218,,6.13931
6.03034,-212.882,33.1225,,6.33449
6.04035,-206.444,33.839,,6.51874
6.05036,-199.824,34.4885,,6.70452
6.06037,-193.02,35.0641,,6.88234
6.07038,-186.043,35.5876,,7.05584
6.08039,-178.892,36.0606,,7.22287
6.09027,-171.591,36.471,,7.36991
6.10028,-164.133,36.8589,,7.5284
6.11029,-156.524,37.1872,,7.67269
6.1203,-148.778,37.4944,,7.80476
6.13031,-140.899,37.7594,,7.93944
6.14032,-132.89,38.0031,,8.06529
6.15033,-124.759,38.2195,,8.18159
6.16034,-116.518,38.4067,,8.28824
6.17035,-108.174,38.5831,,8.38919
6.18036,-99.7299,38.732,,8.48753
6.19037,-91.1984,38.8589,,8.56832
6.20038,-82.5843,38.9749,,8.65058
6.21039,-73.8937,39.0623,,8.72078
6.22028,-65.1387,39.145,,8.78312
6.23029,-56.3249,39.2093,,8.837
6.2403,-47.4607,39.2772,,8.88471
6.25031,-38.5533,39.3336,,8.92486
6.26032,-29.611,39.3644,,8.95543
6.27033,-20.6423,39.3941,,8.97883
6.28034,-11.6548,39.3941,,8.99327
6.29035,-2.65728,39.3878,,8.99968
6.30036,6.34285,39.3809,,8.9989
6.31037,15.3374,39.3664,,8.98959
6.32038,24.318,39.3454,,8.97292
6.33039,33.2766,39.3223,,8.94613
6.34027,42.2055,39.2828,,8.91262
6.35028,51.096,39.2294,,8.8716
6.36029,59.9415,39.1634,,8.82208
6.3703,68.7325,39.0855,,8.76513
6.38031,77.462,39.0165,,8.69842
6.39032,86.1203,38.917,,8.62544
6.40033,94.7031,38.8372,,8.54661
6.41034,103.201,38.737,,8.45679
6.42035,111.605,38.6223,,8.35961
6.43036,119.907,38.5046,,8.25424
6.44037,128.101,38.3758,,8.14292
6.45038,136.181,38.2488,,8.02798
6.46039,144.14,38.0979,,7.89995
6.47028,151.967,37.9389,,7.76768
6.48029,159.658,37.784,,7.62766
6.4903,167.206,37.6004,,7.48138
6.50031,174.602,37.4305,,7.32445
6.51032,181.84,37.2334,,7.16892
6.52033,188.921,37.0406,,7.00436
6.53034,195.827,36.8209,,6.82631
6.54035,202.556,36.5951,,6.64743
6.55036,209.1,36.367,,6.46148
6.56037,215.462,36.1147,,6.27746
6.57038,221.629,35.8684,,6.07477
6.58039,227.595,35.5852,,5.87618
6.59027,233.355,35.309,,5.66569
6.60028,238.906,35.0069,,5.45643
6.61029,244.243,34.6891,,5.23791
6.6203,249.36,34.367,,5.01324
6.63031,254.249,34.0178,,4.79287
6.64032,258.917,33.6578,,4.5636
6.65033,263.348,33.2646,,4.32379
6.66034,267.541,32.8645,,4.08336
6.67035,271.493,32.4297,,3.84681
6.68036,275.203,31.9789,,3.59538
6.69037,278.66,31.498,,3.34341
6.70038,281.869,30.9879,,3.09922
6.71039,284.825,30.4264,,2.83806
6.72028,287.523,29.8339,,2.58247
6.73029,289.965,29.2052,,2.32746
6.7403,292.149,28.5239,,2.06579
6.75031,294.066,27.7842,,1.79424
6.76032,295.717,26.9779,,1.53428
6.77033,297.106,26.0991,,1.26872
6.78034,298.224,25.1184,,0.995286
6.79035,299.073,24.0425,,0.73206
6.80036,299.655,22.8328,,0.458384
6.81037,299.964,21.4749,,0.178518
6.82038,300.001,19.9447,,-0.0690362
6.83039,299.783,18.1961,,-0.345201
6.84027,299.285,16.2289,,-0.62242
6.85028,298.514,13.9868,,-0.888571
6.86029,297.48,11.481,,-1.15552
6.8703,296.177,8.7277,,-1.42111
6.88031,294.61,5.76639,,-1.68889
6.89032,292.773,2.68443,,-1.95668
6.90033,290.675,-0.449544,,-2.21171
6.91034,288.317,-3.55104,,-2.4805
6.92035,285.697,-6.50877,,-2.73269
6.93036,282.822,-9.34608,,-2.99118
6.94037,279.69,-12.0049,,-3.24884
6.95038,276.304,-14.4872,,-3.49521
6.96039,272.673,-16.8015,,-3.74363
6.97028,268.797,-18.9503,,-3.98334
6.98029,264.676,-20.9189,,-4.23127
6.9903,260.319,-22.7372,,-4.45935
7.00031,255.731,-24.4016,,-4.68995
7.01032,250.907,-25.9203,,-4.93512
7.02033,245.855,-27.3169,,-5.14698
7.03034,240.587,-28.5842,,-5.36706
7.04035,235.103,-29.7367,,-5.57877
7.05036,229.409,-30.7852,,-5.78776
7.06037,223.505,-31.729,,-5.99767
7.07038,217.402,-32.5669,,-6.19316
7.08039,211.099,-33.3229,,-6.38697
7.09027,204.611,-34.0001,,-6.57222
7.10028,197.935,-34.616,,-6.7584
7.11029,191.079,-35.1758,,-6.93395
7.1203,184.056,-35.6808,,-7.09823
7.13031,176.865,-36.134,,-7.26458
7.14032,169.515,-36.5422,,-7.41781
7.15033,162.017,-36.8932,,-7.56547
7.16034,154.369,-37.2219,,-7.71368
7.17035,146.582,-37.5012,,-7.84403
7.18036,138.667,-37.7568,,-7.97416
7.19037,130.624,-37.9876,,-8.09721
7.20038,122.463,-38.2042,,-8.21194
7.21039,114.192,-38.3802,,-8.31692
7.22028,105.82,-38.5586,,-8.41509
7.23029,97.3515,-38.6913,,-8.51403
7.2403,88.7912,-38.8114,,-8.59442
7.25031,80.1553,-38.9166,,-8.67053
7.26032,71.447,-39.0104,,-8.73811
7.27033,62.6748,-39.0878,,-8.79886
7.28034,53.8462,-39.1645,,-8.8513
7.29035,44.9691,-39.2209,,-8.89662
7.30036,36.0507,-39.2708,,-8.93485
7.31037,27.1,-39.2995,,-8.96312
7.32038,18.1253,-39.3222,,-8.98354
7.33039,9.13452,-39.3327,,-8.99558
7.34027,0.135,-39.335,,-9.00051
7.35028,-8.86441,-39.3242,,-8.99744
7.36029,-17.8558,-39.3093,,-8.98571
7.3703,-26.8316,-39.2822,,-8.96638
7.38031,-35.7829,-39.2525,,-8.9381
7.39032,-44.7019,-39.2126,,-8.90161
7.40033,-53.5798,-39.1598,,-8.85799
7.41034,-62.4113,-39.1027,,-8.80764
7.42035,-71.1858,-39.0304,,-8.74646
7.43036,-79.8958,-38.9613,,-8.67958
7.44037,-88.5363,-38.873,,-8.60683
7.45038,-97.0959,-38.7793,,-8.52088
7.46039,-105.566,-38.6866,,-8.42707
7.47028,-113.941,-38.5733,,-8.33064
7.48029,-122.214,-38.4533,,-8.22307
7.4903,-130.377,-38.3193,,-8.11527
7.50031,-138.426,-38.1809,,-7.99232
7.51032,-146.347,-38.0435,,-7.86187
7.52033,-154.137,-37.875,,-7.72918
7.53034,-161.788,-37.7301,,-7.58675
7.54035,-169.294,-37.5494,,-7.43868
7.55036,-176.648,-37.3691,,-7.28385
7.56037,-183.843,-37.1724,,-7.12229
7.57038,-190.874,-36.9679,,-6.95549
7.58039,-197.733,-36.7522,,-6.77668
7.59027,-204.408,-36.5318,,-6.59282
7.60028,-210.904,-36.2976,,-6.41605
7.61029,-217.213,-36.0577,,-6.21973
7.6203,-223.322,-35.7875,,-6.01762
7.63031,-229.228,-35.516,,-5.81665
7.64032,-234.932,-35.2291,,-5.60852
7.65033,-240.423,-34.9274,,-5.39525
7.66034,-245.7,-34.6165,,-5.17842
7.67035,-250.753,-34.2832,,-4.95344
7.68036,-255.584,-33.9328,,-4.72402
7.69037,-260.179,-33.5663,,-4.49241
7.70038,-264.542,-33.1762,,-4.25775
7.71039,-268.672,-32.7595,,-4.02348
7.72028,-272.558,-32.3275,,-3.7723
7.73029,-276.196,-31.877,,-3.52804
7.7403,-279.586,-31.3848,,-3.27561
7.75031,-282.724,-30.8674,,-3.02716
7.76032,-285.61,-30.3134,,-2.76832
7.77033,-288.237,-29.7084,,-2.51044
7.78034,-290.604,-29.0594,,-2.25122
7.79035,-292.71,-28.3711,,-1.98551
7.80036,-294.551,-27.6176,,-1.72526
7.81037,-296.131,-26.7914,,-1.45978
7.82038,-297.445,-25.8855,,-1.19207
7.83039,-298.487,-24.8971,,-0.920925
7.84027,-299.261,-23.7836,,-0.654038
7.85028,-299.768,-22.5362,,-0.386073
7.86029,-299.996,-21.1393,,-0.102741
7.8703,-299.966,-19.5662,,0.142345
7.88031,-299.671,-17.7701,,0.421498
7.89032,-299.098,-15.7355,,0.696054
7.90033,-298.255,-13.4377,,0.961911
7.91034,-297.143,-10.8609,,1.23431
7.92035,-295.764,-8.06084,,1.49845
7.93036,-294.12,-5.07845,,1.76288
7.94037,-292.21,-1.99336,,2.02801
7.95038,-290.04,1.11999,,2.28814
7.96039,-287.609,4.15906,,2.54847
7.97028,-284.918,7.08472,,2.80747
7.98029,-281.967,9.85761,,3.0665
7.9903,-278.766,12.4463,,3.31192
8.00031,-275.312,14.866,,3.56788
8.01032,-271.609,17.0931,,3.8138
8.02033,-267.663,19.1739,,4.05241
8.03034,-263.479,21.0788,,4.2925
8.04035,-259.056,22.837,,4.52973
8.05036,-254.392,24.4495,,4.7687
8.06037,-249.51,25.9256,,4.97862
8.07038,-244.405,27.2757,,5.20626
8.08039,-239.076,28.4885,,5.43019
8.09027,-233.527,29.5954,,5.64244
8.10028,-227.77,30.5801,,5.8522
8.11029,-221.805,31.4828,,6.0528
8.1203,-215.65,32.2982,,6.24303
8.13031,-209.297,33.0396,,6.44004
8.14032,-202.754,33.6935,,6.62732
8.15033,-196.03,34.2809,,6.80206
8.16034,-189.133,34.8111,,6.97577
8.17035,-182.063,35.2883,,7.14194
8.18036,-174.83,35.7091,,7.31185
8.19037,-167.429,36.1044,,7.46853
8.20038,-159.886,36.4562,,7.60222
8.21039,-152.201,36.7597,,7.75217
8.22028,-144.376,37.0487,,7.88375
8.23029,-136.422,37.2897,,8.01124
8.2403,-128.346,37.5097,,8.12817
8.25031,-120.154,37.7009,,8.24369
8.26032,-111.854,37.8868,,8.34401
8.27033,-103.456,38.0317,,8.44224
8.28034,-94.9616,38.1765,,8.53638
8.29035,-86.3793,38.2976,,8.61682
8.30036,-77.7216,38.4047,,8.68966
8.31037,-68.995,38.4853,,8.75643
8.32038,-60.2063,38.5642,,8.81408
8.33039,-51.3637,38.6182,,8.86538
8.34027,-42.4736,38.6793,,8.90826
8.35028,-33.5459,38.715,,8.94321
8.36029,-24.5871,38.7513,,8.96946
8.3703,-15.6072,38.7656,,8.98778
8.38031,-6.61282,38.7836,,8.99841
8.39032,2.38744,38.7838,,9.00089
8.40033,11.3854,38.7694,,8.99454
8.41034,20.3731,38.7495,,8.9803
8.42035,29.3426,38.7238,,8.9595
8.43036,38.2858,38.6868,,8.92913
8.44037,47.1948,38.6371,,8.89097
8.45038,56.0612,38.5933,,8.84545
8.46039,64.8768,38.527,,8.79089
8.47028,73.6343,38.4634,,8.72773
8.48029,82.3248,38.3807,,8.65929
8.4903,90.9419,38.2984,,8.58159
8.50031,99.4788,38.1989,,8.49689
8.51032,107.923,38.0924,,8.40068
8.52033,116.269,37.9768,,8.30198
8.53034,124.513,37.8641,,8.19511
8.54035,132.646,37.7348,,8.07963
8.55036,140.659,37.5967,,7.95892
8.56037,148.544,37.463,,7.82365
8.57038,156.296,37.3087,,7.6916
8.58039,163.908,37.1281,,7.54704
8.59027,171.371,36.9557,,7.39215
8.60028,178.68,36.7667,,7.2403
8.61029,185.83,36.574,,7.07477
8.6203,192.811,36.3662,,6.904
8.63031,199.621,36.1584,,6.73028
8.64032,206.249,35.9522,,6.54582
8.65033,212.692,35.7016,,6.35651
8.66034,218.943,35.4625,,6.16326
8.67035,224.996,35.1838,,5.96419
8.68036,230.85,34.9068,,5.76096
8.69037,236.496,34.6108,,5.55086
8.70038,241.925,34.3211,,5.33011
8.71039,247.137,34.006,,5.11775
8.72028,252.134,33.6873,,4.89349
8.73029,256.896,33.326,,4.65503
8.7403,261.427,32.9499,,4.42882
8.75031,265.727,32.5426,,4.19213
8.76032,269.785,32.1331,,3.94945
8.77033,273.603,31.6839,,3.7101
8.78034,277.173,31.2366,,3.4557
8.79035,280.491,30.7279,,3.20393
8.80036,283.559,30.2217,,2.95497
8.81037,286.371,29.6412,,2.69638
8.82038,288.928,29.0407,,2.44198
8.83039,291.225,28.3819,,2.17716
8.84027,293.255,27.664,,1.91136
8.85028,295.024,26.8979,,1.65021
8.86029,296.528,26.056,,1.38426
8.8703,297.764,25.1428,,1.11673
8.88031,298.734,24.1167,,0.848367
8.89032,299.432,22.9813,,0.576378
8.90033,299.861,21.7027,,0.303411
8.91034,300.011,20.252,,0.0357238
8.92035,299.911,18.6218,,-0.222439
8.93036,299.533,16.7803,,-0.500475
8.94037,298.886,14.6696,,-0.768903
8.95038,297.968,12.3192,,-1.03711
8.96039,296.785,9.6937,,-1.30373
8.97028,295.334,6.85496,,-1.57204
8.98029,293.616,3.84775,,-1.83791
8.9903,291.63,0.756465,,-2.10524
9.00031,289.383,-2.33042,,-2.36376
9.01032,286.877,-5.32889,,-2.621
9.02033,284.115,-8.18634,,-2.87691
9.03034,281.096,-10.8918,,-3.13633
9.04035,277.822,-13.4229,,-3.38437
9.05036,274.302,-15.7608,,-3.63145
9.06037,270.531,-17.9495,,-3.88591
9.07038,266.515,-19.9576,,-4.12131
9.08039,262.26,-21.8136,,-4.36351
9.09027,257.771,-23.5087,,-4.58973
9.10028,253.057,-25.0645,,-4.81948
9.11029,248.105,-26.4831,,-5.05402
9.1203,242.93,-27.7804,,-5.27548
9.13031,237.539,-28.9594,,-5.48538
9.14032,231.935,-30.0299,,-5.69827
9.15033,226.123,-30.988,,-5.90452
9.16034,220.105,-31.8587,,-6.11151
9.17035,213.887,-32.6329,,-6.30087
9.18036,207.484,-33.3314,,-6.48934
9.19037,200.891,-33.9615,,-6.67835
9.20038,194.115,-34.534,,-6.85263
9.21039,187.166,-35.0536,,-7.02873
9.22028,180.047,-35.5076,,-7.18966
9.23029,172.769,-35.93,,-7.34966
9.2403,165.335,-36.2972,,-7.50296
9.25031,157.749,-36.6233,,-7.65438
9.26032,150.018,-36.9286,,-7.78916
9.27033,142.16,-37.1815,,-7.91475
9.28034,134.173,-37.4288,,-8.045
9.29035,126.062,-37.6449,,-8.16293
9.30036,117.839,-37.8365,,-8.27191
9.31037,109.51,-38.0106,,-8.37454
9.32038,101.082,-38.155,,-8.47144
9.33039,92.5633,-38.2808,,-8.55646
9.34027,83.9604,-38.3915,,-8.63799
9.35028,75.2835,-38.4979,,-8.70851
9.36029,66.5381,-38.5888,,-8.77361
9.3703,57.7337,-38.6643,,-8.82959
9.38031,48.8756,-38.7275,,-8.88003
9.39032,39.974,-38.7673,,-8.91847
9.40033,31.0374,-38.8036,,-8.94996
9.41034,22.0724,-38.8317,,-8.97536
9.42035,13.0875,-38.8484,,-8.99199
9.43036,4.09073,-38.8668,,-8.99969
9.44037,-4.90974,-38.8662,,-8.99979
9.45038,-13.9057,-38.8619,,-8.99178
9.46039,-22.889,-38.8376,,-8.97486
9.47028,-31.8517,-38.806,,-8.95137
9.48029,-40.7859,-38.7604,,-8.91939
9.4903,-49.6837,-38.7205,,-8.8788
9.50031,-58.5362,-38.6626,,-8.83007
9.51032,-67.3357,-38.6188,,-8.77356
9.52033,-76.0759,-38.5464,,-8.71121
9.53034,-84.747,-38.4656,,-8.63749
9.54035,-93.3416,-38.3788,,-8.55902
9.55036,-101.854,-38.2698,,-8.47122
9.56037,-110.272,-38.1659,,-8.37602
9.57038,-118.593,-38.0566,,-8.2732
9.58039,-126.806,-37.9348,,-8.16202
9.59027,-134.904,-37.808,,-8.04557
9.60028,-142.881,-37.6771,,-7.92026
9.61029,-150.731,-37.5294,,-7.79092
9.6203,-158.445,-37.3714,,-7.65073
9.63031,-166.015,-37.1961,,-7.5023
9.64032,-173.435,-37.0184,,-7.35116
9.65033,-180.701,-36.834,,-7.19519
9.66034,-187.803,-36.64,,-7.02711
9.67035,-194.738,-36.4382,,-6.85687
9.68036,-201.495,-36.2185,,-6.67578
9.69037,-208.073,-35.9922,,-6.49432
9.70038,-214.463,-35.7508,,-6.30562
9.71039,-220.662,-35.5035,,-6.11019
9.72028,-226.658,-35.229,,-5.90416
9.73029,-232.453,-34.9532,,-5.70231
9.7403,-238.038,-34.6662,,-5.49039
9.75031,-243.41,-34.3627,,-5.27112
9.76032,-248.56,-34.0442,,-5.05122
9.77033,-253.488,-33.7132,,-4.82748
9.78034,-258.189,-33.3495,,-4.59702
9.79035,-262.657,-32.9589,,-4.35987
9.80036,-266.888,-32.5664,,-4.12888
9.81037,-270.882,-32.1363,,-3.87783
9.82038,-274.627,-31.6969,,-3.63871
9.83039,-278.126,-31.2363,,-3.38327
9.84027,-281.374,-30.7271,,-3.13902
9.85028,-284.375,-30.2048,,-2.88378
9.86029,-287.112,-29.622,,-2.62109
9.8703,-289.595,-28.9948,,-2.36705
9.88031,-291.818,-28.3223,,-2.1046
9.89032,-293.778,-27.6074,,-1.84062
9.90033,-295.472,-26.8159,,-1.57721
9.91034,-296.902,-25.9643,,-1.30753
9.92035,-298.061,-25.0284,,-1.03774
9.93036,-298.953,-23.9785,,-0.773377
9.94037,-299.579,-22.7918,,-0.504106
9.95038,-299.933,-21.4722,,-0.228125
9.96039,-300.013,-19.9855,,0.0332274
9.97028,-299.835,-18.2982,,0.302845
9.98029,-299.383,-16.3952,,0.572623
9.9903,-298.66,-14.2426,,0.845375
10.0003,-297.667,-11.8011,,1.11496
10.0103,-296.404,-9.1173,,1.38236
10.0203,-294.879,-6.22737,,1.644
10.0303,-293.084,-3.19566,,1.91489
10.0403,-291.027,-0.114998,,2.17291
10.0504,-288.71,2.93832,,2.43608
10.0604,-286.131,5.87224,,2.69567
10.0704,-283.294,8.70097,,2.95158
10.0804,-280.202,11.339,,3.20541
10.0903,-276.859,13.8147,,3.45658
10.1003,-273.266,16.1093,,3.70215
10.1103,-269.431,18.2243,,3.94579
10.1203,-265.349,20.1812,,4.19136
10.1303,-261.028,21.9753,,4.42832
10.1403,-256.47,23.6211,,4.66246
10.1503,-251.684,25.1317,,4.88497
10.1603,-246.675,26.5207,,5.11134
10.1704,-241.443,27.7602,,5.33159
10.1804,-235.992,28.9001,,5.54793
10.1904,-230.325,29.9289,,5.76278
10.2004,-224.453,30.8467,,5.96091
10.2104,-218.382,31.6863,,6.16029
10.2203,-212.115,32.4417,,6.35303
10.2303,-205.656,33.1185,,6.54589
10.2403,-199.011,33.723,,6.7253
10.2503,-192.184,34.2703,,6.90558
10.2603,-185.186,34.7642,,7.07709
10.2703,-178.016,35.204,,7.23915
10.2803,-170.698,35.6085,,7.38831
10.2903,-163.221,35.9738,,7.54515
10.3004,-155.598,36.2889,,7.68753
10.3104,-147.833,36.5764,,7.82618
10.3204,-139.935,36.8301,,7.95515
10.3304,-131.913,37.0546,,8.07727
10.3403,-123.769,37.256,,8.1951
10.3503,-115.515,37.4483,,8.30241
10.3603,-107.157,37.616,,8.40131
10.3703,-98.7044,37.7575,,8.49487
10.3803,-90.1609,37.8842,,8.58119
10.3903,-81.5373,37.9972,,8.657
10.4003,-72.8405,38.0842,,8.72919
10.4103,-64.0766,38.1638,,8.79081
10.4204,-55.2562,38.2379,,8.84362
10.4304,-46.3855,38.296,,8.89161
10.4404,-37.4727,38.3409,,8.92835
10.4504,-28.5274,38.3781,,8.95845
10.4604,-19.5561,38.4033,,8.98082
10.4703,-10.567,38.4143,,8.99433
10.4803,-1.56851,38.4193,,9.00037
10.4903,7.4314,38.4156,,8.9983
10.5003,16.4247,38.4076,,8.98815
10.5103,25.4035,38.3819,,8.97008
10.5203,34.3589,38.3485,,8.94258
10.5303,43.2832,38.3089,,8.90803
10.5403,52.1694,38.2651,,8.86641
10.5504,61.0081,38.2011,,8.8148
10.5604,69.7917,38.1469,,8.75763
10.5704,78.5133,38.0734,,8.6911
10.5804,87.1647,37.9951,,8.61846
10.5903,95.7393,37.902,,8.53613
10.6003,104.222,37.7977,,8.43924
10.6103,112.613,37.6856,,8.34864
10.6203,120.904,37.572,,8.24218
10.6303,129.085,37.4524,,8.13043
10.6403,137.151,37.3264,,8.01263
10.6503,145.094,37.1939,,7.88694
10.6603,152.907,37.0389,,7.75038
10.6704,160.581,36.8757,,7.61043
10.6804,168.111,36.7051,,7.46336
10.6904,175.491,36.5251,,7.30819
10.7004,182.71,36.3344,,7.14826
10.7104,189.766,36.1437,,6.9769
10.7203,196.651,35.94,,6.80914
10.7303,203.357,35.7236,,6.62273
10.7403,209.881,35.4956,,6.44257
10.7503,216.219,35.2527,,6.24922
10.7603,222.359,34.998,,6.05335
10.7703,228.303,34.7287,,5.8501
10.7803,234.037,34.4409,,5.63924
10.7903,239.56,34.1505,,5.42776
10.8004,244.871,33.8443,,5.21305
10.8104,249.965,33.5187,,5.00041
10.8204,254.834,33.1843,,4.75656
10.8304,259.465,32.8209,,4.53016
10.8403,263.867,32.4361,,4.29445
10.8503,268.03,32.0262,,4.05477
10.8603,271.953,31.5994,,3.81592
10.8703,275.632,31.1496,,3.56663
10.8803,279.061,30.6827,,3.31596
10.8903,282.239,30.1697,,3.06596
10.9003,285.165,29.6247,,2.80918
10.9103,287.835,29.0362,,2.5564
10.9204,290.246,28.4074,,2.29026
10.9304,292.396,27.7235,,2.03672
10.9404,294.285,26.9776,,1.76485
10.9504,295.9,26.1757,,1.49702
10.9604,297.254,25.2998,,1.2332
10.9703,298.341,24.3315,,0.96658
10.9803,299.157,23.2603,,0.694904
10.9903,299.706,22.0484,,0.429893
11.0003,299.978,20.6834,,0.141746
11.0103,299.987,19.1498,,-0.0992719
11.0203,299.736,17.4108,,-0.37702
11.0303,299.207,15.4358,,-0.651982
11.0403,298.407,13.2016,,-0.920454
11.0504,297.34,10.7069,,-1.18811
11.0604,296.003,7.97677,,-1.45606
11.0704,294.402,5.04757,,-1.72054
11.0804,292.534,2.0076,,-1.98817
11.0903,290.405,-1.06708,,-2.24633
11.1003,288.011,-4.09504,,-2.51181
11.1103,285.359,-6.99568,,-2.7664
11.1203,282.452,-9.75319,,-3.0228
11.1303,279.289,-12.3461,,-3.27571
11.1403,275.876,-14.741,,-3.52416
11.1503,272.215,-16.9796,,-3.77358
11.1603,268.308,-19.0385,,-4.0147
11.1704,264.161,-20.9349,,-4.25645
11.1804,259.774,-22.6894,,-4.49285
11.1904,255.155,-24.2836,,-4.72061
11.2004,250.308,-25.7587,,-4.95144
11.2104,245.231,-27.089,,-5.17888
11.2203,239.934,-28.3048,,-5.39118
11.2303,234.424,-29.4042,,-5.60883
11.2403,228.701,-30.391,,-5.81445
11.2503,222.773,-31.2798,,-6.01996
11.2603,216.646,-32.0953,,-6.21574
11.2703,210.323,-32.81,,-6.40732
11.2803,203.811,-33.4698,,-6.59831
11.2903,197.114,-34.0603,,-6.77634
11.3004,190.241,-34.597,,-6.94981
11.3104,183.198,-35.0656,,-7.11997
11.3204,175.987,-35.4871,,-7.28298
11.3304,168.62,-35.8785,,-7.43513
11.3403,161.1,-36.2143,,-7.58905
11.3503,153.433,-36.5288,,-7.72766
11.3603,145.633,-36.8193,,-7.86125
11.3703,137.698,-37.0549,,-7.99215
11.3803,129.64,-37.2911,,-8.11102
11.3903,121.467,-37.4741,,-8.2233
11.4003,113.184,-37.6561,,-8.33123
11.4103,104.799,-37.8073,,-8.42715
11.4204,96.3195,-37.9515,,-8.52185
11.4304,87.7515,-38.0746,,-8.60437
11.4404,79.1061,-38.1813,,-8.6781
11.4504,70.3897,-38.2703,,-8.7463
11.4604,61.6105,-38.3526,,-8.80558
11.4703,52.7742,-38.4061,,-8.85919
11.4803,43.891,-38.4642,,-8.90216
11.4903,34.9687,-38.5139,,-8.93768
11.5003,26.0156,-38.5433,,-8.96516
11.5103,17.0386,-38.5691,,-8.98499
11.5203,8.04594,-38.5835,,-8.99725
11.5303,-0.953918,-38.5898,,-9.00091
11.5403,-9.95287,-38.5716,,-8.99629
11.5504,-18.9429,-38.5564,,-8.98376
11.5604,-27.9156,-38.5438,,-8.96304
11.5704,-36.8633,-38.5122,,-8.93346
11.5804,-45.7773,-38.4765,,-8.89705
11.5903,-54.6508,-38.4309,,-8.85284
11.6003,-63.4753,-38.3744,,-8.79974
11.6103,-72.2421,-38.293,,-8.73909
11.6203,-80.9451,-38.2256,,-8.67259
11.6303,-89.5756,-38.1367,,-8.59476
11.6403,-98.1237,-38.049,,-8.50916
11.6503,-106.583,-37.9545,,-8.4176
11.6603,-114.948,-37.8569,,-8.31945
11.6704,-123.208,-37.7468,,-8.21084
11.6804,-131.358,-37.61,,-8.09791
11.6904,-139.389,-37.4734,,-7.97733
11.7004,-147.297,-37.3189,,-7.84844
11.7104,-155.071,-37.166,,-7.71253
11.7203,-162.705,-37.0102,,-7.56856
11.7303,-170.19,-36.8509,,-7.4159
11.7403,-177.523,-36.6734,,-7.26385
11.7503,-184.701,-36.4931,,-7.10718
11.7603,-191.713,-36.2786,,-6.93122
11.7703,-198.547,-36.0619,,-6.7564
11.7803,-205.204,-35.8351,,-6.57598
11.7903,-211.679,-35.6038,,-6.38858
11.8004,-217.959,-35.3592,,-6.19409
11.8104,-224.049,-35.117,,-5.99868
11.8204,-229.932,-34.848,,-5.79028
11.8304,-235.609,-34.5653,,-5.58345
11.8403,-241.073,-34.2592,,-5.36622
11.8503,-246.322,-33.9471,,-5.15327
11.8603,-251.345,-33.6169,,-4.91685
11.8703,-256.146,-33.2611,,-4.70343
11.8803,-260.719,-32.8974,,-4.46713
11.8903,-265.057,-32.5185,,-4.23123
11.9003,-269.156,-32.1065,,-3.98831
11.9103,-273.009,-31.6826,,-3.7429
11.9204,-276.619,-31.225,,-3.50185
11.9304,-279.983,-30.7312,,-3.24861
11.9404,-283.092,-30.2161,,-2.9933
11.9504,-285.941,-29.6518,,-2.73433
11.9604,-288.531,-29.0558,,-2.4743
11.9703,-290.869,-28.4188,,-2.22171
11.9803,-292.948,-27.7315,,-1.9621
11.9903,-294.76,-26.9758,,-1.68827
12.0003,-296.305,-26.1464,,-1.42883
12.0103,-297.588,-25.2454,,-1.16114
12.0203,-298.599,-24.2498,,-0.888906
12.0303,-299.339,-23.1333,,-0.618888
12.0403,-299.811,-21.8873,,-0.349453
12.0504,-300.003,-20.4857,,-0.0717226
12.0604,-299.945,-18.906,,0.173151
12.0704,-299.614,-17.1065,,0.456577
12.0804,-299.008,-15.0625,,0.729772
12.0903,-298.133,-12.7569,,0.993005
12.1003,-296.992,-10.1884,,1.26128
12.1103,-295.583,-7.40008,,1.53048
12.1203,-293.906,-4.44741,,1.79759
12.1303,-291.962,-1.38803,,2.06158
12.1403,-289.76,1.6718,,2.31832
12.1503,-287.298,4.65821,,2.5802
12.1603,-284.573,7.52026,,2.84152
12.1704,-281.594,10.224,,3.09146
12.1804,-278.361,12.7572,,3.34767
12.1904,-274.877,15.1094,,3.59419
12.2004,-271.147,17.2817,,3.84147
12.2104,-267.172,19.3,,4.08372
12.2203,-262.955,21.1459,,4.32555
12.2303,-258.501,22.8456,,4.56218
12.2403,-253.82,24.3998,,4.77626
12.2503,-248.911,25.8176,,5.01625
12.2603,-243.77,27.1194,,5.2399
12.2703,-238.411,28.292,,5.45586
12.2803,-232.842,29.3521,,5.66188
12.2903,-227.062,30.3205,,5.87603
12.3004,-221.075,31.1744,,6.07622
12.3104,-214.892,31.9505,,6.27139
12.3204,-208.517,32.6585,,6.46002
12.3304,-201.951,33.288,,6.64881
12.3403,-195.204,33.8553,,6.82857
12.3503,-188.282,34.3674,,6.99544
12.3603,-181.195,34.8256,,7.16099
12.3703,-173.942,35.2437,,7.33096
12.3803,-166.526,35.6075,,7.48132
12.3903,-158.963,35.9493,,7.62743
12.4003,-151.26,36.2489,,7.76448
12.4103,-143.422,36.5145,,7.89815
12.4204,-135.452,36.7576,,8.02738
12.4304,-127.361,36.9664,,8.14408
12.4404,-119.156,37.1544,,8.25267
12.4504,-110.844,37.3321,,8.35913
12.4604,-102.431,37.479,,8.45408
12.4703,-93.9287,37.6128,,8.54348
12.4803,-85.3373,37.7314,,8.62726
12.4903,-76.6698,37.8416,,8.69926
12.5003,-67.9343,37.9241,,8.76439
12.5103,-59.1389,37.99,,8.81987
12.5203,-50.2899,38.0614,,8.87204
12.5303,-41.3948,38.0991,,8.91307
12.5403,-32.4628,38.1437,,8.94553
12.5504,-23.5017,38.1754,,8.97254
12.5604,-14.5191,38.2066,,8.98948
12.5704,-5.52412,38.2174,,8.99915
12.5804,3.47624,38.2148,,9.00026
12.5903,12.4733,38.1944,,8.99318
12.6003,21.4594,38.1763,,8.97846
12.6103,30.4259,38.1412,,8.95522
12.6203,39.3653,38.1159,,8.92563
12.6303,48.2695,38.0827,,8.88647
12.6403,57.13,38.029,,8.83792
12.6503,65.9388,37.9719,,8.78322
12.6603,74.6878,37.9031,,8.71956
12.6704,83.3706,37.8135,,8.65201
12.6804,91.9792,37.7328,,8.57165
12.6904,100.504,37.6329,,8.48379
12.7004,108.936,37.5401,,8.39111
12.7104,117.273,37.4293,,8.29156
12.7203,125.505,37.3198,,8.18153
12.7303,133.622,37.1856,,8.06439
12.7403,141.621,37.0525,,7.94323
12.7503,149.491,36.8996,,7.80779
12.7603,157.224,36.7481,,7.67243
12.7703,164.818,36.5853,,7.53003
12.7803,172.267,36.4157,,7.37932
12.7903,179.557,36.2364,,7.21693
12.8004,186.684,36.0413,,7.05021
12.8104,193.642,35.8386,,6.88431
12.8204,200.431,35.6306,,6.70897
12.8304,207.039,35.4024,,6.52598
12.8403,213.46,35.1733,,6.3331
12.8503,219.688,34.9219,,6.13974
12.8603,225.719,34.6583,,5.94335
12.8703,231.545,34.39,,5.72763
12.8803,237.161,34.1036,,5.5248
12.8903,242.569,33.8092,,5.30948
12.9003,247.755,33.4835,,5.08849
12.9103,252.726,33.1627,,4.86595
12.9204,257.456,32.7973,,4.62528
12.9304,261.957,32.4314,,4.39848
12.9404,266.226,32.0415,,4.16192
12.9504,270.256,31.617,,3.92137
12.9604,274.043,31.1894,,3.67698
12.9703,277.585,30.7177,,3.43132
12.9803,280.877,30.2271,,3.17597
12.9903,283.912,29.7082,,2.92032
13.0003,286.693,29.134,,2.66822
13.0103,289.219,28.523,,2.40682
13.0203,291.483,27.8695,,2.14667
13.0303,293.481,27.1533,,1.87797
13.0403,295.218,26.3845,,1.62123
13.0504,296.692,25.5438,,1.35107
13.0604,297.895,24.619,,1.08253
13.0704,298.83,23.6023,,0.815233
13.0804,299.498,22.461,,0.548265
13.0903,299.898,21.1596,,0.273367
13.1003,300.018,19.7083,,3.06E-03
13.1103,299.881,18.0691,,-0.256127
13.1203,299.474,16.2039,,-0.531786
13.1303,298.79,14.0999,,-0.805992
13.1403,297.842,11.7311,,-1.06612
13.1503,296.624,9.11249,,-1.34245
13.1603,295.134,6.26534,,-1.60668
13.1704,293.383,3.27526,,-1.86986
13.1804,291.371,0.22085,,-2.131
13.1904,289.092,-2.83784,,-2.39548
13.2004,286.559,-5.78461,,-2.64903
13.2104,283.765,-8.58684,,-2.90949
13.2203,280.716,-11.2348,,-3.16511
13.2303,277.411,-13.7064,,-3.42132
13.2403,273.852,-15.9994,,-3.66628
13.2503,270.055,-18.1266,,-3.9048
13.2603,266.016,-20.0963,,-4.1508
13.2703,261.732,-21.8977,,-4.3909
13.2803,257.213,-23.5507,,-4.62442
13.2903,252.462,-25.0617,,-4.85088
13.3004,247.487,-26.4438,,-5.07356
13.3104,242.293,-27.6954,,-5.29835
13.3204,236.873,-28.8407,,-5.51757
13.3304,231.241,-29.8638,,-5.72411
13.3403,225.402,-30.7946,,-5.92877
13.3503,219.364,-31.6259,,-6.12929
13.3603,213.127,-32.3898,,-6.32488
13.3703,206.698,-33.0628,,-6.5123
13.3803,200.08,-33.6745,,-6.70262
13.3903,193.284,-34.2253,,-6.87387
13.4003,186.317,-34.7183,,-7.04385
13.4103,179.178,-35.1627,,-7.21205
13.4204,171.878,-35.5708,,-7.37248
13.4304,164.421,-35.9224,,-7.52382
13.4404,156.82,-36.2531,,-7.66485
13.4504,149.078,-36.5317,,-7.80251
13.4604,141.202,-36.7953,,-7.93752
13.4703,133.195,-37.0252,,-8.05988
13.4803,125.072,-37.2343,,-8.17583
13.4903,116.836,-37.4141,,-8.28321
13.5003,108.497,-37.5829,,-8.38534
13.5103,100.056,-37.7308,,-8.48222
13.5203,91.5279,-37.862,,-8.56682
13.5303,82.9145,-37.9626,,-8.64882
13.5403,74.2282,-38.0628,,-8.71668
13.5504,65.4755,-38.1431,,-8.78104
13.5604,56.664,-38.2193,,-8.83592
13.5704,47.8009,-38.2776,,-8.88363
13.5804,38.8954,-38.3336,,-8.92227
13.5903,29.9545,-38.3683,,-8.95448
13.6003,20.9864,-38.3909,,-8.97814
13.6103,11.9995,-38.4054,,-8.99298
13.6203,3.00178,-38.4171,,-9.0004
13.6303,-5.9984,-38.4119,,-8.99899
13.6403,-14.9932,-38.4133,,-8.9898
13.6503,-23.9745,-38.3912,,-8.97297
13.6603,-32.9343,-38.364,,-8.94795
13.6704,-41.8646,-38.3299,,-8.915
13.6804,-50.7571,-38.2847,,-8.87268
13.6904,-59.6034,-38.2247,,-8.82427
13.7004,-68.3973,-38.1726,,-8.76743
13.7104,-77.1289,-38.0979,,-8.70105
13.7203,-85.7907,-38.0292,,-8.62858
13.7303,-94.3766,-37.939,,-8.55017
13.7403,-102.876,-37.838,,-8.45701
13.7503,-111.282,-37.7387,,-8.36328
13.7603,-119.59,-37.6229,,-8.26108
13.7703,-127.79,-37.503,,-8.14935
13.7803,-135.875,-37.3806,,-8.03135
13.7903,-143.837,-37.2428,,-7.9042
13.8004,-151.67,-37.0988,,-7.77372
13.8104,-159.368,-36.9399,,-7.6333
13.8204,-166.919,-36.7633,,-7.48513
13.8304,-174.323,-36.5909,,-7.33503
13.8403,-181.57,-36.4085,,-7.17336
13.8503,-188.652,-36.2201,,-7.00743
13.8603,-195.562,-36.0186,,-6.83143
13.8703,-202.3,-35.8079,,-6.65893
13.8803,-208.858,-35.5745,,-6.47121
13.8903,-215.221,-35.3307,,-6.27673
13.9003,-221.392,-35.0756,,-6.08306
13.9103,-227.366,-34.813,,-5.88495
13.9204,-233.138,-34.542,,-5.67665
13.9304,-238.699,-34.2601,,-5.46723
13.9404,-244.044,-33.9559,,-5.24378
13.9504,-249.169,-33.6306,,-5.02719
13.9604,-254.072,-33.2933,,-4.79989
13.9703,-258.741,-32.9294,,-4.56341
13.9803,-263.178,-32.5478,,-4.33104
13.9903,-267.381,-32.159,,-4.09946
14.0003,-271.345,-31.7343,,-3.85223
14.0103,-275.063,-31.2928,,-3.60598
14.0203,-278.53,-30.8293,,-3.3557
14.0303,-281.752,-30.3251,,-3.10892
14.0403,-284.718,-29.7836,,-2.84986
14.0504,-287.426,-29.2033,,-2.59156
14.0604,-289.877,-28.5814,,-2.33499
14.0704,-292.068,-27.9102,,-2.07306
14.0804,-293.996,-27.1908,,-1.80774
14.0903,-295.658,-26.3999,,-1.5456
14.1003,-297.055,-25.5356,,-1.27493
14.1103,-298.185,-24.5888,,-1.00904
14.1203,-299.045,-23.5344,,-0.74263
14.1303,-299.641,-22.3427,,-0.470691
14.1403,-299.959,-21.0119,,-0.189392
14.1503,-300.006,-19.525,,0.0620934
14.1603,-299.796,-17.8221,,0.333245
14.1704,-299.312,-15.9007,,0.606416
14.1804,-298.555,-13.7184,,0.879334
14.1904,-297.53,-11.2708,,1.14602
14.2004,-296.235,-8.57545,,1.41617
14.2104,-294.672,-5.69553,,1.68216
14.2203,-292.847,-2.67998,,1.94115
14.2303,-290.76,0.365558,,2.20679
14.2403,-288.41,3.39787,,2.46752
14.2503,-285.799,6.29679,,2.72718
14.2603,-282.931,9.07827,,2.98266
14.2703,-279.811,11.675,,3.2327
14.2803,-276.441,14.0927,,3.48271
14.2903,-272.818,16.3395,,3.73604
14.3004,-268.948,18.4091,,3.97796
14.3104,-264.837,20.3205,,4.22085
14.3204,-260.488,22.0762,,4.45199
14.3304,-255.906,23.6873,,4.68245
14.3403,-251.099,25.1691,,4.91592
14.3503,-246.055,26.5108,,5.14694
14.3603,-240.794,27.7233,,5.35415
14.3703,-235.319,28.8348,,5.57275
14.3803,-229.628,29.8258,,5.78595
14.3903,-223.734,30.7189,,5.98506
14.4003,-217.636,31.535,,6.18666
14.4103,-211.344,32.262,,6.37812
14.4204,-204.861,32.926,,6.56741
14.4304,-198.194,33.5113,,6.74786
14.4404,-191.347,34.0524,,6.92808
14.4504,-184.326,34.5253,,7.0938
14.4604,-177.145,34.9514,,7.25277
14.4703,-169.804,35.3374,,7.41267
14.4803,-162.306,35.6846,,7.56529
14.4903,-154.663,36.0018,,7.70632
14.5003,-146.881,36.2823,,7.84131
14.5103,-138.969,36.539,,7.97018
14.5203,-130.931,36.7642,,8.09065
14.5303,-122.778,36.9582,,8.20602
14.5403,-114.511,37.1315,,8.31453
14.5504,-106.141,37.289,,8.4136
14.5604,-97.6748,37.4237,,8.50928
14.5704,-89.1202,37.5489,,8.59052
14.5804,-80.4874,37.6612,,8.66618
14.5903,-71.7824,37.7661,,8.73549
14.6003,-63.0118,37.8376,,8.79814
14.6103,-54.1845,37.9065,,8.84948
14.6203,-45.3094,37.9627,,8.8954
14.6303,-36.3921,37.9963,,8.93402
14.6403,-27.4427,38.0386,,8.96091
14.6503,-18.4692,38.054,,8.98244
14.6603,-9.4786,38.0846,,8.9959
14.6704,-0.479586,38.0874,,9.00043
14.6804,8.51994,38.0805,,8.99752
14.6904,17.5118,38.0667,,8.98633
14.7004,26.4879,38.0379,,8.96656
14.7104,35.4401,38.012,,8.93898
14.7203,44.3614,37.9633,,8.90442
14.7303,53.2415,37.9236,,8.86053
14.7403,62.0745,37.8779,,8.80864
14.7503,70.851,37.81,,8.74926
14.7603,79.5633,37.7384,,8.6815
14.7703,88.205,37.6562,,8.60786
14.7803,96.7666,37.5676,,8.52304
14.7903,105.242,37.4634,,8.43338
14.8004,113.621,37.352,,8.33448
14.8104,121.898,37.2469,,8.22878
14.8204,130.067,37.1224,,8.11968
14.8304,138.121,36.9927,,7.99772
14.8403,146.047,36.8621,,7.86555
14.8503,153.84,36.7042,,7.73364
14.8603,161.496,36.5513,,7.59329
14.8703,169.011,36.3703,,7.44887
14.8803,176.375,36.1981,,7.29073
14.8903,183.571,36.0068,,7.12144
14.9003,190.604,35.818,,6.95907
14.9103,197.47,35.6196,,6.78637
14.9204,204.155,35.4084,,6.60421
14.9304,210.66,35.1663,,6.42222
14.9404,216.974,34.9287,,6.22353
14.9504,223.089,34.6701,,6.02711
14.9604,229.008,34.3981,,5.82778
14.9703,234.719,34.126,,5.6155
14.9803,240.217,33.8239,,5.40238
14.9903,245.503,33.5264,,5.19032
15.0003,250.567,33.2016,,4.95619
15.0103,255.399,32.855,,4.73423
15.0203,260.006,32.4955,,4.50118
15.0303,264.379,32.1088,,4.26735
15.0403,268.518,31.7092,,4.03159
15.0504,272.414,31.2809,,3.78397
15.0604,276.059,30.829,,3.53293
15.0704,279.456,30.3491,,3.28529
15.0804,282.605,29.8406,,3.03744
15.0903,285.503,29.2896,,2.7804
15.1003,288.139,28.6986,,2.52023
15.1103,290.516,28.0692,,2.25869
15.1203,292.633,27.3938,,2.00058
15.1303,294.488,26.6345,,1.73537
15.1403,296.076,25.8357,,1.46781
15.1503,297.397,24.9445,,1.19994
15.1603,298.454,23.9622,,0.941391
15.1704,299.241,22.8845,,0.659631
15.1804,299.754,21.6708,,0.3937
15.1904,299.994,20.2919,,0.115299
15.2004,299.972,18.7422,,-0.136722
15.2104,299.686,16.9833,,-0.410044
15.2203,299.123,14.985,,-0.684047
15.2303,298.292,12.7325,,-0.951541
15.2403,297.191,10.2248,,-1.22431
15.2503,295.821,7.48298,,-1.48802
15.2603,294.187,4.55814,,-1.75259
15.2703,292.29,1.52408,,-2.01463
15.2803,290.133,-1.52871,,-2.27628
15.2903,287.707,-4.53063,,-2.54679
15.3004,285.02,-7.39329,,-2.79963
15.3104,282.083,-10.1129,,-3.04994
15.3204,278.893,-12.6527,,-3.30573
15.3304,275.448,-15.0144,,-3.55704
15.3403,271.756,-17.2057,,-3.8013
15.3503,267.822,-19.2382,,-4.04328
15.3603,263.643,-21.1094,,-4.28761
15.3703,259.229,-22.8216,,-4.5195
15.3803,254.571,-24.387,,-4.76506
15.3903,249.697,-25.8231,,-4.96723
15.4003,244.603,-27.1226,,-5.19924
15.4103,239.28,-28.2983,,-5.42079
15.4204,233.743,-29.371,,-5.63203
15.4304,227.994,-30.3416,,-5.84265
15.4404,222.045,-31.2122,,-6.0387
15.4504,215.891,-32.0042,,-6.24393
15.4604,209.542,-32.7193,,-6.43419
15.4703,203.009,-33.3519,,-6.61474
15.4803,196.294,-33.9227,,-6.79485
15.4903,189.399,-34.4278,,-6.97436
15.5003,182.334,-34.8961,,-7.14061
15.5103,175.105,-35.3068,,-7.29958
15.5203,167.719,-35.6897,,-7.45612
15.5303,160.18,-36.0316,,-7.60596
15.5403,152.497,-36.334,,-7.7439
15.5504,144.679,-36.611,,-7.87882
15.5604,136.729,-36.8403,,-8.00672
15.5704,128.657,-37.0565,,-8.12413
15.5804,120.472,-37.2495,,-8.23578
15.5903,112.175,-37.4231,,-8.34483
15.6003,103.777,-37.5684,,-8.44098
15.6103,95.2855,-37.7137,,-8.53065
15.6203,86.7086,-37.8345,,-8.61318
15.6303,78.0553,-37.9292,,-8.68578
15.6403,69.3313,-38.0177,,-8.75369
15.6503,60.5441,-38.1019,,-8.81314
15.6603,51.702,-38.1653,,-8.8644
15.6704,42.8143,-38.2141,,-8.90618
15.6804,33.8876,-38.258,,-8.94263
15.6904,24.9298,-38.2907,,-8.96867
15.7004,15.9503,-38.3063,,-8.987
15.7104,6.95699,-38.3238,,-8.99723
15.7203,-2.04283,-38.3347,,-9.00086
15.7303,-11.041,-38.3185,,-8.99525
15.7403,-20.0293,-38.307,,-8.9813
15.7503,-28.9992,-38.2844,,-8.95943
15.7603,-37.9436,-38.2557,,-8.92988
15.7703,-46.8537,-38.2121,,-8.89347
15.7803,-55.7218,-38.1613,,-8.84635
15.7903,-64.5393,-38.1082,,-8.79253
15.8004,-73.2988,-38.0361,,-8.73227
15.8104,-81.9931,-37.9724,,-8.66154
15.8204,-90.613,-37.8895,,-8.58347
15.8304,-99.1511,-37.7988,,-8.50051
15.8403,-107.601,-37.6986,,-8.40788
15.8503,-115.955,-37.5929,,-8.30658
15.8603,-124.2,-37.4737,,-8.19601
15.8703,-132.336,-37.345,,-8.08517
15.8803,-140.354,-37.2135,,-7.96172
15.8903,-148.244,-37.0752,,-7.82985
15.9003,-156.001,-36.9174,,-7.69684
15.9103,-163.619,-36.7682,,-7.55121
15.9204,-171.086,-36.6,,-7.40132
15.9304,-178.405,-36.4142,,-7.24777
15.9404,-185.56,-36.2198,,-7.079
15.9504,-192.547,-36.0197,,-6.90819
15.9604,-199.359,-35.8074,,-6.73529
15.9703,-205.996,-35.5903,,-6.55426
15.9803,-212.447,-35.3559,,-6.36729
15.9903,-218.707,-35.1201,,-6.1728
16.0003,-224.77,-34.8625,,-5.96857
16.0103,-230.627,-34.5874,,-5.76585
16.0203,-236.278,-34.3035,,-5.55858
16.0303,-241.722,-34.0063,,-5.34644
16.0403,-246.943,-33.6906,,-5.11902
16.0504,-251.944,-33.3629,,-4.90382
16.0604,-256.718,-33.0093,,-4.6659
16.0704,-261.258,-32.6526,,-4.43763
16.0804,-265.564,-32.2587,,-4.19824
16.0903,-269.632,-31.8526,,-3.96028
16.1003,-273.459,-31.416,,-3.71472
16.1103,-277.036,-30.9561,,-3.46677
16.1203,-280.368,-30.4681,,-3.22146
16.1303,-283.447,-29.9516,,-2.96132
16.1403,-286.267,-29.3884,,-2.70564
16.1503,-288.833,-28.7875,,-2.45032
16.1603,-291.14,-28.1444,,-2.1895
16.1704,-293.184,-27.4476,,-1.92447
16.1804,-294.963,-26.6945,,-1.65805
16.1904,-296.473,-25.8498,,-1.39209
16.2004,-297.723,-24.9509,,-1.12912
16.2104,-298.701,-23.9415,,-0.856468
16.2203,-299.412,-22.813,,-0.591706
16.2303,-299.851,-21.5623,,-0.311666
16.2403,-300.011,-20.1446,,-0.0453265
16.2503,-299.921,-18.5372,,0.209324
16.2603,-299.558,-16.7159,,0.487395
16.2703,-298.92,-14.6519,,0.762318
16.2803,-298.011,-12.3232,,1.02619
16.2903,-296.836,-9.74276,,1.29761
16.3004,-295.391,-6.94606,,1.56437
16.3104,-293.683,-3.98903,,1.82663
16.3204,-291.709,-0.938279,,2.09489
16.3304,-289.472,2.10726,,2.3498
16.3403,-286.981,5.06271,,2.61041
16.3503,-284.226,7.90042,,2.87029
16.3603,-281.215,10.5697,,3.12626
16.3703,-277.95,13.0542,,3.37826
16.3803,-274.436,15.3744,,3.62398
16.3903,-270.675,17.5141,,3.87325
16.4003,-266.672,19.5034,,4.10771
16.4103,-262.431,21.319,,4.35187
16.4204,-257.949,22.9923,,4.5841
16.4304,-253.24,24.5241,,4.81459
16.4404,-248.299,25.9081,,5.04212
16.4504,-243.134,27.1776,,5.26425
16.4604,-237.75,28.3334,,5.48196
16.4703,-232.153,29.3713,,5.69016
16.4803,-226.349,30.3097,,5.89733
16.4903,-220.339,31.1503,,6.1
16.5003,-214.131,31.9132,,6.29558
16.5103,-207.731,32.6003,,6.4841
16.5203,-201.144,33.2088,,6.67079
16.5303,-194.375,33.7712,,6.84974
16.5403,-187.432,34.2776,,7.01567
16.5504,-180.324,34.7198,,7.18519
16.5604,-173.049,35.1292,,7.34706
16.5704,-165.618,35.4903,,7.49694
16.5804,-158.041,35.8083,,7.64374
16.5903,-150.318,36.0933,,7.78487
16.6003,-142.461,36.3611,,7.91499
16.6103,-134.479,36.5984,,8.03682
16.6203,-126.375,36.8061,,8.15759
16.6303,-118.156,36.9979,,8.26923
16.6403,-109.83,37.1705,,8.37122
16.6503,-101.405,37.307,,8.46679
16.6603,-92.89,37.4323,,8.55383
16.6704,-84.2912,37.5462,,8.63382
16.6804,-75.6161,37.6488,,8.70748
16.6904,-66.8734,37.7313,,8.77149
16.7004,-58.0699,37.8021,,8.82849
16.7104,-49.2154,37.8765,,8.87465
16.7203,-40.3164,37.9227,,8.91711
16.7303,-31.3804,37.9549,,8.95044
16.7403,-22.416,37.9877,,8.97421
16.7503,-13.4319,38.0068,,8.99139
16.7603,-4.43539,38.009,,9.00003
16.7703,4.56509,38.0116,,8.99949
16.7803,13.5613,38.0064,,8.9919
16.7903,22.5454,37.9867,,8.97643
16.8004,31.5092,37.9577,,8.95272
16.8104,40.4445,37.9237,,8.91991
16.8204,49.344,37.8867,,8.88155
16.8304,58.1982,37.8277,,8.83151
16.8403,67.0005,37.772,,8.77605
16.8503,75.7426,37.7053,,8.71256
16.8603,84.4151,37.6245,,8.64067
16.8703,93.0137,37.5426,,8.55967
16.8803,101.526,37.444,,8.47549
16.8903,109.95,37.3432,,8.38069
16.9003,118.275,37.2259,,8.27773
16.9103,126.491,37.1221,,8.16566
16.9204,134.595,36.9919,,8.05137
16.9304,142.578,36.8594,,7.92682
16.9404,150.433,36.7138,,7.79375
16.9504,158.151,36.5591,,7.65544
16.9604,165.726,36.3907,,7.50748
16.9703,173.151,36.2204,,7.35843
16.9803,180.425,36.0467,,7.20319
16.9903,187.535,35.8482,,7.032
17.0003,194.474,35.6499,,6.86267
17.0103,201.239,35.4379,,6.68374
17.0203,207.824,35.2114,,6.50171
17.0303,214.22,34.9709,,6.31055
17.0403,220.424,34.7225,,6.11664
17.0504,226.432,34.4653,,5.91462
17.0604,232.235,34.192,,5.7123
17.0704,237.827,33.9039,,5.49536
17.0804,243.207,33.6104,,5.28334
17.0903,248.366,33.2908,,5.05306
17.1003,253.295,32.9574,,4.83433
17.1103,258.009,32.597,,4.61203
17.1203,262.491,32.2308,,4.37349
17.1303,266.731,31.8349,,4.13049
17.1403,270.729,31.4179,,3.89074
17.1503,274.487,30.984,,3.64778
17.1603,277.997,30.5114,,3.3966
17.1704,281.258,30.0169,,3.14867
17.1804,284.265,29.4854,,2.88831
17.1904,287.011,28.9088,,2.63538
17.2004,289.505,28.3096,,2.37485
17.2104,291.737,27.6527,,2.11635
17.2203,293.707,26.9285,,1.84831
17.2303,295.414,26.1473,,1.59198
17.2403,296.854,25.298,,1.31456
17.2503,298.023,24.3633,,1.05039
17.2603,298.929,23.3294,,0.786168
17.2703,299.565,22.1772,,0.51505
17.2803,299.925,20.8784,,0.227894
17.2903,300.009,19.4068,,-0.0240037
17.3004,299.843,17.7424,,-0.288128
17.3104,299.405,15.8592,,-0.561366
17.3204,298.691,13.7176,,-0.835922
17.3304,297.707,11.3152,,-1.10577
17.3403,296.455,8.67117,,-1.37215
17.3503,294.937,5.83052,,-1.63563
17.3603,293.157,2.83857,,-1.90058
17.3703,291.111,-0.213396,,-2.16188
17.3803,288.805,-3.24185,,-2.42674
17.3903,286.234,-6.16396,,-2.68794
17.4003,283.407,-8.95354,,-2.93943
17.4103,280.326,-11.5698,,-3.19652
17.4204,276.993,-14.0125,,-3.44394
17.4304,273.409,-16.284,,-3.69808
17.4404,269.578,-18.3731,,-3.93782
17.4504,265.509,-20.3053,,-4.17829
17.4604,261.197,-22.0742,,-4.41852
17.4703,256.655,-23.7066,,-4.6434
17.4803,251.876,-25.1983,,-4.88705
17.4903,246.871,-26.5553,,-5.10355
17.5003,241.645,-27.7909,,-5.32705
17.5103,236.199,-28.9094,,-5.53951
17.5203,230.546,-29.9117,,-5.74816
17.5303,224.684,-30.8218,,-5.95276
17.5403,218.621,-31.6387,,-6.15216
17.5504,212.36,-32.3831,,-6.35051
17.5604,205.905,-33.0508,,-6.53815
17.5704,199.266,-33.6424,,-6.71972
17.5804,192.451,-34.1815,,-6.89585
17.5903,185.457,-34.6707,,-7.07199
17.6003,178.296,-35.099,,-7.23167
17.6103,170.978,-35.4898,,-7.38756
17.6203,163.508,-35.8507,,-7.53729
17.6303,155.89,-36.1693,,-7.68253
17.6403,148.133,-36.4456,,-7.81722
17.6503,140.24,-36.7,,-7.95232
17.6603,132.221,-36.9287,,-8.07434
17.6704,124.083,-37.1136,,-8.1891
17.6804,115.832,-37.3023,,-8.2991
17.6904,107.479,-37.4639,,-8.39645
17.7004,99.0289,-37.6105,,-8.49247
17.7104,90.49,-37.7379,,-8.57603
17.7203,81.8694,-37.8485,,-8.65667
17.7303,73.1734,-37.9421,,-8.72679
17.7403,64.4131,-38.0129,,-8.78696
17.7503,55.5947,-38.0787,,-8.84255
17.7603,46.7258,-38.141,,-8.88907
17.7703,37.8152,-38.1907,,-8.92688
17.7803,28.8702,-38.2298,,-8.95855
17.7903,19.8994,-38.2664,,-8.98014
17.8004,10.9111,-38.2755,,-8.99403
17.8104,1.91314,-38.2826,,-9
17.8204,-7.08702,-38.2823,,-8.9983
17.8304,-16.0808,-38.2651,,-8.98897
17.8403,-25.0599,-38.2445,,-8.97014
17.8503,-34.0167,-38.2242,,-8.94448
17.8603,-42.9427,-38.1892,,-8.91001
17.8703,-51.8299,-38.1463,,-8.86738
17.8803,-60.6703,-38.0939,,-8.81677
17.8903,-69.4567,-38.0289,,-8.76014
17.9003,-78.1813,-37.954,,-8.69379
17.9103,-86.8335,-37.8736,,-8.61807
17.9204,-95.4091,-37.7928,,-8.53862
17.9304,-103.896,-37.7035,,-8.44681
17.9404,-112.294,-37.5974,,-8.3536
17.9504,-120.588,-37.4849,,-8.24572
17.9604,-128.772,-37.3692,,-8.13297
17.9703,-136.843,-37.2248,,-8.01864
17.9803,-144.792,-37.0928,,-7.88994
17.9903,-152.609,-36.9475,,-7.75644
18.0003,-160.288,-36.7904,,-7.61618
18.0103,-167.823,-36.6246,,-7.46641
18.0203,-175.204,-36.453,,-7.31253
18.0303,-182.433,-36.2739,,-7.15784
18.0403,-189.5,-36.0628,,-6.98966
18.0504,-196.389,-35.8682,,-6.80927
18.0604,-203.103,-35.6438,,-6.63395
18.0704,-209.638,-35.4144,,-6.45107
18.0804,-215.98,-35.1901,,-6.2532
18.0903,-222.128,-34.9285,,-6.06171
18.1003,-228.078,-34.6742,,-5.85709
18.1103,-233.822,-34.3858,,-5.65143
18.1203,-239.358,-34.1037,,-5.43796
18.1303,-244.675,-33.7915,,-5.22069
18.1403,-249.776,-33.4616,,-5.00423
18.1503,-254.654,-33.1312,,-4.7689
18.1603,-259.294,-32.7758,,-4.53694
18.1704,-263.704,-32.3924,,-4.30405
18.1804,-267.876,-32.0063,,-4.0636
18.1904,-271.807,-31.5741,,-3.822
18.2004,-275.495,-31.1262,,-3.5784
18.2104,-278.936,-30.6524,,-3.32718
18.2203,-282.124,-30.1441,,-3.0742
18.2303,-285.058,-29.6056,,-2.81855
18.2403,-287.735,-29.0199,,-2.56391
18.2503,-290.159,-28.4065,,-2.30494
18.2603,-292.317,-27.7274,,-2.03865
18.2703,-294.212,-26.9957,,-1.77825
18.2803,-295.845,-26.1868,,-1.51236
18.2903,-297.207,-25.3282,,-1.24119
18.3004,-298.302,-24.3684,,-0.974521
18.3104,-299.13,-23.293,,-0.707224
18.3204,-299.689,-22.1065,,-0.438191
18.3304,-299.973,-20.7464,,-0.155596
18.3403,-299.991,-19.2335,,0.0919
18.3503,-299.752,-17.5106,,0.361611
18.3603,-299.236,-15.5629,,0.641221
18.3703,-298.444,-13.3585,,0.91528
18.3803,-297.386,-10.8811,,1.17366
18.3903,-296.064,-8.18312,,1.44631
18.4003,-294.471,-5.28509,,1.7103
18.4103,-292.615,-2.25827,,1.97611
18.4204,-290.492,0.79667,,2.24302
18.4304,-288.107,3.80217,,2.4997
18.4404,-285.467,6.68542,,2.75371
18.4504,-282.572,9.42087,,3.01136
18.4604,-279.421,11.9936,,3.26438
18.4703,-276.018,14.3856,,3.51702
18.4803,-272.362,16.6098,,3.76716
18.4903,-268.463,18.6525,,4.00763
18.5003,-264.324,20.5461,,4.24703
18.5103,-259.947,22.2785,,4.47867
18.5203,-255.34,23.8654,,4.7171
18.5303,-250.492,25.3141,,4.94792
18.5403,-245.428,26.6392,,5.16203
18.5504,-240.141,27.8274,,5.38761
18.5604,-234.637,28.9219,,5.59908
18.5704,-228.924,29.8994,,5.80497
18.5804,-223.005,30.7852,,6.01042
18.5903,-216.887,31.5851,,6.20777
18.6003,-210.569,32.2877,,6.40609
18.6103,-204.062,32.9453,,6.58895
18.6203,-197.372,33.513,,6.76998
18.6303,-190.507,34.0399,,6.944
18.6403,-183.468,34.5087,,7.11608
18.6503,-176.265,34.9391,,7.27202
18.6603,-168.905,35.3115,,7.43267
18.6704,-161.389,35.6551,,7.57944
18.6804,-153.732,35.9583,,7.72348
18.6904,-145.934,36.229,,7.85674
18.7004,-138.005,36.4784,,7.98553
18.7104,-129.953,36.6947,,8.10672
18.7203,-121.783,36.8905,,8.22056
18.7303,-113.502,37.0655,,8.32902
18.7403,-105.12,37.2164,,8.42486
18.7503,-96.6423,37.3572,,8.51947
18.7603,-88.0787,37.4759,,8.59871
18.7703,-79.4378,37.5876,,8.67465
18.7803,-70.7241,37.6781,,8.74341
18.7903,-61.9474,37.7552,,8.8033
18.8004,-53.1146,37.8189,,8.85548
18.8104,-44.2335,37.8641,,8.90167
18.8204,-35.3111,37.9179,,8.93741
18.8304,-26.3586,37.9412,,8.96433
18.8403,-17.3823,37.9714,,8.98444
18.8503,-8.39021,37.9927,,8.99698
18.8603,0.60936,37.9927,,9.00063
18.8703,9.60849,37.9873,,8.99687
18.8803,18.5989,37.9772,,8.98409
18.8903,27.5722,37.9471,,8.96319
18.9003,36.5213,37.9128,,8.93588
18.9103,45.4371,37.8726,,8.89867
18.9204,54.3128,37.8391,,8.85522
18.9304,63.1391,37.7697,,8.80211
18.9404,71.9083,37.7169,,8.74166
18.9504,80.6132,37.6402,,8.6727
18.9604,89.244,37.5601,,8.59551
18.9703,97.7956,37.4614,,8.51567
18.9803,106.262,37.3698,,8.4223
18.9903,114.63,37.2642,,8.32459
19.0003,122.896,37.1377,,8.2144
19.0103,131.048,37.0294,,8.10213
19.0203,139.084,36.8988,,7.98091
19.0303,146.996,36.7522,,7.85408
19.0403,154.776,36.6087,,7.71738
19.0504,162.415,36.4485,,7.57634
19.0604,169.911,36.2803,,7.42822
19.0704,177.254,36.0978,,7.26792
19.0804,184.429,35.9025,,7.10256
19.0903,191.443,35.7211,,6.94086
19.1003,198.288,35.5063,,6.76363
19.1103,204.952,35.2936,,6.58302
19.1203,211.434,35.0684,,6.39719
19.1303,217.724,34.8202,,6.20445
19.1403,223.82,34.5605,,6.00536
19.1503,229.712,34.2925,,5.79743
19.1603,235.397,34.0168,,5.5923
19.1704,240.869,33.7207,,5.37344
19.1804,246.126,33.4082,,5.16185
19.1904,251.158,33.0914,,4.92706
19.2004,255.968,32.7364,,4.7109
19.2104,260.552,32.3753,,4.47675
19.2203,264.897,31.9955,,4.23869
19.2303,269.002,31.5885,,3.99569
19.2403,272.866,31.157,,3.75506
19.2503,276.485,30.7042,,3.50835
19.2603,279.858,30.2204,,3.25817
19.2703,282.974,29.7111,,3.00278
19.2803,285.837,29.1521,,2.74584
19.2903,288.438,28.568,,2.4857
19.3004,290.787,27.9237,,2.23494
19.3104,292.877,27.2291,,1.96893
19.3204,294.697,26.485,,1.70042
19.3304,296.253,25.6608,,1.43697
19.3403,297.544,24.7658,,1.17122
19.3503,298.564,23.788,,0.896899
19.3603,299.317,22.6839,,0.632959
19.3703,299.802,21.4477,,0.365442
19.3803,300.007,20.058,,0.0787137
19.3903,299.953,18.4862,,-0.168777
19.4003,299.633,16.6959,,-0.443859
19.4103,299.036,14.6691,,-0.720762
19.4204,298.17,12.3885,,-0.985151
19.4304,297.037,9.84645,,-1.25168
19.4404,295.639,7.09082,,-1.51955
19.4504,293.973,4.14729,,-1.78283
19.4604,292.045,1.1188,,-2.04903
19.4703,289.851,-1.9365,,-2.31278
19.4803,287.395,-4.91461,,-2.5705
19.4903,284.682,-7.76031,,-2.83071
19.5003,281.713,-10.4586,,-3.08302
19.5103,278.49,-12.9735,,-3.33707
19.5203,275.012,-15.3086,,-3.59026
19.5303,271.289,-17.4863,,-3.82956
19.5403,267.327,-19.4815,,-4.07259
19.5504,263.122,-21.3242,,-4.31369
19.5604,258.677,-23.0242,,-4.54975
19.5704,254.008,-24.5693,,-4.77343
19.5804,249.099,-25.9858,,-5.0117
19.5903,243.967,-27.2683,,-5.23044
19.6003,238.618,-28.4362,,-5.44633
19.6103,233.055,-29.4865,,-5.65725
19.6203,227.286,-30.4296,,-5.86132
19.6303,221.307,-31.2902,,-6.07147
19.6403,215.13,-32.0674,,-6.26388
19.6503,208.762,-32.7612,,-6.45311
19.6603,202.205,-33.3949,,-6.63886
19.6704,195.467,-33.9617,,-6.8199
19.6804,188.549,-34.4609,,-6.99504
19.6904,181.465,-34.9095,,-7.15672
19.7004,174.22,-35.3199,,-7.31859
19.7104,166.816,-35.6912,,-7.47432
19.7203,159.257,-36.0147,,-7.62196
19.7303,151.558,-36.3231,,-7.76345
19.7403,143.723,-36.5825,,-7.89158
19.7503,135.761,-36.8263,,-8.02035
19.7603,127.674,-37.0292,,-8.13993
19.7703,119.473,-37.2211,,-8.25071
19.7803,111.163,-37.3834,,-8.35702
19.7903,102.754,-37.5347,,-8.4492
19.8004,94.2543,-37.6692,,-8.54035
19.8104,85.668,-37.7805,,-8.62389
19.8204,77.0033,-37.8861,,-8.69645
19.8304,68.2698,-37.9744,,-8.76204
19.8403,59.4762,-38.0485,,-8.81805
19.8503,50.6294,-38.1147,,-8.86981
19.8603,41.736,-38.1637,,-8.91147
19.8703,32.8057,-38.2055,,-8.94525
19.8803,23.8448,-38.2331,,-8.97145
19.8903,14.8634,-38.2544,,-8.9883
19.9003,5.86859,-38.2687,,-8.99927
19.9103,-3.1317,-38.2628,,-9.00023
19.9204,-12.1293,-38.2621,,-8.99392
19.9304,-21.1159,-38.2544,,-8.97977
19.9404,-30.0834,-38.2177,,-8.95623
19.9504,-39.024,-38.1954,,-8.92604
19.9604,-47.9293,-38.1519,,-8.88735
19.9703,-56.7914,-38.1024,,-8.84065
19.9803,-65.6025,-38.0358,,-8.78577
19.9903,-74.3544,-37.9782,,-8.72343
20.0003,-83.0393,-37.9039,,-8.65248
20.0103,-91.6499,-37.8183,,-8.57432
20.0203,-100.18,-37.7193,,-8.48926
20.0303,-108.615,-37.6323,,-8.39336
20.0403,-116.955,-37.5149,,-8.29384
20.0504,-125.189,-37.407,,-8.18546
20.0604,-133.313,-37.2813,,-8.07159
20.0704,-141.316,-37.1479,,-7.94584
20.0804,-149.19,-36.9989,,-7.81556
20.0903,-156.932,-36.8484,,-7.67895
20.1003,-164.53,-36.6862,,-7.53103
20.1103,-171.981,-36.5163,,-7.38745
20.1203,-179.283,-36.338,,-7.22613
20.1303,-186.415,-36.1442,,-7.05782
20.1403,-193.38,-35.9533,,-6.88745
20.1503,-200.175,-35.736,,-6.71638
20.1603,-206.79,-35.5199,,-6.52993
20.1704,-213.214,-35.2772,,-6.33999
20.1804,-219.451,-35.0344,,-6.15059
20.1904,-225.489,-34.7714,,-5.94677
20.2004,-231.323,-34.5074,,-5.74059
20.2104,-236.949,-34.2222,,-5.53267
20.2203,-242.366,-33.929,,-5.31756
20.2303,-247.561,-33.6031,,-5.09737
20.2403,-252.535,-33.275,,-4.86959
20.2503,-257.279,-32.9165,,-4.64116
20.2603,-261.79,-32.5533,,-4.40615
20.2703,-266.068,-32.1633,,-4.17072
20.2803,-270.106,-31.7591,,-3.93119
20.2903,-273.906,-31.3195,,-3.69083
20.3004,-277.456,-30.8541,,-3.43596
20.3104,-280.756,-30.3645,,-3.18549
20.3204,-283.801,-29.8368,,-2.93095
20.3304,-286.593,-29.2728,,-2.67859
20.3403,-289.128,-28.6662,,-2.41558
20.3503,-291.399,-28.0254,,-2.15235
20.3603,-293.41,-27.3149,,-1.89573
20.3703,-295.159,-26.5479,,-1.62814
20.3803,-296.639,-25.705,,-1.35988
20.3903,-297.854,-24.7863,,-1.09343
20.4003,-298.798,-23.7697,,-0.823479
20.4103,-299.476,-22.6277,,-0.559682
20.4204,-299.887,-21.3639,,-0.284256
20.4304,-300.016,-19.9227,,-0.0136474
20.4404,-299.892,-18.2864,,0.244531
20.4504,-299.495,-16.4473,,0.520259
20.4604,-298.827,-14.3374,,0.789356
20.4703,-297.886,-11.9892,,1.06544
20.4803,-296.676,-9.37936,,1.32769
20.4903,-295.2,-6.56468,,1.59635
20.5003,-293.459,-3.59328,,1.86148
20.5103,-291.455,-0.533292,,2.12185
20.5203,-289.184,2.4943,,2.38649
20.5303,-286.659,5.44157,,2.6417
20.5403,-283.874,8.26289,,2.90135
20.5504,-280.833,10.9062,,3.15464
20.5604,-277.539,13.3745,,3.40803
20.5704,-273.997,15.6693,,3.6516
20.5804,-270.206,17.786,,3.90283
20.5903,-266.171,19.7469,,4.14231
20.6003,-261.9,21.5524,,4.37787
20.6103,-257.392,23.1953,,4.61596
20.6203,-252.642,24.7141,,4.85206
20.6303,-247.677,26.0861,,5.06099
20.6403,-242.492,27.3436,,5.28867
20.6503,-237.08,28.4751,,5.5076
20.6603,-231.46,29.4942,,5.71311
20.6704,-225.633,30.4258,,5.92144
20.6804,-219.599,31.2501,,6.12214
20.6904,-213.368,31.9983,,6.31826
20.7004,-206.947,32.68,,6.50696
20.7104,-200.337,33.2812,,6.69278
20.7203,-193.546,33.8298,,6.8696
20.7303,-186.583,34.3168,,7.03933
20.7403,-179.454,34.768,,7.20043
20.7503,-172.161,35.1613,,7.36882
20.7603,-164.712,35.5131,,7.51374
20.7703,-157.115,35.83,,7.66384
20.7803,-149.377,36.1232,,7.7982
20.7903,-141.506,36.3697,,7.93039
20.8004,-133.505,36.6104,,8.05521
20.8104,-125.388,36.8169,,8.16842
20.8204,-117.155,37.0037,,8.28255
20.8304,-108.818,37.1601,,8.3824
20.8403,-100.381,37.3035,,8.47883
20.8503,-91.8555,37.4256,,8.5634
20.8603,-83.2473,37.5359,,8.64375
20.8703,-74.5627,37.6322,,8.71614
20.8803,-65.812,37.7195,,8.77886
20.8903,-57.002,37.7902,,8.83404
20.9003,-48.141,37.8531,,8.88199
20.9103,-39.2369,37.9061,,8.9205
20.9204,-30.2972,37.9427,,8.95387
20.9304,-21.3301,37.9653,,8.97734
20.9404,-12.344,37.9819,,8.99267
20.9504,-3.3464,37.9914,,8.99979
20.9604,5.6538,37.9862,,8.999
20.9703,14.6491,37.9847,,8.99087
20.9803,23.6309,37.9655,,8.97379
20.9903,32.5916,37.9388,,8.94908
21.0003,41.5233,37.8986,,8.91714
21.0103,50.4179,37.8593,,8.87391
21.0203,59.266,37.8059,,8.82526
21.0303,68.0619,37.7359,,8.77069
21.0403,76.796,37.671,,8.70348
21.0504,85.4612,37.5964,,8.63131
21.0604,94.0478,37.5085,,8.55116
21.0704,102.553,37.4204,,8.46425
21.0804,110.963,37.3239,,8.36734
21.0903,119.275,37.205,,8.26515
21.1003,127.48,37.0791,,8.15278
21.1103,135.567,36.9539,,8.03365
21.1203,143.535,36.817,,7.91134
21.1303,151.374,36.6638,,7.77979
21.1403,159.075,36.5282,,7.6359
21.1503,166.632,36.3607,,7.4905
21.1603,174.041,36.1901,,7.34186
21.1704,181.294,36.0117,,7.17863
21.1804,188.383,35.8041,,7.01614
21.1904,195.305,35.6043,,6.84332
21.2004,202.049,35.3823,,6.65964
21.2104,208.61,35.168,,6.48065
21.2203,214.984,34.9369,,6.28495
21.2303,221.162,34.6834,,6.0913
21.2403,227.143,34.4304,,5.89064
21.2503,232.921,34.1486,,5.68469
21.2603,238.489,33.851,,5.47231
21.2703,243.841,33.5506,,5.25212
21.2803,248.974,33.2333,,5.03527
21.2903,253.887,32.8991,,4.81183
21.3004,258.57,32.5457,,4.57563
21.3104,263.014,32.1696,,4.33952
21.3204,267.228,31.7794,,4.10774
21.3304,271.197,31.3521,,3.85693
21.3403,274.924,30.9131,,3.6172
21.3503,278.403,30.436,,3.36816
21.3603,281.634,29.934,,3.11617
21.3703,284.608,29.4082,,2.85937
21.3803,287.328,28.8252,,2.60414
21.3903,289.788,28.2122,,2.34325
21.4003,291.989,27.552,,2.08516
21.4103,293.93,26.8274,,1.82147
21.4204,295.601,26.0366,,1.54824
21.4304,297.009,25.1739,,1.2896
21.4404,298.146,24.225,,1.01467
21.4504,299.019,23.1871,,0.756945
21.4604,299.624,21.998,,0.479008
21.4703,299.951,20.6887,,0.200108
21.4803,300.008,19.2066,,-0.0535809
21.4903,299.806,17.5103,,-0.325634
21.5003,299.333,15.5958,,-0.593704
21.5103,298.59,13.4256,,-0.866681
21.5203,297.572,10.9936,,-1.13938
21.5303,296.288,8.31937,,-1.40149
21.5403,294.74,5.44779,,-1.67039
21.5504,292.923,2.4475,,-1.93461
21.5604,290.847,-0.612076,,-2.19309
21.5704,288.506,-3.62807,,-2.46052
21.5804,285.903,-6.52931,,-2.71635
21.5903,283.049,-9.29622,,-2.96893
21.6003,279.938,-11.9102,,-3.22873
21.6103,276.573,-14.3247,,-3.47545
21.6203,272.959,-16.5729,,-3.72516
21.6303,269.099,-18.6518,,-3.971
21.6403,264.998,-20.5594,,-4.20558
21.6503,260.659,-22.3179,,-4.44741
21.6603,256.087,-23.9197,,-4.67066
21.6704,251.287,-25.4007,,-4.90978
21.6804,246.254,-26.7388,,-5.13405
21.6904,240.999,-27.9589,,-5.35124
21.7004,235.53,-29.062,,-5.56437
21.7104,229.852,-30.0589,,-5.77349
21.7203,223.961,-30.9513,,-5.98431
21.7303,217.869,-31.7599,,-6.17779
21.7403,211.586,-32.4834,,-6.36807
21.7503,205.112,-33.1407,,-6.56154
21.7603,198.449,-33.7305,,-6.74338
21.7703,191.61,-34.2647,,-6.91669
21.7803,184.601,-34.7403,,-7.08475
21.7903,177.425,-35.1672,,-7.25055
21.8004,170.085,-35.5579,,-7.41153
21.8104,162.592,-35.8916,,-7.55706
21.8204,154.958,-36.2047,,-7.69825
21.8304,147.184,-36.4844,,-7.83371
21.8403,139.277,-36.7359,,-7.96649
21.8503,131.242,-36.9549,,-8.08923
21.8603,123.09,-37.1615,,-8.20161
21.8703,114.827,-37.3268,,-8.31143
21.8803,106.461,-37.488,,-8.41062
21.8903,98.0001,-37.6193,,-8.5015
21.9003,89.4509,-37.7549,,-8.5864
21.9103,80.8205,-37.8586,,-8.66556
21.9204,72.1171,-37.9478,,-8.73275
21.9304,63.3498,-38.0311,,-8.79544
21.9404,54.5243,-38.0956,,-8.8489
21.9504,45.65,-38.1492,,-8.89357
21.9604,36.7343,-38.1971,,-8.93163
21.9703,27.7866,-38.2347,,-8.96047
21.9803,18.8135,-38.2608,,-8.98264
21.9903,9.82302,-38.2774,,-8.99556
22.0003,0.824114,-38.2833,,-9.00034
22.0103,-8.17555,-38.2791,,-8.99763
22.0203,-17.1679,-38.27,,-8.98682
22.0303,-26.1449,-38.2471,,-8.96811
22.0403,-35.0985,-38.2119,,-8.94059
22.0504,-44.0201,-38.1814,,-8.90519
22.0604,-52.9022,-38.1326,,-8.86145
22.0704,-61.7363,-38.0874,,-8.81022
22.0804,-70.5158,-38.0196,,-8.75352
22.0903,-79.2324,-37.9543,,-8.68501
22.1003,-87.8764,-37.8702,,-8.60918
22.1103,-96.4399,-37.7777,,-8.52596
22.1203,-104.918,-37.6885,,-8.43772
22.1303,-113.303,-37.5764,,-8.34042
22.1403,-121.585,-37.4689,,-8.23374
22.1503,-129.757,-37.3499,,-8.11915
22.1603,-137.813,-37.2184,,-8.0042
22.1704,-145.745,-37.0858,,-7.87114
22.1804,-153.545,-36.9269,,-7.73973
22.1904,-161.206,-36.7765,,-7.59675
22.2004,-168.726,-36.6041,,-7.45398
22.2104,-176.091,-36.4243,,-7.29417
22.2203,-183.299,-36.2496,,-7.13385
22.2303,-190.34,-36.0462,,-6.96614
22.2403,-197.211,-35.8422,,-6.79311
22.2503,-203.906,-35.6259,,-6.6111
22.2603,-210.413,-35.3967,,-6.42402
22.2703,-216.734,-35.1559,,-6.23306
22.2803,-222.859,-34.9004,,-6.03907
22.2903,-228.788,-34.6398,,-5.83497
22.3004,-234.506,-34.3613,,-5.62277
22.3104,-240.012,-34.0643,,-5.40915
22.3204,-245.301,-33.7604,,-5.19302
22.3304,-250.371,-33.4376,,-4.96661
22.3403,-255.215,-33.0975,,-4.74458
22.3503,-259.836,-32.7238,,-4.51561
22.3603,-264.22,-32.3522,,-4.27871
22.3703,-268.367,-31.9432,,-4.03999
22.3803,-272.271,-31.524,,-3.78837
22.3903,-275.926,-31.0757,,-3.54678
22.4003,-279.334,-30.6027,,-3.29567
22.4103,-282.493,-30.0839,,-3.04613
22.4204,-285.4,-29.5405,,-2.79177
22.4304,-288.047,-28.9531,,-2.52618
22.4404,-290.433,-28.3137,,-2.27308
22.4504,-292.56,-27.6349,,-2.00702
22.4604,-294.424,-26.9067,,-1.74582
22.4703,-296.026,-26.0983,,-1.48493
22.4803,-297.359,-25.2174,,-1.20694
22.4903,-298.417,-24.2486,,-0.939979
22.5003,-299.213,-23.1563,,-0.675671
22.5103,-299.742,-21.9349,,-0.407852
22.5203,-299.989,-20.5721,,-0.119918
22.5303,-299.977,-19.0382,,0.122243
22.5403,-299.702,-17.284,,0.401884
22.5504,-299.15,-15.3074,,0.67383
22.5604,-298.329,-13.0622,,0.942214
22.5704,-297.238,-10.5581,,1.21107
22.5804,-295.883,-7.8162,,1.47363
22.5903,-294.259,-4.9052,,1.7468
22.6003,-292.368,-1.86858,,2.00728
22.6103,-290.216,1.17956,,2.27035
22.6203,-287.803,4.17174,,2.53051
22.6303,-285.129,7.04526,,2.79156
22.6403,-282.196,9.77448,,3.04594
22.6503,-279.014,12.3228,,3.29411
22.6603,-275.584,14.699,,3.54205
22.6704,-271.9,16.9003,,3.79622
22.6804,-267.973,18.9284,,4.03686
22.6904,-263.807,20.7922,,4.27068
22.7004,-259.404,22.5149,,4.51092
22.7104,-254.759,24.0917,,4.75345
22.7203,-249.891,25.5226,,4.9618
22.7303,-244.802,26.8408,,5.19281
22.7403,-239.489,28.0239,,5.4101
22.7503,-233.961,29.0931,,5.62403
22.7603,-228.219,30.0538,,5.8338
22.7703,-222.274,30.92,,6.03875
22.7803,-216.127,31.7117,,6.23311
22.7903,-209.79,32.4109,,6.42234
22.8004,-203.264,33.0508,,6.61034
22.8104,-196.554,33.6216,,6.79021
22.8204,-189.665,34.1417,,6.96856
22.8304,-182.605,34.6031,,7.13358
22.8403,-175.381,35.0113,,7.29587
22.8503,-168.003,35.3909,,7.44576
22.8603,-160.471,35.7201,,7.60114
22.8703,-152.793,36.0193,,7.73992
22.8803,-144.98,36.2972,,7.87212
22.8903,-137.037,36.5375,,8.00055
22.9003,-128.97,36.7529,,8.1212
22.9103,-120.785,36.9418,,8.23329
22.9204,-112.494,37.1161,,8.33916
22.9304,-104.1,37.2634,,8.43791
22.9404,-95.6131,37.393,,8.52439
22.9504,-87.0415,37.5129,,8.61022
22.9604,-78.3888,37.6208,,8.68587
22.9703,-69.6656,37.7046,,8.75212
22.9803,-60.8812,37.7844,,8.80999
22.9903,-52.0422,37.8511,,8.86152
23.0003,-43.1559,37.901,,8.90588
23.0103,-34.2303,37.9447,,8.94063
23.0203,-25.274,37.9752,,8.96722
23.0303,-16.2954,37.9927,,8.98702
23.0403,-7.30183,38.0025,,8.99749
23.0504,1.69821,38.0156,,9.00115
23.0604,10.6969,38.0101,,8.99581
23.0704,19.6856,37.9931,,8.98143
23.0804,28.6564,37.9725,,8.96061
23.0903,37.6018,37.9315,,8.93188
23.1003,46.5132,37.8942,,8.89401
23.1103,55.383,37.8391,,8.84821
23.1203,64.2021,37.7937,,8.79486
23.1303,72.965,37.7307,,8.73494
23.1403,81.6616,37.6503,,8.66404
23.1503,90.2838,37.5768,,8.58698
23.1603,98.8261,37.4801,,8.50425
23.1704,107.279,37.3796,,8.40993
23.1804,115.634,37.2755,,8.30853
23.1904,123.886,37.1623,,8.20538
23.2004,132.027,37.0348,,8.08764
23.2104,140.048,36.8937,,7.96544
23.2203,147.944,36.7659,,7.83852
23.2303,155.708,36.6149,,7.70012
23.2403,163.329,36.4478,,7.55679
23.2503,170.805,36.292,,7.40967
23.2603,178.13,36.1068,,7.25061
23.2703,185.288,35.9238,,7.08538
23.2803,192.283,35.7177,,6.91867
23.2903,199.104,35.5117,,6.74029
23.3004,205.746,35.2928,,6.5595
23.3104,212.204,35.0531,,6.37406
23.3204,218.469,34.8127,,6.17758
23.3304,224.54,34.5602,,5.98013
23.3403,230.408,34.2841,,5.77735
23.3503,236.072,34.013,,5.56934
23.3603,241.519,33.7184,,5.3475
23.3703,246.747,33.3993,,5.13182
23.3803,251.76,33.078,,4.90998
23.3903,256.539,32.7161,,4.67468
23.4003,261.088,32.3581,,4.44365
23.4103,265.405,31.9616,,4.21385
23.4204,269.484,31.558,,3.96696
23.4304,273.319,31.127,,3.72808
23.4404,276.911,30.6771,,3.47791
23.4504,280.249,30.1897,,3.22361
23.4604,283.332,29.673,,2.96858
23.4703,286.164,29.1009,,2.72057
23.4803,288.741,28.5048,,2.45882
23.4903,291.056,27.8597,,2.1959
23.5003,293.109,27.1629,,1.93621
23.5103,294.9,26.4077,,1.6709
23.5203,296.421,25.5893,,1.40052
23.5303,297.679,24.6792,,1.13859
23.5403,298.667,23.6813,,0.866051
23.5504,299.386,22.5578,,0.600333
23.5604,299.838,21.2996,,0.32744
23.5704,300.009,19.8864,,0.0528885
23.5804,299.929,18.2927,,-0.198599
23.5903,299.575,16.4704,,-0.479571
23.6003,298.946,14.4246,,-0.751292
23.6103,298.05,12.1058,,-1.0138
23.6203,296.888,9.53658,,-1.28529
23.6303,295.453,6.73432,,-1.55421
23.6403,293.755,3.78238,,-1.81567
23.6503,291.794,0.727244,,-2.08001
23.6603,289.566,-2.32228,,-2.34697
23.6704,287.082,-5.28544,,-2.59992
23.6804,284.337,-8.1122,,-2.86306
23.6904,281.331,-10.7902,,-3.11831
23.7004,278.082,-13.2914,,-3.36126
23.7104,274.579,-15.6111,,-3.61562
23.7203,270.826,-17.7718,,-3.86358
23.7303,266.83,-19.7704,,-4.10534
23.7403,262.594,-21.5954,,-4.34228
23.7503,258.124,-23.2671,,-4.57302
23.7603,253.425,-24.8106,,-4.80099
23.7703,248.495,-26.1954,,-5.03755
23.7803,243.334,-27.4648,,-5.25786
23.7903,237.961,-28.6144,,-5.47045
23.8004,232.372,-29.6629,,-5.68148
23.8104,226.574,-30.6108,,-5.89497
23.8204,220.571,-31.4572,,-6.08804
23.8304,214.375,-32.2264,,-6.28693
23.8403,207.981,-32.8963,,-6.48027
23.8503,201.399,-33.5105,,-6.66376
23.8603,194.638,-34.0725,,-6.83794
23.8703,187.704,-34.565,,-7.01284
23.8803,180.599,-35.0208,,-7.18201
23.8903,173.327,-35.4297,,-7.34015
23.9003,165.905,-35.7934,,-7.49098
23.9103,158.331,-36.1084,,-7.63954
23.9204,150.617,-36.3954,,-7.77508
23.9304,142.767,-36.6598,,-7.90975
23.9404,134.788,-36.885,,-8.03501
23.9504,126.687,-37.1016,,-8.15301
23.9604,118.473,-37.2886,,-8.2636
23.9703,110.151,-37.4586,,-8.36918
23.9803,101.729,-37.5992,,-8.46195
23.9903,93.2177,-37.7282,,-8.55108
24.0003,84.6228,-37.8435,,-8.63079
24.0103,75.95,-37.9348,,-8.70508
24.0203,67.2094,-38.0179,,-8.76873
24.0303,58.4082,-38.0956,,-8.82608
24.0403,49.5556,-38.1616,,-8.87396
24.0504,40.6583,-38.2136,,-8.91582
24.0604,31.7229,-38.2511,,-8.94922
24.0704,22.7595,-38.2857,,-8.97364
24.0804,13.7759,-38.2972,,-8.99057
24.0903,4.77983,-38.3047,,-8.99958
24.1003,-4.22053,-38.3073,,-9.00018
24.1103,-13.2171,-38.2934,,-8.99262
24.1203,-22.2017,-38.2835,,-8.97617
24.1303,-31.1662,-38.26,,-8.95364
24.1403,-40.1031,-38.2349,,-8.92242
24.1503,-49.0037,-38.1906,,-8.8819
24.1603,-57.86,-38.1331,,-8.83413
24.1704,-66.6642,-38.0757,,-8.77876
24.1804,-75.4089,-38.0049,,-8.71508
24.1904,-84.085,-37.9281,,-8.64275
24.2004,-92.6859,-37.8536,,-8.56623
24.2104,-101.204,-37.7653,,-8.47722
24.2203,-109.631,-37.6605,,-8.38446
24.2303,-117.959,-37.5512,,-8.28132
24.2403,-126.181,-37.4279,,-8.17147
24.2503,-134.287,-37.3076,,-8.0517
24.2603,-142.274,-37.165,,-7.93371
24.2703,-150.134,-37.0244,,-7.79888
24.2803,-157.858,-36.8798,,-7.66214
24.2903,-165.44,-36.7085,,-7.51249
24.3004,-172.873,-36.5472,,-7.36837
24.3104,-180.153,-36.3566,,-7.20588
24.3204,-187.27,-36.1656,,-7.04235
24.3304,-194.213,-35.9627,,-6.86196
24.3403,-200.982,-35.7527,,-6.69448
24.3503,-207.578,-35.5289,,-6.51137
24.3603,-213.982,-35.2876,,-6.31643
24.3703,-220.192,-35.0452,,-6.12256
24.3803,-226.207,-34.7811,,-5.92523
24.3903,-232.015,-34.5129,,-5.71467
24.4003,-237.618,-34.2199,,-5.508
24.4103,-243.006,-33.9303,,-5.28798
24.4204,-248.171,-33.6019,,-5.06278
24.4304,-253.11,-33.2738,,-4.84528
24.4404,-257.833,-32.9206,,-4.61527
24.4504,-262.321,-32.543,,-4.38372
24.4604,-266.571,-32.1531,,-4.14135
24.4703,-270.582,-31.7436,,-3.90331
24.4803,-274.348,-31.3009,,-3.6536
24.4903,-277.867,-30.8403,,-3.40803
24.5003,-281.136,-30.3332,,-3.15566
24.5103,-284.153,-29.8159,,-2.90477
24.5203,-286.913,-29.2396,,-2.63592
24.5303,-289.413,-28.625,,-2.39191
24.5403,-291.658,-27.9687,,-2.12478
24.5504,-293.639,-27.2624,,-1.86204
24.5604,-295.353,-26.4811,,-1.59202
24.5704,-296.8,-25.6344,,-1.33028
24.5804,-297.984,-24.7091,,-1.06211
24.5903,-298.897,-23.6816,,-0.792946
24.6003,-299.543,-22.5141,,-0.523389
24.6103,-299.914,-21.2235,,-0.243774
24.6203,-300.012,-19.7575,,0.0123967
24.6303,-299.86,-18.0965,,0.273717
24.6403,-299.429,-16.2203,,0.558226
24.6503,-298.723,-14.0905,,0.824643
24.6603,-297.751,-11.7,,1.09425
24.6704,-296.51,-9.06086,,1.36065
24.6804,-295.003,-6.22173,,1.6264
24.6904,-293.231,-3.21872,,1.8907
24.7004,-291.195,-0.163749,,2.15528
24.7104,-288.895,2.88524,,2.41688
24.7203,-286.338,5.81065,,2.67163
24.7303,-283.522,8.611,,2.93526
24.7403,-280.449,11.2345,,3.18517
24.7503,-277.126,13.682,,3.43442
24.7603,-273.552,15.97,,3.68808
24.7703,-269.73,18.0738,,3.92924
24.7803,-265.669,20.0229,,4.17102
24.7903,-261.365,21.8133,,4.40991
24.8004,-256.828,23.4508,,4.63655
24.8104,-252.069,24.9474,,4.86664
24.8204,-247.072,26.308,,5.09999
24.8304,-241.851,27.5447,,5.31949
24.8403,-236.415,28.6713,,5.5302
24.8503,-230.767,29.6752,,5.74364
24.8603,-224.913,30.5965,,5.94471
24.8703,-218.856,31.4209,,6.14596
24.8803,-212.603,32.1544,,6.3417
24.8903,-206.156,32.8162,,6.53053
24.9003,-199.526,33.4152,,6.7102
24.9103,-192.717,33.9604,,6.88992
24.9204,-185.732,34.446,,7.06056
24.9304,-178.581,34.8756,,7.22591
24.9404,-171.266,35.2719,,7.38681
24.9504,-163.8,35.6129,,7.53141
24.9604,-156.186,35.9334,,7.6808
24.9703,-148.43,36.2118,,7.81468
24.9803,-140.543,36.4699,,7.94469
24.9903,-132.53,36.6992,,8.06749
25.0003,-124.397,36.9018,,8.18539
25.0103,-116.151,37.0776,,8.29541
25.0203,-107.8,37.2363,,8.39413
25.0303,-99.3539,37.3765,,8.48862
25.0403,-90.8176,37.4998,,8.57389
25.0504,-82.1997,37.6089,,8.65369
25.0604,-73.5066,37.7047,,8.72319
25.0704,-64.7485,37.7921,,8.78571
25.0804,-55.9323,37.8567,,8.83954
25.0903,-47.0656,37.9138,,8.88795
25.1003,-38.1566,37.9652,,8.92459
25.1103,-29.2141,37.9883,,8.95627
25.1203,-20.2447,38.024,,8.97917
25.1303,-11.256,38.0386,,8.99505
25.1403,-2.25756,38.0511,,8.9999
25.1503,6.74242,38.053,,8.99873
25.1603,15.7366,38.0397,,8.9892
25.1704,24.7166,38.0178,,8.97161
25.1804,33.6741,37.9831,,8.94533
25.1904,42.6013,37.9536,,8.91083
25.2004,51.4902,37.9037,,8.86926
25.2104,60.3329,37.8594,,8.81967
25.2203,69.1215,37.791,,8.76243
25.2303,77.848,37.7277,,8.69548
25.2403,86.5039,37.6397,,8.62384
25.2503,95.0839,37.5537,,8.54276
25.2603,103.575,37.4613,,8.44761
25.2703,111.971,37.3576,,8.35424
25.2803,120.272,37.2511,,8.2525
25.2903,128.462,37.1276,,8.13948
25.3004,136.537,37.004,,8.021
25.3104,144.49,36.868,,7.89546
25.3204,152.312,36.713,,7.7618
25.3304,159.998,36.5586,,7.62326
25.3403,167.542,36.3955,,7.47402
25.3503,174.929,36.2199,,7.31823
25.3603,182.161,36.0368,,7.16165
25.3703,189.231,35.8408,,6.99129
25.3803,196.127,35.6447,,6.81969
25.3903,202.85,35.426,,6.64274
25.4003,209.389,35.1956,,6.45602
25.4103,215.742,34.9629,,6.26359
25.4204,221.897,34.7083,,6.06646
25.4304,227.854,34.4455,,5.86767
25.4404,233.607,34.1647,,5.65826
25.4504,239.148,33.8739,,5.44386
25.4604,244.477,33.5673,,5.23262
25.4703,249.585,33.2616,,5.01187
25.4803,254.469,32.9173,,4.77247
25.4903,259.117,32.5585,,4.5464
25.5003,263.535,32.1779,,4.31438
25.5103,267.719,31.7708,,4.07618
25.5203,271.663,31.35,,3.83259
25.5303,275.358,30.9063,,3.58513
25.5403,278.806,30.4323,,3.33521
25.5504,282.005,29.9368,,3.08558
25.5604,284.951,29.3908,,2.82976
25.5704,287.639,28.806,,2.57459
25.5804,290.072,28.1795,,2.31358
25.5903,292.237,27.5092,,2.04701
25.6003,294.143,26.7737,,1.78838
25.6103,295.784,25.9912,,1.51871
25.6203,297.154,25.1186,,1.25202
25.6303,298.263,24.1522,,0.988673
25.6403,299.104,23.0967,,0.719501
25.6503,299.674,21.8876,,0.449415
25.6603,299.969,20.5537,,0.16515
25.6704,299.995,19.0423,,-0.0842563
25.6804,299.763,17.3266,,-0.35482
25.6904,299.256,15.3836,,-0.63238
25.7004,298.475,13.1741,,-0.89929
25.7104,297.431,10.7066,,-1.16185
25.7203,296.119,7.99461,,-1.43772
25.7303,294.533,5.08922,,-1.70712
25.7403,292.685,2.07027,,-1.96208
25.7503,290.575,-0.981452,,-2.22891
25.7603,288.205,-3.9972,,-2.48505
25.7703,285.578,-6.88935,,-2.7452
25.7803,282.688,-9.64303,,-3.00748
25.7903,279.541,-12.2389,,-3.25981
25.8004,276.149,-14.6435,,-3.50104
25.8104,272.505,-16.883,,-3.75848
25.8204,268.618,-18.938,,-3.99368
25.8304,264.488,-20.8362,,-4.24183
25.8403,260.116,-22.5801,,-4.47631
25.8503,255.512,-24.1746,,-4.70579
25.8603,250.685,-25.6389,,-4.92955
25.8703,245.63,-26.9716,,-5.15349
25.8803,240.352,-28.1782,,-5.38135
25.8903,234.853,-29.2743,,-5.59302
25.9003,229.145,-30.2496,,-5.80032
25.9103,223.234,-31.138,,-6.0038
25.9204,217.122,-31.9309,,-6.19888
25.9304,210.815,-32.6475,,-6.39388
25.9404,204.317,-33.2973,,-6.58289
25.9504,197.632,-33.8856,,-6.76617
25.9604,190.771,-34.4117,,-6.93588
25.9703,183.741,-34.8785,,-7.10923
25.9803,176.543,-35.2994,,-7.26719
25.9903,169.191,-35.6775,,-7.42505
26.0003,161.68,-36.0102,,-7.57855
26.0103,154.026,-36.318,,-7.71506
26.0203,146.234,-36.595,,-7.85307
26.0303,138.309,-36.8351,,-7.98187
26.0403,130.261,-37.0649,,-8.10193
26.0504,122.095,-37.2499,,-8.21664
26.0604,113.821,-37.4285,,-8.32009
26.0704,105.443,-37.5756,,-8.42352
26.0804,96.9702,-37.7091,,-8.51319
26.0903,88.4094,-37.8322,,-8.59894
26.1003,79.7691,-37.9376,,-8.67228
26.1103,71.059,-38.0328,,-8.7407
26.1203,62.2839,-38.1186,,-8.80135
26.1303,53.4526,-38.1734,,-8.85409
26.1403,44.574,-38.2292,,-8.89855
26.1503,35.6535,-38.2763,,-8.93633
26.1603,26.7017,-38.3014,,-8.96378
26.1704,17.7261,-38.331,,-8.98438
26.1804,8.73469,-38.3456,,-8.99569
26.1904,-0.264627,-38.3604,,-9.0007
26.2004,-9.26406,-38.348,,-8.99753
26.2104,-18.2551,-38.3396,,-8.98476
26.2203,-27.2293,-38.3146,,-8.96444
26.2303,-36.1793,-38.2807,,-8.93719
26.2403,-45.0974,-38.2482,,-8.90082
26.2503,-53.9742,-38.194,,-8.85571
26.2603,-62.8023,-38.1523,,-8.80444
26.2703,-71.574,-38.0812,,-8.74371
26.2803,-80.281,-38.0152,,-8.67671
26.2903,-88.9166,-37.9345,,-8.60017
26.3004,-97.4707,-37.8455,,-8.51577
26.3104,-105.938,-37.7461,,-8.42572
26.3204,-114.31,-37.6424,,-8.32709
26.3304,-122.579,-37.5197,,-8.21997
26.3403,-130.737,-37.3977,,-8.10717
26.3503,-138.779,-37.2711,,-7.98637
26.3603,-146.695,-37.1333,,-7.85817
26.3703,-154.479,-36.9871,,-7.72315
26.3803,-162.127,-36.8352,,-7.58335
26.3903,-169.627,-36.6561,,-7.43161
26.4003,-176.971,-36.4727,,-7.27354
26.4103,-184.158,-36.289,,-7.11333
26.4204,-191.18,-36.0913,,-6.94578
26.4304,-198.031,-35.883,,-6.77205
26.4404,-204.701,-35.6703,,-6.58859
26.4504,-211.188,-35.4404,,-6.40085
26.4604,-217.485,-35.2084,,-6.21218
26.4703,-223.589,-34.9475,,-6.01301
26.4803,-229.488,-34.6819,,-5.8058
26.4903,-235.179,-34.3909,,-5.59759
26.5003,-240.662,-34.0944,,-5.38722
26.5103,-245.93,-33.7772,,-5.16817
26.5203,-250.971,-33.4582,,-4.9401
26.5303,-255.789,-33.11,,-4.71523
26.5403,-260.378,-32.7612,,-4.48405
26.5504,-264.733,-32.3674,,-4.25027
26.5604,-268.85,-31.9798,,-4.00595
26.5704,-272.721,-31.5362,,-3.7624
26.5804,-276.35,-31.0755,,-3.52002
26.5903,-279.734,-30.593,,-3.26806
26.6003,-282.858,-30.0764,,-3.00926
26.6103,-285.73,-29.5347,,-2.75853
26.6203,-288.344,-28.94,,-2.49802
26.6303,-290.706,-28.3135,,-2.24512
26.6403,-292.801,-27.6194,,-1.97326
26.6503,-294.63,-26.866,,-1.71233
26.6603,-296.199,-26.0421,,-1.45057
26.6704,-297.501,-25.1552,,-1.18029
26.6804,-298.533,-24.167,,-0.908312
26.6904,-299.292,-23.0686,,-0.638999
26.7004,-299.786,-21.8401,,-0.375405
26.7104,-300.003,-20.4551,,-0.09159
26.7203,-299.959,-18.8734,,0.159207
26.7303,-299.649,-17.1023,,0.435131
26.7403,-299.065,-15.0814,,0.703802
26.7503,-298.211,-12.798,,0.976614
26.7603,-297.089,-10.2656,,1.24134
26.7703,-295.701,-7.50102,,1.50943
26.7803,-294.043,-4.55474,,1.778
26.7903,-292.122,-1.49908,,2.03709
26.8004,-289.938,1.55174,,2.30338
26.8104,-287.493,4.53815,,2.56224
26.8204,-284.788,7.4115,,2.81902
26.8304,-281.829,10.1096,,3.07311
26.8403,-278.618,12.6534,,3.32381
26.8503,-275.154,15.0186,,3.57993
26.8603,-271.438,17.2064,,3.82488
26.8703,-267.481,19.2213,,4.06595
26.8803,-263.284,21.0794,,4.30378
26.8903,-258.851,22.782,,4.53838
26.9003,-254.191,24.3357,,4.76163
26.9103,-249.293,25.7632,,5.00493
26.9204,-244.171,27.0715,,5.21639
26.9304,-238.835,28.2391,,5.43564
26.9404,-233.28,29.2989,,5.65068
26.9504,-227.513,30.2545,,5.86042
26.9604,-221.544,31.1152,,6.05717
26.9703,-215.378,31.8867,,6.2578
26.9803,-209.013,32.5869,,6.45075
26.9903,-202.461,33.2236,,6.63175
27.0003,-195.73,33.7847,,6.81154
27.0103,-188.82,34.2865,,6.98845
27.0203,-181.74,34.7437,,7.15476
27.0303,-174.498,35.152,,7.31251
27.0403,-167.101,35.5154,,7.46655
27.0504,-159.55,35.8549,,7.61806
27.0604,-151.855,36.1466,,7.75594
27.0704,-144.028,36.4163,,7.88673
27.0804,-136.068,36.6519,,8.0179
27.0903,-127.984,36.8625,,8.1366
27.1003,-119.787,37.0516,,8.24576
27.1103,-111.484,37.2178,,8.34991
27.1203,-103.079,37.3672,,8.4485
27.1303,-94.5798,37.5006,,8.53859
27.1403,-85.9965,37.6147,,8.61818
27.1503,-77.3371,37.7149,,8.69287
27.1603,-68.6068,37.8074,,8.75894
27.1704,-59.8145,37.8732,,8.81893
27.1804,-50.968,37.9425,,8.86806
27.1904,-42.0764,37.9903,,8.90941
27.2004,-33.1477,38.0286,,8.94332
27.2104,-24.1887,38.0639,,8.97049
27.2203,-15.2078,38.079,,8.98804
27.2303,-6.21318,38.0942,,8.99887
27.2403,2.78705,38.0958,,9.00088
27.2503,11.7848,38.0848,,8.99404
27.2603,20.7719,38.0788,,8.97941
27.2703,29.74,38.0566,,8.95778
27.2803,38.6819,38.0224,,8.92736
27.2903,47.5884,37.9797,,8.88872
27.3004,56.4521,37.9193,,8.84269
27.3104,65.2659,37.8685,,8.78939
27.3204,74.0211,37.7884,,8.72456
27.3304,82.7094,37.7285,,8.65787
27.3403,91.3236,37.6442,,8.57625
27.3503,99.8521,37.5605,,8.49023
27.3603,108.293,37.4579,,8.3986
27.3703,116.639,37.3472,,8.30132
27.3803,124.879,37.2343,,8.18937
27.3903,133.004,37.0969,,8.07244
27.4003,141.011,36.9708,,7.9508
27.4103,148.891,36.8286,,7.82316
27.4204,156.638,36.6736,,7.68138
27.4304,164.24,36.5223,,7.53757
27.4404,171.698,36.3497,,7.39251
27.4504,179.003,36.1656,,7.23049
27.4604,186.142,35.9813,,7.06489
27.4703,193.117,35.7754,,6.89821
27.4803,199.917,35.5626,,6.71888
27.4903,206.536,35.3388,,6.53698
27.5003,212.971,35.1103,,6.34957
27.5103,219.214,34.8649,,6.15733
27.5203,225.263,34.6112,,5.95685
27.5303,231.105,34.3465,,5.74875
27.5403,236.739,34.0563,,5.53882
27.5504,242.161,33.7613,,5.3264
27.5604,247.366,33.4323,,5.10454
27.5704,252.351,33.1138,,4.88227
27.5804,257.101,32.747,,4.64688
27.5903,261.622,32.3836,,4.41883
27.6003,265.914,32.0042,,4.18186
27.6103,269.963,31.5847,,3.94178
27.6203,273.766,31.156,,3.68862
27.6303,277.32,30.6988,,3.44676
27.6403,280.63,30.1958,,3.19599
27.6503,283.688,29.6672,,2.94293
27.6603,286.49,29.097,,2.69137
27.6704,289.038,28.4953,,2.42387
27.6804,291.317,27.8595,,2.1655
27.6904,293.341,27.1486,,1.90365
27.7004,295.097,26.399,,1.63719
27.7104,296.589,25.5463,,1.3724
27.7203,297.813,24.6216,,1.10282
27.7303,298.769,23.5947,,0.835211
27.7403,299.455,22.4674,,0.565358
27.7503,299.874,21.1943,,0.294151
27.7603,300.017,19.7615,,0.0281297
27.7703,299.902,18.1447,,-0.238116
27.7803,299.513,16.2934,,-0.51006
27.7903,298.853,14.2002,,-0.784181
27.8004,297.922,11.8364,,-1.05092
27.8104,296.725,9.23272,,-1.31578
27.8204,295.26,6.39806,,-1.58817
27.8304,293.527,3.42155,,-1.84928
27.8403,291.533,0.371783,,-2.1126
27.8503,289.279,-2.67843,,-2.37184
27.8603,286.761,-5.65136,,-2.63526
27.8703,283.984,-8.47011,,-2.8928
27.8803,280.953,-11.144,,-3.14376
27.8903,277.669,-13.6317,,-3.39896
27.9003,274.134,-15.9412,,-3.64534
27.9103,270.355,-18.0755,,-3.88855
27.9204,266.332,-20.0476,,-4.13059
27.9304,262.069,-21.8674,,-4.37095
27.9404,257.568,-23.5373,,-4.60945
27.9504,252.829,-25.0628,,-4.83541
27.9604,247.878,-26.4471,,-5.05333
27.9703,242.696,-27.7107,,-5.28412
27.9803,237.294,-28.8505,,-5.49813
27.9903,231.681,-29.8751,,-5.70565
28.0003,225.861,-30.8122,,-5.91648
28.0103,219.833,-31.6538,,-6.11415
28.0203,213.612,-32.407,,-6.31161
28.0303,207.195,-33.088,,-6.50075
28.0403,200.594,-33.6928,,-6.68334
28.0504,193.81,-34.2348,,-6.86395
28.0604,186.853,-34.7284,,-7.03135
28.0704,179.729,-35.1677,,-7.20214
28.0804,172.438,-35.5679,,-7.35951
28.0903,164.997,-35.9323,,-7.50736
28.1003,157.409,-36.2516,,-7.65313
28.1103,149.677,-36.5352,,-7.79588
28.1203,141.809,-36.7899,,-7.92555
28.1303,133.813,-37.0196,,-8.05129
28.1403,125.698,-37.2208,,-8.16704
28.1503,117.471,-37.4069,,-8.27575
28.1603,109.139,-37.5743,,-8.37716
28.1704,100.707,-37.708,,-8.47517
28.1804,92.1822,-37.8408,,-8.56316
28.1904,83.5761,-37.9523,,-8.63994
28.2004,74.8967,-38.0433,,-8.7115
28.2104,66.1495,-38.1261,,-8.77509
28.2203,57.3423,-38.1992,,-8.83264
28.2303,48.4817,-38.2643,,-8.88161
28.2403,39.5782,-38.3105,,-8.92112
28.2503,30.6397,-38.3441,,-8.95071
28.2603,21.6742,-38.3779,,-8.97622
28.2703,12.6885,-38.397,,-8.99249
28.2803,3.69106,-38.4043,,-9.00024
28.2903,-5.30938,-38.4087,,-8.99969
28.3004,-14.3048,-38.3934,,-8.99071
28.3104,-23.2875,-38.3737,,-8.97493
28.3204,-32.2496,-38.3521,,-8.95004
28.3304,-41.1823,-38.3147,,-8.91735
28.3403,-50.0775,-38.277,,-8.87634
28.3503,-58.9279,-38.2179,,-8.82821
28.3603,-67.7258,-38.1716,,-8.77142
28.3703,-76.4624,-38.0976,,-8.70678
28.3803,-85.1307,-38.0195,,-8.63515
28.3903,-93.7202,-37.9364,,-8.55265
28.4003,-102.229,-37.834,,-8.47037
28.4103,-110.645,-37.7374,,-8.37034
28.4204,-118.959,-37.6284,,-8.26747
28.4304,-127.167,-37.5171,,-8.1582
28.4404,-135.261,-37.3921,,-8.04009
28.4504,-143.232,-37.2503,,-7.91478
28.4604,-151.075,-37.1093,,-7.78293
28.4703,-158.784,-36.9424,,-7.64651
28.4803,-166.349,-36.7786,,-7.49857
28.4903,-173.765,-36.6138,,-7.34673
28.5003,-181.021,-36.4269,,-7.18082
28.5103,-188.117,-36.2395,,-7.02639
28.5203,-195.047,-36.0286,,-6.84777
28.5303,-201.793,-35.8133,,-6.6629
28.5403,-208.36,-35.5912,,-6.48656
28.5504,-214.74,-35.3542,,-6.29483
28.5604,-220.93,-35.1132,,-6.09981
28.5704,-226.92,-34.8425,,-5.90307
28.5804,-232.709,-34.5747,,-5.69282
28.5903,-238.284,-34.2765,,-5.47808
28.6003,-243.644,-33.976,,-5.26196
28.6103,-248.785,-33.6521,,-5.0421
28.6203,-253.705,-33.3208,,-4.81747
28.6303,-258.393,-32.9584,,-4.58438
28.6403,-262.851,-32.5885,,-4.35153
28.6503,-267.07,-32.1925,,-4.11254
28.6603,-271.051,-31.7755,,-3.8699
28.6704,-274.786,-31.3341,,-3.62603
28.6804,-278.276,-30.8666,,-3.37668
28.6904,-281.515,-30.3593,,-3.12836
28.7004,-284.502,-29.8297,,-2.86889
28.7104,-287.229,-29.2527,,-2.61143
28.7203,-289.698,-28.6295,,-2.35308
28.7303,-291.91,-27.9675,,-2.09494
28.7403,-293.858,-27.2454,,-1.83045
28.7503,-295.543,-26.4586,,-1.56152
28.7603,-296.958,-25.5968,,-1.29814
28.7703,-298.11,-24.657,,-1.02826
28.7803,-298.989,-23.6119,,-0.762192
28.7903,-299.605,-22.434,,-0.492672
28.8004,-299.942,-21.1144,,-0.204146
28.8104,-300.005,-19.6267,,0.0407934
28.8204,-299.82,-17.9436,,0.310028
28.8304,-299.357,-16.0244,,0.587597
28.8403,-298.62,-13.8691,,0.858588
28.8503,-297.613,-11.4308,,1.12769
28.8603,-296.338,-8.75855,,1.39325
28.8703,-294.801,-5.88161,,1.6566
28.8803,-292.997,-2.86188,,1.92367
28.8903,-290.93,0.206158,,2.184
28.9003,-288.6,3.24196,,2.4495
28.9103,-286.008,6.16721,,2.70749
28.9204,-283.161,8.96259,,2.96271
28.9304,-280.059,11.5742,,3.21437
28.9404,-276.703,14.0154,,3.47127
28.9504,-273.1,16.2856,,3.70909
28.9604,-269.253,18.3816,,3.96111
28.9703,-265.161,20.3106,,4.19711
28.9803,-260.831,22.0943,,4.43975
28.9903,-256.268,23.716,,4.66294
29.0003,-251.474,25.2072,,4.90153
29.0103,-246.447,26.5566,,5.12729
29.0203,-241.203,27.7845,,5.33937
29.0303,-235.745,28.9028,,5.55345
29.0403,-230.073,29.9004,,5.7687
29.0504,-224.19,30.8016,,5.97592
29.0604,-218.109,31.6199,,6.16635
29.0704,-211.831,32.3462,,6.3687
29.0804,-205.36,33.0096,,6.55239
29.0903,-198.71,33.5955,,6.73219
29.1003,-191.877,34.1306,,6.91132
29.1103,-184.875,34.6111,,7.07728
29.1203,-177.705,35.0351,,7.24415
29.1303,-170.371,35.424,,7.40581
29.1403,-162.882,35.768,,7.55349
29.1503,-155.256,36.0752,,7.68953
29.1603,-147.486,36.3556,,7.83276
29.1704,-139.582,36.613,,7.96149
29.1804,-131.552,36.8362,,8.08402
29.1904,-123.406,37.0256,,8.19804
29.2004,-115.145,37.2025,,8.30971
29.2104,-106.783,37.3539,,8.40289
29.2203,-98.3272,37.4948,,8.50006
29.2303,-89.778,37.6186,,8.58627
29.2403,-81.1506,37.7308,,8.66109
29.2503,-72.451,37.8243,,8.73016
29.2603,-63.6857,37.9067,,8.79244
29.2703,-54.8628,37.9708,,8.84626
29.2803,-45.9903,38.0225,,8.89323
29.2903,-37.0763,38.0729,,8.9295
29.3004,-28.1295,38.1017,,8.96006
29.3104,-19.1571,38.1306,,8.98155
29.3204,-10.1676,38.1392,,8.99433
29.3304,-1.16882,38.1506,,9.00082
29.3403,7.831,38.1519,,8.99814
29.3503,16.8238,38.1387,,8.98745
29.3603,25.8015,38.1194,,8.96836
29.3703,34.7556,38.098,,8.94152
29.3803,43.6792,38.0482,,8.907
29.3903,52.5626,37.9983,,8.86378
29.4003,61.3994,37.9458,,8.81304
29.4103,70.1807,37.8841,,8.75424
29.4204,78.8989,37.8219,,8.68755
29.4304,87.546,37.7409,,8.61269
29.4404,96.1139,37.6543,,8.53223
29.4504,104.597,37.5515,,8.43848
29.4604,112.983,37.448,,8.34342
29.4703,121.271,37.3352,,8.24109
29.4803,129.448,37.2141,,8.12349
29.4903,137.508,37.0865,,8.00589
29.5003,145.444,36.9494,,7.87926
29.5103,153.249,36.8018,,7.74464
29.5203,160.918,36.6443,,7.60667
29.5303,168.444,36.4778,,7.45382
29.5403,175.809,36.3001,,7.29657
29.5504,183.024,36.118,,7.14384
29.5604,190.075,35.9225,,6.97331
29.5704,196.953,35.7146,,6.80175
29.5804,203.656,35.5012,,6.61794
29.5903,210.168,35.27,,6.42998
29.6003,216.496,35.0251,,6.24135
29.6103,222.631,34.7738,,6.04551
29.6203,228.563,34.5086,,5.8386
29.6303,234.288,34.2383,,5.63271
29.6403,239.804,33.9398,,5.41941
29.6503,245.107,33.6407,,5.20515
29.6603,250.178,33.3119,,4.96288
29.6704,255.029,32.9603,,4.75919
29.6804,259.661,32.6016,,4.52559
29.6904,264.057,32.225,,4.29162
29.7004,268.213,31.8188,,4.0406
29.7104,272.121,31.3983,,3.80345
29.7203,275.792,30.9478,,3.56038
29.7303,279.213,30.4685,,3.30501
29.7403,282.376,29.9617,,3.04785
29.7503,285.287,29.402,,2.79993
29.7603,287.948,28.8216,,2.54505
29.7703,290.348,28.1953,,2.28042
29.7803,292.483,27.5153,,2.01919
29.7903,294.359,26.771,,1.75533
29.8004,295.968,25.9689,,1.48757
29.8104,297.307,25.0824,,1.22084
29.8204,298.382,24.1135,,0.953647
29.8304,299.19,23.0275,,0.688795
29.8403,299.728,21.8201,,0.418035
29.8503,299.989,20.451,,0.128699
29.8603,299.982,18.9155,,-0.115421
29.8703,299.718,17.1638,,-0.387973
29.8803,299.178,15.1725,,-0.664055
29.8903,298.364,12.9331,,-0.934734
29.9003,297.283,10.4269,,-1.20249
29.9103,295.934,7.68843,,-1.46931
29.9204,294.323,4.76652,,-1.72586
29.9304,292.447,1.72754,,-1.99743
29.9404,290.304,-1.33866,,-2.26365
29.9504,287.898,-4.36275,,-2.52094
29.9604,285.236,-7.25421,,-2.77702
29.9703,282.317,-10.0045,,-3.0361
29.9803,279.144,-12.5842,,-3.28333
29.9903,275.721,-14.9644,,-3.53754
30.0003,272.048,-17.1892,,-3.78088
30.0103,268.133,-19.2352,,-4.02789
30.0203,263.971,-21.1194,,-4.26962
30.0303,259.573,-22.8623,,-4.50274
30.0403,254.945,-24.4489,,-4.7319
30.0504,250.084,-25.907,,-4.9621
30.0604,245.002,-27.2326,,-5.18286
30.0704,239.695,-28.4239,,-5.40647
30.0804,234.173,-29.5021,,-5.61463
30.0903,228.442,-30.4678,,-5.82388
30.1003,222.506,-31.3427,,-6.02716
30.1103,216.372,-32.1382,,-6.2249
30.1203,210.038,-32.8488,,-6.42093
30.1303,203.515,-33.4982,,-6.60304
30.1403,196.815,-34.0795,,-6.78179
30.1503,189.932,-34.5919,,-6.96214
30.1603,182.879,-35.0498,,-7.12652
30.1704,175.664,-35.4656,,-7.28783
30.1804,168.29,-35.8291,,-7.44075
30.1904,160.765,-36.17,,-7.59362
30.2004,153.092,-36.4672,,-7.73742
30.2104,145.282,-36.7453,,-7.86929
30.2203,137.343,-36.9797,,-7.99424
30.2303,129.281,-37.2028,,-8.11715
30.2403,121.102,-37.3916,,-8.22913
30.2503,112.813,-37.5613,,-8.33458
30.2603,104.425,-37.7103,,-8.43407
30.2703,95.9394,-37.8408,,-8.52433
30.2803,87.3692,-37.9665,,-8.6069
30.2903,78.7212,-38.0651,,-8.68068
30.3004,70.0019,-38.1502,,-8.75023
30.3104,61.2183,-38.2357,,-8.80908
30.3204,52.381,-38.2972,,-8.85941
30.3304,43.4959,-38.3491,,-8.90385
30.3403,34.5724,-38.3945,,-8.94
30.3503,25.617,-38.4262,,-8.96655
30.3603,16.6393,-38.4423,,-8.9856
30.3703,7.64641,-38.4561,,-8.99712
30.3803,-1.35347,-38.4634,,-9.001
30.3903,-10.3523,-38.4595,,-8.99605
30.4003,-19.3416,-38.443,,-8.98272
30.4103,-28.3137,-38.4237,,-8.96254
30.4204,-37.2602,-38.3941,,-8.93173
30.4304,-46.1732,-38.3506,,-8.89586
30.4404,-55.0445,-38.3044,,-8.85057
30.4504,-63.8665,-38.2582,,-8.79744
30.4604,-72.6305,-38.1889,,-8.7358
30.4703,-81.3294,-38.1148,,-8.66715
30.4803,-89.9547,-38.0324,,-8.59026
30.4903,-98.4996,-37.9377,,-8.50698
30.5003,-106.956,-37.835,,-8.41334
30.5103,-115.315,-37.7433,,-8.31367
30.5203,-123.571,-37.6228,,-8.20778
30.5303,-131.718,-37.5015,,-8.09427
30.5403,-139.745,-37.3726,,-7.97151
30.5504,-147.644,-37.2281,,-7.84114
30.5604,-155.413,-37.0718,,-7.70655
30.5704,-163.04,-36.9112,,-7.56297
30.5804,-170.522,-36.7503,,-7.41295
30.5903,-177.849,-36.5659,,-7.25686
30.6003,-185.02,-36.3785,,-7.09769
30.6103,-192.019,-36.1829,,-6.91977
30.6203,-198.847,-35.9766,,-6.75207
30.6303,-205.498,-35.747,,-6.56525
30.6403,-211.959,-35.5096,,-6.37822
30.6503,-218.231,-35.2743,,-6.18342
30.6603,-224.308,-35.0151,,-5.99017
30.6704,-230.189,-34.7373,,-5.78694
30.6804,-235.858,-34.4691,,-5.57271
30.6904,-241.311,-34.1766,,-5.35599
30.7004,-246.548,-33.8528,,-5.14117
30.7104,-251.572,-33.5241,,-4.92111
30.7203,-256.36,-33.1739,,-4.6833
30.7303,-260.919,-32.8124,,-4.45564
30.7403,-265.246,-32.4133,,-4.22044
30.7503,-269.331,-32.0182,,-3.97365
30.7603,-273.173,-31.5804,,-3.73523
30.7703,-276.776,-31.1192,,-3.49079
30.7803,-280.125,-30.6322,,-3.23604
30.7903,-283.221,-30.1118,,-2.98095
30.8004,-286.063,-29.5567,,-2.72705
30.8104,-288.647,-28.9552,,-2.46868
30.8204,-290.973,-28.3206,,-2.20662
30.8304,-293.035,-27.6205,,-1.94333
30.8403,-294.836,-26.8638,,-1.68292
30.8503,-296.368,-26.0275,,-1.41185
30.8603,-297.636,-25.1201,,-1.14749
30.8703,-298.635,-24.1192,,-0.878659
30.8803,-299.366,-23.0102,,-0.609479
30.8903,-299.829,-21.7586,,-0.340043
30.9003,-300.009,-20.3526,,-0.0599242
30.9103,-299.939,-18.7515,,0.187912
30.9204,-299.594,-16.9377,,0.470635
30.9304,-298.975,-14.8693,,0.738891
30.9404,-298.091,-12.5512,,1.00541
30.9504,-296.936,-9.97196,,1.27566
30.9604,-295.513,-7.17669,,1.54344
30.9703,-293.823,-4.22512,,1.80995
30.9803,-291.87,-1.15249,,2.06758
30.9903,-289.656,1.90692,,2.33276
31.0003,-287.182,4.90191,,2.59137
31.0103,-284.447,7.7668,,2.85259
31.0203,-281.455,10.4672,,3.10435
31.0303,-278.211,12.9917,,3.35916
31.0403,-274.715,15.3427,,3.60582
31.0504,-270.974,17.5075,,3.8553
31.0604,-266.983,19.5236,,4.09694
31.0704,-262.76,21.3707,,4.32649
31.0804,-258.304,23.0647,,4.56353
31.0903,-253.607,24.6189,,4.80459
31.1003,-248.682,26.0312,,5.02136
31.1103,-243.535,27.3203,,5.24982
31.1203,-238.167,28.4822,,5.46226
31.1303,-232.589,29.5371,,5.67277
31.1403,-226.8,30.4817,,5.88466
31.1503,-220.806,31.3317,,6.08339
31.1603,-214.614,32.1016,,6.27967
31.1704,-208.23,32.7894,,6.46867
31.1804,-201.658,33.409,,6.6556
31.1904,-194.904,33.9695,,6.83434
31.2004,-187.971,34.4815,,7.01076
31.2104,-180.872,34.9237,,7.17204
31.2203,-173.611,35.3307,,7.33222
31.2303,-166.193,35.6819,,7.48706
31.2403,-158.623,36.0119,,7.63714
31.2503,-150.913,36.2891,,7.76827
31.2603,-143.07,36.5685,,7.90384
31.2703,-135.095,36.7985,,8.03163
31.2803,-126.999,37.0152,,8.14692
31.2903,-118.79,37.1916,,8.26065
31.3004,-110.471,37.3672,,8.36426
31.3104,-102.055,37.4909,,8.45728
31.3204,-93.5475,37.6329,,8.54692
31.3304,-84.9531,37.7414,,8.63106
31.3403,-76.2832,37.8476,,8.70169
31.3503,-67.5455,37.9307,,8.76627
31.3603,-58.7467,38.0056,,8.82452
31.3703,-49.8954,38.0661,,8.87198
31.3803,-40.9993,38.109,,8.9141
31.3903,-32.0659,38.1542,,8.9481
31.4003,-23.1036,38.1797,,8.97238
31.4103,-14.1205,38.2072,,8.99113
31.4204,-5.12426,38.2166,,8.99943
31.4304,3.87609,38.2194,,8.99986
31.4404,12.8728,38.1986,,8.99285
31.4504,21.8581,38.1926,,8.97795
31.4604,30.8239,38.1622,,8.95417
31.4703,39.762,38.1338,,8.9239
31.4803,48.6647,38.0906,,8.88452
31.4903,57.5228,38.0405,,8.83554
31.5003,66.3291,37.9827,,8.78098
31.5103,75.0755,37.9045,,8.71729
31.5203,83.7553,37.8271,,8.64688
31.5303,92.3594,37.7598,,8.56784
31.5403,100.88,37.648,,8.48066
31.5504,109.309,37.5663,,8.38662
31.5604,117.64,37.4553,,8.28468
31.5704,125.865,37.3339,,8.17622
31.5804,133.979,37.2053,,8.06087
31.5903,141.972,37.077,,7.93611
31.6003,149.837,36.924,,7.80439
31.6103,157.563,36.7811,,7.66248
31.6203,165.15,36.6052,,7.52516
31.6303,172.595,36.4459,,7.37627
31.6403,179.878,36.2553,,7.20522
31.6503,186.993,36.0764,,7.04323
31.6603,193.947,35.8613,,6.87814
31.6704,200.728,35.659,,6.69941
31.6804,207.327,35.4288,,6.51771
31.6904,213.741,35.1963,,6.32715
31.7004,219.958,34.9429,,6.12835
31.7104,225.979,34.6926,,5.92966
31.7203,231.795,34.4194,,5.72568
31.7303,237.407,34.1277,,5.51497
31.7403,242.801,33.8319,,5.2955
31.7503,247.977,33.5105,,5.07609
31.7603,252.928,33.1798,,4.85239
31.7703,257.659,32.8145,,4.62881
31.7803,262.157,32.4518,,4.38961
31.7903,266.415,32.0605,,4.14924
31.8004,270.431,31.6447,,3.90858
31.8104,274.208,31.2045,,3.66722
31.8204,277.737,30.7366,,3.41781
31.8304,281.017,30.2328,,3.16281
31.8403,284.038,29.6994,,2.9071
31.8503,286.808,29.1334,,2.65505
31.8603,289.32,28.5295,,2.39782
31.8703,291.575,27.8771,,2.13538
31.8803,293.565,27.1609,,1.87177
31.8903,295.29,26.3832,,1.60464
31.9003,296.751,25.5269,,1.34264
31.9103,297.945,24.5876,,1.07256
31.9204,298.868,23.5603,,0.802612
31.9304,299.527,22.4086,,0.535528
31.9404,299.909,21.1183,,0.257397
31.9504,300.017,19.6585,,-6.41E-03
31.9604,299.869,18.0025,,-0.270228
31.9703,299.447,16.1228,,-0.544322
31.9803,298.754,13.9839,,-0.813397
31.9903,297.792,11.5844,,-1.08446
32.0003,296.562,8.94184,,-1.34957
32.0103,295.067,6.07064,,-1.61584
32.0203,293.303,3.07382,,-1.8833
32.0303,291.277,0.0112753,,-2.14034
32.0403,288.992,-3.0404,,-2.40646
32.0504,286.441,-5.99681,,-2.66784
32.0604,283.633,-8.82519,,-2.92154
32.0704,280.573,-11.487,,-3.17352
32.0804,277.256,-13.9659,,-3.43543
32.0903,273.686,-16.2656,,-3.67527
32.1003,269.879,-18.393,,-3.91679
32.1103,265.831,-20.353,,-4.15781
32.1203,261.538,-22.1606,,-4.39807
32.1303,257.013,-23.8129,,-4.62971
32.1403,252.252,-25.3319,,-4.86898
32.1503,247.261,-26.713,,-5.08767
32.1603,242.054,-27.9658,,-5.30549
32.1703,236.63,-29.1081,,-5.52166
32.1804,230.99,-30.1153,,-5.73505
32.1904,225.139,-31.0429,,-5.94493
32.2004,219.088,-31.8601,,-6.1349
32.2104,212.845,-32.6123,,-6.33265
32.2203,206.405,-33.2862,,-6.52719
32.2303,199.781,-33.886,,-6.7039
32.2403,192.976,-34.4308,,-6.88461
32.2503,186,-34.9231,,-7.04921
32.2603,178.856,-35.354,,-7.22348
32.2703,171.546,-35.7452,,-7.37757
32.2803,164.086,-36.0892,,-7.52736
32.2903,156.478,-36.4118,,-7.67243
32.3004,148.73,-36.6859,,-7.80876
32.3104,140.849,-36.9461,,-7.93863
32.3204,132.841,-37.1727,,-8.06456
32.3304,124.71,-37.375,,-8.18436
32.3403,116.468,-37.5583,,-8.28878
32.3503,108.122,-37.7116,,-8.39063
32.3603,99.6792,-37.8565,,-8.48417
32.3703,91.1462,-37.9783,,-8.5717
32.3803,82.5299,-38.0802,,-8.6513
32.3903,73.8404,-38.1789,,-8.72021
32.4003,65.0854,-38.2581,,-8.78253
32.4103,56.2716,-38.3332,,-8.83869
32.4203,47.4066,-38.3946,,-8.88532
32.4304,38.4982,-38.446,,-8.92502
32.4404,29.556,-38.4763,,-8.95557
32.4504,20.5872,-38.5015,,-8.97821
32.4604,11.6001,-38.5166,,-8.99355
32.4703,2.60224,-38.5211,,-9.00029
32.4803,-6.39797,-38.5293,,-8.9986
32.4903,-15.3924,-38.5167,,-8.98953
32.5003,-24.373,-38.4959,,-8.97188
32.5103,-33.3316,-38.4733,,-8.94689
32.5203,-42.2603,-38.4349,,-8.91262
32.5303,-51.1504,-38.3934,,-8.8706
32.5403,-59.9953,-38.3302,,-8.82281
32.5504,-68.7864,-38.2768,,-8.76352
32.5604,-77.5149,-38.2105,,-8.69802
32.5704,-86.1719,-38.1303,,-8.62443
32.5804,-94.7552,-38.0461,,-8.54694
32.5903,-103.254,-37.9626,,-8.45671
32.6003,-111.655,-37.8485,,-8.35769
32.6103,-119.957,-37.7396,,-8.25536
32.6203,-128.152,-37.6187,,-8.14348
32.6303,-136.231,-37.4844,,-8.02573
32.6403,-144.189,-37.3449,,-7.90027
32.6503,-152.016,-37.1996,,-7.76612
32.6603,-159.706,-37.0521,,-7.62625
32.6703,-167.254,-36.8913,,-7.48558
32.6804,-174.654,-36.7134,,-7.32686
32.6904,-181.889,-36.5296,,-7.15924
32.7004,-188.959,-36.3256,,-6.99892
32.7104,-195.867,-36.1162,,-6.82851
32.7203,-202.595,-35.8989,,-6.6469
32.7303,-209.141,-35.6717,,-6.46042
32.7403,-215.497,-35.448,,-6.27053
32.7503,-221.661,-35.1948,,-6.07791
32.7603,-227.628,-34.9292,,-5.87415
32.7703,-233.391,-34.6507,,-5.67131
32.7803,-238.943,-34.361,,-5.4526
32.7903,-244.276,-34.0496,,-5.23444
32.8004,-249.388,-33.7208,,-5.01693
32.8104,-254.281,-33.3844,,-4.7874
32.8204,-258.945,-33.0272,,-4.56008
32.8304,-263.374,-32.6479,,-4.32205
32.8403,-267.565,-32.2555,,-4.08278
32.8503,-271.514,-31.8319,,-3.84001
32.8603,-275.22,-31.3855,,-3.59646
32.8703,-278.68,-30.9081,,-3.34555
32.8803,-281.889,-30.3976,,-3.0964
32.8903,-284.845,-29.8625,,-2.84064
32.9003,-287.544,-29.2769,,-2.58618
32.9103,-289.983,-28.6517,,-2.31722
32.9203,-292.158,-27.985,,-2.05909
32.9304,-294.075,-27.2554,,-1.79914
32.9404,-295.726,-26.4547,,-1.53098
32.9504,-297.11,-25.5832,,-1.26507
32.9604,-298.232,-24.6252,,-0.999808
32.9703,-299.08,-23.5606,,-0.726257
32.9803,-299.661,-22.3628,,-0.461431
32.9903,-299.967,-21.0246,,-0.175735
33.0003,-300.002,-19.5178,,0.0745769
33.0103,-299.779,-17.7917,,0.346132
33.0203,-299.284,-15.8498,,0.618489
33.0303,-298.516,-13.6455,,0.891123
33.0403,-297.477,-11.1637,,1.15945
33.0504,-296.168,-8.46491,,1.42766
33.0604,-294.598,-5.549,,1.68748
33.0704,-292.762,-2.50726,,1.9572
33.0804,-290.661,0.568007,,2.22088
33.0903,-288.299,3.60592,,2.47527
33.1003,-285.678,6.52749,,2.73838
33.1103,-282.8,9.31668,,2.99436
33.1203,-279.666,11.9133,,3.24688
33.1303,-276.282,14.3512,,3.49672
33.1403,-272.648,16.611,,3.74565
33.1503,-268.77,18.7018,,3.98461
33.1603,-264.651,20.6229,,4.23103
33.1703,-260.288,22.391,,4.46676
33.1804,-255.695,24.007,,4.70094
33.1904,-250.868,25.4802,,4.92336
33.2004,-245.824,26.8268,,5.14525
33.2104,-240.557,28.0393,,5.36655
33.2203,-235.069,29.1489,,5.58496
33.2303,-229.369,30.149,,5.79246
33.2403,-223.467,31.0445,,5.99536
33.2503,-217.359,31.8434,,6.19726
33.2603,-211.058,32.566,,6.38432
33.2703,-204.568,33.2153,,6.57405
33.2803,-197.893,33.8001,,6.75847
33.2903,-191.038,34.3239,,6.932
33.3004,-184.014,34.8008,,7.09789
33.3104,-176.823,35.2196,,7.26678
33.3204,-169.471,35.6026,,7.42146
33.3304,-161.968,35.9553,,7.56609
33.3403,-154.323,36.2448,,7.71251
33.3503,-146.534,36.5276,,7.84714
33.3603,-138.616,36.7681,,7.97665
33.3703,-130.572,36.9827,,8.09675
33.3803,-122.412,37.1786,,8.21219
33.3903,-114.139,37.3554,,8.31965
33.4003,-105.765,37.5191,,8.41749
33.4103,-97.2969,37.6425,,8.51091
33.4203,-88.7387,37.7681,,8.5941
33.4304,-80.1029,37.8794,,8.67001
33.4404,-71.3939,37.9567,,8.73918
33.4504,-62.6211,38.0396,,8.79907
33.4604,-53.7926,38.1047,,8.85108
33.4703,-44.9151,38.1585,,8.89812
33.4803,-35.9962,38.2074,,8.93491
33.4903,-27.0452,38.2459,,8.96313
33.5003,-18.0704,38.2689,,8.98273
33.5103,-9.07952,38.279,,8.99656
33.5203,-0.0801194,38.2829,,9.00059
33.5303,8.91957,38.2757,,8.99729
33.5403,17.9109,38.2641,,8.98603
33.5504,26.8863,38.2464,,8.96543
33.5604,35.8373,38.2171,,8.93764
33.5704,44.7564,38.1871,,8.9021
33.5804,53.6346,38.1231,,8.85781
33.5903,62.4648,38.0732,,8.80639
33.6003,71.239,38.0037,,8.74638
33.6103,79.9481,37.9333,,8.67802
33.6203,88.5847,37.8608,,8.60188
33.6303,97.1427,37.7697,,8.52132
33.6403,105.616,37.68,,8.43121
33.6503,113.991,37.5708,,8.33062
33.6603,122.265,37.4559,,8.22443
33.6703,130.427,37.3289,,8.11139
33.6804,138.474,37.1921,,7.99184
33.6904,146.395,37.0507,,7.86256
33.7004,154.185,36.9046,,7.72831
33.7104,161.835,36.7458,,7.58704
33.7203,169.342,36.5964,,7.43714
33.7303,176.691,36.409,,7.27843
33.7403,183.884,36.2247,,7.12347
33.7503,190.916,36.025,,6.95389
33.7603,197.774,35.8106,,6.77698
33.7703,204.451,35.5893,,6.59637
33.7803,210.943,35.36,,6.40741
33.7903,217.25,35.1287,,6.22158
33.8004,223.36,34.8661,,6.01616
33.8104,229.265,34.6019,,5.8158
33.8204,234.965,34.3218,,5.60448
33.8304,240.454,34.0176,,5.39456
33.8403,245.727,33.7149,,5.17357
33.8503,250.781,33.3908,,4.955
33.8603,255.611,33.0394,,4.72652
33.8703,260.211,32.6766,,4.49267
33.8803,264.569,32.2928,,4.25141
33.8903,268.694,31.8884,,4.02036
33.9003,272.579,31.4492,,3.77277
33.9103,276.218,31.0076,,3.52804
33.9203,279.607,30.5202,,3.2761
33.9304,282.743,30.0117,,3.02117
33.9404,285.626,29.4459,,2.77078
33.9504,288.252,28.8584,,2.50749
33.9604,290.618,28.2233,,2.25041
33.9703,292.726,27.5172,,1.98691
33.9803,294.565,26.7765,,1.7212
33.9903,296.142,25.9701,,1.45829
34.0003,297.451,25.071,,1.18686
34.0103,298.492,24.0917,,0.9202
34.0203,299.264,22.9855,,0.654171
34.0303,299.772,21.749,,0.384654
34.0403,299.999,20.3529,,0.102696
34.0504,299.967,18.7814,,-0.146286
34.0604,299.668,17.0155,,-0.424185
34.0704,299.093,14.9849,,-0.699197
34.0804,298.245,12.7026,,-0.966194
34.0903,297.135,10.1698,,-1.23066
34.1003,295.757,7.38625,,-1.4972
34.1103,294.114,4.42818,,-1.76375
34.1203,292.202,1.37016,,-2.03076
34.1303,290.031,-1.70804,,-2.28753
34.1403,287.594,-4.73557,,-2.55773
34.1503,284.894,-7.61722,,-2.81495
34.1603,281.947,-10.3517,,-3.05695
34.1703,278.744,-12.9183,,-3.31816
34.1804,275.291,-15.2918,,-3.56641
34.1904,271.586,-17.5115,,-3.81638
34.2004,267.637,-19.5458,,-4.05646
34.2104,263.451,-21.4336,,-4.29226
34.2203,259.027,-23.1626,,-4.53193
34.2303,254.373,-24.7432,,-4.75393
34.2403,249.486,-26.1825,,-4.99437
34.2503,244.371,-27.49,,-5.21109
34.2603,239.041,-28.6748,,-5.43105
34.2703,233.491,-29.7427,,-5.64344
34.2803,227.734,-30.7172,,-5.8496
34.2903,221.773,-31.5866,,-6.05117
34.3004,215.614,-32.3631,,-6.24896
34.3104,209.259,-33.0712,,-6.43689
34.3204,202.72,-33.6998,,-6.62558
34.3304,195.991,-34.2708,,-6.81101
34.3403,189.087,-34.7798,,-6.97797
34.3503,182.015,-35.2363,,-7.14841
34.3603,174.779,-35.655,,-7.30467
34.3703,167.388,-36.0157,,-7.46313
34.3803,159.841,-36.3498,,-7.61257
34.3903,152.154,-36.639,,-7.7497
34.4003,144.328,-36.9075,,-7.88526
34.4103,136.375,-37.1442,,-8.00778
34.4203,128.299,-37.358,,-8.13264
34.4304,120.103,-37.5493,,-8.24406
34.4404,111.803,-37.7149,,-8.3459
34.4504,103.401,-37.8616,,-8.44732
34.4604,94.9056,-37.9934,,-8.53271
34.4703,86.3275,-38.106,,-8.61578
34.4803,77.6686,-38.209,,-8.69151
34.4903,68.9414,-38.3043,,-8.75494
34.5003,60.1532,-38.3734,,-8.81497
34.5103,51.3094,-38.4429,,-8.86649
34.5203,42.4188,-38.4884,,-8.90907
34.5303,33.4901,-38.5281,,-8.94335
34.5403,24.532,-38.5563,,-8.96911
34.5504,15.5518,-38.5771,,-8.98784
34.5604,6.55751,-38.5958,,-8.99836
34.5704,-2.44249,-38.5997,,-9.00053
34.5804,-11.4404,-38.5974,,-8.99454
34.5903,-20.4281,-38.5784,,-8.98121
34.6003,-29.3976,-38.5561,,-8.95836
34.6103,-38.3402,-38.5209,,-8.92787
34.6203,-47.248,-38.4755,,-8.89078
34.6303,-56.1138,-38.4282,,-8.84466
34.6403,-64.9298,-38.3664,,-8.79137
34.6503,-73.6871,-38.3126,,-8.72833
34.6603,-82.3776,-38.2388,,-8.65788
34.6703,-90.9941,-38.1597,,-8.58186
34.6804,-99.5294,-38.0622,,-8.49548
34.6904,-107.976,-37.9599,,-8.40318
34.7004,-116.322,-37.8533,,-8.29957
34.7104,-124.564,-37.7382,,-8.1954
34.7203,-132.695,-37.6126,,-8.07725
34.7303,-140.707,-37.4802,,-7.9569
34.7403,-148.592,-37.3299,,-7.82587
34.7503,-156.345,-37.1899,,-7.69016
34.7603,-163.956,-37.0282,,-7.54497
34.7703,-171.415,-36.8549,,-7.38996
34.7803,-178.724,-36.6752,,-7.241
34.7903,-185.874,-36.4816,,-7.07474
34.8004,-192.856,-36.2772,,-6.90317
34.8104,-199.665,-36.0646,,-6.73037
34.8204,-206.292,-35.8528,,-6.5443
34.8304,-212.732,-35.6139,,-6.3542
34.8403,-218.98,-35.3667,,-6.15968
34.8503,-225.032,-35.1195,,-5.96583
34.8603,-230.886,-34.8364,,-5.75739
34.8703,-236.527,-34.5513,,-5.54795
34.8803,-241.96,-34.2504,,-5.33696
34.8903,-247.171,-33.9389,,-5.10395
34.9003,-252.156,-33.6058,,-4.88789
34.9103,-256.917,-33.2516,,-4.6604
34.9203,-261.453,-32.8814,,-4.43082
34.9304,-265.75,-32.4971,,-4.18888
34.9404,-269.806,-32.0782,,-3.94478
34.9504,-273.62,-31.6477,,-3.70827
34.9604,-277.191,-31.1856,,-3.45723
34.9703,-280.51,-30.6845,,-3.20645
34.9803,-283.576,-30.1621,,-2.95169
34.9903,-286.389,-29.5995,,-2.69854
35.0003,-288.944,-28.9923,,-2.43641
35.0103,-291.237,-28.3412,,-2.17582
35.0203,-293.267,-27.6381,,-1.90917
35.0303,-295.032,-26.8744,,-1.64847
35.0403,-296.534,-26.0224,,-1.38201
35.0504,-297.772,-25.1123,,-1.11629
35.0604,-298.737,-24.0984,,-0.846267
35.0704,-299.437,-22.9551,,-0.577342
35.0804,-299.864,-21.6836,,-0.302738
35.0903,-300.014,-20.248,,-0.0334378
35.1003,-299.908,-18.6191,,0.227823
35.1103,-299.532,-16.7679,,0.495881
35.1203,-298.887,-14.6739,,0.767895
35.1303,-297.966,-12.323,,1.04456
35.1403,-296.777,-9.69349,,1.30895
35.1503,-295.321,-6.87211,,1.57201
35.1603,-293.602,-3.8775,,1.84217
35.1703,-291.618,-0.791653,,2.10022
35.1804,-289.373,2.28056,,2.3645
35.1904,-286.862,5.26512,,2.62751
35.2004,-284.097,8.12777,,2.87884
35.2104,-281.076,10.8214,,3.13535
35.2203,-277.802,13.3296,,3.38746
35.2303,-274.278,15.6721,,3.63488
35.2403,-270.508,17.8307,,3.88022
35.2503,-266.492,19.8362,,4.12784
35.2603,-262.234,21.6711,,4.36208
35.2703,-257.743,23.3697,,4.59963
35.2803,-253.015,24.9075,,4.82423
35.2903,-248.071,26.3107,,5.04752
35.3004,-242.899,27.5901,,5.27202
35.3104,-237.506,28.7453,,5.49335
35.3204,-231.897,29.7845,,5.70178
35.3304,-226.084,30.7238,,5.90105
35.3403,-220.072,31.5741,,6.10567
35.3503,-213.852,32.3294,,6.31139
35.3603,-207.442,33.0208,,6.48828
35.3703,-200.849,33.6165,,6.67922
35.3803,-194.072,34.1825,,6.85626
35.3903,-187.122,34.6665,,7.0272
35.4003,-180.001,35.1173,,7.19345
35.4103,-172.723,35.5203,,7.34741
35.4203,-165.289,35.8812,,7.50658
35.4304,-157.701,36.1949,,7.65107
35.4404,-149.974,36.4869,,7.78885
35.4504,-142.112,36.7334,,7.92087
35.4604,-134.122,36.9703,,8.04436
35.4703,-126.013,37.1729,,8.16134
35.4803,-117.79,37.365,,8.27378
35.4903,-109.457,37.5215,,8.37814
35.5003,-101.029,37.662,,8.46884
35.5103,-92.5105,37.7827,,8.55689
35.5203,-83.9085,37.899,,8.63887
35.5303,-75.2293,37.9973,,8.70985
35.5403,-66.4841,38.0821,,8.77415
35.5504,-57.6785,38.1547,,8.83002
35.5604,-48.8213,38.2106,,8.87805
35.5704,-39.9196,38.2666,,8.91966
35.5804,-30.9818,38.297,,8.95072
35.5903,-22.0174,38.3235,,8.97525
35.6003,-13.0324,38.3383,,8.99176
35.6103,-4.03547,38.3519,,9.00002
35.6203,4.96479,38.35,,8.99917
35.6303,13.9608,38.3478,,8.99162
35.6403,22.944,38.3359,,8.97537
35.6503,31.9064,38.2994,,8.95134
35.6603,40.8409,38.2598,,8.91918
35.6703,49.7382,38.2295,,8.87795
35.6804,58.5897,38.1578,,8.82914
35.6904,67.3897,38.1111,,8.7742
35.7004,76.129,38.0392,,8.70996
35.7104,84.8001,37.969,,8.63891
35.7203,93.3949,37.8823,,8.55682
35.7303,101.905,37.7873,,8.47077
35.7403,110.323,37.6894,,8.37431
35.7503,118.641,37.5682,,8.27148
35.7603,126.854,37.4467,,8.16326
35.7703,134.953,37.3349,,8.04465
35.7803,142.929,37.1923,,7.91872
35.7903,150.778,37.0498,,7.78881
35.8004,158.49,36.8943,,7.6491
35.8104,166.061,36.7284,,7.50588
35.8204,173.485,36.5521,,7.35744
35.8304,180.749,36.3738,,7.18751
35.8403,187.848,36.1772,,7.02452
35.8503,194.778,35.9769,,6.85439
35.8603,201.537,35.7692,,6.67668
35.8703,208.115,35.5371,,6.4955
35.8803,214.503,35.3007,,6.30121
35.8903,220.697,35.0459,,6.10539
35.9003,226.693,34.7914,,5.90655
35.9103,232.486,34.5103,,5.69748
35.9203,238.07,34.2298,,5.49014
35.9304,243.44,33.9196,,5.27176
35.9404,248.588,33.6061,,5.04997
35.9504,253.521,33.2573,,4.82933
35.9604,258.217,32.9038,,4.59067
35.9703,262.681,32.5278,,4.3587
35.9803,266.91,32.1338,,4.12349
35.9903,270.899,31.7174,,3.87752
36.0003,274.646,31.2691,,3.64096
36.0103,278.147,30.7979,,3.38333
36.0203,281.392,30.293,,3.13467
36.0303,284.388,29.7605,,2.88163
36.0403,287.13,29.1811,,2.62559
36.0504,289.61,28.5637,,2.36071
36.0604,291.83,27.9055,,2.10493
36.0704,293.788,27.177,,1.84013
36.0804,295.482,26.3888,,1.57034
36.0903,296.907,25.5335,,1.30976
36.1003,298.069,24.5704,,1.03722
36.1103,298.958,23.5352,,0.769766
36.1203,299.581,22.3636,,0.503169
36.1303,299.934,21.0416,,0.223093
36.1403,300.009,19.5532,,-0.0347669
36.1503,299.832,17.8572,,-0.300088
36.1603,299.378,15.9518,,-0.577861
36.1703,298.655,13.7673,,-0.843079
36.1804,297.661,11.3427,,-1.11763
36.1904,296.396,8.65723,,-1.38434
36.2004,294.865,5.76431,,-1.64966
36.2104,293.069,2.73263,,-1.91691
36.2203,291.012,-0.351062,,-2.17215
36.2303,288.694,-3.40814,,-2.43741
36.2403,286.115,-6.37545,,-2.69546
36.2503,283.274,-9.17685,,-2.95561
36.2603,280.181,-11.8333,,-3.20507
36.2703,276.838,-14.2948,,-3.45962
36.2803,273.241,-16.5981,,-3.70741
36.2903,269.4,-18.709,,-3.94812
36.3004,265.321,-20.6655,,-4.18587
36.3104,261.001,-22.4638,,-4.42784
36.3204,256.446,-24.1089,,-4.65766
36.3304,251.665,-25.6176,,-4.88684
36.3403,246.648,-27.0001,,-5.11923
36.3503,241.411,-28.2315,,-5.33542
36.3603,235.956,-29.3604,,-5.54941
36.3703,230.29,-30.3658,,-5.76112
36.3803,224.419,-31.282,,-5.96168
36.3903,218.344,-32.0972,,-6.16402
36.4003,212.074,-32.8418,,-6.35647
36.4103,205.613,-33.5092,,-6.54613
36.4203,198.97,-34.1021,,-6.72313
36.4304,192.145,-34.642,,-6.90652
36.4404,185.144,-35.1218,,-7.07776
36.4504,177.976,-35.5477,,-7.24084
36.4604,170.651,-35.9362,,-7.39357
36.4703,163.175,-36.278,,-7.54098
36.4803,155.551,-36.5893,,-7.69082
36.4903,147.783,-36.8741,,-7.82866
36.5003,139.886,-37.1162,,-7.95461
36.5103,131.862,-37.3508,,-8.07851
36.5203,123.719,-37.5372,,-8.19547
36.5303,115.464,-37.7201,,-8.30208
36.5403,107.106,-37.8735,,-8.40249
36.5504,98.6518,-38.0118,,-8.49603
36.5604,90.1075,-38.131,,-8.58174
36.5704,81.4825,-38.243,,-8.65858
36.5804,72.7855,-38.3373,,-8.72818
36.5903,64.0223,-38.4219,,-8.79092
36.6003,55.2015,-38.4845,,-8.84407
36.6103,46.3306,-38.5411,,-8.89112
36.6203,37.4184,-38.5801,,-8.92788
36.6303,28.473,-38.616,,-8.95878
36.6403,19.5011,-38.6436,,-8.98193
36.6503,10.5117,-38.6694,,-8.99439
36.6603,1.51348,-38.673,,-9.00021
36.6703,-7.48647,-38.6782,,-8.99782
36.6804,-16.4797,-38.6573,,-8.98832
36.6904,-25.4584,-38.6354,,-8.96973
36.7004,-34.4135,-38.6075,,-8.94222
36.7104,-43.3384,-38.56,,-8.91007
36.7203,-52.2243,-38.5261,,-8.86424
36.7303,-61.0615,-38.4742,,-8.81422
36.7403,-69.8457,-38.4139,,-8.75806
36.7503,-78.5667,-38.3506,,-8.6891
36.7603,-87.2163,-38.2702,,-8.61682
36.7703,-95.7896,-38.1725,,-8.53493
36.7803,-104.272,-38.0763,,-8.44116
36.7903,-112.663,-37.9725,,-8.3484
36.8004,-120.955,-37.8624,,-8.24419
36.8104,-129.137,-37.738,,-8.13062
36.8204,-137.203,-37.6189,,-8.01091
36.8304,-145.144,-37.4752,,-7.88201
36.8403,-152.952,-37.3204,,-7.74823
36.8503,-160.626,-37.1691,,-7.61093
36.8603,-168.156,-36.9956,,-7.46396
36.8703,-175.536,-36.8204,,-7.30887
36.8803,-182.752,-36.6338,,-7.13936
36.8903,-189.808,-36.4434,,-6.98609
36.9003,-196.695,-36.2328,,-6.80406
36.9103,-203.397,-36.0165,,-6.62112
36.9203,-209.922,-35.7863,,-6.44268
36.9304,-216.258,-35.5453,,-6.24861
36.9404,-222.398,-35.2827,,-6.04968
36.9504,-228.337,-35.0335,,-5.85002
36.9604,-234.073,-34.7471,,-5.64186
36.9703,-239.599,-34.4565,,-5.42966
36.9803,-244.908,-34.1514,,-5.20894
36.9903,-249.99,-33.8146,,-4.9762
37.0003,-254.849,-33.4692,,-4.76491
37.0103,-259.49,-33.1049,,-4.53664
37.0203,-263.892,-32.7278,,-4.29362
37.0303,-268.054,-32.3324,,-4.05327
37.0403,-271.975,-31.9015,,-3.81295
37.0504,-275.653,-31.4591,,-3.56855
37.0604,-279.084,-30.9741,,-3.31491
37.0704,-282.26,-30.4544,,-3.06341
37.0804,-285.185,-29.9131,,-2.81002
37.0903,-287.848,-29.3216,,-2.54054
37.1003,-290.254,-28.6879,,-2.29768
37.1103,-292.406,-28.0078,,-2.03238
37.1203,-294.289,-27.2807,,-1.76112
37.1303,-295.906,-26.4606,,-1.50109
37.1403,-297.263,-25.5801,,-1.23557
37.1503,-298.348,-24.6099,,-0.962677
37.1603,-299.163,-23.5234,,-0.693562
37.1703,-299.709,-22.3092,,-0.426045
37.1804,-299.979,-20.9467,,-0.14115
37.1904,-299.985,-19.4087,,0.103638
37.2004,-299.73,-17.6498,,0.379016
37.2104,-299.202,-15.6718,,0.650207
37.2203,-298.402,-13.4284,,0.923374
37.2303,-297.332,-10.9028,,1.19046
37.2403,-295.992,-8.15735,,1.45919
37.2503,-294.39,-5.21747,,1.72083
37.2603,-292.522,-2.16035,,1.98584
37.2703,-290.394,0.93364,,2.24756
37.2803,-288,3.96516,,2.50951
37.2903,-285.347,6.89113,,2.77183
37.3004,-282.435,9.66961,,3.02498
37.3104,-279.272,12.2697,,3.27846
37.3204,-275.855,14.6919,,3.52819
37.3304,-272.193,16.9411,,3.77153
37.3403,-268.285,19.0258,,4.01849
37.3503,-264.135,20.9308,,4.25769
37.3603,-259.749,22.6934,,4.49119
37.3703,-255.128,24.2981,,4.72256
37.3803,-250.28,25.7651,,4.95429
37.3903,-245.2,27.1049,,5.18117
37.4003,-239.901,28.313,,5.39407
37.4103,-234.388,29.4228,,5.60898
37.4203,-228.667,30.3938,,5.81305
37.4304,-222.737,31.2855,,6.02389
37.4404,-216.606,32.0813,,6.21633
37.4504,-210.286,32.7917,,6.40615
37.4604,-203.774,33.441,,6.59951
37.4703,-197.073,34.0145,,6.78012
37.4803,-190.197,34.5427,,6.95531
37.4903,-183.152,35.002,,7.11606
37.5003,-175.941,35.4196,,7.28589
37.5103,-168.573,35.7968,,7.43556
37.5203,-161.053,36.1324,,7.58874
37.5303,-153.387,36.4329,,7.72837
37.5403,-145.584,36.7064,,7.8629
37.5504,-137.649,36.9445,,7.9935
37.5604,-129.59,37.1626,,8.11062
37.5704,-121.417,37.3539,,8.22359
37.5804,-113.133,37.5264,,8.33122
37.5903,-104.747,37.6715,,8.43142
37.6003,-96.2635,37.8113,,8.52427
37.6103,-87.6969,37.9279,,8.59883
37.6203,-79.0553,38.0277,,8.67809
37.6303,-70.3369,38.1234,,8.74852
37.6403,-61.5556,38.1933,,8.8069
37.6503,-52.7207,38.2653,,8.85711
37.6603,-43.8372,38.3109,,8.90416
37.6703,-34.9138,38.3603,,8.93778
37.6804,-25.9606,38.3852,,8.96503
37.6904,-16.9835,38.4052,,8.98545
37.7004,-7.99092,38.4215,,8.99692
37.7104,1.009,38.424,,9.00126
37.7203,10.0079,38.4249,,8.9964
37.7303,18.9978,38.409,,8.98321
37.7403,27.9705,38.3931,,8.96263
37.7503,36.9182,38.3551,,8.93435
37.7603,45.8325,38.3119,,8.89674
37.7703,54.7056,38.262,,8.85219
37.7803,63.5297,38.204,,8.8
37.7903,72.2963,38.152,,8.73857
37.8004,80.9985,38.0779,,8.6715
37.8104,89.6271,38.002,,8.5913
37.8204,98.1737,37.9031,,8.50999
37.8304,106.636,37.7977,,8.42124
37.8403,115,37.693,,8.31684
37.8503,123.259,37.5743,,8.21005
37.8603,131.408,37.4578,,8.09752
37.8703,139.439,37.3303,,7.97682
37.8803,147.346,37.1953,,7.8466
37.8903,155.117,37.0357,,7.70896
37.9003,162.75,36.8725,,7.56972
37.9103,170.234,36.7016,,7.41217
37.9203,177.566,36.5187,,7.26718
37.9304,184.746,36.3352,,7.1064
37.9404,191.756,36.1383,,6.92981
37.9504,198.589,35.9332,,6.75513
37.9604,205.245,35.7176,,6.57365
37.9703,211.717,35.4779,,6.38948
37.9803,218.001,35.2271,,6.1956
37.9903,224.086,34.971,,5.99185
38.0003,229.966,34.6956,,5.78904
38.0103,235.643,34.4222,,5.5849
38.0203,241.107,34.1189,,5.36454
38.0303,246.352,33.8197,,5.14549
38.0403,251.384,33.4825,,4.93764
38.0504,256.185,33.1334,,4.68951
38.0604,260.749,32.7584,,4.46136
38.0704,265.081,32.3753,,4.2258
38.0804,269.176,31.9596,,3.98797
38.0903,273.032,31.5359,,3.74465
38.1003,276.639,31.0751,,3.49765
38.1103,280,30.5877,,3.24655
38.1203,283.107,30.0692,,2.99395
38.1303,285.962,29.4903,,2.73724
38.1403,288.554,28.9056,,2.47443
38.1503,290.887,28.2562,,2.21743
38.1603,292.961,27.559,,1.95581
38.1703,294.772,26.8016,,1.69086
38.1804,296.314,25.9822,,1.42294
38.1904,297.591,25.0682,,1.15675
38.2004,298.6,24.0608,,0.888579
38.2104,299.341,22.9393,,0.61925
38.2203,299.813,21.6919,,0.350748
38.2303,300.007,20.2747,,0.0723793
38.2403,299.944,18.6738,,-0.180258
38.2503,299.61,16.8743,,-0.460063
38.2603,299.003,14.8072,,-0.726303
38.2703,298.128,12.4699,,-0.995611
38.2803,296.985,9.89689,,-1.26353
38.2903,295.576,7.07384,,-1.53013
38.3004,293.897,4.09282,,-1.79906
38.3104,291.952,1.01275,,-2.06378
38.3204,289.743,-2.07229,,-2.32599
38.3304,287.277,-5.09209,,-2.58097
38.3403,284.555,-7.97264,,-2.83895
38.3503,281.573,-10.7047,,-3.09753
38.3603,278.339,-13.2564,,-3.3454
38.3703,274.855,-15.6339,,-3.59637
38.3803,271.124,-17.8416,,-3.84024
38.3903,267.147,-19.8715,,-4.0888
38.4003,262.93,-21.7454,,-4.32143
38.4103,258.478,-23.4567,,-4.55937
38.4203,253.789,-25.0302,,-4.79096
38.4304,248.877,-26.4538,,-5.01599
38.4404,243.735,-27.7654,,-5.24004
38.4504,238.378,-28.9418,,-5.45148
38.4604,232.808,-30.0121,,-5.66816
38.4703,227.025,-30.9752,,-5.87574
38.4803,221.041,-31.8263,,-6.07261
38.4903,214.855,-32.6019,,-6.27849
38.5003,208.472,-33.2913,,-6.46438
38.5103,201.909,-33.9165,,-6.64604
38.5203,195.161,-34.4816,,-6.8274
38.5303,188.244,-34.9915,,-6.99387
38.5403,181.151,-35.4441,,-7.17144
38.5504,173.894,-35.8538,,-7.32364
38.5604,166.485,-36.2137,,-7.48238
38.5704,158.92,-36.5351,,-7.6296
38.5804,151.213,-36.8274,,-7.76768
38.5903,143.372,-37.0864,,-7.90112
38.6003,135.403,-37.3259,,-8.02375
38.6103,127.312,-37.5318,,-8.14534
38.6203,119.105,-37.7181,,-8.25625
38.6303,110.791,-37.8828,,-8.3596
38.6403,102.378,-38.0299,,-8.45552
38.6503,93.8732,-38.1569,,-8.54393
38.6603,85.2841,-38.2763,,-8.62577
38.6703,76.6176,-38.3765,,-8.69799
38.6804,67.8822,-38.4528,,-8.7642
38.6904,59.0857,-38.5238,,-8.82263
38.7004,50.2349,-38.5807,,-8.8717
38.7104,41.3408,-38.6354,,-8.9122
38.7203,32.4088,-38.6749,,-8.94733
38.7303,23.4469,-38.7175,,-8.97182
38.7403,14.4643,-38.7405,,-8.98998
38.7503,5.46881,-38.7486,,-8.99938
38.7603,-3.53148,-38.7438,,-8.99989
38.7703,-12.5284,-38.7308,,-8.99325
38.7803,-21.5143,-38.7123,,-8.97853
38.7903,-30.4808,-38.6884,,-8.95552
38.8004,-39.4201,-38.6592,,-8.92517
38.8104,-48.3248,-38.6302,,-8.88602
38.8204,-57.1843,-38.5704,,-8.83749
38.8304,-65.9929,-38.5184,,-8.78355
38.8403,-74.7425,-38.4479,,-8.72046
38.8503,-83.4235,-38.366,,-8.64831
38.8603,-92.0303,-38.2843,,-8.57154
38.8703,-100.555,-38.1943,,-8.4842
38.8803,-108.988,-38.0912,,-8.39076
38.8903,-117.323,-37.9909,,-8.28794
38.9003,-125.553,-37.8637,,-8.18156
38.9103,-133.671,-37.7424,,-8.0634
38.9203,-141.666,-37.6055,,-7.9403
38.9304,-149.535,-37.4685,,-7.80932
38.9404,-157.271,-37.311,,-7.6748
38.9504,-164.867,-37.1435,,-7.53063
38.9604,-172.312,-36.9704,,-7.37336
38.9703,-179.599,-36.7846,,-7.21641
38.9803,-186.727,-36.6012,,-7.05327
38.9903,-193.689,-36.3993,,-6.88711
39.0003,-200.475,-36.186,,-6.70276
39.0103,-207.079,-35.9658,,-6.52057
39.0203,-213.496,-35.7194,,-6.33205
39.0303,-219.722,-35.4759,,-6.13888
39.0403,-225.751,-35.208,,-5.93814
39.0504,-231.578,-34.9321,,-5.73579
39.0604,-237.197,-34.6528,,-5.52226
39.0704,-242.6,-34.3515,,-5.30412
39.0804,-247.785,-34.0307,,-5.08686
39.0903,-252.745,-33.7075,,-4.85933
39.1003,-257.483,-33.3408,,-4.63612
39.1103,-261.988,-32.9625,,-4.39584
39.1203,-266.256,-32.5702,,-4.16223
39.1303,-270.285,-32.1507,,-3.92141
39.1403,-274.07,-31.7176,,-3.67207
39.1503,-277.61,-31.2554,,-3.43029
39.1603,-280.897,-30.7532,,-3.16984
39.1703,-283.928,-30.222,,-2.91801
39.1804,-286.708,-29.657,,-2.66255
39.1904,-289.229,-29.0295,,-2.41079
39.2004,-291.497,-28.3716,,-2.14473
39.2104,-293.493,-27.6698,,-1.87829
39.2203,-295.228,-26.8864,,-1.61608
39.2303,-296.698,-26.0373,,-1.35145
39.2403,-297.904,-25.1045,,-1.08553
39.2503,-298.839,-24.0707,,-0.813454
39.2603,-299.503,-22.9077,,-0.541501
39.2703,-299.897,-21.6127,,-0.268824
39.2803,-300.014,-20.1582,,-2.78E-03
39.2903,-299.879,-18.5004,,0.254927
39.3004,-299.47,-16.6158,,0.534904
39.3104,-298.786,-14.4831,,0.803912
39.3204,-297.833,-12.0774,,1.07549
39.3304,-296.613,-9.41137,,1.33782
39.3403,-295.129,-6.54514,,1.6055
39.3503,-293.375,-3.53392,,1.87325
39.3603,-291.358,-0.431473,,2.1348
39.3703,-289.08,2.64766,,2.39546
39.3803,-286.541,5.62042,,2.65652
39.3903,-283.742,8.48547,,2.91274
39.4003,-280.695,11.1722,,3.15945
39.4103,-277.39,13.6766,,3.42251
39.4203,-273.836,16.0154,,3.66085
39.4304,-270.037,18.1655,,3.91292
39.4404,-265.987,20.1611,,4.15885
39.4504,-261.702,21.9831,,4.38993
39.4604,-257.184,23.6601,,4.62009
39.4703,-252.44,25.2063,,4.8497
39.4803,-247.459,26.5959,,5.08428
39.4903,-242.257,27.8714,,5.29715
39.5003,-236.839,29.0152,,5.51638
39.5103,-231.209,30.0497,,5.72347
39.5203,-225.37,30.9701,,5.93275
39.5303,-219.33,31.8189,,6.12638
39.5403,-213.091,32.5657,,6.33074
39.5504,-206.655,33.2472,,6.51892
39.5604,-200.038,33.8446,,6.69857
39.5704,-193.24,34.3964,,6.87607
39.5804,-186.271,34.88,,7.04753
39.5903,-179.131,35.3207,,7.21312
39.6003,-171.831,35.7174,,7.37007
39.6103,-164.376,36.0716,,7.5237
39.6203,-156.774,36.3831,,7.6654
39.6303,-149.032,36.6648,,7.80493
39.6403,-141.153,36.9241,,7.93622
39.6503,-133.15,37.1421,,8.0576
39.6603,-125.025,37.349,,8.17883
39.6703,-116.786,37.5235,,8.28561
39.6804,-108.445,37.6902,,8.38521
39.6904,-100.005,37.8306,,8.48518
39.7004,-91.4738,37.9517,,8.56792
39.7104,-82.8612,38.0631,,8.6475
39.7203,-74.1741,38.1559,,8.71794
39.7303,-65.422,38.2386,,8.77941
39.7403,-56.6104,38.3047,,8.83664
39.7503,-47.7467,38.3688,,8.88414
39.7603,-38.84,38.4183,,8.92353
39.7703,-29.899,38.4486,,8.95436
39.7803,-20.9313,38.4794,,8.978
39.7903,-11.9443,38.4887,,8.99323
39.8004,-2.94678,38.5018,,8.99948
39.8104,6.05342,38.5075,,8.9993
39.8204,15.0482,38.4861,,8.99017
39.8304,24.0298,38.4806,,8.97319
39.8403,32.9891,38.4417,,8.94735
39.8503,41.919,38.4071,,8.91467
39.8603,50.8116,38.3653,,8.87246
39.8703,59.6574,38.3123,,8.82321
39.8803,68.4504,38.2557,,8.76676
39.8903,77.182,38.1793,,8.70186
39.9003,85.8444,38.0996,,8.62806
39.9103,94.4277,38.0142,,8.54754
39.9203,102.928,37.923,,8.45917
39.9304,111.334,37.8129,,8.36272
39.9404,119.641,37.7129,,8.26058
39.9504,127.841,37.5892,,8.1482
39.9604,135.924,37.4591,,8.0276
39.9703,143.884,37.3155,,7.90429
39.9803,151.716,37.1742,,7.77263
39.9903,159.411,37.0161,,7.62972
40.0003,166.966,36.8549,,7.49184
40.0103,174.372,36.6787,,7.3351
40.0203,181.616,36.4975,,7.17093
40.0303,188.698,36.2978,,7.00541
40.0403,195.606,36.0918,,6.8292
40.0504,202.339,35.8825,,6.65384
40.0604,208.896,35.6525,,6.47365
40.0704,215.262,35.4123,,6.27922
40.0804,221.433,35.1574,,6.08236
40.0903,227.405,34.8966,,5.88074
40.1003,233.173,34.6122,,5.67546
40.1103,238.732,34.3257,,5.46105
40.1203,244.074,34.0201,,5.2456
40.1303,249.201,33.7008,,5.03271
40.1403,254.106,33.3531,,4.79426
40.1503,258.772,32.9956,,4.56407
40.1603,263.207,32.6118,,4.32719
40.1703,267.407,32.2136,,4.09534
40.1804,271.368,31.7881,,3.85013
40.1904,275.082,31.3432,,3.60397
40.2004,278.551,30.8745,,3.35606
40.2104,281.771,30.3633,,3.10695
40.2203,284.737,29.8158,,2.85042
40.2303,287.443,29.2265,,2.58869
40.2403,289.89,28.606,,2.33314
40.2503,292.081,27.9356,,2.07209
40.2603,294.007,27.198,,1.8052
40.2703,295.668,26.409,,1.54567
40.2803,297.065,25.5395,,1.27168
40.2903,298.189,24.5719,,1.00548
40.3004,299.048,23.5045,,0.738788
40.3104,299.64,22.3087,,0.470416
40.3204,299.958,20.9647,,0.188273
40.3304,300.004,19.4544,,-0.0619925
40.3403,299.795,17.7361,,-0.333202
40.3503,299.307,15.7834,,-0.614149
40.3603,298.547,13.5683,,-0.87795
40.3703,297.522,11.0862,,-1.14792
40.3803,296.226,8.36648,,-1.41568
40.3903,294.664,5.4371,,-1.68093
40.4003,292.838,2.38641,,-1.94402
40.4103,290.748,-0.714742,,-2.21113
40.4203,288.395,-3.78883,,-2.46603
40.4304,285.786,-6.73355,,-2.72585
40.4404,282.917,-9.53784,,-2.98463
40.4504,279.796,-12.1877,,-3.2368
40.4604,276.416,-14.6373,,-3.49102
40.4703,272.793,-16.9306,,-3.73336
40.4803,268.922,-19.0393,,-3.9819
40.4903,264.81,-20.9897,,-4.21858
40.5003,260.463,-22.7793,,-4.45138
40.5103,255.877,-24.4156,,-4.70162
40.5203,251.058,-25.9146,,-4.90719
40.5303,246.023,-27.2734,,-5.14146
40.5403,240.76,-28.5111,,-5.36085
40.5504,235.283,-29.624,,-5.57209
40.5604,229.592,-30.631,,-5.78839
40.5704,223.692,-31.5326,,-5.98851
40.5804,217.598,-32.3476,,-6.18192
40.5903,211.304,-33.0809,,-6.38203
40.6003,204.819,-33.7348,,-6.5683
40.6103,198.152,-34.3288,,-6.74646
40.6203,191.306,-34.8513,,-6.92946
40.6303,184.286,-35.3192,,-7.09096
40.6403,177.102,-35.7546,,-7.26177
40.6503,169.756,-36.131,,-7.4132
40.6603,162.259,-36.4811,,-7.56369
40.6703,154.616,-36.7852,,-7.70568
40.6804,146.837,-37.0587,,-7.84056
40.6904,138.922,-37.3054,,-7.97341
40.7004,130.881,-37.5192,,-8.09416
40.7104,122.725,-37.7196,,-8.20552
40.7203,114.459,-37.8862,,-8.31549
40.7303,106.088,-38.0373,,-8.41314
40.7403,97.6244,-38.1782,,-8.50616
40.7503,89.0697,-38.3034,,-8.59243
40.7603,80.4357,-38.4075,,-8.668
40.7703,71.7286,-38.5046,,-8.73693
40.7803,62.9589,-38.5776,,-8.79666
40.7903,54.1311,-38.6388,,-8.85125
40.8004,45.2541,-38.6958,,-8.89573
40.8104,36.3373,-38.7354,,-8.93301
40.8204,27.3881,-38.7712,,-8.96228
40.8304,18.414,-38.7983,,-8.98253
40.8403,9.42349,-38.818,,-8.99572
40.8503,0.424573,-38.8266,,-9.0003
40.8603,-8.57501,-38.8197,,-8.99735
40.8703,-17.5668,-38.8078,,-8.9863
40.8803,-26.5428,-38.7793,,-8.96649
40.8903,-35.4949,-38.7568,,-8.93967
40.9003,-44.4152,-38.721,,-8.90308
40.9103,-53.2963,-38.6641,,-8.86088
40.9203,-62.1281,-38.6206,,-8.80745
40.9304,-70.904,-38.5485,,-8.7486
40.9404,-79.6166,-38.4856,,-8.68221
40.9504,-88.2578,-38.401,,-8.6065
40.9604,-96.8188,-38.3134,,-8.52291
40.9703,-105.293,-38.2165,,-8.43297
40.9803,-113.673,-38.1046,,-8.33584
40.9903,-121.951,-37.9965,,-8.22844
41.0003,-130.117,-37.8753,,-8.11527
41.0103,-138.168,-37.7396,,-7.99659
41.0203,-146.095,-37.6031,,-7.86916
41.0303,-153.89,-37.4529,,-7.73078
41.0403,-161.544,-37.2973,,-7.59227
41.0504,-169.054,-37.1294,,-7.44367
41.0604,-176.415,-36.9452,,-7.28939
41.0704,-183.612,-36.7624,,-7.12243
41.0804,-190.647,-36.5574,,-6.96292
41.0903,-197.515,-36.3638,,-6.78568
41.1003,-204.198,-36.1287,,-6.6022
41.1103,-210.7,-35.903,,-6.41719
41.1203,-217.01,-35.6563,,-6.22307
41.1303,-223.125,-35.4039,,-6.02541
41.1403,-229.043,-35.1353,,-5.82732
41.1503,-234.754,-34.8538,,-5.61645
41.1603,-240.252,-34.5638,,-5.40132
41.1703,-245.536,-34.2519,,-5.18446
41.1804,-250.597,-33.9159,,-4.9621
41.1904,-255.434,-33.5711,,-4.73054
41.2004,-260.036,-33.2057,,-4.50079
41.2104,-264.408,-32.8097,,-4.26536
41.2203,-268.542,-32.4138,,-4.02404
41.2303,-272.433,-31.989,,-3.7844
41.2403,-276.084,-31.53,,-3.53801
41.2503,-279.483,-31.0424,,-3.28457
41.2603,-282.626,-30.5306,,-3.02872
41.2703,-285.52,-29.964,,-2.78378
41.2803,-288.157,-29.3695,,-2.51471
41.2903,-290.53,-28.7356,,-2.25857
41.3004,-292.649,-28.0507,,-2.00359
41.3104,-294.504,-27.2993,,-1.73114
41.3204,-296.086,-26.4785,,-1.46486
41.3304,-297.409,-25.5855,,-1.20394
41.3403,-298.461,-24.5961,,-0.928975
41.3503,-299.243,-23.4886,,-0.660326
41.3603,-299.758,-22.2577,,-0.397367
41.3703,-299.996,-20.8658,,-0.109103
41.3803,-299.97,-19.2979,,0.138443
41.3903,-299.681,-17.5199,,0.415081
41.4003,-299.119,-15.4902,,0.681653
41.4103,-298.286,-13.2076,,0.954682
41.4203,-297.183,-10.6432,,1.22535
41.4304,-295.814,-7.86227,,1.48625
41.4404,-294.179,-4.89269,,1.75757
41.4504,-292.276,-1.80566,,2.01993
41.4604,-290.115,1.29618,,2.27657
41.4703,-287.692,4.33849,,2.54525
41.4803,-285.003,7.25741,,2.8029
41.4903,-282.063,10.0234,,3.05255
41.5003,-278.87,12.6212,,3.30764
41.5103,-275.427,15.0362,,3.55213
41.5203,-271.737,17.2712,,3.80625
41.5303,-267.794,19.3468,,4.05061
41.5403,-263.616,21.2454,,4.282
41.5504,-259.203,23.0035,,4.51869
41.5604,-254.557,24.5976,,4.75379
41.5704,-249.676,26.067,,4.98263
41.5804,-244.57,27.3865,,5.20489
41.5903,-239.245,28.5898,,5.4225
41.6003,-233.708,29.6757,,5.62996
41.6103,-227.962,30.6562,,5.83983
41.6203,-222.01,31.5232,,6.04437
41.6303,-215.853,32.318,,6.24702
41.6403,-209.502,33.0258,,6.43547
41.6503,-202.968,33.6655,,6.61464
41.6603,-196.251,34.2413,,6.79859
41.6703,-189.354,34.7511,,6.97642
41.6804,-182.289,35.2172,,7.13578
41.6904,-175.06,35.6276,,7.30413
41.7004,-167.673,35.9938,,7.45391
41.7104,-160.137,36.3324,,7.60423
41.7203,-152.453,36.6213,,7.74834
41.7303,-144.63,36.8866,,7.88209
41.7403,-136.68,37.1325,,8.00434
41.7503,-128.608,37.3346,,8.12658
41.7603,-120.419,37.5386,,8.23987
41.7703,-112.122,37.6944,,8.34179
41.7803,-103.727,37.8458,,8.44011
41.7903,-95.2348,37.9777,,8.53139
41.8004,-86.6582,38.0883,,8.61269
41.8104,-78.0029,38.1952,,8.68881
41.8204,-69.2766,38.2766,,8.75513
41.8304,-60.4894,38.3547,,8.81295
41.8403,-51.648,38.4182,,8.8639
41.8503,-42.7597,38.4704,,8.9069
41.8603,-33.8331,38.5196,,8.94152
41.8703,-24.8759,38.545,,8.96861
41.8803,-15.896,38.5632,,8.98775
41.8903,-6.90227,38.5684,,8.99765
41.9003,2.09793,38.5737,,9.00135
41.9103,11.0961,38.5657,,8.99462
41.9203,20.0844,38.5568,,8.98115
41.9304,29.0544,38.5263,,8.95993
41.9404,37.9985,38.5092,,8.92996
41.9504,46.9086,38.4639,,8.89217
41.9604,55.7758,38.4059,,8.8465
41.9703,64.5939,38.3488,,8.7936
41.9803,73.3531,38.2829,,8.72979
41.9903,82.0462,38.2091,,8.66192
42.0003,90.6664,38.1291,,8.58487
42.0103,99.2041,38.0429,,8.49795
42.0203,107.651,37.9385,,8.40412
42.0303,116.003,37.8282,,8.30712
42.0403,124.25,37.7059,,8.19797
42.0504,132.387,37.5916,,8.08613
42.0604,140.405,37.4517,,7.96041
42.0704,148.292,37.3199,,7.82804
42.0804,156.048,37.1645,,7.69531
42.0903,163.665,37.0048,,7.55055
42.1003,171.131,36.8234,,7.39683
42.1103,178.445,36.6461,,7.24371
42.1203,185.601,36.4517,,7.08363
42.1303,192.592,36.2511,,6.91283
42.1403,199.404,36.0445,,6.73066
42.1503,206.039,35.8318,,6.55378
42.1603,212.487,35.5894,,6.36218
42.1703,218.741,35.3478,,6.16618
42.1804,224.803,35.0754,,5.97368
42.1904,230.662,34.8068,,5.76783
42.2004,236.317,34.5159,,5.55752
42.2104,241.754,34.2232,,5.33872
42.2203,246.973,33.9034,,5.11727
42.2303,251.959,33.5807,,4.89048
42.2403,256.739,33.2247,,4.67853
42.2503,261.285,32.8543,,4.43738
42.2603,265.592,32.4674,,4.20053
42.2703,269.657,32.0362,,3.95503
42.2803,273.482,31.6157,,3.71608
42.2903,277.062,31.1344,,3.46615
42.3004,280.39,30.6494,,3.21849
42.3104,283.466,30.1198,,2.95728
42.3204,286.281,29.5538,,2.70369
42.3304,288.846,28.9489,,2.44754
42.3403,291.151,28.3064,,2.18626
42.3503,293.192,27.5812,,1.92125
42.3603,294.967,26.8299,,1.65774
42.3703,296.479,25.9799,,1.39224
42.3803,297.73,25.0589,,1.13241
42.3903,298.708,24.0452,,0.853236
42.4003,299.414,22.9014,,0.587494
42.4103,299.853,21.6312,,0.313174
42.4203,300.012,20.1878,,0.0422303
42.4304,299.918,18.5587,,-0.2127
42.4404,299.552,16.7099,,-0.491085
42.4504,298.913,14.6095,,-0.761411
42.4604,298.003,12.2409,,-1.02787
42.4703,296.828,9.61264,,-1.29816
42.4803,295.382,6.76337,,-1.56441
42.4903,293.673,3.74909,,-1.82895
42.5003,291.699,0.656721,,-2.09107
42.5103,289.465,-2.43785,,-2.35426
42.5203,286.964,-5.45371,,-2.61785
42.5303,284.207,-8.33631,,-2.86911
42.5403,281.196,-11.0614,,-3.12713
42.5504,277.931,-13.6106,,-3.37862
42.5604,274.416,-15.9816,,-3.62801
42.5704,270.651,-18.176,,-3.87345
42.5804,266.648,-20.196,,-4.11152
42.5903,262.403,-22.0536,,-4.35164
42.6003,257.92,-23.7687,,-4.58815
42.6103,253.201,-25.3219,,-4.82308
42.6203,248.262,-26.7617,,-5.03763
42.6303,243.099,-28.0536,,-5.26398
42.6403,237.716,-29.2326,,-5.4795
42.6503,232.118,-30.2692,,-5.69507
42.6603,226.307,-31.2282,,-5.9029
42.6703,220.298,-32.0683,,-6.09794
42.6804,214.091,-32.8379,,-6.29471
42.6904,207.689,-33.5238,,-6.48689
42.7004,201.103,-34.1568,,-6.66884
42.7104,194.336,-34.7085,,-6.84481
42.7203,187.391,-35.2143,,-7.02681
42.7303,180.275,-35.6537,,-7.18603
42.7403,173.003,-36.0575,,-7.34406
42.7503,165.573,-36.4076,,-7.49827
42.7603,157.994,-36.73,,-7.64466
42.7703,150.272,-37.0229,,-7.78423
42.7803,142.415,-37.2801,,-7.91629
42.7903,134.43,-37.5111,,-8.03943
42.8004,126.324,-37.7177,,-8.15985
42.8104,118.104,-37.893,,-8.2679
42.8204,109.78,-38.0573,,-8.36851
42.8304,101.355,-38.2012,,-8.4694
42.8403,92.8382,-38.3278,,-8.55451
42.8503,84.2395,-38.4407,,-8.63447
42.8603,75.5635,-38.532,,-8.70841
42.8703,66.8196,-38.6313,,-8.77141
42.8803,58.0174,-38.6935,,-8.82681
42.8903,49.1617,-38.7574,,-8.87806
42.9003,40.2611,-38.8101,,-8.91783
42.9103,31.3255,-38.8398,,-8.94908
42.9203,22.361,-38.8719,,-8.97513
42.9304,13.3764,-38.877,,-8.99157
42.9404,4.38001,-38.8998,,-8.99913
42.9504,-4.62021,-38.8964,,-9.00004
42.9604,-13.6164,-38.8881,,-8.99238
42.9703,-22.6005,-38.8771,,-8.97547
42.9803,-31.564,-38.852,,-8.95239
42.9903,-40.4994,-38.8073,,-8.92105
43.0003,-49.3993,-38.767,,-8.88022
43.0103,-58.2522,-38.7133,,-8.83062
43.0203,-67.054,-38.654,,-8.77597
43.0303,-75.7951,-38.5919,,-8.71194
43.0403,-84.4689,-38.5139,,-8.64175
43.0504,-93.0662,-38.4364,,-8.5602
43.0604,-101.58,-38.3349,,-8.47308
43.0704,-110.001,-38.2333,,-8.37987
43.0804,-118.326,-38.1268,,-8.27675
43.0903,-126.542,-38.0067,,-8.16608
43.1003,-134.645,-37.881,,-8.04969
43.1103,-142.627,-37.7363,,-7.92558
43.1203,-150.48,-37.6014,,-7.79338
43.1303,-158.196,-37.4416,,-7.65252
43.1403,-165.773,-37.27,,-7.51276
43.1503,-173.2,-37.0992,,-7.35541
43.1603,-180.47,-36.9181,,-7.2015
43.1703,-187.582,-36.7264,,-7.03501
43.1804,-194.52,-36.5159,,-6.85868
43.1904,-201.284,-36.3106,,-6.68583
43.2004,-207.868,-36.0836,,-6.49665
43.2104,-214.259,-35.8397,,-6.30894
43.2203,-220.461,-35.5883,,-6.11356
43.2303,-226.467,-35.3197,,-5.9153
43.2403,-232.27,-35.0478,,-5.70953
43.2503,-237.861,-34.7607,,-5.49442
43.2603,-243.237,-34.4648,,-5.27851
43.2703,-248.396,-34.1373,,-5.0634
43.2803,-253.339,-33.7982,,-4.83663
43.2903,-258.043,-33.4337,,-4.5996
43.3004,-262.517,-33.0587,,-4.37015
43.3104,-266.756,-32.6586,,-4.12798
43.3204,-270.751,-32.2339,,-3.88948
43.3304,-274.508,-31.7947,,-3.64529
43.3403,-278.015,-31.3295,,-3.39712
43.3503,-281.275,-30.8235,,-3.14368
43.3603,-284.28,-30.2893,,-2.8904
43.3703,-287.028,-29.709,,-2.63589
43.3803,-289.523,-29.0828,,-2.37478
43.3903,-291.753,-28.4121,,-2.11364
43.4003,-293.72,-27.6933,,-1.84783
43.4103,-295.423,-26.9059,,-1.58465
43.4203,-296.86,-26.0465,,-1.31319
43.4304,-298.027,-25.1026,,-1.04938
43.4404,-298.931,-24.0495,,-0.781634
43.4504,-299.564,-22.8698,,-0.513971
43.4604,-299.924,-21.5474,,-0.229686
43.4703,-300.01,-20.0694,,0.0202648
43.4803,-299.845,-18.3698,,0.293177
43.4903,-299.4,-16.4515,,0.566448
43.5003,-298.685,-14.2763,,0.837625
43.5103,-297.7,-11.8316,,1.10473
43.5203,-296.45,-9.14058,,1.36898
43.5303,-294.932,-6.23442,,1.64101
43.5403,-293.145,-3.18983,,1.90502
43.5504,-291.096,-0.0714147,,2.16754
43.5604,-288.786,3.0177,,2.42349
43.5704,-286.221,5.99491,,2.68376
43.5804,-283.393,8.84376,,2.94436
43.5903,-280.309,11.529,,3.19683
43.6003,-276.973,14.0231,,3.45031
43.6103,-273.388,16.3487,,3.69395
43.6203,-269.556,18.4958,,3.9445
43.6303,-265.483,20.4845,,4.17798
43.6403,-261.172,22.3001,,4.4205
43.6503,-256.624,23.9636,,4.65067
43.6603,-251.845,25.5036,,4.88398
43.6703,-246.839,26.8898,,5.1038
43.6804,-241.614,28.1459,,5.32413
43.6904,-236.169,29.2887,,5.54211
43.7004,-230.512,30.3123,,5.75281
43.7104,-224.647,31.2327,,5.95232
43.7203,-218.584,32.0534,,6.15512
43.7303,-212.322,32.806,,6.3492
43.7403,-205.866,33.4736,,6.5408
43.7503,-199.226,34.0763,,6.71951
43.7603,-192.406,34.6124,,6.90134
43.7703,-185.413,35.1068,,7.06795
43.7803,-178.256,35.5372,,7.22872
43.7903,-170.939,35.9221,,7.38901
43.8004,-163.466,36.2676,,7.54249
43.8104,-155.845,36.5736,,7.68224
43.8204,-148.086,36.8572,,7.82008
43.8304,-140.193,37.1099,,7.95237
43.8403,-132.171,37.3325,,8.07732
43.8503,-124.031,37.5306,,8.19013
43.8603,-115.781,37.7035,,8.29893
43.8703,-107.428,37.8641,,8.39499
43.8803,-98.9799,38.0005,,8.49286
43.8903,-90.4368,38.126,,8.58011
43.9003,-81.8154,38.2377,,8.65608
43.9103,-73.12,38.3215,,8.72558
43.9203,-64.3595,38.4064,,8.78871
43.9304,-55.5402,38.4676,,8.84245
43.9404,-46.6717,38.5336,,8.88858
43.9504,-37.7608,38.5722,,8.92768
43.9604,-28.8158,38.6191,,8.95845
43.9703,-19.845,38.6427,,8.97996
43.9803,-10.8564,38.6529,,8.99433
43.9903,-1.85784,38.6586,,9.00023
44.0003,7.14211,38.6587,,8.99866
44.0103,16.1356,38.6429,,8.98815
44.0203,25.1145,38.6181,,8.97025
44.0303,34.0708,38.5943,,8.94426
44.0403,42.9965,38.5565,,8.90887
44.0504,51.8841,38.5176,,8.86805
44.0604,60.7244,38.4603,,8.81727
44.0704,69.5105,38.4043,,8.7592
44.0804,78.2337,38.3251,,8.69322
44.0903,86.8883,38.2367,,8.62121
44.1003,95.4638,38.158,,8.5376
44.1103,103.951,38.0577,,8.44485
44.1203,112.345,37.9514,,8.35047
44.1303,120.638,37.85,,8.24541
44.1403,128.823,37.73,,8.13459
44.1503,136.894,37.5966,,8.01714
44.1603,144.841,37.4575,,7.88936
44.1703,152.657,37.3092,,7.75557
44.1804,160.335,37.1416,,7.61325
44.1904,167.87,36.9765,,7.46805
44.2004,175.257,36.8034,,7.31833
44.2104,182.481,36.6212,,7.14778
44.2203,189.538,36.4302,,6.98301
44.2303,196.431,36.2248,,6.81532
44.2403,203.143,35.9987,,6.6299
44.2503,209.674,35.7636,,6.44893
44.2603,216.017,35.5267,,6.25544
44.2703,222.166,35.273,,6.0613
44.2803,228.117,35.0112,,5.85901
44.2903,233.858,34.7261,,5.64565
44.3004,239.39,34.4377,,5.43799
44.3104,244.709,34.1212,,5.21829
44.3204,249.799,33.7964,,4.98469
44.3304,254.67,33.4486,,4.77727
44.3403,259.318,33.0897,,4.54083
44.3503,263.728,32.7046,,4.3036
44.3603,267.898,32.3069,,4.06212
44.3703,271.831,31.8759,,3.82503
44.3803,275.518,31.4203,,3.57526
44.3903,278.959,30.9407,,3.32899
44.4003,282.146,30.4245,,3.06895
44.4103,285.075,29.8723,,2.81545
44.4203,287.747,29.2815,,2.55687
44.4304,290.168,28.651,,2.3069
44.4404,292.328,27.9758,,2.04042
44.4504,294.223,27.236,,1.77408
44.4604,295.851,26.4237,,1.51023
44.4703,297.218,25.5476,,1.2473
44.4803,298.314,24.5584,,0.972406
44.4903,299.138,23.4786,,0.705659
44.5003,299.696,22.2585,,0.433783
44.5103,299.976,20.8921,,0.15477
44.5203,299.992,19.3606,,-0.0956225
44.5303,299.747,17.6088,,-0.369226
44.5403,299.227,15.6121,,-0.641785
44.5504,298.439,13.3551,,-0.909098
44.5604,297.378,10.8317,,-1.18377
44.5704,296.048,8.06895,,-1.44808
44.5804,294.457,5.10884,,-1.71109
44.5903,292.597,2.03722,,-1.97847
44.6003,290.476,-1.07167,,-2.23713
44.6103,288.094,-4.14512,,-2.50311
44.6203,285.451,-7.09909,,-2.7558
44.6303,282.553,-9.89822,,-3.01501
44.6403,279.397,-12.5423,,-3.27013
44.6503,275.989,-14.9877,,-3.51782
44.6603,272.336,-17.2664,,-3.76522
44.6703,268.437,-19.3633,,-4.00753
44.6804,264.298,-21.3041,,-4.24647
44.6904,259.921,-23.0917,,-4.48353
44.7004,255.314,-24.7201,,-4.70991
44.7104,250.468,-26.216,,-4.95213
44.7203,245.399,-27.5699,,-5.16638
44.7303,240.109,-28.7908,,-5.38859
44.7403,234.606,-29.8955,,-5.59845
44.7503,228.891,-30.887,,-5.80964
44.7603,222.967,-31.7841,,-6.01372
44.7703,216.846,-32.5948,,-6.21157
44.7803,210.525,-33.3159,,-6.40564
44.7903,204.023,-33.9786,,-6.5841
44.8004,197.335,-34.5542,,-6.76935
44.8104,190.468,-35.0676,,-6.94739
44.8204,183.424,-35.5405,,-7.12008
44.8304,176.218,-35.9594,,-7.27607
44.8403,168.856,-36.3301,,-7.43196
44.8503,161.341,-36.677,,-7.58065
44.8603,153.682,-36.9776,,-7.72275
44.8703,145.885,-37.2524,,-7.85788
44.8803,137.955,-37.4988,,-7.98734
44.8903,129.901,-37.706,,-8.10711
44.9003,121.731,-37.8966,,-8.22125
44.9103,113.45,-38.0585,,-8.32737
44.9203,105.069,-38.2189,,-8.42508
44.9304,96.5921,-38.3496,,-8.51746
44.9404,88.0285,-38.4677,,-8.60119
44.9504,79.3849,-38.5803,,-8.67659
44.9604,70.6708,-38.6647,,-8.74466
44.9703,61.8922,-38.7385,,-8.80379
44.9803,53.0596,-38.8097,,-8.85492
44.9903,44.1792,-38.8585,,-8.90051
45.0003,35.2575,-38.9006,,-8.9379
45.0103,26.3043,-38.9314,,-8.96499
45.0203,17.3274,-38.9551,,-8.98517
45.0303,8.33539,-38.9637,,-8.99644
45.0403,-0.664238,-38.9751,,-9.00062
45.0504,-9.66347,-38.9681,,-8.99706
45.0604,-18.654,-38.9622,,-8.98414
45.0704,-27.6274,-38.9255,,-8.96363
45.0804,-36.576,-38.9112,,-8.93543
45.0903,-45.4923,-38.8673,,-8.89902
45.1003,-54.3675,-38.8202,,-8.8539
45.1103,-63.1928,-38.7667,,-8.80082
45.1203,-71.9614,-38.697,,-8.74132
45.1303,-80.6659,-38.6264,,-8.674
45.1403,-89.2978,-38.5357,,-8.5952
45.1503,-97.8487,-38.4518,,-8.51489
45.1603,-106.313,-38.3578,,-8.42193
45.1703,-114.681,-38.2563,,-8.32154
45.1804,-122.944,-38.1404,,-8.21491
45.1904,-131.097,-38.0153,,-8.09994
45.2004,-139.132,-37.8732,,-7.98157
45.2104,-147.043,-37.7336,,-7.8536
45.2203,-154.824,-37.586,,-7.71816
45.2303,-162.462,-37.4217,,-7.57198
45.2403,-169.954,-37.2575,,-7.4271
45.2503,-177.296,-37.0777,,-7.26937
45.2603,-184.474,-36.889,,-7.10288
45.2703,-191.487,-36.6896,,-6.9394
45.2803,-198.331,-36.4777,,-6.76348
45.2903,-204.994,-36.2564,,-6.58118
45.3004,-211.475,-36.0163,,-6.39624
45.3104,-217.763,-35.7717,,-6.2013
45.3204,-223.855,-35.516,,-6.00082
45.3304,-229.745,-35.2316,,-5.79995
45.3403,-235.433,-34.9612,,-5.59172
45.3503,-240.903,-34.6669,,-5.37298
45.3603,-246.157,-34.3526,,-5.15392
45.3703,-251.195,-34.0202,,-4.93792
45.3803,-256.002,-33.6687,,-4.70335
45.3903,-260.578,-33.2911,,-4.47379
45.4003,-264.921,-32.897,,-4.23626
45.4103,-269.027,-32.4943,,-3.99581
45.4203,-272.889,-32.0639,,-3.75
45.4304,-276.504,-31.6079,,-3.50899
45.4404,-279.876,-31.1202,,-3.25642
45.4504,-282.992,-30.5938,,-3.00331
45.4604,-285.855,-30.0336,,-2.74495
45.4703,-288.458,-29.4193,,-2.48682
45.4803,-290.8,-28.7783,,-2.22499
45.4903,-292.883,-28.0796,,-1.96511
45.5003,-294.705,-27.3273,,-1.70566
45.5103,-296.261,-26.4921,,-1.43314
45.5203,-297.547,-25.5877,,-1.16605
45.5303,-298.569,-24.5896,,-0.902029
45.5403,-299.321,-23.4584,,-0.62898
45.5504,-299.801,-22.2009,,-0.35857
45.5604,-300.002,-20.7886,,-0.079117
45.5704,-299.948,-19.1869,,0.169033
45.5804,-299.629,-17.372,,0.4445
45.5903,-299.035,-15.3127,,0.713916
45.6003,-298.168,-12.9868,,0.990639
45.6103,-297.031,-10.3804,,1.2565
45.6203,-295.629,-7.55165,,1.52027
45.6303,-293.963,-4.55161,,1.78798
45.6403,-292.03,-1.44068,,2.04803
45.6503,-289.834,1.66622,,2.31702
45.6603,-287.378,4.70235,,2.57159
45.6703,-284.664,7.62278,,2.82958
45.6804,-281.694,10.3842,,3.08435
45.6904,-278.47,12.9748,,3.33829
45.7004,-274.993,15.3852,,3.58974
45.7104,-271.27,17.6111,,3.8309
45.7203,-267.304,19.6793,,4.07538
45.7303,-263.094,21.5635,,4.321
45.7403,-258.647,23.3197,,4.54974
45.7503,-253.966,24.9013,,4.78521
45.7603,-249.062,26.359,,5.00197
45.7703,-243.936,27.6784,,5.22853
45.7803,-238.587,28.8718,,5.44393
45.7903,-233.026,29.9524,,5.66024
45.8004,-227.248,30.9195,,5.87015
45.8104,-221.27,31.7822,,6.06648
45.8204,-215.095,32.5647,,6.26204
45.8304,-208.725,33.2676,,6.45872
45.8403,-202.166,33.8951,,6.64111
45.8503,-195.425,34.4606,,6.82075
45.8603,-188.508,34.9769,,6.99246
45.8703,-181.427,35.4297,,7.15583
45.8803,-174.176,35.8331,,7.32575
45.8903,-166.772,36.1935,,7.47216
45.9003,-159.213,36.5218,,7.62482
45.9103,-151.511,36.8142,,7.76385
45.9203,-143.674,37.0742,,7.89576
45.9304,-135.71,37.322,,8.01969
45.9404,-127.625,37.5212,,8.13912
45.9504,-119.422,37.7151,,8.25239
45.9604,-111.113,37.8775,,8.35355
45.9703,-102.704,38.0202,,8.45304
45.9803,-94.2009,38.1408,,8.54304
45.9903,-85.6132,38.2579,,8.62223
46.0003,-76.9505,38.3623,,8.6961
46.0103,-68.2174,38.4456,,8.76185
46.0203,-59.4229,38.5255,,8.82026
46.0303,-50.5745,38.5828,,8.87047
46.0403,-41.6815,38.6314,,8.91054
46.0504,-32.7509,38.6688,,8.94523
46.0604,-23.7903,38.6974,,8.97193
46.0704,-14.8082,38.7207,,8.98929
46.0804,-5.81321,38.734,,8.99879
46.0903,3.18684,38.7399,,9.00023
46.1003,12.1841,38.7316,,8.99372
46.1103,21.1706,38.7101,,8.9789
46.1203,30.1383,38.689,,8.95661
46.1303,39.0784,38.6468,,8.9261
46.1403,47.9833,38.605,,8.88706
46.1503,56.8456,38.5551,,8.84044
46.1603,65.6565,38.4992,,8.78554
46.1703,74.4083,38.4368,,8.7229
46.1804,83.0921,38.3572,,8.65016
46.1904,91.7016,38.2804,,8.57601
46.2004,100.231,38.1814,,8.48806
46.2104,108.667,38.0802,,8.39428
46.2203,117.007,37.9667,,8.29477
46.2303,125.242,37.8473,,8.18406
46.2403,133.363,37.726,,8.06946
46.2503,141.364,37.5866,,7.94386
46.2603,149.237,37.4578,,7.81453
46.2703,156.977,37.3046,,7.67789
46.2803,164.577,37.1302,,7.53331
46.2903,172.026,36.9549,,7.37981
46.3004,179.319,36.7698,,7.22189
46.3104,186.457,36.5791,,7.0666
46.3204,193.426,36.3753,,6.88755
46.3304,200.218,36.1698,,6.71427
46.3403,206.829,35.952,,6.52481
46.3503,213.253,35.7118,,6.34247
46.3603,219.489,35.4613,,6.1473
46.3703,225.524,35.1956,,5.94258
46.3803,231.358,34.9174,,5.74469
46.3903,236.985,34.6268,,5.52883
46.4003,242.396,34.3304,,5.31417
46.4103,247.59,34.0149,,5.09658
46.4203,252.56,33.6802,,4.86744
46.4304,257.305,33.3217,,4.64017
46.4404,261.817,32.9416,,4.40648
46.4504,266.098,32.5507,,4.17882
46.4604,270.139,32.124,,3.92715
46.4703,273.931,31.6928,,3.68195
46.4803,277.477,31.2172,,3.43416
46.4903,280.772,30.7254,,3.18169
46.5003,283.818,30.1931,,2.93207
46.5103,286.608,29.6151,,2.6731
46.5203,289.14,29.0085,,2.4175
46.5303,291.413,28.3446,,2.1531
46.5403,293.419,27.6228,,1.88756
46.5504,295.165,26.8427,,1.62899
46.5604,296.647,26,,1.36117
46.5704,297.863,25.0556,,1.09693
46.5804,298.809,24.0355,,0.820894
46.5903,299.483,22.8682,,0.555292
46.6003,299.887,21.5761,,0.275967
46.6103,300.012,20.105,,0.0131342
46.6203,299.889,18.4448,,-0.24365
46.6303,299.491,16.5566,,-0.5227
46.6403,298.818,14.4133,,-0.79679
46.6503,297.875,12.0013,,-1.06216
46.6603,296.666,9.34292,,-1.32769
46.6703,295.19,6.44807,,-1.59774
46.6804,293.445,3.41996,,-1.86404
46.6904,291.439,0.297476,,-2.12108
46.7004,289.174,-2.81447,,-2.38501
46.7104,286.643,-5.827,,-2.64921
46.7203,283.854,-8.70471,,-2.90037
46.7303,280.816,-11.4277,,-3.1541
46.7403,277.52,-13.9628,,-3.41075
46.7503,273.971,-16.318,,-3.66027
46.7603,270.181,-18.5096,,-3.89646
46.7703,266.149,-20.5252,,-4.14227
46.7803,261.874,-22.3771,,-4.38368
46.7903,257.362,-24.0784,,-4.61314
46.8004,252.625,-25.6418,,-4.84414
46.8104,247.652,-27.0515,,-5.07106
46.8204,242.463,-28.3404,,-5.28914
46.8304,237.05,-29.4967,,-5.50998
46.8403,231.428,-30.5449,,-5.71504
46.8503,225.598,-31.4826,,-5.92297
46.8603,219.563,-32.3336,,-6.12597
46.8703,213.332,-33.0843,,-6.31643
46.8803,206.908,-33.7744,,-6.51188
46.8903,200.295,-34.3773,,-6.69393
46.9003,193.505,-34.9333,,-6.86911
46.9103,186.54,-35.421,,-7.04193
46.9203,179.411,-35.87,,-7.19919
46.9304,172.116,-36.2615,,-7.37355
46.9404,164.662,-36.6121,,-7.51534
46.9504,157.066,-36.9266,,-7.66253
46.9604,149.327,-37.2165,,-7.80041
46.9703,141.455,-37.4669,,-7.92951
46.9803,133.457,-37.6913,,-8.05326
46.9903,125.337,-37.8995,,-8.17399
47.0003,117.103,-38.0743,,-8.28068
47.0103,108.766,-38.2286,,-8.3842
47.0203,100.327,-38.3758,,-8.47953
47.0303,91.8014,-38.5008,,-8.56431
47.0403,83.1928,-38.6067,,-8.64336
47.0504,74.5086,-38.7062,,-8.71525
47.0604,65.7591,-38.7895,,-8.77831
47.0704,56.9485,-38.8609,,-8.83484
47.0804,48.0869,-38.9174,,-8.88308
47.0903,39.1816,-38.9652,,-8.92197
47.1003,30.2419,-38.9978,,-8.95289
47.1103,21.275,-39.0277,,-8.97695
47.1203,12.2888,-39.0403,,-8.99255
47.1303,3.29155,-39.0521,,-9.00032
47.1403,-5.70886,-39.0626,,-8.9993
47.1503,-14.7041,-39.0469,,-8.99021
47.1603,-23.6859,-39.0283,,-8.97368
47.1703,-32.6465,-39.0001,,-8.94907
47.1804,-41.5779,-38.9618,,-8.9159
47.1904,-50.4717,-38.9202,,-8.87424
47.2004,-59.32,-38.8641,,-8.82656
47.2104,-68.1154,-38.7992,,-8.76807
47.2203,-76.8481,-38.7413,,-8.70314
47.2303,-85.5136,-38.6603,,-8.63298
47.2403,-94.1016,-38.5865,,-8.5499
47.2503,-102.604,-38.4781,,-8.46269
47.2603,-111.016,-38.3835,,-8.36867
47.2703,-119.326,-38.2623,,-8.26267
47.2803,-127.529,-38.1426,,-8.152
47.2903,-135.616,-38.0085,,-8.03399
47.3004,-143.583,-37.879,,-7.9107
47.3104,-151.421,-37.7315,,-7.77731
47.3204,-159.123,-37.5727,,-7.6385
47.3304,-166.679,-37.4148,,-7.48801
47.3403,-174.084,-37.2346,,-7.33778
47.3503,-181.337,-37.0485,,-7.18093
47.3603,-188.427,-36.85,,-7.01384
47.3703,-195.346,-36.6388,,-6.84088
47.3803,-202.09,-36.4241,,-6.66205
47.3903,-208.648,-36.2013,,-6.47443
47.4003,-215.02,-35.9571,,-6.2873
47.4103,-221.202,-35.7091,,-6.09525
47.4203,-227.183,-35.4413,,-5.88528
47.4304,-232.954,-35.1596,,-5.67796
47.4404,-238.518,-34.8661,,-5.4712
47.4504,-243.873,-34.5601,,-5.2574
47.4604,-249.005,-34.2321,,-5.03112
47.4703,-253.912,-33.896,,-4.80439
47.4803,-258.594,-33.5338,,-4.57862
47.4903,-263.042,-33.1523,,-4.34127
47.5003,-267.253,-32.7554,,-4.10334
47.5103,-271.222,-32.321,,-3.85986
47.5203,-274.949,-31.8824,,-3.6163
47.5303,-278.423,-31.4076,,-3.3599
47.5403,-281.649,-30.8892,,-3.11524
47.5504,-284.627,-30.3542,,-2.86416
47.5604,-287.348,-29.7639,,-2.6034
47.5704,-289.806,-29.1391,,-2.34099
47.5804,-292.006,-28.4584,,-2.08318
47.5903,-293.941,-27.7303,,-1.81261
47.6003,-295.611,-26.9263,,-1.5519
47.6103,-297.015,-26.0569,,-1.28326
47.6203,-298.151,-25.0976,,-1.01676
47.6303,-299.022,-24.0324,,-0.75173
47.6403,-299.625,-22.8337,,-0.479337
47.6503,-299.952,-21.4804,,-0.199142
47.6603,-300.007,-19.9612,,0.0563097
47.6703,-299.807,-18.2481,,0.320535
47.6804,-299.333,-16.2908,,0.598545
47.6904,-298.583,-14.0776,,0.874067
47.7004,-297.563,-11.5875,,1.13782
47.7104,-296.279,-8.85426,,1.40617
47.7203,-294.726,-5.9116,,1.67037
47.7303,-292.912,-2.82985,,1.93279
47.7403,-290.836,0.287424,,2.19406
47.7503,-288.494,3.38639,,2.46147
47.7603,-285.89,6.3653,,2.71956
47.7703,-283.028,9.21441,,2.97945
47.7803,-279.912,11.8791,,3.22688
47.7903,-276.547,14.3727,,3.47833
47.8004,-272.933,16.69,,3.72055
47.8104,-269.079,18.8303,,3.96778
47.8204,-264.975,20.801,,4.21091
47.8304,-260.636,22.619,,4.44671
47.8403,-256.053,24.278,,4.69585
47.8503,-251.244,25.8029,,4.89611
47.8603,-246.221,27.1819,,5.12886
47.8703,-240.969,28.4317,,5.35297
47.8803,-235.498,29.5643,,5.56537
47.8903,-229.816,30.5717,,5.77562
47.9003,-223.927,31.4869,,5.98324
47.9103,-217.835,32.3083,,6.17758
47.9203,-211.549,33.0483,,6.37293
47.9304,-205.072,33.7049,,6.56353
47.9404,-198.409,34.3046,,6.74294
47.9504,-191.567,34.8314,,6.92075
47.9604,-184.557,35.3147,,7.08326
47.9703,-177.382,35.7417,,7.24989
47.9803,-170.042,36.1297,,7.40988
47.9903,-162.549,36.467,,7.56093
48.0003,-154.913,36.771,,7.69909
48.0103,-147.136,37.0419,,7.8387
48.0203,-139.226,37.2901,,7.96556
48.0303,-131.193,37.5068,,8.08825
48.0403,-123.04,37.709,,8.2046
48.0504,-114.776,37.8879,,8.31147
48.0604,-106.41,38.0464,,8.40943
48.0704,-97.9485,38.1744,,8.5044
48.0804,-89.3969,38.2926,,8.58768
48.0903,-80.7684,38.3957,,8.6628
48.1003,-72.0647,38.4834,,8.73491
48.1103,-63.295,38.5626,,8.7964
48.1203,-54.4697,38.6338,,8.84779
48.1303,-45.5955,38.6836,,8.89455
48.1403,-36.6802,38.7437,,8.93142
48.1503,-27.7318,38.7681,,8.961
48.1603,-18.7585,38.7935,,8.98227
48.1703,-9.76818,38.8046,,8.99548
48.1804,-0.76917,38.8067,,9.0006
48.1904,8.23061,38.8037,,8.99772
48.2004,17.2229,38.7904,,8.98717
48.2104,26.1996,38.7774,,8.96728
48.2203,35.1528,38.7458,,8.93988
48.2303,44.074,38.7119,,8.90472
48.2403,52.9557,38.6599,,8.86165
48.2503,61.7912,38.605,,8.81268
48.2603,70.5704,38.5354,,8.75084
48.2703,79.285,38.4605,,8.68429
48.2803,87.9286,38.3819,,8.60944
48.2903,96.4921,38.2989,,8.52443
48.3004,104.969,38.2026,,8.43734
48.3104,113.354,38.1029,,8.34021
48.3204,121.636,37.9904,,8.2326
48.3304,129.807,37.8538,,8.12098
48.3403,137.863,37.7246,,8.00023
48.3503,145.793,37.5779,,7.87149
48.3603,153.592,37.436,,7.73886
48.3703,161.254,37.2766,,7.60059
48.3803,168.772,37.1185,,7.44618
48.3903,176.135,36.9389,,7.29488
48.4003,183.342,36.7481,,7.13519
48.4103,190.386,36.5419,,6.96354
48.4203,197.251,36.3213,,6.78926
48.4304,203.944,36.1099,,6.61089
48.4404,210.451,35.875,,6.4246
48.4504,216.772,35.6423,,6.23099
48.4604,222.895,35.3954,,6.03582
48.4703,228.818,35.1238,,5.82944
48.4803,234.536,34.8368,,5.62635
48.4903,240.044,34.5288,,5.41138
48.5003,245.334,34.22,,5.19022
48.5103,250.406,33.8889,,4.97444
48.5203,255.253,33.5385,,4.74008
48.5303,259.864,33.1901,,4.50752
48.5403,264.245,32.8029,,4.27381
48.5504,268.388,32.387,,4.03668
48.5604,272.291,31.9576,,3.79145
48.5704,275.946,31.5025,,3.5446
48.5804,279.354,31.0078,,3.29745
48.5903,282.514,30.4913,,3.04221
48.6003,285.412,29.935,,2.7851
48.6103,288.059,29.341,,2.53175
48.6203,290.447,28.7031,,2.2696
48.6303,292.576,28.0168,,2.0128
48.6403,294.436,27.2647,,1.73711
48.6503,296.03,26.4366,,1.4766
48.6603,297.361,25.5446,,1.21004
48.6703,298.423,24.5494,,0.940042
48.6804,299.216,23.4435,,0.674968
48.6904,299.744,22.2131,,0.406056
48.7004,299.991,20.8206,,0.12116
48.7104,299.977,19.2514,,-0.126877
48.7203,299.701,17.4647,,-0.403135
48.7303,299.145,15.4314,,-0.678072
48.7403,298.323,13.1325,,-0.939371
48.7503,297.235,10.5694,,-1.21042
48.7603,295.874,7.76648,,-1.48192
48.7703,294.247,4.77804,,-1.74472
48.7803,292.357,1.67492,,-2.01131
48.7903,290.201,-1.44748,,-2.272
48.8004,287.786,-4.52296,,-2.53312
48.8104,285.114,-7.46953,,-2.78677
48.8204,282.184,-10.2717,,-3.04696
48.8304,278.996,-12.8999,,-3.2998
48.8403,275.56,-15.3405,,-3.54779
48.8503,271.877,-17.6079,,-3.79417
48.8603,267.947,-19.7046,,-4.03981
48.8703,263.776,-21.6338,,-4.27497
48.8803,259.374,-23.4107,,-4.51059
48.8903,254.735,-25.0351,,-4.73977
48.9003,249.868,-26.5189,,-4.97339
48.9103,244.768,-27.8599,,-5.20238
48.9203,239.452,-29.0782,,-5.40559
48.9304,233.926,-30.168,,-5.62512
48.9404,228.184,-31.1599,,-5.83583
48.9504,222.238,-32.0405,,-6.03668
48.9604,216.093,-32.843,,-6.23163
48.9703,209.755,-33.5632,,-6.42596
48.9803,203.223,-34.2046,,-6.61684
48.9903,196.509,-34.7848,,-6.79316
49.0003,189.622,-35.2964,,-6.9616
49.0103,182.564,-35.7519,,-7.13629
49.0203,175.34,-36.1659,,-7.29635
49.0303,167.956,-36.5422,,-7.45268
49.0403,160.423,-36.8731,,-7.59765
49.0504,152.746,-37.1773,,-7.74029
49.0604,144.933,-37.4472,,-7.87263
49.0704,136.989,-37.6867,,-8.0019
49.0804,128.919,-37.8906,,-8.12341
49.0903,120.734,-38.0695,,-8.23514
49.1003,112.441,-38.249,,-8.33981
49.1103,104.048,-38.3914,,-8.43481
49.1203,95.5637,-38.5337,,-8.52582
49.1303,86.9878,-38.6465,,-8.61405
49.1403,78.3342,-38.7433,,-8.68539
49.1503,69.6119,-38.8306,,-8.7502
49.1603,60.8282,-38.9018,,-8.81058
49.1703,51.9872,-38.9753,,-8.86402
49.1804,43.1004,-39.0242,,-8.90486
49.1904,34.1757,-39.065,,-8.94007
49.2004,25.2195,-39.0989,,-8.96815
49.2104,16.2408,-39.1118,,-8.98633
49.2203,7.24688,-39.129,,-8.99807
49.2303,-1.75341,-39.1328,,-9.00122
49.2403,-10.7518,-39.123,,-8.99532
49.2503,-19.7409,-39.1149,,-8.98246
49.2603,-28.7115,-39.0952,,-8.96013
49.2703,-37.6563,-39.0653,,-8.93068
49.2803,-46.5678,-39.0225,,-8.89425
49.2903,-55.4372,-38.9688,,-8.84868
49.3004,-64.2573,-38.9102,,-8.79512
49.3104,-73.0185,-38.8364,,-8.73289
49.3204,-81.7149,-38.7716,,-8.66455
49.3304,-90.3371,-38.6933,,-8.5873
49.3403,-98.877,-38.606,,-8.49974
49.3503,-107.329,-38.5042,,-8.41037
49.3603,-115.684,-38.3943,,-8.30941
49.3703,-123.936,-38.2773,,-8.20357
49.3803,-132.077,-38.1423,,-8.08958
49.3903,-140.099,-38.0132,,-7.96567
49.4003,-147.993,-37.8741,,-7.83433
49.4103,-155.754,-37.7177,,-7.69985
49.4203,-163.375,-37.5614,,-7.55642
49.4304,-170.851,-37.3897,,-7.40805
49.4404,-178.172,-37.1984,,-7.24735
49.4504,-185.329,-37.0132,,-7.08493
49.4604,-192.325,-36.8056,,-6.92016
49.4703,-199.147,-36.599,,-6.74156
49.4803,-205.789,-36.374,,-6.5582
49.4903,-212.243,-36.1369,,-6.37089
49.5003,-218.509,-35.9035,,-6.17829
49.5103,-224.578,-35.6269,,-5.97923
49.5203,-230.444,-35.3525,,-5.77284
49.5303,-236.103,-35.0648,,-5.56299
49.5403,-241.549,-34.7666,,-5.35069
49.5504,-246.778,-34.4474,,-5.12751
49.5604,-251.783,-34.1248,,-4.90611
49.5704,-256.566,-33.7664,,-4.68009
49.5804,-261.118,-33.3975,,-4.44847
49.5903,-265.433,-32.9963,,-4.20575
49.6003,-269.508,-32.5861,,-3.96463
49.6103,-273.34,-32.1405,,-3.72332
49.6203,-276.927,-31.6852,,-3.47487
49.6303,-280.266,-31.1809,,-3.22905
49.6403,-283.354,-30.6649,,-2.97071
49.6503,-286.185,-30.0958,,-2.71512
49.6603,-288.757,-29.475,,-2.45602
49.6703,-291.07,-28.8289,,-2.1952
49.6804,-293.122,-28.1209,,-1.93679
49.6904,-294.911,-27.3518,,-1.66521
49.7004,-296.431,-26.512,,-1.40225
49.7104,-297.687,-25.5859,,-1.13574
49.7203,-298.674,-24.5702,,-0.865791
49.7303,-299.393,-23.4255,,-0.596951
49.7403,-299.84,-22.1436,,-0.325193
49.7503,-300.011,-20.7052,,-0.0535217
49.7603,-299.927,-19.0768,,0.205785
49.7703,-299.571,-17.2293,,0.479033
49.7803,-298.94,-15.1217,,0.752209
49.7903,-298.043,-12.7521,,1.0164
49.8004,-296.878,-10.1061,,1.28653
49.8104,-295.445,-7.24111,,1.55441
49.8204,-293.745,-4.21259,,1.81902
49.8304,-291.782,-1.07944,,2.08166
49.8403,-289.553,2.03576,,2.34669
49.8503,-287.064,5.07575,,2.60374
49.8603,-284.32,7.9907,,2.86028
49.8703,-281.316,10.7524,,3.1201
49.8803,-278.06,13.3303,,3.36635
49.8903,-274.557,15.7315,,3.61513
49.9003,-270.804,17.95,,3.86685
49.9103,-266.805,20.0088,,4.10486
49.9203,-262.569,21.9026,,4.34343
49.9304,-258.095,23.6297,,4.57919
49.9404,-253.392,25.2198,,4.80575
49.9504,-248.459,26.6565,,5.03513
49.9604,-243.304,27.9668,,5.25274
49.9703,-237.926,29.1463,,5.47843
49.9803,-232.335,30.2221,,5.68249
49.9903,-226.538,31.177,,5.89062
50.0003,-220.535,32.038,,6.09162
50.0103,-214.334,32.8134,,6.29172
50.0203,-207.938,33.5091,,6.47969
50.0303,-201.36,34.1305,,6.65874
50.0403,-194.601,34.6957,,6.84252
50.0504,-187.664,35.1859,,7.0122
50.0604,-180.557,35.635,,7.18245
50.0704,-173.286,36.0358,,7.34181
50.0804,-165.861,36.3968,,7.49274
50.0903,-158.286,36.7313,,7.64082
50.1003,-150.57,37.0176,,7.77725
50.1103,-142.72,37.2789,,7.90936
50.1203,-134.741,37.507,,8.0358
50.1303,-126.638,37.6963,,8.15556
50.1403,-118.421,37.8872,,8.26552
50.1503,-110.098,38.0495,,8.36839
50.1603,-101.678,38.1973,,8.4617
50.1703,-93.1664,38.324,,8.55153
50.1804,-84.5693,38.443,,8.6334
50.1904,-75.8959,38.5371,,8.70419
50.2004,-67.1557,38.6137,,8.76891
50.2104,-58.3553,38.6796,,8.82546
50.2203,-49.5023,38.7458,,8.87453
50.2303,-40.6038,38.7951,,8.91693
50.2403,-31.6682,38.8356,,8.94897
50.2503,-22.705,38.8709,,8.97318
50.2603,-13.7213,38.8853,,8.99158
50.2703,-4.72476,38.8974,,8.99991
50.2803,4.27563,38.8886,,8.99958
50.2903,13.2721,38.8834,,8.99226
50.3004,22.2566,38.8676,,8.97696
50.3104,31.2209,38.8335,,8.95292
50.3204,40.1576,38.8123,,8.92282
50.3304,49.0585,38.7673,,8.88138
50.3403,57.914,38.7051,,8.83418
50.3503,66.7184,38.6451,,8.77766
50.3603,75.4626,38.5803,,8.71568
50.3703,84.1395,38.5024,,8.64315
50.3803,92.7381,38.4187,,8.56187
50.3903,101.254,38.326,,8.47874
50.4003,109.683,38.2246,,8.38462
50.4103,118.009,38.1102,,8.27796
50.4203,126.229,37.993,,8.17195
50.4304,134.336,37.8699,,8.05287
50.4404,142.323,37.7282,,7.93067
50.4504,150.181,37.5806,,7.79845
50.4604,157.904,37.4282,,7.66106
50.4703,165.487,37.2591,,7.51755
50.4803,172.917,37.0918,,7.35708
50.4903,180.19,36.9099,,7.20499
50.5003,187.307,36.7061,,7.04181
50.5103,194.253,36.5117,,6.86902
50.5203,201.026,36.2887,,6.69008
50.5303,207.615,36.0672,,6.50735
50.5403,214.018,35.82,,6.31789
50.5504,220.23,35.5729,,6.12453
50.5604,226.245,35.3147,,5.9202
50.5704,232.049,35.0374,,5.71146
50.5804,237.648,34.7423,,5.50742
50.5903,243.038,34.4492,,5.29143
50.6003,248.206,34.1196,,5.07
50.6103,253.158,33.7768,,4.84382
50.6203,257.864,33.4116,,4.60186
50.6303,262.346,33.0374,,4.38159
50.6403,266.597,32.6359,,4.14234
50.6503,270.604,32.2154,,3.897
50.6603,274.369,31.7824,,3.65746
50.6703,277.889,31.2983,,3.4057
50.6804,281.155,30.7976,,3.15134
50.6904,284.169,30.2544,,2.90049
50.7004,286.929,29.6751,,2.64615
50.7104,289.433,29.0492,,2.38523
50.7203,291.67,28.3894,,2.11786
50.7303,293.647,27.6612,,1.86273
50.7403,295.364,26.8699,,1.59496
50.7503,296.81,26.0114,,1.32247
50.7603,297.986,25.0585,,1.06068
50.7703,298.903,24.015,,0.795662
50.7803,299.545,22.8283,,0.518128
50.7903,299.916,21.501,,0.245241
50.8004,300.013,20.0135,,-0.014805
50.8104,299.855,18.3175,,-0.280857
50.8204,299.423,16.3985,,-0.55479
50.8304,298.719,14.2179,,-0.827445
50.8403,297.742,11.7671,,-1.09721
50.8503,296.501,9.05594,,-1.35806
50.8603,294.997,6.13225,,-1.62652
50.8703,293.22,3.06377,,-1.89693
50.8803,291.179,-0.0731645,,-2.1597
50.8903,288.878,-3.1856,,-2.41557
50.9003,286.319,-6.1991,,-2.6769
50.9103,283.501,-9.07311,,-2.93117
50.9203,280.432,-11.7874,,-3.1868
50.9304,277.105,-14.3131,,-3.43819
50.9404,273.529,-16.6705,,-3.68583
50.9504,269.708,-18.8467,,-3.93349
50.9604,265.643,-20.8473,,-4.17003
50.9703,261.341,-22.7047,,-4.41004
50.9803,256.803,-24.3926,,-4.64464
50.9903,252.034,-25.9488,,-4.86739
51.0003,247.039,-27.3541,,-5.1001
51.0103,241.818,-28.6219,,-5.31833
51.0203,236.383,-29.7826,,-5.53252
51.0303,230.733,-30.8028,,-5.74296
51.0403,224.875,-31.7328,,-5.95067
51.0504,218.816,-32.5821,,-6.14756
51.0604,212.559,-33.3297,,-6.34297
51.0704,206.114,-34.0106,,-6.53068
51.0804,199.483,-34.6233,,-6.71304
51.0903,192.674,-35.1571,,-6.88708
51.1003,185.691,-35.6394,,-7.06079
51.1103,178.534,-36.0672,,-7.23076
51.1203,171.221,-36.4575,,-7.38226
51.1303,163.753,-36.8065,,-7.53575
51.1403,156.138,-37.1198,,-7.67854
51.1503,148.383,-37.4123,,-7.81688
51.1603,140.495,-37.6611,,-7.9469
51.1703,132.48,-37.8856,,-8.06909
51.1804,124.347,-38.0813,,-8.18461
51.1904,116.099,-38.2509,,-8.29765
51.2004,107.747,-38.4011,,-8.39416
51.2104,99.3021,-38.542,,-8.48697
51.2203,90.7644,-38.6662,,-8.57605
51.2303,82.1465,-38.7821,,-8.65152
51.2403,73.455,-38.8759,,-8.72482
51.2503,64.6953,-38.9599,,-8.78627
51.2603,55.8788,-39.0198,,-8.84044
51.2703,47.0122,-39.074,,-8.88733
51.2803,38.1026,-39.1279,,-8.92553
51.2903,29.1586,-39.149,,-8.95793
51.3004,20.1885,-39.1862,,-8.97913
51.3104,11.2006,-39.1998,,-8.99432
51.3204,2.20242,-39.2154,,-8.99997
51.3304,-6.79761,-39.213,,-8.99846
51.3403,-15.7915,-39.1953,,-8.98895
51.3503,-24.7713,-39.1774,,-8.97091
51.3603,-33.7289,-39.1447,,-8.94587
51.3703,-42.6567,-39.1129,,-8.91207
51.3803,-51.5453,-39.0727,,-8.86818
51.3903,-60.3871,-39.0254,,-8.81878
51.4003,-69.1753,-38.9554,,-8.76178
51.4103,-77.9015,-38.8868,,-8.69579
51.4203,-86.5562,-38.7996,,-8.62018
51.4304,-95.1329,-38.71,,-8.54037
51.4404,-103.625,-38.6155,,-8.45295
51.4504,-112.025,-38.5172,,-8.35424
51.4604,-120.323,-38.4119,,-8.25095
51.4703,-128.514,-38.2882,,-8.14075
51.4803,-136.587,-38.1606,,-8.01821
51.4903,-144.539,-38.0098,,-7.89442
51.5003,-152.36,-37.8587,,-7.76031
51.5103,-160.045,-37.6945,,-7.62431
51.5203,-167.588,-37.5361,,-7.46958
51.5303,-174.972,-37.3566,,-7.318
51.5403,-182.205,-37.1829,,-7.16021
51.5504,-189.272,-36.9778,,-6.99234
51.5604,-196.169,-36.7691,,-6.81824
51.5704,-202.893,-36.5507,,-6.6439
51.5804,-209.431,-36.3156,,-6.45206
51.5903,-215.78,-36.0725,,-6.26284
51.6003,-221.936,-35.8153,,-6.06917
51.6103,-227.895,-35.5528,,-5.8635
51.6203,-233.642,-35.2701,,-5.65389
51.6303,-239.181,-34.9788,,-5.44567
51.6403,-244.507,-34.6727,,-5.2261
51.6503,-249.612,-34.3402,,-5.00049
51.6603,-254.49,-33.9912,,-4.77999
51.6703,-259.143,-33.6266,,-4.55148
51.6804,-263.563,-33.2359,,-4.31021
51.6904,-267.742,-32.8409,,-4.07357
51.7004,-271.687,-32.4089,,-3.83509
51.7104,-275.382,-31.9594,,-3.58293
51.7203,-278.83,-31.4798,,-3.33596
51.7303,-282.027,-30.9627,,-3.08133
51.7403,-284.968,-30.4111,,-2.8276
51.7503,-287.651,-29.8128,,-2.56484
51.7603,-290.08,-29.1825,,-2.31648
51.7703,-292.25,-28.4993,,-2.05033
51.7803,-294.155,-27.7599,,-1.78479
51.7903,-295.793,-26.9497,,-1.51824
51.8004,-297.168,-26.0609,,-1.25688
51.8104,-298.272,-25.0845,,-0.981558
51.8204,-299.108,-23.9951,,-0.715533
51.8304,-299.677,-22.783,,-0.449079
51.8403,-299.97,-21.4187,,-0.161104
51.8503,-299.996,-19.8702,,0.0810486
51.8603,-299.763,-18.1192,,0.358483
51.8703,-299.252,-16.1222,,0.632535
51.8803,-298.472,-13.8525,,0.903708
51.8903,-297.419,-11.3219,,1.17134
51.9003,-296.105,-8.55194,,1.43321
51.9103,-294.523,-5.58532,,1.70247
51.9203,-292.675,-2.48078,,1.96625
51.9304,-290.566,0.654524,,2.22763
51.9404,-288.193,3.75418,,2.49232
51.9504,-285.558,6.74644,,2.74864
51.9604,-282.667,9.58203,,3.00795
51.9703,-279.524,12.2476,,3.2541
51.9803,-276.126,14.7297,,3.513
51.9903,-272.48,17.0304,,3.75588
52.0003,-268.591,19.166,,3.99779
52.0103,-264.463,21.1287,,4.23348
52.0203,-260.097,22.937,,4.47682
52.0303,-255.488,24.5983,,4.70715
52.0403,-250.658,26.1123,,4.93774
52.0504,-245.596,27.4841,,5.1591
52.0604,-240.317,28.7214,,5.37979
52.0704,-234.819,29.8365,,5.59181
52.0804,-229.112,30.8413,,5.80093
52.0903,-223.197,31.7397,,6.00728
52.1003,-217.085,32.5564,,6.20022
52.1103,-210.775,33.296,,6.39612
52.1203,-204.275,33.948,,6.58378
52.1303,-197.592,34.5315,,6.76497
52.1403,-190.731,35.0574,,6.9391
52.1503,-183.695,35.5257,,7.11062
52.1603,-176.501,35.9452,,7.26479
52.1703,-169.147,36.3303,,7.42435
52.1804,-161.636,36.6737,,7.58019
52.1904,-153.979,36.9658,,7.71884
52.2004,-146.186,37.2436,,7.85355
52.2104,-138.261,37.4838,,7.98192
52.2203,-130.213,37.6961,,8.10203
52.2303,-122.047,37.8883,,8.21641
52.2403,-113.771,38.062,,8.32411
52.2503,-105.392,38.2117,,8.42194
52.2603,-96.9188,38.3461,,8.51442
52.2703,-88.358,38.4693,,8.59849
52.2803,-79.7176,38.5728,,8.67394
52.2903,-71.0055,38.6572,,8.74127
52.3004,-62.2297,38.7354,,8.80288
52.3104,-53.3986,38.7951,,8.85387
52.3204,-44.5185,38.8509,,8.8989
52.3304,-35.5992,38.902,,8.93596
52.3403,-26.647,38.9348,,8.96457
52.3503,-17.6708,38.9601,,8.98362
52.3603,-8.6796,38.9689,,8.99652
52.3703,0.319773,38.9757,,9.00059
52.3803,9.31901,38.9639,,8.997
52.3903,18.3099,38.9503,,8.9848
52.4003,27.2841,38.928,,8.96438
52.4103,36.2339,38.8959,,8.93659
52.4203,45.1513,38.8626,,8.90033
52.4304,54.0285,38.8136,,8.85654
52.4404,62.8562,38.7494,,8.80342
52.4504,71.6273,38.691,,8.74347
52.4604,80.3339,38.6186,,8.67626
52.4703,88.9695,38.5342,,8.59955
52.4803,97.5228,38.439,,8.51552
52.4903,105.99,38.3486,,8.42514
52.5003,114.361,38.2384,,8.32647
52.5103,122.628,38.122,,8.21849
52.5203,130.787,38.0022,,8.10799
52.5303,138.829,37.8595,,7.98505
52.5403,146.743,37.7208,,7.85721
52.5504,154.527,37.5684,,7.72243
52.5604,162.171,37.4128,,7.5793
52.5704,169.67,37.2426,,7.43136
52.5804,177.018,37.0635,,7.27799
52.5903,184.204,36.8736,,7.11042
52.6003,191.221,36.6695,,6.94359
52.6103,198.075,36.4577,,6.77716
52.6203,204.749,36.236,,6.58529
52.6303,211.228,36.0051,,6.39701
52.6403,217.523,35.758,,6.20658
52.6503,223.622,35.5055,,6.0116
52.6603,229.522,35.2314,,5.80712
52.6703,235.215,34.9492,,5.60134
52.6804,240.697,34.6436,,5.38125
52.6904,245.959,34.3255,,5.16294
52.7004,251.005,33.9946,,4.95018
52.7104,255.821,33.6447,,4.70693
52.7203,260.405,33.2828,,4.48435
52.7303,264.761,32.8885,,4.24762
52.7403,268.875,32.4754,,4.00324
52.7503,272.744,32.0421,,3.76082
52.7603,276.372,31.5805,,3.51732
52.7703,279.749,31.0822,,3.26427
52.7803,282.875,30.5651,,3.01262
52.7903,285.75,29.9965,,2.75955
52.8004,288.369,29.3927,,2.50072
52.8104,290.72,28.7537,,2.23307
52.8204,292.81,28.0483,,1.97288
52.8304,294.639,27.2868,,1.70982
52.8403,296.204,26.4486,,1.44468
52.8503,297.5,25.5484,,1.1759
52.8603,298.532,24.5405,,0.913186
52.8703,299.296,23.4195,,0.641263
52.8803,299.788,22.1641,,0.371741
52.8903,300.005,20.7444,,0.0925337
52.9003,299.96,19.1394,,-0.161428
52.9103,299.648,17.3191,,-0.434857
52.9203,299.064,15.2482,,-0.706042
52.9304,298.209,12.9105,,-0.975938
52.9404,297.083,10.3023,,-1.25022
52.9504,295.686,7.46312,,-1.51376
52.9604,294.029,4.4386,,-1.77599
52.9703,292.11,1.31744,,-2.03533
52.9803,289.924,-1.82119,,-2.30829
52.9903,287.478,-4.8923,,-2.55922
53.0003,284.777,-7.84999,,-2.81883
53.0103,281.816,-10.6363,,-3.07467
53.0203,278.6,-13.2504,,-3.3324
53.0303,275.13,-15.6902,,-3.58026
53.0403,271.417,-17.9462,,-3.82273
53.0504,267.458,-20.0388,,-4.06867
53.0604,263.26,-21.963,,-4.30407
53.0704,258.824,-23.7326,,-4.54199
53.0804,254.15,-25.3451,,-4.77792
53.0903,249.259,-26.8167,,-4.99056
53.1003,244.138,-28.1512,,-5.22408
53.1103,238.795,-29.3527,,-5.43789
53.1203,233.24,-30.443,,-5.65134
53.1303,227.473,-31.4261,,-5.85827
53.1403,221.506,-32.2986,,-6.05975
53.1503,215.337,-33.0891,,-6.25507
53.1603,208.975,-33.7945,,-6.45013
53.1703,202.42,-34.4366,,-6.63897
53.1804,195.683,-35.0059,,-6.81718
53.1904,188.773,-35.51,,-6.98402
53.2004,181.696,-35.9759,,-7.15125
53.2104,174.456,-36.3789,,-7.31309
53.2203,167.056,-36.743,,-7.47103
53.2303,159.504,-37.0711,,-7.61687
53.2403,151.808,-37.3674,,-7.75807
53.2503,143.977,-37.6272,,-7.88995
53.2603,136.017,-37.8648,,-8.01547
53.2703,127.935,-38.0724,,-8.13621
53.2803,119.737,-38.2614,,-8.24778
53.2903,111.431,-38.4253,,-8.35254
53.3004,103.025,-38.5695,,-8.44785
53.3104,94.5279,-38.6951,,-8.53746
53.3204,85.9445,-38.813,,-8.6198
53.3304,77.2832,-38.9101,,-8.69393
53.3403,68.5518,-38.9984,,-8.76017
53.3503,59.7605,-39.0758,,-8.81531
53.3603,50.9156,-39.1385,,-8.86877
53.3703,42.0232,-39.1889,,-8.91082
53.3803,33.0929,-39.226,,-8.94489
53.3903,24.1341,-39.256,,-8.96923
53.4003,15.1534,-39.2736,,-8.98843
53.4103,6.15835,-39.2783,,-8.99938
53.4203,-2.84224,-39.2877,,-9.0004
53.4304,-11.8399,-39.277,,-8.99427
53.4404,-20.8269,-39.2655,,-8.98046
53.4504,-29.7953,-39.2466,,-8.95641
53.4604,-38.7363,-39.2143,,-8.92701
53.4703,-47.6432,-39.1708,,-8.88947
53.4803,-56.5067,-39.1184,,-8.8414
53.4903,-65.3203,-39.0527,,-8.78973
53.5003,-74.0746,-38.9873,,-8.72462
53.5103,-82.762,-38.9154,,-8.65552
53.5203,-91.374,-38.8463,,-8.57487
53.5303,-99.9028,-38.746,,-8.49014
53.5403,-108.343,-38.6412,,-8.39855
53.5504,-116.688,-38.539,,-8.29888
53.5604,-124.928,-38.4063,,-8.19074
53.5704,-133.055,-38.2874,,-8.07415
53.5804,-141.06,-38.1514,,-7.9475
53.5903,-148.938,-38.0083,,-7.82003
53.6003,-156.684,-37.8555,,-7.68413
53.6103,-164.29,-37.6892,,-7.54236
53.6203,-171.749,-37.5266,,-7.3852
53.6303,-179.046,-37.3314,,-7.22828
53.6403,-186.188,-37.1343,,-7.0702
53.6503,-193.161,-36.9294,,-6.89373
53.6603,-199.962,-36.7192,,-6.71976
53.6703,-206.58,-36.5011,,-6.53708
53.6804,-213.012,-36.2625,,-6.34559
53.6904,-219.253,-36.0148,,-6.15395
53.7004,-225.3,-35.7421,,-5.95951
53.7104,-231.142,-35.4591,,-5.74501
53.7203,-236.773,-35.1771,,-5.53781
53.7303,-242.193,-34.8783,,-5.32054
53.7403,-247.393,-34.5568,,-5.10502
53.7503,-252.377,-34.2215,,-4.88373
53.7603,-257.134,-33.8629,,-4.64825
53.7703,-261.651,-33.4891,,-4.41118
53.7803,-265.934,-33.0862,,-4.17887
53.7903,-269.983,-32.6668,,-3.94061
53.8004,-273.79,-32.2305,,-3.6974
53.8104,-277.349,-31.7592,,-3.44432
53.8204,-280.656,-31.2532,,-3.19312
53.8304,-283.706,-30.7292,,-2.93563
53.8403,-286.506,-30.1411,,-2.6861
53.8503,-289.049,-29.5306,,-2.42896
53.8603,-291.335,-28.8806,,-2.16396
53.8703,-293.35,-28.1579,,-1.89806
53.8803,-295.108,-27.3811,,-1.63839
53.8903,-296.597,-26.5249,,-1.36868
53.9003,-297.82,-25.5829,,-1.10407
53.9103,-298.776,-24.5531,,-0.834059
53.9203,-299.462,-23.389,,-0.564622
53.9304,-299.877,-22.0896,,-0.288647
53.9404,-300.012,-20.6217,,-0.0205048
53.9504,-299.896,-18.9651,,0.236157
53.9604,-299.51,-17.0775,,0.509649
53.9703,-298.847,-14.9356,,0.785625
53.9803,-297.916,-12.5027,,1.04847
53.9903,-296.72,-9.82806,,1.31836
54.0003,-295.253,-6.92444,,1.58827
54.0103,-293.52,-3.86916,,1.85269
54.0203,-291.521,-0.72997,,2.11651
54.0303,-289.263,2.39738,,2.37371
54.0403,-286.746,5.44082,,2.63475
54.0504,-283.969,8.36327,,2.89164
54.0604,-280.937,11.1218,,3.14591
54.0704,-277.652,13.6928,,3.40013
54.0804,-274.113,16.089,,3.65171
54.0903,-270.329,18.2916,,3.89044
54.1003,-266.306,20.3411,,4.13245
54.1103,-262.041,22.2114,,4.37359
54.1203,-257.538,23.9407,,4.60619
54.1303,-252.81,25.5239,,4.83155
54.1403,-247.848,26.965,,5.06527
54.1503,-242.66,28.2622,,5.28537
54.1603,-237.26,29.4405,,5.49621
54.1703,-231.645,30.4866,,5.71103
54.1804,-225.82,31.4355,,5.91501
54.1904,-219.798,32.2814,,6.11129
54.2004,-213.575,33.0521,,6.31468
54.2104,-207.154,33.7513,,6.50548
54.2203,-200.549,34.3574,,6.68434
54.2303,-193.765,34.9163,,6.86543
54.2403,-186.806,35.4118,,7.03648
54.2503,-179.677,35.848,,7.20125
54.2603,-172.393,36.2483,,7.35369
54.2703,-164.952,36.6009,,7.50921
54.2803,-157.362,36.9196,,7.6572
54.2903,-149.627,37.1991,,7.79507
54.3004,-141.761,37.4515,,7.92437
54.3104,-133.766,37.6859,,8.05222
54.3204,-125.649,37.8867,,8.16795
54.3304,-117.419,38.0639,,8.27833
54.3403,-109.084,38.2386,,8.37934
54.3503,-100.652,38.3639,,8.47607
54.3603,-92.128,38.4952,,8.56177
54.3703,-83.5229,38.6029,,8.63908
54.3803,-74.8441,38.6976,,8.71149
54.3903,-66.0951,38.7794,,8.77717
54.4003,-57.2879,38.8551,,8.83159
54.4103,-48.428,38.9156,,8.88178
54.4203,-39.5231,38.9629,,8.92106
54.4304,-30.5847,38.9947,,8.95214
54.4404,-21.6191,39.0228,,8.97591
54.4504,-12.6335,39.0296,,8.9923
54.4604,-3.63597,39.0467,,9.00043
54.4703,5.36441,39.0474,,8.99905
54.4803,14.3598,39.0391,,8.9911
54.4903,23.3424,39.0158,,8.97468
54.5003,32.3042,38.9907,,8.95005
54.5103,41.2363,38.9568,,8.91702
54.5203,50.1316,38.9127,,8.87565
54.5303,58.9827,38.8585,,8.8295
54.5403,67.7807,38.7961,,8.77125
54.5504,76.5167,38.7229,,8.70543
54.5604,85.1829,38.6509,,8.633
54.5704,93.7736,38.5591,,8.55589
54.5804,102.282,38.4684,,8.46769
54.5903,110.697,38.3613,,8.36959
54.6003,119.008,38.2554,,8.26561
54.6103,127.216,38.1278,,8.15687
54.6203,135.31,38.0023,,8.04122
54.6303,143.282,37.8589,,7.9144
54.6403,151.124,37.7112,,7.78269
54.6503,158.831,37.5596,,7.64305
54.6603,166.393,37.3906,,7.49877
54.6703,173.806,37.2215,,7.3366
54.6804,181.06,37.0347,,7.18905
54.6904,188.159,36.8335,,7.02415
54.7004,195.087,36.6274,,6.84558
54.7104,201.832,36.4071,,6.66429
54.7203,208.399,36.184,,6.48629
54.7303,214.781,35.9506,,6.2954
54.7403,220.969,35.6869,,6.09814
54.7503,226.956,35.4242,,5.89645
54.7603,232.74,35.1443,,5.69039
54.7703,238.313,34.8447,,5.47692
54.7803,243.674,34.538,,5.26516
54.7903,248.815,34.2156,,5.03722
54.8004,253.725,33.8697,,4.81039
54.8104,258.42,33.5143,,4.59436
54.8204,262.878,33.124,,4.34945
54.8304,267.098,32.7396,,4.1114
54.8403,271.076,32.3046,,3.86853
54.8503,274.81,31.848,,3.62195
54.8603,278.293,31.3677,,3.37143
54.8703,281.531,30.8561,,3.12594
54.8803,284.516,30.3139,,2.87092
54.8903,287.247,29.7235,,2.61736
54.9003,289.718,29.1177,,2.34747
54.9103,291.923,28.4346,,2.09194
54.9203,293.868,27.6861,,1.82327
54.9304,295.548,26.8929,,1.56149
54.9404,296.965,26.0141,,1.29807
54.9504,298.114,25.0497,,1.027
54.9604,298.992,23.9774,,0.760206
54.9703,299.607,22.7823,,0.489825
54.9803,299.941,21.4392,,0.205467
54.9903,300.005,19.9164,,-0.044018
55.0003,299.815,18.1989,,-0.313521
55.0103,299.351,16.243,,-0.58692
55.0203,298.613,14.0102,,-0.860769
55.0303,297.605,11.5149,,-1.12858
55.0403,296.329,8.76533,,-1.39591
55.0504,294.79,5.80023,,-1.65749
55.0604,292.984,2.70833,,-1.9249
55.0704,290.915,-0.441936,,-2.18548
55.0804,288.586,-3.562,,-2.44974
55.0903,285.994,-6.57708,,-2.70801
55.1003,283.144,-9.43707,,-2.96424
55.1103,280.038,-12.1584,,-3.22183
55.1203,276.682,-14.6691,,-3.4652
55.1303,273.078,-17.0177,,-3.71782
55.1403,269.226,-19.1927,,-3.96087
55.1503,265.132,-21.1911,,-4.2006
55.1603,260.801,-23.0338,,-4.43882
55.1703,256.232,-24.7126,,-4.67803
55.1804,251.434,-26.2517,,-4.89115
55.1904,246.418,-27.6514,,-5.12025
55.2004,241.171,-28.9121,,-5.34818
55.2104,235.707,-30.0496,,-5.55756
55.2203,230.032,-31.0797,,-5.77063
55.2303,224.152,-32,,-5.96855
55.2403,218.073,-32.8344,,-6.17067
55.2503,211.793,-33.5792,,-6.36836
55.2603,205.323,-34.2539,,-6.55078
55.2703,198.67,-34.8447,,-6.73746
55.2803,191.833,-35.3758,,-6.91487
55.2903,184.829,-35.849,,-7.07769
55.3004,177.658,-36.2777,,-7.2454
55.3104,170.325,-36.6652,,-7.40526
55.3204,162.838,-37.0108,,-7.55357
55.3304,155.206,-37.328,,-7.69377
55.3403,147.436,-37.5962,,-7.83182
55.3503,139.532,-37.8479,,-7.96101
55.3603,131.503,-38.0628,,-8.08412
55.3703,123.354,-38.2611,,-8.20019
55.3803,115.096,-38.4253,,-8.30387
55.3903,106.734,-38.5813,,-8.40957
55.4003,98.2737,-38.7218,,-8.5002
55.4103,89.726,-38.8396,,-8.58473
55.4203,81.0983,-38.9469,,-8.66254
55.4304,72.3978,-39.0458,,-8.73074
55.4404,63.6322,-39.1238,,-8.79317
55.4504,54.8089,-39.1861,,-8.84677
55.4604,45.9358,-39.2457,,-8.89231
55.4703,37.0222,-39.2845,,-8.93031
55.4803,28.0748,-39.312,,-8.96044
55.4903,19.1024,-39.3413,,-8.98123
55.5003,10.1127,-39.3639,,-8.99557
55.5103,1.11375,-39.3654,,-9.00054
55.5203,-7.88614,-39.3712,,-8.99736
55.5303,-16.8791,-39.3555,,-8.98792
55.5403,-25.8565,-39.3325,,-8.96856
55.5504,-34.8108,-39.2946,,-8.94121
55.5604,-43.7337,-39.2616,,-8.90674
55.5704,-52.6175,-39.2135,,-8.86343
55.5804,-61.4532,-39.1628,,-8.81166
55.5903,-70.2339,-39.1054,,-8.75443
55.6003,-78.9517,-39.0422,,-8.68683
55.6103,-87.5982,-38.9545,,-8.61162
55.6203,-96.1656,-38.8549,,-8.52927
55.6303,-104.645,-38.7513,,-8.43982
55.6403,-113.034,-38.6481,,-8.34679
55.6503,-121.322,-38.5409,,-8.23709
55.6603,-129.496,-38.4276,,-8.12288
55.6703,-137.555,-38.2986,,-8.00482
55.6804,-145.491,-38.1562,,-7.87857
55.6904,-153.298,-37.9956,,-7.74532
55.7004,-160.966,-37.828,,-7.60458
55.7104,-168.489,-37.6574,,-7.45344
55.7203,-175.858,-37.4805,,-7.30177
55.7303,-183.069,-37.3005,,-7.13634
55.7403,-190.115,-37.1051,,-6.97171
55.7503,-196.994,-36.89,,-6.80065
55.7603,-203.695,-36.6747,,-6.61997
55.7703,-210.209,-36.4354,,-6.42549
55.7803,-216.534,-36.1913,,-6.24148
55.7903,-222.666,-35.9331,,-6.04236
55.8004,-228.6,-35.6506,,-5.84303
55.8104,-234.325,-35.3778,,-5.6293
55.8204,-239.838,-35.0896,,-5.4171
55.8304,-245.137,-34.7733,,-5.19958
55.8403,-250.217,-34.4418,,-4.98577
55.8503,-255.076,-34.0912,,-4.74928
55.8603,-259.694,-33.7216,,-4.51393
55.8703,-264.081,-33.3286,,-4.28191
55.8803,-268.233,-32.9219,,-4.04281
55.8903,-272.143,-32.4985,,-3.80192
55.9003,-275.812,-32.0342,,-3.56064
55.9103,-279.232,-31.549,,-3.30293
55.9203,-282.395,-31.0234,,-3.04922
55.9304,-285.307,-30.4822,,-2.79971
55.9404,-287.964,-29.8728,,-2.53884
55.9504,-290.359,-29.2312,,-2.27781
55.9604,-292.495,-28.5406,,-2.01883
55.9703,-294.368,-27.7857,,-1.75436
55.9803,-295.974,-26.9605,,-1.48576
55.9903,-297.318,-26.0656,,-1.22442
56.0003,-298.391,-25.086,,-0.950126
56.0103,-299.192,-23.9736,,-0.681824
56.0203,-299.727,-22.7276,,-0.412304
56.0303,-299.984,-21.3442,,-0.13121
56.0403,-299.982,-19.7642,,0.112994
56.0504,-299.717,-17.9734,,0.392124
56.0604,-299.171,-15.937,,0.66805
56.0704,-298.358,-13.6506,,0.930539
56.0804,-297.278,-11.0657,,1.20187
56.0903,-295.933,-8.25197,,1.46529
56.1003,-294.316,-5.25093,,1.73626
56.1103,-292.434,-2.11325,,2.00434
56.1203,-290.29,1.04548,,2.25742
56.1303,-287.887,4.14044,,2.52219
56.1403,-285.222,7.11388,,2.78181
56.1503,-282.301,9.95059,,3.03349
56.1603,-279.127,12.5998,,3.28827
56.1703,-275.699,15.0818,,3.54198
56.1804,-272.024,17.3812,,3.78317
56.1904,-268.106,19.516,,4.02678
56.2004,-263.947,21.4668,,4.26858
56.2104,-259.548,23.2718,,4.50351
56.2203,-254.92,24.9124,,4.73123
56.2303,-250.059,26.4107,,4.96577
56.2403,-244.969,27.7658,,5.18981
56.2503,-239.659,29.0041,,5.40813
56.2603,-234.138,30.1208,,5.6136
56.2703,-228.409,31.1056,,5.82363
56.2803,-222.47,32.0118,,6.02982
56.2903,-216.335,32.8121,,6.223
56.3004,-210.001,33.5325,,6.42364
56.3104,-203.476,34.1762,,6.60581
56.3204,-196.772,34.7541,,6.78244
56.3304,-189.891,35.2774,,6.96183
56.3403,-182.838,35.7297,,7.12688
56.3503,-175.62,36.1566,,7.29282
56.3603,-168.243,36.5361,,7.44297
56.3703,-160.717,36.8653,,7.59272
56.3803,-153.045,37.168,,7.73711
56.3903,-145.234,37.4309,,7.86991
56.4003,-137.294,37.6707,,7.99559
56.4103,-129.231,37.8733,,8.11636
56.4203,-121.053,38.07,,8.22978
56.4304,-112.762,38.2349,,8.33831
56.4404,-104.372,38.3844,,8.43248
56.4504,-95.888,38.5229,,8.52489
56.4604,-87.3161,38.6416,,8.60801
56.4703,-78.6678,38.7442,,8.68103
56.4803,-69.9474,38.8303,,8.75042
56.4903,-61.1646,38.8976,,8.80851
56.5003,-52.3271,38.9656,,8.86075
56.5103,-43.4417,39.0076,,8.90372
56.5203,-34.5185,39.0623,,8.9391
56.5303,-25.5629,39.0903,,8.96664
56.5403,-16.5848,39.1091,,8.98683
56.5504,-7.59143,39.137,,8.99705
56.5604,1.4087,39.1259,,9.00141
56.5704,10.4074,39.1292,,8.99605
56.5804,19.3966,39.1077,,8.98231
56.5903,28.3682,39.0816,,8.96119
56.6003,37.3145,39.0464,,8.93269
56.6103,46.2284,39.0096,,8.89717
56.6203,55.0994,38.9587,,8.84885
56.6303,63.9207,38.8999,,8.79809
56.6403,72.6849,38.8347,,8.73525
56.6503,81.3828,38.7598,,8.66599
56.6603,90.0083,38.6801,,8.59067
56.6703,98.5544,38.5892,,8.50731
56.6804,107.009,38.4881,,8.41078
56.6904,115.366,38.3766,,8.31301
56.7004,123.622,38.259,,8.20888
56.7104,131.767,38.1314,,8.0912
56.7203,139.791,38.0018,,7.96927
56.7303,147.692,37.8555,,7.84225
56.7403,155.46,37.7095,,7.70727
56.7503,163.086,37.5417,,7.55777
56.7603,170.563,37.3746,,7.41225
56.7703,177.895,37.1872,,7.26141
56.7803,185.062,36.9943,,7.09158
56.7903,192.062,36.7923,,6.92128
56.8004,198.887,36.5818,,6.74806
56.8104,205.536,36.3604,,6.56814
56.8204,212.003,36.1265,,6.3793
56.8304,218.274,35.8785,,6.18312
56.8403,224.348,35.6189,,5.98529
56.8503,230.224,35.3378,,5.7847
56.8603,235.89,35.0544,,5.56845
56.8703,241.342,34.7498,,5.35694
56.8803,246.579,34.4306,,5.13783
56.8903,251.588,34.0982,,4.90588
56.9003,256.382,33.7488,,4.69707
56.9103,260.948,33.3665,,4.45741
56.9203,265.27,32.979,,4.21195
56.9304,269.351,32.5567,,3.97505
56.9404,273.193,32.1213,,3.73286
56.9504,276.793,31.6486,,3.48768
56.9604,280.141,31.1574,,3.23368
56.9703,283.237,30.6362,,2.98356
56.9803,286.078,30.055,,2.72541
56.9903,288.661,29.4482,,2.46586
57.0003,290.987,28.7978,,2.20877
57.0103,293.049,28.0822,,1.94395
57.0203,294.844,27.3134,,1.6734
57.0303,296.378,26.4713,,1.41889
57.0403,297.645,25.5424,,1.1429
57.0504,298.639,24.5274,,0.873097
57.0604,299.369,23.3802,,0.610901
57.0704,299.831,22.1035,,0.339223
57.0804,300.014,20.6579,,0.0625665
57.0903,299.938,19.0289,,-0.197467
57.1003,299.591,17.1724,,-0.467951
57.1103,298.971,15.0623,,-0.742977
57.1203,298.083,12.6804,,-1.00766
57.1303,296.925,10.0373,,-1.28008
57.1403,295.499,7.15181,,-1.54291
57.1503,293.813,4.09807,,-1.80509
57.1603,291.863,0.951841,,-2.06935
57.1703,289.649,-2.20111,,-2.3342
57.1804,287.166,-5.28007,,-2.601
57.1904,284.427,-8.21807,,-2.85109
57.2004,281.438,-11.0039,,-3.10538
57.2104,278.19,-13.6087,,-3.36193
57.2203,274.69,-16.0455,,-3.61086
57.2303,270.951,-18.2898,,-3.84519
57.2403,266.966,-20.3737,,-4.09762
57.2503,262.738,-22.2947,,-4.33503
57.2603,258.271,-24.0496,,-4.57074
57.2703,253.578,-25.6598,,-4.79944
57.2803,248.651,-27.1176,,-5.02741
57.2903,243.501,-28.4356,,-5.24809
57.3004,238.135,-29.6326,,-5.46314
57.3104,232.554,-30.7095,,-5.67568
57.3204,226.766,-31.6847,,-5.87916
57.3304,220.773,-32.5535,,-6.08541
57.3403,214.579,-33.3376,,-6.28361
57.3503,208.19,-34.037,,-6.4742
57.3603,201.612,-34.6707,,-6.66156
57.3703,194.856,-35.2263,,-6.83076
57.3803,187.93,-35.7307,,-7.00432
57.3903,180.83,-36.1741,,-7.17745
57.4003,173.565,-36.58,,-7.3343
57.4103,166.146,-36.9389,,-7.48966
57.4203,158.577,-37.2671,,-7.63187
57.4304,150.868,-37.56,,-7.77183
57.4404,143.022,-37.8138,,-7.90472
57.4504,135.047,-38.0544,,-8.03104
57.4604,126.95,-38.2527,,-8.14921
57.4703,118.739,-38.4358,,-8.26151
57.4803,110.421,-38.606,,-8.36323
57.4903,102.003,-38.7381,,-8.46167
57.5003,93.4922,-38.8755,,-8.54951
57.5103,84.8985,-38.9783,,-8.62972
57.5203,76.2283,-39.0769,,-8.70049
57.5303,67.4918,-39.1702,,-8.76551
57.5403,58.6934,-39.2338,,-8.82453
57.5504,49.8412,-39.2944,,-8.87358
57.5604,40.9439,-39.3475,,-8.91574
57.5704,32.0101,-39.3806,,-8.94704
57.5804,23.0486,-39.409,,-8.97236
57.5903,14.065,-39.4253,,-8.99096
57.6003,5.06899,-39.4418,,-8.99924
57.6103,-3.93106,-39.451,,-9.00012
57.6203,-12.9279,-39.4394,,-8.99288
57.6303,-21.9132,-39.4207,,-8.97752
57.6403,-30.8786,-39.4019,,-8.95459
57.6503,-39.8165,-39.3471,,-8.92255
57.6603,-48.7178,-39.3201,,-8.88331
57.6703,-57.5762,-39.268,,-8.83661
57.6804,-66.3825,-39.2042,,-8.78053
57.6904,-75.1287,-39.1397,,-8.71751
57.7004,-83.8084,-39.0623,,-8.64623
57.7104,-92.4102,-38.9707,,-8.56485
57.7203,-100.929,-38.875,,-8.48005
57.7303,-109.36,-38.7807,,-8.38815
57.7403,-117.691,-38.6745,,-8.28559
57.7503,-125.918,-38.551,,-8.17639
57.7603,-134.029,-38.4244,,-8.05775
57.7703,-142.019,-38.2848,,-7.93411
57.7803,-149.883,-38.1396,,-7.8037
57.7903,-157.611,-37.9871,,-7.66541
57.8004,-165.198,-37.8186,,-7.52234
57.8104,-172.638,-37.6435,,-7.36966
57.8204,-179.919,-37.4508,,-7.20978
57.8304,-187.04,-37.2598,,-7.04573
57.8403,-193.991,-37.0506,,-6.87577
57.8503,-200.769,-36.8377,,-6.69428
57.8603,-207.365,-36.6166,,-6.51638
57.8703,-213.776,-36.3795,,-6.32364
57.8803,-219.996,-36.1179,,-6.13126
57.8903,-226.014,-35.8575,,-5.92797
57.9003,-231.83,-35.5784,,-5.72223
57.9103,-237.44,-35.2817,,-5.51677
57.9203,-242.834,-34.9801,,-5.29473
57.9304,-248.011,-34.6602,,-5.08047
57.9404,-252.967,-34.3159,,-4.8498
57.9504,-257.691,-33.9572,,-4.62176
57.9604,-262.18,-33.5794,,-4.38146
57.9703,-266.437,-33.1653,,-4.15283
57.9803,-270.456,-32.7534,,-3.90858
57.9903,-274.23,-32.3041,,-3.66387
58.0003,-277.758,-31.8388,,-3.41771
58.0103,-281.036,-31.3266,,-3.16344
58.0203,-284.062,-30.7933,,-2.91094
58.0303,-286.829,-30.2015,,-2.65127
58.0403,-289.34,-29.5731,,-2.39528
58.0504,-291.588,-28.9102,,-2.12803
58.0604,-293.576,-28.1921,,-1.87295
58.0704,-295.3,-27.4043,,-1.60075
58.0804,-296.757,-26.5347,,-1.33906
58.0903,-297.949,-25.5868,,-1.07325
58.1003,-298.873,-24.5247,,-0.801188
58.1103,-299.529,-23.3359,,-0.537848
58.1203,-299.913,-22.0216,,-0.252419
58.1303,-300.017,-20.5251,,7.85E-03
58.1403,-299.867,-18.8354,,0.273011
58.1503,-299.445,-16.9146,,0.542165
58.1603,-298.751,-14.7327,,0.819094
58.1703,-297.784,-12.2637,,1.08729
58.1804,-296.553,-9.53901,,1.34938
58.1904,-295.056,-6.6078,,1.61647
58.2004,-293.293,-3.51069,,1.88357
58.2104,-291.264,-0.353833,,2.14877
58.2203,-288.971,2.78589,,2.40632
58.2303,-286.422,5.82823,,2.66748
58.2403,-283.614,8.74295,,2.92174
58.2503,-280.555,11.4825,,3.17455
58.2603,-277.238,14.0511,,3.43058
58.2703,-273.669,16.4359,,3.68058
58.2803,-269.856,18.6397,,3.9213
58.2903,-265.803,20.6756,,4.15963
58.3004,-261.511,22.5514,,4.40224
58.3104,-256.98,24.2528,,4.63712
58.3204,-252.213,25.8307,,4.86817
58.3304,-247.227,27.2611,,5.08276
58.3403,-242.021,28.549,,5.30914
58.3503,-236.591,29.7133,,5.52443
58.3603,-230.951,30.766,,5.73691
58.3703,-225.104,31.6936,,5.93463
58.3803,-219.056,32.5384,,6.14122
58.3903,-212.803,33.2957,,6.34082
58.4003,-206.365,33.9817,,6.51777
58.4103,-199.742,34.5929,,6.70985
58.4203,-192.932,35.1363,,6.88916
58.4304,-185.952,35.6291,,7.05622
58.4404,-178.802,36.0589,,7.22224
58.4504,-171.501,36.4458,,7.36651
58.4604,-164.045,36.7933,,7.53106
58.4703,-156.432,37.1117,,7.67607
58.4803,-148.682,37.3931,,7.81066
58.4903,-140.799,37.6407,,7.93952
58.5003,-132.79,37.8812,,8.06515
58.5103,-124.659,38.0641,,8.18272
58.5203,-116.417,38.2434,,8.29055
58.5303,-108.07,38.4057,,8.39035
58.5403,-99.6282,38.536,,8.48505
58.5504,-91.0931,38.6622,,8.57393
58.5604,-82.4763,38.771,,8.65021
58.5704,-73.788,38.8668,,8.71951
58.5804,-65.0324,38.946,,8.78399
58.5903,-56.217,39.0136,,8.83895
58.6003,-47.3519,39.0789,,8.88562
58.6103,-38.444,39.1141,,8.92468
58.6203,-29.5018,39.1506,,8.95562
58.6303,-20.5327,39.1808,,8.97914
58.6403,-11.545,39.1876,,8.99385
58.6503,-2.547,39.2045,,8.99945
58.6603,6.45311,39.2007,,8.99911
58.6703,15.4474,39.1932,,8.98946
58.6804,24.428,39.1699,,8.97241
58.6904,33.3862,39.1438,,8.9461
58.7004,42.315,39.1146,,8.91319
58.7104,51.2058,39.0558,,8.87061
58.7203,60.0494,39.007,,8.82048
58.7303,68.8396,38.9369,,8.76371
58.7403,77.5678,38.8641,,8.69872
58.7503,86.227,38.7867,,8.62658
58.7603,94.8095,38.7048,,8.54466
58.7703,103.304,38.6115,,8.45225
58.7803,111.704,38.5098,,8.3567
58.7903,120.006,38.3947,,8.25604
58.8004,128.201,38.2628,,8.14301
58.8104,136.28,38.13,,8.02621
58.8204,144.238,37.9918,,7.89931
58.8304,152.062,37.8413,,7.76419
58.8403,159.753,37.6941,,7.6272
58.8503,167.296,37.5273,,7.47514
58.8603,174.691,37.352,,7.32857
58.8703,181.931,37.1586,,7.16531
58.8803,189.005,36.9602,,6.99819
58.8903,195.909,36.7459,,6.82655
58.9003,202.639,36.528,,6.65002
58.9103,209.183,36.2988,,6.45756
58.9203,215.539,36.0608,,6.26959
58.9304,221.701,35.8051,,6.07378
58.9404,227.665,35.5379,,5.87404
58.9504,233.425,35.2543,,5.66542
58.9604,238.972,34.9557,,5.4523
58.9703,244.307,34.6497,,5.23586
58.9803,249.422,34.3187,,5.01035
58.9903,254.308,33.9675,,4.78884
59.0003,258.969,33.6058,,4.55721
59.0103,263.398,33.2175,,4.32332
59.0203,267.588,32.8167,,4.07985
59.0303,271.537,32.3819,,3.84331
59.0403,275.246,31.9312,,3.59389
59.0504,278.702,31.4485,,3.34388
59.0604,281.91,30.9302,,3.09832
59.0704,284.865,30.3806,,2.83547
59.0804,287.556,29.7888,,2.57533
59.0903,289.994,29.1545,,2.32265
59.1003,292.171,28.4649,,2.05873
59.1103,294.086,27.7168,,1.79626
59.1203,295.735,26.9101,,1.53006
59.1303,297.119,26.0174,,1.2625
59.1403,298.236,25.0403,,0.998139
59.1503,299.083,23.9659,,0.723803
59.1603,299.661,22.741,,0.458369
59.1703,299.966,21.3633,,0.172871
59.1804,299.998,19.8251,,-0.0734982
59.1904,299.777,18.0538,,-0.347763
59.2004,299.276,16.0483,,-0.624968
59.2104,298.504,13.7874,,-0.887928
59.2203,297.472,11.2564,,-1.15526
59.2303,296.164,8.47502,,-1.4269
59.2403,294.592,5.47907,,-1.69531
59.2503,292.75,2.3577,,-1.95937
59.2603,290.65,-0.811969,,-2.21331
59.2703,288.29,-3.95275,,-2.48398
59.2803,285.664,-6.95651,,-2.73883
59.2903,282.783,-9.82496,,-2.99705
59.3004,279.647,-12.5146,,-3.24956
59.3104,276.262,-15.0247,,-3.49788
59.3204,272.626,-17.3694,,-3.74493
59.3304,268.746,-19.5225,,-3.99253
59.3403,264.623,-21.5245,,-4.22905
59.3503,260.263,-23.3514,,-4.46563
59.3603,255.671,-25.0302,,-4.69166
59.3703,250.848,-26.5589,,-4.93126
59.3803,245.795,-27.9457,,-5.1513
59.3903,240.525,-29.2048,,-5.36931
59.4003,235.036,-30.3309,,-5.58494
59.4103,229.336,-31.3395,,-5.79457
59.4203,223.431,-32.2566,,-5.9964
59.4304,217.321,-33.0859,,-6.19901
59.4404,211.018,-33.8134,,-6.38768
59.4504,204.527,-34.4768,,-6.57373
59.4604,197.851,-35.0708,,-6.75892
59.4703,190.997,-35.5951,,-6.93078
59.4803,183.973,-36.0711,,-7.10385
59.4903,176.779,-36.4896,,-7.26222
59.5003,169.43,-36.8655,,-7.42172
59.5103,161.922,-37.2125,,-7.57533
59.5203,154.271,-37.5048,,-7.71218
59.5303,146.485,-37.7846,,-7.84699
59.5403,138.565,-38.0346,,-7.97713
59.5504,130.522,-38.2398,,-8.09724
59.5604,122.361,-38.4416,,-8.21181
59.5704,114.088,-38.6111,,-8.31923
59.5804,105.716,-38.7592,,-8.41776
59.5903,97.2442,-38.8885,,-8.51372
59.6003,88.6854,-39.0091,,-8.59426
59.6103,80.0479,-39.1164,,-8.67175
59.6203,71.3396,-39.1975,,-8.73721
59.6303,62.5675,-39.2805,,-8.80013
59.6403,53.7373,-39.3476,,-8.85286
59.6503,44.8593,-39.404,,-8.89692
59.6603,35.9413,-39.4457,,-8.93436
59.6703,26.9904,-39.4789,,-8.96336
59.6804,18.0154,-39.5032,,-8.98388
59.6904,9.02414,-39.5212,,-8.99583
59.7004,0.0247691,-39.5154,,-9.00038
59.7104,-8.97459,-39.5163,,-8.99766
59.7203,-17.9657,-39.4941,,-8.98487
59.7303,-26.9408,-39.4805,,-8.9659
59.7403,-35.8919,-39.449,,-8.9383
59.7503,-44.8106,-39.4104,,-8.90084
59.7603,-53.6887,-39.3684,,-8.85759
59.7703,-62.5188,-39.3135,,-8.80678
59.7803,-71.2925,-39.2488,,-8.74554
59.7903,-80.0013,-39.1716,,-8.67841
59.8004,-88.6397,-39.0868,,-8.60218
59.8104,-97.1955,-38.9906,,-8.51926
59.8204,-105.666,-38.8927,,-8.42848
59.8304,-114.041,-38.8021,,-8.33008
59.8403,-122.314,-38.6885,,-8.22564
59.8503,-130.478,-38.562,,-8.11246
59.8603,-138.524,-38.4328,,-7.98972
59.8703,-146.443,-38.2867,,-7.86116
59.8803,-154.233,-38.1124,,-7.72814
59.8903,-161.881,-37.9593,,-7.58394
59.9003,-169.385,-37.7881,,-7.43464
59.9103,-176.737,-37.6086,,-7.28405
59.9203,-183.931,-37.4312,,-7.12136
59.9304,-190.96,-37.2313,,-6.95247
59.9404,-197.812,-37.0133,,-6.77061
59.9504,-204.487,-36.7923,,-6.59828
59.9604,-210.986,-36.5446,,-6.41063
59.9703,-217.287,-36.3038,,-6.21357
59.9803,-223.395,-36.0437,,-6.02026
59.9903,-229.302,-35.7649,,-5.8129
60.0003,-234.546,-34.68,,-3.58517