0.0203652,30.7071,55.5753,,27.1077
0.0403848,90.5344,75.13,,30.07
0.0604043,150.126,70.9038,,29.6579
0.0804238,209.139,67.2306,,29.3429
0.100443,267.395,64.4158,,28.9194
0.120219,324.698,62.2289,,28.393
0.140238,380.826,60.4795,,27.7505
0.160258,435.58,58.9786,,27.0236
0.180277,488.769,57.6422,,26.1948
0.200297,540.205,56.4078,,25.2666
0.220316,589.686,55.2373,,24.254
0.240336,637.054,54.1098,,23.1574
0.260355,682.131,53.014,,21.9651
0.280375,724.75,51.9044,,20.7059
0.300395,764.726,50.7794,,19.3471
0.320414,802.007,49.6303,,17.9567
0.340434,836.377,48.4367,,16.4833
0.360453,867.741,47.1796,,14.9464
0.380229,895.977,45.8451,,13.3645
0.400248,921.003,44.4063,,11.7312
0.420268,942.689,42.8096,,10.0394
0.440287,960.993,41.0208,,8.34529
0.460307,975.846,38.9493,,6.58766
0.480326,987.181,36.4676,,4.82496
0.500346,994.96,33.3205,,3.04355
0.520365,999.162,29.0606,,1.25769
0.540385,999.778,22.8096,,-0.55687
0.560404,996.782,13.2982,,-2.34899
0.580424,990.211,0.792413,,-4.13369
0.600443,980.069,-11.6794,,-5.91819
0.620219,966.397,-22.0596,,-7.66174
0.640238,949.246,-30.1943,,-9.39375
0.660258,928.688,-36.2876,,-11.0759
0.680277,904.767,-40.6441,,-12.7486
0.700297,877.598,-43.6751,,-14.3361
0.720316,847.274,-45.7933,,-15.8999
0.740336,813.907,-47.2902,,-17.391
0.760355,777.608,-48.3526,,-18.8177
0.780375,738.513,-49.1207,,-20.1912
0.800395,696.766,-49.6969,,-21.4902
0.820414,652.484,-50.153,,-22.7041
0.840434,605.88,-50.4875,,-23.8419
0.860453,557.081,-50.735,,-24.8878
0.880229,506.287,-50.9269,,-25.8432
0.900248,453.664,-51.0659,,-26.7178
0.920268,399.413,-51.1546,,-27.4814
0.940287,343.726,-51.1972,,-28.1536
0.960307,286.805,-51.1871,,-28.723
0.980326,228.842,-51.1541,,-29.1982
1.00035,170.057,-51.0751,,-29.5523
1.02037,110.663,-50.9617,,-29.8107
1.04038,50.8698,-50.8094,,-29.9581
1.0604,-9.10614,-50.6276,,-29.9978
1.08042,-69.0495,-50.4055,,-29.9314
1.10044,-128.744,-50.1433,,-29.7539
1.12022,-187.974,-49.8549,,-29.4697
1.14024,-246.528,-49.5383,,-29.0897
1.16026,-304.201,-49.188,,-28.5891
1.18028,-360.772,-48.7903,,-27.9979
1.2003,-416.049,-48.3567,,-27.2956
1.22032,-469.821,-47.8876,,-26.5006
1.24034,-521.907,-47.3877,,-25.6121
1.26036,-572.11,-46.8432,,-24.6259
1.28038,-620.262,-46.2575,,-23.5627
1.30039,-666.179,-45.6201,,-22.4045
1.32041,-709.705,-44.9275,,-21.1654
1.34043,-750.692,-44.1829,,-19.8643
1.36045,-788.931,-43.3821,,-18.451
1.38023,-824.351,-42.506,,-17.0242
1.40025,-856.811,-41.55,,-15.5052
1.42027,-886.182,-40.4955,,-13.9329
1.44029,-912.371,-39.3272,,-12.3257
1.46031,-935.271,-38.0152,,-10.6612
1.48033,-954.809,-36.5137,,-8.94791
1.50035,-970.906,-34.7683,,-7.23042
1.52037,-983.512,-32.6705,,-5.46413
1.54038,-992.569,-30.0675,,-3.6784
1.5604,-998.069,-26.6095,,-1.8982
1.58042,-999.974,-21.665,,-0.102428
1.60044,-998.273,-14.2009,,1.70979
1.62022,-992.978,-3.65501,,3.4881
1.64024,-984.128,7.85073,,5.27982
1.66026,-971.716,17.6981,,7.04201
1.68028,-955.806,25.3212,,8.77182
1.7003,-936.474,30.9917,,10.4768
1.72032,-913.742,35.07,,12.1528
1.74034,-887.744,37.9702,,13.7596
1.76036,-858.552,40.0478,,15.3481
1.78038,-826.262,41.5713,,16.8544
1.80039,-791,42.707,,18.3199
1.82041,-752.885,43.5892,,19.7109
1.84043,-712.078,44.2925,,21.0277
1.86045,-668.703,44.8738,,22.2797
1.88023,-622.904,45.3653,,23.4351
1.90025,-574.886,45.7781,,24.5199
1.92027,-524.786,46.1219,,25.5158
1.94029,-472.803,46.401,,26.4076
1.96031,-419.117,46.632,,27.22
1.98033,-363.921,46.8123,,27.9236
2.00035,-307.413,46.9487,,28.5329
2.02037,-249.806,47.0437,,29.0346
2.04038,-191.295,47.0985,,29.439
2.0604,-132.095,47.1066,,29.73
2.08042,-72.4196,47.0697,,29.9174
2.10044,-12.4857,47.0037,,29.9953
2.12022,47.4942,46.8966,,29.9676
2.14024,107.303,46.7549,,29.8306
2.16026,166.725,46.5772,,29.5871
2.18028,225.549,46.3489,,29.2351
2.2003,283.557,46.0913,,28.7799
2.22032,340.546,45.7937,,28.2191
2.24034,396.309,45.4661,,27.5604
2.26036,450.649,45.0916,,26.8
2.28038,503.367,44.6659,,25.944
2.30039,554.276,44.2007,,24.9932
2.32041,603.184,43.6965,,23.9572
2.34043,649.916,43.1518,,22.8296
2.36045,694.332,42.5434,,21.614
2.38023,736.229,41.8751,,20.3281
2.40025,775.464,41.1459,,18.9818
2.42027,811.933,40.3579,,17.5482
2.44029,845.477,39.4832,,16.0542
2.46031,875.968,38.5177,,14.5041
2.48033,903.319,37.4465,,12.9154
2.50035,927.413,36.2394,,11.2679
2.52037,948.163,34.8685,,9.55826
2.54038,965.504,33.2829,,7.85664
2.5604,979.373,31.4029,,6.10716
2.58042,989.73,29.0882,,4.32973
2.60044,996.507,26.0756,,2.52944
2.62022,999.696,21.9222,,0.752991
2.64024,999.308,15.7267,,-1.0619
2.66026,995.293,6.56826,,-2.84795
2.68028,987.727,-4.50411,,-4.63481
2.7003,976.584,-14.6007,,-6.41152
2.72032,961.936,-22.504,,-8.14575
2.74034,943.824,-28.4159,,-9.87439
2.76036,922.31,-32.685,,-11.5521
2.78038,897.484,-35.7368,,-13.1915
2.80039,869.409,-37.9267,,-14.7917
2.82041,838.225,-39.5431,,-16.3089
2.84043,804.021,-40.7602,,-17.798
2.86045,766.922,-41.6983,,-19.221
2.88023,727.071,-42.4671,,-20.5639
2.90025,684.594,-43.0986,,-21.8316
2.92027,639.655,-43.6227,,-23.0326
2.94029,592.416,-44.0786,,-24.1406
2.96031,543.04,-44.4687,,-25.1636
2.98033,491.713,-44.7899,,-26.1009
3.00035,438.62,-45.0668,,-26.9386
3.02037,383.945,-45.3025,,-27.6823
3.04038,327.888,-45.4924,,-28.3267
3.0604,270.651,-45.6244,,-28.8625
3.08042,212.442,-45.7202,,-29.3069
3.10044,153.466,-45.7828,,-29.6363
3.12022,93.9365,-45.7955,,-29.8632
3.14024,34.0716,-45.7686,,-29.9796
3.16026,-25.9169,-45.7204,,-29.9899
3.18028,-85.8124,-45.6175,,-29.8928
3.2003,-145.4,-45.4684,,-29.6866
3.22032,-204.462,-45.2998,,-29.3741
3.24034,-262.788,-45.092,,-28.9577
3.26036,-320.173,-44.841,,-28.4336
3.28038,-376.397,-44.5409,,-27.8057
3.30039,-431.276,-44.2042,,-27.0896
3.32041,-484.598,-43.8324,,-26.2609
3.34043,-536.173,-43.4166,,-25.3461
3.36045,-585.817,-42.9555,,-24.3352
3.38023,-633.367,-42.4463,,-23.2452
3.40025,-678.624,-41.8883,,-22.0665
3.42027,-721.451,-41.2599,,-20.8017
3.44029,-761.672,-40.5765,,-19.4727
3.46031,-799.152,-39.8376,,-18.0717
3.48033,-833.754,-39.0286,,-16.5959
3.50035,-865.353,-38.1203,,-15.0722
3.52037,-893.846,-37.1003,,-13.4863
3.54038,-919.113,-35.9795,,-11.86
3.5604,-941.09,-34.7142,,-10.1926
3.58042,-959.666,-33.2337,,-8.46265
3.60044,-974.793,-31.4867,,-6.74215
3.62022,-986.408,-29.3851,,-4.96468
3.64024,-994.472,-26.7305,,-3.18496
3.66026,-998.958,-23.1271,,-1.38911
3.68028,-999.865,-17.8888,,0.397415
3.7003,-997.165,-10.0224,,2.21076
3.72032,-990.855,0.417298,,4.00032
3.74034,-981.004,10.8665,,5.77164
3.76036,-967.602,19.3312,,7.53098
3.78038,-950.739,25.6921,,9.24322
3.80039,-930.445,30.3324,,10.958
3.82041,-906.79,33.6563,,12.6075
3.84043,-879.884,36.0369,,14.2097
3.86045,-849.814,37.7834,,15.7736
3.88023,-816.675,39.0952,,17.2768
3.90025,-780.613,40.1051,,18.6946
3.92027,-741.735,40.9113,,20.1069
3.94029,-700.171,41.5775,,21.3877
3.96031,-656.105,42.1405,,22.6066
3.98033,-609.673,42.6293,,23.7507
4.00035,-561.048,43.0457,,24.8056
4.02037,-510.4,43.3982,,25.777
4.04038,-457.919,43.6995,,26.6493
4.0604,-403.787,43.9553,,27.4277
4.08042,-348.206,44.1639,,28.1017
4.10044,-291.37,44.3316,,28.6899
4.12022,-233.485,44.4535,,29.154
4.14024,-174.764,44.5395,,29.5306
4.16026,-115.409,44.5793,,29.7926
4.18028,-55.6415,44.5744,,29.9502
4.2003,4.32841,44.5432,,29.9985
4.22032,64.2817,44.4673,,29.9402
4.24034,124.005,44.3594,,29.7735
4.26036,183.281,44.2113,,29.4991
4.28038,241.896,44.0202,,29.1175
4.30039,299.641,43.7878,,28.6359
4.32041,356.311,43.5257,,28.0447
4.34043,411.695,43.2273,,27.3621
4.36045,465.602,42.8782,,26.5656
4.38023,517.834,42.479,,25.6873
4.40025,568.19,42.0489,,24.7109
4.42027,616.514,41.5693,,23.6453
4.44029,662.609,41.0368,,22.4964
4.46031,706.32,40.4499,,21.2645
4.48033,747.501,39.8091,,19.9662
4.50035,785.988,39.0981,,18.5778
4.52037,821.635,38.3131,,17.1376
4.54038,854.338,37.4554,,15.6277
4.5604,883.953,36.5015,,14.0546
4.58042,910.398,35.4319,,12.4581
4.60044,933.558,34.2222,,10.7884
4.62022,953.364,32.8477,,9.096
4.64024,969.755,31.2357,,7.36405
4.66026,982.638,29.3045,,5.61479
4.68028,991.994,26.9003,,3.82384
4.7003,997.757,23.7287,,2.03365
4.72032,999.962,19.2568,,0.244712
4.74034,998.534,12.519,,-1.57171
4.76036,993.526,2.96101,,-3.34706
4.78038,984.96,-7.65482,,-5.12636
4.80039,972.834,-16.7335,,-6.90483
4.82041,957.201,-23.6365,,-8.6408
4.84043,938.132,-28.7135,,-10.3391
4.86045,915.681,-32.3637,,-12.016
4.88023,889.937,-34.9749,,-13.6486
4.90025,860.979,-36.8807,,-15.2201
4.92027,828.95,-38.3075,,-16.7263
4.94029,793.913,-39.3981,,-18.2121
4.96031,756.013,-40.2705,,-19.5976
4.98033,715.418,-40.9795,,-20.9265
5.00035,672.251,-41.5745,,-22.181
5.02037,626.646,-42.0834,,-23.3494
5.04038,578.788,-42.5217,,-24.4363
5.0604,528.85,-42.8978,,-25.4356
5.08042,477.01,-43.2282,,-26.3446
5.10044,423.446,-43.5003,,-27.1593
5.12022,368.364,-43.735,,-27.8729
5.14024,311.958,-43.9272,,-28.4871
5.16026,254.431,-44.0687,,-28.9971
5.18028,195.983,-44.1675,,-29.4109
5.2003,136.83,-44.2317,,-29.7108
5.22032,77.1833,-44.2628,,-29.9065
5.24034,17.2632,-44.2532,,-29.9931
5.26036,-42.7208,-44.1965,,-29.9736
5.28038,-102.551,-44.1044,,-29.8442
5.30039,-162.012,-43.9838,,-29.6087
5.32041,-220.889,-43.8226,,-29.268
5.34043,-278.97,-43.6171,,-28.8211
5.36045,-336.053,-43.3761,,-28.2716
5.38023,-391.925,-43.0936,,-27.6148
5.40025,-446.379,-42.7666,,-26.8626
5.42027,-499.233,-42.3998,,-26.0176
5.44029,-550.294,-41.9906,,-25.0764
5.46031,-599.373,-41.5398,,-24.0381
5.48033,-646.284,-41.0394,,-22.9161
5.50035,-690.872,-40.4694,,-21.7211
5.52037,-732.987,-39.86,,-20.4364
5.54038,-772.449,-39.192,,-19.0883
5.5604,-809.142,-38.4444,,-17.6609
5.58042,-842.913,-37.6184,,-16.1792
5.60044,-873.669,-36.7118,,-14.6423
5.62022,-901.268,-35.7055,,-13.0271
5.64024,-925.611,-34.5529,,-11.395
5.66026,-946.64,-33.2476,,-9.70796
5.68028,-964.256,-31.751,,-7.9935
5.7003,-978.409,-29.9653,,-6.24085
5.72032,-989.024,-27.7578,,-4.46127
5.74034,-996.091,-24.9319,,-2.68627
5.76036,-999.574,-21.0527,,-0.892085
5.78038,-999.466,-15.3156,,0.914032
5.80039,-995.745,-6.81078,,2.70932
5.82041,-988.451,3.65214,,4.49779
5.84043,-977.607,13.3457,,6.26103
5.86045,-963.227,20.9159,,8.02376
5.88023,-945.387,26.5223,,9.72794
5.90025,-924.15,30.5742,,11.4195
5.92027,-899.566,33.4809,,13.0682
5.94029,-871.762,35.583,,14.6504
5.96031,-840.833,37.1372,,16.1905
5.98033,-806.863,38.3244,,17.6911
6.00035,-770.005,39.2522,,19.1025
6.02037,-730.34,40.0038,,20.4637
6.04038,-688.066,40.6372,,21.7402
6.0604,-643.311,41.17,,22.9377
6.08042,-596.257,41.6367,,24.0522
6.10044,-547.05,42.0355,,25.0859
6.12022,-495.873,42.3852,,26.0274
6.14024,-442.914,42.6789,,26.8796
6.16026,-388.348,42.9198,,27.6257
6.18028,-332.401,43.1313,,28.2786
6.2003,-275.245,43.2934,,28.8268
6.22032,-217.111,43.4175,,29.2734
6.24034,-158.185,43.4999,,29.6143
6.26036,-98.6935,43.5354,,29.8477
6.28038,-38.8465,43.5398,,29.9753
6.30039,21.1407,43.5098,,29.9929
6.32041,81.0522,43.4375,,29.9049
6.34043,140.67,43.322,,29.7056
6.36045,199.781,43.1712,,29.4022
6.38023,258.172,42.9911,,28.9951
6.40025,315.641,42.771,,28.4769
6.42027,371.967,42.4994,,27.864
6.44029,426.956,42.2016,,27.146
6.46031,480.411,41.8548,,26.3327
6.48033,532.134,41.4631,,25.423
6.50035,581.946,41.0281,,24.42
6.52037,629.664,40.5411,,23.341
6.54038,675.101,40.0143,,22.1478
6.5604,718.131,39.433,,20.9177
6.58042,758.583,38.778,,19.5853
6.60044,796.275,38.0644,,18.176
6.62022,831.112,37.2737,,16.7211
6.64024,862.955,36.4011,,15.192
6.66026,891.686,35.4316,,13.6109
6.68028,917.224,34.3484,,11.9925
6.7003,939.468,33.1165,,10.3301
6.72032,958.308,31.6954,,8.6026
6.74034,973.708,30.0239,,6.87181
6.76036,985.598,28.0164,,5.10884
6.78038,993.96,25.4748,,3.32607
6.80039,998.732,22.0471,,1.54671
6.82041,999.93,17.1193,,-0.265139
6.84043,997.497,9.72514,,-2.06335
6.86045,991.496,-0.225421,,-3.85743
6.88023,981.917,-10.3974,,-5.62789
6.90025,968.805,-18.657,,-7.39356
6.92027,952.196,-24.8341,,-9.11776
6.94029,932.178,-29.3274,,-10.8155
6.96031,908.801,-32.5484,,-12.4769
6.98033,882.143,-34.8796,,-14.0914
7.00035,852.304,-36.5856,,-15.6566
7.02037,819.426,-37.8788,,-17.1407
7.04038,783.579,-38.8882,,-18.6305
7.0604,744.906,-39.6947,,-19.9552
7.08042,703.578,-40.3631,,-21.2937
7.10044,659.696,-40.932,,-22.5192
7.12022,613.445,-41.4215,,-23.6587
7.14024,564.993,-41.8359,,-24.7225
7.16026,514.507,-42.1963,,-25.6999
7.18028,462.162,-42.5164,,-26.5849
7.2003,408.156,-42.7905,,-27.3668
7.22032,352.682,-43.0122,,-28.0536
7.24034,295.939,-43.1887,,-28.6421
7.26036,238.13,-43.3288,,-29.1283
7.28038,179.465,-43.4335,,-29.5031
7.30039,120.152,-43.489,,-29.7752
7.32041,60.4102,-43.5078,,-29.941
7.34043,0.450166,-43.4938,,-29.9991
7.36045,-59.5134,-43.4475,,-29.9486
7.38023,-119.262,-43.3565,,-29.7896
7.40025,-178.582,-43.2158,,-29.5271
7.42027,-237.262,-43.0513,,-29.1541
7.44029,-295.08,-42.8564,,-28.6742
7.46031,-351.844,-42.6134,,-28.0966
7.48033,-407.336,-42.3158,,-27.4124
7.50035,-461.36,-41.9938,,-26.636
7.52037,-513.737,-41.6286,,-25.7629
7.54038,-564.253,-41.2138,,-24.796
7.5604,-612.743,-40.7578,,-23.7287
7.58042,-659.024,-40.2488,,-22.5931
7.60044,-702.937,-39.679,,-21.3696
7.62022,-744.307,-39.0557,,-20.0419
7.64024,-783.006,-38.3759,,-18.7176
7.66026,-818.909,-37.6307,,-17.2566
7.68028,-851.845,-36.7908,,-15.7436
7.7003,-881.71,-35.8561,,-14.191
7.72032,-908.421,-34.8242,,-12.5896
7.74034,-931.85,-33.6596,,-10.9176
7.76036,-951.928,-32.3227,,-9.23284
7.78038,-968.577,-30.746,,-7.5021
7.80039,-981.729,-28.8863,,-5.74465
7.82041,-991.37,-26.568,,-3.97027
7.84043,-997.429,-23.5379,,-2.18644
7.86045,-999.918,-19.2694,,-0.3795
7.88023,-998.783,-12.9048,,1.41753
7.90025,-994.06,-3.78351,,3.21082
7.92027,-985.764,6.58097,,4.9972
7.94029,-973.912,15.5721,,6.7633
7.96031,-958.581,22.4162,,8.48602
7.98033,-939.774,27.4385,,10.2154
8.00035,-917.588,31.0429,,11.8845
8.02036,-892.096,33.6355,,13.5109
8.04038,-863.417,35.5337,,15.0944
8.0604,-831.603,36.9543,,16.6284
8.08042,-796.811,38.0374,,18.086
8.10044,-759.147,38.8996,,19.4891
8.12022,-718.744,39.6128,,20.8301
8.14024,-675.78,40.2123,,22.0741
8.16026,-630.365,40.7232,,23.2622
8.18028,-582.674,41.166,,24.3569
8.2003,-532.899,41.5514,,25.356
8.22032,-481.202,41.8886,,26.2768
8.24034,-427.773,42.1596,,27.0968
8.26035,-372.805,42.4022,,27.8172
8.28037,-316.5,42.6073,,28.4421
8.30039,-259.045,42.7568,,28.9669
8.32041,-200.661,42.8705,,29.3808
8.34043,-141.559,42.9429,,29.6891
8.36045,-81.9473,42.9797,,29.8939
8.38023,-22.0399,42.9782,,29.9904
8.40025,37.947,42.9359,,29.9785
8.42027,97.7978,42.8649,,29.8613
8.44029,157.297,42.7491,,29.633
8.46031,216.228,42.5992,,29.2931
8.48033,274.383,42.4026,,28.867
8.50035,331.553,42.1755,,28.3137
8.52036,387.519,41.9075,,27.6712
8.54038,442.098,41.5938,,26.9262
8.5604,495.086,41.2472,,26.0871
8.58042,546.291,40.8502,,25.1492
8.60044,595.532,40.4052,,24.128
8.62022,642.623,39.9145,,23.012
8.64024,687.413,39.3768,,21.8176
8.66026,729.726,38.7881,,20.5614
8.68028,769.431,38.1177,,19.174
8.7003,806.312,37.3872,,17.7814
8.72032,840.329,36.591,,16.2954
8.74034,871.319,35.7047,,14.7645
8.76035,899.181,34.7045,,13.167
8.78037,923.795,33.5874,,11.5236
8.80039,945.087,32.3284,,9.8397
8.82041,962.974,30.8586,,8.13299
8.84043,977.405,29.1128,,6.38137
8.86045,988.315,26.9889,,4.6066
8.88023,995.656,24.2704,,2.83064
8.90025,999.432,20.5434,,1.03681
8.92027,999.611,15.0689,,-0.769433
8.94029,996.184,6.94913,,-2.56874
8.96031,989.168,-3.25485,,-4.35663
8.98033,978.587,-12.8811,,-6.12977
9.00035,964.508,-20.4238,,-7.86955
9.02036,946.929,-25.9952,,-9.61005
9.04038,925.947,-30.0195,,-11.2815
9.0604,901.656,-32.9194,,-12.9246
9.08042,874.096,-35.0163,,-14.5383
9.10044,843.398,-36.5693,,-16.0796
9.12022,809.669,-37.7634,,-17.5659
9.14024,773.041,-38.6998,,-18.9837
9.16026,733.602,-39.4567,,-20.3644
9.18028,691.527,-40.0906,,-21.6401
9.2003,646.974,-40.6337,,-22.8412
9.22032,600.087,-41.0948,,-23.9727
9.24034,551.038,-41.4964,,-25.0105
9.26035,500.012,-41.8529,,-25.9547
9.28037,447.183,-42.1551,,-26.8093
9.30039,392.749,-42.4041,,-27.5694
9.32041,336.905,-42.6244,,-28.2301
9.34043,279.844,-42.8007,,-28.7861
9.36045,221.77,-42.9293,,-29.2454
9.38023,162.899,-43.0161,,-29.5902
9.40025,103.448,-43.0682,,-29.8331
9.42027,43.6195,-43.0941,,-29.9697
9.44029,-16.3635,-43.0698,,-29.995
9.46031,-76.2877,-43.0036,,-29.9153
9.48033,-135.938,-42.9073,,-29.7257
9.50035,-195.097,-42.7729,,-29.4288
9.52036,-253.56,-42.6038,,-29.0328
9.54038,-311.101,-42.3941,,-28.5238
9.5604,-367.53,-42.1379,,-27.9165
9.58042,-422.629,-41.8433,,-27.2025
9.60044,-476.213,-41.5097,,-26.4017
9.62022,-528.084,-41.1374,,-25.5031
9.64024,-578.059,-40.7172,,-24.504
9.66026,-625.945,-40.2501,,-23.4253
9.68028,-671.582,-39.7247,,-22.2501
9.7003,-714.788,-39.1495,,-21.0114
9.72032,-755.432,-38.519,,-19.6827
9.74034,-793.366,-37.8205,,-18.3068
9.76035,-828.441,-37.0491,,-16.8372
9.78037,-860.533,-36.2008,,-15.3183
9.80039,-889.537,-35.2553,,-13.7543
9.82041,-915.322,-34.1865,,-12.1099
9.84043,-937.803,-32.9728,,-10.4481
9.86045,-956.925,-31.5956,,-8.74916
9.88023,-972.613,-29.9718,,-7.01395
9.90025,-984.783,-28.0001,,-5.25194
9.92027,-993.426,-25.5278,,-3.47234
9.94029,-998.491,-22.2391,,-1.681
9.96031,-999.957,-17.5235,,0.132336
9.98033,-997.814,-10.4544,,1.91505
10.0003,-992.099,-0.794691,,3.70629
10.0204,-982.808,9.30229,,5.49445
10.0404,-969.972,17.5994,,7.24545
10.0604,-953.646,23.8128,,8.98802
10.0804,-933.895,28.3401,,10.6762
10.1004,-910.779,31.5866,,12.3465
10.1202,-884.386,33.9301,,13.9642
10.1402,-854.81,35.6595,,15.5206
10.1603,-822.155,36.9595,,17.0435
10.1803,-786.54,37.9704,,18.5045
10.2003,-748.091,38.7801,,19.8559
10.2203,-706.969,39.45,,21.1815
10.2403,-663.288,40.0193,,22.4224
10.2604,-617.214,40.5079,,23.5831
10.2804,-568.927,40.9387,,24.6382
10.3004,-518.601,41.3085,,25.6274
10.3204,-466.39,41.6264,,26.5187
10.3404,-412.514,41.8888,,27.3058
10.3605,-357.149,42.1245,,28.0043
10.3802,-300.498,42.3121,,28.6002
10.4002,-242.767,42.4534,,29.0908
10.4203,-184.162,42.5605,,29.4762
10.4403,-124.899,42.6318,,29.7577
10.4603,-65.1804,42.6555,,29.932
10.4803,-5.22807,42.6399,,29.9992
10.5003,54.7431,42.5936,,29.9559
10.5204,114.515,42.5154,,29.8065
10.5404,173.877,42.3957,,29.5501
10.5604,232.608,42.228,,29.1832
10.5804,290.511,42.0299,,28.722
10.6004,347.369,41.8021,,28.1482
10.6202,402.971,41.5209,,27.4729
10.6402,457.12,41.1948,,26.701
10.6603,509.63,40.8381,,25.8347
10.6803,560.303,40.4392,,24.8688
10.7003,608.954,39.9835,,23.8205
10.7203,655.417,39.4785,,22.6838
10.7403,699.532,38.9359,,21.4773
10.7604,741.129,38.328,,20.1875
10.7804,780.053,37.647,,18.7926
10.8004,816.156,36.9013,,17.3654
10.8204,849.328,36.0821,,15.8737
10.8404,879.458,35.1786,,14.3218
10.8605,906.412,34.1554,,12.7011
10.8802,930.094,32.9977,,11.0539
10.9002,950.451,31.688,,9.3732
10.9203,967.369,30.165,,7.64385
10.9403,980.815,28.3443,,5.88431
10.9603,990.741,26.0779,,4.11925
10.9803,997.079,23.1396,,2.31087
11.0003,999.84,19.0464,,0.5407
11.0204,999.013,12.9444,,-1.27658
11.0404,994.571,4.1106,,-3.07394
11.0604,986.556,-6.13972,,-4.85479
11.0804,974.993,-15.1569,,-6.61348
11.1004,959.917,-22.0418,,-8.37042
11.1202,941.389,-27.0953,,-10.0684
11.1402,919.479,-30.7243,,-11.7516
11.1603,894.257,-33.3364,,-13.3845
11.1803,865.805,-35.2515,,-14.9732
11.2003,834.253,-36.6868,,-16.5018
11.2203,799.683,-37.7828,,-17.979
11.2403,762.26,-38.6565,,-19.3731
11.2604,722.067,-39.3778,,-20.7218
11.2804,679.3,-39.9823,,-21.9783
11.3004,634.075,-40.4933,,-23.1715
11.3204,586.551,-40.9382,,-24.2774
11.3404,536.935,-41.3313,,-25.2811
11.3605,485.382,-41.6673,,-26.2092
11.3802,432.084,-41.9576,,-27.0291
11.4002,377.234,-42.2039,,-27.7699
11.4203,321.025,-42.4061,,-28.395
11.4403,263.658,-42.5697,,-28.924
11.4603,205.343,-42.6884,,-29.3519
11.4803,146.289,-42.7709,,-29.6701
11.5003,86.7084,-42.8139,,-29.8821
11.5204,26.8162,-42.8254,,-29.9876
11.5404,-33.1725,-42.7932,,-29.9834
11.5604,-93.0432,-42.726,,-29.874
11.5804,-152.576,-42.6193,,-29.6538
11.6004,-211.564,-42.471,,-29.3326
11.6202,-269.789,-42.2919,,-28.896
11.6402,-327.04,-42.0791,,-28.3623
11.6603,-383.113,-41.8214,,-27.7266
11.6803,-437.811,-41.5145,,-26.9924
11.7003,-490.933,-41.167,,-26.1559
11.7203,-542.286,-40.7832,,-25.2266
11.7403,-591.693,-40.3602,,-24.2159
11.7604,-638.966,-39.8828,,-23.1015
11.7804,-683.943,-39.345,,-21.9195
11.8004,-726.45,-38.7534,,-20.6458
11.8204,-766.355,-38.1096,,-19.3044
11.8404,-803.485,-37.3999,,-17.8892
11.8605,-837.731,-36.617,,-16.4219
11.8802,-868.97,-35.7296,,-14.8822
11.9002,-897.074,-34.7583,,-13.2951
11.9203,-921.955,-33.6655,,-11.6542
11.9403,-943.514,-32.4196,,-9.98084
11.9603,-961.669,-30.9734,,-8.2684
11.9803,-976.386,-29.2649,,-6.52002
12.0003,-987.572,-27.1912,,-4.754
12.0204,-995.203,-24.5456,,-2.96238
12.0404,-999.26,-20.9426,,-1.18379
12.0604,-999.719,-15.6936,,0.629332
12.0804,-996.575,-7.86466,,2.42489
12.1004,-989.85,2.16023,,4.20873
12.1202,-979.571,11.823,,5.9885
12.1402,-965.744,19.4612,,7.73777
12.1603,-948.45,25.1189,,9.46473
12.1803,-927.754,29.2149,,11.1478
12.2003,-903.712,32.1469,,12.8044
12.2203,-876.407,34.281,,14.4101
12.2403,-845.958,35.8653,,15.9499
12.2604,-812.462,37.0682,,17.4569
12.2804,-776.024,38.0124,,18.9033
12.3004,-736.833,38.7706,,20.2219
12.3204,-694.97,39.4094,,21.5452
12.3404,-650.606,39.9551,,22.7486
12.3605,-603.902,40.4237,,23.8849
12.3802,-555.023,40.8349,,24.9305
12.4002,-504.147,41.1888,,25.8803
12.4203,-451.459,41.4906,,26.7489
12.4403,-397.137,41.7508,,27.5189
12.4603,-341.394,41.9723,,28.1753
12.4803,-284.424,42.1497,,28.7478
12.5003,-226.426,42.279,,29.2116
12.5204,-167.613,42.3735,,29.5658
12.5404,-108.198,42.4367,,29.8182
12.5604,-48.393,42.4514,,29.9616
12.5804,11.5862,42.4296,,29.9976
12.6004,71.5238,42.3743,,29.9265
12.6202,131.205,42.2886,,29.7442
12.6402,190.41,42.1532,,29.461
12.6603,248.936,41.9864,,29.0645
12.6803,306.557,41.7759,,28.5657
12.7003,363.083,41.5275,,27.9736
12.7203,418.299,41.2492,,27.2605
12.7403,472.007,40.9212,,26.4693
12.7604,524.021,40.5441,,25.5745
12.7804,574.142,40.1248,,24.5832
12.8004,622.206,39.6667,,23.514
12.8204,668.024,39.1619,,22.3607
12.8404,711.452,38.5949,,21.1021
12.8605,752.271,37.9633,,19.7754
12.8802,790.432,37.2769,,18.434
12.9002,825.745,36.5167,,16.9532
12.9203,858.082,35.6689,,15.4535
12.9403,887.335,34.7365,,13.863
12.9603,913.384,33.6887,,12.2576
12.9803,936.144,32.5005,,10.5798
13.0003,955.524,31.1297,,8.88937
13.0204,971.498,29.5327,,7.14975
13.0404,983.949,27.6191,,5.39576
13.0604,992.876,25.2135,,3.61101
13.0804,998.214,22.0114,,1.82381
13.1004,999.974,17.4668,,0.0180209
13.1202,998.123,10.6553,,-1.7766
13.1402,992.688,1.22308,,-3.56584
13.1603,983.679,-8.86777,,-5.35615
13.1803,971.119,-17.2533,,-7.10891
13.2003,955.076,-23.5416,,-8.83636
13.2203,935.591,-28.1217,,-10.5594
13.2403,912.73,-31.4143,,-12.2144
13.2604,886.591,-33.7943,,-13.8351
13.2804,857.267,-35.5431,,-15.4079
13.3004,824.856,-36.8654,,-16.9134
13.3204,789.485,-37.8836,,-18.3734
13.3404,751.266,-38.7133,,-19.7675
13.3605,710.342,-39.3932,,-21.0803
13.3802,666.862,-39.9662,,-22.3244
13.4002,620.97,-40.4589,,-23.4892
13.4203,572.847,-40.8882,,-24.5673
13.4403,522.673,-41.2627,,-25.5459
13.4603,470.614,-41.585,,-26.4473
13.4803,416.866,-41.8564,,-27.2476
13.5003,361.61,-42.1004,,-27.9541
13.5204,305.052,-42.2951,,-28.5584
13.5404,247.4,-42.4371,,-29.0476
13.5604,188.862,-42.5512,,-29.4545
13.5804,129.636,-42.6264,,-29.7416
13.6004,69.9453,-42.6614,,-29.9217
13.6202,10.0053,-42.655,,-29.9973
13.6402,-49.9719,-42.6164,,-29.9632
13.6603,-109.769,-42.5461,,-29.8223
13.6803,-169.172,-42.428,,-29.5759
13.7003,-227.969,-42.2707,,-29.2227
13.7203,-285.94,-42.0857,,-28.7542
13.7403,-342.883,-41.8622,,-28.1956
13.7604,-398.588,-41.5861,,-27.528
13.7804,-452.864,-41.2687,,-26.7677
13.8004,-505.507,-40.9223,,-25.9092
13.8204,-556.342,-40.5321,,-24.9544
13.8404,-605.165,-40.0898,,-23.9067
13.8605,-651.804,-39.5938,,-22.7768
13.8802,-696.115,-39.0495,,-21.5736
13.9002,-737.906,-38.4466,,-20.2878
13.9203,-777.055,-37.7831,,-18.9001
13.9403,-813.386,-37.0577,,-17.4941
13.9603,-846.799,-36.2474,,-15.9879
13.9803,-877.162,-35.3463,,-14.4439
14.0003,-904.377,-34.3403,,-12.8395
14.0204,-928.336,-33.2086,,-11.1955
14.0404,-948.956,-31.9177,,-9.50236
14.0604,-966.16,-30.4132,,-7.77948
14.0804,-979.872,-28.618,,-6.02494
14.1004,-990.069,-26.4094,,-4.26018
14.1202,-996.72,-23.5574,,-2.47054
14.1402,-999.764,-19.5896,,-0.665212
14.1603,-999.201,-13.7177,,1.13427
14.1803,-995.051,-5.14483,,2.92981
14.2003,-987.338,5.02225,,4.705
14.2203,-976.047,14.1534,,6.4832
14.2403,-961.25,21.1693,,8.21888
14.2604,-942.996,26.3268,,9.94735
14.2804,-921.34,30.0356,,11.6196
14.3004,-896.384,32.6958,,13.246
14.3204,-868.187,34.6555,,14.8603
14.3404,-836.879,36.1129,,16.3651
14.3605,-802.552,37.227,,17.8697
14.3802,-765.323,38.1113,,19.2811
14.4002,-725.355,38.8311,,20.6082
14.4203,-682.786,39.4411,,21.8897
14.4403,-637.756,39.9593,,23.0702
14.4603,-590.418,40.4179,,24.1884
14.4803,-540.958,40.8107,,25.2063
14.5003,-489.559,41.1439,,26.1368
14.5204,-436.386,41.4339,,26.9738
14.5404,-381.658,41.6871,,27.707
14.5604,-325.542,41.8908,,28.3552
14.5804,-268.262,42.0522,,28.8834
14.6004,-210.015,42.1818,,29.3213
14.6202,-151.014,42.2691,,29.6482
14.6402,-91.4671,42.3087,,29.869
14.6603,-31.5917,42.3179,,29.9826
14.6803,28.3966,42.2949,,29.9878
14.7003,88.2837,42.2317,,29.8866
14.7203,147.852,42.1222,,29.6752
14.7403,206.893,41.9815,,29.3605
14.7604,265.175,41.8127,,28.9345
14.7804,322.519,41.5949,,28.4118
14.8004,378.697,41.3341,,27.7835
14.8204,433.512,41.0363,,27.0514
14.8404,486.769,40.7079,,26.2257
14.8605,538.263,40.3252,,25.3037
14.8802,587.836,39.8804,,24.2992
14.9002,635.279,39.4128,,23.1898
14.9203,680.439,38.8996,,22.0179
14.9403,723.161,38.3205,,20.7528
14.9603,763.258,37.6701,,19.4129
14.9803,800.635,36.9612,,18.0032
15.0003,835.119,36.1867,,16.5514
15.0204,866.603,35.3167,,14.9987
15.0404,894.946,34.3489,,13.4147
15.0604,920.09,33.2691,,11.7975
15.0804,941.914,32.0404,,10.1094
15.1004,960.357,30.6175,,8.41065
15.1202,975.345,28.9468,,6.65831
15.1402,986.81,26.9167,,4.89789
15.1603,994.731,24.3286,,3.10873
15.1803,999.076,20.8336,,1.3229
15.2003,999.825,15.7696,,-0.484851
15.2203,996.963,8.20415,,-2.28053
15.2403,990.522,-1.6905,,-4.077
15.2604,980.5,-11.4313,,-5.84568
15.2804,966.98,-19.1681,,-7.59228
15.3004,949.963,-24.9116,,-9.32332
15.3204,929.53,-29.085,,-11.0231
15.3404,905.744,-32.0787,,-12.6701
15.3605,878.701,-34.2442,,-14.2854
15.3802,848.496,-35.8481,,-15.8353
15.4002,815.236,-37.0809,,-17.3363
15.4203,779.054,-38.0361,,-18.7693
15.4403,740.055,-38.8062,,-20.1418
15.4603,698.397,-39.4568,,-21.4427
15.4803,654.219,-40.0105,,-22.6589
15.5003,607.701,-40.484,,-23.7955
15.5204,558.986,-40.8906,,-24.8504
15.5404,508.26,-41.2489,,-25.8071
15.5604,455.716,-41.5657,,-26.6796
15.5804,401.524,-41.8294,,-27.4596
15.6004,345.88,-42.0501,,-28.1332
15.6202,289,-42.2349,,-28.7074
15.6402,231.075,-42.3796,,-29.1719
15.6603,172.322,-42.4787,,-29.5439
15.6803,112.946,-42.5319,,-29.8027
15.7003,53.1629,-42.5623,,-29.9539
15.7203,-6.8086,-42.5618,,-29.9985
15.7403,-66.7571,-42.5049,,-29.935
15.7604,-126.466,-42.4167,,-29.7637
15.7804,-185.719,-42.2896,,-29.4851
15.8004,-244.305,-42.1371,,-29.1021
15.8204,-302.008,-41.9373,,-28.6083
15.8404,-358.621,-41.6916,,-28.0194
15.8605,-413.949,-41.4147,,-27.3271
15.8802,-467.79,-41.0907,,-26.5374
15.9002,-519.947,-40.7264,,-25.6458
15.9203,-570.225,-40.3247,,-24.669
15.9403,-618.467,-39.8753,,-23.6081
15.9603,-664.467,-39.3639,,-22.4467
15.9803,-708.081,-38.7932,,-21.2084
16.0003,-749.158,-38.1849,,-19.9167
16.0204,-787.519,-37.5132,,-18.5119
16.0404,-823.047,-36.7557,,-17.0723
16.0604,-855.617,-35.9238,,-15.5617
16.0804,-885.111,-34.9982,,-14.0078
16.1004,-911.43,-33.9658,,-12.3811
16.1202,-934.465,-32.7911,,-10.7304
16.1402,-954.136,-31.4433,,-9.01075
16.1603,-970.353,-29.8716,,-7.29764
16.1803,-983.091,-27.9831,,-5.52705
16.2003,-992.291,-25.6298,,-3.75424
16.2203,-997.925,-22.5218,,-1.96198
16.2403,-999.969,-18.126,,-0.174896
16.2604,-998.409,-11.553,,1.63698
16.2804,-993.253,-2.32441,,3.43367
16.3004,-984.519,7.77174,,5.20445
16.3204,-972.252,16.3105,,6.97516
16.3404,-956.478,22.7448,,8.70448
16.3605,-937.263,27.4381,,10.4153
16.3802,-914.696,30.8075,,12.0819
16.4002,-888.794,33.2446,,13.7085
16.4203,-859.728,35.0362,,15.2864
16.4403,-827.559,36.3776,,16.7907
16.4603,-792.408,37.4175,,18.2645
16.4803,-754.432,38.2576,,19.657
16.5003,-713.692,38.935,,20.9796
16.5204,-670.412,39.5115,,22.2335
16.5404,-624.716,40.0166,,23.3926
16.5604,-576.767,40.4585,,24.4863
16.5804,-526.739,40.826,,25.477
16.6004,-474.824,41.1508,,26.3769
16.6202,-421.198,41.4375,,27.194
16.6402,-366.058,41.6683,,27.8971
16.6603,-309.604,41.8665,,28.5076
16.6803,-252.031,42.017,,29.021
16.7003,-193.549,42.134,,29.4233
16.7203,-134.374,42.2064,,29.7208
16.7403,-74.7118,42.2433,,29.9128
16.7604,-14.7825,42.2473,,29.9949
16.7804,45.1999,42.2001,,29.9705
16.8004,105.02,42.1324,,29.838
16.8204,164.459,42.0229,,29.5958
16.8404,223.31,41.8677,,29.2523
16.8605,281.352,41.678,,28.7994
16.8802,338.389,41.4539,,28.2435
16.9002,394.201,41.1925,,27.591
16.9203,448.603,40.8862,,26.8306
16.9403,501.38,40.5293,,25.9758
16.9603,552.363,40.1328,,25.0343
16.9803,601.352,39.6979,,23.9929
17.0003,648.176,39.2133,,22.8721
17.0204,692.668,38.6748,,21.6704
17.0404,734.667,38.0772,,20.3749
17.0604,774.015,37.4221,,19.0271
17.0804,810.592,36.6906,,17.6183
17.1004,844.255,35.8858,,16.1105
17.1202,874.859,35.0027,,14.5602
17.1402,902.324,34.0037,,12.971
17.1603,926.553,32.8813,,11.331
17.1803,947.442,31.6086,,9.64474
17.2003,964.92,30.1312,,7.9151
17.2203,978.91,28.3666,,6.1623
17.2403,989.384,26.2047,,4.39321
17.2604,996.31,23.4159,,2.61089
17.2804,999.653,19.5788,,0.823121
17.3004,999.382,13.9025,,-0.996692
17.3204,995.513,5.56149,,-2.78315
17.3404,988.074,-4.55232,,-4.56759
17.3605,977.081,-13.7947,,-6.33868
17.3802,962.553,-20.9377,,-8.08643
17.4002,944.568,-26.1931,,-9.8109
17.4203,923.187,-29.9752,,-11.4849
17.4403,898.484,-32.6969,,-13.1303
17.4603,870.549,-34.692,,-14.7162
17.4803,839.476,-36.1772,,-16.2631
17.5003,805.389,-37.3038,,-17.7449
17.5204,768.381,-38.2038,,-19.1694
17.5404,728.639,-38.9496,,-20.51
17.5604,686.259,-39.5669,,-21.7883
17.5804,641.426,-40.0849,,-22.9774
17.6004,594.264,-40.539,,-24.105
17.6202,544.974,-40.9441,,-25.1233
17.6402,493.717,-41.2833,,-26.0682
17.6603,440.686,-41.5802,,-26.9058
17.6803,386.073,-41.8342,,-27.6536
17.7003,330.064,-42.0522,,-28.3071
17.7203,272.863,-42.2227,,-28.8501
17.7403,214.681,-42.3453,,-29.2906
17.7604,155.735,-42.435,,-29.6236
17.7804,96.2252,-42.4926,,-29.8559
17.8004,36.3674,-42.5119,,-29.9778
17.8204,-23.6208,-42.4876,,-29.9917
17.8404,-83.5228,-42.425,,-29.8971
17.8605,-143.125,-42.3317,,-29.6977
17.8802,-202.214,-42.1994,,-29.3893
17.9002,-260.573,-42.0284,,-28.9732
17.9203,-317.994,-41.82,,-28.4571
17.9403,-374.271,-41.5676,,-27.833
17.9603,-429.2,-41.2784,,-27.1133
17.9803,-482.588,-40.9419,,-26.301
18.0003,-534.235,-40.5664,,-25.3783
18.0204,-583.96,-40.1515,,-24.3804
18.0404,-631.583,-39.684,,-23.2844
18.0604,-676.936,-39.1649,,-22.1094
18.0804,-719.855,-38.5863,,-20.8552
18.1004,-760.169,-37.9563,,-19.5293
18.1202,-797.764,-37.2587,,-18.1153
18.1402,-832.476,-36.4827,,-16.6624
18.1603,-864.197,-35.6321,,-15.1272
18.1803,-892.814,-34.6802,,-13.5531
18.2003,-918.21,-33.608,,-11.9228
18.2203,-940.314,-32.3947,,-10.2552
18.2403,-959.027,-30.993,,-8.54158
18.2604,-974.286,-29.3426,,-6.79429
18.2804,-986.025,-27.3408,,-5.03404
18.3004,-994.232,-24.8178,,-3.25518
18.3204,-998.857,-21.4259,,-1.4629
18.3404,-999.903,-16.5205,,0.337578
18.3605,-997.318,-9.19642,,2.14343
18.3802,-991.164,0.550449,,3.92782
18.4002,-981.444,10.3758,,5.70026
18.4203,-968.183,18.2971,,7.46532
18.4403,-951.451,24.1917,,9.18012
18.4603,-931.273,28.4643,,10.8961
18.4803,-907.76,31.5356,,12.5398
18.5003,-880.98,33.7599,,14.1417
18.5204,-851.024,35.41,,15.7227
18.5404,-817.997,36.6621,,17.225
18.5604,-782.049,37.6285,,18.6402
18.5804,-743.271,38.4135,,20.0546
18.6004,-701.818,39.0655,,21.3327
18.6202,-657.834,39.6203,,22.5649
18.6402,-611.492,40.0996,,23.7099
18.6603,-562.948,40.5206,,24.7695
18.6803,-512.373,40.8867,,25.7394
18.7003,-459.963,41.1894,,26.6145
18.7203,-405.893,41.4562,,27.3993
18.7403,-350.36,41.686,,28.0817
18.7604,-293.567,41.8728,,28.6642
18.7804,-235.724,42.0086,,29.1424
18.8004,-177.026,42.1102,,29.5159
18.8204,-117.693,42.1844,,29.7865
18.8404,-57.9345,42.2069,,29.9461
18.8605,2.03122,42.1928,,29.999
18.8802,61.9891,42.1476,,29.9439
18.9002,121.725,42.0675,,29.7823
18.9203,181.019,41.9484,,29.5071
18.9403,239.665,41.7816,,29.1394
18.9603,297.451,41.5819,,28.6528
18.9803,354.164,41.3521,,28.073
19.0003,409.598,41.0728,,27.3855
19.0204,463.569,40.7567,,26.603
19.0404,515.86,40.3864,,25.718
19.0604,566.298,39.9816,,24.7512
19.0804,614.698,39.5349,,23.691
19.1004,660.89,39.0338,,22.5411
19.1202,704.69,38.476,,21.3095
19.1402,745.98,37.868,,20.0305
19.1603,784.568,37.1926,,18.6199
19.1803,820.32,36.4434,,17.1956
19.2003,853.144,35.6188,,15.6866
19.2203,882.882,34.7045,,14.1222
19.2403,909.452,33.674,,12.5212
19.2604,932.752,32.5137,,10.855
19.2804,952.683,31.1897,,9.15692
19.3004,969.195,29.6404,,7.42659
19.3204,982.198,27.7874,,5.66868
19.3404,991.682,25.474,,3.89839
19.3605,997.595,22.4463,,2.1111
19.3802,999.932,18.2005,,0.307401
19.4002,998.656,11.8344,,-1.49531
19.4203,993.785,2.79032,,-3.27945
19.4403,985.349,-7.32837,,-5.06831
19.4603,973.357,-15.996,,-6.83264
19.4803,957.864,-22.5588,,-8.57026
19.5003,938.932,-27.3631,,-10.274
19.5204,916.614,-30.8086,,-11.9539
19.5404,890.977,-33.2878,,-13.5808
19.5604,862.159,-35.1154,,-15.1562
19.5804,830.234,-36.4956,,-16.6883
19.6004,795.307,-37.5545,,-18.1522
19.6202,757.501,-38.3979,,-19.5446
19.6402,717.019,-39.0927,,-20.8865
19.6603,673.936,-39.6924,,-22.1266
19.6803,628.426,-40.187,,-23.304
19.7003,580.657,-40.6295,,-24.3961
19.7203,530.795,-41.0099,,-25.3988
19.7403,479.028,-41.3401,,-26.3098
19.7604,425.53,-41.6285,,-27.1331
19.7804,370.498,-41.8696,,-27.8424
19.8004,314.143,-42.0743,,-28.4691
19.8204,256.649,-42.2302,,-28.982
19.8404,198.232,-42.3447,,-29.396
19.8605,139.102,-42.4328,,-29.6995
19.8802,79.4753,-42.475,,-29.9005
19.9002,19.5597,-42.4807,,-29.9922
19.9203,-40.4263,-42.4454,,-29.9767
19.9403,-100.266,-42.3772,,-29.8518
19.9603,-159.748,-42.2733,,-29.622
19.9803,-218.652,-42.1321,,-29.284
20.0003,-276.765,-41.9513,,-28.8359
20.0204,-333.888,-41.7316,,-28.2925
20.0404,-389.808,-41.4697,,-27.6433
20.0604,-444.324,-41.1656,,-26.8952
20.0804,-497.242,-40.8214,,-26.0519
20.1004,-548.374,-40.438,,-25.1102
20.1202,-597.53,-40.0059,,-24.0848
20.1402,-644.542,-39.526,,-22.9707
20.1603,-689.219,-38.9946,,-21.7483
20.1803,-731.411,-38.3992,,-20.4795
20.2003,-770.955,-37.7487,,-19.1549
20.2203,-807.8,-37.0343,,-17.7267
20.2403,-841.677,-36.2414,,-16.2221
20.2604,-872.532,-35.3649,,-14.6996
20.2804,-900.262,-34.3815,,-13.1034
20.3004,-924.741,-33.2673,,-11.4476
20.3204,-945.891,-32.0019,,-9.78335
20.3404,-963.643,-30.5507,,-8.05013
20.3605,-977.925,-28.8175,,-6.30254
20.3802,-988.689,-26.6813,,-4.55107
20.4002,-995.889,-23.958,,-2.74373
20.4203,-999.517,-20.2346,,-0.971453
20.4403,-999.544,-14.7511,,0.855875
20.4603,-995.952,-6.63336,,2.64385
20.4803,-988.796,3.42403,,4.42756
20.5003,-978.077,12.8017,,6.19106
20.5204,-963.854,20.1213,,7.94143
20.5404,-946.135,25.5229,,9.6843
20.5604,-925.008,29.4201,,11.36
20.5804,-900.564,32.2142,,12.9895
20.6004,-872.888,34.2503,,14.5972
20.6202,-842.07,35.7838,,16.1413
20.6402,-808.203,36.9353,,17.6329
20.6603,-771.45,37.8472,,19.0425
20.6803,-731.906,38.5895,,20.4194
20.7003,-689.73,39.2088,,21.6831
20.7203,-645.078,39.7412,,22.8983
20.7403,-598.1,40.2085,,24.0099
20.7604,-548.969,40.613,,25.0477
20.7804,-497.864,40.9544,,25.9979
20.8004,-444.967,41.2487,,26.8397
20.8204,-390.472,41.5098,,27.6061
20.8404,-334.564,41.7224,,28.2464
20.8605,-277.463,41.8973,,28.8101
20.8802,-219.351,42.0286,,29.2632
20.9002,-160.452,42.1197,,29.6036
20.9203,-100.978,42.1746,,29.8409
20.9403,-41.1414,42.1911,,29.971
20.9603,18.8439,42.1729,,29.9946
20.9803,78.7618,42.1139,,29.9097
21.0003,138.396,42.0231,,29.7169
21.0204,197.531,41.8888,,29.4144
21.0404,255.956,41.7111,,29.0123
21.0604,313.457,41.5094,,28.4996
21.0804,369.83,41.2664,,27.8875
21.1004,424.881,40.9746,,27.1817
21.1202,478.4,40.6362,,26.3614
21.1402,530.193,40.2684,,25.459
21.1603,580.077,39.8544,,24.4626
21.1803,627.871,39.386,,23.3725
21.2003,673.41,38.8682,,22.2127
21.2203,716.524,38.305,,20.952
21.2403,757.092,37.6814,,19.6445
21.2604,794.872,36.9791,,18.2271
21.2804,829.83,36.211,,16.776
21.3004,861.795,35.359,,15.2606
21.3204,890.657,34.4188,,13.6738
21.3404,916.313,33.3588,,12.0542
21.3605,938.673,32.1562,,10.3836
21.3802,957.662,30.7714,,8.67976
21.4002,973.195,29.1453,,6.93845
21.4203,985.219,27.1877,,5.17089
21.4403,993.702,24.7125,,3.40043
21.4603,998.62,21.401,,1.6087
21.4803,999.946,16.6596,,-0.205802
21.5003,997.651,9.55297,,-1.98782
21.5204,991.783,-0.0559708,,-3.78213
21.5404,982.363,-9.96519,,-5.55704
21.5604,969.373,-18.0401,,-7.32451
21.5804,952.906,-24.0544,,-9.06033
21.6004,933.007,-28.4322,,-10.7534
21.6202,909.74,-31.5846,,-12.4193
21.6402,883.217,-33.8579,,-14.0233
21.6603,853.504,-35.5324,,-15.596
21.6803,820.728,-36.8051,,-17.0958
21.7003,785.01,-37.8054,,-18.5369
21.7203,746.451,-38.6116,,-19.9397
21.7403,705.197,-39.2605,,-21.2426
21.7604,661.419,-39.8311,,-22.4631
21.7804,615.254,-40.3191,,-23.6244
21.8004,566.884,-40.7379,,-24.6833
21.8204,516.473,-41.0965,,-25.6598
21.8404,464.202,-41.419,,-26.5499
21.8605,410.257,-41.6937,,-27.3423
21.8802,354.832,-41.9342,,-28.0339
21.9002,298.132,-42.1185,,-28.6165
21.9203,240.364,-42.259,,-29.1093
21.9403,181.726,-42.3685,,-29.4933
21.9603,122.434,-42.4486,,-29.7672
21.9803,62.7029,-42.4765,,-29.9373
22.0003,2.74709,-42.4665,,-29.9989
22.0204,-57.2197,-42.427,,-29.9524
22.0404,-116.981,-42.3527,,-29.7982
22.0604,-176.32,-42.2374,,-29.536
22.0804,-235.026,-42.0832,,-29.1709
22.1004,-292.885,-41.8868,,-28.6952
22.1202,-349.692,-41.6614,,-28.1219
22.1402,-405.239,-41.3906,,-27.4399
22.1603,-459.332,-41.0745,,-26.6737
22.1803,-511.76,-40.7175,,-25.7892
22.2003,-562.351,-40.3237,,-24.8322
22.2203,-610.917,-39.885,,-23.7756
22.2403,-657.295,-39.38,,-22.6401
22.2604,-701.31,-38.8245,,-21.4182
22.2804,-742.782,-38.2314,,-20.1008
22.3004,-781.576,-37.5589,,-18.7633
22.3204,-817.59,-36.8184,,-17.3081
22.3404,-850.644,-36.0007,,-15.8093
22.3605,-880.624,-35.1005,,-14.2507
22.3802,-907.456,-34.0838,,-12.642
22.4002,-931.014,-32.9317,,-10.9964
22.4203,-951.224,-31.6197,,-9.29191
22.4403,-967.997,-30.0884,,-7.56412
22.4603,-981.292,-28.2636,,-5.81976
22.4803,-991.074,-25.9979,,-4.04232
22.5003,-997.273,-23.0449,,-2.2401
22.5204,-999.873,-18.9068,,-0.453443
22.5404,-998.88,-12.7573,,1.35275
22.5604,-994.312,-3.92044,,3.13355
22.5804,-986.161,6.21689,,4.91532
22.6004,-974.442,15.0724,,6.70864
22.6202,-959.224,21.8093,,8.4273
22.6402,-940.55,26.7467,,10.1512
22.6603,-918.497,30.2928,,11.8147
22.6803,-893.146,32.8554,,13.4455
22.7003,-864.562,34.7322,,15.0465
22.7203,-832.874,36.1342,,16.5604
22.7403,-798.211,37.2155,,18.0264
22.7604,-760.633,38.0705,,19.4488
22.7804,-720.342,38.7797,,20.7778
22.8004,-677.463,39.3684,,22.0257
22.8204,-632.144,39.8787,,23.219
22.8404,-584.543,40.3264,,24.3138
22.8605,-534.843,40.7184,,25.3214
22.8802,-483.217,41.047,,26.2428
22.9002,-429.845,41.3261,,27.0734
22.9203,-374.927,41.5735,,27.7893
22.9403,-318.677,41.7816,,28.4177
22.9603,-261.263,41.944,,28.9455
22.9803,-202.914,42.0614,,29.3684
23.0003,-143.833,42.1386,,29.6797
23.0204,-84.237,42.1842,,29.8887
23.0404,-24.3365,42.1953,,29.9884
23.0604,35.6513,42.1656,,29.9817
23.0804,95.5111,42.096,,29.8664
23.1004,155.026,41.9896,,29.6412
23.1202,213.983,41.8525,,29.3138
23.1402,272.174,41.6666,,28.8823
23.1603,329.382,41.4477,,28.339
23.1803,385.409,41.1896,,27.6957
23.2003,440.036,40.8937,,26.9614
23.2203,493.094,40.549,,26.1201
23.2403,544.377,40.1588,,25.1887
23.2604,593.685,39.7329,,24.1626
23.2804,640.862,39.2572,,23.0527
23.3004,685.743,38.7262,,21.8687
23.3204,728.143,38.1395,,20.5842
23.3404,767.942,37.4944,,19.2618
23.3605,804.977,36.7814,,17.8374
23.3802,839.087,35.9918,,16.3475
23.4002,870.207,35.1119,,14.8303
23.4203,898.18,34.1389,,13.2201
23.4403,922.921,33.0443,,11.5897
23.4603,944.333,31.7965,,9.90338
23.4803,962.343,30.3493,,8.19394
23.5003,976.918,28.6426,,6.45499
23.5204,987.959,26.5591,,4.67737
23.5404,995.448,23.888,,2.89465
23.5604,999.363,20.2645,,1.10737
23.5804,999.663,14.95,,-0.707853
23.6004,996.378,7.06423,,-2.4993
23.6202,989.496,-2.93002,,-4.28946
23.6402,979.065,-12.4449,,-6.04622
23.6603,965.111,-19.9106,,-7.81713
23.6803,947.675,-25.4386,,-9.52961
23.7003,926.819,-29.43,,-11.2306
23.7203,902.633,-32.2953,,-12.8678
23.7403,875.224,-34.3841,,-14.4583
23.7604,844.644,-35.9386,,-16.0292
23.7804,811.018,-37.1227,,-17.517
23.8004,774.489,-38.0413,,-18.9205
23.8204,735.165,-38.8048,,-20.3143
23.8404,693.195,-39.4463,,-21.5994
23.8605,648.722,-39.9833,,-22.7944
23.8802,601.923,-40.4409,,-23.9297
23.9002,552.958,-40.8498,,-24.9711
23.9203,502.005,-41.2076,,-25.9195
23.9403,449.24,-41.5063,,-26.7848
23.9603,394.86,-41.7716,,-27.5414
23.9803,339.069,-41.9935,,-28.2041
24.0003,282.045,-42.1706,,-28.7715
24.0204,224.009,-42.3031,,-29.2263
24.0404,165.167,-42.3971,,-29.5796
24.0604,105.731,-42.4683,,-29.8256
24.0804,45.9145,-42.4916,,-29.9657
24.1004,-14.0668,-42.4695,,-29.9971
24.1202,-73.9983,-42.4199,,-29.9199
24.1402,-133.662,-42.3327,,-29.7351
24.1603,-192.845,-42.2144,,-29.4457
24.1803,-251.334,-42.0428,,-29.0454
24.2003,-308.918,-41.8402,,-28.5449
24.2203,-365.395,-41.603,,-27.9452
24.2403,-420.549,-41.3161,,-27.2298
24.2604,-474.193,-40.9934,,-26.439
24.2804,-526.133,-40.6263,,-25.5307
24.3004,-576.177,-40.2164,,-24.5444
24.3204,-624.146,-39.7596,,-23.4667
24.3404,-669.872,-39.2457,,-22.3024
24.3605,-713.182,-38.6828,,-21.0591
24.3802,-753.935,-38.055,,-19.7442
24.4002,-791.963,-37.3696,,-18.3458
24.4203,-827.154,-36.6139,,-16.9036
24.4403,-859.37,-35.7761,,-15.3735
24.4603,-888.467,-34.8371,,-13.8006
24.4803,-914.393,-33.7855,,-12.1943
24.5003,-937.028,-32.5966,,-10.5231
24.5204,-956.283,-31.2317,,-8.80536
24.5404,-972.076,-29.6286,,-7.07995
24.5604,-984.402,-27.6911,,-5.32457
24.5804,-993.163,-25.2628,,-3.52592
24.6004,-998.362,-22.0408,,-1.75674
24.6202,-999.982,-17.4429,,0.051565
24.6402,-997.975,-10.5538,,1.85695
24.6603,-992.392,-1.0855,,3.63264
24.6803,-983.232,8.90463,,5.43717
24.7003,-970.53,17.1627,,7.18295
24.7203,-954.331,23.3627,,8.91926
24.7403,-934.717,27.8713,,10.6028
24.7604,-911.732,31.1167,,12.292
24.7804,-885.452,33.4532,,13.9027
24.8004,-856.005,35.1757,,15.46
24.8204,-823.461,36.4815,,16.9927
24.8404,-787.951,37.4921,,18.4496
24.8605,-749.605,38.302,,19.8018
24.8802,-708.584,38.965,,21.1409
24.9002,-664.994,39.5379,,22.3744
24.9203,-619.024,40.0294,,23.5254
24.9403,-570.82,40.4556,,24.6103
24.9603,-520.558,40.8293,,25.5849
24.9803,-468.429,41.1507,,26.4816
25.0003,-414.607,41.418,,27.2876
25.0204,-359.291,41.6491,,27.9761
25.0404,-302.694,41.8471,,28.5785
25.0604,-244.997,41.9979,,29.0725
25.0804,-186.42,42.1047,,29.466
25.1004,-127.175,42.1716,,29.7488
25.1202,-67.4723,42.2086,,29.9276
25.1402,-7.52422,42.2079,,29.9973
25.1603,52.4497,42.168,,29.9605
25.1803,112.234,42.0919,,29.8151
25.2003,171.615,41.9731,,29.5593
25.2203,230.377,41.8156,,29.2023
25.2403,288.313,41.6312,,28.7387
25.2604,345.208,41.4084,,28.1694
25.2804,400.862,41.1342,,27.5024
25.3004,455.079,40.8156,,26.7316
25.3204,507.645,40.4661,,25.8702
25.3404,558.396,40.0721,,24.9096
25.3605,607.136,39.6248,,23.8712
25.3802,653.69,39.1312,,22.7252
25.4002,697.883,38.5895,,21.5156
25.4203,739.563,37.9874,,20.211
25.4403,778.578,37.3213,,18.8699
25.4603,814.829,36.5872,,17.4285
25.4803,848.11,35.7703,,15.9266
25.5003,878.364,34.8698,,14.3897
25.5204,905.434,33.8677,,12.7614
25.5404,929.258,32.7324,,11.1328
25.5604,949.74,31.4278,,9.42059
25.5804,966.781,29.9226,,7.7085
25.6004,980.365,28.1241,,5.96482
25.6202,990.422,25.9003,,4.1757
25.6402,996.899,23.0101,,2.38482
25.6603,999.806,18.9994,,0.603992
25.6803,999.101,13.043,,-1.20857
25.7003,994.807,4.39351,,-2.99751
25.7203,986.928,-5.75137,,-4.78056
25.7403,975.504,-14.7542,,-6.55069
25.7604,960.583,-21.6444,,-8.29792
25.7804,942.166,-26.7069,,-10.0164
25.8004,920.376,-30.3433,,-11.6871
25.8204,895.281,-32.96,,-13.3192
25.8404,866.953,-34.8789,,-14.9132
25.8605,835.505,-36.3245,,-16.4472
25.8802,801.072,-37.4217,,-17.9168
25.9002,763.752,-38.2945,,-19.3247
25.9203,723.656,-39.0142,,-20.6739
25.9403,680.968,-39.625,,-21.9437
25.9603,635.827,-40.1434,,-23.124
25.9803,588.416,-40.5789,,-24.2279
26.0003,538.867,-40.9703,,-25.245
26.0204,487.386,-41.3165,,-26.1748
26.0404,434.154,-41.6076,,-27
26.0604,379.358,-41.8591,,-27.741
26.0804,323.195,-42.0711,,-28.378
26.1004,265.868,-42.23,,-28.9079
26.1202,207.589,-42.3577,,-29.3315
26.1402,148.56,-42.4432,,-29.6602
26.1603,88.9962,-42.498,,-29.8761
26.1803,29.1122,-42.5122,,-29.9847
26.2003,-30.8765,-42.483,,-29.9862
26.2203,-90.7548,-42.4248,,-29.8798
26.2403,-150.306,-42.325,,-29.6628
26.2604,-209.314,-42.192,,-29.3443
26.2804,-267.57,-42.015,,-28.9161
26.3004,-324.864,-41.8057,,-28.3876
26.3204,-380.992,-41.5494,,-27.7524
26.3404,-435.742,-41.2498,,-27.0202
26.3605,-488.932,-40.9237,,-26.1926
26.3802,-540.359,-40.5439,,-25.2661
26.4002,-589.839,-40.1156,,-24.2501
26.4203,-637.193,-39.6444,,-23.1527
26.4403,-682.257,-39.1171,,-21.9514
26.4603,-724.864,-38.5391,,-20.7054
26.4803,-764.892,-37.8951,,-19.361
26.5003,-802.13,-37.19,,-17.9499
26.5204,-836.476,-36.4152,,-16.4649
26.5404,-867.821,-35.5458,,-14.9435
26.5604,-896.066,-34.5826,,-13.362
26.5804,-921.059,-33.4915,,-11.7236
26.6004,-942.76,-32.2549,,-10.0445
26.6202,-961.051,-30.8336,,-8.32833
26.6402,-975.884,-29.1428,,-6.59029
26.6603,-987.217,-27.0921,,-4.82288
26.6803,-994.972,-24.4826,,-3.02769
26.7003,-999.162,-20.9478,,-1.24811
26.7203,-999.78,-15.8006,,0.553038
26.7403,-996.766,-8.13105,,2.35272
26.7604,-990.181,1.7811,,4.14521
26.7804,-980.025,11.4412,,5.91961
26.8004,-966.341,19.1046,,7.67477
26.8204,-949.182,24.785,,9.39087
26.8404,-928.6,28.9076,,11.1021
26.8605,-904.683,31.868,,12.7327
26.8802,-877.509,34.0136,,14.3485
26.9002,-847.177,35.5959,,15.8927
26.9203,-813.809,36.8153,,17.3932
26.9403,-777.497,37.7663,,18.8478
26.9603,-738.375,38.5255,,20.188
26.9803,-696.618,39.1527,,21.4817
27.0003,-652.362,39.7061,,22.7068
27.0204,-605.73,40.1856,,23.8511
27.0404,-556.926,40.5948,,24.8843
27.0604,-506.125,40.9476,,25.854
27.0804,-453.503,41.2526,,26.7119
27.1004,-399.247,41.5189,,27.4876
27.1202,-343.55,41.7376,,28.1551
27.1402,-286.624,41.9192,,28.727
27.1603,-228.664,42.0594,,29.1959
27.1803,-169.875,42.161,,29.5543
27.2003,-110.48,42.2172,,29.8119
27.2203,-50.687,42.2422,,29.957
27.2403,9.28924,42.2279,,29.998
27.2604,69.2315,42.1776,,29.9299
27.2804,128.925,42.0918,,29.7547
27.3004,188.153,41.9573,,29.4709
27.3204,246.704,41.8018,,29.0829
27.3404,304.373,41.6011,,28.5899
27.3605,360.941,41.3592,,27.9932
27.3802,416.206,41.0777,,27.2929
27.4002,469.98,40.752,,26.4989
27.4203,522.06,40.3844,,25.6108
27.4403,572.267,39.9741,,24.6326
27.4603,620.41,39.5186,,23.5589
27.4803,666.327,39.0137,,22.391
27.5003,709.825,38.4506,,21.1543
27.5204,750.757,37.8327,,19.8375
27.5404,789.033,37.1497,,18.4858
27.5604,824.458,36.3967,,17.0062
27.5804,856.902,35.5524,,15.512
27.6004,886.284,34.6229,,13.9321
27.6202,912.449,33.5903,,12.3046
27.6402,935.322,32.413,,10.6484
27.6603,954.856,31.0534,,8.96333
27.6803,970.949,29.4693,,7.21636
27.7003,983.539,27.5774,,5.45777
27.7203,992.59,25.199,,3.68053
27.7403,998.07,22.0438,,1.8892
27.7604,999.986,17.585,,0.0951147
27.7804,998.258,10.9063,,-1.71449
27.8004,992.96,1.59656,,-3.49938
27.8204,984.084,-8.47217,,-5.28365
27.8404,971.662,-16.9024,,-7.03908
27.8605,955.758,-23.2398,,-8.77886
27.8802,936.401,-27.8641,,-10.4829
27.9002,913.671,-31.187,,-12.1574
27.9203,887.658,-33.5879,,-13.7741
27.9403,858.451,-35.3524,,-15.3405
27.9603,826.162,-36.6824,,-16.8645
27.9803,790.894,-37.7149,,-18.3193
28.0003,752.776,-38.5399,,-19.7118
28.0204,711.95,-39.2199,,-21.0414
28.0404,668.558,-39.8017,,-22.278
28.0604,622.776,-40.3055,,-23.4391
28.0804,574.74,-40.7263,,-24.5233
28.1004,524.63,-41.0959,,-25.5187
28.1202,472.641,-41.4316,,-26.4118
28.1402,418.949,-41.7115,,-27.222
28.1603,363.751,-41.9555,,-27.9262
28.1803,307.238,-42.1499,,-28.5357
28.2003,249.625,-42.3003,,-29.0387
28.2203,191.114,-42.4109,,-29.4367
28.2403,131.914,-42.4919,,-29.7296
28.2604,72.2369,-42.5428,,-29.9179
28.2804,12.3022,-42.5383,,-29.9961
28.3004,-47.6775,-42.4936,,-29.9673
28.3204,-107.485,-42.4338,,-29.8292
28.3404,-166.908,-42.322,,-29.5885
28.3605,-225.726,-42.1689,,-29.2302
28.3802,-283.735,-41.9919,,-28.7827
28.4002,-340.72,-41.7696,,-28.2153
28.4203,-396.475,-41.5027,,-27.5561
28.4403,-450.812,-41.1937,,-26.8033
28.4603,-503.526,-40.8482,,-25.9365
28.4803,-554.426,-40.4583,,-24.9937
28.5003,-603.339,-40.02,,-23.9512
28.5204,-650.066,-39.5334,,-22.8253
28.5404,-694.452,-38.9945,,-21.6079
28.5604,-736.36,-38.3939,,-20.3556
28.5804,-775.612,-37.7346,,-18.9477
28.6004,-812.051,-37.0139,,-17.5575
28.6202,-845.59,-36.2085,,-16.0427
28.6402,-876.073,-35.3101,,-14.5057
28.6603,-903.413,-34.3147,,-12.901
28.6803,-927.486,-33.1932,,-11.2532
28.7003,-948.23,-31.9108,,-9.57008
28.7203,-965.556,-30.4137,,-7.84246
28.7403,-979.424,-28.6347,,-6.09398
28.7604,-989.748,-26.4485,,-4.31917
28.7804,-996.51,-23.6319,,-2.53579
28.8004,-999.703,-19.7254,,-0.744184
28.8204,-999.281,-13.957,,1.06235
28.8404,-995.283,-5.5102,,2.85544
28.8605,-987.692,4.62602,,4.64615
28.8802,-976.551,13.8081,,6.41291
28.9002,-961.873,20.8903,,8.16295
28.9203,-943.753,26.1023,,9.86433
28.9403,-922.233,29.8647,,11.5623
28.9603,-897.4,32.5654,,13.1892
28.9803,-869.344,34.534,,14.7872
29.0003,-838.126,36.0019,,16.3275
29.0204,-803.925,37.1366,,17.8011
29.0404,-766.821,38.0279,,19.2204
29.0604,-726.94,38.7423,,20.5676
29.0804,-684.466,39.3524,,21.8474
29.1004,-639.514,39.8807,,23.0307
29.1202,-592.269,40.3411,,24.1405
29.1402,-542.891,40.7278,,25.1667
29.1603,-491.562,41.0728,,26.1045
29.1803,-438.452,41.3722,,26.9445
29.2003,-383.777,41.6192,,27.6813
29.2203,-327.716,41.8246,,28.3272
29.2403,-270.48,41.9948,,28.8654
29.2604,-212.261,42.1355,,29.3105
29.2804,-153.283,42.2104,,29.6363
29.3004,-93.7547,42.2616,,29.8631
29.3204,-33.8881,42.2774,,29.9794
29.3404,26.1004,42.2549,,29.9899
29.3605,85.9951,42.1962,,29.892
29.3802,145.581,42.0938,,29.6853
29.4002,204.638,41.9537,,29.3741
29.4203,262.965,41.7825,,28.9558
29.4403,320.348,41.5758,,28.4336
29.4603,376.578,41.3204,,27.8102
29.4803,431.447,41.0236,,27.0772
29.5003,484.758,40.6948,,26.2612
29.5204,536.33,40.3199,,25.346
29.5404,585.981,39.8792,,24.3327
29.5604,633.509,39.4143,,23.2383
29.5804,678.765,38.904,,22.0619
29.6004,721.59,38.3255,,20.801
29.6202,761.777,37.6826,,19.4608
29.6402,799.264,36.9797,,18.0736
29.6603,833.86,36.2048,,16.5913
29.6803,865.45,35.3388,,15.0658
29.7003,893.935,34.3819,,13.4857
29.7203,919.188,33.3068,,11.8525
29.7403,941.137,32.083,,10.1735
29.7604,959.717,30.6699,,8.47269
29.7804,974.828,29.0124,,6.72813
29.8004,986.441,26.9929,,4.96455
29.8204,994.489,24.4355,,3.17322
29.8404,998.963,20.9936,,1.39641
29.8605,999.853,16.0047,,-0.423786
29.8802,997.125,8.54616,,-2.21115
29.9002,990.833,-1.27245,,-3.99219
29.9203,980.962,-11.0503,,-5.78165
29.9403,967.569,-18.885,,-7.53283
29.9603,950.67,-24.7144,,-9.26367
29.9803,930.371,-28.9311,,-10.953
30.0003,906.707,-31.969,,-12.6129
30.0204,879.795,-34.1698,,-14.2142
30.0404,849.708,-35.7968,,-15.7845
30.0604,816.564,-37.0302,,-17.2749
30.0804,780.482,-37.9973,,-18.7267
30.1004,741.597,-38.7829,,-20.083
30.1202,700.04,-39.4301,,-21.3841
30.1402,655.96,-39.984,,-22.6205
30.1603,609.517,-40.4641,,-23.7552
30.1803,560.894,-40.8745,,-24.8069
30.2003,510.246,-41.236,,-25.777
30.2203,457.76,-41.5545,,-26.6497
30.2403,403.623,-41.8226,,-27.4284
30.2604,348.036,-42.0504,,-28.1076
30.2804,291.197,-42.2356,,-28.6871
30.3004,233.307,-42.3787,,-29.1606
30.3204,174.583,-42.4799,,-29.53
30.3404,115.228,-42.547,,-29.7931
30.3605,55.4577,-42.5822,,-29.951
30.3802,-4.51182,-42.5758,,-29.9984
30.4002,-64.4642,-42.5253,,-29.9393
30.4203,-124.186,-42.4415,,-29.7725
30.4403,-183.46,-42.3259,,-29.4958
30.4603,-242.072,-42.1737,,-29.118
30.4803,-299.816,-41.9778,,-28.6323
30.5003,-356.478,-41.738,,-28.0473
30.5204,-411.866,-41.4624,,-27.3546
30.5404,-465.765,-41.14,,-26.5649
30.5604,-517.984,-40.785,,-25.6852
30.5804,-568.34,-40.3867,,-24.7081
30.6004,-616.655,-39.9365,,-23.6443
30.6202,-662.742,-39.4278,,-22.4841
30.6402,-706.45,-38.8643,,-21.2747
30.6603,-747.632,-38.2619,,-19.9564
30.6803,-786.102,-37.5921,,-18.581
30.7003,-821.75,-36.8311,,-17.1212
30.7203,-854.417,-36.0002,,-15.6195
30.7403,-884.048,-35.0894,,-14.0607
30.7604,-910.474,-34.0667,,-12.4523
30.7804,-933.631,-32.8846,,-10.7862
30.8004,-953.431,-31.5416,,-9.08592
30.8204,-969.791,-29.9905,,-7.3582
30.8404,-982.674,-28.1179,,-5.6015
30.8605,-992.01,-25.7704,,-3.82974
30.8802,-997.771,-22.7009,,-2.01813
30.9002,-999.954,-18.3712,,-0.250752
30.9203,-998.534,-11.9011,,1.57401
30.9403,-993.512,-2.74256,,3.36417
30.9603,-984.92,7.38692,,5.14035
30.9803,-972.79,16.0061,,6.89996
31.0003,-957.153,22.5312,,8.63361
31.0204,-938.071,27.3157,,10.3622
31.0404,-915.601,30.7425,,12.0181
31.0604,-889.856,33.2056,,13.6329
31.0804,-860.904,35.0223,,15.2321
31.1004,-828.848,36.3946,,16.7425
31.1202,-793.806,37.4439,,18.2085
31.1402,-755.934,38.2732,,19.6068
31.1603,-715.294,38.9649,,20.9309
31.1803,-672.107,39.5558,,22.1856
31.2003,-626.502,40.0545,,23.3488
31.2203,-578.638,40.4898,,24.4438
31.2403,-528.698,40.8677,,25.4379
31.2604,-476.845,41.2056,,26.3506
31.2804,-423.281,41.4865,,27.1579
31.3004,-368.197,41.7172,,27.8737
31.3204,-311.784,41.9192,,28.4883
31.3404,-254.256,42.0793,,28.998
31.3605,-195.803,42.1984,,29.4168
31.3802,-136.646,42.2727,,29.7099
31.4002,-77.0014,42.3154,,29.9064
31.4203,-17.0792,42.3157,,29.9934
31.4403,42.9044,42.2801,,29.9733
31.4603,102.734,42.2181,,29.8448
31.4803,162.193,42.1047,,29.6087
31.5003,221.07,41.9498,,29.27
31.5204,279.152,41.7682,,28.8157
31.5404,336.226,41.5539,,28.2694
31.5604,392.091,41.2882,,27.6101
31.5804,446.545,40.9779,,26.862
31.6004,499.393,40.6282,,26.0151
31.6202,550.449,40.2399,,25.0734
31.6402,599.518,39.802,,24.0345
31.6603,646.424,39.319,,22.9127
31.6803,691.001,38.7879,,21.7205
31.7003,733.111,38.1893,,20.4344
31.7203,772.58,37.5356,,19.0871
31.7403,809.255,36.8101,,17.6532
31.7604,843.01,36.0139,,16.1675
31.7804,873.749,35.1185,,14.6241
31.8004,901.328,34.1256,,13.0376
31.8204,925.681,33.0213,,11.3851
31.8404,946.707,31.7506,,9.7121
31.8605,964.3,30.2709,,7.98346
31.8802,978.444,28.5156,,6.22539
31.9002,989.046,26.3853,,4.46831
31.9203,996.111,23.6206,,2.68355
31.9403,999.586,19.8072,,0.884759
31.9603,999.454,14.218,,-0.927185
31.9803,995.736,5.98557,,-2.70817
32.0003,988.432,-4.13034,,-4.50157
32.0204,977.567,-13.4754,,-6.27457
32.0404,963.178,-20.7169,,-8.01701
32.0604,945.326,-26.0531,,-9.74596
32.0804,924.067,-29.9245,,-11.4229
32.1004,899.497,-32.6959,,-13.0564
32.1202,871.69,-34.7079,,-14.6599
32.1402,840.732,-36.2081,,-16.2155
32.1603,806.75,-37.3705,,-17.683
32.1803,769.844,-38.277,,-19.1226
32.2003,730.214,-39.0113,,-20.4549
32.2203,687.937,-39.6399,,-21.7303
32.2403,643.185,-40.1682,,-22.951
32.2604,596.11,-40.628,,-24.0576
32.2804,546.899,-41.0221,,-25.088
32.3004,495.712,-41.3686,,-26.0343
32.3204,442.747,-41.6766,,-26.8725
32.3404,388.188,-41.9303,,-27.6333
32.3605,332.226,-42.1559,,-28.2798
32.3802,275.071,-42.3188,,-28.8298
32.4002,216.928,-42.45,,-29.2765
32.4203,158,-42.5495,,-29.6138
32.4403,98.5097,-42.6064,,-29.848
32.4603,38.662,-42.6304,,-29.975
32.4803,-21.3241,-42.6058,,-29.9931
32.5003,-81.2339,-42.5505,,-29.9035
32.5204,-140.851,-42.4607,,-29.7062
32.5404,-199.967,-42.33,,-29.4042
32.5604,-258.353,-42.1687,,-28.9915
32.5804,-315.819,-41.9584,,-28.4776
32.6004,-372.141,-41.7111,,-27.8587
32.6202,-427.125,-41.4239,,-27.1468
32.6402,-480.573,-41.0954,,-26.3239
32.6603,-532.285,-40.7244,,-25.4215
32.6803,-582.094,-40.3013,,-24.4208
32.7003,-629.805,-39.843,,-23.3307
32.7203,-675.246,-39.3275,,-22.1541
32.7403,-718.253,-38.7481,,-20.9079
32.7604,-758.649,-38.1138,,-19.564
32.7804,-796.372,-37.4251,,-18.1826
32.8004,-831.201,-36.658,,-16.7174
32.8204,-863.05,-35.7923,,-15.1942
32.8404,-891.774,-34.8515,,-13.6064
32.8605,-917.302,-33.7937,,-11.9941
32.8802,-939.522,-32.5696,,-10.3032
32.9002,-958.369,-31.1726,,-8.62178
32.9203,-973.765,-29.5315,,-6.86235
32.9403,-985.648,-27.5502,,-5.10202
32.9603,-993.986,-25.0387,,-3.32459
32.9803,-998.752,-21.6781,,-1.52659
33.0003,-999.918,-16.844,,0.270467
33.0204,-997.487,-9.60441,,2.074
33.0404,-991.461,0.11299,,3.85443
33.0604,-981.881,10.0133,,5.64262
33.0804,-968.753,18.05,,7.38662
33.1004,-952.153,24.0546,,9.1279
33.1202,-932.109,28.4209,,10.821
33.1402,-908.714,31.5489,,12.4793
33.1603,-882.057,33.8129,,14.0964
33.1803,-852.217,35.483,,15.6587
33.2003,-819.305,36.7532,,17.163
33.2203,-783.46,37.7416,,18.5981
33.2403,-744.791,38.5213,,19.9867
33.2604,-703.449,39.1806,,21.2862
33.2804,-659.561,39.7506,,22.5217
33.3004,-613.308,40.2253,,23.6675
33.3204,-564.844,40.6442,,24.7231
33.3404,-514.348,41.0139,,25.71
33.3605,-461.997,41.3318,,26.5808
33.3802,-407.987,41.5951,,27.3733
33.4002,-352.51,41.8204,,28.0535
33.4203,-295.765,42.0152,,28.6416
33.4403,-237.958,42.1612,,29.1279
33.4603,-179.286,42.2693,,29.5066
33.4803,-119.972,42.3294,,29.7771
33.5003,-60.2271,42.3623,,29.9413
33.5204,-0.266172,42.3545,,29.9986
33.5404,59.6966,42.3118,,29.9485
33.5604,119.444,42.2357,,29.7892
33.5804,178.76,42.1093,,29.5228
33.6004,237.44,41.953,,29.1561
33.6202,295.257,41.7572,,28.6713
33.6402,352.011,41.5249,,28.0936
33.6603,407.502,41.2528,,27.4138
33.6803,461.528,40.9369,,26.6367
33.7003,513.896,40.5685,,25.7576
33.7203,564.405,40.1679,,24.7873
33.7403,612.889,39.7175,,23.7327
33.7604,659.161,39.2271,,22.5865
33.7804,703.068,38.6657,,21.3648
33.8004,744.466,38.0575,,20.0857
33.8204,783.148,37.3835,,18.6614
33.8404,818.999,36.6411,,17.2437
33.8605,851.932,35.812,,15.753
33.8802,881.805,34.8954,,14.1908
33.9002,908.498,33.88,,12.5742
33.9203,931.917,32.7201,,10.9259
33.9403,951.99,31.3947,,9.22009
33.9603,968.618,29.8527,,7.49201
33.9803,981.771,28.0087,,5.74246
34.0003,991.392,25.7164,,3.96617
34.0204,997.444,22.7076,,2.17375
34.0404,999.911,18.5051,,0.381193
34.0604,998.791,12.2257,,-1.41916
34.0804,994.048,3.24414,,-3.22452
34.1004,985.738,-6.92813,,-4.99789
34.1202,973.888,-15.7228,,-6.75582
34.1402,958.531,-22.4052,,-8.50193
34.1603,939.725,-27.3076,,-10.2285
34.1803,917.504,-30.8323,,-11.8948
34.2003,892.016,-33.3588,,-13.5105
34.2203,863.306,-35.211,,-15.1064
34.2403,831.501,-36.6147,,-16.6169
34.2604,796.703,-37.6913,,-18.0981
34.2804,759.051,-38.5411,,-19.4852
34.3004,718.63,-39.2421,,-20.8334
34.3204,675.637,-39.84,,-22.0856
34.3404,630.222,-40.3521,,-23.2662
34.3605,582.528,-40.7932,,-24.3541
34.3802,532.744,-41.1659,,-25.3648
34.4002,481.037,-41.5055,,-26.2777
34.4203,427.609,-41.7998,,-27.0995
34.4403,372.632,-42.0477,,-27.8237
34.4603,316.312,-42.2484,,-28.4436
34.4803,258.869,-42.4135,,-28.9613
34.5003,200.484,-42.5313,,-29.3815
34.5204,141.379,-42.6158,,-29.6912
34.5404,81.7641,-42.6642,,-29.8957
34.5604,21.8565,-42.6769,,-29.9904
34.5804,-38.1306,-42.6445,,-29.9791
34.6004,-97.9801,-42.5804,,-29.8591
34.6202,-157.478,-42.4755,,-29.632
34.6402,-216.412,-42.3411,,-29.2969
34.6603,-274.558,-42.1647,,-28.8589
34.6803,-331.722,-41.9418,,-28.3141
34.7003,-387.691,-41.6799,,-27.67
34.7203,-442.265,-41.3833,,-26.9295
34.7403,-495.251,-41.0417,,-26.0792
34.7604,-546.452,-40.6637,,-25.1491
34.7804,-595.679,-40.23,,-24.1208
34.8004,-642.767,-39.75,,-23.0076
34.8204,-687.545,-39.2178,,-21.8159
34.8404,-729.863,-38.6228,,-20.5428
34.8605,-769.505,-37.984,,-19.1803
34.8802,-806.424,-37.2629,,-17.7871
34.9002,-840.429,-36.4682,,-16.2837
34.9203,-871.413,-35.5934,,-14.7618
34.9403,-899.268,-34.6124,,-13.162
34.9603,-923.87,-33.5045,,-11.5228
34.9803,-945.144,-32.2442,,-9.82881
35.0003,-963.026,-30.7857,,-8.12726
35.0204,-977.438,-29.0643,,-6.36519
35.0404,-988.335,-26.9432,,-4.6165
35.0604,-995.687,-24.2434,,-2.826
35.0804,-999.443,-20.5432,,-1.02861
35.1004,-999.6,-15.1215,,0.785826
35.1202,-996.163,-7.08944,,2.56417
35.1402,-989.141,2.98492,,4.36335
35.1603,-978.552,12.4923,,6.14291
35.1803,-964.445,19.9411,,7.86851
35.2003,-946.874,25.4451,,9.60642
35.2203,-925.88,29.4379,,11.2974
35.2403,-901.568,32.3017,,12.9338
35.2604,-874.009,34.3717,,14.5316
35.2804,-843.306,35.9168,,16.0867
35.3004,-809.566,37.0977,,17.5731
35.3204,-772.895,38.0238,,18.997
35.3404,-733.484,38.7626,,20.3555
35.3605,-691.393,39.3946,,21.6403
35.3802,-646.85,39.9384,,22.8505
35.4002,-599.938,40.4033,,23.9784
35.4203,-550.89,40.7984,,25.007
35.4403,-499.855,41.1511,,25.9603
35.4603,-447.025,41.4682,,26.8156
35.4803,-392.581,41.7199,,27.5718
35.5003,-336.73,41.9288,,28.2309
35.5204,-279.663,42.1021,,28.79
35.5404,-221.592,42.2512,,29.2435
35.5604,-162.718,42.347,,29.5924
35.5804,-103.263,42.3969,,29.8343
35.6004,-43.4361,42.4102,,29.9682
35.6202,16.5473,42.396,,29.9953
35.6402,76.4714,42.3467,,29.9149
35.6603,136.12,42.2566,,29.7245
35.6803,195.278,42.1185,,29.4333
35.7003,253.74,41.947,,29.0265
35.7203,311.279,41.7488,,28.5232
35.7403,367.702,41.5063,,27.9125
35.7604,422.799,41.2169,,27.2042
35.7804,476.379,40.8906,,26.3996
35.8004,528.236,40.5058,,25.4929
35.8204,578.206,40.096,,24.5056
35.8404,626.083,39.6362,,23.4159
35.8605,671.705,39.1283,,22.2512
35.8802,714.925,38.5537,,21.012
35.9002,755.575,37.9203,,19.6862
35.9203,793.481,37.2339,,18.2882
35.9403,828.547,36.4643,,16.8372
35.9603,860.631,35.6126,,15.3083
35.9803,889.599,34.6704,,13.7386
36.0003,915.388,33.6116,,12.1174
36.0204,937.882,32.417,,10.4521
36.0404,956.981,31.0295,,8.7409
36.0604,972.665,29.4096,,7.00653
36.0804,984.819,27.4573,,5.23719
36.1004,993.438,25.0023,,3.47623
36.1202,998.493,21.7241,,1.66847
36.1402,999.956,17.0235,,-0.125377
36.1603,997.803,9.98852,,-1.93288
36.1803,992.059,0.403115,,-3.71533
36.2003,982.772,-9.60123,,-5.48799
36.2203,969.929,-17.8132,,-7.25665
36.2403,953.598,-23.9682,,-8.98328
36.2604,933.822,-28.4436,,-10.6931
36.2804,910.713,-31.6579,,-12.3487
36.3004,884.306,-33.9837,,-13.961
36.3204,854.716,-35.6927,,-15.5363
36.3404,822.055,-36.9849,,-17.0442
36.3605,786.425,-37.9925,,-18.4892
36.3802,747.984,-38.8047,,-19.8826
36.4002,706.832,-39.4664,,-21.1919
36.4203,663.132,-40.0301,,-22.4293
36.4403,617.067,-40.533,,-23.5672
36.4603,568.782,-40.9606,,-24.6517
36.4803,518.439,-41.3201,,-25.6282
36.5003,466.229,-41.6395,,-26.5198
36.5204,412.351,-41.9248,,-27.3071
36.5404,356.978,-42.1663,,-28.0074
36.5604,300.328,-42.3465,,-28.5994
36.5804,242.592,-42.4944,,-29.0925
36.6004,183.982,-42.6136,,-29.4813
36.6202,124.713,-42.6867,,-29.7566
36.6402,64.9965,-42.72,,-29.9332
36.6603,5.04432,-42.7205,,-29.9986
36.6803,-54.9262,-42.6855,,-29.9559
36.7003,-114.698,-42.6084,,-29.8063
36.7203,-174.057,-42.4912,,-29.5451
36.7403,-232.783,-42.339,,-29.1857
36.7604,-290.686,-42.1598,,-28.7198
36.7804,-347.544,-41.9315,,-28.1469
36.8004,-403.138,-41.6482,,-27.4693
36.8204,-457.28,-41.337,,-26.6985
36.8404,-509.783,-40.9918,,-25.826
36.8605,-560.447,-40.6004,,-24.8751
36.8802,-609.108,-40.1484,,-23.8174
36.9002,-655.567,-39.6491,,-22.6825
36.9203,-699.654,-39.1087,,-21.4668
36.9403,-741.238,-38.5033,,-20.163
36.9603,-780.163,-37.8307,,-18.8138
36.9803,-816.266,-37.0924,,-17.3594
37.0003,-849.432,-36.2838,,-15.8702
37.0204,-879.542,-35.3777,,-14.3083
37.0404,-906.491,-34.3507,,-12.7046
37.0604,-930.173,-33.2141,,-11.0531
37.0804,-950.496,-31.9063,,-9.35897
37.1004,-967.419,-30.3766,,-7.63702
37.1202,-980.854,-28.5507,,-5.8797
37.1402,-990.758,-26.2964,,-4.10626
37.1603,-997.096,-23.376,,-2.32809
37.1803,-999.865,-19.2676,,-0.522373
37.2003,-999.003,-13.1815,,1.28778
37.2203,-994.55,-4.39078,,3.07081
37.2403,-986.539,5.80511,,4.85808
37.2604,-974.957,14.8058,,6.62895
37.2804,-959.872,21.6922,,8.36333
37.3004,-941.324,26.7402,,10.0846
37.3204,-919.415,30.3672,,11.7501
37.3404,-894.169,32.9905,,13.3969
37.3605,-865.71,34.9159,,14.9699
37.3802,-834.144,36.3288,,16.5115
37.4002,-799.576,37.4173,,17.9725
37.4203,-762.114,38.3025,,19.3945
37.4403,-721.942,39.0203,,20.7189
37.4603,-679.145,39.6077,,21.9949
37.4803,-633.918,40.1128,,23.1652
37.5003,-586.407,40.5728,,24.2758
37.5204,-536.775,40.9684,,25.289
37.5404,-485.221,41.295,,26.2083
37.5604,-431.923,41.5867,,27.031
37.5804,-377.062,41.8365,,27.7728
37.6004,-320.847,42.0458,,28.3972
37.6202,-263.474,42.2025,,28.9245
37.6402,-205.162,42.3234,,29.353
37.6603,-146.108,42.4166,,29.6704
37.6803,-86.526,42.4623,,29.8823
37.7003,-26.6334,42.4669,,29.9876
37.7203,33.3559,42.4431,,29.9837
37.7403,93.2243,42.3763,,29.8732
37.7604,152.759,42.273,,29.6541
37.7804,211.743,42.1315,,29.3309
37.8004,269.966,41.9516,,28.8957
37.8204,327.214,41.7373,,28.3604
37.8404,383.282,41.4791,,27.7258
37.8605,437.976,41.1883,,26.9884
37.8802,491.094,40.8411,,26.153
37.9002,542.442,40.4487,,25.2242
37.9203,591.837,40.0205,,24.2064
37.9403,639.106,39.5488,,23.1053
37.9603,684.066,39.0254,,21.9052
37.9803,726.576,38.4367,,20.6464
38.0003,766.462,37.7881,,19.2994
38.0204,803.589,37.07,,17.8907
38.0404,837.84,36.2887,,16.417
38.0604,869.059,35.4095,,14.8766
38.0804,897.164,34.4308,,13.2901
38.1004,922.024,33.3349,,11.6529
38.1202,943.59,32.0937,,9.97848
38.1402,961.724,30.6541,,8.249
38.1603,976.423,28.9439,,6.52312
38.1803,987.604,26.8655,,4.74514
38.2003,995.231,24.2235,,2.96803
38.2203,999.273,20.6231,,1.17103
38.2403,999.729,15.3608,,-0.632566
38.2604,996.564,7.53532,,-2.43564
38.2804,989.837,-2.47685,,-4.20996
38.3004,979.531,-12.1301,,-5.99405
38.3204,965.703,-19.7532,,-7.74196
38.3404,948.419,-25.3973,,-9.46079
38.3605,927.681,-29.4914,,-11.175
38.3802,903.636,-32.4238,,-12.7961
38.4002,876.333,-34.5609,,-14.4129
38.4203,845.868,-36.143,,-15.964
38.4403,812.35,-37.3388,,-17.4566
38.4603,775.944,-38.2881,,-18.8747
38.4803,736.72,-39.0518,,-20.2689
38.5003,694.844,-39.6891,,-21.5365
38.5204,650.47,-40.2316,,-22.7556
38.5404,603.764,-40.7024,,-23.8873
38.5604,554.87,-41.1176,,-24.9332
38.5804,503.986,-41.4658,,-25.888
38.6004,451.294,-41.7789,,-26.7499
38.6202,396.971,-42.0438,,-27.518
38.6402,341.218,-42.2679,,-28.182
38.6603,284.244,-42.4523,,-28.7468
38.6803,226.247,-42.5869,,-29.2109
38.7003,167.43,-42.6853,,-29.5704
38.7203,108.014,-42.7512,,-29.817
38.7403,48.2088,-42.7804,,-29.9623
38.7604,-11.7701,-42.7724,,-29.9972
38.7804,-71.7071,-42.7171,,-29.9251
38.8004,-131.385,-42.6323,,-29.7448
38.8204,-190.59,-42.5107,,-29.4571
38.8404,-249.105,-42.3531,,-29.0637
38.8605,-306.731,-42.15,,-28.5663
38.8802,-363.256,-41.9023,,-27.9661
38.9002,-418.464,-41.6306,,-27.2656
38.9203,-472.168,-41.3043,,-26.4679
38.9403,-524.183,-40.9362,,-25.5676
38.9603,-574.304,-40.5274,,-24.5871
38.9803,-622.349,-40.072,,-23.5044
39.0003,-668.159,-39.5653,,-22.356
39.0204,-711.58,-38.9915,,-21.1015
39.0404,-752.43,-38.3689,,-19.8045
39.0604,-790.557,-37.6921,,-18.3877
39.0804,-825.856,-36.9269,,-16.9615
39.1004,-858.173,-36.0927,,-15.4334
39.1202,-887.418,-35.1514,,-13.8649
39.1402,-913.458,-34.1012,,-12.2553
39.1603,-936.209,-32.9145,,-10.5795
39.1803,-955.588,-31.5433,,-8.87704
39.2003,-971.532,-29.9415,,-7.14442
39.2203,-983.986,-28.0214,,-5.38785
39.2403,-992.895,-25.6011,,-3.61048
39.2604,-998.222,-22.4054,,-1.80898
39.2804,-999.973,-17.8441,,-0.031678
39.3004,-998.113,-11.0229,,1.78993
39.3204,-992.669,-1.56768,,3.57358
39.3404,-983.65,8.53771,,5.35886
39.3605,-971.077,16.9537,,7.11465
39.3802,-955.017,23.289,,8.86005
39.4002,-935.52,27.9155,,10.5447
39.4203,-912.659,31.2407,,12.2192
39.4403,-886.525,33.6329,,13.8322
39.4603,-857.178,35.3901,,15.4219
39.4803,-824.758,36.7199,,16.917
39.5003,-789.366,37.7458,,18.3997
39.5204,-751.117,38.5562,,19.7529
39.5404,-710.206,39.2339,,21.0915
39.5604,-666.71,39.8137,,22.3244
39.5804,-620.827,40.3129,,23.4904
39.6004,-572.7,40.7386,,24.5653
39.6202,-522.517,41.1097,,25.5551
39.6402,-470.449,41.4424,,26.4533
39.6603,-416.693,41.7194,,27.2457
39.6803,-361.438,41.9471,,27.9573
39.7003,-304.88,42.1361,,28.5556
39.7203,-247.222,42.3013,,29.0581
39.7403,-188.676,42.4192,,29.4513
39.7604,-129.454,42.484,,29.7398
39.7804,-69.7632,42.5172,,29.9226
39.8004,-9.82178,42.519,,29.9972
39.8204,50.1554,42.4868,,29.9639
39.8404,109.951,42.4065,,29.8211
39.8605,169.352,42.2946,,29.5744
39.8802,228.148,42.1402,,29.2203
39.9002,286.115,41.9526,,28.7547
39.9203,343.055,41.7289,,28.1948
39.9403,398.757,41.456,,27.5268
39.9603,453.029,41.1467,,26.7667
39.9803,505.67,40.7915,,25.8991
40.0003,556.488,40.3889,,24.954
40.0204,605.314,39.9501,,23.9044
40.0404,651.946,39.4647,,22.7729
40.0604,696.249,38.9154,,21.5726
40.0804,738.026,38.3106,,20.2499
40.1004,777.133,37.6467,,18.9336
40.1202,813.496,36.9145,,17.4788
40.1402,846.897,36.0999,,15.9905
40.1603,877.253,35.1949,,14.4326
40.1803,904.455,34.1885,,12.8387
40.2003,928.406,33.0566,,11.1891
40.2203,948.998,31.7596,,9.49512
40.2403,966.198,30.2455,,7.77486
40.2604,979.914,28.4532,,6.02166
40.2804,990.104,26.2437,,4.25498
40.3004,996.718,23.3714,,2.45087
40.3204,999.754,19.3877,,0.683264
40.3404,999.206,13.488,,-1.15073
40.3605,995.038,4.88719,,-2.93275
40.3802,987.289,-5.33282,,-4.7192
40.4002,976.001,-14.4964,,-6.47867
40.4203,961.196,-21.535,,-8.22821
40.4403,942.94,-26.7145,,-9.94383
40.4603,921.282,-30.4605,,-11.6291
40.4803,896.293,-33.1454,,-13.256
40.5003,868.104,-35.098,,-14.8527
40.5204,836.778,-36.5558,,-16.3877
40.5404,802.436,-37.6789,,-17.8642
40.5604,765.234,-38.5711,,-19.2779
40.5804,725.24,-39.2967,,-20.618
40.6004,682.65,-39.9013,,-21.8842
40.6202,637.617,-40.4241,,-23.088
40.6402,590.268,-40.8822,,-24.1916
40.6603,540.802,-41.2727,,-25.2111
40.6803,489.391,-41.608,,-26.1373
40.7003,436.223,-41.9094,,-26.9772
40.7203,381.481,-42.1703,,-27.7068
40.7403,325.374,-42.388,,-28.3504
40.7604,268.086,-42.539,,-28.8907
40.7804,209.841,-42.6716,,-29.3246
40.8004,150.831,-42.7736,,-29.6479
40.8204,91.285,-42.8184,,-29.8697
40.8404,31.4081,-42.8303,,-29.983
40.8605,-28.5804,-42.8152,,-29.9877
40.8802,-88.4661,-42.7602,,-29.8853
40.9002,-148.034,-42.6555,,-29.6747
40.9203,-207.069,-42.5222,,-29.3558
40.9403,-265.358,-42.3596,,-28.9382
40.9603,-322.691,-42.1459,,-28.4067
40.9803,-378.864,-41.8822,,-27.7809
41.0003,-433.675,-41.5901,,-27.0505
41.0204,-486.921,-41.2641,,-26.2228
41.0404,-538.42,-40.8878,,-25.3029
41.0604,-587.984,-40.4577,,-24.2955
41.0804,-635.428,-39.9884,,-23.1896
41.1004,-680.583,-39.4601,,-22.0122
41.1202,-723.281,-38.8787,,-20.7436
41.1402,-763.418,-38.2429,,-19.4191
41.1603,-800.741,-37.5352,,-17.9932
41.1803,-835.216,-36.7538,,-16.5364
41.2003,-866.687,-35.8857,,-15.0046
41.2203,-895.036,-34.9196,,-13.4141
41.2403,-920.164,-33.8346,,-11.7891
41.2604,-941.991,-32.5945,,-10.1141
41.2804,-960.418,-31.1719,,-8.39542
41.3004,-975.383,-29.4893,,-6.65282
41.3204,-986.851,-27.4444,,-4.88774
41.3404,-994.75,-24.8438,,-3.1118
41.3605,-999.081,-21.3364,,-1.30976
41.3802,-999.812,-16.2344,,0.502229
41.4002,-996.941,-8.62255,,2.27856
41.4203,-990.487,1.31998,,4.07225
41.4403,-980.481,11.1157,,5.85503
41.4603,-966.922,18.9435,,7.60261
41.4803,-949.906,24.7735,,9.33048
41.5003,-929.448,29.0008,,11.0237
41.5204,-905.671,32.0302,,12.6807
41.5404,-878.607,34.2249,,14.2762
41.5604,-848.407,35.8561,,15.8448
41.5804,-815.136,37.0851,,17.3387
41.6004,-778.939,38.0354,,18.7766
41.6202,-739.939,38.814,,20.1477
41.6402,-698.261,39.4644,,21.4419
41.6603,-654.09,40.0162,,22.6613
41.6803,-607.558,40.483,,23.7986
41.7003,-558.844,40.9033,,24.8532
41.7203,-508.109,41.2752,,25.8139
41.7403,-455.559,41.5752,,26.6824
41.7604,-401.355,41.8329,,27.4642
41.7804,-345.71,42.0666,,28.1307
41.8004,-288.825,42.2587,,28.7063
41.8204,-230.901,42.3851,,29.178
41.8404,-172.139,42.4874,,29.5473
41.8605,-112.763,42.5632,,29.8006
41.8802,-52.9814,42.5888,,29.9549
41.9002,6.99217,42.5649,,29.9985
41.9203,66.9402,42.5167,,29.9343
41.9403,126.646,42.4443,,29.7637
41.9603,185.895,42.3163,,29.4823
41.9803,244.483,42.142,,29.1006
42.0003,302.182,41.9465,,28.6125
42.0204,358.801,41.7148,,28.0136
42.0404,414.121,41.4335,,27.3277
42.0604,467.952,41.1098,,26.5337
42.0804,520.108,40.7355,,25.6431
42.1004,570.381,40.3284,,24.6674
42.1202,618.605,39.8764,,23.5965
42.1402,664.607,39.3649,,22.4476
42.1603,708.21,38.8058,,21.202
42.1803,749.253,38.1928,,19.8988
42.2003,787.623,37.5042,,18.522
42.2203,823.15,36.7444,,17.0717
42.2403,855.724,35.9024,,15.5691
42.2604,885.212,34.9789,,13.9889
42.2804,911.501,33.944,,12.3686
42.3004,934.51,32.7546,,10.7128
42.3204,954.158,31.4055,,9.02122
42.3404,970.385,29.831,,7.28205
42.3605,983.125,27.9378,,5.53862
42.3802,992.31,25.5558,,3.73981
42.4002,997.926,22.4239,,1.96101
42.4203,999.961,18.0156,,0.161545
42.4403,998.385,11.387,,-1.63829
42.4603,993.234,2.07754,,-3.4332
42.4803,984.489,-8.09479,,-5.2149
42.5003,972.204,-16.6897,,-6.97717
42.5204,956.422,-23.1835,,-8.71533
42.5404,937.195,-27.9276,,-10.4209
42.5604,914.6,-31.3403,,-12.0778
42.5804,888.723,-33.7995,,-13.7151
42.6004,859.628,-35.6032,,-15.2845
42.6202,827.458,-36.951,,-16.8041
42.6402,792.298,-37.9975,,-18.2759
42.6603,754.268,-38.8411,,-19.6578
42.6803,713.562,-39.5313,,-20.9831
42.7003,670.274,-40.1134,,-22.2267
42.7203,624.574,-40.6122,,-23.411
42.7403,576.612,-41.0455,,-24.4766
42.7604,526.588,-41.4313,,-25.482
42.7804,474.666,-41.7651,,-26.381
42.8004,421.035,-42.044,,-27.193
42.8204,365.884,-42.283,,-27.9041
42.8404,309.425,-42.4903,,-28.5107
42.8605,251.851,-42.6532,,-29.0186
42.8802,193.366,-42.7589,,-29.4266
42.9002,134.188,-42.8327,,-29.7203
42.9203,74.5278,-42.8905,,-29.9125
42.9403,14.5996,-42.9007,,-29.9951
42.9603,-45.3832,-42.8574,,-29.9704
42.9803,-105.203,-42.7808,,-29.8383
43.0003,-164.642,-42.6833,,-29.595
43.0204,-223.486,-42.5453,,-29.2511
43.0404,-281.535,-42.3533,,-28.7969
43.0604,-338.561,-42.1284,,-28.2451
43.0804,-394.373,-41.8714,,-27.5851
43.1004,-448.764,-41.5647,,-26.8232
43.1202,-501.541,-41.2134,,-25.9798
43.1402,-552.515,-40.8259,,-25.0288
43.1603,-601.498,-40.3986,,-23.9922
43.1803,-648.31,-39.9044,,-22.8688
43.2003,-692.803,-39.355,,-21.66
43.2203,-734.787,-38.7609,,-20.3857
43.2403,-774.142,-38.1112,,-19.0266
43.2604,-810.704,-37.3792,,-17.5923
43.2804,-844.35,-36.5648,,-16.1064
43.3004,-874.952,-35.679,,-14.571
43.3204,-902.412,-34.6868,,-12.9593
43.3404,-926.617,-33.5526,,-11.3221
43.3605,-947.504,-32.2696,,-9.63178
43.3802,-964.954,-30.7845,,-7.90919
43.4002,-978.952,-29.0059,,-6.16877
43.4203,-989.426,-26.8233,,-4.38964
43.4403,-996.319,-24.0172,,-2.60048
43.4603,-999.657,-20.1446,,-0.817294
43.4803,-999.378,-14.4209,,0.99797
43.5003,-995.498,-6.0138,,2.7926
43.5204,-988.036,4.18854,,4.5782
43.5404,-977.042,13.5346,,6.33306
43.5604,-962.504,20.785,,8.10204
43.5804,-944.524,26.1348,,9.80713
43.6004,-923.112,29.9846,,11.4957
43.6202,-898.414,32.7615,,13.1233
43.6402,-870.459,34.7838,,14.7314
43.6603,-839.376,36.2855,,16.2686
43.6803,-805.282,37.4193,,17.7416
43.7003,-768.312,38.324,,19.1525
43.7203,-728.53,39.0656,,20.5338
43.7403,-686.139,39.6817,,21.7933
43.7604,-641.292,40.206,,22.9871
43.7804,-594.12,40.6653,,24.1077
43.8004,-544.813,41.0664,,25.1312
43.8204,-493.553,41.4122,,26.0688
43.8404,-440.514,41.7138,,26.9108
43.8605,-385.899,41.9667,,27.6548
43.8802,-329.887,42.1684,,28.3022
43.9002,-272.691,42.3435,,28.8539
43.9203,-214.505,42.489,,29.2911
43.9403,-155.553,42.5745,,29.6281
43.9603,-96.0401,42.6172,,29.8547
43.9803,-36.183,42.6287,,29.9778
44.0003,23.8041,42.6263,,29.991
44.0204,83.7068,42.568,,29.8985
44.0404,143.307,42.452,,29.6948
44.0604,202.393,42.3258,,29.3896
44.0804,260.754,42.162,,28.9712
44.1004,318.166,41.9435,,28.4521
44.1202,374.439,41.6852,,27.8356
44.1402,429.367,41.4005,,27.1149
44.1603,482.751,41.072,,26.2917
44.1803,534.391,40.6883,,25.3765
44.2003,584.103,40.2575,,24.3756
44.2203,631.728,39.7864,,23.2865
44.2403,677.075,39.2751,,22.1069
44.2604,719.988,38.7027,,20.845
44.2804,760.295,38.0527,,19.5199
44.3004,797.867,37.3506,,18.1206
44.3204,832.582,36.5749,,16.6548
44.3404,864.294,35.7097,,15.1242
44.3605,892.89,34.7499,,13.548
44.3802,918.285,33.6667,,11.9108
44.4002,940.368,32.4495,,10.2516
44.4203,959.075,31.0401,,8.5364
44.4403,974.313,29.377,,6.78555
44.4603,986.049,27.3683,,5.03829
44.4803,994.246,24.8209,,3.24473
44.5003,998.871,21.3932,,1.46678
44.5204,999.901,16.4533,,-0.349576
44.5404,997.312,9.04728,,-2.14996
44.5604,991.136,-0.799728,,-3.92854
44.5804,981.406,-10.7295,,-5.71556
44.6004,968.136,-18.7242,,-7.4646
44.6202,951.379,-24.6989,,-9.1993
44.6402,931.201,-29.0437,,-10.88
44.6603,907.677,-32.1605,,-12.5586
44.6803,880.884,-34.4076,,-14.1585
44.7003,850.921,-36.0638,,-15.7119
44.7203,817.891,-37.3285,,-17.2296
44.7403,781.897,-38.3114,,-18.6853
44.7604,743.128,-39.0996,,-20.0145
44.7804,701.68,-39.7552,,-21.341
44.8004,657.696,-40.3169,,-22.5636
44.8204,611.353,-40.8021,,-23.7128
44.8404,562.793,-41.2225,,-24.7795
44.8605,512.213,-41.5795,,-25.7381
44.8802,459.793,-41.9011,,-26.6185
44.9002,405.725,-42.1796,,-27.3999
44.9203,350.187,-42.4132,,-28.0847
44.9403,293.395,-42.5894,,-28.661
44.9603,235.548,-42.7368,,-29.1456
44.9803,176.846,-42.8506,,-29.5193
45.0003,117.509,-42.9186,,-29.7859
45.0204,57.7506,-42.9447,,-29.9469
45.0404,-2.21432,-42.9438,,-29.999
45.0604,-62.1724,-42.9055,,-29.9434
45.0804,-121.907,-42.82,,-29.7808
45.1004,-181.203,-42.6978,,-29.5109
45.1202,-239.844,-42.5475,,-29.1345
45.1402,-297.626,-42.3624,,-28.6527
45.1603,-354.337,-42.1227,,-28.0672
45.1803,-409.771,-41.8403,,-27.3858
45.2003,-463.727,-41.5238,,-26.5978
45.2203,-516.015,-41.1727,,-25.7183
45.2403,-566.449,-40.7638,,-24.7436
45.2604,-614.843,-40.3137,,-23.6899
45.2804,-661.023,-39.8191,,-22.5354
45.3004,-704.829,-39.2545,,-21.3226
45.3204,-746.087,-38.6366,,-19.9886
45.3404,-784.682,-37.9569,,-18.6493
45.3605,-820.435,-37.2175,,-17.1776
45.3802,-853.237,-36.3906,,-15.6924
45.4002,-882.991,-35.4618,,-14.1158
45.4203,-909.519,-34.4308,,-12.5008
45.4403,-932.806,-33.265,,-10.8527
45.4603,-952.721,-31.9228,,-9.14658
45.4803,-969.23,-30.3574,,-7.43291
45.5003,-982.234,-28.4885,,-5.67119
45.5204,-991.716,-26.1646,,-3.88866
45.5404,-997.619,-23.1051,,-2.10381
45.5604,-999.939,-18.8,,-0.300583
45.5804,-998.649,-12.3846,,1.49241
45.6004,-993.778,-3.24478,,3.28823
45.6202,-985.323,6.99307,,5.07673
45.6402,-973.317,15.7972,,6.83561
45.6603,-957.812,22.4802,,8.57735
45.6803,-938.856,27.3865,,10.2883
45.7003,-916.524,30.9108,,11.9516
45.7203,-890.9,33.4384,,13.5909
45.7403,-862.07,35.2949,,15.1556
45.7604,-830.124,36.6898,,16.694
45.7804,-795.203,37.761,,18.1522
45.8004,-757.423,38.6026,,19.5508
45.8204,-716.896,39.2959,,20.887
45.8404,-673.798,39.8921,,22.1368
45.8605,-628.283,40.4052,,23.3056
45.8802,-580.512,40.8474,,24.4
45.9002,-530.642,41.2237,,25.4036
45.9203,-478.863,41.5543,,26.3133
45.9403,-425.367,41.8423,,27.1259
45.9603,-370.33,42.0897,,27.8561
45.9803,-313.963,42.2951,,28.4652
46.0003,-256.466,42.4417,,28.9883
46.0204,-198.053,42.5663,,29.3908
46.0404,-138.923,42.6528,,29.702
46.0604,-79.2923,42.6976,,29.9018
46.0804,-19.376,42.6898,,29.992
46.1004,40.609,42.6582,,29.9755
46.1202,100.449,42.6095,,29.8527
46.1402,159.927,42.4926,,29.6199
46.1603,218.833,42.3321,,29.2851
46.1803,276.946,42.1495,,28.8332
46.2003,334.062,41.9431,,28.2915
46.2203,389.98,41.684,,27.6416
46.2403,444.488,41.3687,,26.8939
46.2604,497.405,41.0144,,26.0449
46.2804,548.524,40.6282,,25.1056
46.3004,597.678,40.1952,,24.08
46.3204,644.668,39.7119,,22.9582
46.3404,689.352,39.1651,,21.768
46.3605,731.561,38.5738,,20.4994
46.3802,771.127,37.9354,,19.1143
46.4002,807.898,37.1959,,17.7184
46.4203,841.782,36.3818,,16.2297
46.4403,872.633,35.5035,,14.6927
46.4603,900.355,34.525,,13.0947
46.4803,924.814,33.3987,,11.4477
46.5003,945.956,32.1116,,9.77114
46.5204,963.696,30.6559,,8.04647
46.5404,977.96,28.9151,,6.30602
46.5604,988.713,26.7603,,4.53247
46.5804,995.902,24.0045,,2.73983
46.6004,999.514,20.2429,,0.965352
46.6202,999.533,14.7047,,-0.858534
46.6402,995.944,6.48949,,-2.64517
46.6603,988.78,-3.698,,-4.42568
46.6803,978.044,-13.1898,,-6.2148
46.7003,963.791,-20.6065,,-7.94919
46.7203,946.074,-26.1028,,-9.68016
46.7403,924.941,-30.0726,,-11.357
46.7604,900.494,-32.9045,,-13.0008
46.7804,872.796,-34.9694,,-14.6073
46.8004,841.961,-36.512,,-16.1471
46.8204,808.1,-37.685,,-17.6305
46.8404,771.332,-38.5975,,-19.0608
46.8605,731.775,-39.3484,,-20.4081
46.8802,689.606,-39.9859,,-21.6836
46.9002,644.943,-40.5149,,-22.9031
46.9203,597.958,-40.9748,,-24.019
46.9403,548.816,-41.3838,,-25.053
46.9603,497.705,-41.7323,,-25.9971
46.9803,444.805,-42.0368,,-26.845
47.0003,390.301,-42.2981,,-27.6038
47.0204,334.391,-42.5226,,-28.2567
47.0404,277.277,-42.6971,,-28.8106
47.0604,219.171,-42.8237,,-29.2596
47.0804,160.27,-42.9262,,-29.6043
47.1004,100.796,-42.9963,,-29.8411
47.1202,40.9577,-43.0121,,-29.9726
47.1402,-19.0275,-42.991,,-29.9942
47.1603,-78.9454,-42.9383,,-29.9098
47.1803,-138.578,-42.8582,,-29.7155
47.2003,-197.713,-42.7268,,-29.4152
47.2203,-256.135,-42.5551,,-29.0106
47.2403,-313.636,-42.3536,,-28.4976
47.2604,-370.01,-42.1146,,-27.8896
47.2804,-425.048,-41.822,,-27.1728
47.3004,-478.555,-41.4831,,-26.3588
47.3204,-530.351,-41.1174,,-25.4578
47.3404,-580.223,-40.7136,,-24.4577
47.3605,-628.011,-40.2413,,-23.3688
47.3802,-673.541,-39.7133,,-22.2052
47.4002,-716.655,-39.1489,,-20.9566
47.4203,-757.163,-38.5153,,-19.616
47.4403,-794.981,-37.813,,-18.2467
47.4603,-829.945,-37.0427,,-16.7682
47.4803,-861.886,-36.198,,-15.2596
47.5003,-890.743,-35.2477,,-13.6721
47.5204,-916.391,-34.1691,,-12.0412
47.5404,-938.724,-32.9541,,-10.3723
47.5604,-957.707,-31.5639,,-8.68394
47.5804,-973.242,-29.926,,-6.92989
47.6004,-985.242,-27.943,,-5.16799
47.6202,-993.73,-25.4387,,-3.39808
47.6402,-998.628,-22.0958,,-1.59027
47.6603,-999.937,-17.3011,,0.196743
47.6803,-997.657,-10.1102,,1.99445
47.7003,-991.772,-0.365526,,3.78904
47.7203,-982.312,9.67364,,5.58459
47.7403,-969.316,17.8875,,7.31994
47.7604,-952.846,24.0505,,9.06044
47.7804,-932.943,28.5312,,10.747
47.8004,-909.69,31.7436,,12.4224
47.8204,-883.142,34.0694,,14.0311
47.8404,-853.424,35.7802,,15.5994
47.8605,-820.634,37.0702,,17.1086
47.8802,-784.886,38.06,,18.5571
47.9002,-746.323,38.8609,,19.9268
47.9203,-705.082,39.537,,21.241
47.9403,-661.286,40.1019,,22.4744
47.9603,-615.12,40.5807,,23.6227
47.9803,-566.74,41.0101,,24.6861
48.0003,-516.316,41.3859,,25.6696
48.0204,-464.039,41.7013,,26.5521
48.0404,-410.089,41.9649,,27.3415
48.0604,-354.663,42.2054,,28.0341
48.0804,-297.957,42.4006,,28.6238
48.1004,-240.175,42.5471,,29.1111
48.1202,-181.545,42.6518,,29.4907
48.1402,-122.253,42.7212,,29.7677
48.1603,-62.521,42.7563,,29.9377
48.1803,-2.5633,42.7483,,29.9991
48.2003,57.4031,42.7113,,29.952
48.2203,117.163,42.6277,,29.7976
48.2403,176.503,42.5097,,29.5381
48.2604,235.21,42.3567,,29.1683
48.2804,293.061,42.1567,,28.6923
48.3004,349.862,41.9264,,28.1163
48.3204,405.401,41.6503,,27.4433
48.3404,459.491,41.3361,,26.6702
48.3605,511.922,40.9753,,25.7896
48.3802,562.509,40.5669,,24.828
48.4002,611.068,40.1219,,23.7681
48.4203,657.421,39.6192,,22.6302
48.4403,701.422,39.0709,,21.4176
48.4603,742.918,38.4622,,20.1345
48.4803,781.718,37.7824,,18.7287
48.5003,817.702,37.0398,,17.3036
48.5204,850.735,36.2078,,15.8016
48.5404,880.713,35.2942,,14.2466
48.5604,907.534,34.2721,,12.6381
48.5804,931.081,33.1144,,10.9844
48.6004,951.276,31.7855,,9.28851
48.6202,968.043,30.2444,,7.56497
48.6402,981.334,28.4048,,5.80948
48.6603,991.086,26.1165,,4.02914
48.6803,997.282,23.1261,,2.25006
48.7003,999.891,18.9491,,0.44985
48.7203,998.881,12.7146,,-1.36347
48.7403,994.285,3.75217,,-3.13934
48.7604,986.127,-6.52324,,-4.93543
48.7804,974.403,-15.5033,,-6.69596
48.8004,959.172,-22.3518,,-8.43683
48.8204,940.493,-27.376,,-10.1578
48.8404,918.425,-30.9962,,-11.8186
48.8605,893.059,-33.6041,,-13.4619
48.8802,864.47,-35.5021,,-15.0366
48.9002,832.787,-36.9181,,-16.5654
48.9203,798.086,-38.0113,,-18.0443
48.9403,760.541,-38.8795,,-19.4427
48.9603,720.215,-39.5975,,-20.776
48.9803,677.317,-40.1992,,-22.0499
49.0003,631.99,-40.7074,,-23.2093
49.0204,584.395,-41.1519,,-24.3193
49.0404,534.68,-41.5417,,-25.3273
49.0604,483.056,-41.8889,,-26.241
49.0804,429.685,-42.1772,,-27.0688
49.1004,374.766,-42.4181,,-27.7955
49.1202,318.502,-42.6334,,-28.4236
49.1402,261.087,-42.7989,,-28.946
49.1603,202.734,-42.9247,,-29.3681
49.1803,143.652,-43.0006,,-29.6801
49.2003,84.0531,-43.0551,,-29.8898
49.2203,24.152,-43.0764,,-29.9891
49.2403,-35.8349,-43.0451,,-29.9813
49.2604,-95.6954,-42.9785,,-29.8658
49.2804,-155.209,-42.8756,,-29.6419
49.3004,-214.161,-42.7412,,-29.3076
49.3204,-272.347,-42.5629,,-28.8822
49.3404,-329.554,-42.3511,,-28.3369
49.3605,-385.578,-42.0929,,-27.6988
49.3802,-440.21,-41.7813,,-26.9565
49.4002,-493.255,-41.4455,,-26.1185
49.4203,-544.527,-41.0716,,-25.1814
49.4403,-593.839,-40.6397,,-24.164
49.4603,-641.008,-40.1504,,-23.0537
49.4803,-685.889,-39.6124,,-21.8644
49.5003,-728.28,-39.034,,-20.5922
49.5204,-768.063,-38.3854,,-19.2325
49.5404,-805.071,-37.6547,,-17.8341
49.5604,-839.198,-36.8694,,-16.3535
49.5804,-870.302,-35.9961,,-14.8223
49.6004,-898.261,-35.0085,,-13.2131
49.6202,-922.978,-33.891,,-11.587
49.6402,-944.401,-32.6324,,-9.8979
49.6603,-962.395,-31.1815,,-8.18654
49.6803,-976.95,-29.4569,,-6.45067
49.7003,-987.987,-27.3409,,-4.67022
49.7203,-995.458,-24.6463,,-2.88751
49.7403,-999.357,-20.976,,-1.09225
49.7604,-999.653,-15.5976,,0.704332
49.7804,-996.359,-7.59689,,2.4982
49.8004,-989.473,2.53452,,4.2908
49.8204,-979.018,12.2055,,6.06904
49.8404,-965.052,19.8317,,7.81442
49.8605,-947.595,25.4913,,9.54392
49.8802,-926.752,29.584,,11.2169
49.9002,-902.569,32.5234,,12.8782
49.9203,-875.114,34.6506,,14.4809
49.9403,-844.528,36.2283,,16.0149
49.9603,-810.92,37.4267,,17.5198
49.9803,-774.354,38.3626,,18.9564
50.0003,-735.032,39.1197,,20.2953
50.0204,-693.068,39.7528,,21.5959
50.0404,-648.585,40.2984,,22.7975
50.0604,-601.776,40.7739,,23.9383
50.0804,-552.807,41.1804,,24.9714
50.1004,-501.841,41.5315,,25.9284
50.1202,-449.076,41.8406,,26.7834
50.1402,-394.7,42.107,,27.5405
50.1603,-338.89,42.3228,,28.2146
50.1803,-281.864,42.4994,,28.771
50.2003,-223.819,42.6405,,29.2246
50.2203,-164.987,42.7422,,29.58
50.2403,-105.547,42.7969,,29.8269
50.2604,-45.7308,42.816,,29.9649
50.2804,14.2502,42.8011,,29.9965
50.3004,74.1801,42.7526,,29.9187
50.3204,133.843,42.6592,,29.7368
50.3404,193.023,42.527,,29.4418
50.3605,251.513,42.3605,,29.0467
50.3802,309.094,42.1623,,28.5425
50.4002,365.566,41.9157,,27.9426
50.4203,420.719,41.6205,,27.2311
50.4403,474.354,41.2953,,26.429
50.4603,526.291,40.9348,,25.5357
50.4803,576.335,40.5094,,24.5424
50.5003,624.292,40.034,,23.4574
50.5204,670.011,39.5338,,22.3063
50.5404,713.322,38.9674,,21.0535
50.5604,754.058,38.3346,,19.7353
50.5804,792.086,37.6319,,18.3515
50.6004,827.244,36.8679,,16.8746
50.6202,859.442,36.023,,15.3826
50.6402,888.549,35.0731,,13.7948
50.6603,914.464,34.0089,,12.1815
50.6803,937.071,32.8071,,10.5119
50.7003,956.316,31.4319,,8.81761
50.7203,972.134,29.8151,,7.07339
50.7403,984.42,27.8553,,5.31007
50.7604,993.189,25.4128,,3.53477
50.7804,998.368,22.1493,,1.73974
50.8004,999.976,17.4825,,-0.0458594
50.8204,997.967,10.5003,,-1.8733
50.8404,992.354,0.893655,,-3.6476
50.8605,983.186,-9.25068,,-5.42731
50.8802,970.49,-17.6452,,-7.18819
50.9002,954.285,-23.958,,-8.91668
50.9203,934.644,-28.5541,,-10.6335
50.9403,911.644,-31.8648,,-12.2787
50.9603,885.365,-34.2483,,-13.9047
50.9803,855.905,-35.9912,,-15.4742
51.0003,823.355,-37.3057,,-16.9885
51.0204,787.84,-38.3284,,-18.4401
51.0404,749.515,-39.1546,,-19.8239
51.0604,708.46,-39.8313,,-21.1367
51.0804,664.868,-40.4002,,-22.3801
51.1004,618.882,-40.8986,,-23.5359
51.1202,570.668,-41.3321,,-24.6103
51.1402,520.396,-41.7039,,-25.5968
51.1603,468.263,-42.022,,-26.4783
51.1803,414.441,-42.309,,-27.2859
51.2003,359.122,-42.5554,,-27.9818
51.2203,302.514,-42.7402,,-28.5792
51.2403,244.823,-42.8897,,-29.0725
51.2604,186.243,-43.0069,,-29.4656
51.2804,126.995,-43.0902,,-29.7527
51.3004,67.2877,-43.126,,-29.9272
51.3204,7.34091,-43.1239,,-29.9984
51.3404,-52.6329,-43.0842,,-29.9595
51.3605,-112.418,-43.015,,-29.8142
51.3802,-171.799,-42.9014,,-29.5623
51.4002,-230.554,-42.7552,,-29.1957
51.4203,-288.488,-42.5653,,-28.7405
51.4403,-345.382,-42.3387,,-28.168
51.4603,-401.031,-42.0701,,-27.5002
51.4803,-455.243,-41.7549,,-26.7312
51.5003,-507.817,-41.4009,,-25.8683
51.5204,-558.554,-41.0124,,-24.9045
51.5404,-607.279,-40.565,,-23.8576
51.5604,-653.82,-40.0677,,-22.7247
51.5804,-698.014,-39.5179,,-21.5223
51.6004,-739.699,-38.9112,,-20.2213
51.6202,-778.726,-38.2446,,-18.8489
51.6402,-814.936,-37.5022,,-17.4234
51.6603,-848.215,-36.6889,,-15.9232
51.6803,-878.436,-35.7832,,-14.3697
51.7003,-905.511,-34.7624,,-12.7737
51.7203,-929.322,-33.6156,,-11.1117
51.7403,-949.789,-32.3027,,-9.42631
51.7604,-966.83,-30.7799,,-7.70168
51.7804,-980.404,-28.9559,,-5.95635
51.8004,-990.439,-26.704,,-4.16591
51.8204,-996.917,-23.7864,,-2.3956
51.8404,-999.823,-19.7162,,-0.595486
51.8605,-999.097,-13.6824,,1.2165
51.8802,-994.793,-4.90512,,3.00686
51.9002,-986.904,5.4012,,4.79166
51.9203,-975.474,14.5771,,6.54738
51.9403,-960.526,21.6203,,8.30833
51.9603,-942.106,26.8132,,10.0202
51.9803,-920.3,30.5539,,11.6895
52.0003,-895.199,33.238,,13.3269
52.0204,-866.865,35.193,,14.9193
52.0404,-835.414,36.6477,,16.4449
52.0604,-800.954,37.7676,,17.9242
52.0804,-763.584,38.6504,,19.3418
52.1004,-723.546,39.3674,,20.6578
52.1202,-680.845,39.9739,,21.9485
52.1402,-635.698,40.4951,,23.1315
52.1603,-588.259,40.9514,,24.2352
52.1803,-538.714,41.3442,,25.2449
52.2003,-487.234,41.6876,,26.1781
52.2203,-433.988,41.9781,,27.0086
52.2403,-379.192,42.2244,,27.7403
52.2604,-323.026,42.4386,,28.3732
52.2804,-265.694,42.6058,,28.9129
52.3004,-207.413,42.734,,29.3334
52.3204,-148.381,42.8156,,29.6623
52.3404,-88.8134,42.8681,,29.8762
52.3605,-28.9289,42.88,,29.9848
52.3802,31.0599,42.852,,29.9859
52.4002,90.9371,42.7918,,29.8785
52.4203,150.487,42.6876,,29.6645
52.4403,209.499,42.55,,29.3453
52.4603,267.752,42.3697,,28.9123
52.4803,325.039,42.1588,,28.3818
52.5003,381.159,41.9004,,27.755
52.5204,435.913,41.5952,,27.0197
52.5404,489.094,41.2625,,26.1885
52.5604,540.51,40.8763,,25.2575
52.5804,589.983,40.4408,,24.2502
52.6004,637.336,39.9605,,23.1453
52.6202,682.391,39.4396,,21.9555
52.6402,724.995,38.8557,,20.6984
52.6603,764.96,38.1974,,19.3429
52.6803,802.219,37.4789,,17.949
52.7003,836.59,36.6995,,16.4928
52.7203,867.928,35.8228,,14.9163
52.7403,896.137,34.8354,,13.3538
52.7604,921.13,33.7404,,11.721
52.7804,942.81,32.5044,,10.0292
52.8004,961.092,31.0571,,8.33101
52.8204,975.922,29.3457,,6.58266
52.8404,987.241,27.2754,,4.82043
52.8605,994.998,24.6445,,3.02918
52.8802,999.186,21.0633,,1.23952
52.9002,999.777,15.84,,-0.557203
52.9203,996.753,8.05184,,-2.3639
52.9403,990.157,-2.01978,,-4.14733
52.9603,980,-11.8276,,-5.91977
52.9803,966.299,-19.6268,,-7.67972
53.0003,949.127,-25.4335,,-9.40664
53.0204,928.53,-29.6439,,-11.0982
53.0404,904.598,-32.6592,,-12.7419
53.0604,877.429,-34.8375,,-14.3447
53.0804,847.09,-36.4518,,-15.9122
53.1004,813.69,-37.6752,,-17.3953
53.1202,777.386,-38.6307,,-18.8292
53.1402,738.271,-39.4118,,-20.2041
53.1603,696.494,-40.058,,-21.4987
53.1803,652.209,-40.6049,,-22.7104
53.2003,605.583,-41.0839,,-23.8483
53.2203,556.78,-41.4952,,-24.8895
53.2403,505.969,-41.8569,,-25.8517
53.2604,453.34,-42.1648,,-26.7211
53.2804,399.077,-42.4396,,-27.4848
53.3004,343.381,-42.6683,,-28.1608
53.3204,286.45,-42.8426,,-28.727
53.3404,228.489,-42.9875,,-29.1954
53.3605,169.698,-43.0957,,-29.5561
53.3802,110.299,-43.1641,,-29.8118
53.4002,50.5038,-43.1824,,-29.9598
53.4203,-9.47321,-43.1783,,-29.9983
53.4403,-69.4159,-43.1334,,-29.9306
53.4603,-129.109,-43.0431,,-29.7525
53.4803,-188.335,-42.9245,,-29.4702
53.5003,-246.883,-42.7687,,-29.0805
53.5204,-304.548,-42.5672,,-28.5913
53.5404,-361.113,-42.3276,,-27.9885
53.5604,-416.381,-42.044,,-27.2949
53.5804,-470.143,-41.7213,,-26.4955
53.6004,-522.222,-41.3632,,-25.6049
53.6202,-572.414,-40.9491,,-24.6272
53.6402,-620.551,-40.4855,,-23.5462
53.6603,-666.454,-39.9768,,-22.3989
53.6803,-709.967,-39.4172,,-21.1637
53.7003,-750.927,-38.7875,,-19.8543
53.7203,-789.161,-38.0954,,-18.4424
53.7403,-824.559,-37.3389,,-17.0121
53.7604,-857.007,-36.506,,-15.4971
53.7804,-886.353,-35.5626,,-13.9272
53.8004,-912.514,-34.5077,,-12.3102
53.8204,-935.403,-33.3178,,-10.6475
53.8404,-954.922,-31.9517,,-8.94894
53.8605,-970.99,-30.3528,,-7.20617
53.8802,-983.578,-28.4273,,-5.45924
53.9002,-992.616,-26.0112,,-3.67587
53.9203,-998.093,-22.834,,-1.87813
53.9403,-999.972,-18.3117,,-0.0876588
53.9603,-998.247,-11.5283,,1.71196
53.9803,-992.941,-2.06483,,3.50872
54.0003,-984.053,8.17092,,5.28561
54.0204,-971.626,16.7728,,7.05405
54.0404,-955.704,23.2747,,8.78088
54.0604,-936.329,28.0294,,10.4952
54.0804,-913.601,31.442,,12.1525
54.1004,-887.576,33.8985,,13.7782
54.1202,-858.37,35.6979,,15.3488
54.1402,-826.05,37.0472,,16.8706
54.1603,-790.772,38.0907,,18.3262
54.1803,-752.663,38.916,,19.7036
54.2003,-711.832,39.5993,,21.0458
54.2203,-668.433,40.1845,,22.2818
54.2403,-622.625,40.6899,,23.4504
54.2604,-574.583,41.124,,24.5269
54.2804,-524.471,41.5005,,25.5173
54.3004,-472.48,41.8323,,26.418
54.3204,-418.786,42.1101,,27.2236
54.3404,-363.574,42.3458,,27.9314
54.3605,-307.066,42.5512,,28.5323
54.3802,-249.443,42.6967,,29.0426
54.4002,-190.934,42.819,,29.4344
54.4203,-131.732,42.8953,,29.7325
54.4403,-72.0543,42.9304,,29.9181
54.4603,-12.1186,42.9334,,29.996
54.4803,47.8607,42.8956,,29.9667
54.5003,107.667,42.8205,,29.8298
54.5204,167.087,42.7111,,29.5842
54.5404,225.906,42.5623,,29.2344
54.5604,283.912,42.3729,,28.7771
54.5804,340.895,42.1441,,28.2183
54.6004,396.647,41.8774,,27.5496
54.6202,450.977,41.5652,,26.7982
54.6402,503.687,41.2147,,25.9451
54.6603,554.584,40.8111,,24.9815
54.6803,603.475,40.3705,,23.9521
54.7003,650.214,39.8756,,22.8167
54.7203,694.585,39.334,,21.6067
54.7403,736.478,38.7338,,20.3236
54.7604,775.701,38.061,,18.9783
54.7804,812.162,37.3216,,17.5325
54.8004,845.676,36.5101,,16.0478
54.8204,876.152,35.6084,,14.4978
54.8404,903.479,34.5989,,12.901
54.8605,927.554,33.4578,,11.2579
54.8802,948.28,32.1657,,9.54809
54.9002,965.595,30.6609,,7.84284
54.9203,979.44,28.8591,,6.0884
54.9403,989.772,26.6501,,4.32424
54.9603,996.531,23.7946,,2.52437
54.9803,999.709,19.8435,,0.732294
55.0003,999.28,13.9825,,-1.06925
55.0204,995.265,5.3925,,-2.85696
55.0404,987.661,-4.91201,,-4.65202
55.0604,976.486,-14.2464,,-6.41993
55.0804,961.833,-21.4653,,-8.15801
55.1004,943.69,-26.7907,,-9.88497
55.1202,922.156,-30.6401,,-11.5616
55.1402,897.313,-33.3921,,-13.1894
55.1603,869.248,-35.3921,,-14.7903
55.1803,838.042,-36.8863,,-16.3353
55.2003,803.802,-38.0229,,-17.8086
55.2203,766.684,-38.9239,,-19.235
55.2403,726.818,-39.656,,-20.5606
55.2604,684.329,-40.2813,,-21.836
55.2804,639.376,-40.8091,,-23.04
55.3004,592.123,-41.2612,,-24.148
55.3204,542.736,-41.6607,,-25.175
55.3404,491.395,-42.0058,,-26.104
55.3605,438.292,-42.3091,,-26.947
55.3802,383.599,-42.5633,,-27.6861
55.4002,327.539,-42.7804,,-28.329
55.4203,270.3,-42.9508,,-28.8661
55.4403,212.08,-43.0831,,-29.3109
55.4603,153.102,-43.173,,-29.6366
55.4803,93.5718,-43.2341,,-29.8635
55.5003,33.7045,-43.2512,,-29.9799
55.5204,-26.2845,-43.228,,-29.9902
55.5404,-86.1782,-43.1707,,-29.8912
55.5604,-145.761,-43.0817,,-29.6838
55.5804,-204.82,-42.9429,,-29.3751
55.6004,-263.148,-42.7694,,-28.9536
55.6202,-320.521,-42.5698,,-28.4308
55.6402,-376.743,-42.3151,,-27.8049
55.6603,-431.608,-42.0109,,-27.0781
55.6803,-484.917,-41.6776,,-26.2563
55.7003,-536.482,-41.3049,,-25.3406
55.7203,-586.121,-40.8861,,-24.3334
55.7403,-633.646,-40.4058,,-23.2322
55.7604,-678.895,-39.8767,,-22.0624
55.7804,-721.7,-39.3021,,-20.7949
55.8004,-761.934,-38.6521,,-19.472
55.8204,-799.374,-37.9422,,-18.0538
55.8404,-833.962,-37.1679,,-16.5947
55.8605,-865.553,-36.3011,,-15.0569
55.8802,-894.022,-35.3335,,-13.4756
55.9002,-919.252,-34.2395,,-11.8433
55.9203,-941.22,-33.0025,,-10.1884
55.9403,-959.773,-31.5795,,-8.45257
55.9603,-974.864,-29.8937,,-6.72449
55.9803,-986.473,-27.8502,,-4.96336
56.0003,-994.515,-25.264,,-3.16657
56.0204,-998.979,-21.7734,,-1.38535
56.0404,-999.866,-16.7101,,0.416408
56.0604,-997.125,-9.13959,,2.21713
56.0804,-990.816,0.851963,,4.01614
56.1004,-980.927,10.8074,,5.77301
56.1202,-967.515,18.8193,,7.54513
56.1402,-950.629,24.804,,9.25621
56.1603,-930.306,29.1494,,10.9665
56.1803,-906.634,32.2624,,12.6198
56.2003,-879.71,34.5133,,14.2231
56.2203,-849.604,36.1737,,15.787
56.2403,-816.45,37.4206,,17.2796
56.2604,-780.388,38.3954,,18.7007
56.2804,-741.485,39.1837,,20.119
56.3004,-699.906,39.8283,,21.3896
56.3204,-655.826,40.3879,,22.6156
56.3404,-609.382,40.8774,,23.7597
56.3605,-560.74,41.2993,,24.8132
56.3802,-510.087,41.6574,,25.7757
56.4002,-457.596,41.967,,26.659
56.4203,-403.455,42.2444,,27.4246
56.4403,-347.872,42.4685,,28.1104
56.4603,-291.021,42.6506,,28.6914
56.4803,-233.128,42.8019,,29.1616
56.5003,-174.404,42.909,,29.5278
56.5204,-115.047,42.9696,,29.7974
56.5404,-55.2746,42.9976,,29.9506
56.5604,4.69516,42.9889,,29.9987
56.5804,64.6482,42.9405,,29.9393
56.6004,124.368,42.8572,,29.7711
56.6202,183.64,42.7351,,29.496
56.6402,242.248,42.5734,,29.1177
56.6603,299.99,42.3718,,28.6284
56.6803,356.647,42.1417,,28.0438
56.7003,412.033,41.8518,,27.3539
56.7203,465.926,41.5292,,26.5639
56.7403,518.139,41.1596,,25.6807
56.7604,568.493,40.7567,,24.7061
56.7804,616.799,40.2953,,23.6377
56.8004,662.88,39.7837,,22.4938
56.8204,706.59,39.2301,,21.2601
56.8404,747.745,38.6119,,19.9505
56.8605,786.212,37.9187,,18.5664
56.8802,821.85,37.1593,,17.1376
56.9002,854.53,36.3166,,15.617
56.9203,884.139,35.3953,,14.049
56.9403,910.559,34.351,,12.4394
56.9603,933.699,33.1643,,10.7824
56.9803,953.486,31.8118,,9.08601
57.0003,969.834,30.2339,,7.34394
57.0204,982.706,28.3397,,5.61058
57.0404,992.032,25.9762,,3.8014
57.0604,997.785,22.8629,,2.03853
57.0804,999.955,18.4689,,0.226359
57.1004,998.525,11.8913,,-1.57622
57.1202,993.495,2.58306,,-3.36039
57.1402,984.894,-7.72094,,-5.14385
57.1603,972.737,-16.5035,,-6.91279
57.1803,957.094,-23.1593,,-8.65755
57.2003,937.995,-28.0426,,-10.3436
57.2203,915.545,-31.5493,,-12.0185
57.2403,889.767,-34.0666,,-13.6618
57.2604,860.799,-35.9092,,-15.2282
57.2804,828.731,-37.2862,,-16.7531
57.3004,793.682,-38.3481,,-18.2132
57.3204,755.76,-39.2026,,-19.6031
57.3404,715.171,-39.9029,,-20.9345
57.3605,671.975,-40.4915,,-22.1756
57.3802,626.365,-40.9924,,-23.3641
57.4002,578.484,-41.4401,,-24.447
57.4203,528.539,-41.8224,,-25.439
57.4403,476.68,-42.1507,,-26.3516
57.4603,423.119,-42.4423,,-27.1584
57.4803,368.029,-42.6911,,-27.8822
57.5003,311.608,-42.8925,,-28.4889
57.5204,254.072,-43.0554,,-29.0051
57.5404,195.62,-43.1721,,-29.4071
57.5604,136.468,-43.2538,,-29.7122
57.5804,76.8198,-43.2998,,-29.9084
57.6004,16.8952,-43.3052,,-29.9935
57.6202,-43.0882,-43.2808,,-29.9736
57.6402,-102.917,-43.2112,,-29.8441
57.6603,-162.374,-43.0985,,-29.6062
57.6803,-221.251,-42.9607,,-29.2708
57.7003,-279.33,-42.7829,,-28.8131
57.7203,-336.396,-42.5594,,-28.265
57.7403,-392.258,-42.2874,,-27.613
57.7604,-446.714,-41.9851,,-26.8627
57.7804,-499.556,-41.649,,-26.0086
57.8004,-550.598,-41.2445,,-25.0621
57.8204,-599.661,-40.8071,,-24.0374
57.8404,-646.571,-40.332,,-22.9132
57.8605,-691.141,-39.788,,-21.7108
57.8802,-733.241,-39.1725,,-20.418
57.9002,-772.663,-38.5193,,-19.0852
57.9203,-809.353,-37.7993,,-17.6565
57.9403,-843.108,-36.9941,,-16.1682
57.9603,-873.847,-36.088,,-14.6333
57.9803,-901.421,-35.0914,,-13.0204
58.0003,-925.746,-33.9707,,-11.3771
58.0204,-946.75,-32.6806,,-9.70669
58.0404,-964.352,-31.1763,,-7.97038
58.0604,-978.485,-29.41,,-6.23497
58.0804,-989.081,-27.246,,-4.45588
58.1004,-996.133,-24.4441,,-2.67734
58.1202,-999.59,-20.5842,,-0.877754
58.1402,-999.451,-14.9095,,0.925137
58.1603,-995.714,-6.53511,,2.72564
58.1803,-988.393,3.7576,,4.49991
58.2003,-977.525,13.2873,,6.28309
58.2203,-963.126,20.7089,,8.02972
58.2403,-945.262,26.1998,,9.73805
58.2604,-924.002,30.1685,,11.4284
58.2804,-899.415,33.0158,,13.0725
58.3004,-871.583,35.0759,,14.6637
58.3204,-840.633,36.604,,16.2082
58.3404,-806.638,37.7704,,17.694
58.3605,-769.762,38.6883,,19.1148
58.3802,-730.093,39.4287,,20.4636
58.4002,-687.796,40.0538,,21.7495
58.4203,-643.04,40.5924,,22.94
58.4403,-595.966,41.0523,,24.0659
58.4603,-546.735,41.4571,,25.0948
58.4803,-495.552,41.812,,26.0312
58.5003,-442.581,42.1134,,26.8771
58.5204,-388.015,42.3659,,27.6367
58.5404,-332.051,42.5769,,28.2818
58.5604,-274.891,42.7612,,28.829
58.5804,-216.749,42.8985,,29.2749
58.6004,-157.824,42.9827,,29.6163
58.6202,-98.3276,43.0336,,29.85
58.6402,-38.4792,43.0578,,29.9748
58.6603,21.5079,43.0448,,29.9929
58.6803,81.418,42.9852,,29.9031
58.7003,141.034,42.8789,,29.7044
58.7203,200.143,42.7455,,29.4007
58.7403,258.528,42.583,,28.9907
58.7604,315.988,42.3678,,28.4758
58.7804,372.306,42.1165,,27.8571
58.8004,427.289,41.8267,,27.1466
58.8204,480.733,41.4916,,26.3211
58.8404,532.443,41.1133,,25.4233
58.8605,582.254,40.6873,,24.4149
58.8802,629.944,40.2173,,23.3224
58.9002,675.39,39.6946,,22.1568
58.9203,718.387,39.1197,,20.896
58.9403,758.818,38.4767,,19.5783
58.9603,796.485,37.7715,,18.17
58.9803,831.315,36.9946,,16.7067
59.0003,863.137,36.1223,,15.1878
59.0204,891.861,35.1602,,13.6053
59.0404,917.37,34.081,,11.9861
59.0604,939.597,32.8653,,10.3091
59.0804,958.423,31.4521,,8.60113
59.1004,973.801,29.7807,,6.8575
59.1202,985.67,27.7752,,5.09295
59.1402,994,25.2478,,3.32687
59.1603,998.759,21.8412,,1.51885
59.1803,999.921,16.9234,,-0.27587
59.2003,997.478,9.55406,,-2.06414
59.2203,991.45,-0.314537,,-3.87148
59.2403,981.853,-10.3948,,-5.64365
59.2604,968.702,-18.5923,,-7.40435
59.2804,952.09,-24.7232,,-9.12785
59.3004,932.041,-29.1843,,-10.8283
59.3204,908.632,-32.3763,,-12.4847
59.3404,881.963,-34.6917,,-14.0909
59.3605,852.121,-36.3885,,-15.6675
59.3802,819.205,-37.6626,,-17.1666
59.4002,783.339,-38.6603,,-18.6274
59.4203,744.654,-39.4704,,-19.9726
59.4403,703.308,-40.1341,,-21.2881
59.4603,659.425,-40.697,,-22.524
59.4803,613.164,-41.1844,,-23.6642
59.5003,564.693,-41.6117,,-24.7374
59.5204,514.185,-41.9766,,-25.7065
59.5404,461.836,-42.3016,,-26.5876
59.5604,407.823,-42.5777,,-27.3661
59.5804,352.345,-42.8176,,-28.0628
59.6004,295.586,-43.0013,,-28.6472
59.6202,237.775,-43.145,,-29.1264
59.6402,179.104,-43.2592,,-29.5052
59.6603,119.79,-43.3342,,-29.7781
59.6803,60.0434,-43.3702,,-29.942
59.7003,0.0823789,-43.3611,,-29.999
59.7203,-59.8797,-43.3198,,-29.9477
59.7403,-119.627,-43.2496,,-29.7886
59.7604,-178.942,-43.1302,,-29.524
59.7804,-237.619,-42.9719,,-29.1513
59.8004,-295.431,-42.7796,,-28.67
59.8204,-352.18,-42.5536,,-28.0924
59.8404,-407.674,-42.2721,,-27.4165
59.8605,-461.692,-41.9508,,-26.6279
59.8802,-514.052,-41.5966,,-25.7553
59.9002,-564.557,-41.1952,,-24.7869
59.9203,-613.03,-40.7418,,-23.7231
59.9403,-659.295,-40.2318,,-22.5857
59.9603,-703.19,-39.6823,,-21.355
59.9803,-744.542,-39.0648,,-20.0429
60.0003,-781.897,-36.5491,,-15.5066