0.0203389,10.2312,30.0336,,9.03404
0.0403279,30.2066,55.9211,,10.0627
0.0603322,50.2122,61.0869,,9.98932
0.0803364,70.1828,61.9747,,9.97869
0.100341,90.1233,61.3849,,9.96186
0.12033,110.026,60.3445,,9.94E+00
0.140334,129.885,59.1941,,9.92E+00
0.160338,149.69,58.0322,,9.88855
0.180327,169.439,56.9323,,9.85894
0.200332,189.117,55.9307,,9.82327
0.220336,208.719,55.0195,,9.78017
0.24034,228.236,54.1707,,9.73447
0.260329,247.649,53.4012,,9.69112
0.280333,266.993,52.7117,,9.64391
0.300338,286.216,52.083,,9.58507
0.320327,305.323,51.4865,,9.52391
0.340331,324.309,50.9385,,9.46E+00
0.360335,343.164,50.4392,,9.39754
0.380339,361.883,49.9686,,9.32671
0.400328,380.458,49.5205,,9.25082
0.420333,398.882,49.0862,,9.17299
0.440337,417.14,48.6841,,9.09368
0.460326,435.237,48.3096,,9.00454
0.48033,453.158,47.9367,,8.91743
0.500335,470.898,47.5742,,8.82546
0.520339,488.445,47.2257,,8.72899
0.540328,505.803,46.9003,,8.63318
0.560332,522.965,46.5705,,8.53043
0.580336,539.905,46.2508,,8.42315
0.600341,556.637,45.9446,,8.30683
0.62033,573.134,45.6333,,8.19738
0.640334,589.409,45.3367,,8.08743
0.660338,605.458,45.0467,,7.96205
0.680327,621.258,44.7522,,7.84E+00
0.700332,636.8,44.458,,7.71E+00
0.720336,652.101,44.1709,,7.59E+00
0.74034,667.138,43.8967,,7.45E+00
0.760329,681.898,43.6156,,7.32E+00
0.780333,696.396,43.3227,,7.18003
0.800338,710.614,43.0318,,7.04432
0.820327,724.551,42.7545,,6.90E+00
0.840331,738.196,42.4768,,6.76E+00
0.860335,7.52E+02,42.1899,,6.59E+00
0.88034,764.596,41.8911,,6.45E+00
0.900329,777.337,41.6087,,6.30E+00
0.920333,789.76,41.3281,,6.14E+00
0.940337,801.873,41.0246,,5.98E+00
0.960326,813.668,40.7204,,5.82E+00
0.98033,825.14,40.423,,5.66E+00
1.00033,836.276,40.1198,,5.48E+00
1.02034,847.09,39.8138,,5.34E+00
1.04033,857.539,39.4849,,5.13E+00
1.06033,867.647,39.1648,,4.98E+00
1.08034,877.424,38.8463,,4.81E+00
1.10034,886.854,38.5028,,4.63E+00
1.12033,895.925,38.1516,,4.45E+00
1.14033,904.648,37.802,,4.28E+00
1.16034,912.987,37.4437,,4.08E+00
1.18033,920.97,37.0635,,3.92E+00
1.20033,928.595,36.6678,,3.72E+00
1.22034,935.839,36.2667,,3.52E+00
1.24034,942.697,35.8498,,3.35E+00
1.26033,949.189,35.4137,,3.16E+00
1.28033,955.305,34.9591,,2.96E+00
1.30034,961.036,34.477,,2.77E+00
1.32033,966.376,33.9707,,2.58E+00
1.34033,971.339,33.4396,,2.39E+00
1.36034,975.901,32.8821,,2.19E+00
1.38034,980.085,32.2717,,2.00E+00
1.40033,983.88,31.6199,,1.80E+00
1.42033,987.274,30.9317,,1.61E+00
1.44034,990.278,30.1722,,1.41E+00
1.46033,992.889,29.3361,,1.21E+00
1.48033,995.083,28.4199,,1.00E+00
1.50033,996.892,27.3978,,8.15E-01
1.52034,998.305,26.2441,,0.616202
1.54033,999.314,24.9229,,0.404111
1.56033,999.934,23.4055,,0.216406
1.58034,1000.11,21.648,,-3.05E-04
1.60034,999.953,19.5768,,-0.186346
1.62033,999.355,17.1458,,-0.385605
1.64033,998.373,14.2968,,-0.588071
1.66034,996.988,11.0156,,-0.786939
1.68033,995.2,7.37674,,-0.990574
1.70033,993.015,3.48805,,-1.18608
1.72034,990.436,-0.456117,,-1.3834
1.74034,987.455,-4.31333,,-1.58E+00
1.76033,984.075,-7.95995,,-1.79E+00
1.78033,980.317,-11.3724,,-1.97E+00
1.80034,976.16,-14.5095,,-2.18196
1.82033,971.602,-17.386,,-2.36032
1.84033,966.667,-20.0062,,-2.56494
1.86034,961.341,-22.4145,,-2.75711
1.88034,955.634,-24.5997,,-2.93976
1.90033,949.568,-26.556,,-3.13459
1.92033,943.078,-28.3171,,-3.32312
1.94034,936.237,-29.9055,,-3.52026
1.96033,928.999,-31.3157,,-3.69618
1.98033,921.412,-32.5693,,-3.88552
2.00033,913.441,-33.6841,,-4.07E+00
2.02034,905.111,-34.6697,,-4.25E+00
2.04033,896.433,-35.5482,,-4.42217
2.06033,887.378,-36.3175,,-4.61274
2.08034,877.987,-37.0058,,-4.78E+00
2.10034,868.22,-37.6173,,-4.96508
2.12033,858.114,-38.1499,,-5.13184
2.14033,847.673,-38.6307,,-5.30709
2.16034,836.885,-39.0538,,-5.46612
2.18033,825.77,-39.4343,,-5.64019
2.20033,814.316,-39.762,,-5.80788
2.22034,802.539,-40.0505,,-5.96154
2.24034,790.447,-40.3152,,-6.12296
2.26033,778.039,-40.5569,,-6.27956
2.28033,765.291,-40.756,,-6.44182
2.30034,752.277,-40.9358,,-6.58013
2.32033,738.957,-41.1024,,-6.73393
2.34033,725.324,-41.2645,,-6.88639
2.36034,711.402,-41.3853,,-7.02859
2.38034,697.207,-41.4982,,-7.1561
2.40033,682.732,-41.6098,,-7.31204
2.42033,667.971,-41.711,,-7.44376
2.44034,652.952,-41.7956,,-7.56981
2.46033,637.674,-41.8673,,-7.70289
2.48033,622.141,-41.9423,,-7.82198
2.50033,606.357,-42.0055,,-7.95468
2.52034,590.32,-42.0517,,-8.07321
2.54033,574.059,-42.0981,,-8.18491
2.56033,557.561,-42.1501,,-8.30345
2.58034,540.849,-42.1906,,-8.40601
2.60034,523.919,-4.22E+01,,-8.52002
2.62033,506.773,-42.2456,,-8.61647
2.64033,489.433,-42.2725,,-8.72E+00
2.66034,471.895,-42.2919,,-8.81971
2.68033,454.162,-42.3096,,-8.90753
2.70033,436.252,-42.3251,,-8.9964
2.72034,4.18E+02,-42.3352,,-9.08442
2.74034,399.911,-42.3421,,-9.16673
2.76033,381.497,-42.3437,,-9.24217
2.78033,362.929,-42.3456,,-9.32E+00
2.80034,344.219,-42.3396,,-9.39E+00
2.82033,325.378,-42.3335,,-9.45E+00
2.84033,306.396,-42.3213,,-9.52E+00
2.86034,287.298,-42.3052,,-9.57753
2.88034,268.079,-42.2929,,-9.63354
2.90033,248.767,-42.2701,,-9.67912
2.92033,229.332,-42.2454,,-9.7451
2.94034,209.819,-42.2159,,-9.77243
2.96033,190.222,-42.1898,,-9.82152
2.98033,170.543,-42.1597,,-9.85196
3.00033,150.802,-42.1212,,-9.89E+00
3.02034,130.999,-42.0841,,-9.91E+00
3.04033,111.145,-42.0462,,-9.93856
3.06033,91.2454,-42.0086,,-9.95857
3.08034,71.3099,-41.9631,,-9.97589
3.10034,51.3439,-41.9092,,-9.99E+00
3.12033,31.3582,-41.8624,,-9.99631
3.14033,11.3605,-41.8125,,-10.0009
3.16034,-8.64165,-41.7568,,-10.0007
3.18033,-28.6406,-41.6974,,-9.99742
3.20033,-48.628,-41.6326,,-9.98961
3.22034,-68.5965,-41.5672,,-9.97887
3.24034,-88.538,-41.5068,,-9.96329
3.26033,-108.443,-41.436,,-9.94E+00
3.28033,-128.304,-41.3613,,-9.92E+00
3.30034,-148.115,-41.2853,,-9.892
3.32033,-167.865,-41.212,,-9.85854
3.34033,-187.553,-41.138,,-9.82945
3.36034,-207.161,-41.0502,,-9.78117
3.38034,-226.68,-40.9659,,-9.74362
3.40033,-246.13,-40.8793,,-9.70173
3.42033,-265.458,-40.7969,,-9.63598
3.44034,-284.688,-40.7076,,-9.59059
3.46033,-303.807,-40.6057,,-9.52886
3.48033,-322.806,-40.5032,,-9.47E+00
3.50033,-341.669,-40.4118,,-9.40013
3.52034,-360.396,-40.3078,,-9.33157
3.54033,-378.982,-40.1984,,-9.25392
3.56033,-397.417,-40.0853,,-9.18655
3.58034,-415.694,-39.9798,,-9.09293
3.60034,-433.799,-39.8689,,-9.01461
3.62033,-451.732,-39.7459,,-8.92729
3.64033,-469.494,-39.6251,,-8.83318
3.66034,-487.062,-39.5044,,-8.74183
3.68033,-504.43,-39.3802,,-8.63349
3.70033,-521.599,-39.2498,,-8.53626
3.72034,-538.563,-39.12,,-8.4307
3.74034,-555.306,-38.98,,-8.32067
3.76033,-571.838,-38.8429,,-8.21116
3.78033,-588.125,-38.7073,,-8.09175
3.80034,-604.192,-38.561,,-7.97281
3.82033,-620.015,-38.3996,,-7.85E+00
3.84033,-635.577,-38.2478,,-7.72E+00
3.86034,-650.894,-38.1024,,-7.60E+00
3.88034,-665.953,-37.9361,,-7.46E+00
3.90033,-680.732,-37.7595,,-7.33E+00
3.92033,-695.25,-37.5898,,-7.19379
3.94034,-709.492,-37.4287,,-7.05803
3.96033,-723.451,-37.243,,-6.91E+00
3.98033,-737.114,-37.0503,,-6.76E+00
4.00033,-750.485,-36.8672,,-6.62E+00
4.02034,-763.563,-36.6726,,-6.46E+00
4.04033,-776.333,-36.478,,-6.31E+00
4.06033,-788.773,-36.2621,,-6.15E+00
4.08034,-800.932,-36.0569,,-6.01E+00
4.10034,-812.751,-35.843,,-5.82E+00
4.12033,-824.238,-35.6165,,-5.66E+00
4.14033,-835.39,-35.3781,,-5.50E+00
4.16034,-846.244,-35.1441,,-5.35E+00
4.18033,-856.725,-34.9098,,-5.15E+00
4.20033,-866.882,-34.6463,,-5.00E+00
4.22034,-876.663,-34.3776,,-4.80E+00
4.24034,-886.111,-34.1135,,-4.65E+00
4.26033,-895.218,-33.8372,,-4.47E+00
4.28033,-903.953,-33.5381,,-4.28E+00
4.30034,-912.326,-33.2227,,-4.10E+00
4.32033,-920.356,-32.9151,,-3.93E+00
4.34033,-927.989,-32.5901,,-3.72E+00
4.36034,-935.263,-32.2297,,-3.55E+00
4.38034,-942.169,-31.8695,,-3.36E+00
4.40033,-948.68,-31.49,,-3.17E+00
4.42033,-954.826,-31.0923,,-2.98E+00
4.44034,-960.586,-30.6607,,-2.79E+00
4.46033,-965.963,-30.208,,-2.59E+00
4.48033,-970.951,-29.7472,,-2.41E+00
4.50033,-975.569,-29.2265,,-2.21E+00
4.52034,-979.77,-28.6793,,-2.01E+00
4.54033,-983.586,-28.1002,,-1.82E+00
4.56033,-987.018,-27.4656,,-1.62E+00
4.58034,-990.045,-26.764,,-1.42E+00
4.60034,-992.68,-26.0072,,-1.23E+00
4.62033,-994.922,-25.1678,,-1.04E+00
4.64033,-996.78,-24.2275,,-8.18E-01
4.66034,-998.207,-23.1745,,-0.620084
4.68033,-999.252,-21.9725,,-0.437456
4.70033,-1.00E+03,-20.5843,,-0.228514
4.72034,-1000.11,-18.9844,,-7.44E-03
4.74034,-999.985,-17.0928,,0.164147
4.76033,-999.419,-14.8744,,0.372167
4.78033,-998.466,-12.2828,,0.574971
4.80034,-997.109,-9.30871,,0.767575
4.82033,-995.363,-6.00292,,0.972072
4.84033,-9.93E+02,-2.47309,,1.17374
4.86034,-990.652,1.12016,,1.37295
4.88034,-987.702,4.62926,,1.57E+00
4.90033,-984.358,7.94843,,1.76E+00
4.92033,-980.633,11.0164,,1.96E+00
4.94034,-976.515,13.8188,,2.16269
4.96033,-971.98,16.3649,,2.35739
4.98033,-967.078,18.676,,2.53223
5.00033,-961.775,20.753,,2.7486
5.02034,-956.11,22.6273,,2.9216
5.04033,-950.046,24.3069,,3.12276
5.06033,-943.615,25.8116,,3.31334
5.08034,-936.778,27.1586,,3.50018
5.10034,-929.589,28.3507,,3.68308
5.12033,-922.025,29.4098,,3.87002
5.14033,-914.103,30.3566,,4.04639
5.16034,-905.799,31.205,,4.24E+00
5.18033,-897.124,31.9544,,4.41749
5.20033,-888.107,32.6198,,4.58982
5.22034,-878.738,33.223,,4.77E+00
5.24034,-869.005,33.7658,,4.94958
5.26033,-858.927,34.2496,,5.12049
5.28033,-848.508,34.6824,,5.28723
5.30034,-837.757,35.0671,,5.45818
5.32033,-826.663,35.4199,,5.62292
5.34033,-815.248,35.7408,,5.78854
5.36034,-803.49,36.0341,,5.95657
5.38034,-791.419,36.2907,,6.11023
5.40033,-779.024,36.524,,6.26831
5.42033,-766.337,36.7472,,6.41792
5.44034,-753.326,36.9539,,6.57911
5.46033,-740.02,37.1329,,6.72178
5.48033,-726.418,37.2971,,6.87449
5.50033,-712.53,37.4673,,7.00918
5.52034,-698.365,37.6139,,7.15972
5.54033,-683.89,37.7515,,7.29324
5.56033,-669.169,37.8746,,7.4186
5.58034,-654.164,38.0006,,7.57514
5.60034,-638.902,38.1132,,7.69063
5.62033,-623.394,38.2237,,7.81315
5.64033,-607.623,38.3241,,7.94463
5.66034,-591.612,38.4155,,8.05991
5.68033,-575.366,38.5087,,8.17807
5.70033,-558.896,38.5824,,8.2949
5.72034,-542.186,38.6665,,8.40109
5.74034,-525.274,38.7437,,8.50759
5.76033,-508.149,3.88E+01,,8.61051
5.78033,-490.821,38.8632,,8.71E+00
5.80034,-473.292,38.9251,,8.80453
5.82033,-455.58,38.9872,,8.90064
5.84033,-437.683,39.0271,,8.99424
5.86034,-4.20E+02,39.0691,,9.073
5.88034,-401.37,39.1132,,9.16168
5.90033,-382.968,39.156,,9.23643
5.92033,-364.418,39.1858,,9.31E+00
5.94034,-345.72,39.2116,,9.39E+00
5.96033,-326.88,39.2487,,9.45E+00
5.98033,-307.913,39.2743,,9.51E+00
6.00033,-288.818,39.2911,,9.57357
6.02034,-269.617,39.2987,,9.62897
6.04033,-250.286,39.3198,,9.69107
6.06033,-230.882,39.3359,,9.72156
6.08034,-211.377,39.333,,9.77449
6.10034,-191.784,39.3329,,9.81529
6.12033,-172.118,39.3403,,9.85121
6.14033,-152.375,39.3333,,9.88E+00
6.16034,-132.579,39.3262,,9.91E+00
6.18033,-112.726,39.3119,,9.93672
6.20033,-92.8312,39.3036,,9.95783
6.22034,-72.8973,39.2921,,9.97409
6.24034,-52.9349,39.2605,,9.98711
6.26033,-32.9509,39.2413,,9.99571
6.28033,-12.9534,39.2232,,10.0005
6.30034,7.04885,39.1961,,10.001
6.32033,27.0479,39.1584,,9.99771
6.34033,47.0371,39.125,,9.99099
6.36034,67.0076,39.097,,9.9791
6.38034,86.9505,39.0571,,9.96352
6.40033,106.858,39.0043,,9.94E+00
6.42033,126.724,38.9546,,9.92E+00
6.44034,146.539,38.9135,,9.89359
6.46033,166.296,38.8634,,9.86414
6.48033,185.984,38.8023,,9.82645
6.50033,205.6,38.7338,,9.78971
6.52034,225.135,38.6777,,9.74331
6.54033,244.561,38.6271,,9.69458
6.56033,263.921,38.5553,,9.65428
6.58034,283.16,38.4716,,9.59207
6.60034,302.287,38.407,,9.53633
6.62033,321.289,38.3416,,9.47E+00
6.64033,340.165,38.2556,,9.40765
6.66034,358.911,38.1667,,9.33719
6.68033,377.507,38.0902,,9.26407
6.70033,395.951,38.0062,,9.18219
6.72034,414.243,37.9049,,9.11263
6.74034,432.37,37.8144,,9.0193
6.76033,450.316,37.719,,8.92951
6.78033,468.084,37.6155,,8.84478
6.80034,485.664,37.5091,,8.73835
6.82033,503.048,37.403,,8.64988
6.84033,520.238,37.2899,,8.54571
6.86034,537.221,37.1751,,8.43785
6.88034,553.978,37.0568,,8.32968
6.90033,570.53,36.9329,,8.22414
6.92033,586.841,36.8108,,8.09315
6.94034,602.913,36.681,,7.98237
6.96033,618.76,36.5467,,7.87E+00
6.98033,634.353,36.4108,,7.73E+00
7.00033,649.687,36.2695,,7.61E+00
7.02034,664.758,36.1277,,7.47E+00
7.04033,679.586,35.9703,,7.36E+00
7.06033,694.11,35.8187,,7.18909
7.08034,708.365,35.6651,,7.07709
7.10034,722.365,35.4919,,6.91E+00
7.12033,736.04,35.3203,,6.78E+00
7.14033,749.437,35.1468,,6.62E+00
7.16034,762.524,34.9765,,6.48E+00
7.18033,775.321,34.7785,,6.32E+00
7.20033,787.796,34.5836,,6.17E+00
7.22034,799.975,34.3911,,6.02E+00
7.24034,811.81,34.1941,,5.84E+00
7.26033,823.338,33.973,,5.69E+00
7.28033,834.526,33.7509,,5.51E+00
7.30034,845.372,33.5309,,5.34E+00
7.32033,855.886,33.3031,,5.18E+00
7.34033,866.068,33.0584,,5.02E+00
7.36034,875.904,32.7982,,4.83E+00
7.38034,885.391,32.548,,4.66E+00
7.40033,894.507,32.2796,,4.47E+00
7.42033,903.285,31.9899,,4.30E+00
7.44034,911.675,31.6993,,4.11E+00
7.46033,919.725,31.3972,,3.93E+00
7.48033,927.394,31.0743,,3.75E+00
7.50033,934.697,30.7432,,3.57E+00
7.52034,9.42E+02,30.392,,3.37E+00
7.54033,948.181,30.0228,,3.19E+00
7.56033,954.357,29.6393,,3.00E+00
7.58034,960.148,29.228,,2.80E+00
7.60034,965.564,28.7942,,2.62E+00
7.62033,970.57,28.3293,,2.41E+00
7.64033,975.218,27.8387,,2.23E+00
7.66034,979.444,27.3068,,2.03E+00
7.68033,983.302,26.7394,,1.83E+00
7.70033,986.77,26.1264,,1.64E+00
7.72034,989.822,25.4561,,1.43E+00
7.74034,992.49,24.7161,,1.24E+00
7.76033,994.758,23.9086,,1.04E+00
7.78033,996.636,22.9978,,8.44E-01
7.80034,998.108,21.9807,,0.64015
7.82033,999.184,20.8103,,0.437103
7.84033,999.869,19.4707,,0.259658
7.86034,1000.11,17.9231,,0.0176086
7.88034,1000.02,16.1116,,-0.145085
7.90033,999.478,13.9876,,-0.357649
7.92033,998.559,11.5009,,-0.557148
7.94034,997.232,8.64257,,-0.754999
7.96033,995.51,5.45413,,-0.961011
7.98033,993.389,2.03884,,-1.14643
8.00033,990.877,-1.44213,,-1.3544
8.02034,987.957,-4.85423,,-1.56E+00
8.04033,984.635,-8.07376,,-1.75E+00
8.06033,980.939,-11.047,,-1.95E+00
8.08034,976.853,-13.7605,,-2.13E+00
8.10034,972.361,-16.2251,,-2.34014
8.12033,967.483,-18.4366,,-2.53053
8.14033,962.215,-20.4371,,-2.7254
8.16034,956.572,-22.2378,,-2.91323
8.18033,950.549,-23.8479,,-3.1057
8.20033,944.122,-25.2817,,-3.29928
8.22034,937.347,-26.5666,,-3.47463
8.24034,930.177,-27.7104,,-3.6786
8.26033,922.638,-28.7264,,-3.84913
8.28033,914.737,-29.6271,,-4.04436
8.30034,906.467,-30.4394,,-4.22E+00
8.32033,897.845,-31.1599,,-4.37172
8.34033,888.862,-31.8007,,-4.6071
8.36034,879.496,-32.3886,,-4.76014
8.38034,869.789,-32.9074,,-4.93019
8.40033,859.745,-33.3773,,-5.1098
8.42033,849.358,-33.7947,,-5.27444
8.44034,838.649,-34.1787,,-5.42323
8.46033,827.569,-34.5246,,-5.63575
8.48033,816.18,-34.8349,,-5.75755
8.50033,804.443,-35.1168,,-5.95989
8.52034,792.405,-35.3795,,-6.07758
8.54033,7.80E+02,-35.624,,-6.2753
8.56033,767.366,-35.84,,-6.39742
8.58034,754.383,-36.0374,,-6.56996
8.60034,741.09,-36.2296,,-6.71736
8.62033,727.508,-36.4055,,-6.85866
8.64033,713.644,-36.5692,,-7.00001
8.66034,699.484,-36.7211,,-7.14793
8.68033,685.048,-36.8649,,-7.2818
8.70033,670.337,-37.005,,-7.41744
8.72034,655.367,-37.1266,,-7.55114
8.74034,640.114,-37.2473,,-7.69379
8.76033,624.625,-37.3648,,-7.79459
8.78033,608.879,-37.4676,,-7.93744
8.80034,592.887,-37.5718,,-8.05044
8.82033,576.661,-37.6575,,-8.16838
8.84033,560.206,-37.7515,,-8.28E+00
8.86034,543.528,-37.8442,,-8.39376
8.88034,526.63,-37.9147,,-8.49923
8.90033,509.522,-37.9867,,-8.60041
8.92033,492.208,-38.058,,-8.71E+00
8.94034,474.698,-38.1313,,-8.80199
8.96033,456.995,-38.1972,,-8.89436
8.98033,439.115,-38.2503,,-8.98192
9.00033,4.21E+02,-38.3007,,-9.06994
9.02034,402.829,-38.357,,-9.15169
9.04033,384.442,-38.4091,,-9.23221
9.06033,365.897,-38.4486,,-9.31E+00
9.08034,347.212,-38.4885,,-9.38E+00
9.10034,328.388,-38.5244,,-9.44E+00
9.12033,309.428,-38.5577,,-9.51E+00
9.14033,290.341,-38.5863,,-9.56999
9.16034,271.147,-38.608,,-9.626
9.18033,251.851,-38.6262,,-9.6664
9.20033,232.435,-38.6444,,-9.74129
9.22034,212.93,-38.6627,,-9.76618
9.24034,193.348,-38.672,,-9.81063
9.26033,173.683,-38.6782,,-9.84989
9.28033,153.952,-38.6817,,-9.88E+00
9.30034,134.158,-38.6852,,-9.91E+00
9.32033,114.311,-38.686,,-9.93582
9.34033,94.4165,-38.6842,,-9.95575
9.36034,74.4869,-38.6729,,-9.97359
9.38034,54.5246,-38.6622,,-9.98639
9.40033,34.5419,-38.6522,,-9.99514
9.42033,14.5461,-38.6377,,-10.0002
9.44034,-5.45606,-38.6139,,-10.0011
9.46033,-25.4561,-38.5832,,-9.9982
9.48033,-45.4457,-38.5624,,-9.99154
9.50033,-65.4181,-38.5405,,-9.98045
9.52034,-85.3635,-38.4947,,-9.96535
9.54033,-105.274,-38.4566,,-9.95E+00
9.56033,-125.143,-38.4261,,-9.92E+00
9.58034,-144.963,-38.386,,-9.89702
9.60034,-164.723,-38.3374,,-9.86456
9.62033,-184.419,-38.2826,,-9.8327
9.64033,-204.045,-38.238,,-9.7895
9.66034,-223.58,-38.1944,,-9.75334
9.68033,-243.04,-38.1294,,-9.70585
9.70033,-262.389,-38.0691,,-9.64716
9.72034,-281.635,-38.008,,-9.59828
9.74034,-300.771,-37.9484,,-9.5417
9.76033,-319.788,-37.873,,-9.47E+00
9.78033,-338.666,-37.8022,,-9.41622
9.80034,-357.429,-37.7232,,-9.34025
9.82033,-376.032,-37.6497,,-9.26958
9.84033,-394.491,-37.5588,,-9.19131
9.86034,-412.789,-37.4756,,-9.11307
9.88034,-430.934,-37.3939,,-9.02824
9.90033,-448.89,-37.2988,,-8.93879
9.92033,-466.676,-37.1993,,-8.84623
9.94034,-484.275,-37.099,,-8.75923
9.96033,-501.678,-37.0018,,-8.65035
9.98033,-518.879,-36.9041,,-8.55375
10.0003,-535.873,-36.79,,-8.44743
10.0203,-552.663,-36.6715,,-8.33991
10.0403,-569.214,-36.557,,-8.22285
10.0603,-585.545,-36.4463,,-8.11162
10.0803,-601.647,-36.3185,,-7.99454
10.1003,-617.509,-36.18,,-7.87399
10.1203,-633.119,-36.0497,,-7.74E+00
10.1403,-648.476,-35.9228,,-7.61E+00
10.1603,-663.574,-35.7804,,-7.48E+00
10.1803,-678.408,-35.6295,,-7.36E+00
10.2003,-692.962,-35.4796,,-7.2077
10.2203,-707.238,-35.3244,,-7.07908
10.2403,-721.243,-35.1684,,-6.93E+00
10.2603,-734.953,-35.0043,,-6.78E+00
10.2803,-748.378,-34.8304,,-6.64E+00
10.3003,-761.478,-34.6536,,-6.48E+00
10.3203,-774.322,-34.4724,,-6.36E+00
10.3403,-786.818,-34.2889,,-6.16E+00
10.3603,-799.016,-34.0909,,-6.03E+00
10.3803,-810.881,-33.8924,,-5.85E+00
10.4003,-822.417,-33.6935,,-5.70E+00
10.4203,-833.636,-33.4763,,-5.53E+00
10.4403,-844.53,-33.2543,,-5.36E+00
10.4603,-855.072,-33.0291,,-5.19E+00
10.4803,-865.283,-32.7906,,-5.04E+00
10.5003,-875.141,-32.5419,,-4.83E+00
10.5203,-884.638,-32.2844,,-4.67E+00
10.5403,-893.791,-32.0284,,-4.50E+00
10.5603,-902.602,-31.7532,,-4.32E+00
10.5803,-911.023,-31.4564,,-4.12E+00
10.6003,-919.1,-31.1605,,-3.95E+00
10.6203,-926.805,-30.844,,-3.76E+00
10.6403,-934.137,-30.5171,,-3.57E+00
10.6603,-9.41E+02,-30.1719,,-3.40E+00
10.6803,-947.69,-29.8134,,-3.20E+00
10.7003,-953.871,-29.4284,,-3.01E+00
10.7203,-959.696,-29.0188,,-2.82E+00
10.7403,-965.13,-28.5975,,-2.63E+00
10.7603,-970.187,-28.144,,-2.44E+00
10.7803,-974.858,-27.6559,,-2.24E+00
10.8003,-979.13,-27.1412,,-2.05E+00
10.8203,-983.006,-26.5803,,-1.84E+00
10.8403,-986.496,-25.9714,,-1.66E+00
10.8603,-989.596,-25.3121,,-1.45E+00
10.8803,-992.299,-24.5945,,-1.26E+00
10.9003,-994.597,-23.7865,,-1.05E+00
10.9203,-996.498,-22.8948,,-8.58E-01
10.9403,-998.001,-21.9056,,-0.658681
10.9603,-999.112,-20.7677,,-0.458821
10.9803,-999.817,-19.4477,,-0.268741
11.0003,-1000.11,-17.9488,,-0.0327964
11.0203,-1000.05,-16.183,,0.118703
11.0403,-999.544,-14.0877,,0.349636
11.0603,-998.643,-11.6582,,0.544086
11.0803,-997.351,-8.87256,,0.737961
11.1003,-995.664,-5.75774,,0.939639
11.1203,-993.572,-2.40514,,1.1393
11.1403,-991.083,1.03423,,1.33012
11.1603,-988.218,4.39063,,1.54E+00
11.1803,-984.936,7.58629,,1.73E+00
11.2003,-981.255,10.544,,1.94E+00
11.2203,-977.182,13.2226,,2.13E+00
11.2403,-972.729,15.6556,,2.31848
11.2603,-967.888,17.8583,,2.51326
11.2803,-962.664,19.8315,,2.69791
11.3003,-957.036,21.5951,,2.91996
11.3203,-951.031,23.191,,3.08829
11.3403,-944.644,24.6066,,3.27869
11.3603,-937.905,25.8671,,3.46616
11.3803,-930.76,26.9954,,3.65077
11.4003,-923.289,27.9913,,3.83773
11.4203,-915.384,28.8801,,4.02468
11.4403,-907.144,29.6819,,4.22E+00
11.4603,-898.533,30.3998,,4.37527
11.4803,-889.574,31.0338,,4.58154
11.5003,-880.243,31.5891,,4.74316
11.5203,-870.578,32.1192,,4.91346
11.5403,-860.559,32.597,,5.09321
11.5603,-850.193,32.9968,,5.25807
11.5803,-839.499,33.3632,,5.43123
11.6003,-828.455,33.7243,,5.60042
11.6203,-817.099,34.0453,,5.75085
11.6403,-805.387,34.3117,,5.94092
11.6603,-793.356,34.5716,,6.08705
11.6803,-781.032,34.8179,,6.23809
11.7003,-768.38,35.0326,,6.38741
11.7203,-755.435,35.2339,,6.56171
11.7403,-742.162,35.4273,,6.69832
11.7603,-728.626,35.6044,,6.84722
11.7803,-714.764,35.7649,,6.99555
11.8003,-700.649,35.9192,,7.1265
11.8203,-686.212,36.0696,,7.28115
11.8403,-671.532,36.2058,,7.39629
11.8603,-656.576,36.3359,,7.55E+00
11.8803,-641.346,36.4569,,7.67116
11.9003,-625.875,36.5697,,7.79717
11.9203,-610.149,36.6875,,7.92222
11.9403,-594.173,36.7939,,8.04312
11.9603,-577.975,36.8843,,8.15765
11.9803,-561.531,36.9773,,8.27567
12.0003,-544.862,37.0715,,8.38372
12.0203,-527.987,37.1573,,8.49301
12.0403,-510.89,37.2296,,8.59386
12.0603,-493.593,37.3039,,8.70E+00
12.0803,-476.103,37.3801,,8.79262
12.1003,-458.41,37.4425,,8.88945
12.1203,-440.543,37.4994,,8.97469
12.1403,-4.23E+02,37.5552,,9.06152
12.1603,-404.287,37.6112,,9.14776
12.1803,-385.908,37.6649,,9.2266
12.2003,-367.379,37.7071,,9.30E+00
12.2203,-348.705,37.7443,,9.37E+00
12.2403,-329.885,37.7944,,9.44E+00
12.2603,-310.942,37.8291,,9.50E+00
12.2803,-291.867,37.8609,,9.56507
12.3003,-272.683,37.8846,,9.6149
12.3203,-253.375,37.9101,,9.68897
12.3403,-233.977,37.937,,9.71282
12.3603,-214.486,37.9543,,9.76973
12.3803,-1.95E+02,37.9627,,9.80587
12.4003,-175.254,37.9783,,9.84413
12.4203,-155.526,37.9872,,9.88E+00
12.4403,-135.736,37.9907,,9.91E+00
12.4603,-115.893,37.9875,,9.9342
12.4803,-96.0032,37.99,,9.95404
12.5003,-76.0742,37.9862,,9.97288
12.5203,-56.1161,37.978,,9.98501
12.5403,-36.1345,37.9715,,9.99456
12.5603,-16.1388,37.9563,,10.0005
12.5803,3.86328,37.9371,,10.0009
12.6003,23.8636,37.9188,,9.99849
12.6203,43.854,37.8967,,9.99204
12.6403,63.8274,37.8695,,9.98137
12.6603,83.7759,37.8439,,9.96646
12.6803,103.69,37.8152,,9.94836
12.7003,123.564,37.7711,,9.93E+00
12.7203,143.386,37.7263,,9.89841
12.7403,163.153,37.6915,,9.86982
12.7603,182.853,37.6577,,9.83063
12.7803,202.48,37.5975,,9.79618
12.8003,222.03,37.5415,,9.75387
12.8203,241.475,37.4971,,9.69921
12.8403,260.843,37.4433,,9.66507
12.8603,280.104,37.3791,,9.60081
12.8803,299.251,37.3106,,9.54412
12.9003,318.27,37.2484,,9.48E+00
12.9203,337.172,37.1896,,9.42251
12.9403,355.935,37.1084,,9.34498
12.9603,374.558,37.0363,,9.27889
12.9803,393.031,36.9572,,9.19731
13.0003,411.337,36.8779,,9.1157
13.0203,429.488,36.7847,,9.03729
13.0403,447.468,36.6948,,8.94519
13.0603,465.267,36.6082,,8.85759
13.0803,482.878,36.5115,,8.7652
13.1003,500.302,36.4079,,8.65574
13.1203,517.512,36.3032,,8.5646
13.1403,534.528,36.2036,,8.45441
13.1603,551.325,36.0888,,8.34681
13.1803,567.904,35.9765,,8.23452
13.2003,584.253,35.8575,,8.11904
13.2203,600.366,35.7401,,8.00359
13.2403,616.253,35.6181,,7.88417
13.2603,631.883,35.4877,,7.75E+00
13.2803,647.259,35.3491,,7.63E+00
13.3003,662.372,35.2129,,7.49E+00
13.3203,677.237,35.0763,,7.38E+00
13.3403,691.819,34.9221,,7.21564
13.3603,706.12,34.7669,,7.08
13.3803,720.141,34.6155,,6.95E+00
13.4003,733.884,34.4563,,6.79E+00
13.4203,747.319,34.2861,,6.65E+00
13.4403,760.47,34.109,,6.51E+00
13.4603,773.314,33.9352,,6.35E+00
13.4803,785.831,33.7538,,6.19E+00
13.5003,798.051,33.5519,,6.04E+00
13.5203,809.948,33.3606,,5.86E+00
13.5403,821.51,33.1586,,5.72E+00
13.5603,832.76,32.9486,,5.53E+00
13.5803,843.659,32.7237,,5.38E+00
13.6003,854.239,32.4901,,5.21E+00
13.6203,864.485,32.2715,,5.05E+00
13.6403,874.364,32.0254,,4.84E+00
13.6603,883.889,31.7651,,4.69E+00
13.6803,893.08,31.5043,,4.51E+00
13.7003,901.906,31.2382,,4.33E+00
13.7203,910.369,30.9513,,4.14E+00
13.7403,918.463,30.6468,,3.97E+00
13.7603,926.204,30.3338,,3.77E+00
13.7803,933.575,30.0189,,3.59E+00
13.8003,940.548,29.6789,,3.40E+00
13.8203,947.155,29.3077,,3.21E+00
13.8403,953.399,28.9358,,3.03E+00
13.8603,959.254,28.5482,,2.84E+00
13.8803,964.729,28.1175,,2.64E+00
13.9003,969.799,27.6589,,2.45E+00
13.9203,974.485,27.1832,,2.25E+00
13.9403,978.798,26.6759,,2.07E+00
13.9603,982.72,26.1262,,1.86E+00
13.9803,986.237,25.5158,,1.67E+00
14.0003,989.367,24.8649,,1.47E+00
14.0203,992.092,24.1628,,1.26E+00
14.0403,994.422,23.3675,,1.07E+00
14.0603,996.362,22.4812,,8.77E-01
14.0803,997.908,21.5014,,0.683764
14.1003,999.051,20.3842,,0.464554
14.1203,999.781,19.0929,,0.277931
14.1403,1000.1,17.6006,,0.0490536
14.1603,1000.06,15.8653,,-0.0963781
14.1803,999.592,13.8336,,-0.341258
14.2003,998.723,11.4535,,-0.522825
14.2203,997.467,8.70064,,-0.727417
14.2403,995.805,5.62398,,-0.919821
14.2603,993.754,2.31804,,-1.12689
14.2803,991.294,-1.09661,,-1.31964
14.3003,988.446,-4.45409,,-1.52E+00
14.3203,985.19,-7.63526,,-1.72E+00
14.3403,981.549,-10.5737,,-1.91E+00
14.3603,977.538,-13.2601,,-2.10E+00
14.3803,973.101,-15.6912,,-2.30887
14.4003,968.298,-17.8839,,-2.50032
14.4203,963.088,-19.8483,,-2.67999
14.4403,957.506,-21.6167,,-2.89823
14.4603,951.542,-23.2085,,-3.05914
14.4803,945.184,-24.6205,,-3.27871
14.5003,938.452,-25.873,,-3.45129
14.5203,931.352,-26.9963,,-3.64401
14.5403,923.87,-28.0001,,-3.82558
14.5603,916.023,-28.8982,,-4.00686
14.5803,907.811,-29.6828,,-4.20E+00
14.6003,899.23,-30.3858,,-4.36802
14.6203,890.302,-31.0372,,-4.54961
14.6403,881.014,-31.613,,-4.73061
14.6603,871.37,-32.1133,,-4.90558
14.6803,861.377,-32.5746,,-5.07692
14.7003,851.038,-33.0053,,-5.25781
14.7203,840.356,-33.3944,,-5.4146
14.7403,829.347,-33.7167,,-5.58448
14.7603,818.01,-34.0262,,-5.74524
14.7803,806.326,-34.3246,,-5.91964
14.8003,794.347,-34.5877,,-6.05367
14.8203,782.035,-34.8199,,-6.24886
14.8403,769.391,-35.0327,,-6.39442
14.8603,756.462,-35.2509,,-6.53081
14.8803,743.232,-35.4418,,-6.68701
14.9003,729.695,-35.6102,,-6.83704
14.9203,715.883,-35.7797,,-6.97824
14.9403,701.757,-35.9409,,-7.12795
14.9603,687.371,-36.0896,,-7.25707
14.9803,672.693,-36.2165,,-7.3991
15.0003,657.775,-36.3532,,-7.53E+00
15.0203,642.565,-36.4811,,-7.66845
15.0403,627.112,-36.5953,,-7.77763
15.0603,611.408,-36.7014,,-7.91408
15.0803,595.457,-36.8107,,-8.03749
15.1003,579.26,-36.9151,,-8.14586
15.1203,562.855,-37.0063,,-8.2563
15.1403,546.202,-37.0921,,-8.38401
15.1603,529.336,-37.1794,,-8.48228
15.1803,512.257,-37.2596,,-8.59018
15.2003,494.973,-37.3329,,-8.69E+00
15.2203,477.496,-37.4033,,-8.78E+00
15.2403,459.832,-37.4746,,-8.87841
15.2603,441.972,-37.5407,,-8.97182
15.2803,423.943,-37.6021,,-9.0552
15.3003,405.744,-37.6532,,-9.13718
15.3203,387.379,-37.7009,,-9.22145
15.3403,368.861,-37.7585,,-9.29E+00
15.3603,350.196,-37.8078,,-9.37E+00
15.3803,331.387,-37.8388,,-9.43E+00
15.4003,312.456,-37.8712,,-9.50E+00
15.4203,293.392,-37.9127,,-9.55881
15.4403,274.22,-37.9476,,-9.61738
15.4603,254.922,-37.9687,,-9.66277
15.4803,235.532,-37.985,,-9.72878
15.5003,216.036,-38.0147,,-9.76429
15.5203,196.467,-38.0347,,-9.80133
15.5403,176.824,-38.0382,,-9.84342
15.5603,157.1,-38.0475,,-9.88E+00
15.5803,137.314,-38.0618,,-9.91E+00
15.6003,117.475,-38.0667,,-9.93076
15.6203,97.5878,-38.0625,,-9.95436
15.6403,77.6617,-38.0624,,-9.97044
15.6603,57.7057,-38.064,,-9.98439
15.6803,37.7263,-38.054,,-9.99407
15.7003,17.7313,-38.0379,,-1.00E+01
15.7203,-2.27034,-38.0244,,-10.0014
15.7403,-22.2711,-38.0046,,-9.99869
15.7603,-42.2629,-37.9858,,-9.99259
15.7803,-62.2378,-37.9557,,-9.98276
15.8003,-82.1886,-37.9296,,-9.96756
15.8203,-102.106,-37.9024,,-9.9499
15.8403,-121.983,-37.8679,,-9.93E+00
15.8603,-141.81,-37.8339,,-9.90045
15.8803,-161.581,-37.7858,,-9.87176
15.9003,-181.291,-37.7436,,-9.84254
15.9203,-200.926,-37.7102,,-9.79037
15.9403,-220.474,-37.6608,,-9.75946
15.9603,-239.95,-37.6013,,-9.7113
15.9803,-259.312,-37.5509,,-9.65744
16.0003,-278.574,-37.4976,,-9.60853
16.0203,-297.729,-37.4382,,-9.54928
16.0403,-316.77,-37.3584,,-9.49422
16.0603,-335.678,-37.2996,,-9.42001
16.0803,-354.45,-37.2339,,-9.3503
16.1003,-373.08,-37.1527,,-9.28249
16.1203,-391.563,-37.0742,,-9.204
16.1403,-409.888,-36.9958,,-9.12335
16.1603,-428.056,-36.9126,,-9.04385
16.1803,-446.046,-36.8248,,-8.95293
16.2003,-463.856,-36.727,,-8.86252
16.2203,-481.484,-36.6421,,-8.7707
16.2403,-498.92,-36.547,,-8.6679
16.2603,-516.15,-36.4378,,-8.56835
16.2803,-533.18,-36.3338,,-8.46805
16.3003,-550.001,-36.227,,-8.35635
16.3203,-566.596,-36.1197,,-8.24741
16.3403,-582.963,-35.9992,,-8.12258
16.3603,-599.093,-35.8801,,-8.01254
16.3803,-614.992,-35.7575,,-7.88948
16.4003,-630.647,-35.6243,,-7.77E+00
16.4203,-646.046,-35.4951,,-7.64E+00
16.4403,-661.178,-35.3586,,-7.51E+00
16.4603,-676.048,-35.2163,,-7.37E+00
16.4803,-690.658,-35.068,,-7.24348
16.5003,-704.993,-34.9134,,-7.09873
16.5203,-719.057,-34.7641,,-6.96E+00
16.5403,-732.798,-34.6038,,-6.81E+00
16.5603,-746.257,-34.4322,,-6.66E+00
16.5803,-759.423,-34.2574,,-6.52E+00
16.6003,-772.302,-34.0866,,-6.37E+00
16.6203,-784.855,-33.9096,,-6.19E+00
16.6403,-797.088,-33.7127,,-6.04E+00
16.6603,-809.007,-33.5113,,-5.89E+00
16.6803,-820.6,-33.3173,,-5.72E+00
16.7003,-831.869,-33.1134,,-5.56E+00
16.7203,-842.814,-32.8857,,-5.39E+00
16.7403,-853.417,-32.6643,,-5.22E+00
16.7603,-863.678,-32.4387,,-5.06E+00
16.7803,-873.59,-32.1951,,-4.86E+00
16.8003,-883.144,-31.9373,,-4.70E+00
16.8203,-892.357,-31.6779,,-4.52E+00
16.8403,-901.208,-31.4159,,-4.34E+00
16.8603,-909.703,-31.1285,,-4.16E+00
16.8803,-917.833,-30.8293,,-3.98E+00
16.9003,-925.606,-30.5223,,-3.80E+00
16.9203,-932.997,-30.2046,,-3.61E+00
16.9403,-940.008,-29.8601,,-3.41E+00
16.9603,-946.648,-29.5032,,-3.23E+00
16.9803,-952.922,-29.1289,,-3.06E+00
17.0003,-958.811,-28.7319,,-2.83E+00
17.0203,-964.296,-28.3127,,-2.66E+00
17.0403,-969.404,-27.8643,,-2.47E+00
17.0603,-974.144,-27.3912,,-2.27E+00
17.0803,-978.476,-26.8833,,-2.08E+00
17.1003,-982.427,-26.3279,,-1.88E+00
17.1203,-985.978,-25.7369,,-1.69E+00
17.1403,-989.124,-25.0856,,-1.47E+00
17.1603,-991.894,-24.3901,,-1.30E+00
17.1803,-994.25,-23.6038,,-1.08E+00
17.2003,-996.222,-22.723,,-8.92E-01
17.2203,-997.79,-21.7571,,-0.69246
17.2403,-998.963,-20.6652,,-0.488763
17.2603,-999.725,-19.3874,,-0.291095
17.2803,-1000.09,-17.9198,,-0.0628243
17.3003,-1000.07,-16.2121,,0.082009
17.3203,-999.648,-14.2064,,0.312857
17.3403,-998.814,-11.8467,,0.509133
17.3603,-997.591,-9.1334,,0.706147
17.3803,-995.964,-6.09841,,0.90616
17.4003,-993.93,-2.81669,,1.11311
17.4203,-991.51,0.587449,,1.30524
17.4403,-988.689,3.94286,,1.50E+00
17.4603,-985.482,7.11989,,1.70E+00
17.4803,-981.869,10.0836,,1.90E+00
17.5003,-977.875,12.7782,,2.10E+00
17.5203,-973.469,15.2203,,2.29462
17.5403,-968.677,17.4239,,2.47973
17.5603,-963.51,19.3962,,2.67939
17.5803,-957.958,21.1722,,2.86788
17.6003,-952.017,22.7639,,3.06313
17.6203,-945.694,24.1846,,3.24749
17.6403,-938.996,25.4509,,3.43997
17.6603,-931.923,26.5716,,3.62443
17.6803,-924.503,27.5737,,3.80808
17.7003,-916.665,28.4699,,3.99972
17.7203,-908.471,29.2663,,4.18E+00
17.7403,-899.924,29.9817,,4.35881
17.7603,-891.02,30.6193,,4.53878
17.7803,-881.753,31.1903,,4.71295
17.8003,-872.148,31.7114,,4.89045
17.8203,-862.182,32.1771,,5.06398
17.8403,-851.878,32.5935,,5.24056
17.8603,-841.215,32.9745,,5.40159
17.8803,-830.236,33.3206,,5.57475
17.9003,-818.916,33.634,,5.72922
17.9203,-807.275,33.914,,5.90577
17.9403,-795.298,34.1786,,6.06423
17.9603,-783.011,34.4241,,6.21376
17.9803,-770.41,34.6422,,6.3721
18.0003,-757.506,34.8399,,6.53641
18.0203,-744.29,35.036,,6.66872
18.0403,-730.789,35.2185,,6.82636
18.0603,-716.977,35.3833,,6.97138
18.0803,-702.907,35.5328,,7.10263
18.1003,-688.531,35.687,,7.25301
18.1203,-673.879,35.829,,7.38559
18.1403,-658.972,35.9571,,7.52E+00
18.1603,-643.789,36.0812,,7.65592
18.1803,-628.366,36.2038,,7.76336
18.2003,-612.675,36.3199,,7.9121
18.2203,-596.737,36.421,,8.02251
18.2403,-580.566,36.5254,,8.14387
18.2603,-564.158,36.6218,,8.25663
18.2803,-547.533,36.7168,,8.36283
18.3003,-530.694,36.8005,,8.47329
18.3203,-513.631,36.8814,,8.57518
18.3403,-496.368,36.9631,,8.68E+00
18.3603,-478.903,37.0354,,8.78E+00
18.3803,-461.244,37.0987,,8.87407
18.4003,-443.404,37.1646,,8.96038
18.4203,-425.391,37.2304,,9.05197
18.4403,-407.199,37.2869,,9.13299
18.4603,-388.847,37.3337,,9.21571
18.4803,-370.34,37.3862,,9.29E+00
18.5003,-351.688,37.4366,,9.36E+00
18.5203,-332.899,37.4726,,9.43E+00
18.5403,-313.97,37.5116,,9.50E+00
18.5603,-294.908,37.5567,,9.55627
18.5803,-275.744,37.5846,,9.61089
18.6003,-256.457,37.6056,,9.67305
18.6203,-237.074,37.6334,,9.7048
18.6403,-217.598,37.665,,9.76352
18.6603,-198.033,37.6811,,9.80368
18.6803,-178.388,37.6835,,9.83817
18.7003,-158.671,37.6944,,9.88E+00
18.7203,-138.892,37.7091,,9.90E+00
18.7403,-119.058,37.7178,,9.92921
18.7603,-99.1732,37.7131,,9.95239
18.7803,-79.2503,37.7069,,9.97009
18.8003,-59.296,37.708,,9.98279
18.8203,-39.3182,37.7075,,9.99386
18.8403,-19.3246,37.69,,1.00E+01
18.8603,0.677203,37.6729,,10.0017
18.8803,20.6786,37.6642,,9.99915
18.9003,40.6714,37.645,,9.99342
18.9203,60.649,37.6203,,9.9833
18.9403,80.6003,37.5944,,9.96914
18.9603,100.521,37.5703,,9.95111
18.9803,120.4,37.5329,,9.93E+00
19.0003,140.233,37.4928,,9.90425
19.0203,160.011,37.4586,,9.87404
19.0403,179.718,37.4203,,9.83498
19.0603,199.361,37.3622,,9.80675
19.0803,218.924,37.3216,,9.76192
19.1003,238.383,37.2766,,9.70193
19.1203,257.76,37.215,,9.67068
19.1403,277.046,37.1593,,9.61729
19.1603,296.212,37.103,,9.55143
19.1803,315.249,37.0441,,9.49004
19.2003,334.168,36.9718,,9.42662
19.2203,352.957,36.8994,,9.36306
19.2403,371.6,36.8374,,9.28656
19.2603,390.094,36.7606,,9.21188
19.2803,408.433,36.6754,,9.1333
19.3003,426.616,36.5857,,9.04992
19.3203,444.619,36.5154,,8.95914
19.3403,462.445,36.4235,,8.86933
19.3603,480.089,36.3175,,8.77875
19.3803,497.54,36.226,,8.67626
19.4003,514.788,36.1269,,8.57524
19.4203,531.828,36.022,,8.47213
19.4403,548.666,35.9129,,8.36751
19.4603,565.276,35.7996,,8.24906
19.4803,581.663,35.6878,,8.14173
19.5003,597.826,35.5719,,8.02337
19.5203,613.739,35.4516,,7.89908
19.5403,629.412,35.3192,,7.78E+00
19.5603,644.831,35.1822,,7.64E+00
19.5803,659.987,35.0561,,7.52E+00
19.6003,674.88,34.92,,7.40E+00
19.6203,689.527,34.7695,,7.2321
19.6403,703.856,34.6158,,7.10521
19.6603,717.942,34.4663,,6.97012
19.6803,731.707,34.3069,,6.82E+00
19.7003,745.207,34.139,,6.68E+00
19.7203,758.388,33.9667,,6.51E+00
19.7403,771.281,33.7895,,6.38E+00
19.7603,783.858,33.608,,6.21E+00
19.7803,796.12,33.4249,,6.06E+00
19.8003,808.069,33.2306,,5.90E+00
19.8203,819.695,33.0136,,5.73E+00
19.8403,830.999,32.8068,,5.57E+00
19.8603,841.954,32.6066,,5.41E+00
19.8803,852.596,32.3801,,5.22E+00
19.9003,862.855,32.1369,,5.06E+00
19.9203,872.81,31.8999,,4.89E+00
19.9403,882.399,31.6578,,4.71E+00
19.9603,891.638,31.3979,,4.53E+00
19.9803,900.522,31.1243,,4.36E+00
20.0003,909.036,30.8363,,4.17E+00
20.0203,917.196,30.5503,,3.99E+00
20.0403,924.99,30.2464,,3.82E+00
20.0603,932.419,29.9221,,3.61E+00
20.0803,939.458,29.5821,,3.44E+00
20.1003,946.158,29.2299,,3.25E+00
20.1203,952.425,28.8582,,3.05E+00
20.1403,958.333,28.462,,2.87E+00
20.1603,963.864,28.0404,,2.67E+00
20.1803,969.015,27.6012,,2.49E+00
20.2003,973.775,27.1317,,2.28E+00
20.2203,978.139,26.6172,,2.09E+00
20.2403,982.128,26.0748,,1.90E+00
20.2603,985.704,25.4843,,1.70E+00
20.2803,988.888,24.8447,,1.49E+00
20.3003,991.685,24.139,,1.30E+00
20.3203,994.08,23.3694,,1.11E+00
20.3403,996.08,22.5104,,9.11E-01
20.3603,997.685,21.5474,,0.699348
20.3803,998.878,20.448,,0.510149
20.4003,999.685,19.1844,,0.30482
20.4203,1000.08,17.7443,,0.086174
20.4403,1000.09,16.0627,,-0.0667341
20.4603,999.696,14.0782,,-0.308232
20.4803,998.89,11.7597,,-0.487292
20.5003,997.693,9.08148,,-0.694462
20.5203,996.102,6.06875,,-0.891613
20.5403,994.102,2.79494,,-1.08949
20.5603,991.719,-0.600915,,-1.29357
20.5803,988.926,-3.95937,,-1.49E+00
20.6003,985.748,-7.15592,,-1.68E+00
20.6203,982.162,-10.1219,,-1.89E+00
20.6403,978.186,-12.8403,,-2.08E+00
20.6603,973.822,-15.2926,,-2.27235
20.6803,969.078,-17.5092,,-2.47111
20.7003,963.931,-19.5043,,-2.65905
20.7203,958.407,-21.2922,,-2.8513
20.7403,952.5,-22.8929,,-3.04771
20.7603,946.202,-24.3213,,-3.23583
20.7803,939.55,-25.6021,,-3.41586
20.8003,932.504,-26.7298,,-3.62142
20.8203,925.071,-27.7407,,-3.79069
20.8403,917.301,-28.645,,-3.975
20.8603,909.152,-29.4533,,-4.17E+00
20.8803,900.617,-30.1656,,-4.34402
20.9003,891.747,-30.81,,-4.52464
20.9203,882.51,-31.3928,,-4.70372
20.9403,872.911,-31.9086,,-4.87466
20.9603,862.99,-32.379,,-5.02912
20.9803,852.725,-32.802,,-5.24226
21.0003,842.077,-33.1837,,-5.39075
21.0203,831.125,-33.5313,,-5.55951
21.0403,819.836,-33.8465,,-5.72117
21.0603,808.212,-34.1359,,-5.89144
21.0803,796.268,-34.3966,,-6.04691
21.1003,784.001,-34.642,,-6.20891
21.1203,771.412,-34.8637,,-6.36559
21.1403,758.561,-35.0668,,-6.50498
21.1603,745.361,-35.2652,,-6.66517
21.1803,731.875,-35.448,,-6.8178
21.2003,718.087,-35.6091,,-6.95873
21.2203,704.033,-35.7647,,-7.08253
21.2403,689.69,-35.9218,,-7.25122
21.2603,675.06,-36.0605,,-7.3729
21.2803,660.175,-36.1916,,-7.52E+00
21.3003,644.996,-36.3179,,-7.6424
21.3203,629.593,-36.4396,,-7.7523
21.3403,613.932,-36.5593,,-7.90013
21.3603,598.018,-36.657,,-8.01324
21.3803,581.857,-36.7574,,-8.1369
21.4003,565.475,-36.8577,,-8.23898
21.4203,548.868,-36.9538,,-8.36171
21.4403,532.047,-37.0384,,-8.4641
21.4603,514.989,-37.1174,,-8.57523
21.4803,497.743,-37.1917,,-8.67E+00
21.5003,480.293,-37.2718,,-8.77E+00
21.5203,462.651,-37.3453,,-8.8646
21.5403,444.83,-37.4052,,-8.95492
21.5603,426.825,-37.4694,,-9.04134
21.5803,408.659,-37.53,,-9.12733
21.6003,390.315,-37.5856,,-9.20586
21.6203,371.823,-37.6331,,-9.28359
21.6403,353.178,-37.6802,,-9.35E+00
21.6603,334.396,-37.727,,-9.42E+00
21.6803,315.48,-37.7639,,-9.49E+00
21.7003,296.436,-37.8013,,-9.55059
21.7203,277.276,-37.8333,,-9.60449
21.7403,258.002,-37.8571,,-9.65836
21.7603,238.63,-37.8879,,-9.72588
21.7803,219.143,-37.9087,,-9.75161
21.8003,199.594,-37.9284,,-9.79539
21.8203,179.955,-37.946,,-9.84017
21.8403,160.243,-37.954,,-9.87E+00
21.8603,140.469,-37.9639,,-9.90E+00
21.8803,120.637,-37.9699,,-9.92789
21.9003,100.758,-37.9789,,-9.94996
21.9203,80.8384,-37.9783,,-9.96794
21.9403,60.8864,-37.9702,,-9.98279
21.9603,40.9091,-37.9683,,-9.99267
21.9803,20.9168,-37.9605,,-1.00E+01
22.0003,0.915566,-37.9436,,-10.0014
22.0203,-19.0861,-37.9232,,-9.99977
22.0403,-39.08,-37.9063,,-9.99384
22.0603,-59.0587,-37.8916,,-9.98441
22.0803,-79.0131,-37.8609,,-9.96996
22.1003,-98.9386,-37.8277,,-9.95387
22.1203,-118.82,-37.7984,,-9.93E+00
22.1403,-138.655,-37.7637,,-9.90552
22.1603,-158.438,-37.7254,,-9.87782
22.1803,-1.78E+02,-37.6849,,-9.84232
22.2003,-197.803,-37.6423,,-9.80427
22.2203,-217.367,-37.5968,,-9.76336
22.2403,-236.853,-37.5511,,-9.71899
22.2603,-256.236,-37.4953,,-9.66627
22.2803,-275.511,-37.4407,,-9.61532
22.3003,-294.684,-37.3817,,-9.5592
22.3203,-313.74,-37.3116,,-9.49933
22.3403,-332.668,-37.2548,,-9.43045
22.3603,-351.462,-37.1853,,-9.36724
22.3803,-370.124,-37.1076,,-9.29356
22.4003,-388.627,-37.0317,,-9.21751
22.4203,-406.979,-36.9505,,-9.13773
22.4403,-425.168,-36.8722,,-9.05277
22.4603,-443.188,-36.7931,,-8.96978
22.4803,-461.031,-36.6924,,-8.87882
22.5003,-478.69,-36.5988,,-8.78188
22.5203,-496.15,-36.5075,,-8.68732
22.5403,-513.42,-36.415,,-8.58413
22.5603,-530.483,-36.3092,,-8.48159
22.5803,-547.333,-36.1935,,-8.37531
22.6003,-563.968,-36.091,,-8.26253
22.6203,-580.367,-35.9824,,-8.1453
22.6403,-596.549,-35.8601,,-8.03829
22.6603,-612.484,-35.7337,,-7.9078
22.6803,-628.182,-35.6084,,-7.79E+00
22.7003,-643.618,-35.4809,,-7.65E+00
22.7203,-658.791,-35.3407,,-7.52E+00
22.7403,-673.707,-35.2032,,-7.40E+00
22.7603,-688.359,-35.057,,-7.25E+00
22.7803,-702.722,-34.9079,,-7.11535
22.8003,-716.834,-34.7501,,-6.98721
22.8203,-730.632,-34.5913,,-6.83E+00
22.8403,-744.134,-34.432,,-6.68E+00
22.8603,-757.338,-34.2559,,-6.53E+00
22.8803,-770.254,-34.0782,,-6.40E+00
22.9003,-782.87,-33.9013,,-6.22E+00
22.9203,-795.163,-33.7157,,-6.08E+00
22.9403,-807.143,-33.5132,,-5.90E+00
22.9603,-818.782,-33.3181,,-5.74E+00
22.9803,-830.096,-33.1145,,-5.58E+00
23.0003,-841.098,-32.8974,,-5.42E+00
23.0203,-851.763,-32.6721,,-5.23E+00
23.0403,-862.063,-32.4435,,-5.09E+00
23.0603,-872.035,-32.2072,,-4.89E+00
23.0803,-881.65,-31.9553,,-4.72E+00
23.1003,-890.916,-31.6952,,-4.56E+00
23.1203,-899.828,-31.4296,,-4.37E+00
23.1403,-908.377,-31.1467,,-4.19E+00
23.1603,-916.568,-30.8566,,-4.01E+00
23.1803,-924.385,-30.5471,,-3.82E+00
23.2003,-931.843,-30.2235,,-3.65E+00
23.2203,-938.912,-29.8954,,-3.44E+00
23.2403,-945.639,-29.5404,,-3.27E+00
23.2603,-951.945,-29.1635,,-3.07E+00
23.2803,-957.891,-28.7747,,-2.88E+00
23.3003,-963.457,-28.3623,,-2.70E+00
23.3203,-968.63,-27.9133,,-2.48E+00
23.3403,-973.416,-27.4389,,-2.31E+00
23.3603,-977.804,-26.9475,,-2.10E+00
23.3803,-981.814,-26.3974,,-1.92E+00
23.4003,-985.426,-25.8152,,-1.71E+00
23.4203,-988.649,-25.1696,,-1.52E+00
23.4403,-991.478,-24.484,,-1.32E+00
23.4603,-993.907,-23.716,,-1.12E+00
23.4803,-995.935,-22.8503,,-9.16E-01
23.5003,-997.566,-21.892,,-0.722367
23.5203,-998.799,-20.8253,,-0.525089
23.5403,-999.64,-19.5872,,-0.315125
23.5603,-1000.06,-18.1491,,-0.105603
23.5803,-1000.09,-16.4823,,0.053963
23.6003,-999.74,-14.5226,,0.278569
23.6203,-998.974,-12.235,,0.481982
23.6403,-997.803,-9.5717,,0.670856
23.6603,-996.24,-6.58433,,0.885908
23.6803,-994.276,-3.33564,,1.06928
23.7003,-991.918,0.0561021,,1.27394
23.7203,-989.168,3.42361,,1.48E+00
23.7403,-986.002,6.64076,,1.67E+00
23.7603,-982.465,9.63977,,1.86E+00
23.7803,-978.523,12.3679,,2.08E+00
23.8003,-974.186,14.8496,,2.24776
23.8203,-969.484,17.0886,,2.45382
23.8403,-964.361,19.0987,,2.64863
23.8603,-958.864,20.8999,,2.8384
23.8803,-952.983,22.5196,,3.03368
23.9003,-946.725,23.9641,,3.21784
23.9203,-940.087,25.2449,,3.41003
23.9403,-933.075,26.3998,,3.59586
23.9603,-925.685,27.4196,,3.77564
23.9803,-917.927,28.3235,,3.97305
24.0003,-909.816,29.1379,,4.14E+00
24.0203,-901.314,29.8675,,4.33151
24.0403,-892.464,30.5158,,4.51639
24.0603,-883.253,31.0903,,4.6802
24.0803,-873.697,31.6202,,4.86637
24.1003,-863.793,32.0988,,5.03179
24.1203,-853.531,32.522,,5.21781
24.1403,-842.938,32.9034,,5.36382
24.1603,-832.013,33.2571,,5.55698
24.1803,-820.738,33.5727,,5.7072
24.2003,-809.158,33.8594,,5.87273
24.2203,-797.24,34.1247,,6.03438
24.2403,-784.991,34.3733,,6.19979
24.2603,-772.434,34.5945,,6.35015
24.2803,-759.595,34.8016,,6.49972
24.3003,-746.418,34.9912,,6.65591
24.3203,-732.978,35.1741,,6.78997
24.3403,-719.202,35.3454,,6.95269
24.3603,-705.159,35.5014,,7.09148
24.3803,-690.83,35.6518,,7.23072
24.4003,-676.228,35.7944,,7.36321
24.4203,-661.39,35.9272,,7.49E+00
24.4403,-646.227,36.0568,,7.64404
24.4603,-630.839,36.1791,,7.73946
24.4803,-615.187,36.2874,,7.89429
24.5003,-599.291,36.4028,,8.00597
24.5203,-583.151,36.5012,,8.1235
24.5403,-566.788,36.6002,,8.23203
24.5603,-550.197,36.6959,,8.35471
24.5803,-533.381,36.7822,,8.45737
24.6003,-516.355,36.8703,,8.56216
24.6203,-499.125,36.9428,,8.66E+00
24.6403,-481.695,37.0193,,8.76E+00
24.6603,-464.069,37.0883,,8.8589
24.6803,-446.255,37.1578,,8.95066
24.7003,-428.265,37.2192,,9.03412
24.7203,-410.103,37.2724,,9.11945
24.7403,-391.783,37.3253,,9.20209
24.7603,-373.297,37.3858,,9.27307
24.7803,-354.669,37.4282,,9.35E+00
24.8003,-335.893,37.4703,,9.42E+00
24.8203,-316.99,37.5154,,9.48E+00
24.8403,-297.949,37.5514,,9.54557
24.8603,-278.805,37.5869,,9.60372
24.8803,-259.537,37.6167,,9.65949
24.9003,-240.168,37.6384,,9.70121
24.9203,-220.708,37.6636,,9.75568
24.9403,-201.154,37.685,,9.79702
24.9603,-181.522,37.7034,,9.83248
24.9803,-161.816,37.7133,,9.87E+00
25.0003,-142.046,37.7176,,9.90E+00
25.0203,-122.219,37.7284,,9.92553
25.0403,-102.343,37.7349,,9.94822
25.0603,-82.4254,37.7266,,9.96691
25.0803,-62.4764,37.729,,9.98175
25.1003,-42.501,37.7265,,9.99228
25.1203,-22.5091,37.7156,,1.00E+01
25.1403,-2.50844,37.7003,,10.0012
25.1603,17.4935,37.6923,,9.99991
25.1803,37.4883,37.6752,,9.99467
25.2003,57.4681,37.6487,,9.98496
25.2203,77.4249,37.6208,,9.97239
25.2403,97.3522,37.6028,,9.95364
25.2603,117.238,37.573,,9.93E+00
25.2803,137.077,37.5352,,9.90761
25.3003,156.864,37.4895,,9.87998
25.3203,176.587,37.4506,,9.84257
25.3403,196.231,37.4137,,9.80731
25.3603,215.809,37.3661,,9.77019
25.3803,235.292,37.315,,9.71553
25.4003,254.683,37.2582,,9.67927
25.4203,273.98,37.2045,,9.61421
25.4403,293.162,37.1529,,9.56921
25.4603,312.226,37.0922,,9.4998
25.4803,331.17,37.0192,,9.44273
25.5003,349.975,36.956,,9.36773
25.5203,368.647,36.8862,,9.30039
25.5403,387.166,36.8145,,9.22778
25.5603,405.526,36.7348,,9.1397
25.5803,423.732,36.6509,,9.06408
25.6003,441.762,36.5624,,8.97362
25.6203,459.628,36.4827,,8.89126
25.6403,477.289,36.385,,8.78093
25.6603,494.771,36.2861,,8.69809
25.6803,512.053,36.1875,,8.59583
25.7003,529.135,36.0821,,8.48907
25.7203,546.003,35.983,,8.38192
25.7403,562.649,35.8655,,8.26856
25.7603,579.071,35.7575,,8.15895
25.7803,595.267,35.6331,,8.04119
25.8003,611.223,35.5111,,7.92465
25.8203,626.939,35.392,,7.79E+00
25.8403,642.389,35.2625,,7.67E+00
25.8603,657.596,35.1241,,7.54E+00
25.8803,672.526,34.9876,,7.40E+00
25.9003,687.197,34.8479,,7.27E+00
25.9203,701.586,34.6975,,7.13357
25.9403,715.719,34.5369,,6.98969
25.9603,729.532,34.3859,,6.84E+00
25.9803,743.077,34.2238,,6.70E+00
26.0003,756.312,34.0475,,6.55E+00
26.0203,769.249,33.8711,,6.39E+00
26.0403,781.874,33.6949,,6.23E+00
26.0603,794.187,33.511,,6.09E+00
26.0803,806.199,33.3087,,5.91E+00
26.1003,817.859,33.1068,,5.76E+00
26.1203,829.208,32.9048,,5.60E+00
26.1403,840.227,32.691,,5.43E+00
26.1603,850.916,32.4683,,5.26E+00
26.1803,861.249,32.2309,,5.09E+00
26.2003,871.243,31.9974,,4.91E+00
26.2203,880.893,31.7468,,4.75E+00
26.2403,890.199,31.4861,,4.56E+00
26.2603,899.134,31.2249,,4.38E+00
26.2803,907.708,30.9466,,4.20E+00
26.3003,915.924,30.6512,,4.02E+00
26.3203,923.782,30.3473,,3.84E+00
26.3403,931.255,30.0219,,3.65E+00
26.3603,938.365,29.6927,,3.46E+00
26.3803,945.089,29.3383,,3.28E+00
26.4003,951.449,28.9748,,3.09E+00
26.4203,957.433,28.5829,,2.89E+00
26.4403,963.015,28.16,,2.71E+00
26.4603,968.219,27.7237,,2.51E+00
26.4803,973.039,27.2583,,2.32E+00
26.5003,977.467,26.7484,,2.12E+00
26.5203,981.518,26.2133,,1.93E+00
26.5403,985.158,25.6322,,1.72E+00
26.5603,988.408,24.9956,,1.54E+00
26.5803,991.265,24.3086,,1.33E+00
26.6003,993.721,23.5477,,1.13E+00
26.6203,995.796,22.6959,,9.46E-01
26.6403,997.455,21.7399,,0.7302
26.6603,998.724,20.6779,,0.540209
26.6803,999.578,19.4473,,0.32672
26.7003,1000.05,18.0286,,0.127828
26.7203,1000.1,16.3725,,-0.0363884
26.7403,999.784,14.4464,,-0.26103
26.7603,999.051,12.1862,,-0.469191
26.7803,997.912,9.55906,,-0.664417
26.8003,996.383,6.58041,,-0.853917
26.8203,994.453,3.33323,,-1.06212
26.8403,992.123,-0.0463909,,-1.26224
26.8603,989.393,-3.42532,,-1.46E+00
26.8803,986.276,-6.66503,,-1.65E+00
26.9003,982.765,-9.68322,,-1.85E+00
26.9203,978.87,-12.4383,,-2.03E+00
26.9403,974.563,-14.9384,,-2.26455
26.9603,969.852,-17.2015,,-2.44113
26.9803,964.78,-19.233,,-2.62518
27.0003,959.321,-21.0491,,-2.82722
27.0203,953.464,-22.6888,,-3.01645
27.0403,9.47E+02,-24.1559,,-3.20304
27.0603,940.647,-25.4528,,-3.37118
27.0803,933.655,-26.6088,,-3.60544
27.1003,926.283,-27.643,,-3.7695
27.1203,918.549,-28.5702,,-3.95041
27.1403,910.456,-29.3816,,-4.13E+00
27.1603,902.007,-30.1137,,-4.31697
27.1803,893.186,-3.08E+01,,-4.49173
27.2003,884.003,-31.3638,,-4.66875
27.2203,874.488,-31.8923,,-4.85345
27.2403,864.593,-32.3696,,-5.02706
27.2603,854.373,-32.7974,,-5.18631
27.2803,843.798,-33.1902,,-5.36177
27.3003,832.913,-33.54,,-5.53915
27.3203,821.652,-33.8598,,-5.69552
27.3403,810.088,-34.1514,,-5.86598
27.3603,798.187,-34.423,,-6.02061
27.3803,785.987,-34.6713,,-6.18386
27.4003,773.452,-34.8904,,-6.33681
27.4203,760.618,-35.0985,,-6.49341
27.4403,747.47,-35.2981,,-6.64154
27.4603,734.042,-35.4817,,-6.78139
27.4803,720.309,-35.6462,,-6.94134
27.5003,706.289,-35.8021,,-7.0689
27.5203,691.986,-35.9656,,-7.22302
27.5403,677.409,-36.1024,,-7.35407
27.5603,662.553,-36.2366,,-7.48596
27.5803,647.445,-36.3629,,-7.62817
27.6003,632.053,-36.4878,,-7.74182
27.6203,616.439,-36.6084,,-7.87814
27.6403,600.561,-36.7068,,-7.98938
27.6603,584.448,-36.8132,,-8.11587
27.6803,568.102,-36.9108,,-8.22738
27.7003,551.524,-37.0044,,-8.34134
27.7203,534.728,-37.0965,,-8.44681
27.7403,517.723,-37.1743,,-8.55119
27.7603,500.509,-37.256,,-8.66241
27.7803,483.088,-37.3364,,-8.75E+00
27.8003,465.478,-37.4066,,-8.85234
27.8203,447.679,-37.4714,,-8.94085
27.8403,429.704,-37.5356,,-9.02857
27.8603,411.558,-37.6005,,-9.11345
27.8803,393.246,-37.6593,,-9.1936
27.9003,374.782,-37.7023,,-9.26468
27.9203,356.161,-37.7515,,-9.35E+00
27.9403,337.394,-37.8032,,-9.41E+00
27.9603,318.502,-37.8357,,-9.48E+00
27.9803,299.478,-37.8749,,-9.54098
28.0003,280.336,-37.9083,,-9.59361
28.0203,261.08,-37.9408,,-9.65421
28.0403,241.724,-37.968,,-9.71332
28.0603,222.257,-37.9853,,-9.74757
28.0803,202.712,-38.013,,-9.79282
28.1003,183.087,-38.025,,-9.83029
28.1203,163.388,-38.0377,,-9.86708
28.1403,143.623,-38.0449,,-9.90E+00
28.1603,123.799,-38.0614,,-9.92398
28.1803,103.928,-38.0681,,-9.94622
28.2003,84.013,-38.0619,,-9.96655
28.2203,64.0651,-38.0583,,-9.98047
28.2403,44.0926,-38.0612,,-9.99E+00
28.2603,24.1021,-38.0529,,-1.00E+01
28.2803,4.10124,-38.0391,,-10.0015
28.3003,-15.9007,-38.0214,,-10.0001
28.3203,-35.8965,-38.0024,,-9.99495
28.3403,-55.8782,-37.9798,,-9.98628
28.3603,-75.837,-37.9609,,-9.97267
28.3803,-95.7649,-37.93,,-9.95509
28.4003,-115.654,-37.8974,,-9.94E+00
28.4203,-135.5,-37.8659,,-9.90965
28.4403,-155.291,-37.8247,,-9.88319
28.4603,-175.019,-37.7985,,-9.84693
28.4803,-194.68,-37.7501,,-9.81101
28.5003,-214.251,-37.6993,,-9.76683
28.5203,-233.754,-37.6498,,-9.73009
28.5403,-253.155,-37.6068,,-9.67693
28.5603,-272.449,-37.5551,,-9.62197
28.5803,-291.637,-37.4869,,-9.56659
28.6003,-310.714,-37.4273,,-9.5097
28.6203,-329.67,-37.3677,,-9.44739
28.6403,-348.484,-37.2976,,-9.37525
28.6603,-367.161,-37.2238,,-9.30207
28.6803,-385.688,-37.1493,,-9.22943
28.7003,-404.065,-37.0693,,-9.14976
28.7203,-422.284,-36.9881,,-9.0727
28.7403,-440.331,-36.8997,,-8.97958
28.7603,-458.201,-36.8185,,-8.8934
28.7803,-475.885,-36.7253,,-8.7967
28.8003,-493.387,-36.6262,,-8.70518
28.8203,-510.684,-36.5292,,-8.60028
28.8403,-527.779,-36.4311,,-8.49786
28.8603,-544.663,-36.322,,-8.38929
28.8803,-561.331,-36.2121,,-8.28492
28.9003,-577.78,-36.1011,,-8.16702
28.9203,-593.988,-35.9874,,-8.04627
28.9403,-609.957,-35.8599,,-7.92927
28.9603,-625.69,-35.7323,,-7.82E+00
28.9803,-641.185,-35.6087,,-7.67E+00
29.0003,-656.385,-35.4716,,-7.54E+00
29.0203,-671.35,-35.3319,,-7.42E+00
29.0403,-686.033,-35.1765,,-7.28E+00
29.0603,-700.454,-35.0385,,-7.14567
29.0803,-714.585,-34.889,,-6.99704
29.1003,-728.431,-34.7251,,-6.85E+00
29.1203,-741.992,-34.5517,,-6.71E+00
29.1403,-755.262,-34.3917,,-6.57E+00
29.1603,-768.229,-34.2241,,-6.41E+00
29.1803,-780.874,-34.0325,,-6.25E+00
29.2003,-793.217,-33.8455,,-6.09E+00
29.2203,-805.238,-33.6582,,-5.94E+00
29.2403,-816.951,-33.4645,,-5.77E+00
29.2603,-828.319,-33.249,,-5.60E+00
29.2803,-839.364,-33.0341,,-5.44E+00
29.3003,-850.091,-32.8177,,-5.28E+00
29.3203,-860.437,-32.5875,,-5.10E+00
29.3403,-870.457,-32.3426,,-4.93E+00
29.3603,-880.138,-32.1051,,-4.76E+00
29.3803,-889.48,-31.8489,,-4.58E+00
29.4003,-898.428,-31.5716,,-4.40E+00
29.4203,-907.053,-31.2935,,-4.21E+00
29.4403,-915.28,-31.0064,,-4.04E+00
29.4603,-923.166,-30.7015,,-3.85E+00
29.4803,-930.678,-30.3836,,-3.67E+00
29.5003,-937.815,-30.0501,,-3.49E+00
29.5203,-944.579,-29.696,,-3.29E+00
29.5403,-950.956,-29.3258,,-3.10E+00
29.5603,-956.967,-28.9395,,-2.91E+00
29.5803,-962.583,-28.5307,,-2.73E+00
29.6003,-967.828,-28.0821,,-2.52E+00
29.6203,-972.676,-27.6128,,-2.33E+00
29.6403,-977.131,-27.1247,,-2.14E+00
29.6603,-981.216,-26.583,,-1.95E+00
29.6803,-984.877,-26.0038,,-1.74E+00
29.7003,-988.162,-25.3684,,-1.55E+00
29.7203,-991.05,-24.6864,,-1.36E+00
29.7403,-993.544,-23.9296,,-1.15E+00
29.7603,-995.643,-23.0833,,-9.54E-01
29.7803,-997.33,-22.1379,,-0.750852
29.8003,-998.629,-21.0859,,-0.558753
29.8203,-999.536,-19.8731,,-0.346388
29.8403,-1000.03,-18.4722,,-0.147012
29.8603,-1000.11,-16.8315,,0.0177814
29.8803,-999.834,-14.9219,,0.267458
29.9003,-999.114,-12.6816,,0.44313
29.9203,-998.016,-10.0704,,0.64671
29.9403,-996.515,-7.12008,,0.84479
29.9603,-994.615,-3.89404,,1.04703
29.9803,-992.321,-0.510143,,1.23648
30.0003,-989.629,2.88112,,1.44E+00
30.0203,-986.538,6.14507,,1.64E+00
30.0403,-983.05,9.19672,,1.83E+00
30.0603,-979.178,11.973,,2.03E+00
30.0803,-974.908,14.5019,,2.23264
30.1003,-970.246,16.7888,,2.42161
30.1203,-965.196,18.8489,,2.61969
30.1403,-959.759,20.6845,,2.80682
30.1603,-953.947,22.3408,,2.9875
30.1803,-947.768,23.824,,3.19871
30.2003,-941.172,25.1419,,3.38161
30.2203,-934.216,26.3134,,3.56255
30.2403,-926.894,27.3555,,3.74987
30.2603,-919.194,28.2838,,3.93956
30.2803,-911.149,29.1203,,4.11E+00
30.3003,-902.687,29.8607,,4.32E+00
30.3203,-893.908,30.5191,,4.47501
30.3403,-884.75,31.1207,,4.66073
30.3603,-875.26,31.653,,4.83E+00
30.3803,-865.394,32.1314,,5.01692
30.4003,-855.194,32.5664,,5.17756
30.4203,-844.653,32.96,,5.34879
30.4403,-833.773,33.3137,,5.52401
30.4603,-822.556,33.6367,,5.6808
30.4803,-811.021,33.9331,,5.84919
30.5003,-799.15,34.1998,,6.01206
30.5203,-786.993,34.4447,,6.16132
30.5403,-774.464,34.6717,,6.33216
30.5603,-761.652,34.8822,,6.47698
30.5803,-748.531,35.0781,,6.63453
30.6003,-7.35E+02,35.2555,,6.77639
30.6203,-721.415,35.4315,,6.91999
30.6403,-707.41,35.5928,,7.06132
30.6603,-693.129,35.7436,,7.2212
30.6803,-678.567,35.8827,,7.33516
30.7003,-663.768,36.0171,,7.47082
30.7203,-648.652,36.1496,,7.61395
30.7403,-633.302,36.2779,,7.73478
30.7603,-617.696,36.3914,,7.86979
30.7803,-601.833,36.4979,,7.98508
30.8003,-585.743,36.6086,,8.10228
30.8203,-569.41,36.7061,,8.21774
30.8403,-552.852,36.7972,,8.33347
30.8603,-536.075,36.8912,,8.43981
30.8803,-5.19E+02,36.9739,,8.54604
30.9003,-501.889,37.0548,,8.64824
30.9203,-484.483,37.1264,,8.75E+00
30.9403,-466.882,37.2041,,8.84633
30.9603,-449.105,37.2727,,8.93179
30.9803,-431.14,37.3249,,9.02438
31.0003,-413.01,37.3894,,9.10684
31.0203,-394.707,37.448,,9.1881
31.0403,-376.256,37.5027,,9.25965
31.0603,-357.649,37.5471,,9.34E+00
31.0803,-338.894,37.5903,,9.41E+00
31.1003,-320.011,37.6384,,9.47E+00
31.1203,-300.993,37.6749,,9.54431
31.1403,-281.86,37.7088,,9.59042
31.1603,-262.614,37.7412,,9.64909
31.1803,-243.257,37.7734,,9.69534
31.2003,-223.814,37.7982,,9.75288
31.2203,-204.272,37.8104,,9.78616
31.2403,-184.652,37.8303,,9.83042
31.2603,-164.956,37.8478,,9.86282
31.2803,-145.198,37.8527,,9.89E+00
31.3003,-125.38,37.8621,,9.92085
31.3203,-105.511,37.8664,,9.94564
31.3403,-85.6,37.8684,,9.96412
31.3603,-65.6547,37.8647,,9.97924
31.3803,-45.683,37.8609,,9.99E+00
31.4003,-25.6939,37.8587,,1.00E+01
31.4203,-5.69406,37.8393,,10.001
31.4403,14.3082,37.8263,,10.0006
31.4603,34.3044,37.8191,,9.99541
31.4803,54.2871,37.7957,,9.98735
31.5003,74.2488,37.7706,,9.97412
31.5203,94.1811,37.7419,,9.95738
31.5403,114.073,37.7148,,9.94E+00
31.5603,133.921,37.685,,9.91239
31.5803,153.717,37.6445,,9.88401
31.6003,173.45,37.6057,,9.85086
31.6203,193.113,37.5592,,9.81119
31.6403,212.695,37.5163,,9.77409
31.6603,232.196,37.4655,,9.72879
31.6803,251.606,37.4168,,9.68016
31.7003,270.914,37.3637,,9.63052
31.7203,290.12,37.3055,,9.57537
31.7403,309.2,37.2413,,9.51066
31.7603,328.158,37.1835,,9.44878
31.7803,346.988,37.1175,,9.38379
31.8003,365.676,37.0433,,9.30947
31.8203,384.224,36.9692,,9.23697
31.8403,402.611,36.8956,,9.15539
31.8603,420.837,36.8228,,9.07587
31.8803,438.899,36.7222,,8.98904
31.9003,456.785,36.6319,,8.90109
31.9203,474.487,36.5521,,8.80628
31.9403,491.997,36.4559,,8.70727
31.9603,509.317,36.3527,,8.61086
31.9803,526.425,36.2474,,8.50922
32.0003,543.327,36.1473,,8.39579
32.0203,560.011,36.0403,,8.29221
32.0403,576.472,35.9199,,8.17261
32.0603,592.699,35.7978,,8.06346
32.0803,608.698,35.6828,,7.93654
32.1003,624.44,35.5649,,7.82E+00
32.1203,639.942,35.4303,,7.69E+00
32.1403,655.189,35.2915,,7.56E+00
32.1603,670.16,35.1571,,7.43E+00
32.1803,684.891,35.0175,,7.29E+00
32.2003,699.312,34.8655,,7.15289
32.2203,713.487,34.7075,,7.01725
32.2403,727.352,34.5585,,6.86E+00
32.2603,740.936,34.3906,,6.74E+00
32.2803,754.239,34.2211,,6.55E+00
32.3003,767.198,34.0441,,6.42E+00
32.3203,779.885,33.866,,6.27E+00
32.3403,792.258,33.679,,6.10E+00
32.3603,804.299,33.4825,,5.95E+00
32.3803,816.03,33.2893,,5.78E+00
32.4003,827.425,33.0821,,5.63E+00
32.4203,838.505,32.8643,,5.45E+00
32.4403,849.233,32.6389,,5.29E+00
32.4603,859.629,32.4153,,5.11E+00
32.4803,869.704,32.1767,,4.96E+00
32.5003,879.387,31.9294,,4.75E+00
32.5203,888.73,31.668,,4.59E+00
32.5403,897.728,31.4039,,4.42E+00
32.5603,906.384,31.1278,,4.23E+00
32.5803,914.654,30.8359,,4.05E+00
32.6003,922.554,30.5299,,3.87E+00
32.6203,930.088,30.2091,,3.67E+00
32.6403,937.261,29.8834,,3.50E+00
32.6603,944.049,29.5299,,3.31E+00
32.6803,950.463,29.16,,3.12E+00
32.7003,956.503,28.7749,,2.92E+00
32.7203,962.148,28.3624,,2.73E+00
32.7403,967.443,27.9229,,2.54E+00
32.7603,972.295,27.4548,,2.35E+00
32.7803,976.796,26.9627,,2.15E+00
32.8003,980.894,26.431,,1.96E+00
32.8203,984.599,25.8453,,1.76E+00
32.8403,987.92,25.2232,,1.57E+00
32.8603,990.837,24.5442,,1.37E+00
32.8803,993.365,23.7916,,1.16E+00
32.9003,995.484,22.9463,,9.63E-01
32.9203,997.21,22.0173,,0.772466
32.9403,998.542,20.9708,,0.569013
32.9603,999.471,19.7585,,0.369691
32.9803,1000.01,18.3637,,0.16136
33.0003,1000.11,16.7509,,-5.28E-03
33.0203,999.864,14.8674,,-0.244377
33.0403,999.194,12.648,,-0.435265
33.0603,998.116,10.0669,,-0.626113
33.0803,996.652,7.13353,,-0.829897
33.1003,994.779,3.91348,,-1.02594
33.1203,992.528,0.521868,,-1.22209
33.1403,989.865,-2.8769,,-1.43E+00
33.1603,986.797,-6.16223,,-1.63E+00
33.1803,983.354,-9.22984,,-1.82E+00
33.2003,979.497,-12.0431,,-2.02E+00
33.2203,975.256,-14.594,,-2.20909
33.2403,970.634,-16.9015,,-2.40633
33.2603,965.619,-18.9909,,-2.60507
33.2803,960.216,-20.8462,,-2.78782
33.3003,954.421,-22.5267,,-2.98871
33.3203,948.254,-24.0255,,-3.17407
33.3403,941.702,-25.3575,,-3.36294
33.3603,934.79,-26.5481,,-3.54661
33.3803,927.483,-27.5979,,-3.7411
33.4003,919.812,-28.5505,,-3.92529
33.4203,911.778,-29.3922,,-4.10E+00
33.4403,903.374,-30.1336,,-4.29E+00
33.4603,894.624,-30.8064,,-4.4671
33.4803,885.484,-31.4121,,-4.64793
33.5003,875.998,-31.956,,-4.82E+00
33.5203,866.186,-32.4323,,-4.98785
33.5403,856.031,-32.8697,,-5.17057
33.5603,845.5,-33.2778,,-5.3337
33.5803,834.667,-33.6332,,-5.50705
33.6003,823.457,-33.9554,,-5.67903
33.6203,811.955,-34.252,,-5.82298
33.6403,800.105,-34.5265,,-6.01271
33.6603,787.936,-34.7774,,-6.15228
33.6803,775.462,-35.0039,,-6.308
33.7003,7.63E+02,-35.213,,-6.45706
33.7203,749.593,-35.4122,,-6.62893
33.7403,736.197,-35.5971,,-6.76E+00
33.7603,722.512,-35.7722,,-6.91186
33.7803,708.535,-35.931,,-7.05952
33.8003,694.278,-36.0852,,-7.19344
33.8203,679.742,-36.2299,,-7.3333
33.8403,664.946,-36.364,,-7.45892
33.8603,649.87,-36.4952,,-7.60588
33.8803,634.53,-36.6193,,-7.72051
33.9003,618.955,-36.7314,,-7.85954
33.9203,603.108,-36.8384,,-7.97705
33.9403,587.031,-36.9501,,-8.09239
33.9603,570.719,-37.0508,,-8.20935
33.9803,554.189,-37.1382,,-8.32353
34.0003,537.416,-37.2316,,-8.43501
34.0203,520.443,-37.3194,,-8.53475
34.0403,503.262,-37.4002,,-8.64301
34.0603,485.873,-37.4739,,-8.74E+00
34.0803,468.294,-37.549,,-8.83736
34.1003,450.525,-37.6151,,-8.92564
34.1203,432.58,-37.6813,,-9.01586
34.1403,414.455,-37.7464,,-9.09888
34.1603,396.172,-37.8023,,-9.18256
34.1803,377.725,-37.8521,,-9.26015
34.2003,359.134,-37.9022,,-9.33E+00
34.2203,340.397,-37.9501,,-9.41E+00
34.2403,321.52,-37.9937,,-9.47E+00
34.2603,302.514,-38.0301,,-9.53E+00
34.2803,283.389,-38.068,,-9.59033
34.3003,264.149,-38.0949,,-9.64512
34.3203,244.818,-38.1211,,-9.69676
34.3403,225.359,-38.1478,,-9.74706
34.3603,205.831,-38.1681,,-9.78118
34.3803,186.221,-38.186,,-9.82377
34.4003,166.53,-38.1982,,-9.8645
34.4203,146.772,-38.2149,,-9.89E+00
34.4403,126.96,-38.2181,,-9.91958
34.4603,107.096,-38.2243,,-9.94346
34.4803,87.1868,-38.2366,,-9.96321
34.5003,67.2441,-38.2269,,-9.97803
34.5203,47.2752,-38.2227,,-9.99E+00
34.5403,27.2861,-38.2195,,-9.99784
34.5603,7.28682,-38.2163,,-10.0009
34.5803,-12.7154,-38.1843,,-10.0006
34.6003,-32.7127,-38.1709,,-9.99654
34.6203,-52.6967,-38.1591,,-9.98697
34.6403,-72.66,-38.1326,,-9.97612
34.6603,-92.5975,-38.1009,,-9.96124
34.6803,-112.492,-38.0768,,-9.94E+00
34.7003,-132.343,-38.0458,,-9.91505
34.7203,-152.143,-38.0058,,-9.88603
34.7403,-171.883,-37.9643,,-9.85272
34.7603,-191.55,-37.933,,-9.81807
34.7803,-211.136,-37.8854,,-9.76897
34.8003,-230.651,-37.8346,,-9.74301
34.8203,-250.071,-37.7919,,-9.68369
34.8403,-269.382,-37.7295,,-9.63044
34.8603,-288.589,-37.6767,,-9.57584
34.8803,-307.682,-37.6234,,-9.5179
34.9003,-326.65,-37.5528,,-9.45638
34.9203,-345.49,-37.4746,,-9.38693
34.9403,-364.194,-37.4133,,-9.31581
34.9603,-382.751,-37.3496,,-9.2484
34.9803,-401.157,-37.2587,,-9.15942
35.0003,-419.395,-37.1654,,-9.08536
35.0203,-437.47,-37.0972,,-8.99001
35.0403,-455.366,-37.0116,,-8.90864
35.0603,-473.083,-36.9142,,-8.81212
35.0803,-490.611,-36.8144,,-8.7207
35.1003,-507.943,-36.7275,,-8.61632
35.1203,-525.075,-36.6213,,-8.51848
35.1403,-541.992,-36.5083,,-8.40717
35.1603,-558.694,-36.4106,,-8.29616
35.1803,-575.165,-36.2976,,-8.18158
35.2003,-591.411,-36.1724,,-8.06936
35.2203,-607.432,-36.0503,,-7.95376
35.2403,-623.2,-35.9336,,-7.83E+00
35.2603,-638.731,-35.8072,,-7.70E+00
35.2803,-653.982,-35.656,,-7.56E+00
35.3003,-668.973,-35.519,,-7.44E+00
35.3203,-683.711,-35.3899,,-7.31E+00
35.3403,-698.172,-35.2398,,-7.16545
35.3603,-712.356,-35.0708,,-7.0205
35.3803,-726.262,-34.9181,,-6.89E+00
35.4003,-739.868,-34.7585,,-6.74E+00
35.4203,-753.175,-34.5955,,-6.56E+00
35.4403,-766.163,-34.4075,,-6.44E+00
35.4603,-778.901,-34.2282,,-6.29E+00
35.4803,-791.276,-34.0506,,-6.11E+00
35.5003,-803.354,-33.8612,,-5.96E+00
35.5203,-815.098,-33.6526,,-5.80E+00
35.5403,-826.548,-33.4468,,-5.64E+00
35.5603,-837.623,-33.2399,,-5.46E+00
35.5803,-848.387,-33.0195,,-5.30E+00
35.6003,-858.819,-32.7861,,-5.13E+00
35.6203,-868.89,-32.5502,,-4.96E+00
35.6403,-878.639,-32.3074,,-4.79E+00
35.6603,-888.001,-32.0473,,-4.59E+00
35.6803,-897.026,-31.776,,-4.43E+00
35.7003,-905.718,-31.5011,,-4.25E+00
35.7203,-913.993,-31.2231,,-4.06E+00
35.7403,-921.936,-30.9093,,-3.88E+00
35.7603,-929.5,-30.5889,,-3.69E+00
35.7803,-936.697,-30.2624,,-3.51E+00
35.8003,-943.525,-29.9146,,-3.32E+00
35.8203,-949.965,-29.5389,,-3.13E+00
35.8403,-956.044,-29.1451,,-2.94E+00
35.8603,-961.713,-28.7514,,-2.74E+00
35.8803,-967.01,-28.3111,,-2.57E+00
35.9003,-971.926,-27.8411,,-2.36E+00
35.9203,-976.446,-27.3479,,-2.17E+00
35.9403,-980.586,-26.8123,,-1.97E+00
35.9603,-984.309,-26.2499,,-1.78E+00
35.9803,-987.663,-25.6128,,-1.58E+00
36.0003,-990.621,-24.935,,-1.38E+00
36.0203,-993.179,-24.1959,,-1.19E+00
36.0403,-995.329,-23.3569,,-9.78E-01
36.0603,-997.085,-22.4301,,-0.7839
36.0803,-998.451,-21.3949,,-0.589008
36.1003,-999.417,-20.2031,,-0.386306
36.1203,-999.98,-18.825,,-0.183383
36.1403,-1000.12,-17.223,,-9.87E-04
36.1603,-999.917,-15.3562,,0.221917
36.1803,-999.264,-13.1625,,0.421266
36.2003,-998.22,-10.5913,,0.60727
36.2203,-996.784,-7.67601,,0.823994
36.2403,-994.941,-4.47797,,1.00652
36.2603,-992.717,-1.09181,,1.21017
36.2803,-990.086,2.33703,,1.40962
36.3003,-987.06,5.63571,,1.61E+00
36.3203,-983.642,8.73226,,1.80E+00
36.3403,-979.816,11.5764,,2.01E+00
36.3603,-975.609,14.1675,,2.18824
36.3803,-971.024,16.4984,,2.37519
36.4003,-966.034,18.6035,,2.60205
36.4203,-960.651,20.4962,,2.77905
36.4403,-954.911,22.191,,2.96369
36.4603,-948.761,23.7023,,3.16561
36.4803,-942.235,25.0526,,3.34616
36.5003,-935.343,26.2616,,3.53874
36.5203,-928.081,27.3349,,3.71434
36.5403,-920.45,28.286,,3.91311
36.5603,-912.43,29.1337,,4.09E+00
36.5803,-904.057,29.8934,,4.27E+00
36.6003,-895.323,3.06E+01,,4.45407
36.6203,-886.224,31.1832,,4.63
36.6403,-876.794,31.7266,,4.80E+00
36.6603,-866.987,32.2236,,4.98008
36.6803,-856.846,32.6678,,5.15317
36.7003,-846.352,33.0665,,5.33104
36.7203,-835.531,33.4213,,5.48586
36.7403,-824.357,33.7552,,5.67033
36.7603,-812.876,34.0589,,5.81564
36.7803,-801.06,34.3283,,5.98585
36.8003,-788.921,34.5753,,6.14207
36.8203,-776.48,34.8064,,6.30057
36.8403,-7.64E+02,35.0262,,6.4534
36.8603,-750.652,35.2214,,6.60114
36.8803,-737.275,35.3956,,6.76077
36.9003,-723.609,35.5771,,6.89979
36.9203,-709.666,35.7444,,7.03196
36.9403,-695.444,35.893,,7.1943
36.9603,-680.91,36.0338,,7.3218
36.9803,-666.125,36.1716,,7.45793
37.0003,-651.071,36.3091,,7.58725
37.0203,-635.76,36.4291,,7.7153
37.0403,-620.203,36.5489,,7.84476
37.0603,-604.38,36.6586,,7.96638
37.0803,-588.318,36.7628,,8.08633
37.1003,-572.026,36.8662,,8.20129
37.1203,-555.505,36.9642,,8.31542
37.1403,-538.759,37.0505,,8.42187
37.1603,-521.805,37.1406,,8.52912
37.1803,-504.634,37.2253,,8.63416
37.2003,-487.261,37.3024,,8.73E+00
37.2203,-469.703,37.3683,,8.83186
37.2403,-451.947,37.4363,,8.9175
37.2603,-434.018,37.5067,,9.00774
37.2803,-415.91,37.5607,,9.09316
37.3003,-397.639,37.6191,,9.17496
37.3203,-379.203,37.6786,,9.25603
37.3403,-360.615,37.7235,,9.33E+00
37.3603,-341.887,37.7679,,9.40E+00
37.3803,-323.028,37.8144,,9.46E+00
37.4003,-304.029,37.8581,,9.53E+00
37.4203,-284.916,37.8877,,9.58246
37.4403,-265.688,37.9175,,9.64122
37.4603,-246.352,37.956,,9.6915
37.4803,-226.92,37.9839,,9.74279
37.5003,-207.39,37.9957,,9.77795
37.5203,-187.785,38.0046,,9.82648
37.5403,-168.099,38.0333,,9.85804
37.5603,-148.351,38.0511,,9.89E+00
37.5803,-128.54,38.0483,,9.91837
37.6003,-108.679,38.0447,,9.94183
37.6203,-88.7733,38.0528,,9.96062
37.6403,-68.8345,38.0589,,9.97781
37.6603,-48.8661,38.0538,,9.99E+00
37.6803,-28.8789,38.0397,,9.99707
37.7003,-8.87991,38.0266,,10.0013
37.7203,11.1226,38.0256,,10.0006
37.7403,31.1207,38.0084,,9.99695
37.7603,51.1064,37.9809,,9.98881
37.7803,71.0718,37.9603,,9.97612
37.8003,91.0079,37.9425,,9.96073
37.8203,110.909,37.91,,9.94E+00
37.8403,130.763,37.8702,,9.92E+00
37.8603,150.568,3.78E+01,,9.88827
37.8803,170.312,37.8038,,9.85613
37.9003,189.988,37.7575,,9.82209
37.9203,209.584,37.7077,,9.77463
37.9403,229.097,37.6684,,9.73532
37.9603,248.521,37.6164,,9.68855
37.9803,267.845,37.5599,,9.63957
38.0003,287.067,37.502,,9.58961
38.0203,306.17,37.4449,,9.51648
38.0403,325.146,37.3787,,9.46E+00
38.0603,344,37.316,,9.39298
38.0803,362.707,37.2429,,9.32234
38.1003,381.277,37.1665,,9.25344
38.1203,399.694,37.095,,9.1646
38.1403,4.18E+02,37.0151,,9.09084
38.1603,436.037,36.927,,9.00081
38.1803,453.948,36.832,,8.917
38.2003,471.678,36.7522,,8.81535
38.2203,489.221,36.6587,,8.73013
38.2403,506.569,36.5532,,8.62563
38.2603,523.713,36.451,,8.52298
38.2803,540.647,36.3509,,8.4153
38.3003,557.368,36.2426,,8.30664
38.3203,573.862,36.1149,,8.19344
38.3403,590.131,36.0105,,8.08
38.3603,606.159,35.8909,,7.95767
38.3803,621.949,35.7627,,7.84E+00
38.4003,637.49,35.6317,,7.71E+00
38.4203,652.776,35.5012,,7.58E+00
38.4403,667.797,35.3641,,7.45E+00
38.4603,682.569,35.2184,,7.31E+00
38.4803,697.038,35.0707,,7.17562
38.5003,711.256,34.9201,,7.05291
38.5203,725.169,34.7602,,6.87E+00
38.5403,738.789,34.5971,,6.75E+00
38.5603,752.118,34.4285,,6.59E+00
38.5803,765.165,34.2536,,6.45E+00
38.6003,777.896,34.074,,6.29E+00
38.6203,790.301,33.89,,6.13E+00
38.6403,802.415,33.6987,,5.98E+00
38.6603,814.171,33.4931,,5.81E+00
38.6803,825.628,33.2931,,5.65E+00
38.7003,836.748,33.0797,,5.48E+00
38.7203,847.548,32.8498,,5.32E+00
38.7403,857.992,32.6223,,5.14E+00
38.7603,868.093,32.3963,,4.96E+00
38.7803,877.856,32.1459,,4.81E+00
38.8003,887.265,31.8755,,4.62E+00
38.8203,896.317,31.6175,,4.44E+00
38.8403,905.031,31.3457,,4.26E+00
38.8603,913.348,31.0514,,4.08E+00
38.8803,921.317,30.7421,,3.90E+00
38.9003,928.914,30.4299,,3.72E+00
38.9203,936.149,30.1016,,3.52E+00
38.9403,942.994,29.7455,,3.33E+00
38.9603,949.466,29.3882,,3.15E+00
38.9803,955.558,29.0051,,2.95E+00
39.0003,961.278,28.588,,2.78E+00
39.0203,966.609,28.1498,,2.57E+00
39.0403,971.556,27.6961,,2.39E+00
39.0603,976.114,27.2042,,2.17E+00
39.0803,980.266,26.6639,,1.99E+00
39.1003,984.042,26.0971,,1.79E+00
39.1203,987.409,25.4772,,1.60E+00
39.1403,990.401,24.8047,,1.40E+00
39.1603,992.985,24.0602,,1.20E+00
39.1803,995.174,23.2358,,1.00E+00
39.2003,996.973,22.3102,,0.798504
39.2203,998.363,21.2826,,0.606652
39.2403,999.357,20.0959,,0.400092
39.2603,999.944,18.727,,0.195934
39.2803,1000.11,17.1483,,3.42E-03
39.3003,999.942,15.2971,,-0.193457
39.3203,999.328,13.1287,,-0.402955
39.3403,998.323,10.5945,,-0.596995
39.3603,996.924,7.69975,,-0.792562
39.3803,995.117,4.50551,,-0.998498
39.4003,992.909,1.10003,,-1.20069
39.4203,990.317,-2.31875,,-1.38497
39.4403,987.314,-5.63911,,-1.60E+00
39.4603,983.923,-8.76809,,-1.78E+00
39.4803,980.141,-11.6483,,-1.98E+00
39.5003,975.959,-14.252,,-2.18737
39.5203,971.402,-16.6112,,-2.35811
39.5403,966.442,-18.7399,,-2.58763
39.5603,961.098,-20.6611,,-2.75936
39.5803,955.382,-22.379,,-2.94735
39.6003,949.291,-23.9128,,-3.14573
39.6203,942.78,-25.2765,,-3.33042
39.6403,935.917,-26.5022,,-3.53389
39.6603,928.672,-27.5874,,-3.69968
39.6803,921.061,-28.5536,,-3.89402
39.7003,913.082,-29.4128,,-4.08E+00
39.7203,904.748,-30.1859,,-4.26E+00
39.7403,896.029,-30.8728,,-4.44711
39.7603,886.964,-31.482,,-4.61338
39.7803,877.546,-32.0388,,-4.79E+00
39.8003,867.774,-32.5401,,-4.96762
39.8203,857.656,-32.9822,,-5.14099
39.8403,847.2,-33.3811,,-5.30988
39.8603,836.394,-33.7599,,-5.48199
39.8803,825.265,-34.0867,,-5.64486
39.9003,813.82,-34.3863,,-5.80162
39.9203,802.02,-34.6615,,-5.97783
39.9403,789.902,-34.9136,,-6.12567
39.9603,777.484,-35.1529,,-6.29108
39.9803,764.75,-35.3665,,-6.43627
40.0003,751.691,-35.5626,,-6.60381
40.0203,738.359,-35.7485,,-6.72909
40.0403,724.715,-35.9278,,-6.90357
40.0603,710.774,-36.0923,,-7.02995
40.0803,696.574,-36.2444,,-7.17549
40.1003,682.072,-36.3881,,-7.31018
40.1203,667.319,-36.529,,-7.43806
40.1403,652.275,-36.6608,,-7.58452
40.1603,636.98,-36.7848,,-7.71407
40.1803,621.446,-36.9024,,-7.8229
40.2003,605.655,-37.0133,,-7.95465
40.2203,589.609,-37.1183,,-8.07752
40.2403,573.335,-37.2191,,-8.19399
40.2603,556.837,-37.3164,,-8.30456
40.2803,540.101,-37.4061,,-8.41668
40.3003,523.164,-37.4914,,-8.51919
40.3203,506.008,-37.5757,,-8.62555
40.3403,488.659,-37.6503,,-8.72E+00
40.3603,471.111,-37.7295,,-8.82587
40.3803,453.368,-37.7967,,-8.91212
40.4003,435.45,-37.8638,,-9.00007
40.4203,4.17E+02,-37.9233,,-9.08834
40.4403,399.091,-37.9847,,-9.1703
40.4603,380.675,-38.0467,,-9.24682
40.4803,362.103,-38.0917,,-9.32E+00
40.5003,343.382,-38.1313,,-9.40E+00
40.5203,324.538,-38.1854,,-9.45E+00
40.5403,305.557,-38.2236,,-9.53E+00
40.5603,286.442,-38.2579,,-9.58335
40.5803,267.222,-38.2827,,-9.63802
40.6003,247.904,-38.3151,,-9.68626
40.6203,228.464,-38.3431,,-9.73648
40.6403,208.945,-3.84E+01,,-9.78166
40.6603,189.346,-38.3756,,-9.81585
40.6803,169.672,-38.3932,,-9.85443
40.7003,149.925,-38.4114,,-9.89E+00
40.7203,130.12,-38.4172,,-9.91433
40.7403,110.262,-38.4162,,-9.94115
40.7603,90.3594,-38.4294,,-9.96078
40.7803,70.4214,-38.4268,,-9.97499
40.8003,50.4563,-38.4222,,-9.99E+00
40.8203,30.4709,-38.4156,,-9.99661
40.8403,10.4722,-38.4103,,-10.001
40.8603,-9.52986,-38.4025,,-10.0007
40.8803,-29.528,-38.3756,,-9.99687
40.9003,-49.5147,-38.3568,,-9.98938
40.9203,-69.4819,-38.3375,,-9.97786
40.9403,-89.421,-38.311,,-9.96137
40.9603,-109.325,-38.2773,,-9.94E+00
40.9803,-129.184,-38.2431,,-9.92E+00
41.0003,-148.992,-38.2122,,-9.89055
41.0203,-168.742,-38.1777,,-9.85766
41.0403,-188.42,-38.1311,,-9.82296
41.0603,-208.023,-38.0846,,-9.78262
41.0803,-227.551,-38.047,,-9.74646
41.1003,-246.983,-37.999,,-9.69297
41.1203,-266.315,-37.9364,,-9.63442
41.1403,-285.535,-37.8772,,-9.58762
41.1603,-304.65,-3.78E+01,,-9.53031
41.1803,-323.645,-37.7668,,-9.47E+00
41.2003,-342.505,-37.6936,,-9.40158
41.2203,-361.231,-37.6144,,-9.32534
41.2403,-379.805,-37.5441,,-9.25042
41.2603,-398.232,-37.4781,,-9.18024
41.2803,-416.501,-37.3886,,-9.09E+00
41.3003,-434.601,-37.2959,,-9.01337
41.3203,-452.529,-37.2116,,-8.92443
41.3403,-470.282,-37.128,,-8.82867
41.3603,-487.839,-37.0367,,-8.73158
41.3803,-505.197,-36.9321,,-8.63102
41.4003,-522.353,-36.8321,,-8.5298
41.4203,-539.307,-36.7287,,-8.43235
41.4403,-556.053,-36.6214,,-8.31315
41.4603,-572.561,-36.5094,,-8.20237
41.4803,-588.845,-36.3965,,-8.0831
41.5003,-604.89,-36.2686,,-7.9687
41.5203,-620.701,-36.1415,,-7.85E+00
41.5403,-636.273,-36.0185,,-7.72E+00
41.5603,-651.574,-35.8908,,-7.59E+00
41.5803,-666.61,-35.7408,,-7.46E+00
41.6003,-681.383,-35.5914,,-7.32E+00
41.6203,-695.886,-35.4515,,-7.1895
41.6403,-710.121,-35.3027,,-7.04816
41.6603,-724.053,-35.1443,,-6.90E+00
41.6803,-737.715,-34.9712,,-6.76E+00
41.7003,-751.064,-34.8067,,-6.61E+00
41.7203,-764.137,-34.6375,,-6.46E+00
41.7403,-776.886,-34.4525,,-6.30E+00
41.7603,-789.33,-34.2672,,-6.15E+00
41.7803,-801.444,-34.0756,,-5.99E+00
41.8003,-813.251,-33.8805,,-5.83E+00
41.8203,-824.735,-33.672,,-5.66E+00
41.8403,-835.883,-33.4553,,-5.50E+00
41.8603,-846.7,-33.243,,-5.33E+00
41.8803,-857.183,-33.0137,,-5.16E+00
41.9003,-867.313,-32.7716,,-4.98E+00
41.9203,-877.109,-32.5266,,-4.82E+00
41.9403,-886.534,-32.2762,,-4.63E+00
41.9603,-895.614,-32.0086,,-4.45E+00
41.9803,-904.337,-31.729,,-4.28E+00
42.0003,-912.696,-31.4395,,-4.09E+00
42.0203,-920.71,-31.1385,,-3.91E+00
42.0403,-928.321,-30.8255,,-3.72E+00
42.0603,-935.574,-30.4911,,-3.54E+00
42.0803,-942.46,-30.1405,,-3.35E+00
42.1003,-948.963,-29.776,,-3.16E+00
42.1203,-955.097,-29.3932,,-2.97E+00
42.1403,-960.831,-28.9832,,-2.78E+00
42.1603,-966.212,-28.5459,,-2.60E+00
42.1803,-971.172,-28.0891,,-2.38E+00
42.2003,-975.751,-27.5972,,-2.20E+00
42.2203,-979.945,-27.0671,,-2.00E+00
42.2403,-983.755,-26.5002,,-1.81E+00
42.2603,-987.16,-25.8847,,-1.61E+00
42.2803,-990.176,-25.2069,,-1.41E+00
42.3003,-992.787,-24.4719,,-1.22E+00
42.3203,-995.02,-23.646,,-1.02E+00
42.3403,-996.831,-22.7295,,-0.803431
42.3603,-998.252,-21.7151,,-0.624624
42.3803,-999.284,-20.5448,,-0.418148
42.4003,-999.917,-19.1919,,-0.220594
42.4203,-1000.11,-17.626,,-0.0105509
42.4403,-999.981,-15.7927,,0.178064
42.4603,-999.387,-13.641,,0.382834
42.4803,-998.418,-11.1201,,0.578638
42.5003,-997.044,-8.24297,,0.790875
42.5203,-995.256,-5.06804,,0.980618
42.5403,-993.091,-1.68652,,1.17417
42.5603,-990.529,1.76838,,1.37751
42.5803,-987.568,5.11784,,1.58E+00
42.6003,-984.199,8.26562,,1.77E+00
42.6203,-980.449,11.1672,,1.96E+00
42.6403,-976.309,13.8212,,2.17039
42.6603,-971.775,16.2094,,2.35759
42.6803,-966.85,18.365,,2.55527
42.7003,-961.531,20.3005,,2.74866
42.7203,-955.84,22.044,,2.93801
42.7403,-949.762,2.36E+01,,3.12025
42.7603,-943.319,24.9802,,3.32304
42.7803,-936.469,26.2235,,3.51106
42.8003,-929.254,27.3196,,3.69353
42.8203,-921.672,28.2983,,3.87796
42.8403,-913.736,29.1641,,4.05125
42.8603,-905.423,29.9447,,4.25E+00
42.8803,-896.755,30.6471,,4.40841
42.9003,-887.709,31.267,,4.61607
42.9203,-878.328,31.8196,,4.77E+00
42.9403,-868.571,32.3224,,4.96626
42.9603,-858.497,32.7798,,5.10849
42.9803,-848.047,33.1891,,5.3156
43.0003,-837.277,33.5502,,5.46113
43.0203,-826.159,33.889,,5.63922
43.0403,-814.725,34.1957,,5.78917
43.0603,-802.962,34.4733,,5.96185
43.0803,-790.885,34.7241,,6.11309
43.1003,-778.471,34.962,,6.27911
43.1203,-765.769,35.1772,,6.42671
43.1403,-752.737,35.3754,,6.58988
43.1603,-739.418,35.5625,,6.71571
43.1803,-725.813,35.7411,,6.88978
43.2003,-711.898,35.912,,7.0165
43.2203,-697.72,36.0527,,7.16384
43.2403,-683.24,36.1991,,7.30426
43.2603,-668.5,36.3517,,7.42565
43.2803,-653.491,36.4853,,7.57438
43.3003,-638.219,36.5995,,7.69205
43.3203,-622.7,36.7125,,7.82863
43.3403,-606.915,36.8426,,7.94215
43.3603,-590.892,36.9504,,8.0714
43.3803,-574.634,37.0383,,8.18339
43.4003,-558.158,37.1374,,8.29298
43.4203,-541.443,37.2365,,8.40592
43.4403,-524.52,37.3242,,8.51429
43.4603,-507.383,37.4055,,8.6158
43.4803,-490.045,37.4798,,8.72E+00
43.5003,-472.51,37.552,,8.81181
43.5203,-454.79,37.6275,,8.89893
43.5403,-436.891,37.6857,,9.00082
43.5603,-4.19E+02,37.7496,,9.07814
43.5803,-400.56,37.8091,,9.16392
43.6003,-382.151,37.8616,,9.23933
43.6203,-363.593,37.9117,,9.32E+00
43.6403,-344.882,37.9579,,9.39E+00
43.6603,-326.042,38.0153,,9.45E+00
43.6803,-307.066,38.0431,,9.52E+00
43.7003,-287.968,38.0784,,9.56983
43.7203,-268.763,38.1188,,9.63187
43.7403,-249.435,38.1543,,9.68849
43.7603,-230.019,38.174,,9.73614
43.7803,-210.505,38.1954,,9.7686
43.8003,-190.915,38.2153,,9.81846
43.8203,-171.239,38.2317,,9.85451
43.8403,-151.501,38.2425,,9.88E+00
43.8603,-131.698,38.249,,9.92E+00
43.8803,-111.845,38.2593,,9.93731
43.9003,-91.9452,38.2589,,9.95972
43.9203,-72.0114,38.26,,9.97358
43.9403,-52.0476,38.2548,,9.99E+00
43.9603,-32.0628,38.2566,,9.99597
43.9803,-12.0656,38.2425,,10.0004
44.0003,7.93707,38.2236,,10.0012
44.0203,27.9364,38.2152,,9.99772
44.0403,47.9242,38.203,,9.99015
44.0603,67.8931,38.1763,,9.9784
44.0803,87.8355,38.1513,,9.9629
44.1003,107.74,38.1219,,9.94E+00
44.1203,127.606,38.0903,,9.92E+00
44.1403,147.418,38.051,,9.89193
44.1603,167.173,38.0133,,9.86254
44.1803,186.861,37.9765,,9.82572
44.2003,206.465,37.9316,,9.78202
44.2203,225.994,37.8809,,9.74436
44.2403,245.441,37.8312,,9.69701
44.2603,264.771,37.7753,,9.64572
44.2803,284.012,37.7207,,9.59697
44.3003,303.137,37.6632,,9.52845
44.3203,322.127,37.5979,,9.47E+00
44.3403,340.997,37.5279,,9.40457
44.3603,359.737,37.4681,,9.3363
44.3803,378.328,37.3964,,9.26075
44.4003,396.77,37.313,,9.18037
44.4203,415.05,37.2326,,9.10444
44.4403,433.166,37.156,,9.01597
44.4603,451.106,37.0643,,8.92505
44.4803,468.865,36.9659,,8.83872
44.5003,486.439,36.8743,,8.74137
44.5203,503.822,36.7832,,8.64431
44.5403,521.002,36.6789,,8.54055
44.5603,537.968,36.5682,,8.43419
44.5803,554.727,36.46,,8.32317
44.6003,571.251,36.3517,,8.21043
44.6203,587.553,36.2315,,8.09456
44.6403,603.622,36.1112,,7.98054
44.6603,619.456,35.9907,,7.86E+00
44.6803,635.035,35.8582,,7.73E+00
44.7003,650.366,35.7207,,7.60E+00
44.7203,665.424,35.5906,,7.47E+00
44.7403,680.219,35.4473,,7.33E+00
44.7603,694.749,35.2959,,7.20358
44.7803,708.993,35.1439,,7.05214
44.8003,722.959,34.9924,,6.91E+00
44.8203,736.632,34.8236,,6.77E+00
44.8403,750.031,34.652,,6.63E+00
44.8603,763.096,34.4783,,6.46E+00
44.8803,775.886,34.3046,,6.32E+00
44.9003,788.348,34.1161,,6.15E+00
44.9203,800.497,33.9206,,6.00E+00
44.9403,812.33,33.7245,,5.84E+00
44.9603,823.826,33.5218,,5.68E+00
44.9803,835.014,33.3022,,5.51E+00
45.0003,845.859,33.082,,5.36E+00
45.0203,856.354,32.8574,,5.15E+00
45.0403,866.519,32.6195,,5.01E+00
45.0603,876.334,32.3738,,4.81E+00
45.0803,885.786,32.1148,,4.65E+00
45.1003,894.904,31.851,,4.48E+00
45.1203,903.668,31.5786,,4.29E+00
45.1403,912.047,31.2804,,4.10E+00
45.1603,920.083,30.9814,,3.93E+00
45.1803,927.735,30.6707,,3.75E+00
45.2003,935.027,30.3401,,3.54E+00
45.2203,941.923,29.9863,,3.37E+00
45.2403,948.464,29.6225,,3.18E+00
45.2603,954.626,29.2467,,2.99E+00
45.2803,960.392,28.8372,,2.79E+00
45.3003,965.792,28.3967,,2.61E+00
45.3203,970.788,27.9363,,2.40E+00
45.3403,975.408,27.4607,,2.22E+00
45.3603,979.634,26.9271,,2.02E+00
45.3803,983.465,26.3603,,1.82E+00
45.4003,986.908,25.7449,,1.63E+00
45.4203,989.947,25.0767,,1.42E+00
45.4403,992.595,24.345,,1.23E+00
45.4603,994.85,23.5312,,1.03E+00
45.4803,996.708,22.6208,,8.39E-01
45.5003,998.164,21.6033,,0.6271
45.5203,999.221,20.4377,,0.432561
45.5403,999.89,19.094,,0.246568
45.5603,1000.11,17.5444,,7.05E-03
45.5803,999.992,15.7359,,-0.154097
45.6003,999.448,13.6082,,-0.358594
45.6203,998.509,11.1221,,-0.569614
45.6403,997.167,8.26394,,-0.765667
45.6603,995.419,5.09547,,-0.972636
45.6803,9.93E+02,1.69963,,-1.15081
45.7003,990.768,-1.75719,,-1.34213
45.7203,987.838,-5.12678,,-1.59E+00
45.7403,984.492,-8.29754,,-1.76E+00
45.7603,980.775,-11.2325,,-1.96E+00
45.7803,976.657,-13.9076,,-2.14832
45.8003,972.151,-16.3249,,-2.33872
45.8203,967.255,-18.5012,,-2.54268
45.8403,961.977,-20.4657,,-2.73653
45.8603,956.303,-22.2322,,-2.92178
45.8803,950.255,-23.8053,,-3.11794
45.9003,943.828,-25.2095,,-3.29947
45.9203,937.051,-26.4657,,-3.48701
45.9403,929.851,-27.5774,,-3.67056
45.9603,922.319,-28.5693,,-3.87407
45.9803,914.373,-29.4539,,-4.0518
46.0003,906.087,-30.246,,-4.23E+00
46.0203,897.439,-30.9456,,-4.41087
46.0403,888.431,-31.5716,,-4.58569
46.0603,879.068,-32.1424,,-4.77294
46.0803,869.351,-32.6493,,-4.93785
46.1003,859.308,-33.1053,,-5.09605
46.1203,848.899,-33.5175,,-5.29485
46.1403,838.16,-33.8865,,-5.44925
46.1603,827.063,-34.2324,,-5.62729
46.1803,815.641,-34.5399,,-5.78451
46.2003,803.916,-34.8169,,-5.93701
46.2203,791.867,-35.0698,,-6.11217
46.2403,779.473,-35.3131,,-6.26299
46.2603,766.809,-35.5325,,-6.39528
46.2803,753.806,-35.7299,,-6.58676
46.3003,740.5,-35.9151,,-6.72236
46.3203,726.904,-36.0978,,-6.86713
46.3403,713.025,-36.2636,,-7.00544
46.3603,698.86,-36.4215,,-7.16259
46.3803,684.395,-36.5668,,-7.28342
46.4003,669.677,-36.7045,,-7.42833
46.4203,654.691,-36.8409,,-7.55418
46.4403,639.434,-36.9643,,-7.68865
46.4603,623.946,-37.0902,,-7.80725
46.4803,608.179,-37.1968,,-7.93923
46.5003,592.178,-37.2996,,-8.05675
46.5203,575.941,-37.4053,,-8.17581
46.5403,559.472,-37.5101,,-8.28633
46.5603,542.779,-37.5998,,-8.39995
46.5803,525.873,-37.6741,,-8.50121
46.6003,508.755,-37.7649,,-8.60816
46.6203,491.434,-37.8537,,-8.71E+00
46.6403,473.91,-37.9183,,-8.80198
46.6603,456.206,-37.9927,,-8.89843
46.6803,438.315,-38.0625,,-8.98848
46.7003,4.20E+02,-38.1222,,-9.07346
46.7203,402.016,-38.1815,,-9.15346
46.7403,383.622,-38.2374,,-9.23463
46.7603,365.075,-38.2948,,-9.31E+00
46.7803,346.382,-38.3378,,-9.38E+00
46.8003,327.552,-38.3763,,-9.44E+00
46.8203,308.581,-38.4297,,-9.52E+00
46.8403,289.49,-38.4624,,-9.57355
46.8603,270.291,-38.4862,,-9.62891
46.8803,250.983,-38.5196,,-9.67196
46.9003,231.569,-38.55,,-9.7333
46.9203,212.063,-38.5735,,-9.77158
46.9403,192.472,-38.5894,,-9.81532
46.9603,172.809,-38.6004,,-9.84872
46.9803,153.074,-38.617,,-9.88E+00
47.0003,133.277,-38.6342,,-9.91E+00
47.0203,113.427,-38.632,,-9.93656
47.0403,93.5331,-38.6362,,-9.95695
47.0603,73.5998,-38.643,,-9.97353
47.0803,53.6381,-38.6417,,-9.98733
47.1003,33.6549,-38.6351,,-9.99499
47.1203,13.6581,-38.6184,,-10.0007
47.1403,-6.34426,-38.6119,,-10.0011
47.1603,-26.3438,-38.599,,-9.99791
47.1803,-46.3328,-38.5765,,-9.99072
47.2003,-66.3034,-38.5474,,-9.97947
47.2203,-86.2472,-38.5292,,-9.96481
47.2403,-106.157,-38.5012,,-9.95E+00
47.2603,-126.026,-38.4662,,-9.92E+00
47.2803,-145.842,-38.4294,,-9.89424
47.3003,-165.603,-38.3939,,-9.86522
47.3203,-185.294,-38.3522,,-9.82952
47.3403,-204.908,-38.3108,,-9.7852
47.3603,-224.444,-38.267,,-9.75358
47.3803,-243.893,-38.2118,,-9.69819
47.4003,-263.247,-38.1602,,-9.6521
47.4203,-282.485,-38.1051,,-9.59093
47.4403,-301.613,-38.0446,,-9.54157
47.4603,-320.631,-37.9806,,-9.47E+00
47.4803,-339.506,-37.9153,,-9.41231
47.5003,-358.256,-37.8421,,-9.33749
47.5203,-376.853,-37.7681,,-9.26255
47.5403,-395.312,-37.6886,,-9.19394
47.5603,-413.602,-37.6114,,-9.10761
47.5803,-431.73,-37.5259,,-9.02387
47.6003,-449.683,-37.4416,,-8.9328
47.6203,-467.461,-37.3518,,-8.84482
47.6403,-485.049,-37.252,,-8.74868
47.6603,-502.445,-37.1611,,-8.65368
47.6803,-519.638,-37.0624,,-8.54648
47.7003,-536.624,-36.9534,,-8.44204
47.7203,-553.401,-36.8421,,-8.33259
47.7403,-569.944,-36.7331,,-8.22253
47.7603,-586.268,-36.6196,,-8.10456
47.7803,-602.352,-36.4983,,-7.98757
47.8003,-618.206,-36.3672,,-7.87E+00
47.8203,-633.798,-36.2433,,-7.74E+00
47.8403,-649.145,-36.1136,,-7.61E+00
47.8603,-664.238,-35.9674,,-7.49E+00
47.8803,-679.056,-35.8258,,-7.34E+00
47.9003,-693.602,-35.6798,,-7.20952
47.9203,-707.874,-35.5293,,-7.07316
47.9403,-721.861,-35.3633,,-6.92201
47.9603,-735.56,-35.2083,,-6.77841
47.9803,-748.973,-35.0394,,-6.6346
48.0003,-762.061,-34.8593,,-6.47345
48.0203,-774.873,-34.6828,,-6.33547
48.0403,-787.363,-34.5033,,-6.16847
48.0603,-799.533,-34.3103,,-6.00729
48.0803,-811.394,-34.1038,,-5.85739
48.1003,-822.936,-33.8991,,-5.70161
48.1203,-834.134,-33.6967,,-5.50599
48.1403,-844.995,-33.4693,,-5.35281
48.1603,-855.523,-33.2434,,-5.19E+00
48.1803,-865.716,-33.0091,,-5.00877
48.2003,-875.56,-32.7625,,-4.84182
48.2203,-885.059,-32.5078,,-4.66181
48.2403,-894.185,-32.2391,,-4.48495
48.2603,-902.99,-31.9663,,-4.3089
48.2803,-911.393,-31.6767,,-4.11965
48.3003,-919.448,-31.375,,-3.93568
48.3203,-927.128,-31.06,,-3.75693
48.3403,-934.447,-30.7327,,-3.56982
48.3603,-9.41E+02,-30.3891,,-3.38021
48.3803,-947.951,-30.0156,,-3.19447
48.4003,-954.134,-29.6339,,-3.00085
48.4203,-959.948,-29.2349,,-2.81439
48.4403,-965.362,-28.798,,-2.62154
48.4603,-970.406,-28.3415,,-2.42214
48.4803,-975.067,-27.8539,,-2.23673
48.5003,-979.313,-27.3375,,-2.03E+00
48.5203,-983.174,-26.7634,,-1.84E+00
48.5403,-986.641,-26.149,,-1.63388
48.5603,-989.717,-25.4858,,-1.45007
48.5803,-992.404,-24.7604,,-1.25057
48.6003,-994.687,-23.9503,,-1.04E+00
48.6203,-996.561,-23.0414,,-8.51E-01
48.6403,-998.06,-22.0376,,-0.650827
48.6603,-999.147,-20.8905,,-0.446724
48.6803,-999.841,-19.5595,,-0.261044
48.7003,-1000.11,-18.0297,,-0.0290005
48.7203,-1000.03,-16.2374,,0.129448
48.7403,-999.514,-14.1163,,0.355647
48.7603,-998.595,-11.647,,0.551703
48.7803,-997.283,-8.8131,,0.75413
48.8003,-995.575,-5.66452,,0.940091
48.8203,-993.48,-2.26884,,1.15E+00
48.8403,-990.958,1.20651,,1.35001
48.8603,-988.056,4.58103,,1.54E+00
48.8803,-984.765,7.7879,,1.74067
48.9003,-981.076,10.7696,,1.93766
48.9203,-977.007,1.35E+01,,2.13327
48.9403,-972.526,15.9062,,2.32069
48.9603,-967.666,18.1228,,2.53542
48.9803,-962.407,20.1148,,2.71597
49.0003,-956.772,21.8946,,2.90643
49.0203,-950.773,23.4886,,3.09224
49.0403,-944.363,24.9163,,3.29726
49.0603,-937.601,26.19,,3.47523
49.0803,-930.44,27.3141,,3.65287
49.1003,-922.932,28.3146,,3.86116
49.1203,-915.019,29.2117,,4.03058
49.1403,-906.762,30.0109,,4.22E+00
49.1603,-898.14,30.7219,,4.39824
49.1803,-889.168,31.3544,,4.56793
49.2003,-879.843,31.9292,,4.7478
49.2203,-870.157,32.4438,,4.92344
49.2403,-860.121,32.9109,,5.10915
49.2603,-849.734,33.3168,,5.26918
49.2803,-839.016,33.6936,,5.44362
49.3003,-827.948,34.0494,,5.60538
49.3203,-816.563,34.3504,,5.77616
49.3403,-804.856,34.6232,,5.92769
49.3603,-792.828,34.8868,,6.0821
49.3803,-7.80E+02,35.1348,,6.25283
49.4003,-767.811,35.3453,,6.41666
49.4203,-754.83,35.5436,,6.55614
49.4403,-741.569,35.7332,,6.69683
49.4603,-727.998,35.9201,,6.86315
49.4803,-714.133,36.0843,,6.99961
49.5003,-700.002,36.2355,,7.13399
49.5203,-685.566,36.3858,,7.27916
49.5403,-670.876,36.5243,,7.40903
49.5603,-655.895,36.6609,,7.55174
49.5803,-640.673,36.789,,7.67761
49.6003,-625.19,36.9075,,7.80101
49.6203,-609.44,37.019,,7.93447
49.6403,-593.459,37.1294,,8.04057
49.6603,-577.248,37.2404,,8.16476
49.6803,-560.79,37.336,,8.28323
49.7003,-544.116,37.4231,,8.3898
49.7203,-527.227,37.515,,8.49387
49.7403,-510.123,37.6061,,8.60137
49.7603,-492.817,37.6841,,8.70E+00
49.7803,-475.324,37.75,,8.79382
49.8003,-457.625,37.8233,,8.89055
49.8203,-439.747,37.8936,,8.98152
49.8403,-421.695,37.9562,,9.06768
49.8603,-403.473,38.0064,,9.14886
49.8803,-385.091,38.0655,,9.22907
49.9003,-366.557,38.123,,9.30254
49.9203,-347.87,38.167,,9.37864
49.9403,-329.043,38.2081,,9.43939
49.9603,-310.102,38.2495,,9.50819
49.9803,-291.016,38.2996,,9.56654
50.0003,-271.825,38.3303,,9.62753
50.0203,-252.521,38.3492,,9.67156
50.0403,-233.125,38.384,,9.723
50.0603,-213.619,38.4142,,9.77178
50.0803,-194.037,38.4239,,9.81188
50.1003,-174.375,38.4414,,9.84719
50.1203,-154.648,38.4579,,9.88E+00
50.1403,-134.856,38.4675,,9.91E+00
50.1603,-115.009,38.4699,,9.93481
50.1803,-95.1172,38.4773,,9.95472
50.2003,-75.1886,38.4784,,9.97267
50.2203,-55.229,38.4638,,9.98556
50.2403,-35.247,38.4626,,9.99534
50.2603,-15.2508,38.4649,,10.0002
50.2803,4.75137,38.4469,,10.0012
50.3003,24.7515,38.4272,,9.99828
50.3203,44.7421,38.4086,,9.99213
50.3403,64.7141,38.395,,9.98025
50.3603,84.6601,38.3701,,9.96631
50.3803,104.574,38.3362,,9.95E+00
50.4003,124.445,38.3065,,9.93E+00
50.4203,144.267,38.2741,,9.8972
50.4403,164.029,38.2392,,9.86516
50.4603,183.727,38.1927,,9.83475
50.4803,203.35,38.1441,,9.78986
50.5003,222.889,38.0968,,9.7471
50.5203,242.354,38.0537,,9.71344
50.5403,261.7,38,,9.64798
50.5603,280.953,37.9407,,9.60531
50.5803,300.102,37.8844,,9.53981
50.6003,319.119,37.8229,,9.48E+00
50.6203,338.01,37.7519,,9.41357
50.6403,356.767,37.6861,,9.34695
50.6603,375.381,37.6225,,9.26915
50.6803,393.845,37.542,,9.19391
50.7003,412.147,37.4591,,9.11634
50.7203,430.291,37.3781,,9.02975
50.7403,448.26,37.2917,,8.94357
50.7603,466.054,37.1973,,8.85554
50.7803,483.659,37.099,,8.75139
50.8003,501.063,37.0037,,8.65909
50.8203,518.276,36.904,,8.55658
50.8403,535.277,36.7975,,8.45
50.8603,552.067,36.6891,,8.34428
50.8803,568.634,36.574,,8.2295
50.9003,584.977,36.4587,,8.11766
50.9203,601.089,36.3386,,7.99681
50.9403,616.953,36.2186,,7.87652
50.9603,632.569,36.0885,,7.74458
50.9803,647.936,35.9551,,7.62589
51.0003,663.044,35.817,,7.48994
51.0203,677.887,35.6798,,7.36E+00
51.0403,692.452,35.5298,,7.21671
51.0603,706.742,35.3748,,7.0793
51.0803,720.752,35.2192,,6.93662
51.1003,734.477,35.0606,,6.79291
51.1203,747.908,34.8896,,6.64166
51.1403,761.052,34.7118,,6.50163
51.1603,773.867,34.5331,,6.33288
51.1803,786.385,34.3538,,6.18705
51.2003,798.578,34.1515,,6.01896
51.2203,810.457,33.9556,,5.87038
51.2403,822.02,33.7504,,5.69963
51.2603,833.255,33.546,,5.54063
51.2803,844.155,33.3201,,5.36298
51.3003,854.701,33.0854,,5.20E+00
51.3203,864.922,3.29E+01,,5.02157
51.3403,874.785,32.6101,,4.85509
51.3603,884.318,32.3537,,4.6745
51.3803,893.475,32.0873,,4.49707
51.4003,902.281,31.8137,,4.31776
51.4203,910.736,31.5278,,4.14003
51.4403,918.822,31.2223,,3.96349
51.4603,926.539,30.9067,,3.75929
51.4803,933.871,30.5796,,3.58669
51.5003,940.86,30.2357,,3.39824
51.5203,947.443,29.8695,,3.20706
51.5403,953.666,29.4896,,3.01816
51.5603,959.496,29.0871,,2.82417
51.5803,964.951,28.6505,,2.64203
51.6003,970.026,28.1936,,2.43794
51.6203,974.713,27.7173,,2.2481
51.6403,978.988,27.1873,,2.06E+00
51.6603,982.886,26.6249,,1.84E+00
51.6803,986.383,26.0184,,1.66428
51.7003,989.493,25.3659,,1.45743
51.7203,992.214,24.6272,,1.26362
51.7403,994.52,23.8245,,1.06E+00
51.7603,996.435,22.936,,8.65E-01
51.7803,997.957,21.9384,,0.668292
51.8003,999.082,20.7843,,0.467765
51.8203,999.8,19.465,,0.269479
51.8403,1000.1,17.9516,,0.033069
51.8603,1000.03,16.1757,,-0.110626
51.8803,999.553,14.0891,,-0.339336
51.9003,998.691,11.6542,,-0.523309
51.9203,997.406,8.83189,,-0.740659
51.9403,995.732,5.68111,,-0.930425
51.9603,993.656,2.29947,,-1.13689
51.9803,991.175,-1.17077,,-1.33077
52.0003,988.311,-4.58951,,-1.52E+00
52.0203,985.054,-7.82464,,-1.72926
52.0403,981.381,-10.8162,,-1.92925
52.0603,977.351,-13.5448,,-2.10743
52.0803,972.895,-16.0211,,-2.3239
52.1003,968.055,-18.2562,,-2.50401
52.1203,962.842,-20.2692,,-2.70308
52.1403,957.236,-22.0794,,-2.89406
52.1603,951.271,-23.6949,,-3.06322
52.1803,944.894,-25.1389,,-3.29651
52.2003,938.149,-26.4271,,-3.45555
52.2203,931.017,-27.5693,,-3.65334
52.2403,923.518,-28.5875,,-3.83156
52.2603,915.669,-29.4925,,-4.01874
52.2803,907.433,-30.3057,,-4.20E+00
52.3003,898.851,-31.0234,,-4.36284
52.3203,889.915,-31.665,,-4.58075
52.3403,880.578,-32.2414,,-4.73764
52.3603,870.936,-32.7667,,-4.90669
52.3803,860.923,-33.2322,,-5.08962
52.4003,850.565,-33.6498,,-5.26103
52.4203,839.87,-34.0294,,-5.42528
52.4403,828.849,-34.3738,,-5.59317
52.4603,817.485,-34.6916,,-5.75474
52.4803,805.805,-34.9705,,-5.9191
52.5003,793.79,-35.2303,,-6.08363
52.5203,781.47,-35.4759,,-6.23532
52.5403,768.826,-35.6948,,-6.40174
52.5603,755.875,-35.8987,,-6.54155
52.5803,742.628,-36.0901,,-6.69095
52.6003,729.084,-36.2689,,-6.84589
52.6203,715.247,-36.4401,,-6.9897
52.6403,701.134,-36.5956,,-7.11775
52.6603,686.73,-36.7445,,-7.27407
52.6803,672.049,-36.8931,,-7.40018
52.7003,657.099,-37.0248,,-7.54E+00
52.7203,641.891,-37.1435,,-7.67108
52.7403,626.427,-37.2693,,-7.7823
52.7603,610.714,-37.3902,,-7.9212
52.7803,594.743,-37.4922,,-8.03979
52.8003,578.544,-37.5927,,-8.15742
52.8203,562.109,-37.6956,,-8.2694
52.8403,545.456,-37.7891,,-8.37597
52.8603,528.586,-37.8767,,-8.49349
52.8803,511.492,-37.9601,,-8.59151
52.9003,494.206,-38.0407,,-8.69E+00
52.9203,476.715,-38.1184,,-8.79186
52.9403,459.036,-38.1955,,-8.88059
52.9603,441.178,-38.2621,,-8.97474
52.9803,423.138,-38.3193,,-9.06116
53.0003,404.932,-38.3826,,-9.13929
53.0203,386.559,-38.4451,,-9.22728
53.0403,368.038,-38.4944,,-9.29329
53.0603,349.36,-38.5416,,-9.37545
53.0803,330.546,-38.5868,,-9.43347
53.1003,311.61,-38.6339,,-9.50209
53.1203,292.541,-38.6665,,-9.56378
53.1403,273.355,-38.6934,,-9.61837
53.1603,254.059,-38.7264,,-9.6688
53.1803,234.664,-38.7597,,-9.72357
53.2003,215.176,-38.7813,,-9.76601
53.2203,1.96E+02,-38.7985,,-9.80677
53.2403,175.947,-38.8153,,-9.84384
53.2603,156.222,-38.8292,,-9.88E+00
53.2803,136.436,-38.8413,,-9.91E+00
53.3003,116.592,-38.8507,,-9.93172
53.3203,96.7042,-38.8491,,-9.95504
53.3403,76.7763,-38.8535,,-9.971
53.3603,56.8199,-38.8591,,-9.9842
53.3803,36.8395,-38.8508,,-9.99534
53.4003,16.8434,-38.8339,,-9.99959
53.4203,-3.15847,-38.8251,,-10.0018
53.4403,-23.1593,-38.8157,,-9.99858
53.4603,-43.1508,-38.7959,,-9.99203
53.4803,-63.1251,-38.769,,-9.98239
53.5003,-83.0739,-38.7436,,-9.96615
53.5203,-102.99,-38.7208,,-9.95048
53.5403,-122.864,-38.6835,,-9.92446
53.5603,-142.688,-38.647,,-9.90011
53.5803,-162.462,-38.6141,,-9.87325
53.6003,-182.163,-38.574,,-9.83227
53.6203,-201.793,-38.5284,,-9.79417
53.6403,-221.335,-38.4854,,-9.75956
53.6603,-240.801,-38.4386,,-9.70172
53.6803,-260.167,-38.3828,,-9.6599
53.7003,-279.422,-38.325,,-9.60303
53.7203,-298.571,-38.2709,,-9.5486
53.7403,-317.607,-38.2089,,-9.49069
53.7603,-336.512,-38.14,,-9.41761
53.7803,-355.278,-38.0674,,-9.34729
53.8003,-373.9,-37.9928,,-9.28053
53.8203,-392.378,-37.9221,,-9.19993
53.8403,-410.7,-37.8374,,-9.12141
53.8603,-428.86,-37.7477,,-9.04029
53.8803,-446.837,-37.6699,,-8.94614
53.9003,-464.644,-37.578,,-8.85915
53.9203,-482.259,-37.4825,,-8.76814
53.9403,-499.698,-37.3794,,-8.66435
53.9603,-516.909,-37.2894,,-8.56296
53.9803,-533.931,-37.1944,,-8.45903
54.0003,-550.744,-37.0692,,-8.35465
54.0203,-567.325,-36.9581,,-8.23788
54.0403,-583.684,-36.8496,,-8.12583
54.0603,-599.817,-36.7358,,-8.00638
54.0803,-615.695,-36.5983,,-7.8824
54.1003,-631.345,-36.4667,,-7.77516
54.1203,-646.743,-36.3408,,-7.61893
54.1403,-661.843,-36.2058,,-7.49824
54.1603,-676.713,-36.0555,,-7.37135
54.1803,-691.301,-35.9056,,-7.2284
54.2003,-705.616,-35.7527,,-7.09731
54.2203,-719.665,-35.6045,,-6.94445
54.2403,-733.401,-35.435,,-6.80088
54.2603,-746.844,-35.2673,,-6.65544
54.2803,-760.003,-35.094,,-6.50534
54.3003,-772.848,-34.914,,-6.34952
54.3203,-785.391,-34.7304,,-6.19677
54.3403,-797.627,-34.5386,,-6.05909
54.3603,-809.543,-34.343,,-5.86042
54.3803,-821.113,-34.1363,,-5.71431
54.4003,-832.366,-33.925,,-5.54397
54.4203,-843.289,-33.7026,,-5.38989
54.4403,-853.878,-33.479,,-5.20759
54.4603,-864.116,-33.2484,,-5.04451
54.4803,-874.024,-33.0004,,-4.86254
54.5003,-883.561,-32.7381,,-4.68798
54.5203,-892.757,-32.477,,-4.51467
54.5403,-901.596,-32.2056,,-4.33182
54.5603,-910.075,-31.9148,,-4.15622
54.5803,-918.187,-31.6132,,-3.96428
54.6003,-925.935,-31.3004,,-3.79124
54.6203,-933.32,-30.972,,-3.59709
54.6403,-940.3,-30.6296,,-3.40592
54.6603,-946.934,-30.2656,,-3.2289
54.6803,-953.178,-29.8797,,-3.02857
54.7003,-959.044,-29.4767,,-2.84358
54.7203,-964.519,-29.05,,-2.65147
54.7403,-969.636,-28.6005,,-2.46227
54.7603,-974.339,-28.1104,,-2.25777
54.7803,-978.657,-27.592,,-2.06195
54.8003,-982.583,-27.0315,,-1.881
54.8203,-986.126,-26.4308,,-1.67416
54.8403,-9.89E+02,-25.762,,-1.46797
54.8603,-992.001,-25.0464,,-1.28001
54.8803,-994.355,-24.2456,,-1.08E+00
54.9003,-996.293,-23.3557,,-8.75E-01
54.9203,-997.852,-22.3608,,-0.683683
54.9403,-999.004,-21.2332,,-0.486391
54.9603,-999.766,-19.9306,,-0.295293
54.9803,-1000.1,-18.4297,,-0.0428221
55.0003,-1000.05,-16.6693,,0.0982702
55.0203,-999.612,-14.5937,,0.31825
55.0403,-998.763,-12.1724,,0.519893
55.0603,-997.517,-9.37437,,0.717896
55.0803,-995.87,-6.25471,,0.91834
55.1003,-993.829,-2.87256,,1.11051
55.1203,-991.395,0.616053,,1.31771
55.1403,-988.55,4.04301,,1.51321
55.1603,-985.326,7.3034,,1.70407
55.1803,-981.7,10.3406,,1.91328
55.2003,-977.689,13.0999,,2.09873
55.2203,-973.258,15.6024,,2.30412
55.2403,-968.46,17.8702,,2.48841
55.2603,-963.292,19.9118,,2.67552
55.2803,-957.704,21.7335,,2.89176
55.3003,-951.741,23.3711,,3.06289
55.3203,-945.408,24.8415,,3.26282
55.3403,-938.692,26.1487,,3.44655
55.3603,-931.594,27.3062,,3.63789
55.3803,-924.129,28.3292,,3.81678
55.4003,-916.303,29.2506,,3.99491
55.4203,-908.127,30.0682,,4.19399
55.4403,-899.543,30.7979,,4.36256
55.4603,-890.626,31.4532,,4.54951
55.4803,-881.339,32.0299,,4.72524
55.5003,-871.706,32.5566,,4.89952
55.5203,-861.725,33.031,,5.0713
55.5403,-851.402,33.4594,,5.24609
55.5603,-840.744,33.8335,,5.40212
55.5803,-829.743,34.1814,,5.58856
55.6003,-818.4,34.4964,,5.7486
55.6203,-806.742,34.7882,,5.90174
55.6403,-794.767,35.0503,,6.06894
55.6603,-782.453,35.2874,,6.22938
55.6803,-769.846,35.5057,,6.37244
55.7003,-756.931,35.7154,,6.53525
55.7203,-743.703,35.9161,,6.68467
55.7403,-730.172,36.0868,,6.83751
55.7603,-716.356,36.2522,,6.97306
55.7803,-702.261,36.4181,,7.11068
55.8003,-687.88,36.568,,7.2628
55.8203,-673.224,36.7055,,7.38025
55.8403,-658.323,36.8411,,7.53229
55.8603,-643.114,36.973,,7.65815
55.8803,-627.675,37.0977,,7.78018
55.9003,-611.966,37.205,,7.91287
55.9203,-596.023,37.3133,,8.02594
55.9403,-579.841,37.4286,,8.14924
55.9603,-563.428,37.5233,,8.25925
55.9803,-546.788,37.6191,,8.37166
56.0003,-529.941,37.7066,,8.47795
56.0203,-512.865,37.7991,,8.58576
56.0403,-495.591,37.8798,,8.68509
56.0603,-478.12,37.9459,,8.78066
56.0803,-460.452,38.0188,,8.87806
56.1003,-442.606,38.0936,,8.96633
56.1203,-424.575,38.1532,,9.05607
56.1403,-406.382,38.2085,,9.13499
56.1603,-388.028,38.2669,,9.2143
56.1803,-369.518,38.3242,,9.29096
56.2003,-350.856,38.3712,,9.36531
56.2203,-332.055,38.4109,,9.43145
56.2403,-313.126,38.4558,,9.49722
56.2603,-294.064,38.5038,,9.55695
56.2803,-274.894,38.5327,,9.6202
56.3003,-255.596,38.5577,,9.66284
56.3203,-236.217,38.5934,,9.72021
56.3403,-216.729,38.6188,,9.75947
56.3603,-197.164,38.6351,,9.81E+00
56.3803,-177.511,38.6513,,9.84075
56.4003,-157.794,38.6645,,9.87463
56.4203,-138.012,38.678,,9.90552
56.4403,-118.172,38.6853,,9.93104
56.4603,-9.83E+01,38.6832,,9.95161
56.4803,-78.3644,38.6892,,9.97098
56.5003,-58.4089,38.6857,,9.9831
56.5203,-38.4311,38.6811,,9.99428
56.5403,-18.4361,38.6721,,9.9996
56.5603,1.56579,38.6663,,10.0013
56.5803,21.5666,38.6506,,9.99887
56.6003,41.5585,38.6285,,9.99292
56.6203,61.535,38.609,,9.98335
56.6403,81.4857,38.5913,,9.96801
56.6603,101.406,38.567,,9.95084
56.6803,121.283,38.528,,9.92795
56.7003,141.112,38.4907,,9.90132
56.7203,160.887,38.4575,,9.87391
56.7403,180.595,38.4167,,9.83736
56.7603,200.231,38.3715,,9.79726
56.7803,219.785,38.32,,9.75735
56.8003,239.256,38.2812,,9.72187
56.8203,258.63,38.224,,9.65136
56.8403,277.899,38.1688,,9.61438
56.8603,297.062,38.1039,,9.55128
56.8803,316.097,38.0507,,9.4912
56.9003,335.009,37.983,,9.42299
56.9203,353.785,37.9118,,9.35656
56.9403,372.425,37.8396,,9.28131
56.9603,390.911,37.7677,,9.21074
56.9803,409.247,37.6919,,9.12643
57.0003,427.415,37.6004,,9.04523
57.0203,445.41,37.5125,,8.95774
57.0403,463.231,37.4231,,8.86512
57.0603,480.866,37.3347,,8.77076
57.0803,498.307,37.2334,,8.67521
57.1003,515.548,37.1269,,8.57471
57.1203,532.586,37.0281,,8.46521
57.1403,549.411,36.9168,,8.36114
57.1603,566.011,36.8025,,8.24894
57.1803,582.388,36.688,,8.13288
57.2003,598.529,36.5698,,8.01704
57.2203,614.438,36.4405,,7.8927
57.2403,630.097,36.3142,,7.77693
57.2603,645.52,36.1924,,7.63911
57.2803,660.653,36.0509,,7.50876
57.3003,675.539,35.8954,,7.37802
57.3203,690.151,35.7571,,7.24734
57.3403,704.491,35.6144,,7.09789
57.3603,718.538,35.4492,,6.95966
57.3803,732.31,35.2805,,6.81548
57.4003,745.804,35.1206,,6.67663
57.4203,758.959,34.9485,,6.4953
57.4403,771.831,34.7635,,6.37747
57.4603,784.409,34.5773,,6.20705
57.4803,796.658,34.3889,,6.06174
57.5003,808.594,34.1895,,5.87827
57.5203,820.203,33.9823,,5.7453
57.5403,831.503,33.7724,,5.54821
57.5603,842.432,33.5513,,5.39895
57.5803,853.051,33.3226,,5.21913
57.6003,863.313,33.0888,,5.05389
57.6203,873.24,32.8417,,4.87893
57.6403,882.813,32.5859,,4.70907
57.6603,892.038,32.3261,,4.52097
57.6803,900.904,32.0535,,4.35114
57.7003,909.41,31.7571,,4.16817
57.7203,917.556,31.4583,,3.98113
57.7403,925.324,31.1514,,3.79834
57.7603,932.727,30.8246,,3.61515
57.7803,939.762,30.4733,,3.4272
57.8003,946.421,30.1086,,3.24213
57.8203,952.701,29.7388,,3.04962
57.8403,958.603,29.3391,,2.85884
57.8603,964.114,28.9004,,2.6682
57.8803,969.251,28.4497,,2.47096
57.9003,973.985,27.9684,,2.26903
57.9203,978.325,27.4503,,2.08613
57.9403,982.283,26.8857,,1.88142
57.9603,985.846,26.2892,,1.69045
57.9803,989.026,25.6425,,1.49441
58.0003,991.8,24.9158,,1.29446
58.0203,994.177,24.1167,,1.09388
58.0403,996.156,23.2419,,0.897447
58.0603,997.744,22.2594,,0.692686
58.0803,9.99E+02,21.1274,,0.50283
58.1003,999.708,19.8297,,0.301673
58.1203,1000.09,18.347,,0.0700247
58.1403,1000.08,16.6112,,-0.0775033
58.1603,999.67,14.5543,,-0.305018
58.1803,998.852,12.1676,,-0.504802
58.2003,997.639,9.39881,,-0.701924
58.2203,996.023,6.2756,,-0.903276
58.2403,994.005,2.89383,,-1.09689
58.2603,991.592,-0.595989,,-1.30531
58.2803,988.795,-4.03891,,-1.4916
58.3003,985.594,-7.3321,,-1.69749
58.3203,982.002,-10.3933,,-1.88482
58.3403,978.002,-13.1779,,-2.09055
58.3603,973.632,-15.709,,-2.28466
58.3803,968.865,-18.0027,,-2.47688
58.4003,963.696,-20.0721,,-2.67637
58.4203,958.152,-21.9185,,-2.85818
58.4403,952.242,-23.5758,,-3.0349
58.4603,945.93,-25.0623,,-3.26029
58.4803,939.236,-26.3871,,-3.43582
58.5003,932.185,-27.5595,,-3.61364
58.5203,924.744,-28.5979,,-3.80708
58.5403,916.937,-29.5318,,-3.99492
58.5603,908.769,-30.3644,,-4.16563
58.5803,900.236,-31.1013,,-4.34433
58.6003,891.36,-31.7568,,-4.5414
58.6203,882.089,-32.3469,,-4.71251
58.6403,872.477,-32.8819,,-4.88523
58.6603,862.54,-33.3594,,-5.05236
58.6803,852.243,-33.7855,,-5.22986
58.7003,841.604,-34.1672,,-5.3963
58.7203,830.638,-34.5228,,-5.56563
58.7403,819.318,-34.8404,,-5.74014
58.7603,807.688,-35.1313,,-5.89019
58.7803,795.722,-35.3939,,-6.0622
58.8003,783.456,-35.6385,,-6.20451
58.8203,770.86,-35.8645,,-6.36444
58.8403,757.978,-36.0735,,-6.52575
58.8603,744.764,-36.2649,,-6.67614
58.8803,731.28,-36.4474,,-6.81623
58.9003,717.471,-36.6152,,-6.97099
58.9203,703.39,-36.7775,,-7.10054
58.9403,689.036,-36.9334,,-7.24505
58.9603,674.398,-37.072,,-7.38025
58.9803,659.524,-37.2073,,-7.51588
59.0003,644.322,-37.3315,,-7.6506
59.0203,628.906,-37.4624,,-7.76487
59.0403,613.227,-37.5771,,-7.90206
59.0603,597.304,-37.683,,-8.02258
59.0803,581.135,-37.7881,,-8.13514
59.1003,564.744,-37.8891,,-8.2509
59.1203,548.123,-37.9875,,-8.36593
59.1403,531.278,-38.0696,,-8.47081
59.1603,514.227,-38.1625,,-8.57429
59.1803,496.972,-38.2372,,-8.67624
59.2003,479.511,-38.3126,,-8.77445
59.2203,461.865,-38.3928,,-8.86774
59.2403,444.035,-38.4635,,-8.95951
59.2603,426.021,-38.5246,,-9.0489
59.2803,407.843,-38.5802,,-9.12801
59.3003,389.496,-38.6404,,-9.20982
59.3203,370.996,-38.7055,,-9.28803
59.3403,352.352,-38.7374,,-9.35229
59.3603,333.563,-38.789,,-9.43191
59.3803,314.636,-38.8379,,-9.49064
59.4003,295.587,-38.8718,,-9.55718
59.4203,276.417,-38.9042,,-9.60574
59.4403,257.143,-38.9321,,-9.6626
59.4603,237.76,-38.9705,,-9.71594
59.4803,218.285,-38.9908,,-9.75821
59.5003,198.725,-39.0036,,-9.80166
59.5203,179.084,-39.0278,,-9.83843
59.5403,159.365,-39.0424,,-9.87449
59.5603,139.59,-39.0546,,-9.90133
59.5803,119.757,-39.061,,-9.92879
59.6003,99.8742,-39.0665,,-9.95116
59.6203,79.9533,-39.0709,,-9.96938
59.6403,59.9995,-39.0633,,-9.983
59.6603,40.0218,-39.0672,,-9.99318
59.6803,20.0286,-39.0579,,-9.99934
59.7003,0.027205,-39.0402,,-10.0012
59.7203,-19.9743,-39.0303,,-9.99959
59.7403,-39.9678,-39.0103,,-9.99393
59.7603,-59.9456,-38.9905,,-9.98323
59.7803,-79.8981,-38.9662,,-9.96939
59.8003,-99.82,-38.9337,,-9.9529
59.8203,-119.702,-38.9054,,-9.92964
59.8403,-139.535,-38.8762,,-9.90326
59.8603,-159.313,-38.8367,,-9.87669
59.8803,-179.031,-38.7924,,-9.84134
59.9003,-198.668,-38.7488,,-9.79688
59.9203,-218.231,-38.7122,,-9.76891
59.9403,-237.711,-38.664,,-9.70801
59.9603,-257.086,-38.6081,,-9.67049
59.9803,-276.362,-38.5478,,-9.61253
60.0003,-294.386,-36.3458,,-7.13899