0.0103092,0.632881,2.12324,,1.43413
0.020319,2.9939,10.7234,,2.87627
0.0303288,6.02639,20.0854,,3.06507
0.0403385,9.05982,27.8449,,3.01002
0.0503483,12.0595,33.7626,,2.99619
0.0603581,15.0566,38.1688,,2.99794
0.0703678,18.0543,41.4029,,2.99713
0.0803776,21.0498,43.7832,,2.99422
0.0903874,24.043,45.5785,,2.99181
0.100275,27.0337,46.9343,,2.98984
0.110285,30.0216,47.9793,,2.98662
0.120295,33.0062,48.779,,2.98268
0.130304,35.9867,49.4074,,2.97889
0.140314,38.9641,49.8638,,2.97569
0.150324,41.9377,50.204,,2.9717
0.160334,44.9067,50.4575,,2.96706
0.170343,47.8717,50.6255,,2.96369
0.180353,50.8318,50.7271,,2.95692
0.190363,53.786,50.7657,,2.95192
0.200373,56.7345,50.7672,,2.94557
0.210382,59.6783,50.7264,,2.943
0.220392,62.6172,50.6466,,2.9346
0.23028,65.5478,50.563,,2.92736
0.24029,68.4716,50.4369,,2.92187
0.250299,71.39,50.3011,,2.9145
0.260309,74.2999,50.1448,,2.90675
0.270319,77.2031,49.9875,,2.89947
0.280329,80.0983,49.81,,2.89191
0.290339,82.9859,49.6378,,2.88486
0.300348,85.8666,49.4549,,2.8759
0.310358,88.737,49.2699,,2.867
0.320368,91.5984,49.0758,,2.85651
0.330378,94.4509,48.8774,,2.8493
0.340387,97.2949,48.6816,,2.83935
0.350275,100.128,48.4831,,2.82755
0.360285,102.951,48.2899,,2.81818
0.370295,105.764,48.0962,,2.80889
0.380304,108.567,47.8934,,2.79831
0.390314,111.358,47.6985,,2.7863
0.400324,114.138,47.5021,,2.77447
0.410334,116.907,47.3034,,2.76465
0.420343,119.667,47.1138,,2.7544
0.430353,122.412,46.9204,,2.73887
0.440363,125.145,46.728,,2.72776
0.450373,127.865,46.5354,,2.71389
0.460382,130.572,46.3474,,2.70213
0.470392,133.268,46.1631,,2.69104
0.48028,135.951,45.9777,,2.67523
0.49029,138.617,45.7966,,2.6598
0.500299,141.27,45.6309,,2.649
0.510309,143.913,45.4387,,2.6343
0.520319,146.538,45.2621,,2.61848
0.530329,149.148,45.0874,,2.60308
0.540339,151.743,44.9,,2.58953
0.550348,154.324,44.7399,,2.57353
0.560358,156.889,44.5803,,2.55858
0.570368,159.44,44.4151,,2.54142
0.580378,161.97,44.2573,,2.52473
0.590387,164.491,44.0853,,2.51345
0.600275,166.993,43.9152,,2.49336
0.610285,169.477,43.7349,,2.47992
0.620295,171.945,43.5833,,2.45823
0.630304,174.394,43.4267,,2.43768
0.640314,176.822,43.2771,,2.42389
0.650324,179.242,43.131,,2.40986
0.660334,181.637,42.9812,,2.38856
0.670343,184.018,42.8175,,2.37255
0.680353,186.378,42.6562,,2.35231
0.690363,188.721,42.5097,,2.33539
0.700373,191.046,42.36,,2.31326
0.710382,193.347,42.2096,,2.29437
0.720392,195.633,42.0804,,2.27764
0.73028,197.9,41.9336,,2.25622
0.74029,200.143,41.7932,,2.23303
0.750299,202.367,41.6332,,2.21587
0.760309,204.571,41.487,,2.19631
0.770319,206.756,41.3445,,2.17529
0.780329,208.92,41.2061,,2.15523
0.790339,211.064,41.0688,,2.13506
0.800348,213.186,40.9239,,2.1099
0.810358,215.289,40.7905,,2.10092
0.820368,217.374,40.6464,,2.06756
0.830378,219.427,40.5037,,2.04358
0.840387,221.46,40.3648,,2.02395
0.850275,223.471,40.2094,,2.00117
0.860285,225.461,40.0952,,1.98085
0.870295,227.433,39.9447,,1.95998
0.880304,229.377,39.812,,1.93641
0.890314,231.308,39.6585,,1.92021
0.900324,233.206,39.538,,1.8845
0.910334,235.078,39.3804,,1.8619
0.920343,236.929,39.242,,1.84069
0.930353,238.758,39.1106,,1.8209
0.940363,240.566,38.9797,,1.79489
0.950373,242.345,38.843,,1.7695
0.960382,244.109,38.6833,,1.75453
0.970392,245.84,38.5473,,1.7142
0.98028,247.542,38.4022,,1.69477
0.99029,249.229,38.2569,,1.68168
1.0003,250.892,38.1143,,1.64216
1.01031,252.52,37.9723,,1.6156
1.02032,254.123,37.8395,,1.59765
1.03033,255.707,37.6951,,1.571
1.04034,257.264,37.5431,,1.54576
1.05035,258.796,37.3867,,1.5205
1.06036,260.303,37.24,,1.49344
1.07037,261.78,37.0965,,1.4671
1.08038,263.233,36.9471,,1.43945
1.09039,264.659,36.7954,,1.41592
1.10028,266.062,36.6335,,1.39034
1.11028,267.433,36.4761,,1.35798
1.12029,268.779,36.324,,1.33555
1.1303,270.1,36.1635,,1.30759
1.14031,271.392,36.0178,,1.28036
1.15032,272.658,35.8491,,1.2558
1.16033,273.898,35.6712,,1.22584
1.17034,275.11,35.5112,,1.19922
1.18035,276.293,35.3395,,1.17239
1.19036,277.451,35.176,,1.14388
1.20037,278.579,35.0055,,1.11701
1.21038,279.681,34.8412,,1.08732
1.22039,280.752,34.6442,,1.05799
1.23028,281.796,34.4645,,1.03226
1.24029,282.814,34.2822,,1.0104
1.2503,283.808,34.0849,,0.972723
1.26031,284.762,33.9051,,0.943727
1.27032,285.694,33.7099,,0.925273
1.28033,286.602,33.5135,,0.887023
1.29034,287.47,33.3096,,0.855049
1.30035,288.311,33.0991,,0.831253
1.31036,289.13,32.884,,0.806723
1.32037,289.918,32.6717,,0.772571
1.33038,290.673,32.4547,,0.743558
1.34039,291.403,32.2321,,0.7182
1.35028,292.105,31.9932,,0.687014
1.36028,292.775,31.7573,,0.657708
1.37029,293.418,31.5077,,0.630866
1.3803,294.032,31.2646,,0.59865
1.39031,294.618,31.016,,0.574013
1.40032,295.169,30.7548,,0.535436
1.41033,295.691,30.4836,,0.511791
1.42034,296.188,30.1851,,0.481215
1.43035,296.649,29.9065,,0.448047
1.44036,297.084,29.5998,,0.423057
1.45037,297.49,29.2927,,0.393509
1.46038,297.868,28.9771,,0.36345
1.47039,298.216,28.6409,,0.336601
1.48028,298.532,28.2979,,0.297779
1.49029,298.815,27.9427,,0.271322
1.5003,299.07,27.5749,,0.241968
1.51031,299.297,27.1923,,0.215353
1.52032,299.496,26.7982,,0.183168
1.53033,299.663,26.3725,,0.153553
1.54034,299.799,25.9382,,0.121997
1.55035,299.906,25.4831,,0.0934659
1.56036,299.982,25.0028,,0.0605813
1.57037,300.028,24.5166,,0.0458301
1.58038,300.062,23.9828,,9.89E-03
1.59039,300.033,23.4526,,-0.0462718
1.60028,299.99,22.8787,,-0.0496482
1.61028,299.917,22.2799,,-0.0913331
1.62029,299.813,21.6553,,-0.114364
1.6303,299.68,20.9917,,-0.147529
1.64031,299.518,20.2983,,-0.170048
1.65032,299.33,19.5774,,-0.209573
1.66033,299.101,18.8223,,-0.240547
1.67034,298.848,18.0424,,-0.26572
1.68035,298.565,17.2139,,-0.294995
1.69036,298.252,16.3635,,-0.328232
1.70037,297.91,15.4631,,-0.355127
1.71038,297.536,14.5287,,-0.387999
1.72039,297.135,13.5654,,-0.41227
1.73028,296.702,12.5678,,-0.449488
1.74029,296.238,11.5546,,-0.474831
1.7503,295.749,10.5188,,-0.503763
1.76031,295.227,9.45604,,-0.533137
1.77032,294.678,8.37544,,-0.563068
1.78033,294.098,7.26944,,-0.593368
1.79034,293.49,6.14708,,-0.621269
1.80035,292.854,5.02879,,-0.648625
1.81036,292.187,3.91118,,-0.682512
1.82037,291.488,2.78749,,-0.710814
1.83038,290.762,1.67934,,-0.738894
1.84039,290.006,0.572568,,-0.771134
1.85028,289.219,-0.522525,,-0.798644
1.86028,288.407,-1.61149,,-0.82349
1.87029,287.566,-2.69027,,-0.855909
1.8803,286.694,-3.75592,,-0.883456
1.89031,285.794,-4.80049,,-0.913419
1.90032,284.866,-5.81875,,-0.939093
1.91033,283.911,-6.82143,,-0.969118
1.92034,282.926,-7.80618,,-0.997917
1.93035,281.918,-8.76546,,-1.01629
1.94036,280.877,-9.72172,,-1.06038
1.95037,279.804,-10.6415,,-1.08576
1.96038,278.704,-11.5592,,-1.10975
1.97039,277.58,-12.4515,,-1.13659
1.98028,276.426,-13.32,,-1.16811
1.99029,275.246,-14.1621,,-1.18963
2.0003,274.04,-14.9964,,-1.22149
2.01031,272.802,-15.8172,,-1.24884
2.02032,271.538,-16.6054,,-1.27441
2.03033,270.251,-17.401,,-1.29885
2.04034,268.935,-18.1603,,-1.33178
2.05035,267.592,-18.8988,,-1.35009
2.06036,266.223,-19.6198,,-1.38596
2.07037,264.823,-20.3277,,-1.41086
2.08038,263.4,-21.0264,,-1.43244
2.09039,261.948,-21.7,,-1.46863
2.10028,260.469,-22.3703,,-1.48692
2.11028,258.967,-23.0076,,-1.51266
2.12029,257.441,-23.6252,,-1.54194
2.1303,255.884,-24.2279,,-1.56507
2.14031,254.304,-24.8311,,-1.59295
2.15032,252.703,-25.407,,-1.60959
2.16033,251.072,-25.9565,,-1.64705
2.17034,249.414,-26.5084,,-1.66701
2.18035,247.732,-27.0432,,-1.69274
2.19036,246.028,-27.5595,,-1.71563
2.20037,244.298,-28.0622,,-1.74181
2.21038,242.541,-28.5267,,-1.76715
2.22039,240.766,-28.9995,,-1.78404
2.23028,238.965,-29.4441,,-1.81275
2.24029,237.139,-29.8878,,-1.83757
2.2503,235.287,-30.3205,,-1.8632
2.26031,233.412,-30.7287,,-1.88571
2.27032,231.515,-31.14,,-1.90467
2.28033,229.598,-31.5144,,-1.9302
2.29034,227.653,-31.8738,,-1.95497
2.30035,225.685,-32.2262,,-1.97716
2.31036,223.698,-32.5787,,-1.99563
2.32037,221.689,-32.9117,,-2.01789
2.33038,219.661,-33.2257,,-2.04312
2.34039,217.6,-33.5446,,-2.06909
2.35028,215.525,-33.8425,,-2.08359
2.36028,213.426,-34.1424,,-2.11037
2.37029,211.307,-34.3908,,-2.12574
2.3803,209.165,-34.6621,,-2.15388
2.39031,207.003,-34.9253,,-2.16953
2.40032,204.822,-35.1591,,-2.19106
2.41033,202.618,-35.3895,,-2.21553
2.42034,200.392,-35.6258,,-2.23191
2.43035,198.151,-35.848,,-2.2496
2.44036,195.888,-36.0527,,-2.27313
2.45037,193.606,-36.2436,,-2.28969
2.46038,191.305,-36.4345,,-2.31011
2.47039,188.985,-36.6157,,-2.32898
2.48028,186.643,-36.7949,,-2.35119
2.49029,184.287,-36.9654,,-2.36183
2.5003,181.909,-37.1232,,-2.38993
2.51031,179.516,-37.2809,,-2.39713
2.52032,177.105,-37.4317,,-2.42028
2.53033,174.674,-37.5564,,-2.44277
2.54034,172.223,-37.6929,,-2.45599
2.55035,169.756,-37.8231,,-2.4749
2.56036,167.271,-37.9475,,-2.49272
2.57037,164.773,-38.0629,,-2.50454
2.58038,162.258,-38.1868,,-2.52391
2.59039,159.726,-38.2915,,-2.53648
2.60028,157.179,-38.385,,-2.55672
2.61028,154.615,-38.4755,,-2.57015
2.62029,152.036,-38.5706,,-2.58567
2.6303,149.44,-38.6528,,-2.60353
2.64031,146.831,-38.7407,,-2.61513
2.65032,144.207,-38.8309,,-2.62992
2.66033,141.57,-38.9014,,-2.64475
2.67034,138.916,-38.9799,,-2.65905
2.68035,136.25,-39.0251,,-2.67226
2.69036,133.57,-39.0888,,-2.68634
2.70037,130.876,-39.1517,,-2.69995
2.71038,128.169,-39.203,,-2.71189
2.72039,125.45,-39.266,,-2.72532
2.73028,122.719,-39.3185,,-2.73651
2.74029,119.975,-39.3632,,-2.74938
2.7503,117.218,-39.4012,,-2.76307
2.76031,114.449,-39.4496,,-2.7735
2.77032,111.673,-39.48,,-2.78061
2.78033,108.883,-39.5164,,-2.79705
2.79034,106.08,-39.5539,,-2.80647
2.80035,103.269,-39.5834,,-2.81528
2.81036,100.449,-39.6093,,-2.82585
2.82037,97.6139,-39.6262,,-2.83892
2.83038,94.772,-39.6586,,-2.84475
2.84039,91.9216,-39.6738,,-2.85596
2.85028,89.0622,-39.6943,,-2.86282
2.86028,86.1909,-39.7096,,-2.87685
2.87029,83.3115,-39.7222,,-2.88101
2.8803,80.4267,-39.7293,,-2.88883
2.89031,77.5311,-39.7419,,-2.90093
2.90032,74.6272,-39.7539,,-2.9058
2.91033,71.7173,-39.7668,,-2.91359
2.92034,68.8001,-39.766,,-2.92056
2.93035,65.877,-39.7751,,-2.92539
2.94036,62.9467,-39.7702,,-2.93364
2.95037,60.0096,-39.7669,,-2.93958
2.96038,57.0666,-39.7659,,-2.94572
2.97039,54.1184,-39.7595,,-2.95085
2.98028,51.1648,-39.764,,-2.95583
2.99029,48.2055,-39.7581,,-2.96143
3.0003,45.2416,-39.7561,,-2.96588
3.01031,42.2727,-39.729,,-2.9709
3.02032,39.3001,-39.7284,,-2.97457
3.03033,36.324,-39.7031,,-2.97749
3.04034,33.3438,-39.7034,,-2.9821
3.05035,30.3603,-39.6917,,-2.98477
3.06036,27.3742,-39.6764,,-2.98745
3.07037,24.3849,-39.6603,,-2.99045
3.08038,21.3928,-39.6414,,-2.99305
3.09039,18.3989,-39.6284,,-2.99461
3.10028,15.4034,-39.6077,,-2.99651
3.11028,12.4061,-39.582,,-2.99823
3.12029,9.40745,-39.5734,,-2.99865
3.1303,6.40801,-39.5407,,-2.99964
3.14031,3.4082,-39.513,,-3.00022
3.15032,0.407879,-39.4858,,-3.00044
3.16033,-2.59254,-39.4657,,-3.00035
3.17034,-5.59268,-39.4407,,-2.99973
3.18035,-8.59233,-39.4237,,-2.99937
3.19036,-11.5911,-39.3902,,-2.99837
3.20037,-14.5888,-39.3589,,-2.99737
3.21038,-17.5848,-39.3286,,-2.9947
3.22039,-20.5791,-39.3021,,-2.99371
3.23028,-23.5714,-39.2632,,-2.99101
3.24029,-26.5614,-39.2327,,-2.98969
3.2503,-29.5486,-39.2023,,-2.98534
3.26031,-32.5327,-39.1699,,-2.98273
3.27032,-35.5139,-39.1437,,-2.97964
3.28033,-38.4914,-39.0999,,-2.97597
3.29034,-41.4656,-39.0713,,-2.97274
3.30035,-44.4355,-39.0345,,-2.96714
3.31036,-47.4,-38.9888,,-2.96243
3.32037,-50.3599,-38.9547,,-2.9579
3.33038,-53.3153,-38.9196,,-2.95327
3.34039,-56.2654,-38.8808,,-2.9476
3.35028,-59.2097,-38.8412,,-2.94177
3.36028,-62.1489,-38.8006,,-2.93606
3.37029,-65.0808,-38.7575,,-2.9292
3.3803,-68.0065,-38.7121,,-2.92282
3.39031,-70.9253,-38.6709,,-2.91589
3.40032,-73.8378,-38.6349,,-2.90845
3.41033,-76.7417,-38.5876,,-2.90042
3.42034,-79.6376,-38.5391,,-2.89251
3.43035,-82.5255,-38.4991,,-2.88437
3.44036,-85.4068,-38.4543,,-2.87795
3.45037,-88.2792,-38.4054,,-2.86815
3.46038,-91.1422,-38.3682,,-2.85993
3.47039,-94.0009,-38.3203,,-2.85577
3.48028,-96.8452,-38.2672,,-2.83543
3.49029,-99.6766,-38.2181,,-2.8288
3.5003,-102.501,-38.1616,,-2.82077
3.51031,-105.316,-38.1144,,-2.81013
3.52032,-108.121,-38.0589,,-2.79996
3.53033,-110.914,-38.0172,,-2.78772
3.54034,-113.696,-37.9676,,-2.77739
3.55035,-116.468,-37.9063,,-2.76693
3.56036,-119.228,-37.8601,,-2.75436
3.57037,-121.975,-37.8111,,-2.74155
3.58038,-124.71,-37.7488,,-2.73
3.59039,-127.431,-37.6969,,-2.71401
3.60028,-130.14,-37.6413,,-2.70498
3.61028,-132.839,-37.5849,,-2.69343
3.62029,-135.524,-37.5252,,-2.67669
3.6303,-138.191,-37.4788,,-2.662
3.64031,-140.848,-37.4105,,-2.65138
3.65032,-143.491,-37.3572,,-2.63553
3.66033,-146.119,-37.3029,,-2.62108
3.67034,-148.733,-37.241,,-2.609
3.68035,-151.333,-37.1834,,-2.5911
3.69036,-153.915,-37.1239,,-2.57589
3.70037,-156.483,-37.0475,,-2.5618
3.71038,-159.036,-36.9982,,-2.54541
3.72039,-161.57,-36.9261,,-2.52698
3.73028,-164.091,-36.8692,,-2.51335
3.74029,-166.593,-36.807,,-2.49404
3.7503,-169.08,-36.7446,,-2.48108
3.76031,-171.552,-36.6814,,-2.46454
3.77032,-174.004,-36.6176,,-2.4413
3.78033,-176.436,-36.5502,,-2.42267
3.79034,-178.853,-36.4732,,-2.41737
3.80035,-181.258,-36.4121,,-2.39079
3.81036,-183.64,-36.3394,,-2.37535
3.82037,-186.005,-36.2647,,-2.35652
3.83038,-188.354,-36.2001,,-2.33873
3.84039,-190.676,-36.1341,,-2.3143
3.85028,-192.983,-36.0661,,-2.29763
3.86028,-195.27,-35.9906,,-2.27894
3.87029,-197.538,-35.9207,,-2.25979
3.8803,-199.787,-35.8396,,-2.23954
3.89031,-202.015,-35.757,,-2.21872
3.90032,-204.222,-35.6906,,-2.19769
3.91033,-206.409,-35.6048,,-2.17859
3.92034,-208.578,-35.534,,-2.16028
3.93035,-210.727,-35.454,,-2.13948
3.94036,-212.851,-35.3841,,-2.11305
3.95037,-214.954,-35.3067,,-2.09418
3.96038,-217.038,-35.2124,,-2.07528
3.97039,-219.099,-35.1303,,-2.04755
3.98028,-221.134,-35.0487,,-2.02734
3.99029,-223.152,-34.9639,,-2.01046
4.0003,-225.149,-34.8707,,-1.98479
4.01031,-227.122,-34.7998,,-1.96362
4.02032,-229.071,-34.7179,,-1.93644
4.03033,-230.999,-34.6212,,-1.91937
4.04034,-232.901,-34.5226,,-1.8899
4.05035,-234.779,-34.4398,,-1.86937
4.06036,-236.637,-34.3431,,-1.84639
4.07037,-238.469,-34.2438,,-1.82044
4.08038,-240.277,-34.1538,,-1.79905
4.09039,-242.063,-34.0702,,-1.77329
4.10028,-243.823,-33.9743,,-1.75078
4.11028,-245.561,-33.8636,,-1.72749
4.12029,-247.273,-33.7626,,-1.69903
4.1303,-248.96,-33.6684,,-1.67651
4.14031,-250.622,-33.5611,,-1.65084
4.15032,-252.261,-33.4634,,-1.62899
4.16033,-253.872,-33.3563,,-1.59687
4.17034,-255.456,-33.2394,,-1.57466
4.18035,-257.017,-33.1517,,-1.54862
4.19036,-258.552,-33.0293,,-1.52292
4.20037,-260.067,-32.9207,,-1.51017
4.21038,-261.554,-32.7971,,-1.46361
4.22039,-263.002,-32.6855,,-1.44016
4.23028,-264.436,-32.5731,,-1.4303
4.24029,-265.853,-32.4544,,-1.3948
4.2503,-267.221,-32.3213,,-1.35505
4.26031,-268.566,-32.2063,,-1.33863
4.27032,-269.891,-32.0697,,-1.31127
4.28033,-271.188,-31.9426,,-1.28542
4.29034,-272.46,-31.8288,,-1.26274
4.30035,-273.705,-31.6842,,-1.22844
4.31036,-274.919,-31.5502,,-1.20139
4.32037,-276.106,-31.3963,,-1.17616
4.33038,-277.267,-31.2571,,-1.14777
4.34039,-278.4,-31.1161,,-1.12165
4.35028,-279.507,-30.9769,,-1.0969
4.36028,-280.593,-30.8374,,-1.06828
4.37029,-281.635,-30.6795,,-1.02994
4.3803,-282.655,-30.5129,,-1.01141
4.39031,-283.652,-30.3489,,-0.980488
4.40032,-284.611,-30.1827,,-0.94492
4.41033,-285.544,-30.0105,,-0.92274
4.42034,-286.452,-29.8504,,-0.895018
4.43035,-287.331,-29.6768,,-0.865751
4.44036,-288.179,-29.5063,,-0.835178
4.45037,-289,-29.3074,,-0.808651
4.46038,-289.793,-29.1198,,-0.779831
4.47039,-290.555,-28.9287,,-0.747677
4.48028,-291.289,-28.7128,,-0.722632
4.49029,-291.995,-28.5236,,-0.692017
4.5003,-292.674,-28.3078,,-0.669161
4.51031,-293.324,-28.0837,,-0.632065
4.52032,-293.937,-27.8603,,-0.598154
4.53033,-294.521,-27.6364,,-0.573956
4.54034,-295.08,-27.3964,,-0.544889
4.55035,-295.609,-27.1559,,-0.516733
4.56036,-296.111,-26.8939,,-0.487707
4.57037,-296.578,-26.6273,,-0.452708
4.58038,-297.017,-26.3528,,-0.42787
4.59039,-297.431,-26.0825,,-0.401111
4.60028,-297.811,-25.7874,,-0.363964
4.61028,-298.16,-25.4784,,-0.337
4.62029,-298.482,-25.163,,-0.309687
4.6303,-298.774,-24.8337,,-0.277399
4.64031,-299.035,-24.4872,,-0.247397
4.65032,-299.267,-24.1353,,-0.218528
4.66033,-299.467,-23.772,,-0.185548
4.67034,-299.638,-23.3846,,-0.158793
4.68035,-299.778,-22.9888,,-0.126967
4.69036,-299.891,-22.5646,,-0.0986062
4.70037,-299.975,-22.1197,,-0.0701388
4.71038,-300.025,-21.6564,,-0.0461597
4.72039,-300.062,-21.1712,,-0.0180732
4.73028,-300.041,-20.6809,,0.0469467
4.74029,-299.996,-20.138,,0.0483444
4.7503,-299.928,-19.5911,,0.0842527
4.76031,-299.828,-19.0128,,0.111214
4.77032,-299.701,-18.3976,,0.140883
4.78033,-299.543,-17.7543,,0.171296
4.79034,-299.355,-17.0813,,0.201509
4.80035,-299.138,-16.3806,,0.229935
4.81036,-298.891,-15.641,,0.2608
4.82037,-298.612,-14.8782,,0.293237
4.83038,-298.304,-14.0814,,0.321647
4.84039,-297.966,-13.2566,,0.351262
4.85028,-297.597,-12.3862,,0.382054
4.86028,-297.2,-11.4955,,0.40983
4.87029,-296.773,-10.5584,,0.440706
4.8803,-296.315,-9.60271,,0.47185
4.89031,-295.828,-8.63068,,0.4988
4.90032,-295.314,-7.63104,,0.527692
4.91033,-294.77,-6.6187,,0.558314
4.92034,-294.193,-5.58208,,0.591432
4.93035,-293.588,-4.55176,,0.61569
4.94036,-292.954,-3.51547,,0.648433
4.95037,-292.294,-2.45993,,0.669652
4.96038,-291.603,-1.41146,,0.71016
4.97039,-290.879,-0.359199,,0.734062
4.98028,-290.127,0.675827,,0.767219
4.99029,-289.346,1.70119,,0.791366
5.0003,-288.54,2.71644,,0.819248
5.01031,-287.703,3.71458,,0.850083
5.02032,-286.837,4.70775,,0.880689
5.03033,-285.94,5.67862,,0.908508
5.04034,-285.018,6.62082,,0.935631
5.05035,-284.066,7.55261,,0.963809
5.06036,-283.087,8.45728,,0.993853
5.07037,-282.077,9.34812,,1.01962
5.08038,-281.043,10.2218,,1.04906
5.09039,-279.977,11.083,,1.07884
5.10028,-278.885,11.9079,,1.10146
5.11028,-277.764,12.7199,,1.1373
5.12029,-276.613,13.5084,,1.16105
5.1303,-275.435,14.2728,,1.19066
5.14031,-274.232,15.0316,,1.21523
5.15032,-273.002,15.7643,,1.2421
5.16033,-271.744,16.4911,,1.27251
5.17034,-270.454,17.1964,,1.30165
5.18035,-269.142,17.8642,,1.32209
5.19036,-267.806,18.5351,,1.34646
5.20037,-266.44,19.1721,,1.38387
5.21038,-265.043,19.8078,,1.40647
5.22039,-263.624,20.4215,,1.43089
5.23028,-262.177,21.0175,,1.45753
5.24029,-260.706,21.5855,,1.48324
5.2503,-259.211,22.1524,,1.50389
5.26031,-257.688,22.7058,,1.54012
5.27032,-256.134,23.2416,,1.56402
5.28033,-254.558,23.7541,,1.58711
5.29034,-252.956,24.2429,,1.61102
5.30035,-251.332,24.7215,,1.63564
5.31036,-249.681,25.195,,1.6665
5.32037,-248.002,25.6503,,1.68535
5.33038,-246.303,26.0931,,1.71328
5.34039,-244.574,26.52,,1.73968
5.35028,-242.825,26.9329,,1.75773
5.36028,-241.054,27.3442,,1.78384
5.37029,-239.253,27.716,,1.81159
5.3803,-237.43,28.079,,1.83348
5.39031,-235.586,28.4319,,1.85556
5.40032,-233.712,28.7841,,1.88528
5.41033,-231.818,29.1227,,1.90207
5.42034,-229.902,29.4542,,1.92791
5.43035,-227.962,29.7629,,1.94831
5.44036,-226.002,30.0742,,1.97022
5.45037,-224.019,30.3553,,1.99408
5.46038,-222.009,30.6223,,2.02155
5.47039,-219.979,30.889,,2.03733
5.48028,-217.927,31.1568,,2.06302
5.49029,-215.855,31.4059,,2.08124
5.5003,-213.76,31.641,,2.10565
5.51031,-211.643,31.8818,,2.1259
5.52032,-209.505,32.1057,,2.14793
5.53033,-207.347,32.3066,,2.16629
5.54034,-205.17,32.5083,,2.18479
5.55035,-202.972,32.7075,,2.21184
5.56036,-200.749,32.9096,,2.22831
5.57037,-198.51,33.0776,,2.24931
5.58038,-196.25,33.2679,,2.26922
5.59039,-193.97,33.4322,,2.28815
5.60028,-191.672,33.5839,,2.30595
5.61028,-189.357,33.7372,,2.32603
5.62029,-187.017,33.8925,,2.34758
5.6303,-184.661,34.0338,,2.3635
5.64031,-182.288,34.1698,,2.38227
5.65032,-179.893,34.314,,2.39847
5.66033,-177.495,34.4339,,2.40702
5.67034,-175.06,34.543,,2.44931
5.68035,-172.617,34.6684,,2.44105
5.69036,-170.156,34.7674,,2.47854
5.70037,-167.669,34.8827,,2.49224
5.71038,-165.171,34.9794,,2.50384
5.72039,-162.658,35.0772,,2.52059
5.73028,-160.13,35.1798,,2.53329
5.74029,-157.589,35.2605,,2.55078
5.7503,-155.025,35.3433,,2.5714
5.76031,-152.446,35.432,,2.58471
5.77032,-149.854,35.5092,,2.59891
5.78033,-147.248,35.5736,,2.61139
5.79034,-144.627,35.6502,,2.6292
5.80035,-141.99,35.7174,,2.64373
5.81036,-139.341,35.777,,2.65497
5.82037,-136.676,35.8415,,2.67231
5.83038,-133.997,35.9056,,2.68319
5.84039,-131.307,35.9525,,2.69598
5.85028,-128.603,36.0082,,2.71152
5.86028,-125.884,36.0611,,2.72303
5.87029,-123.156,36.1056,,2.73224
5.8803,-120.416,36.1485,,2.74813
5.89031,-117.66,36.1953,,2.76131
5.90032,-114.893,36.2344,,2.77144
5.91033,-112.115,36.2705,,2.78328
5.92034,-109.325,36.3046,,2.79493
5.93035,-106.525,36.3356,,2.80402
5.94036,-103.716,36.3737,,2.8135
5.95037,-100.897,36.4016,,2.82541
5.96038,-98.0651,36.4334,,2.83585
5.97039,-95.2245,36.4662,,2.84365
5.98028,-92.3758,36.4775,,2.85398
5.99029,-89.5165,36.5074,,2.86385
6.0003,-86.647,36.5239,,2.87279
6.01031,-83.7703,36.5444,,2.88031
6.02032,-80.8849,36.5634,,2.88922
6.03033,-77.9925,36.5784,,2.89598
6.04034,-75.0913,36.5939,,2.90508
6.05035,-72.1816,36.6147,,2.91256
6.06036,-69.2658,36.6168,,2.91909
6.07037,-66.3433,36.6316,,2.92591
6.08038,-63.4135,36.6346,,2.93231
6.09039,-60.4776,36.6427,,2.93833
6.10028,-57.5357,36.6574,,2.94487
6.11028,-54.5879,36.6631,,2.9504
6.12029,-51.6349,36.6758,,2.95502
6.1303,-48.6772,36.6696,,2.95986
6.14031,-45.7141,36.6766,,2.96564
6.15032,-42.7459,36.6787,,2.97006
6.16033,-39.7742,36.673,,2.97334
6.17034,-36.7982,36.6788,,2.97768
6.18035,-33.8187,36.6757,,2.98097
6.19036,-30.8355,36.6727,,2.98487
6.20037,-27.85,36.6672,,2.98641
6.21038,-24.8615,36.6622,,2.99024
6.22039,-21.8695,36.6517,,2.9928
6.23028,-18.8758,36.65,,2.99441
6.24029,-15.8806,36.6428,,2.99613
6.2503,-12.8837,36.6473,,2.9977
6.26031,-9.88536,36.626,,2.99881
6.27032,-6.88596,36.6192,,2.9997
6.28033,-3.88584,36.6151,,3.00017
6.29034,-0.885689,36.596,,3.00044
6.30035,2.11478,36.5828,,3.00046
6.31036,5.11488,36.5692,,2.99975
6.32037,8.11476,36.5533,,2.99954
6.33038,11.1136,36.5446,,2.99843
6.34039,14.1114,36.5241,,2.99733
6.35028,17.1078,36.5193,,2.99579
6.36028,20.1025,36.4998,,2.99386
6.37029,23.0953,36.4869,,2.99137
6.3803,26.0855,36.4692,,2.98933
6.39031,29.0731,36.4352,,2.98613
6.40032,32.0579,36.4195,,2.98361
6.41033,35.0395,36.3956,,2.9802
6.42034,38.0178,36.3738,,2.97658
6.43035,40.9923,36.3627,,2.97323
6.44036,43.9624,36.3384,,2.96689
6.45037,46.9278,36.3123,,2.96465
6.46038,49.8897,36.2978,,2.95894
6.47039,52.8456,36.2603,,2.95377
6.48028,55.7961,36.2313,,2.94797
6.49029,58.7409,36.2074,,2.94223
6.5003,61.6806,36.181,,2.93677
6.51031,64.6137,36.1643,,2.93051
6.52032,67.5407,36.1284,,2.92384
6.53033,70.4607,36.1066,,2.91688
6.54034,73.3736,36.0776,,2.90928
6.55035,76.279,36.028,,2.90219
6.56036,79.177,36.0187,,2.89405
6.57037,82.0665,35.9808,,2.88736
6.58038,84.9495,35.944,,2.87771
6.59039,87.8218,35.9171,,2.86904
6.60028,90.6868,35.8819,,2.86069
6.61028,93.5425,35.8428,,2.85222
6.62029,96.3893,35.8084,,2.84176
6.6303,99.2267,35.7766,,2.83421
6.64031,102.053,35.7471,,2.82078
6.65032,104.869,35.714,,2.81141
6.66033,107.675,35.6704,,2.80062
6.67034,110.47,35.6326,,2.7905
6.68035,113.254,35.5769,,2.77946
6.69036,116.027,35.5426,,2.76817
6.70037,118.789,35.5127,,2.75613
6.71038,121.537,35.469,,2.74249
6.72039,124.275,35.4449,,2.73243
6.73028,126.999,35.4013,,2.71793
6.74029,129.711,35.3453,,2.70736
6.7503,132.41,35.2976,,2.69186
6.76031,135.095,35.2494,,2.67915
6.77032,137.768,35.2095,,2.66795
6.78033,140.428,35.1604,,2.65262
6.79034,143.071,35.1348,,2.63724
6.80035,145.702,35.0904,,2.62425
6.81036,148.317,35.0323,,2.60882
6.82037,150.922,34.9802,,2.59919
6.83038,153.506,34.9277,,2.57397
6.84039,156.073,34.8803,,2.56097
6.85028,158.627,34.8317,,2.54881
6.86028,161.166,34.7772,,2.52829
6.87029,163.688,34.7397,,2.51813
6.8803,166.197,34.68,,2.49952
6.89031,168.686,34.6228,,2.48314
6.90032,171.16,34.575,,2.46588
6.91033,173.611,34.5154,,2.44283
6.92034,176.057,34.4517,,2.4423
6.93035,178.475,34.4003,,2.40185
6.94036,180.874,34.3492,,2.39481
6.95037,183.26,34.2787,,2.37844
6.96038,185.629,34.2242,,2.36123
6.97039,187.979,34.1703,,2.33889
6.98028,190.306,34.11,,2.32028
6.99029,192.616,34.0463,,2.30092
7.0003,194.907,33.9853,,2.282
7.01031,197.178,33.9209,,2.26291
7.02032,199.429,33.8542,,2.24319
7.03033,201.663,33.7931,,2.22416
7.04034,203.874,33.7259,,2.19999
7.05035,206.065,33.6543,,2.18623
7.06036,208.239,33.5915,,2.16015
7.07037,210.387,33.5257,,2.13874
7.08038,212.514,33.4489,,2.11849
7.09039,214.621,33.38,,2.09556
7.10028,216.705,33.3076,,2.07678
7.11028,218.77,33.2445,,2.05486
7.12029,220.814,33.1547,,2.03363
7.1303,222.834,33.0819,,2.01257
7.14031,224.837,33.0096,,1.9901
7.15032,226.81,32.9318,,1.96162
7.16033,228.759,32.843,,1.93982
7.17034,230.694,32.7716,,1.93096
7.18035,232.605,32.6932,,1.89333
7.19036,234.485,32.6161,,1.87024
7.20037,236.344,32.5301,,1.84895
7.21038,238.18,32.4428,,1.82554
7.22039,239.993,32.3601,,1.8026
7.23028,241.781,32.2587,,1.77579
7.24029,243.544,32.1756,,1.75318
7.2503,245.285,32.0869,,1.73037
7.26031,247.002,31.9994,,1.70793
7.27032,248.692,31.9207,,1.67325
7.28033,250.355,31.8163,,1.65713
7.29034,252,31.7171,,1.63163
7.30035,253.616,31.6096,,1.60469
7.31036,255.211,31.5183,,1.58409
7.32037,256.775,31.41,,1.55002
7.33038,258.311,31.3067,,1.52468
7.34039,259.823,31.204,,1.50221
7.35028,261.313,31.1027,,1.47848
7.36028,262.776,31.0028,,1.4502
7.37029,264.208,30.894,,1.41977
7.3803,265.616,30.7695,,1.39724
7.39031,266.999,30.6471,,1.36948
7.40032,268.355,30.524,,1.34554
7.41033,269.683,30.4135,,1.31474
7.42034,270.984,30.3006,,1.29044
7.43035,272.261,30.1867,,1.26334
7.44036,273.509,30.0526,,1.23809
7.45037,274.73,29.9092,,1.20383
7.46038,275.918,29.7802,,1.17931
7.47039,277.087,29.644,,1.15523
7.48028,278.224,29.5109,,1.12484
7.49029,279.332,29.3813,,1.09462
7.5003,280.412,29.2411,,1.06941
7.51031,281.469,29.0887,,1.04482
7.52032,282.494,28.928,,1.01195
7.53033,283.497,28.779,,0.988504
7.54034,284.462,28.6199,,0.950726
7.55035,285.402,28.4614,,0.931656
7.56036,286.315,28.3024,,0.895159
7.57037,287.193,28.1427,,0.865958
7.58038,288.046,27.9711,,0.84325
7.59039,288.875,27.7738,,0.813627
7.60028,289.669,27.5935,,0.782111
7.61028,290.439,27.4017,,0.75609
7.62029,291.176,27.2101,,0.724865
7.6303,291.885,27.0137,,0.69637
7.64031,292.566,26.8247,,0.665866
7.65032,293.216,26.6049,,0.638775
7.66033,293.839,26.3968,,0.609347
7.67034,294.43,26.1779,,0.576894
7.68035,294.994,25.9426,,0.551394
7.69036,295.528,25.6936,,0.518638
7.70037,296.031,25.4433,,0.492727
7.71038,296.507,25.1925,,0.460615
7.72039,296.949,24.9422,,0.428337
7.73028,297.363,24.6743,,0.401886
7.74029,297.749,24.393,,0.374014
7.7503,298.108,24.0834,,0.344161
7.76031,298.431,23.7801,,0.309349
7.77032,298.727,23.45,,0.283594
7.78033,298.993,23.13,,0.250375
7.79034,299.229,22.7848,,0.224446
7.80035,299.436,22.4335,,0.193538
7.81036,299.614,22.0708,,0.165337
7.82037,299.76,21.6793,,0.130875
7.83038,299.875,21.2721,,0.1009
7.84039,299.961,20.8346,,0.0744474
7.85028,300.013,20.3852,,0.0415114
7.86028,300.057,19.918,,0.0345618
7.87029,300.054,19.4353,,-0.0366139
7.8803,300.007,18.9277,,-0.0487008
7.89031,299.942,18.3898,,-0.0800349
7.90032,299.848,17.8239,,-0.104183
7.91033,299.726,17.2202,,-0.138436
7.92034,299.571,16.6026,,-0.167013
7.93035,299.387,15.9567,,-0.197231
7.94036,299.174,15.2751,,-0.225614
7.95037,298.93,14.5751,,-0.260012
7.96038,298.655,13.8207,,-0.28704
7.97039,298.352,13.0459,,-0.316155
7.98028,298.022,12.2332,,-0.34296
7.99029,297.657,11.3936,,-0.381226
8.0003,297.263,10.5249,,-0.403533
8.01031,296.847,9.61912,,-0.427463
8.02032,296.395,8.7038,,-0.472831
8.03033,295.909,7.76497,,-0.495414
8.04034,295.399,6.79107,,-0.523891
8.05035,294.859,5.80363,,-0.550859
8.06036,294.291,4.78875,,-0.582809
8.07037,293.695,3.78406,,-0.612007
8.08038,293.059,2.76116,,-0.649229
8.09039,292.398,1.75053,,-0.670998
8.10028,291.713,0.722849,,-0.698198
8.11028,290.996,-0.292014,,-0.732742
8.12029,290.248,-1.29857,,-0.756393
8.1303,289.477,-2.31093,,-0.787382
8.14031,288.67,-3.286,,-0.821017
8.15032,287.838,-4.25886,,-0.839864
8.16033,286.98,-5.23497,,-0.875259
8.17034,286.088,-6.17054,,-0.904858
8.18035,285.168,-7.10212,,-0.932206
8.19036,284.22,-7.99421,,-0.961355
8.20037,283.242,-8.88243,,-0.98945
8.21038,282.24,-9.73772,,-1.01488
8.22039,281.207,-10.5852,,-1.04777
8.23028,280.146,-11.4064,,-1.07127
8.24029,279.057,-12.2194,,-1.10203
8.2503,277.943,-13.0142,,-1.12594
8.26031,276.8,-13.7702,,-1.15772
8.27032,275.625,-14.5227,,-1.18809
8.28033,274.423,-15.2301,,-1.21128
8.29034,273.2,-15.9487,,-1.23539
8.30035,271.944,-16.6295,,-1.27017
8.31036,270.664,-17.3113,,-1.28811
8.32037,269.356,-17.967,,-1.326
8.33038,268.018,-18.6047,,-1.34384
8.34039,266.664,-19.2196,,-1.37129
8.35028,265.269,-19.817,,-1.40783
8.36028,263.851,-20.3982,,-1.42616
8.37029,262.417,-20.9755,,-1.4436
8.3803,260.949,-21.5326,,-1.48736
8.39031,259.448,-22.0769,,-1.50859
8.40032,257.933,-22.5861,,-1.52293
8.41033,256.387,-23.0883,,-1.56443
8.42034,254.811,-23.5862,,-1.58349
8.43035,253.215,-24.0545,,-1.60745
8.44036,251.591,-24.5144,,-1.63693
8.45037,249.943,-24.9618,,-1.65814
8.46038,248.271,-25.3904,,-1.68467
8.47039,246.573,-25.8174,,-1.70757
8.48028,244.851,-26.2222,,-1.7345
8.49029,243.103,-26.601,,-1.7566
8.5003,241.337,-26.9818,,-1.77755
8.51031,239.543,-27.34,,-1.80464
8.52032,237.725,-27.6948,,-1.8318
8.53033,235.88,-28.0374,,-1.85082
8.54034,234.017,-28.3604,,-1.8774
8.55035,232.125,-28.691,,-1.90223
8.56036,230.213,-28.9914,,-1.92028
8.57037,228.276,-29.2812,,-1.9493
8.58038,226.317,-29.5522,,-1.96637
8.59039,224.337,-29.8391,,-1.99373
8.60028,222.33,-30.0953,,-2.01616
8.61028,220.304,-30.3517,,-2.03531
8.62029,218.255,-30.59,,-2.05757
8.6303,216.188,-30.8451,,-2.07788
8.64031,214.097,-31.0693,,-2.09869
8.65032,211.989,-31.2776,,-2.12019
8.66033,209.85,-31.4846,,-2.15023
8.67034,207.692,-31.6901,,-2.16497
8.68035,205.516,-31.891,,-2.18396
8.69036,203.323,-32.0656,,-2.20238
8.70037,201.108,-32.2542,,-2.22559
8.71038,198.869,-32.4295,,-2.24931
8.72039,196.61,-32.5904,,-2.26529
8.73028,194.338,-32.7528,,-2.28036
8.74029,192.042,-32.908,,-2.30688
8.7503,189.727,-33.0469,,-2.3243
8.76031,187.39,-33.1979,,-2.3441
8.77032,185.038,-33.332,,-2.35735
8.78033,182.668,-33.4579,,-2.38238
8.79034,180.278,-33.5921,,-2.3968
8.80035,177.866,-33.7168,,-2.42395
8.81036,175.438,-33.825,,-2.42736
8.82037,173.001,-33.9365,,-2.44911
8.83038,170.542,-34.0406,,-2.46429
8.84039,168.068,-34.1433,,-2.48656
8.85028,165.571,-34.2364,,-2.50233
8.86028,163.061,-34.3408,,-2.51899
8.87029,160.533,-34.4352,,-2.53246
8.8803,157.994,-34.5153,,-2.54598
8.89031,155.435,-34.6075,,-2.56884
8.90032,152.858,-34.6895,,-2.58293
8.91033,150.269,-34.7536,,-2.59438
8.92034,147.666,-34.8359,,-2.61061
8.93035,145.046,-34.8991,,-2.62789
8.94036,142.41,-34.9626,,-2.6411
8.95037,139.762,-35.0334,,-2.65341
8.96038,137.102,-35.0866,,-2.66723
8.97039,134.426,-35.1458,,-2.68275
8.98028,131.736,-35.2099,,-2.69491
8.99029,129.033,-35.2643,,-2.70921
9.0003,126.317,-35.3089,,-2.72177
9.01031,123.59,-35.362,,-2.73325
9.02032,120.849,-35.4025,,-2.74523
9.03033,118.098,-35.4485,,-2.75681
9.04034,115.334,-35.4901,,-2.77014
9.05035,112.559,-35.5329,,-2.77941
9.06036,109.772,-35.571,,-2.79245
9.07037,106.974,-35.6086,,-2.80219
9.08038,104.165,-35.6441,,-2.8147
9.09039,101.345,-35.6752,,-2.82329
9.10028,98.517,-35.7051,,-2.8326
9.11028,95.6773,-35.7239,,-2.84477
9.12029,92.8285,-35.7574,,-2.85244
9.1303,89.9719,-35.7763,,-2.86076
9.14031,87.1039,-35.8086,,-2.87309
9.15032,84.2277,-35.8369,,-2.87873
9.16033,81.3444,-35.8512,,-2.8875
9.17034,78.4532,-35.8758,,-2.89416
9.18035,75.5529,-35.8951,,-2.90476
9.19036,72.6455,-35.9073,,-2.90948
9.20037,69.7311,-35.9231,,-2.91916
9.21038,66.8083,-35.9433,,-2.9248
9.22039,63.8801,-35.9497,,-2.93174
9.23028,60.945,-35.9663,,-2.93736
9.24029,58.0046,-35.9711,,-2.9435
9.2503,55.0578,-35.9798,,-2.94899
9.26031,52.1058,-35.995,,-2.95425
9.27032,49.1485,-35.9955,,-2.95962
9.28033,46.1858,-36.0063,,-2.96531
9.29034,43.2193,-36.016,,-2.96802
9.30035,40.2482,-36.0107,,-2.97284
9.31036,37.2729,-36.0277,,-2.97741
9.32037,34.2938,-36.0295,,-2.98069
9.33038,31.311,-36.0266,,-2.9844
9.34039,28.3254,-36.0318,,-2.98648
9.35028,25.3372,-36.0187,,-2.98956
9.36028,22.3461,-36.0259,,-2.99216
9.37029,19.3532,-36.0255,,-2.99386
9.3803,16.3578,-36.0205,,-2.99633
9.39031,13.361,-36.0217,,-2.99679
9.40032,10.3631,-36.0116,,-2.99884
9.41033,7.36375,-36.0131,,-2.99987
9.42034,4.3639,-35.9966,,-3.00005
9.43035,1.36356,-35.9924,,-3.00052
9.44036,-1.6369,-35.9813,,-3.00003
9.45037,-4.63702,-35.975,,-3.00028
9.46038,-7.63699,-35.9769,,-2.99964
9.47039,-10.6361,-35.9604,,-2.99883
9.48028,-13.6341,-35.9491,,-2.99704
9.49029,-16.6308,-35.939,,-2.99607
9.5003,-19.6257,-35.9241,,-2.99402
9.51031,-22.6186,-35.9025,,-2.99218
9.52032,-25.6094,-35.8923,,-2.98964
9.53033,-28.5975,-35.883,,-2.98676
9.54034,-31.5829,-35.8679,,-2.98395
9.55035,-34.5646,-35.853,,-2.98008
9.56036,-37.5433,-35.8353,,-2.97767
9.57037,-40.5183,-35.812,,-2.97295
9.58038,-43.4897,-35.7934,,-2.96965
9.59039,-46.4568,-35.7762,,-2.96479
9.60028,-49.4184,-35.7654,,-2.95899
9.61028,-52.3745,-35.7409,,-2.95421
9.62029,-55.3261,-35.7284,,-2.94921
9.6303,-58.2726,-35.7024,,-2.94387
9.64031,-61.2131,-35.6692,,-2.9377
9.65032,-64.1472,-35.6443,,-2.93179
9.66033,-67.0751,-35.6222,,-2.92469
9.67034,-69.9962,-35.5948,,-2.91776
9.68035,-72.9106,-35.5808,,-2.9116
9.69036,-75.8175,-35.5616,,-2.90304
9.70037,-78.7157,-35.5204,,-2.89429
9.71038,-81.6058,-35.4986,,-2.88659
9.72039,-84.491,-35.4662,,-2.88292
9.73028,-87.3658,-35.4438,,-2.86922
9.74029,-90.2312,-35.4061,,-2.86218
9.7503,-93.0892,-35.3827,,-2.85366
9.76031,-95.9364,-35.3602,,-2.843
9.77032,-98.7741,-35.317,,-2.83393
9.78033,-101.603,-35.2894,,-2.82343
9.79034,-104.421,-35.2519,,-2.81368
9.80035,-107.228,-35.2183,,-2.80273
9.81036,-110.026,-35.1835,,-2.79235
9.82037,-112.812,-35.1534,,-2.78124
9.83038,-115.586,-35.1144,,-2.76888
9.84039,-118.348,-35.0802,,-2.7563
9.85028,-121.1,-35.0435,,-2.7466
9.86028,-123.839,-35.0019,,-2.73366
9.87029,-126.566,-34.9644,,-2.7215
9.8803,-129.281,-34.9299,,-2.70882
9.89031,-131.982,-34.8792,,-2.69479
9.90032,-134.669,-34.8441,,-2.68198
9.91033,-137.344,-34.8058,,-2.66803
9.92034,-140.004,-34.7668,,-2.65406
9.93035,-142.651,-34.7215,,-2.64045
9.94036,-145.284,-34.6787,,-2.6271
9.95037,-147.902,-34.6291,,-2.61046
9.96038,-150.506,-34.5821,,-2.59897
9.97039,-153.094,-34.5397,,-2.57903
9.98028,-155.666,-34.4928,,-2.56646
9.99029,-158.224,-34.4501,,-2.55122
10.0003,-160.765,-34.4086,,-2.53226
10.0103,-163.289,-34.3497,,-2.51926
10.0203,-165.8,-34.3009,,-2.5001
10.0303,-168.289,-34.2463,,-2.48194
10.0403,-170.765,-34.1851,,-2.47176
10.0503,-173.227,-34.1486,,-2.45509
10.0604,-175.669,-34.0973,,-2.43064
10.0704,-178.093,-34.0442,,-2.41536
10.0804,-180.495,-33.9919,,-2.39497
10.0904,-182.883,-33.9405,,-2.38067
10.1003,-185.253,-33.8742,,-2.36057
10.1103,-187.604,-33.8097,,-2.34227
10.1203,-189.935,-33.7585,,-2.32443
10.1303,-192.25,-33.6976,,-2.30565
10.1403,-194.545,-33.6424,,-2.28576
10.1503,-196.819,-33.5869,,-2.26584
10.1603,-199.072,-33.5275,,-2.24174
10.1703,-201.306,-33.4552,,-2.22746
10.1804,-203.522,-33.3869,,-2.20738
10.1904,-205.718,-33.3282,,-2.18802
10.2004,-207.901,-33.2566,,-2.17215
10.2104,-210.048,-33.1945,,-2.13165
10.2204,-212.174,-33.1371,,-2.12288
10.2303,-214.285,-33.0649,,-2.09822
10.2403,-216.373,-32.9865,,-2.08141
10.2503,-218.442,-32.918,,-2.05806
10.2603,-220.489,-32.8432,,-2.0368
10.2703,-222.512,-32.7711,,-2.01318
10.2803,-224.514,-32.7007,,-1.99165
10.2903,-226.493,-32.6348,,-1.97034
10.3003,-228.453,-32.5589,,-1.95049
10.3104,-230.389,-32.4754,,-1.92318
10.3204,-232.297,-32.3904,,-1.89653
10.3304,-234.183,-32.3095,,-1.87663
10.3404,-236.046,-32.2272,,-1.85367
10.3503,-237.89,-32.1464,,-1.83282
10.3603,-239.705,-32.0681,,-1.80177
10.3703,-241.495,-31.9908,,-1.78211
10.3803,-243.267,-31.9017,,-1.76629
10.3903,-245.017,-31.8052,,-1.73085
10.4003,-246.732,-31.7073,,-1.70512
10.4103,-248.425,-31.619,,-1.68164
10.4203,-250.093,-31.5308,,-1.65866
10.4304,-251.737,-31.451,,-1.63004
10.4404,-253.355,-31.3477,,-1.60959
10.4504,-254.951,-31.2466,,-1.58628
10.4604,-256.526,-31.1555,,-1.56081
10.4704,-258.067,-31.0471,,-1.52837
10.4803,-259.584,-30.9471,,-1.50797
10.4903,-261.077,-30.8329,,-1.47964
10.5003,-262.544,-30.7332,,-1.45501
10.5103,-263.981,-30.629,,-1.42496
10.5203,-265.393,-30.5233,,-1.40155
10.5303,-266.782,-30.4061,,-1.37611
10.5403,-268.141,-30.2956,,-1.34551
10.5503,-269.472,-30.165,,-1.32064
10.5604,-270.78,-30.0453,,-1.29589
10.5704,-272.059,-29.9364,,-1.26538
10.5804,-273.309,-29.8113,,-1.23949
10.5904,-274.535,-29.6901,,-1.21321
10.6003,-275.731,-29.5546,,-1.18351
10.6103,-276.906,-29.4184,,-1.16475
10.6203,-278.047,-29.2794,,-1.12271
10.6303,-279.157,-29.1479,,-1.10042
10.6403,-280.243,-29.0121,,-1.07368
10.6503,-281.302,-28.866,,-1.04674
10.6603,-282.332,-28.7235,,-1.0163
10.6703,-283.331,-28.5693,,-0.986345
10.6804,-284.304,-28.4092,,-0.961507
10.6904,-285.251,-28.2547,,-0.934513
10.7004,-286.168,-28.0892,,-0.902437
10.7104,-287.053,-27.9305,,-0.872217
10.7204,-287.912,-27.7566,,-0.845328
10.7303,-288.739,-27.5815,,-0.816528
10.7403,-289.542,-27.405,,-0.790052
10.7503,-290.316,-27.2218,,-0.761571
10.7603,-291.066,-27.0313,,-0.734056
10.7703,-291.777,-26.841,,-0.697639
10.7803,-292.459,-26.6356,,-0.669177
10.7903,-293.115,-26.4203,,-0.645645
10.8003,-293.746,-26.205,,-0.615087
10.8104,-294.34,-25.9828,,-0.580437
10.8204,-294.906,-25.7709,,-0.554329
10.8304,-295.445,-25.5472,,-0.525957
10.8404,-295.953,-25.2968,,-0.49422
10.8503,-296.433,-25.0525,,-0.466786
10.8603,-296.882,-24.7814,,-0.435929
10.8703,-297.302,-24.5061,,-0.405461
10.8803,-297.691,-24.2356,,-0.375408
10.8903,-298.052,-23.948,,-0.349539
10.9003,-298.383,-23.6461,,-0.315547
10.9103,-298.682,-23.3333,,-0.286637
10.9203,-298.952,-23.021,,-0.254747
10.9304,-299.191,-22.6718,,-0.228572
10.9404,-299.404,-22.3156,,-0.199954
10.9504,-299.587,-21.9488,,-0.168532
10.9604,-299.739,-21.5668,,-0.135956
10.9704,-299.857,-21.1657,,-0.106758
10.9803,-299.951,-20.7544,,-0.0835179
10.9903,-300.008,-20.3172,,-0.0394908
11.0003,-300.052,-19.8639,,-0.0387953
11.0103,-300.059,-19.3762,,0.025791
11.0203,-300.015,-18.8683,,0.0498009
11.0303,-299.954,-18.3395,,0.0691933
11.0403,-299.869,-17.7819,,0.101324
11.0503,-299.744,-17.2102,,0.138665
11.0604,-299.597,-16.6001,,0.156965
11.0704,-299.42,-15.9612,,0.192504
11.0804,-299.211,-15.2912,,0.223624
11.0904,-298.971,-14.5922,,0.249931
11.1003,-298.706,-13.8609,,0.282029
11.1103,-298.404,-13.1004,,0.31524
11.1203,-298.075,-12.3066,,0.341826
11.1303,-297.717,-11.4845,,0.371369
11.1403,-297.329,-10.622,,0.402673
11.1503,-296.91,-9.73352,,0.430068
11.1603,-296.465,-8.82644,,0.459838
11.1703,-295.988,-7.89392,,0.488417
11.1804,-295.482,-6.94913,,0.520845
11.1904,-294.946,-5.97649,,0.548944
11.2004,-294.379,-4.97272,,0.581337
11.2104,-293.783,-3.96788,,0.608149
11.2204,-293.16,-2.96908,,0.633858
11.2303,-292.509,-1.9569,,0.668524
11.2403,-291.823,-0.952779,,0.696978
11.2503,-291.112,0.0473726,,0.724344
11.2603,-290.371,1.04805,,0.754133
11.2703,-289.601,2.03756,,0.783875
11.2803,-288.799,3.01851,,0.815836
11.2903,-287.97,3.98543,,0.838769
11.3003,-287.116,4.94632,,0.867921
11.3104,-286.23,5.87676,,0.90023
11.3204,-285.314,6.7882,,0.929214
11.3304,-284.372,7.6778,,0.951459
11.3404,-283.404,8.55651,,0.984085
11.3503,-282.402,9.39765,,1.01301
11.3603,-281.374,10.2402,,1.04097
11.3703,-280.318,11.0505,,1.06919
11.3803,-279.234,11.8568,,1.09537
11.3903,-278.121,12.6352,,1.12717
11.4003,-276.981,13.3812,,1.15195
11.4103,-275.812,14.125,,1.18196
11.4203,-274.616,14.8352,,1.20563
11.4304,-273.395,15.5394,,1.23697
11.4404,-272.143,16.2057,,1.26301
11.4504,-270.866,16.8766,,1.28768
11.4604,-269.564,17.5197,,1.31553
11.4704,-268.234,18.14,,1.33963
11.4803,-266.879,18.7598,,1.37048
11.4903,-265.491,19.3581,,1.39919
11.5003,-264.08,19.938,,1.42302
11.5103,-262.643,20.4893,,1.44804
11.5203,-261.179,21.0261,,1.4776
11.5303,-259.687,21.5447,,1.50123
11.5403,-258.173,22.063,,1.52594
11.5503,-256.633,22.5659,,1.55176
11.5604,-255.065,23.0523,,1.5831
11.5704,-253.47,23.5137,,1.60321
11.5804,-251.849,23.956,,1.63248
11.5904,-250.207,24.3966,,1.65211
11.6003,-248.541,24.8187,,1.67744
11.6103,-246.849,25.2174,,1.7055
11.6203,-245.128,25.6166,,1.73171
11.6303,-243.384,25.992,,1.75407
11.6403,-241.62,26.3772,,1.77356
11.6503,-239.829,26.7361,,1.80406
11.6603,-238.013,27.0666,,1.82569
11.6703,-236.175,27.4044,,1.8469
11.6804,-234.317,27.7111,,1.87109
11.6904,-232.428,28.0363,,1.9017
11.7004,-230.515,28.3202,,1.92049
11.7104,-228.584,28.6126,,1.93781
11.7204,-226.632,28.8961,,1.96645
11.7303,-224.652,29.1658,,1.98995
11.7403,-222.651,29.4125,,2.00869
11.7503,-220.636,29.6647,,2.02159
11.7603,-218.591,29.9013,,2.06347
11.7703,-216.52,30.1302,,2.07662
11.7803,-214.432,30.3411,,2.10027
11.7903,-212.32,30.5575,,2.11975
11.8003,-210.189,30.7717,,2.14095
11.8104,-208.038,30.9653,,2.15865
11.8204,-205.866,31.1586,,2.18295
11.8304,-203.673,31.3405,,2.20132
11.8404,-201.46,31.5208,,2.22171
11.8503,-199.228,31.6768,,2.24225
11.8603,-196.972,31.8456,,2.26481
11.8703,-194.698,31.9977,,2.28177
11.8803,-192.407,32.1467,,2.30055
11.8903,-190.096,32.2979,,2.31934
11.9003,-187.765,32.4455,,2.34078
11.9103,-185.413,32.5685,,2.3605
11.9203,-183.042,32.6982,,2.37769
11.9304,-180.662,32.8229,,2.38593
11.9404,-178.256,32.9391,,2.41954
11.9504,-175.832,33.048,,2.4257
11.9604,-173.392,33.1682,,2.45112
11.9704,-170.934,33.2716,,2.46578
11.9803,-168.461,33.3698,,2.47989
11.9903,-165.972,33.4639,,2.4986
12.0003,-163.461,33.5615,,2.51763
12.0103,-160.939,33.6387,,2.5245
12.0203,-158.4,33.7323,,2.55302
12.0303,-155.84,33.8191,,2.56421
12.0403,-153.268,33.8922,,2.57835
12.0503,-150.681,33.9717,,2.59444
12.0604,-148.079,34.0421,,2.60883
12.0704,-145.461,34.1033,,2.62434
12.0804,-142.83,34.1715,,2.63731
12.0904,-140.184,34.2411,,2.65289
12.1003,-137.524,34.3035,,2.66527
12.1103,-134.852,34.3636,,2.67858
12.1203,-132.165,34.4146,,2.69332
12.1303,-129.465,34.4664,,2.7061
12.1403,-126.751,34.5173,,2.71953
12.1503,-124.025,34.559,,2.73214
12.1603,-121.286,34.621,,2.74388
12.1703,-118.536,34.6648,,2.7543
12.1804,-115.775,34.7039,,2.76752
12.1904,-113.002,34.7432,,2.77723
12.2004,-110.217,34.7813,,2.79098
12.2104,-107.42,34.8128,,2.80235
12.2204,-104.612,34.852,,2.81257
12.2303,-101.796,34.8858,,2.81799
12.2403,-98.9697,34.9193,,2.83414
12.2503,-96.1304,34.9483,,2.8426
12.2603,-93.2845,34.9789,,2.85016
12.2703,-90.4276,35.007,,2.86072
12.2803,-87.5619,35.0248,,2.87008
12.2903,-84.6873,35.0519,,2.87822
12.3003,-81.8042,35.0763,,2.88731
12.3104,-78.9139,35.0927,,2.89241
12.3204,-76.0165,35.1188,,2.90094
12.3304,-73.1104,35.1354,,2.91083
12.3404,-70.1958,35.1604,,2.91752
12.3503,-67.275,35.159,,2.92383
12.3603,-64.347,35.1816,,2.93093
12.3703,-61.413,35.1912,,2.93659
12.3803,-58.4729,35.201,,2.943
12.3903,-55.5273,35.2162,,2.94782
12.4003,-52.5766,35.2385,,2.953
12.4103,-49.6201,35.2362,,2.9592
12.4203,-46.6579,35.2518,,2.96378
12.4304,-43.6919,35.2557,,2.96874
12.4404,-40.7212,35.2573,,2.97187
12.4504,-37.7465,35.2591,,2.97676
12.4604,-34.7681,35.2685,,2.98006
12.4704,-31.7863,35.2735,,2.98342
12.4803,-28.8013,35.2761,,2.98622
12.4903,-25.8132,35.2764,,2.98929
12.5003,-22.8223,35.279,,2.99217
12.5103,-19.8292,35.2744,,2.994
12.5203,-16.8346,35.2748,,2.99523
12.5303,-13.8383,35.27,,2.99671
12.5403,-10.8408,35.2667,,2.99793
12.5503,-7.84187,35.2687,,2.99997
12.5604,-4.84166,35.268,,3.00024
12.5704,-1.84143,35.2569,,3.00033
12.5804,1.15898,35.2555,,3.00044
12.5904,4.15935,35.2346,,3.00004
12.6003,7.15925,35.2306,,2.99996
12.6103,10.1584,35.2201,,2.99858
12.6203,13.1565,35.218,,2.99765
12.6303,16.1532,35.2085,,2.99575
12.6403,19.1483,35.2025,,2.99444
12.6503,22.1419,35.1841,,2.99322
12.6603,25.133,35.1801,,2.98958
12.6703,28.1216,35.1523,,2.98733
12.6804,31.1076,35.1493,,2.98456
12.6904,34.0902,35.1276,,2.98112
12.7004,37.0695,35.1101,,2.97791
12.7104,40.0452,35.103,,2.97322
12.7204,43.0163,35.0837,,2.96982
12.7303,45.9834,35.0632,,2.96488
12.7403,48.9455,35.0488,,2.96032
12.7503,51.9039,35.0307,,2.95611
12.7603,54.8571,35.0075,,2.95073
12.7703,57.8042,34.9854,,2.94452
12.7803,60.7462,34.9638,,2.93898
12.7903,63.6811,34.9517,,2.9323
12.8003,66.6096,34.9218,,2.92493
12.8104,69.5316,34.9024,,2.91932
12.8204,72.447,34.8842,,2.9127
12.8304,75.3552,34.8462,,2.90388
12.8404,78.255,34.8334,,2.89715
12.8503,81.1471,34.802,,2.88858
12.8603,84.0325,34.7762,,2.88167
12.8703,86.909,34.7483,,2.87236
12.8803,89.7761,34.7202,,2.86235
12.8903,92.6335,34.6931,,2.85469
12.9003,95.4839,34.6604,,2.84505
12.9103,98.3222,34.6287,,2.83446
12.9203,101.152,34.5997,,2.82637
12.9304,103.973,34.5664,,2.81508
12.9404,106.782,34.5417,,2.80546
12.9504,109.581,34.5097,,2.7925
12.9604,112.368,34.4741,,2.7835
12.9704,115.147,34.4434,,2.7742
12.9803,117.912,34.4032,,2.75698
12.9903,120.662,34.3683,,2.74568
13.0003,123.403,34.3285,,2.73615
13.0103,126.135,34.3013,,2.72766
13.0203,128.851,34.2583,,2.70697
13.0303,131.552,34.2198,,2.69711
13.0403,134.242,34.1865,,2.68416
13.0503,136.919,34.1342,,2.67125
13.0604,139.583,34.1018,,2.65701
13.0704,142.231,34.0618,,2.64071
13.0804,144.865,34.0159,,2.6294
13.0904,147.487,33.9756,,2.61355
13.1003,150.091,33.9294,,2.59784
13.1103,152.681,33.8896,,2.58415
13.1203,155.257,33.8496,,2.56878
13.1303,157.817,33.8015,,2.55269
13.1403,160.359,33.7536,,2.53432
13.1503,162.886,33.7074,,2.51997
13.1603,165.398,33.6517,,2.50435
13.1703,167.894,33.5978,,2.49126
13.1804,170.372,33.5576,,2.46592
13.1904,172.835,33.5082,,2.45968
13.2004,175.278,33.4517,,2.42941
13.2104,177.703,33.4111,,2.42473
13.2204,180.119,33.3554,,2.40247
13.2303,182.505,33.2963,,2.37794
13.2403,184.875,33.2407,,2.36353
13.2503,187.23,33.1862,,2.34578
13.2603,189.565,33.1338,,2.32639
13.2703,191.882,33.07,,2.30856
13.2803,194.179,33.0253,,2.28857
13.2903,196.458,32.9608,,2.27211
13.3003,198.723,32.8963,,2.25433
13.3104,200.957,32.8374,,2.22199
13.3204,203.171,32.7747,,2.20676
13.3304,205.369,32.7019,,2.19051
13.3404,207.551,32.6457,,2.17043
13.3503,209.705,32.5866,,2.14482
13.3603,211.837,32.52,,2.12262
13.3703,213.949,32.4453,,2.10316
13.3803,216.043,32.3819,,2.08646
13.3903,218.116,32.3173,,2.06112
13.4003,220.167,32.2392,,2.04054
13.4103,222.192,32.1643,,2.01391
13.4203,224.197,32.0985,,1.99888
13.4304,226.182,32.0311,,1.97138
13.4404,228.14,31.9439,,1.94872
13.4504,230.075,31.8711,,1.92438
13.4604,231.99,31.7954,,1.90754
13.4704,233.885,31.7292,,1.8834
13.4803,235.754,31.633,,1.85738
13.4903,237.599,31.5581,,1.83325
13.5003,239.418,31.4728,,1.81027
13.5103,241.216,31.3981,,1.78444
13.5203,242.984,31.3109,,1.75783
13.5303,244.732,31.2243,,1.73974
13.5403,246.456,31.1382,,1.70996
13.5503,248.154,31.045,,1.6891
13.5604,249.831,30.9501,,1.66494
13.5704,251.481,30.8539,,1.64095
13.5804,253.106,30.768,,1.60691
13.5904,254.704,30.6761,,1.59777
13.6003,256.284,30.5889,,1.55888
13.6103,257.825,30.4761,,1.52967
13.6203,259.345,30.3682,,1.51521
13.6303,260.849,30.2676,,1.48719
13.6403,262.314,30.1632,,1.451
13.6503,263.755,30.0654,,1.43411
13.6603,265.178,29.9529,,1.40756
13.6703,266.564,29.8478,,1.37377
13.6804,267.925,29.7251,,1.35016
13.6904,269.263,29.6093,,1.32746
13.7004,270.574,29.4916,,1.29855
13.7104,271.859,29.3753,,1.27243
13.7204,273.116,29.2485,,1.24371
13.7303,274.343,29.1222,,1.21485
13.7403,275.543,28.9957,,1.18744
13.7503,276.716,28.873,,1.16247
13.7603,277.864,28.7363,,1.13309
13.7703,278.98,28.606,,1.10433
13.7803,280.073,28.4613,,1.08127
13.7903,281.136,28.3177,,1.05006
13.8003,282.17,28.1706,,1.02047
13.8104,283.175,28.0194,,0.993184
13.8204,284.152,27.8716,,0.963742
13.8304,285.1,27.7082,,0.933552
13.8404,286.023,27.5573,,0.913184
13.8503,286.913,27.3929,,0.875779
13.8603,287.777,27.2229,,0.850007
13.8703,288.61,27.0471,,0.82176
13.8803,289.418,26.8651,,0.796855
13.8903,290.196,26.6895,,0.762721
13.9003,290.948,26.5014,,0.738334
13.9103,291.664,26.3123,,0.702718
13.9203,292.353,26.1111,,0.67578
13.9304,293.012,25.9037,,0.646638
13.9404,293.644,25.6945,,0.620294
13.9504,294.245,25.4788,,0.584525
13.9604,294.816,25.2596,,0.560851
13.9704,295.36,25.0267,,0.529779
13.9803,295.876,24.7865,,0.503539
13.9903,296.361,24.5382,,0.468144
14.0003,296.811,24.2756,,0.439518
14.0103,297.235,24.0181,,0.410725
14.0203,297.631,23.745,,0.380315
14.0303,297.995,23.4577,,0.351036
14.0403,298.33,23.1569,,0.323409
14.0503,298.636,22.8478,,0.291135
14.0604,298.91,22.5285,,0.262732
14.0704,299.159,22.19,,0.235069
14.0804,299.375,21.8495,,0.201204
14.0904,299.56,21.4878,,0.170825
14.1003,299.716,21.112,,0.143472
14.1103,299.842,20.722,,0.112088
14.1203,299.935,20.2932,,0.0824352
14.1303,300.005,19.8661,,0.0498036
14.1403,300.047,19.41,,0.0409012
14.1503,300.059,18.9464,,-0.0224105
14.1603,300.016,18.4446,,-0.0437347
14.1703,299.964,17.9239,,-0.0638135
14.1804,299.883,17.3782,,-0.0971223
14.1904,299.768,16.7976,,-0.128309
14.2004,299.623,16.1972,,-0.157931
14.2104,299.447,15.5679,,-0.189035
14.2204,299.244,14.9047,,-0.217191
14.2303,299.01,14.2109,,-0.245946
14.2403,298.751,13.4969,,-0.273749
14.2503,298.457,12.7363,,-0.306744
14.2603,298.131,11.9482,,-0.341938
14.2703,297.776,11.1406,,-0.36568
14.2803,297.393,10.2923,,-0.396342
14.2903,296.983,9.41529,,-0.420853
14.3003,296.543,8.52039,,-0.458545
14.3104,296.066,7.59098,,-0.48894
14.3204,295.564,6.64607,,-0.515577
14.3304,295.03,5.67655,,-0.545477
14.3404,294.471,4.69375,,-0.574289
14.3503,293.882,3.69872,,-0.599177
14.3603,293.265,2.70203,,-0.631389
14.3703,292.616,1.71159,,-0.663988
14.3803,291.939,0.699491,,-0.690382
14.3903,291.226,-0.303836,,-0.725664
14.4003,290.489,-1.29622,,-0.74911
14.4103,289.723,-2.27653,,-0.779251
14.4203,288.928,-3.26321,,-0.807945
14.4304,288.106,-4.20835,,-0.832692
14.4404,287.26,-5.15798,,-0.862118
14.4504,286.375,-6.08983,,-0.898837
14.4604,285.463,-7.00644,,-0.921527
14.4704,284.528,-7.89,,-0.950412
14.4803,283.559,-8.76634,,-0.980113
14.4903,282.564,-9.6209,,-1.01025
14.5003,281.538,-10.4454,,-1.03787
14.5103,280.485,-11.258,,-1.06393
14.5203,279.406,-12.0493,,-1.09274
14.5303,278.299,-12.8297,,-1.11887
14.5403,277.164,-13.5848,,-1.14791
14.5503,276.001,-14.3007,,-1.17466
14.5604,274.81,-15.0266,,-1.20462
14.5704,273.59,-15.7158,,-1.23145
14.5804,272.347,-16.3801,,-1.25529
14.5904,271.074,-17.0612,,-1.28284
14.6003,269.777,-17.7045,,-1.31296
14.6103,268.45,-18.3204,,-1.33822
14.6203,267.095,-18.9208,,-1.36776
14.6303,265.712,-19.5104,,-1.39515
14.6403,264.306,-20.0731,,-1.41173
14.6503,262.876,-20.642,,-1.44976
14.6603,261.412,-21.1847,,-1.47408
14.6703,259.926,-21.7179,,-1.49515
14.6804,258.416,-22.2187,,-1.52342
14.6904,256.877,-22.6988,,-1.55224
14.7004,255.311,-23.1891,,-1.57514
14.7104,253.722,-23.6397,,-1.60107
14.7204,252.11,-24.0979,,-1.62078
14.7303,250.474,-24.53,,-1.64947
14.7403,248.807,-24.9386,,-1.67781
14.7503,247.125,-25.3585,,-1.68985
14.7603,245.411,-25.7486,,-1.73235
14.7703,243.667,-26.1268,,-1.75196
14.7803,241.904,-26.4871,,-1.77262
14.7903,240.116,-26.847,,-1.8008
14.8003,238.304,-27.1826,,-1.82166
14.8104,236.469,-27.5159,,-1.84402
14.8204,234.612,-27.8243,,-1.8707
14.8304,232.728,-28.1361,,-1.89437
14.8404,230.823,-28.4346,,-1.91241
14.8503,228.896,-28.7165,,-1.93979
14.8603,226.943,-28.9944,,-1.96277
14.8703,224.968,-29.2612,,-1.98502
14.8803,222.972,-29.5194,,-2.00488
14.8903,220.955,-29.7523,,-2.02895
14.9003,218.913,-29.9813,,-2.05137
14.9103,216.849,-30.2218,,-2.0736
14.9203,214.764,-30.434,,-2.09488
14.9304,212.663,-30.6554,,-2.10463
14.9404,210.537,-30.8526,,-2.14632
14.9504,208.381,-31.0558,,-2.16
14.9604,206.213,-31.2478,,-2.17665
14.9704,204.024,-31.4157,,-2.19949
14.9803,201.812,-31.5893,,-2.2201
14.9903,199.584,-31.7573,,-2.23723
15.0003,197.333,-31.9147,,-2.25947
15.0103,195.065,-32.0844,,-2.27588
15.0203,192.776,-32.2246,,-2.3007
15.0303,190.465,-32.3733,,-2.31886
15.0403,188.136,-32.5161,,-2.33699
15.0503,185.79,-32.6384,,-2.35443
15.0604,183.424,-32.7625,,-2.37341
15.0704,181.041,-32.8788,,-2.38998
15.0804,178.644,-33.0104,,-2.40707
15.0904,176.225,-33.115,,-2.42704
15.1003,173.783,-33.2301,,-2.4519
15.1103,171.325,-33.3356,,-2.4638
15.1203,168.853,-33.4418,,-2.47868
15.1303,166.368,-33.5251,,-2.49181
15.1403,163.862,-33.6184,,-2.51728
15.1503,161.34,-33.7174,,-2.52288
15.1603,158.808,-33.7894,,-2.54477
15.1703,156.25,-33.8853,,-2.56504
15.1804,153.681,-33.9624,,-2.5743
15.1904,151.095,-34.0347,,-2.59277
15.2004,148.495,-34.1093,,-2.60653
15.2104,145.881,-34.1729,,-2.62161
15.2204,143.251,-34.2444,,-2.63548
15.2303,140.608,-34.3056,,-2.64937
15.2403,137.951,-34.3644,,-2.66372
15.2503,135.28,-34.4242,,-2.67785
15.2603,132.594,-34.4753,,-2.69202
15.2703,129.895,-34.5361,,-2.70405
15.2803,127.185,-34.5849,,-2.71509
15.2903,124.462,-34.6339,,-2.72962
15.3003,121.726,-34.6886,,-2.74206
15.3104,118.976,-34.7183,,-2.75527
15.3204,116.215,-34.7687,,-2.76586
15.3304,113.443,-34.8059,,-2.77725
15.3404,110.659,-34.8454,,-2.78798
15.3503,107.866,-34.8928,,-2.79855
15.3603,105.061,-34.9252,,-2.81071
15.3703,102.244,-34.9621,,-2.82138
15.3803,99.4179,-34.9922,,-2.82938
15.3903,96.5836,-35.0123,,-2.83855
15.4003,93.7387,-35.0361,,-2.85096
15.4103,90.883,-35.0648,,-2.85803
15.4203,88.0195,-35.0975,,-2.86893
15.4304,85.1464,-35.1329,,-2.87606
15.4404,82.266,-35.1469,,-2.8843
15.4504,79.3757,-35.1746,,-2.89486
15.4604,76.4765,-35.1908,,-2.9025
15.4704,73.5714,-35.2012,,-2.90752
15.4803,70.6595,-35.2202,,-2.91542
15.4903,67.7403,-35.2461,,-2.92235
15.5003,64.8136,-35.2632,,-2.92995
15.5103,61.8807,-35.2784,,-2.93564
15.5203,58.9417,-35.2869,,-2.94131
15.5303,55.9969,-35.3001,,-2.94774
15.5403,53.0463,-35.3052,,-2.95259
15.5503,50.0911,-35.3167,,-2.95787
15.5604,47.1298,-35.3305,,-2.96373
15.5704,44.1649,-35.3469,,-2.96563
15.5804,41.1952,-35.3351,,-2.97308
15.5904,38.2205,-35.3537,,-2.97571
15.6003,35.243,-35.3517,,-2.97969
15.6103,32.2611,-35.3655,,-2.98318
15.6203,29.2766,-35.3603,,-2.98511
15.6303,26.2896,-35.3758,,-2.98895
15.6403,23.2991,-35.3708,,-2.99175
15.6503,20.3068,-35.3675,,-2.993
15.6603,17.3122,-35.3634,,-2.9956
15.6703,14.3156,-35.3728,,-2.99706
15.6804,11.318,-35.3622,,-2.99841
15.6904,8.3191,-35.3755,,-2.99939
15.7004,5.31949,-35.368,,-2.99971
15.7104,2.31932,-35.358,,-3.00026
15.7204,-0.681179,-35.3579,,-3.00062
15.7303,-3.68145,-35.3304,,-3.00014
15.7403,-6.68142,-35.3379,,-2.99989
15.7503,-9.68077,-35.3318,,-2.99877
15.7603,-12.6792,-35.3227,,-2.99794
15.7703,-15.6763,-35.3274,,-2.99622
15.7803,-18.6718,-35.3161,,-2.99522
15.7903,-21.6655,-35.298,,-2.99236
15.8003,-24.6566,-35.288,,-2.98979
15.8104,-27.646,-35.2664,,-2.98846
15.8204,-30.632,-35.257,,-2.98463
15.8304,-33.6151,-35.2508,,-2.98218
15.8404,-36.5949,-35.2356,,-2.9778
15.8503,-39.5711,-35.2273,,-2.97469
15.8603,-42.5437,-35.2114,,-2.97039
15.8703,-45.5113,-35.194,,-2.9659
15.8803,-48.4752,-35.1759,,-2.96181
15.8903,-51.4337,-35.1508,,-2.95576
15.9003,-54.3867,-35.1402,,-2.95052
15.9103,-57.3344,-35.1291,,-2.94556
15.9203,-60.2772,-35.0955,,-2.94084
15.9304,-63.2134,-35.0806,,-2.93263
15.9404,-66.1434,-35.0587,,-2.92683
15.9504,-69.0656,-35.0321,,-2.91924
15.9604,-71.9826,-35.0092,,-2.9147
15.9704,-74.8927,-34.9973,,-2.90592
15.9803,-77.7939,-34.9777,,-2.89734
15.9903,-80.687,-34.9427,,-2.8892
16.0003,-83.5723,-34.924,,-2.88269
16.0103,-86.4503,-34.889,,-2.87407
16.0203,-89.3196,-34.8617,,-2.86516
16.0303,-92.1803,-34.8391,,-2.85738
16.0403,-95.031,-34.8095,,-2.84457
16.0503,-97.8709,-34.7904,,-2.83678
16.0604,-100.703,-34.7564,,-2.82843
16.0704,-103.526,-34.7295,,-2.81859
16.0804,-106.338,-34.6939,,-2.80578
16.0904,-109.137,-34.6614,,-2.79295
16.1003,-111.925,-34.6299,,-2.7838
16.1103,-114.703,-34.5929,,-2.77346
16.1203,-117.47,-34.5606,,-2.76209
16.1303,-120.225,-34.5288,,-2.74943
16.1403,-122.968,-34.5003,,-2.73764
16.1503,-125.702,-34.4544,,-2.7298
16.1603,-128.421,-34.4283,,-2.71009
16.1703,-131.123,-34.3892,,-2.69765
16.1804,-133.816,-34.3365,,-2.68702
16.1904,-136.493,-34.3083,,-2.67088
16.2004,-139.158,-34.2714,,-2.65821
16.2104,-141.809,-34.2182,,-2.64564
16.2204,-144.447,-34.1869,,-2.63154
16.2303,-147.069,-34.1442,,-2.61437
16.2403,-149.677,-34.1047,,-2.6021
16.2503,-152.271,-34.0581,,-2.58699
16.2603,-154.847,-34.0186,,-2.56961
16.2703,-157.412,-33.9729,,-2.55868
16.2803,-159.958,-33.9234,,-2.53599
16.2903,-162.487,-33.8727,,-2.52444
16.3003,-165.003,-33.8354,,-2.50723
16.3104,-167.5,-33.7859,,-2.49003
16.3204,-169.98,-33.7265,,-2.47066
16.3304,-172.442,-33.6868,,-2.4552
16.3404,-174.885,-33.635,,-2.43322
16.3503,-177.309,-33.5744,,-2.41943
16.3603,-179.729,-33.5259,,-2.41495
16.3703,-182.128,-33.4807,,-2.38693
16.3803,-184.501,-33.4278,,-2.3635
16.3903,-186.856,-33.3684,,-2.34729
16.4003,-189.194,-33.3178,,-2.33123
16.4103,-191.515,-33.2565,,-2.31164
16.4203,-193.815,-33.192,,-2.29159
16.4304,-196.096,-33.1377,,-2.27307
16.4404,-198.36,-33.0826,,-2.25263
16.4504,-200.599,-33.0174,,-2.22988
16.4604,-202.818,-32.9584,,-2.21155
16.4704,-205.019,-32.9037,,-2.18981
16.4803,-207.198,-32.8349,,-2.17266
16.4903,-209.36,-32.7623,,-2.15168
16.5003,-211.498,-32.7108,,-2.12811
16.5103,-213.617,-32.6382,,-2.11001
16.5203,-215.712,-32.5558,,-2.08302
16.5303,-217.786,-32.5,,-2.0671
16.5403,-219.84,-32.431,,-2.04381
16.5503,-221.872,-32.3721,,-2.02186
16.5604,-223.88,-32.2873,,-1.99572
16.5704,-225.865,-32.2193,,-1.97522
16.5804,-227.829,-32.1486,,-1.95548
16.5904,-229.77,-32.0611,,-1.92948
16.6003,-231.691,-31.9817,,-1.91297
16.6103,-233.586,-31.9124,,-1.88157
16.6203,-235.456,-31.8339,,-1.86077
16.6303,-237.304,-31.7525,,-1.83664
16.6403,-239.128,-31.6673,,-1.81566
16.6503,-240.93,-31.5926,,-1.78875
16.6603,-242.706,-31.5065,,-1.76826
16.6703,-244.464,-31.4179,,-1.74249
16.6804,-246.185,-31.3233,,-1.71045
16.6904,-247.886,-31.2319,,-1.69204
16.7004,-249.567,-31.1473,,-1.6683
16.7104,-251.218,-31.0566,,-1.64211
16.7204,-252.85,-30.9652,,-1.62048
16.7303,-254.451,-30.8666,,-1.58669
16.7403,-256.027,-30.7725,,-1.56673
16.7503,-257.579,-30.6779,,-1.53904
16.7603,-259.104,-30.5743,,-1.51673
16.7703,-260.609,-30.4669,,-1.49202
16.7803,-262.082,-30.3559,,-1.45773
16.7903,-263.526,-30.2607,,-1.4343
16.8003,-264.953,-30.1589,,-1.41721
16.8104,-266.346,-30.0475,,-1.37622
16.8204,-267.71,-29.9303,,-1.35403
16.8304,-269.056,-29.8145,,-1.33836
16.8404,-270.37,-29.6831,,-1.2935
16.8503,-271.651,-29.5734,,-1.27429
16.8603,-272.912,-29.4653,,-1.24695
16.8703,-274.143,-29.3337,,-1.21945
16.8803,-275.352,-29.2133,,-1.1984
16.8903,-276.532,-29.0739,,-1.16555
16.9003,-277.682,-28.9427,,-1.13831
16.9103,-278.806,-28.7959,,-1.11074
16.9203,-279.899,-28.6768,,-1.08035
16.9304,-280.966,-28.53,,-1.05468
16.9404,-282.005,-28.3904,,-1.02698
16.9504,-283.019,-28.2397,,-1.00419
16.9604,-284.004,-28.0898,,-0.966915
16.9704,-284.953,-27.9287,,-0.935916
16.9803,-285.877,-27.7632,,-0.913865
16.9903,-286.774,-27.6076,,-0.883867
17.0003,-287.642,-27.4383,,-0.853903
17.0103,-288.482,-27.2687,,-0.82862
17.0203,-289.294,-27.0951,,-0.798345
17.0303,-290.076,-26.915,,-0.768178
17.0403,-290.829,-26.7257,,-0.740792
17.0503,-291.552,-26.5384,,-0.710997
17.0604,-292.247,-26.3402,,-0.679841
17.0704,-292.909,-26.1351,,-0.649618
17.0804,-293.545,-25.9106,,-0.621598
17.0904,-294.151,-25.7016,,-0.594383
17.1003,-294.73,-25.4881,,-0.566473
17.1103,-295.277,-25.2543,,-0.532045
17.1203,-295.794,-25.0267,,-0.503762
17.1303,-296.281,-24.7769,,-0.472965
17.1403,-296.74,-24.522,,-0.447244
17.1503,-297.17,-24.2574,,-0.416244
17.1603,-297.569,-23.9857,,-0.386485
17.1703,-297.94,-23.7013,,-0.356954
17.1804,-298.279,-23.4006,,-0.32568
17.1904,-298.589,-23.0938,,-0.295716
17.2004,-298.87,-22.7863,,-0.267482
17.2104,-299.122,-22.4418,,-0.24106
17.2204,-299.342,-22.0973,,-0.202523
17.2303,-299.531,-21.7497,,-0.178186
17.2403,-299.692,-21.3692,,-0.147356
17.2503,-299.824,-20.9812,,-0.119997
17.2603,-299.927,-20.5685,,-0.0887408
17.2703,-299.997,-20.1383,,-0.0466063
17.2803,-300.036,-19.6934,,-0.0441661
17.2903,-300.061,-19.2099,,4.68E-03
17.3003,-300.024,-18.7328,,0.0442725
17.3104,-299.974,-18.2126,,0.0609941
17.3204,-299.898,-17.674,,0.0913822
17.3304,-299.789,-17.1024,,0.123528
17.3404,-299.648,-16.5029,,0.154335
17.3503,-299.478,-15.8702,,0.183048
17.3603,-299.28,-15.2191,,0.210894
17.3703,-299.052,-14.5328,,0.243741
17.3803,-298.791,-13.8233,,0.273324
17.3903,-298.5,-13.0735,,0.304299
17.4003,-298.182,-12.3014,,0.330365
17.4103,-297.835,-11.4832,,0.360384
17.4203,-297.455,-10.6385,,0.395039
17.4304,-297.047,-9.77047,,0.419032
17.4404,-296.613,-8.87199,,0.447891
17.4504,-296.146,-7.95792,,0.481286
17.4604,-295.649,-7.01456,,0.507089
17.4704,-295.123,-6.05408,,0.543754
17.4803,-294.564,-5.06874,,0.571985
17.4903,-293.978,-4.07032,,0.596304
17.5003,-293.364,-3.08054,,0.630352
17.5103,-292.718,-2.08826,,0.657946
17.5203,-292.049,-1.08249,,0.678393
17.5303,-291.347,-0.0837226,,0.722071
17.5403,-290.609,0.898728,,0.749588
17.5503,-289.846,1.89825,,0.774384
17.5604,-289.057,2.87252,,0.802017
17.5704,-288.238,3.82824,,0.832896
17.5804,-287.389,4.78287,,0.859309
17.5904,-286.515,5.71541,,0.888277
17.6003,-285.609,6.62498,,0.921308
17.6103,-284.673,7.51455,,0.948688
17.6203,-283.709,8.37634,,0.97231
17.6303,-282.721,9.23413,,1.00379
17.6403,-281.703,10.0721,,1.02992
17.6503,-280.657,10.8809,,1.0591
17.6603,-279.581,11.6863,,1.08936
17.6703,-278.477,12.4596,,1.11488
17.6804,-277.349,13.2018,,1.13972
17.6904,-276.19,13.9338,,1.17421
17.7004,-275.003,14.6446,,1.19863
17.7104,-273.788,15.3508,,1.22673
17.7204,-272.546,16.0268,,1.25441
17.7303,-271.281,16.6906,,1.27566
17.7403,-269.985,17.3308,,1.3115
17.7503,-268.66,17.9479,,1.33549
17.7603,-267.31,18.5515,,1.36206
17.7703,-265.936,19.1435,,1.38636
17.7803,-264.531,19.7287,,1.41604
17.7903,-263.101,20.2889,,1.44266
17.8003,-261.646,20.8173,,1.46531
17.8104,-260.166,21.3423,,1.49267
17.8204,-258.658,21.8462,,1.52032
17.8304,-257.126,22.3395,,1.53977
17.8404,-255.569,22.8212,,1.57239
17.8503,-253.982,23.2783,,1.5979
17.8603,-252.372,23.7292,,1.62226
17.8703,-250.734,24.1635,,1.64807
17.8803,-249.075,24.5901,,1.67112
17.8903,-247.388,24.9912,,1.69715
17.9003,-245.678,25.3706,,1.72162
17.9103,-243.944,25.7418,,1.74458
17.9203,-242.185,26.1222,,1.76629
17.9304,-240.408,26.4717,,1.79349
17.9404,-238.596,26.8206,,1.82347
17.9504,-236.762,27.1408,,1.84272
17.9604,-234.907,27.4596,,1.86575
17.9704,-233.029,27.771,,1.8866
17.9803,-231.128,28.0591,,1.91395
17.9903,-229.201,28.3346,,1.93405
18.0003,-227.257,28.6154,,1.95765
18.0103,-225.283,28.8877,,1.98451
18.0203,-223.29,29.1311,,2.00014
18.0303,-221.278,29.3832,,2.01978
18.0403,-219.242,29.612,,2.05242
18.0503,-217.178,29.8508,,2.07088
18.0604,-215.097,30.0461,,2.09151
18.0704,-212.995,30.2646,,2.11017
18.0804,-210.873,30.4721,,2.13305
18.0904,-208.726,30.6701,,2.15468
18.1003,-206.56,30.8564,,2.17706
18.1103,-204.374,31.0366,,2.19455
18.1203,-202.166,31.219,,2.21611
18.1303,-199.941,31.3763,,2.23446
18.1403,-197.694,31.5331,,2.25597
18.1503,-195.428,31.6904,,2.27536
18.1603,-193.14,31.8405,,2.29852
18.1703,-190.832,31.981,,2.31325
18.1804,-188.509,32.1268,,2.33266
18.1904,-186.163,32.2589,,2.3557
18.2004,-183.804,32.3843,,2.36183
18.2104,-181.425,32.5004,,2.39726
18.2204,-179.02,32.621,,2.40098
18.2303,-176.613,32.7291,,2.42416
18.2403,-174.174,32.8384,,2.44455
18.2503,-171.719,32.9524,,2.4642
18.2603,-169.249,33.0544,,2.47604
18.2703,-166.765,33.1432,,2.49109
18.2803,-164.262,33.2408,,2.51104
18.2903,-161.741,33.3225,,2.52897
18.3003,-159.208,33.4011,,2.53826
18.3104,-156.656,33.4963,,2.56038
18.3204,-154.089,33.5598,,2.57308
18.3304,-151.507,33.6469,,2.58906
18.3404,-148.91,33.7241,,2.60508
18.3503,-146.297,33.7844,,2.61919
18.3603,-143.669,33.854,,2.63309
18.3703,-141.03,33.9095,,2.64538
18.3803,-138.376,33.9722,,2.66209
18.3903,-135.706,34.0386,,2.67573
18.4003,-133.023,34.087,,2.68924
18.4103,-130.326,34.1522,,2.70269
18.4203,-127.616,34.1978,,2.71464
18.4304,-124.894,34.2448,,2.72858
18.4404,-122.16,34.2888,,2.73955
18.4504,-119.414,34.3356,,2.75169
18.4604,-116.655,34.38,,2.76376
18.4704,-113.886,34.4192,,2.77332
18.4803,-111.107,34.4653,,2.78535
18.4903,-108.311,34.5016,,2.8016
18.5003,-105.507,34.5302,,2.80745
18.5103,-102.694,34.5724,,2.81605
18.5203,-99.8713,34.604,,2.82964
18.5303,-97.0359,34.6245,,2.83946
18.5403,-94.1913,34.6634,,2.84851
18.5503,-91.3376,34.6903,,2.8582
18.5604,-88.4748,34.7181,,2.86623
18.5704,-85.6036,34.7447,,2.87622
18.5804,-82.7229,34.769,,2.88359
18.5904,-79.8352,34.7954,,2.89093
18.6003,-76.9399,34.8034,,2.89902
18.6103,-74.0366,34.8247,,2.90777
18.6203,-71.1237,34.8433,,2.91573
18.6303,-68.2049,34.8547,,2.92181
18.6403,-65.2801,34.8815,,2.92756
18.6503,-62.3485,34.8982,,2.93472
18.6603,-59.4107,34.9072,,2.94004
18.6703,-56.4671,34.9252,,2.94633
18.6804,-53.5175,34.9282,,2.95199
18.6904,-50.5628,34.9403,,2.95783
18.7004,-47.6018,34.951,,2.96329
18.7104,-44.6365,34.9682,,2.96637
18.7204,-41.6676,34.9853,,2.97075
18.7303,-38.6943,34.9754,,2.97533
18.7403,-35.7175,34.9843,,2.97892
18.7503,-32.7363,34.9793,,2.98237
18.7603,-29.752,34.9896,,2.98528
18.7703,-26.7655,34.9881,,2.9881
18.7803,-23.7758,35.0016,,2.99122
18.7903,-20.7831,34.9967,,2.99345
18.8003,-17.7888,35.002,,2.99496
18.8104,-14.7929,35.0007,,2.99642
18.8204,-11.7955,34.9918,,2.99833
18.8304,-8.79685,34.9855,,2.99925
18.8404,-5.79716,34.9889,,2.99979
18.8503,-2.79716,34.9897,,3.00017
18.8603,0.203248,34.9904,,3.00037
18.8703,3.20369,34.9807,,3.00032
18.8803,6.20361,34.9703,,2.99985
18.8903,9.20326,34.9627,,2.99956
18.9003,12.202,34.951,,2.99767
18.9103,15.1992,34.9433,,2.99687
18.9203,18.195,34.9424,,2.99471
18.9304,21.1885,34.9273,,2.99307
18.9404,24.181,34.924,,2.99114
18.9504,27.1703,34.9154,,2.98798
18.9604,30.1567,34.8956,,2.98501
18.9704,33.1403,34.8857,,2.98259
18.9803,36.1208,34.8676,,2.97863
18.9903,39.0976,34.8457,,2.97536
19.0003,42.0707,34.8372,,2.97089
19.0103,45.0391,34.8165,,2.96644
19.0203,48.0034,34.8158,,2.96262
19.0303,50.963,34.7922,,2.95699
19.0403,53.917,34.7805,,2.95158
19.0503,56.8658,34.7561,,2.94661
19.0604,59.8086,34.7387,,2.93967
19.0704,62.7457,34.7064,,2.93481
19.0804,65.677,34.692,,2.92796
19.0904,68.601,34.6711,,2.92131
19.1003,71.5191,34.6582,,2.91518
19.1103,74.4289,34.6335,,2.90615
19.1203,77.3322,34.6111,,2.90032
19.1303,80.2271,34.5863,,2.8908
19.1403,83.1151,34.5518,,2.88461
19.1503,85.9939,34.5335,,2.87491
19.1603,88.864,34.5044,,2.86576
19.1703,91.7247,34.4833,,2.85839
19.1804,94.5802,34.4541,,2.84922
19.1904,97.4206,34.415,,2.83651
19.2004,100.253,34.3911,,2.8278
19.2104,103.075,34.3603,,2.81811
19.2204,105.889,34.335,,2.80887
19.2303,108.69,34.2973,,2.79605
19.2403,111.481,34.2745,,2.78524
19.2503,114.261,34.2351,,2.77542
19.2603,117.029,34.209,,2.76391
19.2703,119.787,34.1752,,2.75262
19.2803,122.533,34.1326,,2.73919
19.2903,125.264,34.1017,,2.72643
19.3003,127.985,34.0627,,2.71476
19.3104,130.692,34.0298,,2.7012
19.3204,133.387,33.9906,,2.69055
19.3304,136.069,33.959,,2.67405
19.3404,138.735,33.9077,,2.65994
19.3503,141.388,33.8802,,2.6465
19.3603,144.027,33.8312,,2.63365
19.3703,146.653,33.7906,,2.61853
19.3803,149.264,33.754,,2.60606
19.3903,151.861,33.7042,,2.58856
19.4003,154.439,33.6723,,2.57058
19.4103,157.004,33.6232,,2.55956
19.4203,159.554,33.5752,,2.53979
19.4304,162.082,33.5283,,2.52402
19.4404,164.601,33.4827,,2.5104
19.4504,167.101,33.4347,,2.49344
19.4604,169.586,33.3854,,2.47692
19.4704,172.054,33.3452,,2.45832
19.4803,174.506,33.2881,,2.44856
19.4903,176.942,33.2358,,2.42384
19.5003,179.348,33.1924,,2.39954
19.5103,181.747,33.1323,,2.39453
19.5203,184.127,33.0823,,2.36628
19.5303,186.485,33.0241,,2.35275
19.5403,188.826,32.972,,2.32914
19.5503,191.146,32.9091,,2.31371
19.5604,193.449,32.8598,,2.29355
19.5704,195.732,32.8034,,2.27375
19.5804,198.001,32.7416,,2.26681
19.5904,200.249,32.6889,,2.22938
19.6003,202.466,32.6226,,2.21031
19.6103,204.67,32.5555,,2.19755
19.6203,206.855,32.4954,,2.17417
19.6303,209.017,32.4344,,2.15417
19.6403,211.162,32.3719,,2.13539
19.6503,213.283,32.2983,,2.10892
19.6603,215.381,32.2412,,2.08939
19.6703,217.458,32.1761,,2.06659
19.6804,219.512,32.0997,,2.04722
19.6904,221.549,32.0245,,2.02582
19.7004,223.562,31.9503,,2.00177
19.7104,225.551,31.89,,1.98027
19.7204,227.52,31.8081,,1.95749
19.7303,229.463,31.7336,,1.93548
19.7403,231.389,31.6591,,1.91299
19.7503,233.284,31.5871,,1.88305
19.7603,235.158,31.5086,,1.86536
19.7703,237.009,31.4225,,1.84237
19.7803,238.841,31.3408,,1.81815
19.7903,240.642,31.2674,,1.79021
19.8003,242.423,31.1807,,1.77109
19.8104,244.181,31.0886,,1.7475
19.8204,245.912,31.0073,,1.71883
19.8304,247.617,30.9206,,1.69344
19.8404,249.299,30.8258,,1.67312
19.8503,250.959,30.7327,,1.64717
19.8603,252.589,30.6468,,1.61897
19.8703,254.195,30.551,,1.5947
19.8803,255.775,30.4684,,1.56822
19.8903,257.331,30.3542,,1.54465
19.9003,258.86,30.2528,,1.51686
19.9103,260.365,30.1422,,1.49496
19.9203,261.845,30.0497,,1.46888
19.9304,263.299,29.9493,,1.43948
19.9404,264.729,29.8537,,1.42273
19.9504,266.127,29.7248,,1.37945
19.9604,267.495,29.6189,,1.35823
19.9704,268.839,29.4917,,1.33261
19.9803,270.159,29.3718,,1.30806
19.9903,271.451,29.2658,,1.28051
20.0003,272.715,29.1462,,1.25019
20.0103,273.955,29.0208,,1.22985
20.0203,275.165,28.9003,,1.1958
20.0303,276.349,28.7678,,1.17489
20.0403,277.504,28.6296,,1.1367
20.0503,278.627,28.5047,,1.11395
20.0604,279.729,28.3634,,1.09288
20.0704,280.802,28.213,,1.05426
20.0804,281.841,28.0811,,1.02734
20.0904,282.855,27.9284,,1.00365
20.1003,283.843,27.7865,,0.974097
20.1103,284.801,27.6293,,0.945286
20.1203,285.73,27.4583,,0.916122
20.1303,286.632,27.3088,,0.89059
20.1403,287.509,27.1325,,0.861146
20.1503,288.354,26.9687,,0.837831
20.1603,289.172,26.7917,,0.797936
20.1703,289.954,26.6109,,0.772369
20.1804,290.71,26.4296,,0.73999
20.1904,291.436,26.2303,,0.715054
20.2004,292.135,26.0389,,0.685564
20.2104,292.805,25.8402,,0.657244
20.2204,293.446,25.63,,0.626324
20.2303,294.055,25.42,,0.596845
20.2403,294.638,25.1916,,0.571164
20.2503,295.191,24.9771,,0.538478
20.2603,295.713,24.7258,,0.507997
20.2703,296.207,24.4854,,0.483225
20.2803,296.671,24.2331,,0.447954
20.2903,297.104,23.9693,,0.422008
20.3003,297.51,23.7041,,0.389982
20.3104,297.882,23.4187,,0.359008
20.3204,298.226,23.1294,,0.336138
20.3304,298.547,22.8215,,0.301023
20.3404,298.828,22.5105,,0.26834
20.3503,299.08,22.1755,,0.239285
20.3603,299.307,21.8394,,0.216397
20.3703,299.506,21.4809,,0.181501
20.3803,299.669,21.1122,,0.15256
20.3903,299.806,20.7221,,0.120408
20.4003,299.91,20.3086,,0.0913513
20.4103,299.991,19.8859,,0.0657533
20.4203,300.034,19.4422,,0.0388138
20.4304,300.063,18.9723,,6.38E-03
20.4404,300.032,18.4919,,-0.0448814
20.4504,299.986,17.9681,,-0.054435
20.4604,299.913,17.4327,,-0.0884548
20.4704,299.806,16.8701,,-0.122138
20.4803,299.672,16.2748,,-0.145247
20.4903,299.508,15.6585,,-0.179039
20.5003,299.314,15.003,,-0.205601
20.5103,299.092,14.3334,,-0.239026
20.5203,298.833,13.6063,,-0.270689
20.5303,298.55,12.8642,,-0.295347
20.5403,298.237,12.0934,,-0.327836
20.5503,297.895,11.2881,,-0.354393
20.5604,297.518,10.4556,,-0.391301
20.5704,297.114,9.59055,,-0.41771
20.5804,296.681,8.6996,,-0.443361
20.5904,296.218,7.77987,,-0.479167
20.6003,295.723,6.84125,,-0.508543
20.6103,295.204,5.88537,,-0.530673
20.6203,294.653,4.90349,,-0.565139
20.6303,294.072,3.91135,,-0.592432
20.6403,293.463,2.92205,,-0.624298
20.6503,292.823,1.93158,,-0.651122
20.6603,292.156,0.933827,,-0.68025
20.6703,291.458,-0.0743224,,-0.713349
20.6804,290.728,-1.06959,,-0.743729
20.6904,289.969,-2.06277,,-0.770519
20.7004,289.185,-3.04253,,-0.79589
20.7104,288.372,-3.99975,,-0.828003
20.7204,287.528,-4.9432,,-0.85538
20.7303,286.658,-5.86927,,-0.884007
20.7403,285.756,-6.79479,,-0.915707
20.7503,284.831,-7.68672,,-0.93487
20.7603,283.872,-8.56245,,-0.975063
20.7703,282.884,-9.42186,,-1.00008
20.7803,281.87,-10.2549,,-1.02592
20.7903,280.827,-11.0667,,-1.05575
20.8003,279.758,-11.8623,,-1.08092
20.8104,278.658,-12.6481,,-1.11504
20.8204,277.528,-13.409,,-1.14232
20.8304,276.373,-14.1344,,-1.1658
20.8404,275.19,-14.8553,,-1.19736
20.8503,273.981,-15.5522,,-1.21538
20.8603,272.749,-16.2232,,-1.2499
20.8703,271.481,-16.8986,,-1.28031
20.8803,270.189,-17.5462,,-1.3004
20.8903,268.874,-18.1736,,-1.32918
20.9003,267.527,-18.78,,-1.35932
20.9103,266.156,-19.3599,,-1.38262
20.9203,264.757,-19.9397,,-1.41077
20.9304,263.334,-20.4992,,-1.43437
20.9404,261.883,-21.0504,,-1.46409
20.9504,260.404,-21.5784,,-1.48934
20.9604,258.903,-22.0774,,-1.51119
20.9704,257.377,-22.5717,,-1.54258
20.9803,255.815,-23.0527,,-1.57356
20.9903,254.233,-23.525,,-1.58952
21.0003,252.632,-23.9792,,-1.61443
21.0103,250.997,-24.4076,,-1.64728
21.0203,249.34,-24.8263,,-1.66534
21.0303,247.66,-25.2245,,-1.69248
21.0403,245.954,-25.6216,,-1.7181
21.0503,244.222,-26.0038,,-1.74147
21.0604,242.467,-26.3631,,-1.76561
21.0704,240.687,-26.7292,,-1.79283
21.0804,238.883,-27.0751,,-1.81405
21.0904,237.055,-27.4044,,-1.83973
21.1003,235.206,-27.7151,,-1.85526
21.1103,233.333,-28.0159,,-1.88779
21.1203,231.432,-28.3145,,-1.91052
21.1303,229.512,-28.5953,,-1.93062
21.1403,227.566,-28.8694,,-1.9553
21.1503,225.6,-29.1342,,-1.97545
21.1603,223.611,-29.4103,,-2.0011
21.1703,221.598,-29.6403,,-2.02137
21.1804,219.564,-29.8783,,-2.04406
21.1904,217.51,-30.11,,-2.06493
21.2004,215.431,-30.3213,,-2.08753
21.2104,213.333,-30.5314,,-2.10864
21.2204,211.212,-30.728,,-2.12986
21.2303,209.07,-30.9339,,-2.15148
21.2403,206.908,-31.1322,,-2.17274
21.2503,204.725,-31.3029,,-2.18687
21.2603,202.526,-31.4839,,-2.2154
21.2703,200.296,-31.6536,,-2.23792
21.2803,198.051,-31.8035,,-2.25117
21.2903,195.787,-31.9601,,-2.27244
21.3003,193.505,-32.1123,,-2.29124
21.3104,191.204,-32.2468,,-2.31095
21.3204,188.88,-32.3962,,-2.33327
21.3304,186.538,-32.5311,,-2.34951
21.3404,184.18,-32.6591,,-2.36588
21.3503,181.802,-32.7679,,-2.38489
21.3603,179.403,-32.8898,,-2.41274
21.3703,176.983,-33.0059,,-2.42433
21.3803,174.557,-33.1089,,-2.42959
21.3903,172.112,-33.2145,,-2.45708
21.4003,169.643,-33.3249,,-2.47594
21.4103,167.162,-33.4089,,-2.488
21.4203,164.662,-33.5089,,-2.50997
21.4304,162.145,-33.5921,,-2.52254
21.4404,159.613,-33.6822,,-2.53903
21.4504,157.064,-33.7636,,-2.55752
21.4604,154.5,-33.8415,,-2.57008
21.4704,151.92,-33.9213,,-2.5868
21.4803,149.325,-33.991,,-2.60237
21.4903,146.715,-34.0658,,-2.61605
21.5003,144.091,-34.1274,,-2.63001
21.5103,141.452,-34.1815,,-2.64667
21.5203,138.798,-34.2507,,-2.65905
21.5303,136.131,-34.2987,,-2.67328
21.5403,133.45,-34.3611,,-2.68671
21.5503,130.756,-34.4272,,-2.7009
21.5604,128.048,-34.4737,,-2.71216
21.5704,125.33,-34.524,,-2.72529
21.5804,122.597,-34.5751,,-2.73725
21.5904,119.854,-34.6102,,-2.7503
21.6003,117.096,-34.6523,,-2.76224
21.6103,114.327,-34.6997,,-2.77445
21.6203,111.547,-34.7279,,-2.78508
21.6303,108.756,-34.7836,,-2.79446
21.6403,105.955,-34.8109,,-2.80693
21.6503,103.142,-34.8535,,-2.81807
21.6603,100.32,-34.8879,,-2.82584
21.6703,97.4873,-34.9032,,-2.83831
21.6804,94.6438,-34.9381,,-2.84667
21.6904,91.7927,-34.9631,,-2.85606
21.7004,88.9313,-34.9919,,-2.86519
21.7104,86.062,-35.0228,,-2.8725
21.7204,83.1839,-35.0436,,-2.88247
21.7303,80.2958,-35.0674,,-2.89217
21.7403,77.4007,-35.088,,-2.89842
21.7503,74.4986,-35.113,,-2.90498
21.7603,71.5887,-35.1268,,-2.91355
21.7703,68.6706,-35.1432,,-2.92152
21.7803,65.7477,-35.1609,,-2.925
21.7903,62.8171,-35.1773,,-2.93469
21.8003,59.8791,-35.1914,,-2.94021
21.8104,56.9358,-35.1994,,-2.94524
21.8204,53.9874,-35.2179,,-2.9519
21.8304,51.0331,-35.2148,,-2.95598
21.8404,48.0739,-35.2422,,-2.96211
21.8503,45.1093,-35.2465,,-2.96586
21.8603,42.1412,-35.2546,,-2.97063
21.8703,39.168,-35.263,,-2.97501
21.8803,36.1914,-35.2685,,-2.97779
21.8903,33.2116,-35.2688,,-2.98153
21.9003,30.2278,-35.2763,,-2.98578
21.9103,27.2409,-35.278,,-2.9877
21.9203,24.2518,-35.2878,,-2.98998
21.9304,21.2603,-35.2885,,-2.9927
21.9404,18.266,-35.2976,,-2.99525
21.9504,15.2702,-35.2925,,-2.99652
21.9604,12.2731,-35.287,,-2.99778
21.9704,9.2746,-35.2902,,-2.99879
21.9803,6.27502,-35.2793,,-2.99985
21.9903,3.27502,-35.2794,,-3.0005
22.0003,0.274561,-35.2799,,-3.0004
22.0103,-2.72573,-35.2794,,-3.00032
22.0203,-5.72592,-35.2812,,-2.99985
22.0303,-8.72575,-35.262,,-2.99946
22.0403,-11.7241,-35.2536,,-2.99777
22.0503,-14.7216,-35.2433,,-2.99737
22.0604,-17.7178,-35.2404,,-2.99502
22.0704,-20.7119,-35.2306,,-2.99318
22.0804,-23.7042,-35.2289,,-2.99133
22.0904,-26.6941,-35.2196,,-2.989
22.1003,-29.6813,-35.2019,,-2.98587
22.1103,-32.6652,-35.1898,,-2.9822
22.1203,-35.646,-35.1735,,-2.97974
22.1303,-38.6237,-35.1607,,-2.97541
22.1403,-41.5966,-35.1354,,-2.97156
22.1503,-44.5664,-35.1355,,-2.96778
22.1603,-47.5315,-35.1218,,-2.96262
22.1703,-50.4912,-35.1099,,-2.95731
22.1804,-53.4464,-35.0913,,-2.95359
22.1904,-56.3964,-35.0719,,-2.94739
22.2004,-59.3406,-35.0512,,-2.9412
22.2104,-62.2786,-35.0144,,-2.9352
22.2204,-65.2104,-35.0044,,-2.92916
22.2303,-68.1359,-34.9806,,-2.92269
22.2403,-71.055,-34.9706,,-2.91569
22.2503,-73.9665,-34.9495,,-2.90819
22.2603,-76.8703,-34.933,,-2.90016
22.2703,-79.7667,-34.9055,,-2.89266
22.2803,-82.655,-34.8733,,-2.88541
22.2903,-85.5353,-34.8474,,-2.87609
22.3003,-88.4073,-34.8204,,-2.86798
22.3104,-91.2695,-34.7975,,-2.85921
22.3204,-94.1252,-34.7797,,-2.85027
22.3304,-96.9685,-34.7455,,-2.8395
22.3404,-99.8033,-34.7233,,-2.83003
22.3503,-102.627,-34.6826,,-2.81917
22.3603,-105.442,-34.6579,,-2.80983
22.3703,-108.244,-34.6311,,-2.79744
22.3803,-111.037,-34.5988,,-2.78943
22.3903,-113.82,-34.5707,,-2.77615
22.4003,-116.589,-34.5268,,-2.76541
22.4103,-119.35,-34.4947,,-2.75525
22.4203,-122.097,-34.4655,,-2.74032
22.4304,-124.831,-34.4288,,-2.72942
22.4404,-127.553,-34.3968,,-2.71629
22.4504,-130.262,-34.3585,,-2.70258
22.4604,-132.958,-34.3206,,-2.68995
22.4704,-135.64,-34.2804,,-2.67705
22.4803,-138.31,-34.2429,,-2.66392
22.4903,-140.968,-34.2063,,-2.65177
22.5003,-143.609,-34.1644,,-2.63305
22.5103,-146.236,-34.1243,,-2.62047
22.5203,-148.847,-34.0788,,-2.60669
22.5303,-151.447,-34.0405,,-2.59095
22.5403,-154.029,-33.999,,-2.57494
22.5503,-156.595,-33.9477,,-2.56092
22.5604,-159.146,-33.9119,,-2.54186
22.5704,-161.679,-33.864,,-2.52588
22.5804,-164.201,-33.8077,,-2.51762
22.5904,-166.706,-33.7659,,-2.49565
22.6003,-169.193,-33.7169,,-2.47912
22.6103,-171.661,-33.6635,,-2.45942
22.6203,-174.115,-33.6268,,-2.44635
22.6303,-176.549,-33.5755,,-2.42717
22.6403,-178.966,-33.5225,,-2.4059
22.6503,-181.361,-33.4699,,-2.38898
22.6603,-183.745,-33.4171,,-2.37854
22.6703,-186.111,-33.3449,,-2.3554
22.6804,-188.454,-33.303,,-2.33378
22.6904,-190.778,-33.2461,,-2.3175
22.7004,-193.084,-33.1997,,-2.29627
22.7104,-195.371,-33.1402,,-2.27748
22.7204,-197.639,-33.085,,-2.26037
22.7303,-199.887,-33.0149,,-2.23779
22.7403,-202.115,-32.9422,,-2.21989
22.7503,-204.321,-32.8904,,-2.19486
22.7603,-206.508,-32.8284,,-2.18046
22.7703,-208.675,-32.7642,,-2.15712
22.7803,-210.821,-32.7081,,-2.13651
22.7903,-212.946,-32.6534,,-2.11509
22.8003,-215.051,-32.5744,,-2.09688
22.8104,-217.131,-32.4946,,-2.06744
22.8204,-219.191,-32.4301,,-2.05094
22.8304,-221.226,-32.3571,,-2.02481
22.8404,-223.24,-32.2882,,-2.00379
22.8503,-225.235,-32.2202,,-1.98764
22.8603,-227.208,-32.1561,,-1.96249
22.8703,-229.157,-32.0837,,-1.93566
22.8803,-231.08,-31.9888,,-1.91489
22.8903,-232.984,-31.908,,-1.89295
22.9003,-234.863,-31.8425,,-1.8691
22.9103,-236.72,-31.759,,-1.84795
22.9203,-238.554,-31.6783,,-1.81918
22.9304,-240.358,-31.6009,,-1.79451
22.9404,-242.142,-31.5212,,-1.77378
22.9504,-243.901,-31.4317,,-1.7471
22.9604,-245.635,-31.335,,-1.72432
22.9704,-247.347,-31.2469,,-1.70077
22.9803,-249.032,-31.1649,,-1.67231
22.9903,-250.693,-31.0737,,-1.65008
23.0003,-252.326,-30.9842,,-1.62163
23.0103,-253.939,-30.8883,,-1.60486
23.0203,-255.527,-30.7811,,-1.57442
23.0303,-257.087,-30.6968,,-1.54755
23.0403,-258.62,-30.5921,,-1.5225
23.0503,-260.131,-30.4898,,-1.50217
23.0604,-261.617,-30.379,,-1.47025
23.0704,-263.071,-30.2794,,-1.44078
23.0804,-264.501,-30.1756,,-1.42182
23.0904,-265.904,-30.0805,,-1.38711
23.1003,-267.277,-29.9592,,-1.36243
23.1103,-268.628,-29.8393,,-1.34143
23.1203,-269.954,-29.7198,,-1.31191
23.1303,-271.249,-29.6033,,-1.28122
23.1403,-272.515,-29.4845,,-1.25636
23.1503,-273.758,-29.3576,,-1.23045
23.1603,-274.972,-29.2377,,-1.20017
23.1703,-276.159,-29.1097,,-1.17546
23.1804,-277.318,-28.9721,,-1.14676
23.1904,-278.451,-28.8429,,-1.12107
23.2004,-279.555,-28.7106,,-1.09151
23.2104,-280.63,-28.5682,,-1.06087
23.2204,-281.677,-28.4211,,-1.03551
23.2303,-282.696,-28.2774,,-1.00483
23.2403,-283.688,-28.1246,,-0.981043
23.2503,-284.652,-27.9689,,-0.950459
23.2603,-285.587,-27.8086,,-0.920638
23.2703,-286.49,-27.656,,-0.890985
23.2803,-287.367,-27.4812,,-0.864416
23.2903,-288.215,-27.3228,,-0.833837
23.3003,-289.034,-27.1418,,-0.80924
23.3104,-289.827,-26.966,,-0.779827
23.3204,-290.593,-26.7752,,-0.754663
23.3304,-291.326,-26.5813,,-0.713959
23.3404,-292.025,-26.3967,,-0.687921
23.3503,-292.701,-26.1859,,-0.664435
23.3603,-293.345,-25.9772,,-0.630612
23.3703,-293.962,-25.7689,,-0.602245
23.3803,-294.548,-25.5583,,-0.57369
23.3903,-295.105,-25.3321,,-0.544089
23.4003,-295.634,-25.0946,,-0.514731
23.4103,-296.131,-24.8459,,-0.484657
23.4203,-296.598,-24.5865,,-0.451049
23.4304,-297.035,-24.3294,,-0.426069
23.4404,-297.444,-24.062,,-0.395741
23.4504,-297.825,-23.7835,,-0.368351
23.4604,-298.175,-23.4934,,-0.337433
23.4704,-298.496,-23.1909,,-0.30557
23.4803,-298.785,-22.8782,,-0.274508
23.4903,-299.044,-22.541,,-0.247338
23.5003,-299.274,-22.1993,,-0.214485
23.5103,-299.472,-21.845,,-0.187721
23.5203,-299.644,-21.4761,,-0.156053
23.5303,-299.784,-21.0987,,-0.12747
23.5403,-299.894,-20.6915,,-0.0949261
23.5503,-299.976,-20.2684,,-0.0681413
23.5604,-300.024,-19.8235,,-0.0445478
23.5704,-300.063,-19.3592,,-0.021633
23.5804,-300.041,-18.8691,,0.0497277
23.5904,-299.992,-18.3521,,0.0517538
23.6003,-299.924,-17.8264,,0.0824391
23.6103,-299.826,-17.2676,,0.111443
23.6203,-299.696,-16.6801,,0.143562
23.6303,-299.535,-16.0676,,0.174596
23.6403,-299.346,-15.4191,,0.200931
23.6503,-299.128,-14.7364,,0.23211
23.6603,-298.879,-14.0269,,0.263774
23.6703,-298.597,-13.2825,,0.296062
23.6804,-298.287,-12.5194,,0.321978
23.6904,-297.947,-11.7177,,0.35428
23.7004,-297.579,-10.888,,0.380746
23.7104,-297.18,-10.0274,,0.412119
23.7204,-296.754,-9.13509,,0.439256
23.7303,-296.297,-8.22027,,0.470711
23.7403,-295.808,-7.27789,,0.50121
23.7503,-295.297,-6.31517,,0.52619
23.7603,-294.744,-5.33817,,0.567659
23.7703,-294.166,-4.34618,,0.590016
23.7803,-293.561,-3.35573,,0.616491
23.7903,-292.927,-2.36653,,0.649473
23.8003,-292.262,-1.35988,,0.67217
23.8104,-291.578,-0.359383,,0.704483
23.8204,-290.847,0.642357,,0.74406
23.8304,-290.091,1.62835,,0.767527
23.8404,-289.31,2.62268,,0.791945
23.8503,-288.504,3.58314,,0.815758
23.8603,-287.666,4.53513,,0.857361
23.8703,-286.798,5.47001,,0.877296
23.8803,-285.903,6.39573,,0.910981
23.8903,-284.98,7.28898,,0.929123
23.9003,-284.03,8.17454,,0.97278
23.9103,-283.04,9.03038,,0.999185
23.9203,-282.03,9.87365,,1.02106
23.9304,-280.993,10.6887,,1.04814
23.9404,-279.93,11.4925,,1.07817
23.9504,-278.834,12.2799,,1.10892
23.9604,-277.71,13.0496,,1.13524
23.9704,-276.561,13.7756,,1.16019
23.9803,-275.384,14.4981,,1.19221
23.9903,-274.177,15.2006,,1.21759
24.0003,-272.944,15.8821,,1.24669
24.0103,-271.686,16.5511,,1.26592
24.0203,-270.401,17.2013,,1.30262
24.0303,-269.084,17.8333,,1.3271
24.0403,-267.745,18.4464,,1.34532
24.0503,-266.386,19.0363,,1.38092
24.0604,-264.982,19.6295,,1.41435
24.0704,-263.559,20.1991,,1.42887
24.0804,-262.12,20.7255,,1.4542
24.0904,-260.642,21.2499,,1.49129
24.1003,-259.14,21.7671,,1.51098
24.1103,-257.619,22.261,,1.53359
24.1203,-256.067,22.756,,1.56441
24.1303,-254.486,23.2263,,1.59317
24.1403,-252.884,23.6718,,1.6118
24.1503,-251.257,24.11,,1.63812
24.1603,-249.606,24.5306,,1.66223
24.1703,-247.929,24.9423,,1.68854
24.1804,-246.227,25.3298,,1.71446
24.1904,-244.499,25.7111,,1.73664
24.2004,-242.748,26.0805,,1.76429
24.2104,-240.971,26.4469,,1.78565
24.2204,-239.174,26.7929,,1.80701
24.2303,-237.352,27.1161,,1.83499
24.2403,-235.502,27.4335,,1.86157
24.2503,-233.63,27.7452,,1.8818
24.2603,-231.736,28.0399,,1.90201
24.2703,-229.819,28.3211,,1.92912
24.2803,-227.885,28.5959,,1.94061
24.2903,-225.922,28.8753,,1.98111
24.3003,-223.929,29.1334,,1.99962
24.3104,-221.919,29.364,,2.0181
24.3204,-219.891,29.6092,,2.0383
24.3304,-217.839,29.8404,,2.0621
24.3404,-215.765,30.0518,,2.08496
24.3503,-213.668,30.2653,,2.10663
24.3603,-211.551,30.4731,,2.12556
24.3703,-209.412,30.6788,,2.1495
24.3803,-207.254,30.8528,,2.16603
24.3903,-205.073,31.0324,,2.19277
24.4003,-202.871,31.2139,,2.20905
24.4103,-200.652,31.377,,2.22753
24.4203,-198.411,31.536,,2.25148
24.4304,-196.15,31.7017,,2.26795
24.4404,-193.874,31.8477,,2.28639
24.4504,-191.57,31.9935,,2.31362
24.4604,-189.25,32.1277,,2.32508
24.4704,-186.915,32.2654,,2.34514
24.4803,-184.559,32.3776,,2.36709
24.4903,-182.18,32.5126,,2.38464
24.5003,-179.79,32.6306,,2.39806
24.5103,-177.378,32.749,,2.42134
24.5203,-174.95,32.8466,,2.43469
24.5303,-172.503,32.964,,2.45641
24.5403,-170.04,33.0509,,2.469
24.5503,-167.559,33.1486,,2.48773
24.5604,-165.063,33.2457,,2.50528
24.5704,-162.548,33.3356,,2.52161
24.5804,-160.023,33.4201,,2.5299
24.5904,-157.476,33.5117,,2.55957
24.6003,-154.911,33.5806,,2.56931
24.6103,-152.333,33.6583,,2.58554
24.6203,-149.739,33.7349,,2.60041
24.6303,-147.131,33.8003,,2.61454
24.6403,-144.509,33.8685,,2.6283
24.6503,-141.873,33.9314,,2.64279
24.6603,-139.221,33.9897,,2.65703
24.6703,-136.557,34.0557,,2.67084
24.6804,-133.878,34.115,,2.68462
24.6904,-131.185,34.1601,,2.69955
24.7004,-128.48,34.2218,,2.71014
24.7104,-125.764,34.2717,,2.72197
24.7204,-123.034,34.3146,,2.73617
24.7303,-120.291,34.3543,,2.7481
24.7403,-117.537,34.4061,,2.75988
24.7503,-114.769,34.4372,,2.77248
24.7603,-111.994,34.4842,,2.77837
24.7703,-109.205,34.524,,2.79796
24.7803,-106.401,34.5594,,2.80686
24.7903,-103.591,34.5995,,2.81464
24.8003,-100.773,34.6203,,2.82163
24.8104,-97.9408,34.6538,,2.83947
24.8204,-95.0983,34.6868,,2.84392
24.8304,-92.2493,34.7088,,2.85533
24.8404,-89.3888,34.7468,,2.86407
24.8503,-86.5193,34.7679,,2.87278
24.8603,-83.6425,34.7968,,2.87986
24.8703,-80.7574,34.8196,,2.89014
24.8803,-77.8635,34.8334,,2.89706
24.8903,-74.9617,34.8595,,2.90546
24.9003,-72.0518,34.8758,,2.91284
24.9103,-69.1356,34.888,,2.91942
24.9203,-66.2134,34.9075,,2.92481
24.9304,-63.2836,34.9257,,2.9335
24.9404,-60.3471,34.9399,,2.93863
24.9504,-57.4046,34.9577,,2.94531
24.9604,-54.4571,34.971,,2.94974
24.9704,-51.5037,34.9844,,2.95637
24.9803,-48.5449,34.9849,,2.96027
24.9903,-45.5819,35.0042,,2.9654
25.0003,-42.6139,35.0106,,2.97028
25.0103,-39.6416,35.0169,,2.97413
25.0203,-36.6659,35.0262,,2.97684
25.0303,-33.6865,35.0298,,2.98144
25.0403,-30.7031,35.0306,,2.98464
25.0503,-27.717,35.0378,,2.98778
25.0604,-24.728,35.0333,,2.98985
25.0704,-21.7366,35.0389,,2.9924
25.0804,-18.7424,35.0402,,2.99485
25.0904,-15.7475,35.0417,,2.99598
25.1003,-12.7505,35.0436,,2.99784
25.1103,-9.75213,35.0407,,2.99873
25.1203,-6.75279,35.0371,,2.99945
25.1303,-3.75289,35.044,,3.00025
25.1403,-0.752527,35.0285,,3.00057
25.1503,2.24799,35.0275,,3.00051
25.1603,5.24815,35.0128,,2.99988
25.1703,8.24781,35.0042,,2.99908
25.1804,11.2467,35.0019,,2.9985
25.1904,14.2444,35.0069,,2.99729
25.2004,17.2408,35.0006,,2.99584
25.2104,20.2355,34.9934,,2.99393
25.2204,23.2285,34.9787,,2.99159
25.2303,26.2182,34.9699,,2.98844
25.2403,29.2051,34.9352,,2.98585
25.2503,32.1898,34.9271,,2.9836
25.2603,35.1717,34.9239,,2.98013
25.2703,38.15,34.912,,2.97653
25.2803,41.1241,34.9058,,2.97265
25.2903,44.0941,34.8843,,2.96744
25.3003,47.0596,34.8738,,2.96419
25.3104,50.0207,34.8505,,2.95784
25.3204,52.9761,34.8259,,2.95421
25.3304,55.9273,34.8089,,2.94849
25.3404,58.8725,34.7974,,2.9426
25.3503,61.8114,34.7683,,2.93541
25.3603,64.7436,34.7732,,2.92949
25.3703,67.6702,34.7472,,2.92438
25.3803,70.5899,34.7181,,2.91595
25.3903,73.5029,34.6955,,2.91016
25.4003,76.4085,34.679,,2.90149
25.4103,79.3053,34.6427,,2.89352
25.4203,82.1941,34.6235,,2.88513
25.4304,85.0759,34.5988,,2.87863
25.4404,87.9502,34.5774,,2.87042
25.4504,90.8152,34.5492,,2.86095
25.4604,93.6719,34.5254,,2.85206
25.4704,96.5178,34.5007,,2.84149
25.4803,99.3529,34.4642,,2.83014
25.4903,102.177,34.4405,,2.81975
25.5003,104.995,34.4186,,2.81608
25.5103,107.802,34.3766,,2.79814
25.5203,110.594,34.34,,2.78878
25.5303,113.377,34.3164,,2.77795
25.5403,116.151,34.2791,,2.77019
25.5503,118.913,34.2454,,2.75393
25.5604,121.659,34.2134,,2.74132
25.5704,124.395,34.1932,,2.73317
25.5804,127.123,34.1562,,2.72003
25.5904,129.833,34.1068,,2.7034
25.6003,132.531,34.0772,,2.69317
25.6103,135.216,34.03,,2.6779
25.6203,137.886,33.9833,,2.66515
25.6303,140.545,33.9552,,2.65306
25.6403,143.19,33.916,,2.63748
25.6503,145.818,33.883,,2.62166
25.6603,148.433,33.8405,,2.60936
25.6703,151.034,33.8034,,2.59321
25.6804,153.619,33.7499,,2.57815
25.6904,156.189,33.7058,,2.56361
25.7004,158.743,33.6616,,2.54668
25.7104,161.281,33.6174,,2.52903
25.7204,163.8,33.5719,,2.51259
25.7303,166.305,33.5323,,2.49953
25.7403,168.796,33.4721,,2.48224
25.7503,171.269,33.4376,,2.46794
25.7603,173.726,33.3745,,2.44331
25.7703,176.155,33.3273,,2.42314
25.7803,178.578,33.2779,,2.41946
25.7903,180.984,33.2266,,2.39568
25.8003,183.369,33.1707,,2.37534
25.8104,185.733,33.1147,,2.35521
25.8204,188.08,33.067,,2.33904
25.8304,190.408,33.0131,,2.32064
25.8404,192.719,32.9512,,2.30267
25.8503,195.01,32.9004,,2.28026
25.8603,197.278,32.8387,,2.25869
25.8703,199.527,32.7751,,2.24113
25.8803,201.76,32.7247,,2.22659
25.8903,203.972,32.6529,,2.19922
25.9003,206.161,32.5907,,2.18289
25.9103,208.333,32.5338,,2.16045
25.9203,210.482,32.4741,,2.13994
25.9304,212.609,32.3967,,2.11804
25.9404,214.713,32.3378,,2.09233
25.9504,216.798,32.2686,,2.07829
25.9604,218.864,32.2111,,2.05722
25.9704,220.908,32.1279,,2.02913
25.9803,222.925,32.0523,,2.00911
25.9903,224.921,31.9848,,1.98548
26.0003,226.894,31.916,,1.96286
26.0103,228.844,31.8338,,1.94053
26.0203,230.779,31.7621,,1.93068
26.0303,232.688,31.6883,,1.88998
26.0403,234.567,31.6118,,1.86893
26.0503,236.423,31.5282,,1.84958
26.0604,238.262,31.446,,1.8256
26.0704,240.072,31.3694,,1.80142
26.0804,241.862,31.2868,,1.77595
26.0904,243.622,31.1946,,1.75038
26.1003,245.363,31.114,,1.73063
26.1103,247.077,31.0217,,1.702
26.1203,248.766,30.9409,,1.68012
26.1303,250.433,30.8353,,1.65265
26.1403,252.074,30.7558,,1.63261
26.1503,253.688,30.6641,,1.59817
26.1603,255.275,30.574,,1.57835
26.1703,256.839,30.4694,,1.5537
26.1804,258.379,30.3614,,1.52623
26.1904,259.895,30.2496,,1.51213
26.2004,261.386,30.1621,,1.46863
26.2104,262.841,30.0512,,1.4446
26.2204,264.272,29.9607,,1.42106
26.2303,265.678,29.848,,1.39513
26.2403,267.06,29.7288,,1.36978
26.2503,268.415,29.613,,1.34639
26.2603,269.749,29.4912,,1.31774
26.2703,271.047,29.3827,,1.28348
26.2803,272.317,29.2591,,1.26102
26.2903,273.563,29.1303,,1.23137
26.3003,274.779,29.0147,,1.20612
26.3104,275.972,28.8835,,1.18027
26.3204,277.135,28.7543,,1.15094
26.3304,278.273,28.6247,,1.12386
26.3404,279.379,28.491,,1.09425
26.3503,280.459,28.3465,,1.06789
26.3603,281.512,28.1971,,1.0397
26.3703,282.536,28.0489,,1.01326
26.3803,283.536,27.8998,,0.985976
26.3903,284.502,27.7498,,0.951486
26.4003,285.439,27.5915,,0.927615
26.4103,286.357,27.4413,,0.902767
26.4203,287.234,27.2693,,0.861637
26.4304,288.085,27.0991,,0.844116
26.4404,288.917,26.913,,0.813178
26.4504,289.706,26.74,,0.776348
26.4604,290.47,26.5547,,0.753648
26.4704,291.209,26.3674,,0.726174
26.4803,291.916,26.1766,,0.691737
26.4903,292.595,25.9781,,0.667722
26.5003,293.246,25.7631,,0.637122
26.5103,293.866,25.5525,,0.607606
26.5203,294.457,25.3388,,0.576612
26.5303,295.021,25.1184,,0.552401
26.5403,295.553,24.8802,,0.515633
26.5503,296.052,24.633,,0.488188
26.5604,296.526,24.3814,,0.4591
26.5704,296.969,24.1239,,0.43036
26.5804,297.387,23.8612,,0.405813
26.5904,297.77,23.5784,,0.367699
26.6003,298.123,23.2881,,0.340259
26.6103,298.446,22.9834,,0.309032
26.6203,298.741,22.6745,,0.282428
26.6303,299.006,22.3428,,0.25178
26.6403,299.24,22.0139,,0.219424
26.6503,299.444,21.6464,,0.192009
26.6603,299.62,21.2908,,0.161903
26.6703,299.763,20.9043,,0.130013
26.6804,299.88,20.5061,,0.10336
26.6904,299.966,20.0849,,0.0721341
26.7004,300.018,19.6447,,0.045702
26.7104,300.061,19.1795,,0.0277054
26.7204,300.049,18.6916,,-0.0438205
26.7303,300.001,18.1847,,-0.0495441
26.7403,299.938,17.6593,,-0.0738652
26.7503,299.845,17.1041,,-0.108031
26.7603,299.719,16.5107,,-0.140251
26.7703,299.563,15.9041,,-0.169463
26.7803,299.377,15.2514,,-0.199198
26.7903,299.164,14.5808,,-0.22505
26.8003,298.92,13.8758,,-0.259153
26.8104,298.642,13.1325,,-0.291324
26.8204,298.338,12.3823,,-0.316267
26.8304,298.005,11.5687,,-0.347544
26.8404,297.641,10.7514,,-0.377155
26.8503,297.247,9.88081,,-0.408524
26.8603,296.821,8.99287,,-0.438124
26.8703,296.369,8.08289,,-0.46574
26.8803,295.886,7.14217,,-0.495559
26.8903,295.376,6.20045,,-0.523703
26.9003,294.833,5.21509,,-0.555785
26.9103,294.261,4.23227,,-0.585075
26.9203,293.666,3.22312,,-0.608534
26.9304,293.032,2.22698,,-0.649724
26.9404,292.37,1.22115,,-0.674077
26.9504,291.682,0.219528,,-0.69987
26.9604,290.964,-0.779243,,-0.729885
26.9704,290.219,-1.77287,,-0.758226
26.9803,289.443,-2.75341,,-0.793723
26.9903,288.632,-3.73203,,-0.822026
27.0003,287.799,-4.68122,,-0.839213
27.0103,286.941,-5.62499,,-0.877393
27.0203,286.046,-6.55452,,-0.906811
27.0303,285.127,-7.46185,,-0.929861
27.0403,284.178,-8.34385,,-0.966306
27.0503,283.198,-9.2052,,-0.989206
27.0604,282.195,-10.0476,,-1.01612
27.0704,281.16,-10.8827,,-1.04809
27.0804,280.098,-11.6753,,-1.075
27.0904,279.008,-12.4771,,-1.10211
27.1003,277.891,-13.2409,,-1.12919
27.1103,276.747,-13.9906,,-1.15642
27.1203,275.576,-14.7132,,-1.18359
27.1303,274.375,-15.4167,,-1.21384
27.1403,273.146,-16.1102,,-1.24219
27.1503,271.891,-16.7689,,-1.26252
27.1603,270.61,-17.4355,,-1.29947
27.1703,269.297,-18.075,,-1.32354
27.1804,267.959,-18.6952,,-1.34621
27.1904,266.599,-19.2884,,-1.37593
27.2004,265.207,-19.8673,,-1.40339
27.2104,263.788,-20.4406,,-1.43154
27.2204,262.344,-20.9859,,-1.45294
27.2303,260.877,-21.5285,,-1.48048
27.2403,259.381,-22.0364,,-1.50857
27.2503,257.862,-22.5395,,-1.52856
27.2603,256.315,-23.0195,,-1.56114
27.2703,254.74,-23.5028,,-1.587
27.2803,253.143,-23.9619,,-1.6042
27.2903,251.522,-24.4017,,-1.63565
27.3003,249.872,-24.8205,,-1.66179
27.3104,248.197,-25.236,,-1.68116
27.3204,246.504,-25.6333,,-1.70914
27.3304,244.776,-26.026,,-1.73921
27.3404,243.027,-26.3794,,-1.75812
27.3503,241.255,-26.7414,,-1.78188
27.3603,239.46,-27.0996,,-1.80711
27.3703,237.64,-27.4291,,-1.83129
27.3803,235.795,-27.7551,,-1.85441
27.3903,233.929,-28.0629,,-1.87638
27.4003,232.04,-28.3669,,-1.90021
27.4103,230.127,-28.6443,,-1.92541
27.4203,228.186,-28.9219,,-1.94958
27.4304,226.227,-29.1837,,-1.96902
27.4404,224.244,-29.4586,,-1.99302
27.4504,222.24,-29.7031,,-2.01417
27.4604,220.212,-29.9377,,-2.03736
27.4704,218.165,-30.1748,,-2.05752
27.4803,216.094,-30.3938,,-2.07986
27.4903,214.004,-30.6088,,-2.09895
27.5003,211.892,-30.8018,,-2.12383
27.5103,209.756,-31.0056,,-2.14431
27.5203,207.599,-31.1944,,-2.16716
27.5303,205.421,-31.3786,,-2.18555
27.5403,203.231,-31.5578,,-2.19956
27.5503,201.009,-31.7248,,-2.2344
27.5604,198.767,-31.8962,,-2.24932
27.5704,196.509,-32.046,,-2.26496
27.5804,194.238,-32.1888,,-2.27918
27.5904,191.94,-32.3391,,-2.31038
27.6003,189.621,-32.4659,,-2.32609
27.6103,187.285,-32.6128,,-2.34472
27.6203,184.931,-32.7402,,-2.36062
27.6303,182.561,-32.8565,,-2.38003
27.6403,180.171,-32.9824,,-2.39502
27.6503,177.767,-33.092,,-2.4127
27.6603,175.341,-33.203,,-2.4407
27.6703,172.893,-33.3045,,-2.44988
27.6804,170.432,-33.4038,,-2.47036
27.6904,167.954,-33.514,,-2.4837
27.7004,165.461,-33.5982,,-2.50182
27.7104,162.949,-33.6908,,-2.52076
27.7204,160.42,-33.7773,,-2.53271
27.7303,157.879,-33.8491,,-2.55108
27.7403,155.317,-33.9326,,-2.56917
27.7503,152.742,-34.015,,-2.57954
27.7603,150.153,-34.0827,,-2.5976
27.7703,147.549,-34.1656,,-2.60916
27.7803,144.929,-34.2316,,-2.62792
27.7903,142.294,-34.2815,,-2.64153
27.8003,139.646,-34.3507,,-2.65364
27.8104,136.983,-34.405,,-2.66906
27.8204,134.307,-34.4507,,-2.68374
27.8304,131.616,-34.5199,,-2.69569
27.8404,128.913,-34.5691,,-2.70842
27.8503,126.197,-34.6254,,-2.72239
27.8603,123.468,-34.6752,,-2.7346
27.8703,120.728,-34.7178,,-2.74485
27.8803,117.975,-34.7562,,-2.75862
27.8903,115.21,-34.7996,,-2.77047
27.9003,112.436,-34.8336,,-2.77768
27.9103,109.649,-34.8796,,-2.79388
27.9203,106.849,-34.9118,,-2.80415
27.9304,104.04,-34.9571,,-2.81408
27.9404,101.22,-34.988,,-2.82471
27.9504,98.39,-35.0148,,-2.83382
27.9604,95.5512,-35.0404,,-2.84285
27.9704,92.7027,-35.0692,,-2.85414
27.9803,89.8446,-35.0935,,-2.85928
27.9903,86.98,-35.1284,,-2.87177
28.0003,84.1016,-35.1552,,-2.88096
28.0103,81.2169,-35.1718,,-2.88954
28.0203,78.3247,-35.1893,,-2.89432
28.0303,75.4238,-35.2168,,-2.90503
28.0403,72.5155,-35.2362,,-2.91179
28.0503,69.6004,-35.2518,,-2.9179
28.0604,66.6787,-35.2784,,-2.9245
28.0704,63.7501,-35.293,,-2.93173
28.0804,60.8148,-35.3041,,-2.93817
28.0904,57.8735,-35.3078,,-2.94429
28.1003,54.9266,-35.3229,,-2.94916
28.1103,51.9742,-35.3374,,-2.95451
28.1203,49.017,-35.3419,,-2.95934
28.1303,46.0547,-35.3656,,-2.96491
28.1403,43.0881,-35.3681,,-2.96837
28.1503,40.1164,-35.3772,,-2.97409
28.1603,37.1404,-35.3766,,-2.97702
28.1703,34.1613,-35.39,,-2.98096
28.1804,31.1785,-35.3931,,-2.98453
28.1904,28.1927,-35.3913,,-2.98683
28.2004,25.2041,-35.394,,-2.98944
28.2104,22.2133,-35.4111,,-2.99198
28.2204,19.2205,-35.4112,,-2.99381
28.2303,16.225,-35.4072,,-2.99665
28.2403,13.2278,-35.418,,-2.99734
28.2503,10.2296,-35.4019,,-2.99866
28.2603,7.23043,-35.403,,-2.99968
28.2703,4.2308,-35.3966,,-2.99988
28.2803,1.23043,-35.3984,,-3.00063
28.2903,-1.77006,-35.3984,,-3.00015
28.3003,-4.77031,-35.3927,,-3.00025
28.3104,-7.77027,-35.3874,,-2.9997
28.3204,-10.7691,-35.3771,,-2.99835
28.3304,-13.7671,-35.3705,,-2.99734
28.3404,-16.7636,-35.3636,,-2.9959
28.3503,-19.7586,-35.3682,,-2.99394
28.3603,-22.7515,-35.3419,,-2.99228
28.3703,-25.7421,-35.3421,,-2.98945
28.3803,-28.7303,-35.3275,,-2.9867
28.3903,-31.7153,-35.3194,,-2.98333
28.4003,-34.697,-35.2984,,-2.98057
28.4103,-37.6757,-35.2838,,-2.97732
28.4203,-40.6502,-35.2795,,-2.97243
28.4304,-43.6211,-35.2614,,-2.96916
28.4404,-46.5874,-35.2549,,-2.96377
28.4504,-49.5492,-35.2343,,-2.9603
28.4604,-52.5061,-35.2155,,-2.95448
28.4704,-55.4577,-35.2027,,-2.94898
28.4803,-58.4037,-35.182,,-2.9436
28.4903,-61.344,-35.169,,-2.93695
28.5003,-64.2773,-35.1412,,-2.93111
28.5103,-67.2045,-35.1178,,-2.92351
28.5203,-70.1258,-35.1031,,-2.91879
28.5303,-73.0397,-35.0796,,-2.91075
28.5403,-75.9464,-35.0617,,-2.90285
28.5503,-78.8438,-35.027,,-2.89388
28.5604,-81.7351,-35.0171,,-2.88808
28.5704,-84.6184,-34.9927,,-2.87952
28.5804,-87.4927,-34.9629,,-2.87071
28.5904,-90.3591,-34.9385,,-2.86122
28.6003,-93.2148,-34.9114,,-2.85247
28.6103,-96.062,-34.8825,,-2.84328
28.6203,-98.8998,-34.8508,,-2.83287
28.6303,-101.728,-34.8384,,-2.82493
28.6403,-104.547,-34.8002,,-2.81296
28.6503,-107.354,-34.7671,,-2.80191
28.6603,-110.149,-34.7478,,-2.79047
28.6703,-112.934,-34.7061,,-2.77904
28.6804,-115.709,-34.6744,,-2.77342
28.6904,-118.474,-34.6387,,-2.75659
28.7004,-121.223,-34.6059,,-2.74362
28.7104,-123.96,-34.571,,-2.73221
28.7204,-126.687,-34.5366,,-2.72149
28.7303,-129.401,-34.5084,,-2.70683
28.7403,-132.099,-34.4665,,-2.69347
28.7503,-134.788,-34.4218,,-2.68293
28.7603,-137.462,-34.3904,,-2.66821
28.7703,-140.122,-34.3503,,-2.65322
28.7803,-142.769,-34.3071,,-2.64005
28.7903,-145.4,-34.2724,,-2.6246
28.8003,-148.017,-34.2344,,-2.61027
28.8104,-150.62,-34.1844,,-2.59661
28.8204,-153.206,-34.1458,,-2.57925
28.8304,-155.779,-34.1007,,-2.56726
28.8404,-158.338,-34.0492,,-2.55047
28.8503,-160.877,-34.0106,,-2.53184
28.8603,-163.402,-33.9622,,-2.51853
28.8703,-165.911,-33.9192,,-2.50147
28.8803,-168.403,-33.8782,,-2.48607
28.8903,-170.877,-33.8225,,-2.46212
28.9003,-173.331,-33.7803,,-2.4453
28.9103,-175.767,-33.7203,,-2.4295
28.9203,-178.188,-33.661,,-2.4177
28.9304,-180.6,-33.6172,,-2.4024
28.9404,-182.993,-33.5706,,-2.38555
28.9504,-185.362,-33.5061,,-2.35741
28.9604,-187.709,-33.4669,,-2.33736
28.9704,-190.039,-33.4128,,-2.324
28.9803,-192.352,-33.3447,,-2.3036
28.9903,-194.645,-33.2896,,-2.28382
29.0003,-196.919,-33.2302,,-2.27034
29.0103,-199.177,-33.1688,,-2.24341
29.0203,-201.406,-33.1051,,-2.22136
29.0303,-203.621,-33.0562,,-2.20626
29.0403,-205.812,-32.9948,,-2.18381
29.0503,-207.992,-32.9227,,-2.16797
29.0604,-210.141,-32.8626,,-2.1391
29.0704,-212.271,-32.7992,,-2.12014
29.0804,-214.379,-32.7229,,-2.10241
29.0904,-216.476,-32.6514,,-2.08442
29.1003,-218.539,-32.5925,,-2.0498
29.1103,-220.579,-32.5249,,-2.03354
29.1203,-222.603,-32.4548,,-2.01606
29.1303,-224.605,-32.377,,-1.98966
29.1403,-226.584,-32.3107,,-1.96863
29.1503,-228.539,-32.2329,,-1.94453
29.1603,-230.475,-32.1644,,-1.93207
29.1703,-232.389,-32.0694,,-1.8958
29.1804,-234.271,-32.0077,,-1.87051
29.1904,-236.128,-31.9228,,-1.85066
29.2004,-237.973,-31.8407,,-1.83309
29.2104,-239.785,-31.7502,,-1.80059
29.2204,-241.577,-31.6817,,-1.78104
29.2303,-243.345,-31.5989,,-1.75723
29.2403,-245.085,-31.5062,,-1.72901
29.2503,-246.804,-31.4071,,-1.70836
29.2603,-248.499,-31.3264,,-1.68512
29.2703,-250.171,-31.2412,,-1.66034
29.2803,-251.816,-31.1476,,-1.63361
29.2903,-253.433,-31.0448,,-1.60404
29.3003,-255.031,-30.9577,,-1.59188
29.3104,-256.599,-30.855,,-1.54951
29.3204,-258.136,-30.7586,,-1.5279
29.3304,-259.653,-30.6578,,-1.50522
29.3404,-261.143,-30.5522,,-1.47793
29.3503,-262.606,-30.4369,,-1.4519
29.3603,-264.045,-30.3434,,-1.4289
29.3703,-265.459,-30.2406,,-1.40033
29.3803,-266.845,-30.1287,,-1.37272
29.3903,-268.2,-30.0116,,-1.34214
29.4003,-269.53,-29.8861,,-1.32106
29.4103,-270.837,-29.7662,,-1.29283
29.4203,-272.115,-29.6526,,-1.26752
29.4304,-273.367,-29.5363,,-1.23808
29.4404,-274.588,-29.4025,,-1.20898
29.4504,-275.783,-29.28,,-1.18345
29.4604,-276.952,-29.1398,,-1.15549
29.4704,-278.091,-29.0046,,-1.12786
29.4803,-279.205,-28.8711,,-1.10056
29.4903,-280.289,-28.7522,,-1.07131
29.5003,-281.345,-28.6012,,-1.04419
29.5103,-282.373,-28.4531,,-1.01338
29.5203,-283.374,-28.3024,,-0.990046
29.5303,-284.347,-28.1389,,-0.959302
29.5403,-285.289,-27.9739,,-0.929641
29.5503,-286.205,-27.8213,,-0.904741
29.5604,-287.093,-27.6682,,-0.873139
29.5704,-287.95,-27.4964,,-0.843291
29.5804,-288.779,-27.3278,,-0.817273
29.5904,-289.579,-27.1505,,-0.786237
29.6003,-290.349,-26.9611,,-0.756217
29.6103,-291.091,-26.7592,,-0.730714
29.6203,-291.806,-26.5704,,-0.702317
29.6303,-292.491,-26.3675,,-0.674335
29.6403,-293.151,-26.157,,-0.640257
29.6503,-293.77,-25.9529,,-0.607654
29.6603,-294.365,-25.7413,,-0.583597
29.6703,-294.932,-25.5267,,-0.552825
29.6804,-295.467,-25.2907,,-0.521165
29.6904,-295.975,-25.0392,,-0.498365
29.7004,-296.453,-24.7832,,-0.461068
29.7104,-296.9,-24.5224,,-0.433683
29.7204,-297.316,-24.2609,,-0.403251
29.7303,-297.706,-23.9875,,-0.377785
29.7403,-298.067,-23.6962,,-0.34542
29.7503,-298.395,-23.4064,,-0.31625
29.7603,-298.696,-23.0848,,-0.286907
29.7703,-298.964,-22.7583,,-0.25408
29.7803,-299.203,-22.4205,,-0.22657
29.7903,-299.412,-22.0636,,-0.194818
29.8003,-299.592,-21.6934,,-0.166209
29.8104,-299.741,-21.3161,,-0.135444
29.8204,-299.863,-20.9245,,-0.110249
29.8304,-299.951,-20.5117,,-0.0751816
29.8404,-300.006,-20.0604,,-0.038163
29.8503,-300.05,-19.6128,,-0.0427691
29.8603,-300.054,-19.1224,,0.0333625
29.8703,-300.009,-18.6125,,0.0448703
29.8803,-299.949,-18.0862,,0.0754375
29.8903,-299.859,-17.5369,,0.099538
29.9003,-299.743,-16.9547,,0.130933
29.9103,-299.591,-16.3476,,0.167008
29.9203,-299.413,-15.7053,,0.190434
29.9304,-299.202,-15.0308,,0.225927
29.9404,-298.96,-14.3238,,0.255134
29.9504,-298.689,-13.5878,,0.283723
29.9604,-298.389,-12.8356,,0.31387
29.9704,-298.059,-12.0345,,0.343354
29.9803,-297.699,-11.2121,,0.37222
29.9903,-297.313,-10.3587,,0.399888
30.0003,-296.894,-9.46062,,0.432403
30.0103,-296.447,-8.54789,,0.460829
30.0203,-295.966,-7.61183,,0.496393
30.0303,-295.458,-6.6495,,0.517892
30.0403,-294.921,-5.68015,,0.552484
30.0503,-294.353,-4.68049,,0.580111
30.0604,-293.757,-3.69889,,0.607701
30.0704,-293.134,-2.68679,,0.638812
30.0804,-292.478,-1.68503,,0.66906
30.0904,-291.792,-0.67413,,0.698462
30.1003,-291.077,0.346697,,0.727952
30.1103,-290.336,1.33485,,0.753618
30.1203,-289.565,2.32049,,0.785123
30.1303,-288.764,3.29475,,0.814703
30.1403,-287.932,4.25771,,0.843431
30.1503,-287.073,5.21171,,0.872622
30.1603,-286.185,6.14898,,0.899597
30.1703,-285.273,7.06192,,0.922254
30.1804,-284.331,7.94917,,0.958773
30.1904,-283.357,8.8139,,0.98702
30.2004,-282.356,9.66765,,1.01239
30.2104,-281.327,10.4987,,1.04252
30.2204,-280.27,11.3037,,1.07117
30.2303,-279.184,12.1146,,1.09275
30.2403,-278.08,12.8815,,1.12251
30.2503,-276.935,13.6333,,1.15787
30.2603,-275.761,14.3617,,1.18453
30.2703,-274.566,15.0743,,1.20689
30.2803,-273.344,15.7677,,1.2342
30.2903,-272.091,16.454,,1.2664
30.3003,-270.81,17.1093,,1.29135
30.3104,-269.506,17.7492,,1.31592
30.3204,-268.175,18.3708,,1.34599
30.3304,-266.813,18.9731,,1.37191
30.3404,-265.43,19.5668,,1.39488
30.3503,-264.017,20.1373,,1.42574
30.3603,-262.577,20.6989,,1.45252
30.3703,-261.111,21.2304,,1.47621
30.3803,-259.62,21.7498,,1.50434
30.3903,-258.105,22.263,,1.52453
30.4003,-256.562,22.7559,,1.5556
30.4103,-254.993,23.2249,,1.57945
30.4203,-253.4,23.6781,,1.60418
30.4304,-251.781,24.1174,,1.63192
30.4404,-250.135,24.5587,,1.6564
30.4504,-248.465,24.9725,,1.67999
30.4604,-246.777,25.3808,,1.70162
30.4704,-245.054,25.7672,,1.73581
30.4803,-243.308,26.1298,,1.75254
30.4903,-241.545,26.5044,,1.77413
30.5003,-239.752,26.8458,,1.80858
30.5103,-237.932,27.1808,,1.82876
30.5203,-236.092,27.5037,,1.84781
30.5303,-234.232,27.8174,,1.87365
30.5403,-232.344,28.1355,,1.89678
30.5503,-230.432,28.4124,,1.92506
30.5604,-228.499,28.6935,,1.93879
30.5704,-226.544,28.9691,,1.96942
30.5804,-224.564,29.233,,1.98768
30.5904,-222.563,29.4662,,2.01068
30.6003,-220.542,29.7049,,2.03253
30.6103,-218.495,29.9452,,2.05792
30.6203,-216.425,30.1681,,2.07799
30.6303,-214.337,30.3836,,2.09713
30.6403,-212.227,30.5891,,2.12084
30.6503,-210.094,30.8018,,2.14226
30.6603,-207.941,30.9787,,2.16174
30.6703,-205.768,31.1469,,2.18173
30.6804,-203.581,31.3376,,2.19322
30.6904,-201.367,31.5061,,2.22959
30.7004,-199.128,31.6697,,2.24711
30.7104,-196.871,31.8293,,2.26464
30.7204,-194.601,31.987,,2.27401
30.7303,-192.309,32.1215,,2.30599
30.7403,-189.993,32.2566,,2.32594
30.7503,-187.66,32.3986,,2.33809
30.7603,-185.31,32.5241,,2.36036
30.7703,-182.941,32.6543,,2.37495
30.7803,-180.551,32.7797,,2.40332
30.7903,-178.148,32.882,,2.40111
30.8003,-175.727,32.989,,2.43707
30.8104,-173.284,33.0896,,2.44844
30.8204,-170.826,33.2009,,2.4663
30.8304,-168.353,33.2899,,2.47826
30.8404,-165.863,33.4006,,2.50188
30.8503,-163.35,33.4804,,2.51929
30.8603,-160.825,33.5735,,2.53096
30.8703,-158.283,33.6489,,2.55027
30.8803,-155.726,33.7284,,2.56316
30.8903,-153.154,33.7974,,2.57874
30.9003,-150.566,33.8754,,2.59406
30.9103,-147.963,33.9525,,2.61129
30.9203,-145.345,34.016,,2.6235
30.9304,-142.715,34.0849,,2.63652
30.9404,-140.068,34.1456,,2.65432
30.9504,-137.406,34.1994,,2.6669
30.9604,-134.732,34.2663,,2.68076
30.9704,-132.044,34.3171,,2.69411
30.9803,-129.343,34.3635,,2.70653
30.9903,-126.63,34.4185,,2.71949
31.0003,-123.904,34.4608,,2.73045
31.0103,-121.168,34.5071,,2.74265
31.0203,-118.415,34.557,,2.75854
31.0303,-115.652,34.5993,,2.76725
31.0403,-112.877,34.6468,,2.78092
31.0503,-110.091,34.6752,,2.79008
31.0604,-107.296,34.7185,,2.80009
31.0704,-104.489,34.7433,,2.81217
31.0804,-101.67,34.7779,,2.82321
31.0904,-98.8431,34.8118,,2.83147
31.1003,-96.0044,34.8452,,2.84418
31.1103,-93.1576,34.8714,,2.84941
31.1203,-90.3018,34.8975,,2.85913
31.1303,-87.4381,34.9251,,2.87031
31.1403,-84.5615,34.9487,,2.87981
31.1503,-81.6776,34.9815,,2.88779
31.1603,-78.786,34.999,,2.89396
31.1703,-75.8866,35.0159,,2.90383
31.1804,-72.9793,35.0377,,2.91013
31.1904,-70.0656,35.0474,,2.91722
31.2004,-67.1443,35.0703,,2.92386
31.2104,-64.2165,35.0794,,2.93048
31.2204,-61.2832,35.1068,,2.93647
31.2303,-58.3428,35.1202,,2.9432
31.2403,-55.397,35.1329,,2.94855
31.2503,-52.4455,35.1478,,2.95321
31.2603,-49.4887,35.1504,,2.95946
31.2703,-46.5266,35.156,,2.96439
31.2803,-43.5601,35.173,,2.96837
31.2903,-40.589,35.1747,,2.97315
31.3003,-37.6143,35.1882,,2.97606
31.3104,-34.6355,35.1922,,2.98069
31.3204,-31.6534,35.2004,,2.98376
31.3304,-28.6684,35.2026,,2.98576
31.3404,-25.6807,35.2005,,2.9889
31.3503,-22.69,35.2071,,2.99225
31.3603,-19.6967,35.2093,,2.99407
31.3703,-16.7019,35.205,,2.99579
31.3803,-13.7052,35.2105,,2.99701
31.3903,-10.7075,35.2099,,2.99818
31.4003,-7.70839,35.2085,,2.99976
31.4103,-4.70849,35.2026,,3.00018
31.4203,-1.70833,35.2019,,3.00021
31.4304,1.29223,35.1954,,3.00064
31.4404,4.29258,35.1912,,2.99998
31.4504,7.29238,35.1819,,2.99986
31.4604,10.2915,35.1826,,2.99875
31.4704,13.2897,35.172,,2.99747
31.4803,16.2864,35.1687,,2.99584
31.4903,19.2816,35.1528,,2.9944
31.5003,22.2748,35.1506,,2.99214
31.5103,25.2657,35.1361,,2.99037
31.5203,28.2544,35.1266,,2.98704
31.5303,31.24,35.1144,,2.98412
31.5403,34.2227,35.1066,,2.98145
31.5503,37.2016,35.088,,2.97743
31.5604,40.1772,35.068,,2.97402
31.5704,43.1489,35.0599,,2.96917
31.5804,46.1156,35.0421,,2.96464
31.5904,49.0776,35.0361,,2.96029
31.6003,52.0353,35.0201,,2.95519
31.6103,54.988,34.996,,2.95066
31.6203,57.9349,34.9758,,2.94351
31.6303,60.8754,34.9509,,2.93822
31.6403,63.8106,34.9373,,2.933
31.6503,66.7395,34.917,,2.92503
31.6603,69.6613,34.9006,,2.91895
31.6703,72.576,34.8846,,2.91183
31.6804,75.4842,34.8531,,2.90477
31.6904,78.3845,34.8357,,2.89604
31.7004,81.2748,34.8067,,2.88673
31.7104,84.1588,34.7771,,2.88175
31.7204,87.036,34.7648,,2.87231
31.7303,89.903,34.7283,,2.86328
31.7403,92.7627,34.711,,2.85681
31.7503,95.6113,34.6777,,2.84125
31.7603,98.4482,34.6449,,2.8345
31.7703,101.278,34.6239,,2.82575
31.7803,104.098,34.5941,,2.81563
31.7903,106.908,34.5684,,2.80416
31.8003,109.705,34.5308,,2.79247
31.8104,112.493,34.503,,2.78276
31.8204,115.27,34.4738,,2.77202
31.8304,118.033,34.4368,,2.75735
31.8404,120.785,34.4055,,2.74663
31.8503,123.525,34.3675,,2.73438
31.8603,126.253,34.3379,,2.72197
31.8703,128.968,34.2941,,2.70982
31.8803,131.671,34.2624,,2.69826
31.8903,134.362,34.2301,,2.68356
31.9003,137.038,34.1845,,2.66975
31.9103,139.699,34.1411,,2.65629
31.9203,142.349,34.1127,,2.64276
31.9304,144.983,34.0641,,2.62677
31.9404,147.602,34.027,,2.61238
31.9504,150.206,33.9927,,2.59838
31.9604,152.796,33.9503,,2.58262
31.9704,155.371,33.8964,,2.56715
31.9803,157.93,33.8634,,2.55364
31.9903,160.472,33.8105,,2.53306
32.0003,162.998,33.7591,,2.52122
32.0103,165.511,33.722,,2.50503
32.0203,168.006,33.6683,,2.48695
32.0303,170.485,33.6258,,2.47283
32.0403,172.945,33.5718,,2.4505
32.0504,175.393,33.5255,,2.44354
32.0604,177.826,33.4669,,2.41641
32.0704,180.222,33.4238,,2.38991
32.0804,182.609,33.3697,,2.38292
32.0904,184.983,33.3138,,2.36534
32.1003,187.336,33.2676,,2.3426
32.1103,189.668,33.2079,,2.32459
32.1203,191.984,33.1506,,2.30818
32.1303,194.28,33.0939,,2.28697
32.1403,196.556,33.0296,,2.26609
32.1503,198.812,32.9815,,2.24953
32.1603,201.052,32.9204,,2.22886
32.1703,203.268,32.8542,,2.20889
32.1804,205.466,32.796,,2.18553
32.1904,207.641,32.7286,,2.16892
32.2004,209.799,32.6716,,2.14566
32.2104,211.931,32.5967,,2.12525
32.2204,214.045,32.5366,,2.10258
32.2303,216.137,32.4664,,2.08445
32.2403,218.208,32.4122,,2.059
32.2503,220.256,32.3292,,2.03893
32.2603,222.283,32.2601,,2.02027
32.2703,224.294,32.1884,,1.99657
32.2803,226.272,32.1136,,1.96616
32.2903,228.225,32.0398,,1.94447
32.3004,230.161,31.9595,,1.92811
32.3104,232.077,31.8842,,1.90579
32.3204,233.967,31.815,,1.87726
32.3304,235.834,31.7346,,1.85616
32.3404,237.678,31.6574,,1.83439
32.3503,239.496,31.5678,,1.80745
32.3603,241.291,31.4877,,1.78501
32.3703,243.062,31.408,,1.75852
32.3803,244.808,31.3097,,1.73667
32.3903,246.533,31.2276,,1.71407
32.4003,248.232,31.1513,,1.68692
32.4103,249.91,31.0464,,1.66642
32.4203,251.555,30.9453,,1.63068
32.4304,253.175,30.872,,1.61371
32.4404,254.775,30.7695,,1.58605
32.4504,256.345,30.6703,,1.55781
32.4604,257.889,30.5681,,1.5328
32.4704,259.408,30.4677,,1.50871
32.4803,260.905,30.364,,1.48539
32.4903,262.376,30.2654,,1.4591
32.5003,263.819,30.1711,,1.42925
32.5103,265.233,30.0471,,1.40181
32.5203,266.621,29.9373,,1.37764
32.5303,267.984,29.8191,,1.35106
32.5403,269.321,29.701,,1.32503
32.5504,270.632,29.5904,,1.29863
32.5604,271.914,29.47,,1.26821
32.5704,273.167,29.3446,,1.24406
32.5804,274.397,29.2181,,1.21625
32.5904,275.598,29.0915,,1.18768
32.6003,276.771,28.9702,,1.15986
32.6103,277.912,28.8305,,1.12895
32.6203,279.03,28.694,,1.10674
32.6303,280.12,28.5574,,1.07782
32.6403,281.181,28.4056,,1.04678
32.6503,282.213,28.2574,,1.01946
32.6603,283.216,28.1212,,0.989465
32.6703,284.193,27.9696,,0.967595
32.6804,285.143,27.8119,,0.934919
32.6904,286.064,27.6492,,0.908384
32.7004,286.954,27.4811,,0.877926
32.7104,287.817,27.315,,0.849516
32.7204,288.651,27.1267,,0.81919
32.7303,289.453,26.9549,,0.78889
32.7403,290.226,26.7795,,0.761411
32.7503,290.973,26.5856,,0.735257
32.7603,291.692,26.4007,,0.705704
32.7703,292.381,26.1999,,0.677025
32.7803,293.045,25.9908,,0.648845
32.7903,293.674,25.7754,,0.614751
32.8004,294.272,25.5554,,0.58539
32.8104,294.843,25.3404,,0.557844
32.8204,295.384,25.1023,,0.527091
32.8304,295.898,24.8654,,0.50623
32.8404,296.383,24.6099,,0.46519
32.8503,296.832,24.3601,,0.437106
32.8603,297.254,24.0929,,0.409918
32.8703,297.649,23.8148,,0.38047
32.8803,298.012,23.5199,,0.35
32.8903,298.347,23.2232,,0.321218
32.9003,298.65,22.9157,,0.288978
32.9103,298.924,22.5913,,0.260785
32.9203,299.168,22.2656,,0.230749
32.9304,299.381,21.9094,,0.200692
32.9404,299.566,21.5443,,0.169292
32.9504,299.719,21.1647,,0.139889
32.9604,299.844,20.7654,,0.114853
32.9704,299.941,20.3555,,0.0836092
32.9803,300.002,19.9081,,0.0403354
32.9903,300.046,19.4579,,0.0461172
33.0003,300.059,18.9755,,-0.0232286
33.0103,300.016,18.4729,,-0.043263
33.0203,299.962,17.9457,,-0.0692395
33.0303,299.876,17.3973,,-0.0976007
33.0403,299.762,16.8276,,-0.130843
33.0504,299.615,16.2071,,-0.158954
33.0604,299.441,15.5724,,-0.187909
33.0704,299.235,14.896,,-0.218434
33.0804,299.001,14.1951,,-0.247352
33.0904,298.736,13.4648,,-0.279131
33.1003,298.442,12.7097,,-0.306427
33.1103,298.115,11.919,,-0.34253
33.1203,297.759,11.0997,,-0.367567
33.1303,297.377,10.2386,,-0.394942
33.1403,296.963,9.34194,,-0.429755
33.1503,296.516,8.43192,,-0.459001
33.1603,296.044,7.49448,,-0.48441
33.1703,295.541,6.55213,,-0.516559
33.1804,295.008,5.57712,,-0.547081
33.1904,294.445,4.59056,,-0.576208
33.2004,293.853,3.57901,,-0.604867
33.2104,293.234,2.57135,,-0.631676
33.2204,292.583,1.56261,,-0.665695
33.2303,291.903,0.549719,,-0.692416
33.2403,291.196,-0.464374,,-0.718348
33.2503,290.457,-1.46097,,-0.755449
33.2603,289.687,-2.45284,,-0.779733
33.2703,288.895,-3.43723,,-0.806522
33.2803,288.069,-4.39577,,-0.83822
33.2903,287.224,-5.35423,,-0.855826
33.3004,286.338,-6.29829,,-0.905537
33.3104,285.421,-7.21325,,-0.927343
33.3204,284.482,-8.1088,,-0.949418
33.3304,283.513,-8.9834,,-0.984481
33.3404,282.515,-9.84253,,-1.00938
33.3503,281.492,-10.6753,,-1.03523
33.3603,280.44,-11.5009,,-1.06571
33.3703,279.359,-12.2955,,-1.09046
33.3803,278.254,-13.0894,,-1.12086
33.3903,277.115,-13.8478,,-1.15192
33.4003,275.949,-14.5816,,-1.17724
33.4103,274.755,-15.2892,,-1.20602
33.4203,273.537,-15.998,,-1.23042
33.4304,272.29,-16.6715,,-1.25895
33.4404,271.017,-17.3458,,-1.28595
33.4504,269.717,-17.9992,,-1.31106
33.4604,268.389,-18.6324,,-1.34087
33.4704,267.035,-19.2328,,-1.36844
33.4803,265.65,-19.8255,,-1.39427
33.4903,264.242,-20.3959,,-1.42016
33.5003,262.813,-20.9649,,-1.43751
33.5103,261.353,-21.504,,-1.47963
33.5203,259.859,-22.0391,,-1.5021
33.5303,258.345,-22.5517,,-1.52354
33.5403,256.809,-23.0336,,-1.54989
33.5504,255.244,-23.5292,,-1.57493
33.5604,253.658,-23.9906,,-1.59717
33.5704,252.042,-24.4348,,-1.6308
33.5804,250.397,-24.8684,,-1.6546
33.5904,248.732,-25.2828,,-1.67412
33.6003,247.045,-25.6963,,-1.69868
33.6103,245.329,-26.0866,,-1.72941
33.6203,243.586,-26.4702,,-1.75472
33.6303,241.822,-26.8307,,-1.76679
33.6403,240.04,-27.1817,,-1.79936
33.6503,238.225,-27.5207,,-1.8268
33.6603,236.388,-27.8533,,-1.8462
33.6703,234.527,-28.1577,,-1.87142
33.6804,232.644,-28.4767,,-1.89436
33.6904,230.736,-28.767,,-1.91649
33.7004,228.807,-29.0434,,-1.93949
33.7104,226.854,-29.3086,,-1.96446
33.7204,224.878,-29.5759,,-1.98501
33.7303,222.882,-29.8368,,-2.00619
33.7403,220.862,-30.0713,,-2.0299
33.7503,218.821,-30.2971,,-2.05206
33.7603,216.756,-30.5403,,-2.07265
33.7703,214.672,-30.7435,,-2.09568
33.7803,212.565,-30.953,,-2.11588
33.7903,210.438,-31.1501,,-2.13776
33.8004,208.287,-31.3528,,-2.15861
33.8104,206.118,-31.5271,,-2.17977
33.8204,203.931,-31.712,,-2.19383
33.8304,201.719,-31.8825,,-2.22456
33.8404,199.486,-32.0505,,-2.24111
33.8503,197.233,-32.2042,,-2.26126
33.8603,194.965,-32.3613,,-2.27107
33.8703,192.679,-32.5031,,-2.30236
33.8803,190.366,-32.6423,,-2.32125
33.8903,188.032,-32.7725,,-2.34293
33.9003,185.683,-32.9158,,-2.35601
33.9103,183.314,-33.0225,,-2.37787
33.9203,180.932,-33.1452,,-2.3867
33.9304,178.529,-33.2688,,-2.41735
33.9404,176.104,-33.3743,,-2.42664
33.9504,173.672,-33.4825,,-2.44092
33.9604,171.22,-33.5865,,-2.45961
33.9704,168.748,-33.6868,,-2.48382
33.9803,166.256,-33.7668,,-2.49492
33.9903,163.751,-33.8716,,-2.51414
34.0003,161.228,-33.958,,-2.53002
34.0103,158.693,-34.033,,-2.54084
34.0203,156.139,-34.1209,,-2.56507
34.0303,153.565,-34.1983,,-2.5798
34.0403,150.979,-34.263,,-2.59121
34.0504,148.379,-34.34,,-2.60624
34.0604,145.764,-34.4011,,-2.6227
34.0704,143.133,-34.4714,,-2.63677
34.0804,140.489,-34.5363,,-2.6509
34.0904,137.831,-34.5952,,-2.66421
34.1003,135.16,-34.6484,,-2.67646
34.1103,132.475,-34.696,,-2.68972
34.1203,129.78,-34.7569,,-2.70359
34.1303,127.065,-34.8028,,-2.7221
34.1403,124.338,-34.8572,,-2.7303
34.1503,121.601,-34.9078,,-2.74208
34.1603,118.853,-34.9388,,-2.75298
34.1703,116.094,-34.9922,,-2.7651
34.1804,113.32,-35.0239,,-2.77973
34.1904,110.535,-35.0662,,-2.78891
34.2004,107.741,-35.1013,,-2.80036
34.2104,104.935,-35.145,,-2.80907
34.2204,102.121,-35.1709,,-2.81929
34.2303,99.2931,-35.2043,,-2.83349
34.2403,96.4562,-35.2248,,-2.84031
34.2503,93.6109,-35.2557,,-2.84979
34.2603,90.7555,-35.294,,-2.85957
34.2703,87.8915,-35.3184,,-2.86759
34.2803,85.0186,-35.3521,,-2.87745
34.2903,82.137,-35.3698,,-2.88535
34.3004,79.2464,-35.3868,,-2.89366
34.3104,76.3488,-35.4052,,-2.90168
34.3204,73.4431,-35.4227,,-2.90878
34.3304,70.5301,-35.4374,,-2.91621
34.3404,67.6101,-35.4675,,-2.92235
34.3503,64.6844,-35.4772,,-2.92937
34.3603,61.751,-35.5045,,-2.93661
34.3703,58.8114,-35.5145,,-2.9419
34.3803,55.8663,-35.515,,-2.94768
34.3903,52.9152,-35.5294,,-2.95339
34.4003,49.9595,-35.5382,,-2.95805
34.4103,46.9988,-35.5516,,-2.96284
34.4203,44.0334,-35.5637,,-2.96753
34.4304,41.0627,-35.5716,,-2.97256
34.4404,38.0888,-35.5834,,-2.97571
34.4504,35.1108,-35.5828,,-2.9801
34.4604,32.1288,-35.5919,,-2.9833
34.4704,29.1438,-35.6014,,-2.98579
34.4803,26.1563,-35.5917,,-2.9889
34.4903,23.1662,-35.6068,,-2.99148
34.5003,20.1739,-35.6048,,-2.99299
34.5103,17.1791,-35.6104,,-2.99603
34.5203,14.1826,-35.6149,,-2.99658
34.5303,11.185,-35.6056,,-2.99868
34.5403,8.18589,-35.6103,,-2.99958
34.5504,5.18623,-35.5955,,-2.99958
34.5604,2.1861,-35.5913,,-3.00028
34.5704,-0.814394,-35.5963,,-3.0006
34.5804,-3.81467,-35.5943,,-3.00014
34.5904,-6.81471,-35.5957,,-3.00006
34.6003,-9.81394,-35.5912,,-2.99844
34.6103,-12.8122,-35.5735,,-2.99801
34.6203,-15.8094,-35.5704,,-2.99613
34.6303,-18.8047,-35.5568,,-2.99502
34.6403,-21.7981,-35.5465,,-2.99236
34.6503,-24.7897,-35.5468,,-2.99059
34.6603,-27.7786,-35.5374,,-2.98721
34.6703,-30.7647,-35.5231,,-2.98504
34.6804,-33.7476,-35.5163,,-2.98167
34.6904,-36.7273,-35.4911,,-2.97768
34.7004,-39.7031,-35.4816,,-2.97403
34.7104,-42.6749,-35.4601,,-2.97033
34.7204,-45.6434,-35.4529,,-2.96648
34.7303,-48.6064,-35.4487,,-2.9605
34.7403,-51.5644,-35.4291,,-2.95579
34.7503,-54.5181,-35.417,,-2.95209
34.7603,-57.4663,-35.4023,,-2.94457
34.7703,-60.4079,-35.3675,,-2.9396
34.7803,-63.3435,-35.3522,,-2.93261
34.7903,-66.2735,-35.3214,,-2.92686
34.8004,-69.1957,-35.3047,,-2.9189
34.8104,-72.1118,-35.2925,,-2.91362
34.8204,-75.0209,-35.2785,,-2.90543
34.8304,-77.9223,-35.2506,,-2.89751
34.8404,-80.8153,-35.2308,,-2.89015
34.8503,-83.7019,-35.1993,,-2.88346
34.8603,-86.5798,-35.1698,,-2.87289
34.8703,-89.4476,-35.1458,,-2.86279
34.8803,-92.3052,-35.1264,,-2.85469
34.8903,-95.1562,-35.1032,,-2.84774
34.9003,-97.9975,-35.0728,,-2.83587
34.9103,-100.828,-35.0507,,-2.82627
34.9203,-103.648,-35.012,,-2.81551
34.9304,-106.459,-34.9822,,-2.80688
34.9404,-109.26,-34.9391,,-2.7948
34.9504,-112.049,-34.9213,,-2.78425
34.9604,-114.827,-34.8899,,-2.77332
34.9704,-117.594,-34.8549,,-2.76135
34.9803,-120.348,-34.8333,,-2.74772
34.9903,-123.09,-34.7958,,-2.73789
35.0003,-125.824,-34.7477,,-2.72961
35.0103,-128.54,-34.7147,,-2.70677
35.0203,-131.242,-34.68,,-2.69732
35.0303,-133.934,-34.6386,,-2.68944
35.0403,-136.614,-34.6103,,-2.66978
35.0504,-139.277,-34.5767,,-2.65673
35.0604,-141.927,-34.5343,,-2.64663
35.0704,-144.564,-34.49,,-2.62881
35.0804,-147.186,-34.4462,,-2.61497
35.0904,-149.794,-34.4014,,-2.60226
35.1003,-152.386,-34.3652,,-2.58555
35.1103,-154.963,-34.317,,-2.5684
35.1203,-157.525,-34.2731,,-2.55641
35.1303,-160.071,-34.2445,,-2.53692
35.1403,-162.599,-34.1859,,-2.52365
35.1503,-165.117,-34.146,,-2.509
35.1603,-167.612,-34.0906,,-2.4858
35.1703,-170.089,-34.0408,,-2.47102
35.1804,-172.552,-33.9915,,-2.45794
35.1904,-175.001,-33.9416,,-2.43759
35.2004,-177.429,-33.8924,,-2.42265
35.2104,-179.839,-33.8411,,-2.39996
35.2204,-182.229,-33.7943,,-2.38215
35.2303,-184.604,-33.7317,,-2.36749
35.2403,-186.96,-33.6758,,-2.34917
35.2503,-189.3,-33.6266,,-2.32867
35.2603,-191.617,-33.5663,,-2.30827
35.2703,-193.914,-33.5112,,-2.28873
35.2803,-196.195,-33.4547,,-2.27519
35.2903,-198.462,-33.3973,,-2.25576
35.3004,-200.698,-33.3252,,-2.22456
35.3104,-202.916,-33.2673,,-2.21132
35.3204,-205.116,-33.2155,,-2.19131
35.3304,-207.297,-33.1414,,-2.16988
35.3404,-209.455,-33.079,,-2.15086
35.3503,-211.593,-33.0233,,-2.12735
35.3603,-213.709,-32.9505,,-2.10681
35.3703,-215.81,-32.8815,,-2.09411
35.3803,-217.884,-32.8065,,-2.06083
35.3903,-219.936,-32.7486,,-2.04092
35.4003,-221.962,-32.6757,,-2.01678
35.4103,-223.97,-32.5964,,-1.99913
35.4203,-225.957,-32.542,,-1.97579
35.4304,-227.918,-32.4621,,-1.951
35.4404,-229.857,-32.3829,,-1.9281
35.4504,-231.774,-32.2965,,-1.90837
35.4604,-233.669,-32.2232,,-1.88314
35.4704,-235.54,-32.1465,,-1.86037
35.4803,-237.386,-32.0643,,-1.83604
35.4903,-239.209,-31.9816,,-1.81274
35.5003,-241.008,-31.8993,,-1.78709
35.5103,-242.784,-31.8253,,-1.76827
35.5203,-244.544,-31.7319,,-1.74588
35.5303,-246.264,-31.6356,,-1.70622
35.5403,-247.962,-31.5506,,-1.68926
35.5504,-249.637,-31.4631,,-1.66518
35.5604,-251.288,-31.3726,,-1.63741
35.5704,-252.912,-31.2708,,-1.61612
35.5804,-254.517,-31.1802,,-1.59369
35.5904,-256.095,-31.0848,,-1.56395
35.6003,-257.645,-30.9825,,-1.54086
35.6103,-259.172,-30.8855,,-1.51586
35.6203,-260.673,-30.7766,,-1.48471
35.6303,-262.142,-30.6656,,-1.45961
35.6403,-263.588,-30.5594,,-1.43467
35.6503,-265.016,-30.4638,,-1.41895
35.6603,-266.407,-30.3547,,-1.37129
35.6703,-267.768,-30.2351,,-1.35389
35.6804,-269.11,-30.1206,,-1.33031
35.6904,-270.425,-29.9974,,-1.30233
35.7004,-271.711,-29.8783,,-1.2724
35.7104,-272.969,-29.7624,,-1.24877
35.7204,-274.203,-29.6307,,-1.22083
35.7303,-275.409,-29.5075,,-1.19159
35.7403,-276.583,-29.3638,,-1.16105
35.7503,-277.731,-29.2376,,-1.13871
35.7603,-278.855,-29.0997,,-1.10856
35.7703,-279.952,-28.9752,,-1.09107
35.7803,-281.02,-28.8314,,-1.04544
35.7903,-282.051,-28.6814,,-1.022
35.8004,-283.06,-28.5352,,-0.996924
35.8104,-284.042,-28.3717,,-0.968574
35.8204,-284.993,-28.2124,,-0.938654
35.8304,-285.919,-28.0465,,-0.91524
35.8404,-286.815,-27.8976,,-0.880282
35.8503,-287.68,-27.7356,,-0.85148
35.8603,-288.52,-27.5654,,-0.831385
35.8703,-289.332,-27.3832,,-0.79494
35.8803,-290.109,-27.1941,,-0.763737
35.8903,-290.86,-27.0081,,-0.739105
35.9003,-291.58,-26.8019,,-0.70679
35.9103,-292.273,-26.6144,,-0.679896
35.9203,-292.937,-26.4087,,-0.651166
35.9304,-293.57,-26.1948,,-0.620582
35.9404,-294.177,-25.9836,,-0.594181
35.9504,-294.754,-25.7629,,-0.562296
35.9604,-295.302,-25.5277,,-0.53593
35.9704,-295.817,-25.2859,,-0.499073
35.9803,-296.303,-25.0302,,-0.475702
35.9903,-296.761,-24.7759,,-0.443825
36.0003,-297.191,-24.5205,,-0.419389
36.0103,-297.589,-24.2389,,-0.37935
36.0203,-297.955,-23.9561,,-0.35576
36.0303,-298.294,-23.6573,,-0.324209
36.0403,-298.603,-23.3385,,-0.29759
36.0504,-298.882,-23.0185,,-0.262095
36.0604,-299.135,-22.69,,-0.246765
36.0704,-299.357,-22.3338,,-0.198695
36.0804,-299.538,-21.9825,,-0.169789
36.0904,-299.696,-21.5903,,-0.149302
36.1003,-299.829,-21.199,,-0.117913
36.1103,-299.929,-20.7864,,-0.0859672
36.1203,-300.001,-20.3468,,-0.0513252
36.1303,-300.039,-19.8941,,-0.0403387
36.1403,-300.062,-19.4199,,7.18E-03
36.1503,-300.025,-18.9171,,0.042587
36.1603,-299.975,-18.4003,,0.063709
36.1703,-299.896,-17.8403,,0.0914819
36.1804,-299.785,-17.2703,,0.125889
36.1904,-299.642,-16.6692,,0.157435
36.2004,-299.471,-16.0261,,0.183637
36.2104,-299.27,-15.3618,,0.213916
36.2204,-299.041,-14.6657,,0.242056
36.2303,-298.782,-13.9311,,0.273749
36.2403,-298.49,-13.175,,0.306717
36.2503,-298.168,-12.3918,,0.33357
36.2603,-297.82,-11.5665,,0.360753
36.2703,-297.439,-10.7118,,0.395827
36.2803,-297.029,-9.8257,,0.418885
36.2903,-296.595,-8.91369,,0.451998
36.3004,-296.123,-7.97856,,0.484731
36.3104,-295.625,-7.01961,,0.510677
36.3204,-295.097,-6.04687,,0.542412
36.3304,-294.538,-5.03994,,0.571816
36.3404,-293.953,-4.04323,,0.596532
36.3503,-293.337,-3.03134,,0.630234
36.3603,-292.69,-2.03218,,0.662422
36.3703,-292.013,-1.01762,,0.688288
36.3803,-291.309,8.14E-03,,0.716976
36.3903,-290.576,1.01,,0.746518
36.4003,-289.813,2.01925,,0.775981
36.4103,-289.021,3.00844,,0.804112
36.4203,-288.202,3.97585,,0.832118
36.4304,-287.356,4.93987,,0.859024
36.4404,-286.476,5.87688,,0.894687
36.4504,-285.567,6.80045,,0.920091
36.4604,-284.635,7.70572,,0.943516
36.4704,-283.672,8.58511,,0.977485
36.4803,-282.679,9.45962,,1.00549
36.4903,-281.659,10.3061,,1.03357
36.5003,-280.611,11.1232,,1.059
36.5103,-279.532,11.9429,,1.09458
36.5203,-278.426,12.7268,,1.11567
36.5303,-277.296,13.4861,,1.14249
36.5403,-276.138,14.2274,,1.17115
36.5504,-274.949,14.9542,,1.20218
36.5604,-273.733,15.661,,1.22815
36.5704,-272.492,16.3553,,1.25359
36.5804,-271.221,17.0279,,1.28237
36.5904,-269.925,17.6833,,1.30761
36.6003,-268.603,18.3046,,1.33492
36.6103,-267.255,18.9322,,1.36141
36.6203,-265.873,19.5288,,1.39341
36.6303,-264.467,20.1153,,1.41694
36.6403,-263.041,20.6823,,1.43276
36.6503,-261.586,21.2232,,1.47443
36.6603,-260.099,21.7521,,1.49759
36.6703,-258.59,22.27,,1.51445
36.6804,-257.06,22.7797,,1.54785
36.6904,-255.496,23.2701,,1.57467
36.7004,-253.906,23.7262,,1.60118
36.7104,-252.295,24.1754,,1.61987
36.7204,-250.662,24.6155,,1.64577
36.7303,-249,25.0341,,1.67486
36.7403,-247.312,25.4497,,1.69718
36.7503,-245.603,25.8453,,1.72104
36.7603,-243.867,26.2254,,1.74724
36.7703,-242.109,26.6032,,1.767
36.7803,-240.323,26.967,,1.80064
36.7903,-238.513,27.2962,,1.81893
36.8004,-236.682,27.6191,,1.83851
36.8104,-234.827,27.9301,,1.87081
36.8204,-232.946,28.2545,,1.88836
36.8304,-231.045,28.5413,,1.91323
36.8404,-229.118,28.8304,,1.93586
36.8503,-227.17,29.1108,,1.95898
36.8603,-225.197,29.377,,1.98469
36.8703,-223.201,29.627,,2.00661
36.8803,-221.182,29.8634,,2.02695
36.8903,-219.144,30.0972,,2.04624
36.9003,-217.085,30.3276,,2.07007
36.9103,-215.003,30.545,,2.0917
36.9203,-212.901,30.7542,,2.11092
36.9304,-210.777,30.9626,,2.13435
36.9404,-208.632,31.1555,,2.15585
36.9504,-206.463,31.3364,,2.17612
36.9604,-204.276,31.5107,,2.19806
36.9704,-202.067,31.691,,2.21732
36.9803,-199.841,31.8436,,2.23456
36.9903,-197.592,32.0069,,2.25884
37.0003,-195.325,32.1649,,2.27344
37.0103,-193.039,32.3136,,2.29686
37.0203,-190.733,32.4434,,2.31105
37.0303,-188.409,32.5949,,2.3371
37.0403,-186.061,32.7224,,2.35492
37.0504,-183.697,32.8384,,2.37306
37.0604,-181.315,32.9612,,2.38693
37.0704,-178.917,33.0855,,2.41147
37.0804,-176.497,33.1835,,2.42282
37.0904,-174.064,33.2892,,2.44381
37.1003,-171.61,33.3976,,2.4601
37.1103,-169.142,33.4941,,2.47867
37.1203,-166.652,33.5857,,2.49602
37.1303,-164.148,33.6827,,2.51084
37.1403,-161.63,33.7714,,2.52435
37.1503,-159.098,33.8481,,2.54047
37.1603,-156.544,33.9381,,2.56184
37.1703,-153.976,34.0135,,2.57505
37.1804,-151.392,34.0841,,2.58936
37.1904,-148.795,34.1567,,2.6039
37.2004,-146.183,34.2135,,2.62001
37.2104,-143.554,34.292,,2.63517
37.2204,-140.911,34.3454,,2.64801
37.2303,-138.256,34.4057,,2.66275
37.2403,-135.587,34.4767,,2.67372
37.2503,-132.904,34.5188,,2.68885
37.2603,-130.209,34.5719,,2.70234
37.2703,-127.497,34.6274,,2.71748
37.2803,-124.774,34.6742,,2.72824
37.2903,-122.04,34.7163,,2.74005
37.3004,-119.292,34.7685,,2.75308
37.3104,-116.532,34.8079,,2.76546
37.3204,-113.762,34.8467,,2.77396
37.3304,-110.981,34.8898,,2.78686
37.3404,-108.188,34.9228,,2.79789
37.3503,-105.384,34.9612,,2.80958
37.3603,-102.569,34.9951,,2.81886
37.3703,-99.7447,35.0294,,2.82929
37.3803,-96.9095,35.062,,2.83905
37.3903,-94.0646,35.0947,,2.85003
37.4003,-91.2103,35.1092,,2.85763
37.4103,-88.3502,35.1422,,2.86354
37.4203,-85.4769,35.154,,2.88025
37.4304,-82.5935,35.1909,,2.88489
37.4404,-79.7056,35.2162,,2.89059
37.4504,-76.8104,35.245,,2.90021
37.4604,-73.9058,35.2616,,2.90743
37.4704,-70.9948,35.2748,,2.91419
37.4803,-68.0759,35.2854,,2.92219
37.4903,-65.1503,35.2931,,2.92884
37.5003,-62.2184,35.3099,,2.9344
37.5103,-59.2801,35.3325,,2.94113
37.5203,-56.3361,35.3491,,2.94683
37.5303,-53.3852,35.3683,,2.95349
37.5403,-50.43,35.3726,,2.95705
37.5504,-47.47,35.3849,,2.96229
37.5604,-44.5052,35.3912,,2.96675
37.5704,-41.5359,35.3959,,2.97116
37.5804,-38.5627,35.4119,,2.97502
37.5904,-35.5851,35.4109,,2.97977
37.6003,-32.604,35.4146,,2.98213
37.6103,-29.6196,35.4245,,2.98559
37.6203,-26.6324,35.4293,,2.98877
37.6303,-23.6425,35.4305,,2.99093
37.6403,-20.6506,35.4293,,2.9929
37.6503,-17.6563,35.4341,,2.99528
37.6603,-14.66,35.4358,,2.99666
37.6703,-11.6624,35.4321,,2.99845
37.6804,-8.66372,35.4238,,2.99923
37.6904,-5.66407,35.4293,,2.99978
37.7004,-2.66396,35.4235,,3.00014
37.7104,0.336523,35.4239,,3.00058
37.7204,3.33696,35.4275,,3.00033
37.7303,6.33695,35.414,,2.99976
37.7403,9.33638,35.4134,,2.99929
37.7503,12.3347,35.3978,,2.99751
37.7603,15.332,35.3919,,2.99685
37.7703,18.3278,35.3828,,2.99498
37.7803,21.3217,35.3742,,2.99296
37.7903,24.3138,35.3753,,2.99106
37.8004,27.3031,35.3553,,2.98774
37.8104,30.2895,35.3454,,2.98541
37.8204,33.2729,35.33,,2.98204
37.8304,36.2531,35.3139,,2.97865
37.8404,39.2299,35.2998,,2.97518
37.8503,42.2026,35.2889,,2.9703
37.8603,45.1709,35.2797,,2.96666
37.8703,48.1348,35.265,,2.96203
37.8803,51.0942,35.2501,,2.95693
37.8903,54.0484,35.2265,,2.95155
37.9003,56.9968,35.2042,,2.94589
37.9103,59.9391,35.1841,,2.93989
37.9203,62.8761,35.1739,,2.93434
37.9304,65.8069,35.148,,2.9277
37.9404,68.7313,35.1347,,2.92175
37.9504,71.6484,35.115,,2.91345
37.9604,74.5582,35.0924,,2.90666
37.9704,77.4602,35.0627,,2.89812
37.9803,80.3549,35.0418,,2.89156
37.9903,83.242,35.0116,,2.88395
38.0003,86.1217,34.9868,,2.87544
38.0103,88.9909,34.9625,,2.86511
38.0203,91.8517,34.949,,2.8565
38.0303,94.7036,34.9279,,2.84788
38.0403,97.5457,34.8899,,2.83793
38.0504,100.379,34.8599,,2.82815
38.0604,103.202,34.8356,,2.81795
38.0704,106.013,34.7961,,2.80745
38.0804,108.815,34.7599,,2.79631
38.0904,111.605,34.7339,,2.78492
38.1003,114.384,34.7084,,2.77571
38.1103,117.153,34.6799,,2.76223
38.1203,119.909,34.6503,,2.75209
38.1303,122.654,34.6131,,2.73822
38.1403,125.385,34.5737,,2.7259
38.1503,128.105,34.5307,,2.71531
38.1603,130.813,34.4948,,2.7002
38.1703,133.506,34.4648,,2.69052
38.1804,136.189,34.4369,,2.67272
38.1904,138.853,34.3869,,2.65915
38.2004,141.507,34.359,,2.64779
38.2104,144.145,34.3041,,2.63017
38.2204,146.768,34.2614,,2.61825
38.2303,149.378,34.222,,2.60267
38.2403,151.973,34.1823,,2.58906
38.2503,154.553,34.1424,,2.57312
38.2603,157.119,34.1096,,2.55942
38.2703,159.668,34.0486,,2.53889
38.2803,162.195,34.0059,,2.5207
38.2903,164.715,33.9639,,2.51664
38.3004,167.216,33.9031,,2.48925
38.3104,169.696,33.8602,,2.47244
38.3204,172.161,33.8155,,2.46109
38.3304,174.609,33.7697,,2.43344
38.3404,177.035,33.7122,,2.42308
38.3503,179.455,33.6732,,2.41162
38.3603,181.851,33.6123,,2.38767
38.3703,184.229,33.5511,,2.36913
38.3803,186.587,33.4953,,2.35078
38.3903,188.929,33.4537,,2.33238
38.4003,191.25,33.3853,,2.31178
38.4103,193.551,33.3431,,2.29277
38.4203,195.834,33.2844,,2.27381
38.4304,198.096,33.2285,,2.25459
38.4404,200.339,33.1599,,2.23229
38.4504,202.562,33.0957,,2.21617
38.4604,204.767,33.0336,,2.19561
38.4704,206.954,32.9675,,2.17945
38.4803,209.116,32.9169,,2.14756
38.4903,211.255,32.8556,,2.13209
38.5003,213.375,32.7753,,2.10967
38.5103,215.473,32.7159,,2.08757
38.5203,217.55,32.6511,,2.06894
38.5303,219.605,32.575,,2.04511
38.5403,221.641,32.4979,,2.02651
38.5504,223.654,32.4216,,2.00091
38.5604,225.642,32.3667,,1.97844
38.5704,227.606,32.2834,,1.95547
38.5804,229.552,32.2116,,1.9365
38.5904,231.475,32.1318,,1.90998
38.6003,233.37,32.0648,,1.88606
38.6103,235.246,31.9729,,1.86316
38.6203,237.091,31.8944,,1.83469
38.6303,238.918,31.8064,,1.81964
38.6403,240.724,31.7322,,1.79302
38.6503,242.503,31.6495,,1.76884
38.6603,244.257,31.5619,,1.74233
38.6703,245.986,31.475,,1.71833
38.6804,247.693,31.3896,,1.69709
38.6904,249.374,31.2976,,1.66772
38.7004,251.028,31.1951,,1.64437
38.7104,252.663,31.1033,,1.62235
38.7204,254.268,31.0125,,1.59735
38.7303,255.854,30.923,,1.56857
38.7403,257.404,30.8101,,1.53995
38.7503,258.93,30.7186,,1.51457
38.7603,260.433,30.6122,,1.49269
38.7703,261.91,30.5127,,1.46438
38.7803,263.36,30.4032,,1.43762
38.7903,264.789,30.3028,,1.42066
38.8004,266.187,30.1772,,1.3808
38.8104,267.554,30.0615,,1.35705
38.8204,268.9,29.9542,,1.33618
38.8304,270.217,29.8342,,1.30168
38.8404,271.507,29.7254,,1.27965
38.8503,272.774,29.5931,,1.25836
38.8603,274.01,29.4667,,1.21661
38.8703,275.216,29.3333,,1.19539
38.8803,276.398,29.2044,,1.17332
38.8903,277.553,29.0757,,1.13956
38.9003,278.677,28.9508,,1.1106
38.9103,279.773,28.811,,1.08452
38.9203,280.844,28.664,,1.05954
38.9304,281.888,28.5132,,1.03143
38.9404,282.902,28.3577,,1.00043
38.9504,283.888,28.2007,,0.974406
38.9604,284.848,28.0608,,0.945533
38.9704,285.774,27.8985,,0.91232
38.9803,286.673,27.7443,,0.887238
38.9903,287.544,27.5752,,0.857459
39.0003,288.389,27.3904,,0.839448
39.0103,289.209,27.2018,,0.796369
39.0203,289.986,27.0193,,0.765294
39.0303,290.74,26.8457,,0.745271
39.0403,291.467,26.6493,,0.711941
39.0504,292.166,26.4502,,0.686584
39.0604,292.835,26.255,,0.656113
39.0704,293.476,26.0322,,0.626131
39.0804,294.084,25.8159,,0.594275
39.0904,294.663,25.5986,,0.567532
39.1003,295.214,25.3729,,0.53792
39.1103,295.738,25.1269,,0.512011
39.1203,296.232,24.8792,,0.475342
39.1303,296.69,24.6163,,0.446904
39.1403,297.122,24.3583,,0.421137
39.1503,297.527,24.0795,,0.391603
39.1603,297.901,23.7999,,0.358862
39.1703,298.244,23.5107,,0.330362
39.1804,298.557,23.1927,,0.298627
39.1904,298.839,22.8757,,0.268544
39.2004,299.092,22.5398,,0.241088
39.2104,299.317,22.1904,,0.210722
39.2204,299.509,21.8334,,0.177304
39.2303,299.676,21.4489,,0.157341
39.2403,299.81,21.0665,,0.116089
39.2503,299.914,20.6479,,0.0922928
39.2603,299.988,20.2193,,0.0547585
39.2703,300.032,19.762,,0.0465867
39.2803,300.062,19.2835,,4.38E-03
39.2903,300.032,18.7866,,-0.0442844
39.3004,299.982,18.2636,,-0.0604266
39.3104,299.907,17.7169,,-0.0878329
39.3204,299.802,17.1431,,-0.121207
39.3304,299.664,16.5529,,-0.149077
39.3404,299.499,15.9111,,-0.180085
39.3503,299.303,15.2477,,-0.207366
39.3603,299.078,14.5495,,-0.240504
39.3703,298.823,13.8249,,-0.267171
39.3803,298.539,13.0672,,-0.297476
39.3903,298.223,12.2802,,-0.330304
39.4003,297.877,11.4668,,-0.35896
39.4103,297.504,10.6122,,-0.385083
39.4203,297.099,9.71868,,-0.42136
39.4304,296.664,8.80893,,-0.446979
39.4404,296.201,7.86846,,-0.477211
39.4504,295.704,6.91976,,-0.510647
39.4604,295.181,5.95208,,-0.533462
39.4704,294.629,4.95987,,-0.568589
39.4803,294.043,3.95367,,-0.599241
39.4903,293.432,2.92099,,-0.619812
39.5003,292.796,1.91748,,-0.651274
39.5103,292.128,0.885807,,-0.680181
39.5203,291.427,-0.127163,,-0.717827
39.5303,290.695,-1.13104,,-0.743681
39.5403,289.939,-2.13776,,-0.767506
39.5504,289.151,-3.12628,,-0.803422
39.5604,288.334,-4.10348,,-0.827755
39.5704,287.494,-5.06997,,-0.853999
39.5804,286.618,-6.02679,,-0.89107
39.5904,285.713,-6.95835,,-0.914094
39.6003,284.783,-7.87443,,-0.944642
39.6103,283.824,-8.75895,,-0.970232
39.6203,282.838,-9.63032,,-1.00078
39.6303,281.821,-10.4724,,-1.02945
39.6403,280.775,-11.303,,-1.05822
39.6503,279.703,-12.1232,,-1.08395
39.6603,278.61,-12.9259,,-1.10157
39.6703,277.483,-13.7034,,-1.14593
39.6804,276.323,-14.4514,,-1.17174
39.6904,275.141,-15.1787,,-1.1908
39.7004,273.932,-15.892,,-1.22407
39.7104,272.691,-16.5695,,-1.25383
39.7204,271.429,-17.2595,,-1.27137
39.7303,270.136,-17.9252,,-1.30885
39.7403,268.812,-18.5701,,-1.33591
39.7503,267.464,-19.1912,,-1.35795
39.7603,266.091,-19.7917,,-1.38318
39.7703,264.695,-20.3767,,-1.40986
39.7803,263.269,-20.9472,,-1.43834
39.7903,261.817,-21.5103,,-1.46303
39.8004,260.337,-22.0456,,-1.49434
39.8104,258.83,-22.5651,,-1.51334
39.8204,257.305,-23.067,,-1.54246
39.8304,255.746,-23.5552,,-1.56948
39.8404,254.161,-24.041,,-1.59607
39.8503,252.554,-24.4884,,-1.61579
39.8603,250.924,-24.9398,,-1.64247
39.8703,249.266,-25.3591,,-1.67094
39.8803,247.585,-25.7803,,-1.68917
39.8903,245.878,-26.1793,,-1.72078
39.9003,244.144,-26.5613,,-1.74468
39.9103,242.388,-26.9366,,-1.76487
39.9203,240.609,-27.2943,,-1.79185
39.9304,238.803,-27.6422,,-1.81717
39.9404,236.973,-27.9732,,-1.84084
39.9504,235.121,-28.2964,,-1.86121
39.9604,233.246,-28.6075,,-1.88562
39.9704,231.346,-28.9081,,-1.91063
39.9803,229.423,-29.1966,,-1.93523
39.9903,227.477,-29.4733,,-1.95243
40.0003,225.512,-29.7267,,-1.9782
40.0103,223.52,-30.0027,,-2.00039
40.0203,221.508,-30.2311,,-2.02171
40.0303,219.475,-30.465,,-2.04328
40.0403,217.418,-30.6985,,-2.06749
40.0504,215.338,-30.9237,,-2.09081
40.0604,213.238,-31.1417,,-2.10571
40.0704,211.12,-31.3379,,-2.13143
40.0804,208.974,-31.5365,,-2.15486
40.0904,206.81,-31.7284,,-2.17347
40.1003,204.626,-31.8928,,-2.19133
40.1103,202.421,-32.0624,,-2.21597
40.1203,200.196,-32.2365,,-2.23294
40.1303,197.953,-32.4017,,-2.2518
40.1403,195.69,-32.553,,-2.27015
40.1503,193.406,-32.708,,-2.29625
40.1603,191.1,-32.8488,,-2.31517
40.1703,188.777,-32.9819,,-2.32951
40.1804,186.436,-33.1066,,-2.35085
40.1904,184.074,-33.2377,,-2.36966
40.2004,181.694,-33.3558,,-2.39005
40.2104,179.299,-33.4684,,-2.39534
40.2204,176.893,-33.5919,,-2.42031
40.2303,174.451,-33.6888,,-2.4508
40.2403,172,-33.7928,,-2.45644
40.2503,169.534,-33.8933,,-2.474
40.2603,167.05,-33.9862,,-2.49187
40.2703,164.55,-34.0843,,-2.50644
40.2803,162.035,-34.1747,,-2.52132
40.2903,159.506,-34.255,,-2.53791
40.3004,156.954,-34.3408,,-2.56257
40.3104,154.384,-34.4062,,-2.57356
40.3204,151.804,-34.4831,,-2.5867
40.3304,149.209,-34.5534,,-2.60218
40.3404,146.6,-34.6273,,-2.61618
40.3503,143.974,-34.6928,,-2.63136
40.3603,141.335,-34.7629,,-2.64646
40.3703,138.681,-34.822,,-2.65944
40.3803,136.014,-34.8702,,-2.67289
40.3903,133.332,-34.9202,,-2.69001
40.4003,130.637,-34.972,,-2.69922
40.4103,127.93,-35.021,,-2.71366
40.4203,125.209,-35.0725,,-2.72634
40.4304,122.476,-35.1362,,-2.739
40.4404,119.73,-35.1713,,-2.75085
40.4504,116.973,-35.2202,,-2.76181
40.4604,114.205,-35.2543,,-2.77286
40.4704,111.428,-35.2877,,-2.78248
40.4803,108.635,-35.3236,,-2.80084
40.4903,105.83,-35.3623,,-2.80727
40.5003,103.018,-35.3997,,-2.81658
40.5103,100.195,-35.4282,,-2.82837
40.5203,97.3611,-35.4609,,-2.83781
40.5303,94.5186,-35.4859,,-2.84596
40.5403,91.6662,-35.5133,,-2.85798
40.5504,88.8039,-35.5405,,-2.86576
40.5604,85.9334,-35.5732,,-2.87455
40.5704,83.0543,-35.5959,,-2.88213
40.5804,80.1679,-35.6133,,-2.88984
40.5904,77.2731,-35.6431,,-2.89902
40.6003,74.3706,-35.6517,,-2.9059
40.6103,71.4595,-35.6759,,-2.9143
40.6203,68.5413,-35.695,,-2.9215
40.6303,65.6164,-35.7077,,-2.92786
40.6403,62.6853,-35.7338,,-2.93389
40.6503,59.7477,-35.7406,,-2.93989
40.6603,56.8047,-35.7572,,-2.94575
40.6703,53.8563,-35.7644,,-2.95084
40.6804,50.902,-35.7702,,-2.95719
40.6904,47.9422,-35.7904,,-2.96212
40.7004,44.9773,-35.795,,-2.96628
40.7104,42.009,-35.8003,,-2.97043
40.7204,39.0361,-35.8135,,-2.975
40.7303,36.059,-35.8178,,-2.9785
40.7403,33.0788,-35.829,,-2.98152
40.7503,30.0952,-35.8338,,-2.98529
40.7603,27.1084,-35.8354,,-2.98801
40.7703,24.1189,-35.8366,,-2.99081
40.7803,21.127,-35.8424,,-2.99266
40.7903,18.1328,-35.8414,,-2.99522
40.8004,15.1373,-35.8434,,-2.9962
40.8104,12.1402,-35.842,,-2.9978
40.8204,9.14149,-35.8463,,-2.99926
40.8304,6.14173,-35.8435,,-2.99961
40.8404,3.14179,-35.8336,,-3.00053
40.8503,0.141366,-35.837,,-3.00038
40.8603,-2.85901,-35.8296,,-3.00041
40.8703,-5.85902,-35.8252,,-2.99954
40.8803,-8.85869,-35.8172,,-2.99935
40.8903,-11.8574,-35.8163,,-2.9983
40.9003,-14.855,-35.8073,,-2.99726
40.9103,-17.8507,-35.7993,,-2.99459
40.9203,-20.8448,-35.7938,,-2.99331
40.9304,-23.8368,-35.779,,-2.99054
40.9404,-26.8263,-35.7774,,-2.98909
40.9504,-29.8138,-35.7557,,-2.98613
40.9604,-32.7976,-35.7526,,-2.98216
40.9704,-35.7785,-35.7338,,-2.97909
40.9803,-38.7553,-35.7269,,-2.97551
40.9903,-41.729,-35.7093,,-2.97211
41.0003,-44.6986,-35.7033,,-2.96742
41.0103,-47.6631,-35.6817,,-2.96191
41.0203,-50.6228,-35.6675,,-2.95778
41.0303,-53.5778,-35.6522,,-2.95324
41.0403,-56.5283,-35.6367,,-2.94734
41.0504,-59.4718,-35.6133,,-2.94092
41.0604,-62.4094,-35.5921,,-2.93469
41.0704,-65.341,-35.5759,,-2.92899
41.0804,-68.266,-35.5486,,-2.92188
41.0904,-71.1843,-35.5334,,-2.91501
41.1003,-74.0957,-35.5148,,-2.90848
41.1103,-76.9996,-35.5012,,-2.89934
41.1203,-79.894,-35.4686,,-2.89202
41.1303,-82.7825,-35.4414,,-2.88523
41.1403,-85.6627,-35.4225,,-2.87536
41.1503,-88.5336,-35.3873,,-2.86674
41.1603,-91.3961,-35.372,,-2.85926
41.1703,-94.2496,-35.3373,,-2.84915
41.1804,-97.0932,-35.3194,,-2.839
41.1904,-99.9273,-35.2895,,-2.83009
41.2004,-102.752,-35.2603,,-2.82016
41.2104,-105.568,-35.2326,,-2.81064
41.2204,-108.37,-35.195,,-2.79624
41.2303,-111.161,-35.1574,,-2.78811
41.2403,-113.943,-35.1303,,-2.776
41.2503,-116.712,-35.0985,,-2.76416
41.2603,-119.47,-35.068,,-2.75237
41.2703,-122.217,-35.0391,,-2.74168
41.2803,-124.952,-35.0022,,-2.73149
41.2903,-127.675,-34.9644,,-2.71461
41.3004,-130.383,-34.9311,,-2.70243
41.3104,-133.078,-34.8876,,-2.69083
41.3204,-135.762,-34.8494,,-2.67602
41.3304,-138.43,-34.8172,,-2.66176
41.3404,-141.084,-34.7713,,-2.64785
41.3503,-143.725,-34.7389,,-2.63496
41.3603,-146.352,-34.7014,,-2.62042
41.3703,-148.963,-34.6529,,-2.60478
41.3803,-151.561,-34.6197,,-2.59104
41.3903,-154.143,-34.5708,,-2.5746
41.4003,-156.709,-34.5172,,-2.56084
41.4103,-159.262,-34.476,,-2.54263
41.4203,-161.793,-34.4334,,-2.52547
41.4304,-164.313,-34.384,,-2.51386
41.4404,-166.816,-34.3429,,-2.49352
41.4504,-169.3,-34.303,,-2.47695
41.4604,-171.77,-34.234,,-2.46381
41.4704,-174.218,-34.1979,,-2.43831
41.4803,-176.656,-34.1349,,-2.43346
41.4903,-179.073,-34.0812,,-2.40782
41.5003,-181.473,-34.0475,,-2.38941
41.5103,-183.851,-33.9897,,-2.3699
41.5203,-186.213,-33.9343,,-2.35563
41.5303,-188.558,-33.8713,,-2.33473
41.5403,-190.881,-33.8185,,-2.31553
41.5504,-193.188,-33.7539,,-2.29692
41.5604,-195.473,-33.6947,,-2.27753
41.5704,-197.741,-33.6485,,-2.2568
41.5804,-199.984,-33.587,,-2.23494
41.5904,-202.21,-33.528,,-2.21818
41.6003,-204.417,-33.4678,,-2.19797
41.6103,-206.603,-33.3872,,-2.17787
41.6203,-208.77,-33.3238,,-2.15712
41.6303,-210.915,-33.2595,,-2.1333
41.6403,-213.038,-33.2022,,-2.11688
41.6503,-215.143,-33.1344,,-2.09244
41.6603,-217.222,-33.0708,,-2.07077
41.6703,-219.281,-32.9975,,-2.04811
41.6804,-221.317,-32.9299,,-2.02568
41.6904,-223.335,-32.8446,,-2.01155
41.7004,-225.329,-32.7769,,-1.97924
41.7104,-227.297,-32.7037,,-1.95845
41.7204,-229.241,-32.6336,,-1.93519
41.7303,-231.171,-32.5611,,-1.92069
41.7403,-233.071,-32.4744,,-1.88775
41.7503,-234.949,-32.4011,,-1.8664
41.7603,-236.803,-32.3207,,-1.84617
41.7703,-238.634,-32.2294,,-1.81748
41.7803,-240.436,-32.1398,,-1.79116
41.7903,-242.219,-32.0743,,-1.77407
41.8004,-243.98,-31.9866,,-1.75233
41.8104,-245.715,-31.8897,,-1.71975
41.8204,-247.422,-31.7996,,-1.69713
41.8304,-249.109,-31.7164,,-1.67961
41.8404,-250.772,-31.6213,,-1.64842
41.8503,-252.407,-31.5266,,-1.62315
41.8603,-254.011,-31.4233,,-1.59422
41.8703,-255.604,-31.3342,,-1.58281
41.8803,-257.162,-31.2413,,-1.54026
41.8903,-258.688,-31.1386,,-1.517
41.9003,-260.198,-31.0359,,-1.50105
41.9103,-261.678,-30.9297,,-1.466
41.9203,-263.132,-30.8143,,-1.4429
41.9304,-264.56,-30.7152,,-1.41569
41.9404,-265.963,-30.6095,,-1.39331
41.9504,-267.341,-30.491,,-1.36396
41.9604,-268.692,-30.3791,,-1.34233
41.9704,-270.015,-30.25,,-1.30546
41.9803,-271.306,-30.1328,,-1.27938
41.9903,-272.57,-30.0187,,-1.2535
42.0003,-273.814,-29.8843,,-1.23459
42.0103,-275.029,-29.7649,,-1.19707
42.0203,-276.211,-29.6327,,-1.17073
42.0303,-277.368,-29.4931,,-1.14563
42.0403,-278.499,-29.3643,,-1.11901
42.0504,-279.603,-29.2193,,-1.09072
42.0604,-280.676,-29.0925,,-1.05969
42.0704,-281.723,-28.9374,,-1.03611
42.0804,-282.744,-28.7878,,-1.00582
42.0904,-283.731,-28.6349,,-0.9765
42.1003,-284.694,-28.4792,,-0.951016
42.1103,-285.631,-28.3167,,-0.923952
42.1203,-286.536,-28.1521,,-0.889552
42.1303,-287.41,-27.9961,,-0.862863
42.1403,-288.259,-27.8161,,-0.836406
42.1503,-289.076,-27.639,,-0.80116
42.1603,-289.863,-27.4545,,-0.775987
42.1703,-290.622,-27.2729,,-0.745595
42.1804,-291.354,-27.0781,,-0.720903
42.1904,-292.058,-26.8776,,-0.68876
42.2004,-292.734,-26.6786,,-0.666747
42.2104,-293.38,-26.4616,,-0.627671
42.2204,-293.992,-26.232,,-0.599076
42.2303,-294.575,-26.0291,,-0.572443
42.2403,-295.131,-25.799,,-0.541654
42.2503,-295.655,-25.5677,,-0.509808
42.2603,-296.151,-25.312,,-0.483052
42.2703,-296.618,-25.05,,-0.455403
42.2803,-297.057,-24.7887,,-0.423687
42.2903,-297.463,-24.5082,,-0.392055
42.3004,-297.841,-24.2355,,-0.367396
42.3104,-298.191,-23.9356,,-0.334623
42.3204,-298.509,-23.6304,,-0.305731
42.3304,-298.798,-23.3132,,-0.274733
42.3404,-299.057,-22.9759,,-0.245547
42.3503,-299.284,-22.6289,,-0.213177
42.3603,-299.483,-22.2651,,-0.185971
42.3703,-299.651,-21.8883,,-0.152602
42.3803,-299.788,-21.5032,,-0.126006
42.3903,-299.897,-21.0806,,-0.0923434
42.4003,-299.977,-20.6655,,-0.0661181
42.4103,-300.025,-20.2143,,-0.0479412
42.4203,-300.063,-19.7338,,-0.018187
42.4304,-300.04,-19.2455,,0.04986
42.4404,-299.993,-18.7211,,0.0487628
42.4504,-299.924,-18.1724,,0.0859799
42.4604,-299.821,-17.601,,0.115194
42.4704,-299.691,-17.0079,,0.145541
42.4803,-299.528,-16.3734,,0.175407
42.4903,-299.336,-15.7161,,0.205947
42.5003,-299.114,-15.0304,,0.233165
42.5103,-298.865,-14.3016,,0.262845
42.5203,-298.584,-13.5471,,0.296101
42.5303,-298.274,-12.7562,,0.323167
42.5403,-297.934,-11.9395,,0.35291
42.5504,-297.565,-11.0827,,0.381396
42.5604,-297.164,-10.2003,,0.416203
42.5704,-296.735,-9.29845,,0.441409
42.5804,-296.276,-8.36135,,0.472892
42.5904,-295.786,-7.40867,,0.501249
42.6003,-295.27,-6.43155,,0.531174
42.6103,-294.72,-5.42438,,0.563897
42.6203,-294.142,-4.41271,,0.588228
42.6303,-293.536,-3.3963,,0.62178
42.6403,-292.899,-2.38125,,0.650128
42.6503,-292.234,-1.36285,,0.67532
42.6603,-291.54,-0.338466,,0.71309
42.6703,-290.81,0.673345,,0.739624
42.6804,-290.058,1.68794,,0.764466
42.6904,-289.277,2.68907,,0.794086
42.7004,-288.465,3.67779,,0.825824
42.7104,-287.624,4.65096,,0.853694
42.7204,-286.755,5.61015,,0.88225
42.7303,-285.859,6.55034,,0.907551
42.7403,-284.935,7.45977,,0.938063
42.7503,-283.98,8.35814,,0.968545
42.7603,-282.996,9.23827,,0.996064
42.7703,-281.984,10.0944,,1.02291
42.7803,-280.949,10.9364,,1.04943
42.7903,-279.88,11.7593,,1.08215
42.8004,-278.784,12.5635,,1.10679
42.8104,-277.662,13.3406,,1.13451
42.8204,-276.51,14.0985,,1.16616
42.8304,-275.331,14.8301,,1.19127
42.8404,-274.124,15.5579,,1.21843
42.8503,-272.891,16.2582,,1.24549
42.8603,-271.63,16.9491,,1.27375
42.8703,-270.341,17.6143,,1.30074
42.8803,-269.025,18.2523,,1.32846
42.8903,-267.685,18.879,,1.3506
42.9003,-266.318,19.4975,,1.38083
42.9103,-264.919,20.0948,,1.41159
42.9203,-263.496,20.6819,,1.43333
42.9304,-262.048,21.2387,,1.46042
42.9404,-260.575,21.7716,,1.4849
42.9504,-259.074,22.2908,,1.51149
42.9604,-257.547,22.7988,,1.54097
42.9704,-255.993,23.3053,,1.56434
42.9803,-254.417,23.7795,,1.5851
42.9903,-252.816,24.2395,,1.61379
43.0003,-251.188,24.6945,,1.64043
43.0103,-249.532,25.1273,,1.66869
43.0203,-247.851,25.55,,1.6907
43.0303,-246.148,25.9347,,1.71279
43.0403,-244.421,26.3253,,1.73863
43.0504,-242.67,26.7062,,1.76131
43.0604,-240.893,27.0706,,1.78998
43.0704,-239.091,27.4283,,1.81187
43.0804,-237.266,27.759,,1.83627
43.0904,-235.415,28.0748,,1.85993
43.1003,-233.544,28.4076,,1.88172
43.1103,-231.651,28.6876,,1.90276
43.1203,-229.733,28.9807,,1.9307
43.1303,-227.79,29.2582,,1.95189
43.1403,-225.827,29.5305,,1.97402
43.1503,-223.839,29.7958,,1.99732
43.1603,-221.83,30.0374,,2.01868
43.1703,-219.8,30.2785,,2.04084
43.1804,-217.746,30.5202,,2.06427
43.1904,-215.67,30.7247,,2.08445
43.2004,-213.575,30.9386,,2.10449
43.2104,-211.456,31.1439,,2.12964
43.2204,-209.317,31.3412,,2.14671
43.2303,-207.157,31.5258,,2.17176
43.2403,-204.975,31.713,,2.18818
43.2503,-202.774,31.8946,,2.21385
43.2603,-200.551,32.0581,,2.23032
43.2703,-198.31,32.2094,,2.24964
43.2803,-196.047,32.3707,,2.27325
43.2903,-193.766,32.5091,,2.28753
43.3004,-191.466,32.6606,,2.30999
43.3104,-189.147,32.8008,,2.32877
43.3204,-186.807,32.9418,,2.34717
43.3304,-184.451,33.0516,,2.36383
43.3404,-182.077,33.1772,,2.38201
43.3503,-179.679,33.2938,,2.40845
43.3603,-177.272,33.4042,,2.41284
43.3703,-174.839,33.5081,,2.43845
43.3803,-172.395,33.6254,,2.45515
43.3903,-169.931,33.7212,,2.47268
43.4003,-167.45,33.8092,,2.4854
43.4103,-164.953,33.9021,,2.50727
43.4203,-162.435,33.9914,,2.52574
43.4304,-159.905,34.0744,,2.53323
43.4404,-157.36,34.162,,2.55626
43.4504,-154.796,34.2326,,2.57006
43.4604,-152.217,34.3156,,2.58569
43.4704,-149.623,34.3859,,2.60142
43.4803,-147.014,34.4428,,2.61406
43.4903,-144.393,34.522,,2.62866
43.5003,-141.755,34.5804,,2.64372
43.5103,-139.105,34.6292,,2.65613
43.5203,-136.439,34.7001,,2.67333
43.5303,-133.76,34.7591,,2.68514
43.5403,-131.066,34.8029,,2.69975
43.5504,-128.36,34.8615,,2.71025
43.5604,-125.643,34.9086,,2.7242
43.5704,-122.911,34.9495,,2.73716
43.5804,-120.167,34.9965,,2.74902
43.5904,-117.412,35.0427,,2.76014
43.6003,-114.645,35.0907,,2.77278
43.6103,-111.867,35.1177,,2.78381
43.6203,-109.077,35.1603,,2.79347
43.6303,-106.277,35.1912,,2.80512
43.6403,-103.465,35.2219,,2.81652
43.6503,-100.647,35.264,,2.82306
43.6603,-97.8145,35.2983,,2.8371
43.6703,-94.9725,35.3317,,2.84677
43.6804,-92.1207,35.3559,,2.85523
43.6904,-89.2607,35.3827,,2.86446
43.7004,-86.3916,35.4008,,2.87275
43.7104,-83.5137,35.4185,,2.88196
43.7204,-80.628,35.4483,,2.88894
43.7303,-77.7355,35.4715,,2.89696
43.7403,-74.8322,35.491,,2.90672
43.7503,-71.9221,35.521,,2.91225
43.7603,-69.0058,35.5316,,2.92043
43.7703,-66.0831,35.5549,,2.9247
43.7803,-63.1536,35.5553,,2.93354
43.7903,-60.2165,35.5713,,2.93911
43.8004,-57.2737,35.5813,,2.9457
43.8104,-54.3261,35.5966,,2.94983
43.8204,-51.3726,35.6146,,2.95636
43.8304,-48.4137,35.6272,,2.96059
43.8404,-45.4504,35.6409,,2.96539
43.8503,-42.4825,35.6533,,2.96997
43.8603,-39.5104,35.6574,,2.97417
43.8703,-36.5339,35.6591,,2.97818
43.8803,-33.5538,35.6541,,2.98139
43.8903,-30.5707,35.655,,2.98423
43.9003,-27.5847,35.6603,,2.98802
43.9103,-24.595,35.6753,,2.99123
43.9203,-21.603,35.6827,,2.99202
43.9304,-18.61,35.6843,,2.99402
43.9404,-15.6143,35.6913,,2.99677
43.9504,-12.6173,35.6787,,2.99753
43.9604,-9.61896,35.6678,,2.99893
43.9704,-6.6195,35.6621,,2.99962
43.9803,-3.6196,35.6698,,3.00011
43.9903,-0.61926,35.6674,,3.00064
44.0003,2.38128,35.6713,,3.00051
44.0103,5.38128,35.6651,,2.9996
44.0203,8.38101,35.6617,,2.99915
44.0303,11.3798,35.6482,,2.99845
44.0403,14.3773,35.6349,,2.99724
44.0504,17.3737,35.6264,,2.99562
44.0604,20.3682,35.6195,,2.99379
44.0704,23.3611,35.6141,,2.99156
44.0804,26.351,35.612,,2.98877
44.0904,29.3382,35.5944,,2.98586
44.1003,32.3227,35.5869,,2.98341
44.1103,35.3042,35.5673,,2.97974
44.1203,38.2824,35.5493,,2.97665
44.1303,41.2564,35.542,,2.97186
44.1403,44.2257,35.5191,,2.96756
44.1503,47.1915,35.506,,2.96402
44.1603,50.1523,35.5011,,2.95799
44.1703,53.1075,35.4782,,2.95281
44.1804,56.0575,35.461,,2.94846
44.1904,59.0031,35.4358,,2.9431
44.2004,61.9421,35.4242,,2.93462
44.2104,64.8742,35.3992,,2.93051
44.2204,67.8008,35.3807,,2.92311
44.2303,70.7197,35.3654,,2.91589
44.2403,73.6322,35.3413,,2.90939
44.2503,76.5374,35.3178,,2.90163
44.2603,79.4344,35.2918,,2.89274
44.2703,82.3228,35.2752,,2.88549
44.2803,85.2046,35.2445,,2.87862
44.2903,88.0783,35.2161,,2.86863
44.3004,90.941,35.1955,,2.8596
44.3104,93.7994,35.1679,,2.85575
44.3204,96.6443,35.1373,,2.83666
44.3304,99.4773,35.1106,,2.82992
44.3404,102.302,35.0833,,2.82039
44.3503,105.119,35.0613,,2.81387
44.3603,107.925,35.0178,,2.79895
44.3703,110.718,34.9958,,2.78853
44.3803,113.501,34.9587,,2.77925
44.3903,116.275,34.9282,,2.76818
44.4003,119.034,34.9012,,2.75291
44.4103,121.781,34.8557,,2.74158
44.4203,124.518,34.8286,,2.73357
44.4304,127.243,34.7949,,2.7162
44.4404,129.951,34.7582,,2.7036
44.4504,132.649,34.7168,,2.692
44.4604,135.333,34.6821,,2.67907
44.4704,138.005,34.6367,,2.66486
44.4803,140.662,34.6011,,2.65002
44.4903,143.304,34.5605,,2.63716
44.5003,145.934,34.5253,,2.6227
44.5103,148.549,34.4826,,2.60947
44.5203,151.149,34.4364,,2.59157
44.5303,153.733,34.3985,,2.57764
44.5403,156.301,34.3503,,2.56227
44.5504,158.856,34.3079,,2.54626
44.5604,161.391,34.258,,2.52675
44.5704,163.912,34.221,,2.51565
44.5804,166.418,34.1668,,2.4971
44.5904,168.905,34.1129,,2.47949
44.6003,171.377,34.0726,,2.46588
44.6103,173.833,34.0211,,2.45112
44.6203,176.275,33.9671,,2.43133
44.6303,178.693,33.9183,,2.40532
44.6403,181.087,33.8637,,2.38875
44.6503,183.47,33.8109,,2.37719
44.6603,185.837,33.7502,,2.35702
44.6703,188.183,33.7142,,2.33795
44.6804,190.512,33.6507,,2.3204
44.6904,192.82,33.5914,,2.2993
44.7004,195.108,33.5355,,2.27873
44.7104,197.379,33.4717,,2.26338
44.7204,199.631,33.4215,,2.24193
44.7303,201.858,33.3569,,2.21845
44.7403,204.068,33.2902,,2.20043
44.7503,206.255,33.2231,,2.17864
44.7603,208.426,33.1674,,2.16224
44.7703,210.575,33.1073,,2.1385
44.7803,212.702,33.0299,,2.11566
44.7903,214.805,32.9726,,2.09372
44.8004,216.889,32.904,,2.07776
44.8104,218.954,32.8358,,2.05333
44.8204,220.995,32.7628,,2.02858
44.8304,223.01,32.6809,,2.00778
44.8404,225.008,32.6204,,1.98981
44.8503,226.985,32.5458,,1.96324
44.8603,228.934,32.458,,1.9397
44.8703,230.866,32.3856,,1.92465
44.8803,232.771,32.313,,1.88953
44.8903,234.649,32.2398,,1.86981
44.9003,236.505,32.1516,,1.84421
44.9103,238.341,32.0749,,1.82825
44.9203,240.155,31.9979,,1.80195
44.9304,241.94,31.9057,,1.77287
44.9404,243.706,31.8155,,1.75844
44.9504,245.443,31.7305,,1.72037
44.9604,247.151,31.6384,,1.69848
44.9704,248.839,31.5562,,1.6795
44.9803,250.505,31.4611,,1.65404
44.9903,252.142,31.3657,,1.62343
45.0003,253.757,31.2724,,1.60844
45.0103,255.351,31.1756,,1.57943
45.0203,256.911,31.078,,1.54564
45.0303,258.444,30.9692,,1.52448
45.0403,259.961,30.8632,,1.51146
45.0504,261.45,30.7756,,1.46665
45.0604,262.905,30.6627,,1.44785
45.0704,264.336,30.5518,,1.41608
45.0804,265.738,30.4445,,1.39279
45.0904,267.12,30.3228,,1.3725
45.1003,268.475,30.2107,,1.33958
45.1103,269.803,30.0907,,1.31731
45.1203,271.101,29.9871,,1.28433
45.1303,272.373,29.8543,,1.26214
45.1403,273.621,29.7238,,1.23542
45.1503,274.838,29.5994,,1.20154
45.1603,276.025,29.4641,,1.17576
45.1703,277.186,29.3351,,1.14778
45.1804,278.322,29.2013,,1.12721
45.1904,279.43,29.0741,,1.09228
45.2004,280.509,28.9267,,1.06807
45.2104,281.56,28.7819,,1.03627
45.2204,282.583,28.6255,,1.01216
45.2303,283.576,28.4786,,0.978767
45.2403,284.541,28.3151,,0.952516
45.2503,285.478,28.1567,,0.924793
45.2603,286.388,27.9944,,0.896978
45.2703,287.268,27.8398,,0.866701
45.2803,288.119,27.6622,,0.83873
45.2903,288.941,27.4825,,0.808273
45.3004,289.737,27.2959,,0.784202
45.3104,290.505,27.1151,,0.758677
45.3204,291.247,26.9107,,0.720822
45.3304,291.947,26.7147,,0.688022
45.3404,292.624,26.518,,0.667775
45.3503,293.274,26.3057,,0.633323
45.3603,293.891,26.0961,,0.605805
45.3703,294.481,25.881,,0.577305
45.3803,295.041,25.6519,,0.546846
45.3903,295.573,25.4035,,0.516292
45.4003,296.075,25.1481,,0.491548
45.4103,296.547,24.8947,,0.458079
45.4203,296.989,24.6323,,0.428514
45.4304,297.402,24.3731,,0.39811
45.4404,297.786,24.0859,,0.372472
45.4504,298.139,23.7923,,0.337614
45.4604,298.459,23.4823,,0.307297
45.4704,298.751,23.1607,,0.280838
45.4803,299.018,22.8343,,0.252618
45.4903,299.251,22.4884,,0.217706
45.5003,299.452,22.1369,,0.187689
45.5103,299.627,21.753,,0.163633
45.5203,299.771,21.3701,,0.130471
45.5303,299.885,20.9547,,0.0970073
45.5403,299.967,20.5263,,0.0705293
45.5504,300.017,20.0791,,0.043429
45.5604,300.06,19.6056,,0.0285443
45.5704,300.044,19.1231,,-0.0450607
45.5804,300,18.6017,,-0.0484102
45.5904,299.936,18.0563,,-0.0746082
45.6003,299.845,17.4903,,-0.108101
45.6103,299.714,16.8851,,-0.143583
45.6203,299.557,16.2568,,-0.169689
45.6303,299.371,15.6079,,-0.200018
45.6403,299.154,14.9057,,-0.231302
45.6503,298.907,14.2024,,-0.259224
45.6603,298.631,13.4351,,-0.290125
45.6703,298.324,12.6568,,-0.31954
45.6804,297.989,11.8413,,-0.348046
45.6904,297.623,10.9865,,-0.380496
45.7004,297.228,10.1081,,-0.408889
45.7104,296.803,9.19133,,-0.436714
45.7204,296.349,8.26381,,-0.468346
45.7303,295.866,7.30455,,-0.494578
45.7403,295.354,6.32747,,-0.527852
45.7503,294.808,5.33075,,-0.559151
45.7603,294.234,4.31633,,-0.584462
45.7703,293.637,3.30348,,-0.613576
45.7803,293.002,2.27594,,-0.647868
45.7903,292.34,1.25373,,-0.671364
45.8004,291.654,0.221055,,-0.702692
45.8104,290.931,-0.800262,,-0.736718
45.8204,290.18,-1.81629,,-0.764292
45.8304,289.402,-2.82096,,-0.787984
45.8404,288.599,-3.80732,,-0.814484
45.8503,287.764,-4.78196,,-0.852329
45.8603,286.897,-5.75203,,-0.878589
45.8703,286.006,-6.69721,,-0.901787
45.8803,285.085,-7.62301,,-0.937749
45.8903,284.133,-8.53031,,-0.962108
45.9003,283.155,-9.41957,,-0.991705
45.9103,282.147,-10.2774,,-1.01969
45.9203,281.114,-11.1299,,-1.04586
45.9304,280.052,-11.9446,,-1.07458
45.9404,278.963,-12.754,,-1.10066
45.9504,277.845,-13.5546,,-1.13503
45.9604,276.694,-14.3155,,-1.16108
45.9704,275.519,-15.0552,,-1.1883
45.9803,274.315,-15.7861,,-1.21355
45.9903,273.086,-16.4939,,-1.24227
46.0003,271.83,-17.1809,,-1.26778
46.0103,270.55,-17.8648,,-1.29142
46.0203,269.24,-18.5147,,-1.32407
46.0303,267.903,-19.1525,,-1.34493
46.0403,266.541,-19.7597,,-1.3816
46.0504,265.143,-20.3536,,-1.40641
46.0604,263.724,-20.9426,,-1.43204
46.0704,262.278,-21.513,,-1.45589
46.0804,260.81,-22.0681,,-1.48085
46.0904,259.312,-22.604,,-1.50778
46.1003,257.793,-23.1072,,-1.53161
46.1103,256.246,-23.6009,,-1.55851
46.1203,254.672,-24.0982,,-1.58573
46.1303,253.076,-24.559,,-1.60571
46.1403,251.45,-25.018,,-1.64135
46.1503,249.795,-25.4391,,-1.66517
46.1603,248.122,-25.8752,,-1.68296
46.1703,246.423,-26.2792,,-1.71023
46.1804,244.697,-26.6819,,-1.73789
46.1904,242.949,-27.0563,,-1.75661
46.2004,241.181,-27.4283,,-1.78008
46.2104,239.382,-27.7685,,-1.81248
46.2204,237.556,-28.1074,,-1.83509
46.2303,235.711,-28.4311,,-1.85393
46.2403,233.846,-28.7442,,-1.87465
46.2503,231.955,-29.0603,,-1.90394
46.2603,230.039,-29.3552,,-1.92507
46.2703,228.108,-29.6425,,-1.93467
46.2803,226.153,-29.9019,,-1.97715
46.2903,224.161,-30.1721,,-2.00076
46.3004,222.149,-30.4165,,-2.01798
46.3104,220.129,-30.638,,-2.02753
46.3204,218.08,-30.879,,-2.06504
46.3304,216.003,-31.1061,,-2.08449
46.3404,213.909,-31.3305,,-2.10448
46.3503,211.793,-31.535,,-2.12257
46.3603,209.659,-31.7314,,-2.14504
46.3703,207.502,-31.9359,,-2.16694
46.3803,205.324,-32.0996,,-2.18637
46.3903,203.126,-32.2719,,-2.2087
46.4003,200.906,-32.4327,,-2.22652
46.4103,198.669,-32.6048,,-2.24757
46.4203,196.411,-32.7664,,-2.26562
46.4304,194.139,-32.9305,,-2.27925
46.4404,191.841,-33.0678,,-2.31226
46.4504,189.519,-33.2078,,-2.3277
46.4604,187.182,-33.3351,,-2.34595
46.4704,184.827,-33.4551,,-2.36021
46.4803,182.457,-33.5625,,-2.38115
46.4903,180.066,-33.694,,-2.39778
46.5003,177.652,-33.81,,-2.42691
46.5103,175.225,-33.9223,,-2.42656
46.5203,172.784,-34.0252,,-2.45277
46.5303,170.324,-34.1302,,-2.46845
46.5403,167.844,-34.2175,,-2.48719
46.5504,165.349,-34.3033,,-2.50274
46.5604,162.836,-34.4025,,-2.521
46.5704,160.308,-34.4827,,-2.5324
46.5804,157.769,-34.5726,,-2.54801
46.5904,155.207,-34.6479,,-2.57138
46.6003,152.628,-34.7284,,-2.58352
46.6103,150.038,-34.7888,,-2.59771
46.6203,147.432,-34.8626,,-2.61119
46.6303,144.812,-34.9264,,-2.62844
46.6403,142.176,-34.9874,,-2.64139
46.6503,139.527,-35.0571,,-2.65504
46.6603,136.864,-35.1089,,-2.66992
46.6703,134.187,-35.1602,,-2.6827
46.6804,131.497,-35.2205,,-2.69625
46.6904,128.792,-35.268,,-2.71039
46.7004,126.076,-35.3139,,-2.72156
46.7104,123.347,-35.3653,,-2.73523
46.7204,120.605,-35.4136,,-2.74601
46.7303,117.852,-35.4578,,-2.75937
46.7403,115.087,-35.5007,,-2.77062
46.7503,112.312,-35.5359,,-2.77803
46.7603,109.525,-35.5777,,-2.79473
46.7703,106.724,-35.603,,-2.80442
46.7803,103.915,-35.6389,,-2.81418
46.7903,101.095,-35.6798,,-2.82357
46.8004,98.2653,-35.7016,,-2.8359
46.8104,95.424,-35.733,,-2.84492
46.8204,92.5756,-35.759,,-2.85191
46.8304,89.7185,-35.7965,,-2.86134
46.8404,86.85,-35.8148,,-2.87343
46.8503,83.9739,-35.8375,,-2.87856
46.8603,81.0903,-35.8674,,-2.88847
46.8703,78.1971,-35.8812,,-2.8969
46.8803,75.2952,-35.8971,,-2.90505
46.8903,72.3864,-35.9262,,-2.9122
46.9003,69.4709,-35.9327,,-2.91822
46.9103,66.5493,-35.962,,-2.92468
46.9203,63.6202,-35.9676,,-2.93258
46.9304,60.6841,-36.0022,,-2.93857
46.9404,57.7426,-35.9995,,-2.94406
46.9504,54.7958,-36.0123,,-2.94906
46.9604,51.8432,-36.0227,,-2.9552
46.9704,48.8854,-36.0329,,-2.95986
46.9803,45.9231,-36.0453,,-2.96457
46.9903,42.9571,-36.0467,,-2.96803
47.0003,39.9845,-36.0648,,-2.975
47.0103,37.0081,-36.0703,,-2.97746
47.0203,34.0289,-36.0801,,-2.98084
47.0303,31.0461,-36.0843,,-2.98457
47.0403,28.0604,-36.0821,,-2.9868
47.0504,25.0718,-36.0808,,-2.98932
47.0604,22.0809,-36.0908,,-2.99244
47.0704,19.0869,-36.0937,,-2.99492
47.0804,16.0916,-36.0981,,-2.99599
47.0904,13.0948,-36.1003,,-2.99733
47.1003,10.0966,-36.1003,,-2.99863
47.1103,7.09736,-36.0932,,-2.99973
47.1203,4.09748,-36.0868,,-3.00001
47.1303,1.09707,-36.0809,,-3.00068
47.1403,-1.90334,-36.078,,-3.00012
47.1503,-4.90357,-36.0827,,-3.00017
47.1603,-7.90341,-36.0732,,-2.99951
47.1703,-10.9023,-36.0727,,-2.99845
47.1804,-13.9,-36.0553,,-2.99723
47.1904,-16.8965,-36.0559,,-2.99563
47.2004,-19.8913,-36.0539,,-2.994
47.2104,-22.8844,-36.0392,,-2.99256
47.2204,-25.8755,-36.0278,,-2.98977
47.2303,-28.863,-36.0154,,-2.98564
47.2403,-31.8477,-36.0056,,-2.98335
47.2503,-34.8293,-35.9872,,-2.98043
47.2603,-37.8079,-35.9737,,-2.97729
47.2703,-40.7827,-35.9645,,-2.97266
47.2803,-43.753,-35.9547,,-2.96822
47.2903,-46.7187,-35.9427,,-2.96352
47.3004,-49.6802,-35.93,,-2.9601
47.3104,-52.637,-35.9123,,-2.95419
47.3204,-55.5884,-35.8897,,-2.94878
47.3304,-58.5339,-35.8688,,-2.94258
47.3404,-61.4735,-35.8432,,-2.93734
47.3503,-64.4073,-35.8272,,-2.93105
47.3603,-67.3348,-35.8135,,-2.92432
47.3703,-70.2558,-35.7915,,-2.9179
47.3803,-73.1692,-35.7772,,-2.91006
47.3903,-76.0751,-35.7544,,-2.90306
47.4003,-78.9744,-35.7248,,-2.89524
47.4103,-81.8647,-35.7019,,-2.88719
47.4203,-84.7474,-35.6786,,-2.8777
47.4304,-87.6204,-35.6554,,-2.87077
47.4404,-90.4853,-35.6251,,-2.85878
47.4504,-93.3404,-35.6031,,-2.85303
47.4604,-96.189,-35.5747,,-2.84448
47.4704,-99.027,-35.551,,-2.8323
47.4803,-101.853,-35.5182,,-2.82148
47.4903,-104.671,-35.499,,-2.81353
47.5003,-107.477,-35.4632,,-2.80122
47.5103,-110.273,-35.4277,,-2.79093
47.5203,-113.058,-35.3917,,-2.78009
47.5303,-115.834,-35.3649,,-2.77211
47.5403,-118.596,-35.3234,,-2.7548
47.5504,-121.345,-35.2946,,-2.74428
47.5604,-124.083,-35.268,,-2.73341
47.5704,-126.81,-35.2351,,-2.71924
47.5804,-129.521,-35.1951,,-2.70644
47.5904,-132.221,-35.1595,,-2.69458
47.6003,-134.912,-35.1126,,-2.68601
47.6103,-137.584,-35.0783,,-2.66192
47.6203,-140.24,-35.0322,,-2.65279
47.6303,-142.887,-34.9989,,-2.64005
47.6403,-145.517,-34.9662,,-2.62309
47.6503,-148.133,-34.9108,,-2.61003
47.6603,-150.735,-34.8724,,-2.59448
47.6703,-153.321,-34.8397,,-2.5795
47.6804,-155.893,-34.781,,-2.56514
47.6904,-158.45,-34.7448,,-2.55073
47.7004,-160.989,-34.7046,,-2.52967
47.7104,-163.512,-34.6466,,-2.51709
47.7204,-166.02,-34.6025,,-2.49956
47.7303,-168.511,-34.5576,,-2.48481
47.7403,-170.988,-34.4985,,-2.46624
47.7503,-173.444,-34.461,,-2.45276
47.7603,-175.883,-34.4073,,-2.42786
47.7703,-178.305,-34.3555,,-2.4144
47.7803,-180.706,-34.3043,,-2.39288
47.7903,-183.094,-34.2517,,-2.38163
47.8004,-185.461,-34.192,,-2.35721
47.8104,-187.815,-34.1367,,-2.35007
47.8204,-190.147,-34.0821,,-2.31651
47.8304,-192.452,-34.0283,,-2.29828
47.8404,-194.744,-33.9638,,-2.28541
47.8503,-197.019,-33.9148,,-2.2687
47.8603,-199.275,-33.8529,,-2.24237
47.8703,-201.505,-33.78,,-2.22133
47.8803,-203.718,-33.7319,,-2.20429
47.8903,-205.909,-33.6685,,-2.18251
47.9003,-208.082,-33.5947,,-2.16365
47.9103,-210.235,-33.5326,,-2.14617
47.9203,-212.369,-33.4703,,-2.1203
47.9304,-214.474,-33.4031,,-2.09446
47.9404,-216.559,-33.3264,,-2.0775
47.9504,-218.625,-33.2595,,-2.05663
47.9604,-220.671,-33.1952,,-2.03512
47.9704,-222.693,-33.1198,,-2.01769
47.9803,-224.7,-33.0448,,-1.99055
47.9903,-226.672,-32.9786,,-1.95972
48.0003,-228.622,-32.8974,,-1.94443
48.0103,-230.559,-32.8179,,-1.92888
48.0203,-232.469,-32.7333,,-1.89318
48.0303,-234.351,-32.6641,,-1.87423
48.0403,-236.212,-32.5856,,-1.84883
48.0504,-238.048,-32.5004,,-1.82758
48.0604,-239.864,-32.4172,,-1.80302
48.0704,-241.653,-32.3345,,-1.78153
48.0804,-243.424,-32.252,,-1.75991
48.0904,-245.166,-32.155,,-1.72865
48.1003,-246.882,-32.0651,,-1.70427
48.1103,-248.572,-31.9764,,-1.68244
48.1203,-250.245,-31.8912,,-1.65846
48.1303,-251.884,-31.7962,,-1.62661
48.1403,-253.5,-31.6955,,-1.60755
48.1503,-255.094,-31.5916,,-1.5827
48.1603,-256.663,-31.5072,,-1.55647
48.1703,-258.202,-31.4033,,-1.52703
48.1804,-259.717,-31.3024,,-1.50237
48.1904,-261.205,-31.1992,,-1.47757
48.2004,-262.669,-31.0855,,-1.45212
48.2104,-264.107,-30.9801,,-1.42897
48.2204,-265.521,-30.8685,,-1.39948
48.2303,-266.904,-30.7523,,-1.37124
48.2403,-268.261,-30.6417,,-1.34454
48.2503,-269.59,-30.5153,,-1.31685
48.2603,-270.895,-30.4039,,-1.29324
48.2703,-272.171,-30.2839,,-1.26265
48.2803,-273.421,-30.1625,,-1.23993
48.2903,-274.645,-30.0268,,-1.21093
48.3004,-275.84,-29.8914,,-1.18259
48.3104,-277.008,-29.7628,,-1.15335
48.3204,-278.144,-29.6233,,-1.12318
48.3304,-279.252,-29.4934,,-1.09758
48.3404,-280.337,-29.3605,,-1.07188
48.3503,-281.394,-29.2103,,-1.04749
48.3603,-282.423,-29.0574,,-1.01433
48.3703,-283.426,-28.9035,,-0.989075
48.3803,-284.393,-28.7431,,-0.952081
48.3903,-285.33,-28.5776,,-0.925664
48.4003,-286.245,-28.4174,,-0.904266
48.4103,-287.131,-28.2601,,-0.871078
48.4203,-287.986,-28.0972,,-0.844855
48.4304,-288.821,-27.9127,,-0.821811
48.4404,-289.618,-27.7298,,-0.778397
48.4504,-290.382,-27.5436,,-0.754315
48.4604,-291.123,-27.349,,-0.728783
48.4704,-291.834,-27.1558,,-0.698482
48.4803,-292.517,-26.9523,,-0.668725
48.4903,-293.171,-26.7439,,-0.639734
48.5003,-293.794,-26.5175,,-0.612084
48.5103,-294.389,-26.3007,,-0.580164
48.5203,-294.954,-26.0752,,-0.553508
48.5303,-295.491,-25.8424,,-0.52264
48.5403,-295.995,-25.5957,,-0.490661
48.5504,-296.473,-25.338,,-0.464756
48.5604,-296.92,-25.0788,,-0.432117
48.5704,-297.336,-24.8099,,-0.403905
48.5804,-297.724,-24.5294,,-0.376578
48.5904,-298.082,-24.2241,,-0.340766
48.6003,-298.412,-23.9282,,-0.319484
48.6103,-298.711,-23.5953,,-0.283649
48.6203,-298.978,-23.2686,,-0.255716
48.6303,-299.216,-22.9337,,-0.220978
48.6403,-299.422,-22.5759,,-0.195883
48.6503,-299.599,-22.2065,,-0.162779
48.6603,-299.748,-21.812,,-0.136234
48.6703,-299.867,-21.4011,,-0.104666
48.6804,-299.956,-20.9734,,-0.0791737
48.6904,-300.011,-20.5165,,-0.0374944
48.7004,-300.052,-20.0579,,-0.0354569
48.7104,-300.049,-19.5747,,0.0361855
48.7204,-300.006,-19.0549,,0.0426923
48.7303,-299.948,-18.5273,,0.0716687
48.7403,-299.858,-17.9643,,0.104603
48.7503,-299.735,-17.3493,,0.13775
48.7603,-299.582,-16.7268,,0.164881
48.7703,-299.406,-16.0614,,0.190315
48.7803,-299.194,-15.3776,,0.22663
48.7903,-298.951,-14.6646,,0.255052
48.8004,-298.68,-13.9223,,0.284806
48.8104,-298.379,-13.1538,,0.315733
48.8204,-298.047,-12.3233,,0.341815
48.8304,-297.688,-11.4755,,0.374829
48.8404,-297.296,-10.5959,,0.406642
48.8503,-296.876,-9.67019,,0.431371
48.8603,-296.426,-8.74733,,0.465211
48.8703,-295.944,-7.79275,,0.495089
48.8803,-295.434,-6.81528,,0.521659
48.8903,-294.895,-5.82165,,0.553035
48.9003,-294.328,-4.79452,,0.578666
48.9103,-293.734,-3.77196,,0.607786
48.9203,-293.106,-2.74733,,0.643326
48.9304,-292.447,-1.7151,,0.674054
48.9404,-291.759,-0.689982,,0.696089
48.9504,-291.046,0.346534,,0.729149
48.9604,-290.301,1.35471,,0.756612
48.9704,-289.528,2.37488,,0.785238
48.9803,-288.729,3.36662,,0.811895
48.9903,-287.897,4.35279,,0.848201
49.0003,-287.038,5.32947,,0.869831
49.0103,-286.15,6.28452,,0.900299
49.0203,-285.232,7.21187,,0.934388
49.0303,-284.285,8.13013,,0.955472
49.0403,-283.313,9.01614,,0.987172
49.0504,-282.311,9.89442,,1.01151
49.0604,-281.282,10.7478,,1.04504
49.0704,-280.223,11.581,,1.06872
49.0804,-279.139,12.4034,,1.09824
49.0904,-278.022,13.1941,,1.13099
49.1003,-276.879,13.9588,,1.15473
49.1103,-275.709,14.7149,,1.17948
49.1203,-274.514,15.4538,,1.21151
49.1303,-273.285,16.1699,,1.24004
49.1403,-272.033,16.8701,,1.2605
49.1503,-270.757,17.5455,,1.2918
49.1603,-269.45,18.206,,1.31986
49.1703,-268.115,18.8401,,1.34524
49.1804,-266.756,19.4637,,1.37181
49.1904,-265.367,20.0758,,1.40206
49.2004,-263.951,20.6682,,1.42652
49.2104,-262.512,21.2363,,1.44966
49.2204,-261.048,21.7885,,1.47654
49.2303,-259.556,22.3267,,1.50523
49.2403,-258.039,22.8493,,1.52779
49.2503,-256.494,23.3578,,1.55775
49.2603,-254.924,23.843,,1.5821
49.2703,-253.324,24.306,,1.61143
49.2803,-251.705,24.7631,,1.62644
49.2903,-250.061,25.2109,,1.65735
49.3004,-248.389,25.6381,,1.68386
49.3104,-246.694,26.0522,,1.70369
49.3204,-244.977,26.4408,,1.73044
49.3304,-243.231,26.8189,,1.75646
49.3404,-241.461,27.1995,,1.78247
49.3503,-239.667,27.5571,,1.80245
49.3603,-237.85,27.896,,1.82799
49.3703,-236.011,28.2275,,1.85027
49.3803,-234.145,28.5515,,1.87752
49.3903,-232.257,28.8553,,1.89834
49.4003,-230.345,29.1386,,1.92352
49.4103,-228.413,29.4217,,1.93472
49.4203,-226.461,29.706,,1.97183
49.4304,-224.476,29.9783,,1.99182
49.4404,-222.474,30.2181,,2.01118
49.4504,-220.456,30.4679,,2.02352
49.4604,-218.41,30.6979,,2.063
49.4704,-216.335,30.9204,,2.08363
49.4803,-214.242,31.1235,,2.10187
49.4903,-212.131,31.3348,,2.11868
49.5003,-210,31.5443,,2.13915
49.5103,-207.85,31.7361,,2.16309
49.5203,-205.672,31.9214,,2.18717
49.5303,-203.476,32.1,,2.20408
49.5403,-201.26,32.2735,,2.22565
49.5504,-199.025,32.4259,,2.24128
49.5604,-196.772,32.5804,,2.26509
49.5704,-194.495,32.7372,,2.28386
49.5804,-192.203,32.8758,,2.30169
49.5904,-189.889,33.0207,,2.32306
49.6003,-187.556,33.1557,,2.34222
49.6103,-185.202,33.2861,,2.36135
49.6203,-182.833,33.4057,,2.37715
49.6303,-180.444,33.5294,,2.39569
49.6403,-178.039,33.6352,,2.41443
49.6503,-175.618,33.7394,,2.42605
49.6603,-173.177,33.8436,,2.4547
49.6703,-170.716,33.9461,,2.46446
49.6804,-168.241,34.0467,,2.48435
49.6904,-165.747,34.1465,,2.50123
49.7004,-163.238,34.2305,,2.51612
49.7104,-160.712,34.3151,,2.5317
49.7204,-158.172,34.4011,,2.54897
49.7303,-155.613,34.4645,,2.56506
49.7403,-153.04,34.5463,,2.58167
49.7503,-150.451,34.619,,2.59507
49.7603,-147.847,34.6891,,2.61023
49.7703,-145.23,34.7618,,2.62331
49.7803,-142.598,34.8267,,2.6395
49.7903,-139.951,34.888,,2.6531
49.8004,-137.29,34.9339,,2.66723
49.8104,-134.615,34.9956,,2.68241
49.8204,-131.925,35.0428,,2.69398
49.8304,-129.224,35.0963,,2.70701
49.8404,-126.51,35.1493,,2.71944
49.8503,-123.783,35.2077,,2.73377
49.8603,-121.044,35.2413,,2.74418
49.8703,-118.292,35.2996,,2.75733
49.8803,-115.529,35.3255,,2.76897
49.8903,-112.755,35.3638,,2.77649
49.9003,-109.97,35.3995,,2.79282
49.9103,-107.171,35.4373,,2.80206
49.9203,-104.363,35.4753,,2.81417
49.9304,-101.545,35.5157,,2.82098
49.9404,-98.7166,35.5394,,2.83465
49.9504,-95.8775,35.5786,,2.84258
49.9604,-93.0295,35.5982,,2.85254
49.9704,-90.1725,35.6261,,2.85924
49.9803,-87.3084,35.6469,,2.87079
49.9903,-84.4321,35.6754,,2.87862
50.0003,-81.5502,35.701,,2.88664
50.0103,-78.6578,35.7198,,2.89519
50.0203,-75.758,35.7444,,2.90351
50.0303,-72.8506,35.7647,,2.91081
50.0403,-69.9363,35.7771,,2.91774
50.0504,-67.0152,35.7947,,2.92264
50.0604,-64.0881,35.8098,,2.93119
50.0704,-61.1528,35.8295,,2.93831
50.0804,-58.2123,35.8321,,2.94246
50.0904,-55.2668,35.8557,,2.94867
50.1003,-52.3145,35.8657,,2.95466
50.1103,-49.3569,35.874,,2.95968
50.1203,-46.3947,35.8838,,2.9639
50.1303,-43.4283,35.9091,,2.96916
50.1403,-40.4572,35.905,,2.97254
50.1503,-37.4818,35.9132,,2.97715
50.1603,-34.5032,35.9184,,2.98016
50.1703,-31.5213,35.9146,,2.98361
50.1804,-28.5359,35.9193,,2.98655
50.1904,-25.5477,35.9183,,2.98961
50.2004,-22.5565,35.932,,2.99205
50.2104,-19.5636,35.9342,,2.99392
50.2204,-16.5689,35.9319,,2.99551
50.2303,-13.5723,35.9426,,2.99735
50.2403,-10.5742,35.9285,,2.99857
50.2503,-7.575,35.9278,,2.99948
50.2603,-4.57522,35.9267,,3.00012
50.2703,-1.57501,35.9236,,3.00032
50.2803,1.4255,35.9221,,3.00056
50.2903,4.4258,35.9106,,2.99986
50.3004,7.4257,35.9156,,3
50.3104,10.4248,35.9034,,2.99863
50.3204,13.4229,35.8989,,2.99746
50.3304,16.4197,35.8934,,2.99607
50.3404,19.4149,35.8779,,2.99415
50.3503,22.4077,35.8736,,2.99224
50.3603,25.3986,35.8639,,2.98963
50.3703,28.3869,35.8491,,2.98713
50.3803,31.3726,35.8424,,2.98451
50.3903,34.3551,35.8262,,2.98051
50.4003,37.3337,35.8157,,2.97745
50.4103,40.3091,35.7998,,2.97415
50.4203,43.2815,35.7888,,2.96965
50.4304,46.2474,35.7741,,2.9635
50.4404,49.2092,35.7568,,2.96019
50.4504,52.1665,35.733,,2.95503
50.4604,55.1188,35.7183,,2.95004
50.4704,58.0652,35.7035,,2.9428
50.4803,61.0056,35.6824,,2.93861
50.4903,63.9406,35.6661,,2.93227
50.5003,66.8692,35.6435,,2.92576
50.5103,69.7907,35.6222,,2.91747
50.5203,72.7049,35.605,,2.9116
50.5303,75.6127,35.5793,,2.90472
50.5403,78.5123,35.5607,,2.89546
50.5504,81.404,35.5283,,2.88923
50.5604,84.2891,35.5074,,2.88016
50.5704,87.1641,35.4837,,2.87131
50.5804,90.0305,35.4561,,2.86184
50.5904,92.8879,35.4284,,2.85412
50.6003,95.7365,35.4108,,2.84356
50.6103,98.5744,35.3673,,2.83443
50.6203,101.404,35.3498,,2.82467
50.6303,104.223,35.3148,,2.81649
50.6403,107.033,35.2929,,2.8026
50.6503,109.829,35.2488,,2.79189
50.6603,112.616,35.2193,,2.78171
50.6703,115.391,35.19,,2.76979
50.6804,118.155,35.1598,,2.7588
50.6904,120.907,35.1307,,2.74704
50.7004,123.647,35.0907,,2.7349
50.7104,126.375,35.0574,,2.72167
50.7204,129.09,35.0228,,2.70867
50.7303,131.792,34.9781,,2.69646
50.7403,134.48,34.9436,,2.68238
50.7503,137.156,34.9066,,2.6698
50.7603,139.818,34.8562,,2.65618
50.7703,142.466,34.8339,,2.64022
50.7803,145.099,34.787,,2.62787
50.7903,147.718,34.7452,,2.61307
50.8004,150.323,34.7047,,2.59622
50.8104,152.911,34.6583,,2.58182
50.8204,155.485,34.6202,,2.56717
50.8304,158.044,34.5734,,2.55207
50.8404,160.588,34.5163,,2.53622
50.8503,163.113,34.4885,,2.51999
50.8603,165.624,34.4276,,2.49998
50.8703,168.114,34.3784,,2.48279
50.8803,170.592,34.3412,,2.47365
50.8903,173.055,34.2886,,2.45107
50.9003,175.489,34.2385,,2.42583
50.9103,177.913,34.1789,,2.42262
50.9203,180.325,34.138,,2.40156
50.9304,182.715,34.0776,,2.38149
50.9404,185.087,34.0112,,2.36197
50.9504,187.439,33.972,,2.34427
50.9604,189.773,33.9146,,2.32651
50.9704,192.088,33.8487,,2.30497
50.9803,194.383,33.8064,,2.28614
50.9903,196.656,33.7451,,2.26408
51.0003,198.912,33.6802,,2.24944
51.0103,201.151,33.6225,,2.22945
51.0203,203.369,33.5596,,2.20778
51.0303,205.565,33.4916,,2.18796
51.0403,207.746,33.4264,,2.16957
51.0504,209.896,33.3681,,2.13833
51.0604,212.025,33.3011,,2.12249
51.0704,214.139,33.2304,,2.10626
51.0804,216.232,33.1645,,2.08044
51.0904,218.298,33.1025,,2.05698
51.1003,220.345,33.0252,,2.03724
51.1103,222.372,32.9436,,2.01812
51.1203,224.376,32.8801,,1.99441
51.1303,226.359,32.8053,,1.97114
51.1403,228.316,32.7263,,1.94586
51.1503,230.252,32.6543,,1.93068
51.1603,232.167,32.5815,,1.89869
51.1703,234.052,32.509,,1.8759
51.1804,235.917,32.42,,1.85626
51.1904,237.76,32.3362,,1.83118
51.2004,239.577,32.2501,,1.80668
51.2104,241.372,32.1694,,1.78266
51.2204,243.14,32.0772,,1.75715
51.2303,244.885,31.9989,,1.73616
51.2403,246.607,31.9045,,1.71005
51.2503,248.305,31.8324,,1.68675
51.2603,249.977,31.7193,,1.66038
51.2703,251.626,31.635,,1.64155
51.2803,253.248,31.5346,,1.60395
51.2903,254.841,31.433,,1.58581
51.3004,256.414,31.3461,,1.56142
51.3104,257.961,31.2312,,1.53464
51.3204,259.482,31.1412,,1.51315
51.3304,260.978,31.0336,,1.47744
51.3404,262.44,30.9339,,1.45191
51.3503,263.882,30.8244,,1.43296
51.3603,265.298,30.7034,,1.40044
51.3703,266.685,30.5866,,1.37812
51.3803,268.047,30.4671,,1.34933
51.3903,269.387,30.3588,,1.32739
51.4003,270.693,30.2421,,1.29084
51.4103,271.97,30.1307,,1.26748
51.4203,273.231,30,,1.25496
51.4304,274.457,29.8686,,1.20341
51.4404,275.648,29.7379,,1.18196
51.4504,276.822,29.5987,,1.16399
51.4604,277.965,29.4657,,1.12641
51.4704,279.077,29.3356,,1.10263
51.4803,280.167,29.1943,,1.07804
51.4903,281.229,29.0397,,1.04743
51.5003,282.258,28.9021,,1.01693
51.5103,283.267,28.7438,,0.999978
51.5203,284.242,28.5892,,0.954789
51.5303,285.182,28.4309,,0.931017
51.5403,286.105,28.2688,,0.910918
51.5504,286.994,28.0981,,0.875008
51.5604,287.854,27.9312,,0.848116
51.5704,288.693,27.7564,,0.827156
51.5804,289.493,27.5718,,0.78148
51.5904,290.262,27.3889,,0.76013
51.6003,291.012,27.1875,,0.73711
51.6103,291.727,26.9934,,0.699561
51.6203,292.412,26.7868,,0.674166
51.6303,293.072,26.5807,,0.648215
51.6403,293.702,26.3715,,0.612665
51.6503,294.298,26.1546,,0.585963
51.6603,294.87,25.9257,,0.558158
51.6703,295.409,25.6976,,0.524062
51.6804,295.916,25.4335,,0.494264
51.6904,296.398,25.1809,,0.470309
51.7004,296.851,24.9177,,0.438326
51.7104,297.275,24.6509,,0.41188
51.7204,297.667,24.3775,,0.376777
51.7303,298.029,24.0846,,0.348445
51.7403,298.359,23.7773,,0.318465
51.7503,298.662,23.4613,,0.287875
51.7603,298.935,23.125,,0.260029
51.7703,299.179,22.7914,,0.230925
51.7803,299.392,22.4276,,0.199149
51.7903,299.573,22.0611,,0.169687
51.8004,299.73,21.6843,,0.140224
51.8104,299.851,21.2644,,0.110163
51.8204,299.944,20.8446,,0.0822593
51.8304,300.009,20.3974,,0.0448556
51.8404,300.05,19.9315,,0.0383992
51.8503,300.057,19.4452,,-0.0290339
51.8603,300.012,18.9265,,-0.0428776
51.8703,299.96,18.3921,,-0.0638961
51.8803,299.874,17.8331,,-0.104283
51.8903,299.754,17.2307,,-0.132291
51.9003,299.608,16.6216,,-0.158393
51.9103,299.431,15.9556,,-0.189797
51.9203,299.225,15.278,,-0.220963
51.9304,298.989,14.5552,,-0.248876
51.9404,298.722,13.8084,,-0.280018
51.9504,298.427,13.0278,,-0.308447
51.9604,298.103,12.2154,,-0.334754
51.9704,297.75,11.3742,,-0.371119
51.9803,297.36,10.4957,,-0.405273
51.9903,296.943,9.57997,,-0.420589
52.0003,296.506,8.64701,,-0.458539
52.0103,296.025,7.68636,,-0.494038
52.0203,295.522,6.70798,,-0.5134
52.0303,294.986,5.71975,,-0.551921
52.0403,294.421,4.69719,,-0.577712
52.0504,293.826,3.67961,,-0.607932
52.0604,293.205,2.64719,,-0.633318
52.0704,292.555,1.6125,,-0.662655
52.0804,291.877,0.568947,,-0.694155
52.0904,291.162,-0.468973,,-0.727334
52.1003,290.421,-1.48539,,-0.753858
52.1103,289.653,-2.49773,,-0.779805
52.1203,288.857,-3.50666,,-0.808429
52.1303,288.033,-4.48181,,-0.839077
52.1403,287.176,-5.46774,,-0.869141
52.1503,286.292,-6.43741,,-0.897212
52.1603,285.378,-7.37958,,-0.925644
52.1703,284.438,-8.2954,,-0.953838
52.1804,283.47,-9.19219,,-0.97869
52.1904,282.474,-10.0678,,-1.00987
52.2004,281.448,-10.9355,,-1.03979
52.2104,280.392,-11.7631,,-1.06748
52.2204,279.311,-12.5993,,-1.09482
52.2303,278.2,-13.4038,,-1.12297
52.2403,277.063,-14.1868,,-1.14908
52.2503,275.895,-14.9388,,-1.18075
52.2603,274.704,-15.6833,,-1.20272
52.2703,273.482,-16.3999,,-1.23673
52.2803,272.234,-17.0983,,-1.25641
52.2903,270.966,-17.7967,,-1.28163
52.3004,269.661,-18.4668,,-1.32026
52.3104,268.328,-19.1083,,-1.34411
52.3204,266.971,-19.7365,,-1.36826
52.3304,265.588,-20.3429,,-1.39342
52.3404,264.18,-20.9367,,-1.42016
52.3503,262.748,-21.5255,,-1.44336
52.3603,261.286,-22.0771,,-1.47675
52.3703,259.795,-22.6343,,-1.50272
52.3803,258.278,-23.1458,,-1.52663
52.3903,256.74,-23.657,,-1.54888
52.4003,255.174,-24.1639,,-1.57822
52.4103,253.581,-24.6365,,-1.60704
52.4203,251.964,-25.0944,,-1.62446
52.4304,250.324,-25.5417,,-1.65306
52.4404,248.657,-25.9643,,-1.6787
52.4504,246.965,-26.3764,,-1.70119
52.4604,245.251,-26.7914,,-1.72619
52.4704,243.51,-27.1724,,-1.75281
52.4803,241.748,-27.548,,-1.76613
52.4903,239.964,-27.9127,,-1.80372
52.5003,238.145,-28.2505,,-1.82916
52.5103,236.305,-28.5871,,-1.84719
52.5203,234.445,-28.8973,,-1.87186
52.5303,232.56,-29.2142,,-1.89404
52.5403,230.653,-29.5247,,-1.91963
52.5504,228.721,-29.8013,,-1.94076
52.5604,226.769,-30.0808,,-1.96307
52.5704,224.794,-30.3393,,-1.98409
52.5804,222.794,-30.5985,,-2.01274
52.5904,220.775,-30.8361,,-2.02308
52.6003,218.734,-31.072,,-2.05674
52.6103,216.665,-31.3066,,-2.07788
52.6203,214.578,-31.5264,,-2.09564
52.6303,212.472,-31.727,,-2.11526
52.6403,210.343,-31.9286,,-2.13965
52.6503,208.192,-32.1217,,-2.15916
52.6603,206.021,-32.3208,,-2.18189
52.6703,203.831,-32.4824,,-2.19714
52.6804,201.618,-32.6693,,-2.22497
52.6904,199.384,-32.8282,,-2.24189
52.7004,197.132,-32.983,,-2.26004
52.7104,194.862,-33.1362,,-2.27885
52.7204,192.569,-33.2812,,-2.30322
52.7303,190.258,-33.415,,-2.31642
52.7403,187.931,-33.55,,-2.3374
52.7503,185.581,-33.688,,-2.35673
52.7603,183.217,-33.8045,,-2.37293
52.7703,180.828,-33.926,,-2.39963
52.7803,178.428,-34.0472,,-2.40415
52.7903,176.009,-34.1484,,-2.43483
52.8004,173.565,-34.2435,,-2.44228
52.8104,171.114,-34.3543,,-2.46497
52.8204,168.636,-34.4572,,-2.48425
52.8304,166.145,-34.5447,,-2.49692
52.8404,163.639,-34.6373,,-2.51468
52.8503,161.118,-34.7328,,-2.52478
52.8603,158.58,-34.7963,,-2.55142
52.8703,156.019,-34.8802,,-2.56491
52.8803,153.449,-34.95,,-2.57653
52.8903,150.865,-35.0275,,-2.59105
52.9003,148.264,-35.1029,,-2.60694
52.9103,145.649,-35.1723,,-2.62325
52.9203,143.018,-35.2342,,-2.6369
52.9304,140.373,-35.2922,,-2.65092
52.9404,137.714,-35.3505,,-2.66566
52.9504,135.041,-35.3886,,-2.67932
52.9604,132.354,-35.4562,,-2.69261
52.9704,129.655,-35.5077,,-2.70478
52.9803,126.943,-35.5701,,-2.71759
52.9903,124.218,-35.6138,,-2.73185
53.0003,121.479,-35.6681,,-2.743
53.0103,118.73,-35.694,,-2.7547
53.0203,115.969,-35.7354,,-2.7668
53.0303,113.197,-35.7658,,-2.77509
53.0403,110.415,-35.8054,,-2.78881
53.0504,107.618,-35.8497,,-2.80286
53.0604,104.81,-35.8941,,-2.81227
53.0704,101.993,-35.9329,,-2.81946
53.0804,99.1679,-35.9634,,-2.83196
53.0904,96.3306,-35.9748,,-2.84099
53.1003,93.4844,-35.9972,,-2.85085
53.1103,90.629,-36.0238,,-2.8583
53.1203,87.7637,-36.0595,,-2.87092
53.1303,84.89,-36.0857,,-2.87671
53.1403,82.0085,-36.1133,,-2.8852
53.1503,79.1188,-36.1348,,-2.89338
53.1603,76.2203,-36.1593,,-2.90244
53.1703,73.3142,-36.1675,,-2.9094
53.1804,70.4008,-36.187,,-2.9167
53.1904,67.4802,-36.2051,,-2.92304
53.2004,64.5536,-36.213,,-2.92986
53.2104,61.6204,-36.2354,,-2.93618
53.2204,58.6809,-36.2535,,-2.94221
53.2303,55.7352,-36.2643,,-2.94826
53.2403,52.784,-36.277,,-2.95306
53.2503,49.8283,-36.2841,,-2.9584
53.2603,46.8666,-36.2967,,-2.96381
53.2703,43.9014,-36.3005,,-2.96702
53.2803,40.9308,-36.3003,,-2.97307
53.2903,37.9561,-36.3249,,-2.97584
53.3004,34.9781,-36.3214,,-2.9801
53.3104,31.9963,-36.3369,,-2.98302
53.3204,29.0115,-36.3424,,-2.98628
53.3304,26.0234,-36.3375,,-2.98905
53.3404,23.0335,-36.3473,,-2.99144
53.3503,20.0408,-36.3336,,-2.99336
53.3603,17.0462,-36.3447,,-2.99553
53.3703,14.0495,-36.3459,,-2.9971
53.3803,11.0518,-36.3497,,-2.99863
53.3903,8.05266,-36.3539,,-2.99956
53.4003,5.05291,-36.3446,,-2.99981
53.4103,2.05285,-36.3372,,-3.00022
53.4203,-0.947634,-36.3321,,-3.00048
53.4304,-3.94794,-36.3226,,-3.00014
53.4404,-6.94781,-36.3276,,-2.99986
53.4504,-9.94694,-36.3231,,-2.99835
53.4604,-12.945,-36.3184,,-2.99777
53.4704,-15.9423,-36.3135,,-2.99635
53.4803,-18.9377,-36.3015,,-2.99523
53.4903,-21.9316,-36.2845,,-2.9926
53.5003,-24.9229,-36.2832,,-2.99006
53.5103,-27.9114,-36.2653,,-2.98741
53.5203,-30.8974,-36.2571,,-2.9847
53.5303,-33.8803,-36.2472,,-2.98125
53.5403,-36.8596,-36.2354,,-2.9779
53.5504,-39.8353,-36.2183,,-2.97346
53.5604,-42.8067,-36.2137,,-2.96996
53.5704,-45.7747,-36.1964,,-2.96604
53.5804,-48.7392,-36.1844,,-2.96303
53.5904,-51.6975,-36.1496,,-2.95483
53.6003,-54.6499,-36.1503,,-2.94966
53.6103,-57.5964,-36.1289,,-2.94438
53.6203,-60.5394,-36.1034,,-2.94158
53.6303,-63.4745,-36.0887,,-2.93041
53.6403,-66.4026,-36.0727,,-2.92587
53.6503,-69.326,-36.0492,,-2.92164
53.6603,-72.2429,-36.0294,,-2.91222
53.6703,-75.1506,-36.0153,,-2.90455
53.6804,-78.0512,-35.984,,-2.89675
53.6904,-80.9437,-35.9588,,-2.88951
53.7004,-83.8296,-35.9341,,-2.88283
53.7104,-86.7074,-35.9122,,-2.87326
53.7204,-89.5746,-35.8901,,-2.86188
53.7303,-92.433,-35.8714,,-2.85561
53.7403,-95.2827,-35.8338,,-2.84534
53.7503,-98.1228,-35.8116,,-2.8356
53.7603,-100.953,-35.7768,,-2.82691
53.7703,-103.775,-35.7464,,-2.81508
53.7803,-106.584,-35.7184,,-2.80639
53.7903,-109.384,-35.6885,,-2.7941
53.8004,-112.173,-35.6583,,-2.78345
53.8104,-114.949,-35.6246,,-2.77181
53.8204,-117.715,-35.5862,,-2.76084
53.8304,-120.469,-35.5581,,-2.74865
53.8404,-123.211,-35.524,,-2.73614
53.8503,-125.942,-35.4754,,-2.7254
53.8603,-128.658,-35.4601,,-2.71004
53.8703,-131.361,-35.4122,,-2.69688
53.8803,-134.052,-35.3714,,-2.68633
53.8903,-136.73,-35.3484,,-2.67143
53.9003,-139.394,-35.2995,,-2.65777
53.9103,-142.046,-35.2567,,-2.64678
53.9203,-144.682,-35.2229,,-2.62696
53.9304,-147.302,-35.1741,,-2.6127
53.9404,-149.907,-35.1311,,-2.60031
53.9504,-152.499,-35.0959,,-2.5852
53.9604,-155.076,-35.0489,,-2.56911
53.9704,-157.636,-35.0024,,-2.55525
53.9803,-160.183,-34.9694,,-2.53689
53.9903,-162.71,-34.9097,,-2.52126
54.0003,-165.224,-34.8705,,-2.50622
54.0103,-167.719,-34.8156,,-2.48716
54.0203,-170.199,-34.7654,,-2.47152
54.0303,-172.66,-34.7178,,-2.45255
54.0403,-175.108,-34.6669,,-2.44813
54.0504,-177.538,-34.6177,,-2.4114
54.0604,-179.944,-34.5629,,-2.40441
54.0704,-182.337,-34.5184,,-2.38324
54.0804,-184.712,-34.4564,,-2.36587
54.0904,-187.066,-34.401,,-2.34578
54.1003,-189.401,-34.3479,,-2.32643
54.1103,-191.719,-34.2848,,-2.3095
54.1203,-194.016,-34.2279,,-2.28952
54.1303,-196.297,-34.1704,,-2.27332
54.1403,-198.559,-34.1092,,-2.25058
54.1503,-200.797,-34.0449,,-2.22743
54.1603,-203.014,-33.9832,,-2.21108
54.1703,-205.214,-33.93,,-2.18831
54.1804,-207.391,-33.853,,-2.1704
54.1904,-209.549,-33.8002,,-2.14627
54.2004,-211.687,-33.7376,,-2.13196
54.2104,-213.803,-33.6623,,-2.1033
54.2204,-215.897,-33.5871,,-2.08556
54.2303,-217.97,-33.5196,,-2.06352
54.2403,-220.021,-33.4495,,-2.04005
54.2503,-222.05,-33.379,,-2.02102
54.2603,-224.06,-33.3069,,-1.99786
54.2703,-226.044,-33.2442,,-1.97331
54.2803,-228.004,-33.1645,,-1.95148
54.2903,-229.942,-33.0811,,-1.92693
54.3004,-231.859,-32.9963,,-1.90779
54.3104,-233.753,-32.9216,,-1.88299
54.3204,-235.621,-32.8392,,-1.85553
54.3304,-237.465,-32.7588,,-1.83478
54.3404,-239.288,-32.6763,,-1.81236
54.3503,-241.086,-32.5907,,-1.78717
54.3603,-242.861,-32.5191,,-1.76363
54.3703,-244.611,-32.4221,,-1.74063
54.3803,-246.338,-32.325,,-1.71387
54.3903,-248.037,-32.234,,-1.68814
54.4003,-249.712,-32.1463,,-1.66417
54.4103,-251.365,-32.0576,,-1.64194
54.4203,-252.991,-31.9515,,-1.61484
54.4304,-254.592,-31.8552,,-1.58998
54.4404,-256.166,-31.7659,,-1.56082
54.4504,-257.713,-31.6619,,-1.53561
54.4604,-259.237,-31.5704,,-1.51429
54.4704,-260.736,-31.4565,,-1.48673
54.4803,-262.211,-31.3435,,-1.46396
54.4903,-263.657,-31.2356,,-1.43243
54.5003,-265.075,-31.1336,,-1.40544
54.5103,-266.466,-31.0178,,-1.37941
54.5203,-267.832,-30.9011,,-1.35359
54.5303,-269.17,-30.7845,,-1.32749
54.5403,-270.482,-30.66,,-1.29887
54.5504,-271.767,-30.5448,,-1.27326
54.5604,-273.028,-30.4244,,-1.24996
54.5704,-274.259,-30.2944,,-1.21462
54.5804,-275.456,-30.1531,,-1.18681
54.5904,-276.632,-30.0273,,-1.16556
54.6003,-277.784,-29.8819,,-1.13858
54.6103,-278.904,-29.7622,,-1.10676
54.6203,-279.996,-29.6171,,-1.07903
54.6303,-281.059,-29.4794,,-1.0518
54.6403,-282.096,-29.3238,,-1.0228
54.6503,-283.107,-29.1688,,-1.00174
54.6603,-284.088,-29.0092,,-0.963761
54.6703,-285.034,-28.851,,-0.933636
54.6804,-285.956,-28.6874,,-0.912235
54.6904,-286.855,-28.5285,,-0.885451
54.7004,-287.719,-28.3617,,-0.848951
54.7104,-288.56,-28.1814,,-0.833669
54.7204,-289.369,-28.0023,,-0.78864
54.7303,-290.143,-27.818,,-0.762109
54.7403,-290.891,-27.6188,,-0.736874
54.7503,-291.614,-27.4283,,-0.709318
54.7603,-292.304,-27.2255,,-0.675384
54.7703,-292.965,-27.0135,,-0.650771
54.7803,-293.6,-26.7903,,-0.621257
54.7903,-294.205,-26.5779,,-0.590969
54.8004,-294.78,-26.3577,,-0.561316
54.8104,-295.323,-26.1242,,-0.530718
54.8204,-295.839,-25.8731,,-0.501708
54.8304,-296.323,-25.6257,,-0.471344
54.8404,-296.78,-25.3513,,-0.443769
54.8503,-297.209,-25.089,,-0.42005
54.8603,-297.61,-24.8145,,-0.381447
54.8703,-297.974,-24.5196,,-0.350841
54.8803,-298.31,-24.214,,-0.323663
54.8903,-298.616,-23.8958,,-0.292048
54.9003,-298.893,-23.5674,,-0.264775
54.9103,-299.14,-23.2273,,-0.233383
54.9203,-299.36,-22.8715,,-0.206951
54.9304,-299.55,-22.5056,,-0.175114
54.9404,-299.706,-22.1182,,-0.143935
54.9504,-299.834,-21.7174,,-0.113138
54.9604,-299.931,-21.2923,,-0.0849549
54.9704,-299.996,-20.8449,,-0.0452909
54.9803,-300.041,-20.3807,,-0.046795
54.9903,-300.061,-19.8934,,0.0113461
55.0003,-300.022,-19.3817,,0.0445127
55.0103,-299.968,-18.8556,,0.0684364
55.0203,-299.887,-18.2987,,0.0934917
55.0303,-299.776,-17.7097,,0.123842
55.0403,-299.634,-17.0833,,0.156089
55.0504,-299.462,-16.4238,,0.185077
55.0604,-299.261,-15.7468,,0.214608
55.0704,-299.03,-15.0287,,0.24522
55.0804,-298.768,-14.2854,,0.275217
55.0904,-298.476,-13.5222,,0.305825
55.1003,-298.154,-12.7055,,0.336377
55.1103,-297.801,-11.8658,,0.365682
55.1203,-297.418,-10.9801,,0.394313
55.1303,-297.01,-10.071,,0.420593
55.1403,-296.572,-9.13377,,0.454367
55.1503,-296.1,-8.17486,,0.484461
55.1603,-295.6,-7.20121,,0.513849
55.1703,-295.07,-6.20068,,0.5437
55.1804,-294.511,-5.17326,,0.570685
55.1904,-293.923,-4.14951,,0.602279
55.2004,-293.304,-3.11686,,0.631691
55.2104,-292.658,-2.0839,,0.658667
55.2204,-291.981,-1.04028,,0.691478
55.2303,-291.276,-5.92E-03,,0.717177
55.2403,-290.541,1.03225,,0.748097
55.2503,-289.782,2.05011,,0.770345
55.2603,-288.989,3.06875,,0.808952
55.2703,-288.165,4.05914,,0.836303
55.2803,-287.314,5.04945,,0.864286
55.2903,-286.435,6.01608,,0.891674
55.3004,-285.527,6.95636,,0.919573
55.3104,-284.592,7.88882,,0.94931
55.3204,-283.626,8.78936,,0.979649
55.3304,-282.63,9.68596,,1.00805
55.3404,-281.61,10.5558,,1.02939
55.3503,-280.563,11.396,,1.06324
55.3603,-279.482,12.2354,,1.09294
55.3703,-278.378,13.0438,,1.11554
55.3803,-277.244,13.8153,,1.14753
55.3903,-276.085,14.5917,,1.17167
55.4003,-274.893,15.3339,,1.20492
55.4103,-273.68,16.0742,,1.22046
55.4203,-272.439,16.7878,,1.25866
55.4304,-271.166,17.4805,,1.2821
55.4404,-269.869,18.1519,,1.31186
55.4504,-268.541,18.7922,,1.33944
55.4604,-267.191,19.432,,1.36187
55.4704,-265.812,20.0473,,1.39144
55.4803,-264.404,20.6626,,1.42141
55.4903,-262.974,21.2492,,1.43466
55.5003,-261.52,21.8143,,1.47107
55.5103,-260.034,22.3575,,1.49707
55.5203,-258.524,22.8887,,1.52205
55.5303,-256.989,23.396,,1.54567
55.5403,-255.425,23.9009,,1.57894
55.5504,-253.839,24.3723,,1.59241
55.5604,-252.229,24.8446,,1.62504
55.5704,-250.588,25.2983,,1.65101
55.5804,-248.926,25.7418,,1.67175
55.5904,-247.239,26.159,,1.70082
55.6003,-245.524,26.5623,,1.7259
55.6103,-243.786,26.9349,,1.74647
55.6203,-242.028,27.3211,,1.76549
55.6303,-240.247,27.6876,,1.7994
55.6403,-238.432,28.0241,,1.82327
55.6503,-236.598,28.3731,,1.8436
55.6603,-234.747,28.6999,,1.86043
55.6703,-232.865,29.0231,,1.89853
55.6804,-230.955,29.3116,,1.91638
55.6904,-229.028,29.5891,,1.93498
55.7004,-227.082,29.872,,1.95764
55.7104,-225.109,30.1389,,1.98546
55.7204,-223.112,30.3985,,2.00509
55.7303,-221.094,30.6498,,2.02744
55.7403,-219.057,30.8933,,2.04819
55.7503,-216.995,31.1205,,2.07201
55.7603,-214.912,31.3223,,2.09256
55.7703,-212.808,31.5343,,2.11438
55.7803,-210.68,31.741,,2.13709
55.7903,-208.534,31.9379,,2.15422
55.8004,-206.368,32.1238,,2.17562
55.8104,-204.182,32.309,,2.19518
55.8204,-201.973,32.4797,,2.21943
55.8304,-199.743,32.6393,,2.24068
55.8404,-197.491,32.7905,,2.25798
55.8503,-195.221,32.9581,,2.27849
55.8603,-192.935,33.0919,,2.29555
55.8703,-190.626,33.247,,2.31828
55.8803,-188.299,33.381,,2.33503
55.8903,-185.955,33.5097,,2.35145
55.9003,-183.592,33.6221,,2.37182
55.9103,-181.21,33.747,,2.39367
55.9203,-178.802,33.8691,,2.41394
55.9304,-176.382,33.9659,,2.42583
55.9404,-173.952,34.0817,,2.43772
55.9504,-171.5,34.1857,,2.45988
55.9604,-169.032,34.2752,,2.47573
55.9704,-166.546,34.3676,,2.4948
55.9803,-164.041,34.4633,,2.51467
55.9903,-161.518,34.5459,,2.52738
56.0003,-158.983,34.6287,,2.54245
56.0103,-156.429,34.7132,,2.5612
56.0203,-153.86,34.7921,,2.57598
56.0303,-151.277,34.8533,,2.5897
56.0403,-148.678,34.9292,,2.60668
56.0504,-146.064,34.993,,2.61978
56.0604,-143.437,35.0532,,2.63294
56.0704,-140.795,35.1182,,2.64806
56.0804,-138.139,35.1795,,2.66355
56.0904,-135.468,35.2395,,2.67684
56.1003,-132.784,35.2916,,2.69099
56.1103,-130.086,35.3407,,2.70254
56.1203,-127.375,35.4,,2.71728
56.1303,-124.652,35.4316,,2.728
56.1403,-121.917,35.4788,,2.74121
56.1503,-119.169,35.5257,,2.75379
56.1603,-116.409,35.5629,,2.76478
56.1703,-113.638,35.6128,,2.77578
56.1804,-110.856,35.6612,,2.78757
56.1904,-108.062,35.6896,,2.79781
56.2004,-105.258,35.715,,2.80946
56.2104,-102.443,35.752,,2.81797
56.2204,-99.6208,35.7746,,2.82957
56.2303,-96.7829,35.8053,,2.84197
56.2403,-93.9375,35.8412,,2.84772
56.2503,-91.0846,35.8762,,2.85887
56.2603,-88.2199,35.9048,,2.8679
56.2703,-85.35,35.9305,,2.87405
56.2803,-82.4678,35.9458,,2.8872
56.2903,-79.578,35.9655,,2.89103
56.3004,-76.6829,35.9719,,2.89985
56.3104,-73.7779,36.0017,,2.90891
56.3204,-70.8651,36.0207,,2.91559
56.3304,-67.9463,36.0456,,2.92151
56.3404,-65.0204,36.0605,,2.92941
56.3503,-62.0879,36.0798,,2.93502
56.3603,-59.1496,36.0861,,2.94086
56.3703,-56.2056,36.0958,,2.94676
56.3803,-53.2551,36.1071,,2.95273
56.3903,-50.2997,36.1224,,2.95838
56.4003,-47.3386,36.1278,,2.96301
56.4103,-44.3738,36.1512,,2.96622
56.4203,-41.4043,36.158,,2.9723
56.4304,-38.4301,36.1637,,2.97528
56.4404,-35.4532,36.1583,,2.97892
56.4504,-32.4719,36.1646,,2.98275
56.4604,-29.4871,36.1739,,2.9861
56.4704,-26.4996,36.1701,,2.98871
56.4803,-23.5096,36.1799,,2.99113
56.4903,-20.5173,36.1839,,2.99339
56.5003,-17.5229,36.1832,,2.99502
56.5103,-14.5268,36.186,,2.99691
56.5203,-11.5291,36.182,,2.99797
56.5303,-8.53043,36.1782,,2.99958
56.5403,-5.53082,36.1747,,2.99974
56.5504,-2.5307,36.1763,,3.00023
56.5604,0.469775,36.1737,,3.0004
56.5704,3.4702,36.1702,,3.00032
56.5804,6.47007,36.1662,,2.9998
56.5904,9.46952,36.1557,,2.9992
56.6003,12.4679,36.1514,,2.99766
56.6103,15.4652,36.1378,,2.99693
56.6203,18.461,36.1358,,2.99469
56.6303,21.4547,36.122,,2.9927
56.6403,24.4461,36.1176,,2.99021
56.6503,27.4349,36.1078,,2.98771
56.6603,30.4216,36.0956,,2.986
56.6703,33.4052,36.0839,,2.98157
56.6804,36.385,36.0696,,2.97844
56.6904,39.3617,36.0489,,2.97488
56.7004,42.3347,36.0371,,2.97026
56.7104,45.3016,36.021,,2.96571
56.7204,48.2656,36.0084,,2.96214
56.7303,51.225,36.0024,,2.95733
56.7403,54.1792,35.9728,,2.95108
56.7503,57.1274,35.9614,,2.9462
56.7603,60.0709,35.932,,2.94087
56.7703,63.0073,35.9185,,2.93359
56.7803,65.9383,35.8997,,2.92758
56.7903,68.8617,35.8801,,2.92084
56.8004,71.7782,35.863,,2.91263
56.8104,74.6872,35.8367,,2.9066
56.8204,77.5905,35.8124,,2.90022
56.8304,80.4848,35.788,,2.88847
56.8404,83.3689,35.7571,,2.8823
56.8503,86.2477,35.7436,,2.87539
56.8603,89.1185,35.7148,,2.86685
56.8703,91.9795,35.6942,,2.85554
56.8803,94.8299,35.6648,,2.84676
56.8903,97.6712,35.6259,,2.83688
56.9003,100.504,35.5974,,2.82932
56.9103,103.328,35.5714,,2.81784
56.9203,106.138,35.557,,2.80546
56.9304,108.938,35.5132,,2.79614
56.9404,111.73,35.4817,,2.78591
56.9504,114.509,35.4522,,2.77297
56.9604,117.275,35.4123,,2.76286
56.9704,120.032,35.3858,,2.75007
56.9803,122.776,35.3491,,2.73943
56.9903,125.509,35.3218,,2.72798
57.0003,128.227,35.2809,,2.71092
57.0103,130.932,35.2381,,2.69996
57.0203,133.626,35.2074,,2.68894
57.0303,136.306,35.164,,2.67245
57.0403,138.971,35.1184,,2.65887
57.0504,141.624,35.0988,,2.64914
57.0604,144.263,35.0422,,2.62976
57.0704,146.885,35.0096,,2.6159
57.0804,149.493,34.9647,,2.60162
57.0904,152.087,34.9192,,2.58738
57.1003,154.666,34.8759,,2.57171
57.1103,157.23,34.8335,,2.55836
57.1203,159.779,34.7851,,2.54064
57.1303,162.307,34.7484,,2.52027
57.1403,164.827,34.6957,,2.51735
57.1503,167.328,34.6489,,2.48709
57.1603,169.809,34.5938,,2.47676
57.1703,172.272,34.5469,,2.44975
57.1804,174.72,34.4944,,2.44681
57.1904,177.156,34.4433,,2.42778
57.2004,179.566,34.3927,,2.39769
57.2104,181.956,34.3449,,2.38323
57.2204,184.332,34.2821,,2.36939
57.2303,186.691,34.2292,,2.34987
57.2403,189.03,34.1736,,2.33185
57.2503,191.352,34.1119,,2.31206
57.2603,193.653,34.0578,,2.29226
57.2703,195.935,34.0014,,2.27393
57.2803,198.203,33.9456,,2.26035
57.2903,200.444,33.8905,,2.22914
57.3004,202.665,33.822,,2.21232
57.3104,204.867,33.7549,,2.19288
57.3204,207.049,33.6883,,2.17326
57.3304,209.211,33.6245,,2.15306
57.3404,211.352,33.5624,,2.13064
57.3503,213.468,33.4865,,2.10542
57.3603,215.563,33.4311,,2.08675
57.3703,217.641,33.3663,,2.06919
57.3803,219.697,33.2928,,2.04493
57.3903,221.728,33.2128,,2.01914
57.4003,223.736,33.1359,,2.00035
57.4103,225.725,33.065,,1.97834
57.4203,227.69,32.9916,,1.95648
57.4304,229.634,32.9116,,1.93302
57.4404,231.554,32.8424,,1.90915
57.4504,233.451,32.7658,,1.88577
57.4604,235.324,32.6824,,1.8632
57.4704,237.173,32.5937,,1.83811
57.4803,238.999,32.5033,,1.81666
57.4903,240.804,32.4266,,1.79372
57.5003,242.582,32.3433,,1.76508
57.5103,244.334,32.2568,,1.74319
57.5203,246.064,32.1699,,1.71693
57.5303,247.767,32.0819,,1.69159
57.5403,249.445,31.9895,,1.66713
57.5504,251.101,31.8865,,1.64699
57.5604,252.73,31.7988,,1.61575
57.5704,254.336,31.7039,,1.59575
57.5804,255.916,31.6038,,1.56765
57.5904,257.469,31.4985,,1.54199
57.6003,258.997,31.3929,,1.51511
57.6103,260.499,31.2962,,1.49388
57.6203,261.977,31.1859,,1.46338
57.6303,263.424,31.0947,,1.43459
57.6403,264.852,30.9654,,1.4206
57.6503,266.248,30.8587,,1.37864
57.6603,267.616,30.7297,,1.35731
57.6703,268.957,30.6177,,1.32807
57.6804,270.273,30.5015,,1.30559
57.6904,271.564,30.3892,,1.27811
57.7004,272.826,30.2675,,1.24923
57.7104,274.062,30.1324,,1.22531
57.7204,275.27,30.0012,,1.19444
57.7303,276.449,29.8654,,1.16723
57.7403,277.602,29.7317,,1.14086
57.7503,278.727,29.5891,,1.11152
57.7603,279.825,29.4672,,1.08961
57.7703,280.897,29.3044,,1.05403
57.7803,281.934,29.1624,,1.02433
57.7903,282.946,29.0061,,1.0025
57.8004,283.931,28.851,,0.969988
57.8104,284.886,28.6979,,0.940841
57.8204,285.81,28.536,,0.913808
57.8304,286.71,28.3737,,0.885886
57.8404,287.58,28.2035,,0.859374
57.8503,288.424,28.017,,0.828169
57.8603,289.236,27.8321,,0.800112
57.8703,290.02,27.6533,,0.770077
57.8803,290.773,27.4612,,0.740481
57.8903,291.498,27.266,,0.712561
57.9003,292.195,27.0662,,0.682614
57.9103,292.866,26.8633,,0.660791
57.9203,293.503,26.6422,,0.619834
57.9304,294.108,26.4206,,0.594392
57.9404,294.691,26.1993,,0.569014
57.9504,295.24,25.9653,,0.535415
57.9604,295.759,25.7139,,0.507687
57.9704,296.252,25.4665,,0.477744
57.9803,296.71,25.2089,,0.443255
57.9903,297.14,24.9434,,0.419607
58.0003,297.543,24.6624,,0.389163
58.0103,297.915,24.3688,,0.357363
58.0203,298.256,24.0679,,0.327575
58.0303,298.569,23.7427,,0.299784
58.0403,298.851,23.4188,,0.268837
58.0504,299.103,23.0959,,0.238161
58.0604,299.328,22.7258,,0.212993
58.0704,299.521,22.3704,,0.176912
58.0804,299.682,21.9843,,0.150232
58.0904,299.816,21.5793,,0.118879
58.1003,299.917,21.1533,,0.0863434
58.1103,299.99,20.7124,,0.056385
58.1203,300.038,20.2534,,0.0489794
58.1303,300.064,19.7674,,-5.11E-03
58.1403,300.026,19.2588,,-0.0423309
58.1503,299.981,18.7336,,-0.058331
58.1603,299.905,18.1684,,-0.0914614
58.1703,299.797,17.5777,,-0.11908
58.1804,299.662,16.9614,,-0.151973
58.1904,299.491,16.3066,,-0.18343
58.2004,299.294,15.6269,,-0.210689
58.2104,299.068,14.9228,,-0.239549
58.2204,298.81,14.1827,,-0.270965
58.2303,298.523,13.4038,,-0.300102
58.2403,298.207,12.5937,,-0.330247
58.2503,297.859,11.7552,,-0.360598
58.2603,297.484,10.8739,,-0.387387
58.2703,297.079,9.96667,,-0.418177
58.2803,296.646,9.04665,,-0.448046
58.2903,296.18,8.07671,,-0.480015
58.3004,295.683,7.10432,,-0.507237
58.3104,295.16,6.1077,,-0.540257
58.3204,294.604,5.08722,,-0.567499
58.3304,294.022,4.04026,,-0.594608
58.3404,293.408,3.01511,,-0.629343
58.3503,292.765,1.96665,,-0.655041
58.3603,292.093,0.932287,,-0.685094
58.3703,291.391,-0.126391,,-0.713769
58.3803,290.662,-1.13872,,-0.744446
58.3903,289.9,-2.17658,,-0.77247
58.4003,289.115,-3.20006,,-0.79771
58.4103,288.299,-4.19794,,-0.829854
58.4203,287.456,-5.18142,,-0.857802
58.4304,286.578,-6.16367,,-0.890696
58.4404,285.674,-7.1231,,-0.915244
58.4504,284.745,-8.04738,,-0.940929
58.4604,283.786,-8.9631,,-0.976675
58.4704,282.793,-9.86667,,-1.00283
58.4803,281.773,-10.7309,,-1.03318
58.4903,280.728,-11.5895,,-1.05337
58.5003,279.66,-12.4363,,-1.08307
58.5103,278.562,-13.2519,,-1.11321
58.5203,277.429,-14.0519,,-1.14554
58.5303,276.27,-14.8103,,-1.16918
58.5403,275.084,-15.5729,,-1.19993
58.5504,273.871,-16.3004,,-1.22425
58.5604,272.635,-17.0176,,-1.24727
58.5704,271.368,-17.7231,,-1.28155
58.5804,270.074,-18.4155,,-1.30345
58.5904,268.755,-19.0697,,-1.33368
58.6003,267.409,-19.7078,,-1.35617
58.6103,266.034,-20.3233,,-1.38829
58.6203,264.632,-20.9284,,-1.41398
58.6303,263.203,-21.5274,,-1.4401
58.6403,261.749,-22.1047,,-1.46746
58.6503,260.269,-22.6489,,-1.48945
58.6603,258.764,-23.1976,,-1.51649
58.6703,257.234,-23.6982,,-1.54332
58.6804,255.674,-24.2133,,-1.57017
58.6904,254.093,-24.7057,,-1.59087
58.7004,252.486,-25.1716,,-1.6234
58.7104,250.849,-25.6292,,-1.64446
58.7204,249.191,-26.0529,,-1.67118
58.7303,247.507,-26.4808,,-1.69329
58.7403,245.801,-26.9009,,-1.71791
58.7503,244.067,-27.29,,-1.74536
58.7603,242.31,-27.674,,-1.76587
58.7703,240.531,-28.0427,,-1.79254
58.7803,238.724,-28.399,,-1.81734
58.7903,236.893,-28.7301,,-1.8416
58.8004,235.041,-29.059,,-1.86249
58.8104,233.164,-29.3721,,-1.8883
58.8204,231.262,-29.6698,,-1.91338
58.8304,229.337,-29.9674,,-1.93208
58.8404,227.395,-30.244,,-1.95317
58.8503,225.424,-30.5136,,-1.98347
58.8603,223.431,-30.7813,,-2.0006
58.8703,221.419,-31.0333,,-2.01905
58.8803,219.388,-31.2614,,-2.04537
58.8903,217.329,-31.4986,,-2.06979
58.9003,215.245,-31.7163,,-2.09199
58.9103,213.146,-31.9226,,-2.10515
58.9203,211.025,-32.1189,,-2.13538
58.9304,208.878,-32.3262,,-2.15512
58.9404,206.713,-32.5202,,-2.17411
58.9504,204.53,-32.6971,,-2.18744
58.9604,202.328,-32.8719,,-2.21779
58.9704,200.098,-33.0434,,-2.23832
58.9803,197.852,-33.1918,,-2.25396
58.9903,195.586,-33.341,,-2.27465
59.0003,193.301,-33.4967,,-2.29496
59.0103,190.994,-33.6384,,-2.31448
59.0203,188.671,-33.7714,,-2.33141
59.0303,186.329,-33.9141,,-2.34979
59.0403,183.968,-34.0371,,-2.36987
59.0504,181.588,-34.1415,,-2.3859
59.0604,179.191,-34.2585,,-2.41111
59.0704,176.771,-34.3785,,-2.4235
59.0804,174.343,-34.4709,,-2.43576
59.0904,171.894,-34.5852,,-2.45746
59.1003,169.427,-34.685,,-2.47509
59.1103,166.941,-34.7778,,-2.49516
59.1203,164.439,-34.8607,,-2.50815
59.1303,161.92,-34.9527,,-2.52484
59.1403,159.389,-35.0355,,-2.53845
59.1503,156.839,-35.1183,,-2.5595
59.1603,154.271,-35.1905,,-2.57375
59.1703,151.689,-35.2622,,-2.58793
59.1804,149.094,-35.3397,,-2.60233
59.1904,146.485,-35.3984,,-2.61514
59.2004,143.858,-35.4673,,-2.63504
59.2104,141.216,-35.5316,,-2.64933
59.2204,138.56,-35.5904,,-2.66119
59.2303,135.892,-35.6408,,-2.67324
59.2403,133.211,-35.6929,,-2.68672
59.2503,130.517,-35.751,,-2.70106
59.2603,127.809,-35.796,,-2.71283
59.2703,125.088,-35.8528,,-2.72738
59.2803,122.356,-35.8993,,-2.7354
59.2903,119.611,-35.9291,,-2.75419
59.3004,116.851,-35.9841,,-2.76364
59.3104,114.081,-36.024,,-2.77385
59.3204,111.303,-36.0515,,-2.7851
59.3304,108.509,-36.0943,,-2.7974
59.3404,105.707,-36.1284,,-2.80812
59.3503,102.893,-36.1591,,-2.81847
59.3603,100.069,-36.1912,,-2.82818
59.3703,97.2352,-36.224,,-2.83824
59.3803,94.3918,-36.2513,,-2.84599
59.3903,91.541,-36.2803,,-2.85738
59.4003,88.6776,-36.3112,,-2.86715
59.4103,85.806,-36.3277,,-2.87511
59.4203,82.9264,-36.3481,,-2.88241
59.4304,80.0401,-36.3721,,-2.89007
59.4404,77.1446,-36.3925,,-2.90076
59.4504,74.2398,-36.4134,,-2.90685
59.4604,71.3295,-36.4402,,-2.91305
59.4704,68.4114,-36.4591,,-2.92235
59.4803,65.4865,-36.4692,,-2.92717
59.4903,62.5551,-36.4814,,-2.93483
59.5003,59.6171,-36.4906,,-2.94034
59.5103,56.6734,-36.5022,,-2.9463
59.5203,53.7243,-36.5219,,-2.95152
59.5303,50.77,-36.5324,,-2.95664
59.5403,47.8106,-36.55,,-2.96137
59.5504,44.846,-36.5578,,-2.9664
59.5604,41.8779,-36.5594,,-2.97068
59.5704,38.9047,-36.5629,,-2.97512
59.5804,35.9275,-36.569,,-2.97842
59.5904,32.947,-36.5814,,-2.98247
59.6003,29.9627,-36.5878,,-2.98538
59.6103,26.9756,-36.5823,,-2.98861
59.6203,23.9862,-36.5967,,-2.99042
59.6303,20.9942,-36.5966,,-2.99261
59.6403,18.0003,-36.5965,,-2.99542
59.6503,15.0041,-36.6032,,-2.99671
59.6603,12.0068,-36.5959,,-2.99805
59.6703,9.00808,-36.5942,,-2.99897
59.6804,6.00856,-36.5896,,-2.99955
59.6904,3.00855,-36.5884,,-3.00053
59.7004,8.11E-03,-36.5861,,-3.00037
59.7104,-2.99226,-36.5815,,-3.00053
59.7204,-5.9923,-36.5778,,-2.99964
59.7303,-8.99193,-36.5793,,-2.99899
59.7403,-11.9903,-36.5554,,-2.99801
59.7503,-14.9878,-36.558,,-2.99729
59.7603,-17.9838,-36.5515,,-2.99509
59.7703,-20.9783,-36.5449,,-2.99372
59.7803,-23.9703,-36.5353,,-2.99065
59.7903,-26.9601,-36.5287,,-2.98852
59.8004,-29.9465,-36.512,,-2.98539
59.8104,-32.9304,-36.496,,-2.98245
59.8204,-35.911,-36.4816,,-2.97913
59.8304,-38.8884,-36.4671,,-2.97549
59.8404,-41.8623,-36.4582,,-2.97225
59.8503,-44.8305,-36.4452,,-2.96592
59.8603,-47.7947,-36.4434,,-2.96242
59.8703,-50.7545,-36.4179,,-2.95724
59.8803,-53.7081,-36.4091,,-2.9515
59.8903,-56.6582,-36.3829,,-2.94803
59.9003,-59.6019,-36.3643,,-2.94005
59.9103,-62.5392,-36.3312,,-2.93533
59.9203,-65.4713,-36.3174,,-2.929
59.9304,-68.3961,-36.2975,,-2.9215
59.9404,-71.3139,-36.2801,,-2.91499
59.9504,-74.225,-36.2641,,-2.90747
59.9604,-77.128,-36.2518,,-2.89903
59.9704,-80.0228,-36.2169,,-2.89146
59.9803,-82.9104,-36.1934,,-2.8845
59.9903,-85.7898,-36.1651,,-2.87558
60.0003,-88.2236,-35.2333,,-0.918966