0.0203376,0.275313,0.993649,,0.242206
0.0403266,0.803376,2.92652,,0.261463
0.0603309,1.30699,4.69069,,0.24291
0.0803352,1.76832,6.29571,,0.218325
0.100339,2.17255,7.60933,,0.186431
0.120328,2.50661,8.63949,,0.148585
0.140333,2.75959,9.3707,,0.10585
0.160337,2.92346,9.78277,,0.0598394
0.180326,2.99292,9.8736,,0.0118266
0.20033,2.96564,9.63365,,-0.0366003
0.220335,2.84248,9.07852,,-0.0838632
0.240339,2.62744,8.24056,,-0.128403
0.260328,2.32758,7.11511,,-0.168641
0.280332,1.95243,5.74061,,-0.203663
0.300336,1.51431,4.15821,,-0.23194
0.320341,1.02717,2.44717,,-0.25286
0.34033,0.506881,0.634382,,-0.265445
0.360334,-0.0298034,-1.21827,,-0.269552
0.380338,-0.565539,-3.02443,,-0.264971
0.400327,-1.08299,-4.73981,,-0.251762
0.420332,-1.56544,-6.31118,,-0.230439
0.440336,-1.99731,-7.6743,,-0.201705
0.46034,-2.36468,-8.77518,,-0.166413
0.480329,-2.65559,-9.59239,,-0.125802
0.500333,-2.86075,-10.1218,,-0.0810446
0.520338,-2.97338,-10.3264,,-0.0336082
0.540327,-2.98997,-10.2025,,0.0146862
0.560331,-2.90996,-9.78013,,0.062678
0.580335,-2.73591,-9.05332,,0.108599
0.600339,-2.47343,-8.04437,,0.151043
0.620328,-2.13106,-6.76866,,0.188538
0.640333,-1.71985,-5.28819,,0.220037
0.660337,-1.25306,-3.62156,,0.244319
0.680326,-0.745763,-1.83307,,0.260771
0.70033,-0.214373,-3.36E-03,,0.268813
0.720335,0.323949,1.83816,,0.268096
0.740339,0.851815,3.61676,,0.258776
0.760328,1.35212,5.27057,,0.241088
0.780332,1.80876,6.73521,,0.2156
0.800336,2.20695,7.97006,,0.18311
0.820341,2.53387,8.94191,,0.144857
0.84033,2.7789,9.61447,,0.101715
0.860334,2.93414,9.96845,,0.0553592
0.880338,2.99445,9.99939,,7.22E-03
0.900327,2.95809,9.71642,,-4.11E-02
0.920331,2.82613,9.13584,,-8.81E-02
0.940336,2.6029,8.25452,,-1.32E-01
0.96034,2.29551,7.09618,,-0.172259
0.980329,1.91398,5.69725,,-0.206559
1.00033,1.47061,4.10998,,-0.234222
1.02034,0.979723,2.3797,,-2.54E-01
1.04033,0.457137,0.55544,,-2.66E-01
1.06033,-0.0801794,-1.29238,,-2.69E-01
1.08034,-0.614921,-3.09737,,-2.64E-01
1.10034,-1.12983,-4.79261,,-2.50E-01
1.12033,-1.60818,-6.34875,,-2.28E-01
1.14033,-2.03458,-7.69644,,-1.99E-01
1.16034,-2.39528,-8.78723,,-1.63E-01
1.18033,-2.67852,-9.57373,,-1.22E-01
1.20033,-2.87525,-10.0614,,-7.67E-02
1.22033,-2.97906,-10.2534,,-2.92E-02
1.24034,-2.98661,-10.1143,,1.92E-02
1.26033,-2.89761,-9.65725,,6.71E-02
1.28033,-2.71507,-8.9028,,1.13E-01
1.30034,-2.44468,-7.87347,,1.55E-01
1.32034,-2.09536,-6.58805,,1.92E-01
1.34033,-1.6784,-5.07497,,2.23E-01
1.36033,-1.20715,-3.399,,2.46E-01
1.38034,-0.696883,-1.61194,,2.62E-01
1.40033,-0.164134,0.222164,,2.69E-01
1.42033,0.373946,2.05448,,2.68E-01
1.44034,0.899933,3.82392,,2.57E-01
1.46034,1.39683,5.45229,,2.39E-01
1.48033,1.84862,6.89671,,2.13E-01
1.50033,2.24071,8.10573,,1.80E-01
1.52034,2.56036,9.05037,,1.41E-01
1.54033,2.79727,9.69026,,9.76E-02
1.56033,2.94377,10.0073,,5.09E-02
1.58034,2.99519,10.0132,,2.73E-03
1.60034,2.94981,9.70513,,-4.56E-02
1.62033,2.80903,9.09369,,-9.25E-02
1.64033,2.57754,8.17777,,-1.36E-01
1.66034,2.26287,6.99932,,-1.76E-01
1.68033,1.87498,5.58138,,-2.09E-01
1.70033,1.4265,3.97783,,-0.236493
1.72033,0.93196,2.23674,,-0.255749
1.74034,0.407306,0.404365,,-0.266895
1.76033,-0.13052,-1.44037,,-0.269381
1.78033,-0.664141,-3.23196,,-0.263117
1.80034,-1.17632,-4.92449,,-0.248382
1.82034,-1.65043,-6.46944,,-0.225661
1.84033,-2.07125,-7.78514,,-0.195568
1.86033,-2.42515,-8.84498,,-0.15917
1.88034,-2.70068,-9.61454,,-0.117746
1.90033,-2.8889,-10.0859,,-0.072257
1.92033,-2.98389,-10.2329,,-2.48E-02
1.94034,-2.98235,-10.0657,,2.38E-02
1.96034,-2.88449,-9.58383,,7.15E-02
1.98033,-2.69336,-8.80427,,1.17E-01
2.00033,-2.41529,-7.74631,,0.158395
2.02034,-2.05913,-6.43134,,0.194969
2.04033,-1.63643,-4.91006,,0.225137
2.06033,-1.16091,-3.22118,,0.247988
2.08034,-0.647828,-1.42247,,0.262911
2.10034,-0.11384,0.416505,,0.269344
2.12033,0.423863,2.24411,,0.26705
2.14033,0.947858,3.99571,,0.256097
2.16034,1.44121,5.61161,,0.236879
2.18033,1.88803,7.04402,,0.210047
2.20033,2.2738,8.22331,,0.176374
2.22033,2.58609,9.13766,,0.137057
2.24034,2.81492,9.74839,,0.0933001
2.26033,2.95269,10.0436,,0.0464562
2.28033,2.99502,10.014,,-1.81E-03
2.30034,2.94062,9.67164,,-0.0500751
2.32034,2.79119,9.03388,,-0.0966192
2.34033,2.5516,8.09898,,-0.140142
2.36033,2.22953,6.88737,,-0.179083
2.38034,1.83546,5.44968,,-0.212351
2.40033,1.38204,3.83521,,-0.238567
2.42033,0.883967,2.07862,,-0.257206
2.44034,0.357359,0.240096,,-0.267472
2.46034,-0.180811,-1.59924,,-0.269138
2.48033,-7.13E-01,-3.38245,,-0.26213
2.50033,-1.22244,-5.06985,,-0.246563
2.52034,-1.69223,-6.59406,,-0.22312
2.54033,-2.10733,-7.8883,,-0.192446
2.56033,-2.45439,-8.91895,,-0.155499
2.58034,-2.72208,-9.66609,,-0.113575
2.60034,-2.90183,-10.11,,-0.0680032
2.62033,-2.98784,-10.2277,,-0.0201796
2.64033,-2.97735,-10.0296,,0.0283384
2.66034,-2.87047,-9.51709,,0.0758067
2.68033,-2.67098,-8.7124,,0.120941
2.70033,-2.38513,-7.62793,,0.162051
2.72033,-2.02229,-6.296,,0.197998
2.74034,-1.59405,-4.75255,,0.227596
2.76033,-1.1143,-3.0462,,0.249773
2.78033,-0.598564,-1.24523,,0.263917
2.80034,-0.0634944,0.597935,,0.269484
2.82034,0.473672,2.42273,,0.266379
2.84033,0.995507,4.16967,,0.254611
2.86033,1.48513,5.76577,,0.234681
2.88034,1.92685,7.17305,,0.207208
2.90033,2.30626,8.33844,,0.172924
2.92033,2.61115,9.22286,,0.133101
2.94034,2.83164,9.79907,,0.0890223
2.96034,2.96074,10.0677,,0.0420333
2.98033,2.99409,10.0125,,-6.33E-03
3.00033,2.93064,9.64457,,-5.45E-02
3.02034,2.77254,8.97305,,-1.01E-01
3.04033,2.52485,8.00581,,-1.44E-01
3.06033,2.19559,6.77888,,-0.182427
3.08034,1.79539,5.32641,,-0.215044
3.10034,1.33717,3.67872,,-0.240679
3.12033,0.835738,1.91505,,-0.258597
3.14033,0.30728,0.084414,,-0.267937
3.16034,-0.23106,-1.75408,,-0.26887
3.18033,-0.761979,-3.54341,,-0.261023
3.20033,-1.26825,-5.22111,,-0.244715
3.22033,-1.73355,-6.71437,,-0.220482
3.24034,-2.14281,-7.99443,,-0.189274
3.26033,-2.4829,-9.01122,,-0.151781
3.28033,-2.74273,-9.72436,,-0.109452
3.30034,-2.91393,-10.1282,,-0.0635716
3.32034,-2.99093,-10.2279,,-0.0156286
3.34033,-2.97131,-9.99719,,0.0327525
3.36033,-2.85571,-9.45599,,0.0802049
3.38034,-2.64781,-8.62585,,0.1249
3.40033,-2.35437,-7.51725,,0.165741
3.42033,-1.98479,-6.15992,,0.201025
3.44034,-1.55115,-4.59147,,0.23
3.46034,-1.06739,-2.88612,,0.251442
3.48033,-0.549129,-1.07561,,0.264775
3.50033,-0.0131237,0.779388,,0.26953
3.52034,0.523304,2.60261,,0.265622
3.54033,1.04285,4.32878,,0.25314
3.56033,1.52869,5.9139,,0.232444
3.58034,1.96511,7.31133,,0.204241
3.60034,2.33805,8.45358,,0.169481
3.62033,2.63546,9.29848,,0.129155
3.64033,2.84771,9.85216,,0.0846852
3.66034,2.96789,10.0952,,0.0375297
3.68033,2.99219,10.0117,,-0.0108848
3.70033,2.91981,9.60791,,-0.0589094
3.72033,2.7531,8.90533,,-0.105064
3.74034,2.49743,7.91744,,-0.147819
3.76033,2.16103,6.67063,,-0.185746
3.78033,1.75485,5.18505,,-0.217771
3.80034,1.29192,3.5266,,-0.242662
3.82034,0.78724,1.7589,,-0.259771
3.84033,0.257173,-0.085583,,-0.268481
3.86033,-0.281221,-1.92372,,-0.268481
3.88034,-0.810547,-3.70454,,-0.259839
3.90033,-1.31369,-5.36037,,-0.242803
3.92033,-1.77436,-6.84897,,-0.217871
3.94034,-2.17774,-8.10934,,-0.185971
3.96034,-2.51069,-9.08344,,-0.147986
3.98033,-2.76255,-9.77366,,-0.105268
4.00033,-2.92515,-10.1615,,-0.0592164
4.02034,-2.99322,-10.2265,,-1.11E-02
4.04033,-2.96455,-9.96664,,3.73E-02
4.06033,-2.84006,-9.39206,,8.45E-02
4.08034,-2.62386,-8.53707,,1.29E-01
4.10034,-2.32281,-7.40525,,0.169291
4.12033,-1.94681,-6.02049,,0.204006
4.14033,-1.50788,-4.44087,,0.23232
4.16034,-1.02017,-2.71228,,2.53E-01
4.18033,-0.499542,-0.892989,,2.66E-01
4.20033,0.0372413,0.95275,,2.70E-01
4.22033,0.572821,2.76794,,2.65E-01
4.24034,1.0899,4.49756,,2.52E-01
4.26033,1.57179,6.07456,,2.30E-01
4.28033,2.00287,7.43366,,2.01E-01
4.30034,2.36926,8.54463,,1.66E-01
4.32034,2.65899,9.3843,,1.25E-01
4.34033,2.86285,9.91444,,8.05E-02
4.36033,2.97429,10.1127,,3.31E-02
4.38034,2.98953,9.99761,,-1.55E-02
4.40033,2.90821,9.57369,,-6.33E-02
4.42033,2.73291,8.85318,,-1.09E-01
4.44034,2.4693,7.82494,,-1.52E-01
4.46034,2.12587,6.54689,,-1.89E-01
4.48033,1.71379,5.05724,,-2.20E-01
4.50033,1.24631,3.38737,,-2.45E-01
4.52034,0.738575,1.59004,,-2.61E-01
4.54033,0.206982,-0.254316,,-2.69E-01
4.56033,-0.331311,-2.08465,,-2.68E-01
4.58034,-0.858903,-3.85746,,-2.59E-01
4.60034,-1.35874,-5.51372,,-2.41E-01
4.62033,-1.81468,-6.97538,,-2.15E-01
4.64033,-2.21199,-8.20822,,-1.83E-01
4.66034,-2.53783,-9.16933,,-1.44E-01
4.68033,-2.78163,-9.83739,,-1.01E-01
4.70033,-2.93556,-10.1877,,-5.48E-02
4.72033,-2.9946,-10.2171,,-6.58E-03
4.74034,-2.95699,-9.93166,,4.17E-02
4.76033,-2.82365,-9.33492,,8.89E-02
4.78033,-2.59922,-8.44752,,1.33E-01
4.80034,-2.29077,-7.28447,,1.73E-01
4.82034,-1.9083,-5.88134,,2.07E-01
4.84033,-1.46414,-4.28835,,0.234522
4.86033,-0.972704,-2.54453,,0.254567
4.88034,-0.449803,-0.715685,,0.266388
4.90033,0.0876052,1.13401,,0.269445
4.92033,0.622185,2.94404,,0.263972
4.94034,1.13666,4.65844,,0.249826
4.96034,1.61443,6.21357,,0.227741
4.98033,2.04,7.5651,,0.198214
5.00033,2.3997,8.65633,,0.162284
5.02034,2.68187,9.45846,,0.121143
5.04033,2.87729,9.958,,0.0760388
5.06033,2.97973,10.1297,,0.0285695
5.08034,2.98603,9.99096,,-1.99E-02
5.10034,2.89569,9.53502,,-6.78E-02
5.12033,2.71186,8.77987,,-1.13E-01
5.14033,2.44039,7.73025,,-0.155249
5.16034,2.09008,6.42701,,-0.192262
5.18033,1.67224,4.91461,,-0.222983
5.20033,1.20035,3.23128,,-0.246421
5.22033,0.689663,1.4304,,-0.262083
5.24034,0.156718,-0.425882,,-0.269123
5.26033,-0.381325,-2.24847,,-0.267546
5.28033,-0.907031,-4.01252,,-0.257273
5.30034,-1.40344,-5.66049,,-0.238749
5.32034,-1.85452,-7.10908,,-0.212413
5.34033,-2.24561,-8.31531,,-0.179299
5.36033,-2.56416,-9.24894,,-0.140368
5.38034,-2.79994,-9.8858,,-0.0968826
5.40033,-2.9451,-10.2116,,-0.0502781
5.42033,-2.99523,-10.2135,,-2.08E-03
5.44034,-2.94853,-9.90137,,0.0462477
5.46034,-2.80648,-9.27099,,0.0930994
5.48033,-2.57385,-8.35734,,0.136788
5.50033,-2.25799,-7.17643,,0.176191
5.52034,-1.86922,-5.74662,,0.209861
5.54033,-1.42,-4.12587,,0.236799
5.56033,-0.92492,-2.37742,,0.256009
5.58034,-0.399961,-0.545169,,0.267006
5.60034,0.137925,1.3119,,0.269295
5.62033,0.671395,3.11579,,0.263058
5.64033,1.18311,4.81964,,0.248063
5.66034,1.65664,6.35937,,0.225249
5.68033,2.07659,7.69492,,0.195161
5.70033,2.42953,8.75701,,0.15865
5.72033,2.70391,9.53195,,0.116989
5.74034,2.89085,10.0027,,0.0717582
5.76033,2.9845,10.1476,,0.0240585
5.78033,2.98164,9.97382,,-0.0245385
5.80034,2.88246,9.4889,,-0.0720295
5.82034,2.69011,8.70915,,-0.117475
5.84033,2.4109,7.6374,,-0.158953
5.86033,2.05374,6.30542,,-0.195387
5.88034,1.63022,4.77126,,-0.225526
5.90033,1.15404,3.07964,,-0.248253
5.92033,0.640577,1.26462,,-0.263076
5.94034,0.106407,-0.592967,,-0.269379
5.96034,-0.431225,-2.41913,,-0.266947
5.98033,-0.954899,-4.17099,,-0.255842
6.00033,-1.44771,-5.80366,,-0.236575
6.02034,-1.89376,-7.24363,,-0.20968
6.04033,-2.27865,-8.42049,,-0.17585
6.06033,-2.58982,-9.3209,,-0.136483
6.08034,-2.81744,-9.94446,,-0.0926876
6.10034,-2.95395,-10.2393,,-0.0457953
6.12033,-2.99497,-10.207,,2.48E-03
6.14033,-2.93919,-9.86207,,5.07E-02
6.16034,-2.78856,-9.21286,,9.73E-02
6.18033,-2.54767,-8.27061,,1.41E-01
6.20033,-2.22459,-7.0516,,0.17954
6.22033,-1.82961,-5.61223,,0.21267
6.24034,-1.37544,-3.97882,,0.238913
6.26033,-0.876908,-2.20999,,0.257402
6.28033,-0.350009,-0.36803,,0.267564
6.30034,0.188207,1.47751,,0.269112
6.32034,0.720351,3.281,,0.261982
6.34033,1.22919,4.98209,,0.246319
6.36033,1.69832,6.50599,,0.222718
6.38034,2.11261,7.80727,,0.19199
6.40033,2.45858,8.85425,,0.154895
6.42033,2.72514,9.6068,,0.112989
6.44034,2.90367,10.0425,,0.067387
6.46034,2.98839,10.1592,,0.0194712
6.48033,2.97638,9.95919,,-0.0289767
6.50033,2.86833,9.44992,,-0.0764998
6.52034,2.66758,8.62938,,-0.121476
6.54033,2.38064,7.53358,,-0.162599
6.56033,2.01677,6.18656,,-0.198475
6.58034,1.58776,4.62655,,-0.227945
6.60034,1.10743,2.91478,,-0.250012
6.62033,0.591278,1.09658,,-0.264002
6.64033,0.0560533,-0.757864,,-0.269538
6.66034,-0.481006,-2.58793,,-0.266299
6.68033,-1.0025,-4.33909,,-0.254412
6.70033,-1.49162,-5.94995,,-0.234328
6.72033,-1.93253,-7.36302,,-0.206762
6.74034,-2.311,-8.52888,,-0.1724
6.76033,-2.61481,-9.41173,,-0.132563
6.78033,-2.83407,-9.98917,,-0.0883763
6.80034,-2.9618,-10.2575,,-0.0413505
6.82034,-2.99384,-10.2015,,7.00E-03
6.84033,-2.92908,-9.83137,,0.0551656
6.86033,-2.76976,-9.14325,,0.101483
6.88034,-2.52081,-8.17441,,0.144596
6.90033,-2.19052,-6.93971,,0.182927
6.92033,-1.78946,-5.47262,,0.215433
6.94034,-1.33054,-3.81936,,0.240912
6.96034,-0.828615,-2.0413,,0.258789
6.98033,-0.299957,-0.198284,,0.268047
7.00033,0.23843,1.65335,,0.268815
7.02034,0.769107,3.45132,,0.260834
7.04033,1.27492,5.13267,,0.244468
7.06033,1.73956,6.6472,,0.220153
7.08034,2.148,7.93099,,0.188732
7.10034,2.48699,8.95139,,0.151227
7.12033,2.74566,9.67475,,0.108875
7.14033,2.91559,10.0822,,0.0628894
7.16034,2.99131,10.1711,,1.50E-02
7.18033,2.97044,9.93745,,-3.34E-02
7.20033,2.85345,9.39729,,-8.08E-02
7.22033,2.64432,8.55731,,-1.26E-01
7.24034,2.3497,7.43476,,-0.166238
7.26033,1.97924,6.06173,,-0.201456
7.28033,1.54478,4.48118,,-0.230379
7.30034,1.06044,2.75212,,-2.52E-01
7.32034,0.541804,0.931373,,-2.65E-01
7.34033,5.67E-03,-0.92557,,-2.70E-01
7.36033,-0.530631,-2.75702,,-2.65E-01
7.38034,-1.04983,-4.50357,,-2.53E-01
7.40033,-1.53507,-6.09716,,-2.32E-01
7.42033,-1.97075,-7.4823,,-2.04E-01
7.44034,-2.34272,-8.63098,,-1.69E-01
7.46034,-2.639,-9.49212,,-1.29E-01
7.48033,-2.84995,-10.0426,,-8.41E-02
7.50033,-2.9689,-10.2708,,-3.69E-02
7.52034,-2.99191,-10.1933,,1.15E-02
7.54033,-2.91816,-9.79183,,5.95E-02
7.56033,-2.75019,-9.07407,,1.06E-01
7.58034,-2.49331,-8.07758,,1.48E-01
7.60034,-2.15591,-6.82204,,1.86E-01
7.62033,-1.74886,-5.33872,,2.18E-01
7.64033,-1.28524,-3.66009,,2.43E-01
7.66034,-0.780135,-1.87264,,2.60E-01
7.68033,-0.249801,-0.0269572,,2.68E-01
7.70033,0.288599,1.82827,,2.68E-01
7.72033,0.817668,3.62351,,2.60E-01
7.74034,1.32033,5.28918,,2.42E-01
7.76033,1.7803,6.77984,,2.17E-01
7.78033,2.18279,8.05342,,1.85E-01
7.80034,2.51479,9.04597,,1.47E-01
7.82034,2.76544,9.7371,,1.05E-01
7.84033,2.92678,10.1217,,5.85E-02
7.86033,2.99348,10.1808,,1.04E-02
7.88034,2.96345,9.91585,,-3.79E-02
7.90033,2.83769,9.34633,,-8.51E-02
7.92033,2.62026,8.47836,,-1.30E-01
7.94034,2.31813,7.32629,,-1.70E-01
7.96034,1.94116,5.9288,,-2.05E-01
7.98033,1.5014,4.34447,,-0.232659
8.00033,1.01318,2.60232,,-0.253224
8.02034,0.492195,0.763469,,-0.265691
8.04033,-0.0446878,-1.10228,,-0.269563
8.06033,-0.580137,-2.92171,,-0.264667
8.08034,-1.09683,-4.65416,,-0.25133
8.10034,-1.57811,-6.23554,,-0.229724
8.12033,-2.00839,-7.61214,,-0.200861
8.14033,-2.37376,-8.72934,,-0.165327
8.16034,-2.66252,-9.56002,,-0.124628
8.18033,-2.86509,-10.0876,,-0.0796872
8.20033,-2.97519,-10.295,,-0.0324084
8.22034,-2.98912,-10.184,,1.61E-02
8.24034,-2.90644,-9.74676,,6.39E-02
8.26033,-2.72985,-9.00314,,1.10E-01
8.28033,-2.46504,-7.97946,,0.152063
8.30034,-2.12065,-6.70358,,0.189562
8.32034,-1.70771,-5.19197,,0.220749
8.34033,-1.2396,-3.50317,,0.244924
8.36033,-0.731418,-1.70441,,0.261075
8.38034,-0.199607,0.147499,,0.268885
8.40033,0.338656,1.99888,,0.268
8.42033,0.865974,3.79037,,0.258378
8.44034,1.3653,5.45065,,0.240533
8.46034,1.82054,6.92027,,0.214746
8.48033,2.21695,8.1606,,0.182195
8.50033,2.54167,9.13298,,0.143589
8.52034,2.78435,9.8011,,0.100563
8.54033,2.93701,10.1529,,0.0540306
8.56033,2.99476,10.1801,,5.93E-03
8.58034,2.95573,9.89398,,-0.0423959
8.60034,2.82122,9.29087,,-0.0894104
8.62033,2.59546,8.39373,,-0.133561
8.64033,2.28597,7.21721,,-0.173177
8.66034,1.90254,5.805,,-0.207437
8.68033,1.45762,4.19177,,-0.234947
8.70033,0.965638,2.43392,,-0.2547
8.72034,0.442445,0.596501,,-0.266503
8.74034,-0.0950302,-1.27061,,-0.269445
8.76033,-0.629474,-3.08951,,-0.263808
8.78033,-1.14356,-4.81631,,-0.249587
8.80034,-1.62071,-6.37956,,-0.227369
8.82034,-2.04548,-7.7301,,-0.19775
8.84033,-2.40417,-8.83116,,-0.161776
8.86033,-2.68513,-9.63516,,-0.120499
8.88034,-2.87938,-10.1293,,-0.0754721
8.90033,-2.98055,-10.3109,,-0.0278412
8.92033,-2.98544,-10.1678,,0.0205854
8.94034,-2.89382,-9.70269,,0.0683527
8.96034,-2.70874,-8.93158,,0.113978
8.98033,-2.43612,-7.88853,,0.155808
9.00033,-2.08478,-6.57838,,0.192724
9.02034,-1.66611,-5.04243,,0.223353
9.04033,-1.19356,-3.34477,,0.246748
9.06033,-0.68247,-1.53877,,0.262212
9.08034,-0.149319,3.14E-01,,0.269165
9.10034,0.388659,2.17918,,0.267415
9.12033,0.914072,3.95756,,0.257086
9.14033,1.40994,5.59857,,0.238407
9.16034,1.86028,7.05456,,0.212034
9.18033,2.25048,8.28199,,0.178797
9.20033,2.57E+00,9.22468,,0.139837
9.22034,2.80255,9.86105,,0.096262
9.24034,2.94646,10.1861,,0.0496158
9.26033,2.99525,10.1818,,1.38E-03
9.28033,2.94718,9.86587,,-4.69E-02
9.30034,2.80388,9.23878,,-9.37E-02
9.32034,2.57001,8.30959,,-1.37E-01
9.34033,2.25307,7.10925,,-0.176708
9.36033,1.86334,5.66723,,-0.210281
9.38034,1.41346,4.04401,,-0.237053
9.40033,0.917848,2.27552,,-0.256261
9.42033,0.3926,0.42103,,-0.267074
9.44034,-0.145349,-1.43934,,-0.269344
9.46034,-0.67861,-3.25173,,-0.262839
9.48033,-1.18992,-4.97018,,-0.247818
9.50033,-1.66278,-6.52785,,-0.22492
9.52034,-2.08196,-7.85868,,-0.194665
9.54033,-2.43384,-8.92098,,-0.158104
9.56033,-2.70708,-9.69985,,-0.11648
9.58034,-2.89293,-10.1764,,-0.0710353
9.60034,-2.98512,-10.3273,,-0.0234028
9.62033,-2.98098,-10.1427,,0.0251483
9.64033,-2.88044,-9.65287,,0.0727838
9.66034,-2.68686,-8.86244,,0.118015
9.68033,-2.40649,-7.78679,,0.159537
9.70033,-2.0483,-6.44759,,0.195869
9.72034,-1.62393,-4.89935,,0.225858
9.74034,-1.14717,-3.19029,,0.248508
9.76033,-0.633323,-1.3667,,0.263234
9.78033,-0.0989917,0.498542,,0.269374
9.80034,0.438564,2.34875,,0.266816
9.82034,0.961913,4.11449,,0.255702
9.84033,1.45423,5.75507,,0.23627
9.86033,1.89951,7.19287,,0.209169
9.88034,2.28343,8.38845,,0.175411
9.90033,2.59356,9.31231,,0.135875
9.92033,2.81983,9.92079,,0.0920001
9.94034,2.95513,10.2157,,0.0452035
9.96034,2.99485,10.1899,,-3.15E-03
9.98033,2.93782,9.83597,,-0.0512903
10.0003,2.78579,9.17719,,-0.0979406
10.0203,2.54381,8.2224,,-0.141307
10.0403,2.2196,7.00021,,-0.180118
10.0603,1.82371,5.53717,,-0.21309
10.0803,1.3689,3.89571,,-0.239185
10.1003,0.869791,2.11357,,-0.257638
10.1203,0.342624,0.248691,,-0.267652
10.1403,-0.19562,-1.60905,,-0.269104
10.1603,-0.727544,-3.41803,,-0.261767
10.1803,-1.23595,-5.12612,,-0.246055
10.2003,-1.70445,-6.66919,,-0.222354
10.2203,-2.11783,-7.97376,,-0.191492
10.2403,-2.46281,-9.0182,,-0.154378
10.2603,-2.72823,-9.76938,,-0.112395
10.2803,-2.90546,-10.2153,,-0.0666522
10.3003,-2.98877,-10.3366,,-1.88E-02
10.3203,-2.97561,-10.1234,,2.96E-02
10.3403,-2.86618,-9.60137,,7.71E-02
10.3603,-2.66418,-8.78596,,1.22E-01
10.3803,-2.37616,-7.67704,,0.163135
10.4003,-2.01126,-6.31986,,0.198972
10.4203,-1.58141,-4.75165,,0.228238
10.4403,-1.10052,-3.02237,,2.50E-01
10.4603,-0.58399,-1.20068,,2.64E-01
10.4803,-0.0486349,0.675318,,2.70E-01
10.5003,0.488337,2.52012,,2.66E-01
10.5203,1.0095,4.27941,,2.54E-01
10.5403,1.49803,5.90724,,2.34E-01
10.5603,1.93817,7.3322,,2.06E-01
10.5803,2.3157,8.50286,,1.72E-01
10.6003,2.61841,9.38567,,1.32E-01
10.6203,2.83647,9.97827,,8.76E-02
10.6403,2.9629,10.249,,4.07E-02
10.6603,2.99359,10.1812,,-7.61E-03
10.6803,2.92754,9.8021,,-5.58E-02
10.7003,2.7669,9.11878,,-1.02E-01
10.7203,2.51689,8.13814,,-1.45E-01
10.7403,2.18549,6.8864,,-1.83E-01
10.7603,1.78349,5.39789,,-2.16E-01
10.7803,1.32388,3.74105,,-2.41E-01
10.8003,0.821503,1.94472,,-2.59E-01
10.8203,0.292561,0.0832084,,-2.68E-01
10.8403,-0.245853,-1.77051,,-2.69E-01
10.8603,-0.776281,-3.59242,,-2.61E-01
10.8803,-1.28165,-5.28566,,-2.44E-01
10.9003,-1.7456,-6.79948,,-2.20E-01
10.9203,-2.15315,-8.08741,,-1.88E-01
10.9403,-2.49119,-9.11657,,-1.51E-01
10.9603,-2.74864,-9.84272,,-1.08E-01
10.9803,-2.91729,-10.2474,,-6.23E-02
11.0003,-2.99164,-10.3344,,-1.43E-02
11.0203,-2.96946,-10.1069,,3.40E-02
11.0403,-2.85124,-9.55816,,8.15E-02
11.0603,-2.64087,-8.69858,,1.26E-01
11.0803,-2.34512,-7.56706,,1.67E-01
11.1003,-1.97369,-6.19725,,2.02E-01
11.1203,-1.53848,-4.60596,,0.230677
11.1403,-1.05352,-2.85801,,0.251939
11.1603,-0.534539,-1.0161,,0.264995
11.1803,1.72E-03,0.848291,,0.269582
11.2003,0.537931,2.68711,,0.265429
11.2203,1.05675,4.44965,,0.252653
11.2403,1.54141,6.05685,,0.231764
11.2603,1.9763,7.46221,,0.203366
11.2803,2.34736,8.60943,,0.168422
11.3003,2.64251,9.47397,,0.127987
11.3203,2.85228,10.0335,,0.0834123
11.3403,2.9699,10.2686,,0.0361993
11.3603,2.99153,10.1736,,-1.22E-02
11.3803,2.91648,9.76453,,-6.02E-02
11.4003,2.74727,9.05557,,-1.06E-01
11.4203,2.48928,8.04589,,-0.148922
11.4403,2.15076,6.76224,,-0.186767
11.4603,1.74281,5.26232,,-0.218509
11.4803,1.27853,3.58664,,-0.243225
11.5003,0.772958,1.78051,,-0.260124
11.5203,0.242406,-0.0881902,,-0.268599
11.5403,-0.295977,-1.94971,,-0.26837
11.5603,-0.824818,-3.74954,,-0.259492
11.5803,-1.32697,-5.43379,,-0.242185
11.6003,-1.78627,-6.94279,,-0.217126
11.6203,-2.18787,-8.20825,,-0.18501
11.6403,-2.51873,-9.20273,,-0.14692
11.6603,-2.76826,-9.90081,,-0.104039
11.6803,-2.92832,-10.2874,,-0.0578845
11.7003,-2.99367,-10.3488,,-9.75E-03
11.7203,-2.96237,-10.076,,0.0385738
11.7403,-2.83538,-9.49638,,0.085751
11.7603,-2.61666,-8.62315,,0.130135
11.7803,-2.31346,-7.46492,,0.170298
11.8003,-1.93549,-6.06214,,0.204909
11.8203,-1.49501,-4.45676,,0.232985
11.8403,-1.00622,-2.69683,,0.253469
11.8603,-0.484876,-0.846474,,0.265833
11.8803,0.0520922,1.01969,,0.269522
11.9003,0.587412,2.8611,,0.264608
11.9203,1.10375,4.6137,,0.251062
11.9403,1.58442,6.20401,,0.229409
11.9603,2.0139,7.58624,,0.200329
11.9803,2.37828,8.71736,,0.164846
12.0003,2.66587,9.56083,,0.123999
12.0203,2.86726,10.0815,,0.0790721
12.0403,2.97602,10.2835,,0.0317799
12.0603,2.98861,10.1692,,-0.0168113
12.0803,2.90456,9.73171,,-0.0645897
12.1003,2.7268,8.98698,,-0.110452
12.1203,2.46079,7.94645,,-0.152708
12.1403,2.11544,6.65096,,-0.189938
12.1603,1.70158,5.12773,,-0.221156
12.1803,1.23284,3.42826,,-0.245141
12.2003,0.724207,1.61485,,-0.261316
12.2203,0.192185,-0.258724,,-0.268904
12.2403,-0.346008,-2.12E+00,,-0.267913
12.2603,-0.873072,-3.91649,,-0.258236
12.2803,-1.37194,-5.58721,,-0.240176
12.3003,-1.82645,-7.07168,,-0.214398
12.3203,-2.22196,-8.32506,,-0.181682
12.3403,-2.55E+00,-9.28806,,-0.143072
12.3603,-2.78706,-9.96072,,-0.0998488
12.3803,-2.93845,-10.3222,,-0.0534266
12.4003,-2.99489,-10.3474,,-5.28E-03
12.4203,-2.95457,-10.0459,,4.31E-02
12.4403,-2.81874,-9.44411,,9.01E-02
12.4603,-2.59177,-8.54061,,1.34E-01
12.4803,-2.28112,-7.35386,,0.173717
12.5003,-1.8968,-5.92642,,0.207873
12.5203,-1.45116,-4.30511,,0.235214
12.5403,-0.958616,-2.53463,,0.254982
12.5603,-0.435103,-0.675261,,0.266554
12.5803,0.10246,1.19461,,0.269459
12.6003,0.636719,3.03247,,0.263638
12.6203,1.1504,4.7742,,0.249373
12.6403,1.62696,6.35217,,0.226984
12.6603,2.05091,7.71549,,0.197327
12.6803,2.40855,8.81552,,0.161207
12.7003,2.68846,9.63399,,0.119969
12.7203,2.88143,10.1314,,0.074736
12.7403,2.98134,10.3054,,0.0272045
12.7603,2.98479,10.1547,,-0.0212301
12.7803,2.89194,9.6924,,-0.0690235
12.8003,2.70557,8.92079,,-0.114547
12.8203,2.43178,7.85238,,-0.156464
12.8403,2.07946,6.52483,,-0.193085
12.8603,1.65991,4.98387,,-0.223764
12.8803,1.18675,3.27586,,-0.247026
12.9003,0.675227,1.44801,,-0.262327
12.9203,0.14189,-0.433813,,-0.269209
12.9403,-0.396016,-2.29435,,-0.267361
12.9603,-0.92115,-4.08041,,-0.256895
12.9803,-1.4165,-5.73906,,-0.238113
13.0003,-1.86611,-7.21177,,-0.211586
13.0203,-2.25538,-8.43368,,-0.17826
13.0403,-2.57187,-9.3728,,-0.139321
13.0603,-2.80514,-10.0237,,-0.0955931
13.0803,-2.94781,-10.3451,,-0.0489553
13.1003,-2.99521,-10.3432,,-7.40E-04
13.1203,-2.94581,-10.0207,,0.0475958
13.1403,-2.8013,-9.39003,,0.0942283
13.1603,-2.56622,-8.44489,,0.137988
13.1803,-2.24823,-7.23119,,0.177218
13.2003,-1.85757,-5.79796,,0.210691
13.2203,-1.40692,-4.15484,,0.237462
13.2403,-0.910799,-2.36195,,0.256421
13.2603,-0.385235,-0.500896,,0.267158
13.2803,0.152759,1.36306,,0.269267
13.3003,0.685802,3.20335,,0.26266
13.3203,1.1967,4.93652,,0.247647
13.3403,1.66896,6.49272,,0.224526
13.3603,2.08728,7.83609,,0.194173
13.3803,2.43815,8.92155,,0.157535
13.4003,2.71023,9.70753,,0.115899
13.4203,2.8947,10.1719,,0.0703941
13.4403,2.98569,10.3143,,2.27E-02
13.4603,2.98016,10.1498,,-2.58E-02
13.4803,2.87837,9.65369,,-7.34E-02
13.5003,2.68356,8.83732,,-1.19E-01
13.5203,2.40204,7.74501,,-0.160097
13.5403,2.04286,6.41283,,-0.196247
13.5603,1.61776,4.84771,,-0.226231
13.5803,1.14035,3.10079,,-2.49E-01
13.6003,0.626039,1.27228,,-2.63E-01
13.6203,0.0915626,-0.592728,,-2.69E-01
13.6403,-0.445903,-2.46371,,-2.67E-01
13.6603,-0.968976,-4.25434,,-2.56E-01
13.6803,-1.46069,-5.89304,,-2.36E-01
13.7003,-1.90527,-7.33422,,-2.09E-01
13.7203,-2.28826,-8.54057,,-1.75E-01
13.7403,-2.59728,-9.4712,,-1.35E-01
13.7603,-2.8224,-10.0828,,-9.13E-02
13.7803,-2.95628,-10.3683,,-4.45E-02
13.8003,-2.99472,-10.3429,,3.80E-03
13.8203,-2.9363,-9.99278,,5.20E-02
13.8403,-2.78304,-9.32327,,9.85E-02
13.8603,-2.53987,-8.35365,,1.42E-01
13.8803,-2.21463,-7.12619,,1.81E-01
13.9003,-1.81781,-5.66337,,2.14E-01
13.9203,-1.36226,-3.99191,,2.39E-01
13.9403,-0.862696,-2.18701,,2.58E-01
13.9603,-0.335231,-0.333545,,2.68E-01
13.9803,0.203007,1.54033,,2.69E-01
14.0003,7.35E-01,3.37973,,2.62E-01
14.0203,1.24273,5.09963,,2.46E-01
14.0403,1.71056,6.63417,,2.22E-01
14.0603,2.1231,7.96023,,1.91E-01
14.0803,2.46702,9.0226,,1.54E-01
14.1003,2.73126,9.77806,,1.12E-01
14.1203,2.9072,10.2133,,6.60E-02
14.1403,2.98928,10.328,,1.82E-02
14.1603,2.97471,10.1295,,-3.03E-02
14.1803,2.86404,9.60044,,-7.77E-02
14.2003,2.66082,8.76666,,-1.23E-01
14.2203,2.37161,7.64756,,-1.64E-01
14.2403,2.00578,6.27996,,-1.99E-01
14.2603,1.57515,4.70018,,-0.228671
14.2803,1.09361,2.94982,,-0.250525
14.3003,0.576737,1.10608,,-0.264281
14.3203,0.0412033,-0.774176,,-0.269507
14.3403,-0.495639,-2.62932,,-0.266106
14.3603,-1.01645,-4.41547,,-0.253963
14.3803,-1.50446,-6.04525,,-0.233691
14.4003,-1.94384,-7.46963,,-0.205871
14.4203,-2.32042,-8.64619,,-0.171414
14.4403,-2.62194,-9.54625,,-0.131343
14.4603,-2.83883,-10.1351,,-0.0871464
14.4803,-2.96397,-10.3998,,-0.0399911
14.5003,-2.99336,-10.3346,,8.31E-03
14.5203,-2.92599,-9.95728,,5.64E-02
14.5403,-2.76405,-9.26569,,1.03E-01
14.5603,-2.51276,-8.26636,,1.46E-01
14.5803,-2.18037,-7.00379,,0.183879
14.6003,-1.77754,-5.52158,,0.216237
14.6203,-1.31723,-3.84521,,0.241537
14.6403,-0.81437,-2.02331,,0.259068
14.6603,-0.285156,-0.155863,,0.268302
14.6803,0.253243,1.71094,,0.268695
14.7003,0.783448,3.54135,,0.260481
14.7203,1.28834,5.25785,,0.243852
14.7403,1.75163,6.78324,,0.219385
14.7603,2.15831,8.07766,,0.187775
14.7803,2.49526,9.11135,,0.150106
14.8003,2.75157,9.84772,,0.107664
14.8203,2.91899,10.2567,,0.0616349
14.8403,2.99205,10.3381,,0.0136578
14.8603,2.96842,10.1012,,-0.0347836
14.8803,2.84893,9.55536,,-0.0820478
14.9003,2.63734,8.69071,,-0.126782
14.9203,2.34048,7.53612,,-0.167246
14.9403,1.96809,6.14592,,-0.202387
14.9603,1.53207,4.55354,,-0.231039
14.9803,1.04657,2.79322,,-0.252136
15.0003,0.527225,0.927255,,-0.265137
15.0203,-9.16E-03,-0.951816,,-0.269581
15.0403,-0.545229,-2.79525,,-0.265306
15.0603,-1.06371,-4.57397,,-0.252422
15.0803,-1.54778,-6.19832,,-0.231406
15.1003,-1.9819,-7.60586,,-0.202906
15.1203,-2.35195,-8.75551,,-0.167922
15.1403,-2.64602,-9.6207,,-0.127381
15.1603,-2.85453,-10.1844,,-0.0828464
15.1803,-2.97087,-10.426,,-0.0355164
15.2003,-2.99122,-10.3301,,0.0128531
15.2203,-2.91484,-9.91305,,0.0609102
15.2403,-2.74426,-9.18816,,0.106903
15.2603,-2.48508,-8.17768,,0.14944
15.2803,-2.14557,-6.89246,,0.187275
15.3003,-1.73672,-5.37398,,0.218926
15.3203,-1.27176,-3.68372,,2.44E-01
15.3403,-0.765782,-1.85956,,0.26029
15.3603,-0.235014,0.0218405,,0.268629
15.3803,0.30336,1.89057,,0.268289
15.4003,0.831941,3.71363,,0.259348
15.4203,1.33363,5.41186,,0.24189
15.4403,1.79224,6.92585,,0.216747
15.4603,2.19291,8.19417,,0.184475
15.4803,2.52E+00,9.20729,,0.146345
15.5003,2.77105,9.91886,,0.103447
15.5203,2.92982,10.2922,,0.057208
15.5403,2.99387,10.3451,,9.09E-03
15.5603,2.96127,10.0789,,-3.92E-02
15.5803,2.83293,9.50026,,-8.64E-02
15.6003,2.6131,8.61135,,-1.31E-01
15.6203,2.30871,7.43715,,-0.170783
15.6403,1.92984,6.01997,,-0.205354
15.6603,1.4886,4.39939,,-0.233298
15.6803,0.999227,2.62882,,-0.253722
15.7003,0.477573,0.766187,,-0.26592
15.7203,-0.059505,-1.12825,,-0.269551
15.7403,-0.594679,-2.97657,,-0.264457
15.7603,-1.11062,-4.7305,,-0.250812
15.7803,-1.5907,-6.33459,,-0.229078
15.8003,-2.01938,-7.73123,,-0.199894
15.8203,-2.3828,-8.86551,,-0.164335
15.8403,-2.66928,-9.69948,,-0.123379
15.8603,-2.86942,-10.2304,,-0.0785063
15.8803,-2.97682,-10.4409,,-0.0309705
15.9003,-2.98809,-10.3159,,0.0174129
15.9203,-2.90273,-9.87222,,0.0652916
15.9403,-2.72368,-9.12,,0.110984
15.9603,-2.45659,-8.07867,,0.153273
15.9803,-2.11009,-6.76441,,0.190462
16.0003,-1.69546,-5.23388,,0.221513
16.0203,-1.22599,-3.52167,,0.245462
16.0403,-0.716991,-1.69071,,0.26139
16.0603,-0.184756,0.191461,,0.269054
16.0803,0.35345,2.07121,,0.267757
16.1003,0.880215,3.88155,,0.258048
16.1203,1.37854,5.56661,,0.239891
16.1403,1.83233,7.05932,,0.213953
16.1603,2.22694,8.31713,,0.181202
16.1803,2.5496,9.3039,,0.142554
16.2003,2.78986,9.97518,,0.0992484
16.2203,2.93992,10.3244,,0.0527351
16.2403,2.99495,10.3548,,4.56E-03
16.2603,2.95329,10.0594,,-0.0437817
16.2803,2.81614,9.44346,,-0.0906265
16.3003,2.58806,8.52078,,-0.134652
16.3203,2.27631,7.32974,,-0.174247
16.3403,1.89103,5.89244,,-0.208329
16.3603,1.44465,4.24705,,-0.235518
16.3803,0.951602,2.46162,,-0.255201
16.4003,0.427789,0.5945,,-0.266646
16.4203,-0.109861,-1.29363,,-0.2694
16.4403,-0.643952,-3.1449,,-0.263564
16.4603,-1.15723,-4.89387,,-0.249102
16.4803,-1.63316,-6.48069,,-0.226634
16.5003,-2.05628,-7.85569,,-0.196849
16.5203,-2.41297,-8.96117,,-0.160701
16.5403,-2.69169,-9.7661,,-0.119306
16.5603,-2.88342,-10.28,,-0.0741623
16.5803,-2.98195,-10.4571,,-0.0264781
16.6003,-2.98417,-10.3013,,2.19E-02
16.6203,-2.8899,-9.82354,,6.97E-02
16.6403,-2.70237,-9.04196,,1.15E-01
16.6603,-2.42741,-7.98286,,0.156963
16.6803,-2.07408,-6.64253,,0.193624
16.7003,-1.65373,-5.08423,,0.224074
16.7203,-1.17993,-3.35392,,2.47E-01
16.7403,-0.667981,-1.5216,,2.63E-01
16.7603,-0.134476,0.368283,,2.69E-01
16.7803,0.403388,2.25011,,2.67E-01
16.8003,0.928216,4.05581,,2.57E-01
16.8203,1.42307,5.71883,,2.38E-01
16.8403,1.87191,7.19674,,2.11E-01
16.8603,2.2603,8.43428,,1.78E-01
16.8803,2.57562,9.3963,,1.39E-01
16.9003,2.8077,10.0356,,9.50E-02
16.9203,2.94904,10.3556,,4.83E-02
16.9403,2.99521,10.36,,7.09E-05
16.9603,2.94447,10.0357,,-4.82E-02
16.9803,2.79858,9.38442,,-9.49E-02
17.0003,2.56234,8.43128,,-1.39E-01
17.0203,2.24327,7.22565,,-1.78E-01
17.0403,1.85174,5.76191,,-2.11E-01
17.0603,1.40038,4.094,,-2.38E-01
17.0803,0.903711,2.29851,,-2.57E-01
17.1003,0.377895,0.424182,,-2.67E-01
17.1203,-0.160158,-1.46567,,-2.69E-01
17.1403,-6.93E-01,-3.31591,,-2.63E-01
17.1603,-1.20352,-5.05466,,-2.47E-01
17.1803,-1.67512,-6.62433,,-2.24E-01
17.2003,-2.09259,-7.98038,,-1.94E-01
17.2203,-2.44245,-9.05833,,-1.57E-01
17.2403,-2.71333,-9.84349,,-1.15E-01
17.2603,-2.89661,-10.3219,,-6.98E-02
17.2803,-2.98629,-10.4684,,-2.21E-02
17.3003,-2.97942,-10.2907,,2.65E-02
17.3203,-2.87632,-9.77523,,7.40E-02
17.3403,-2.68025,-8.97141,,1.19E-01
17.3603,-2.39765,-7.87522,,1.61E-01
17.3803,-2.03745,-6.51684,,1.97E-01
17.4003,-1.61149,-4.94128,,0.22658
17.4203,-1.13348,-3.19257,,0.249058
17.4403,-0.618819,-1.34937,,0.263521
17.4603,-0.0841514,0.540257,,0.269382
17.4803,0.453215,2.42545,,0.266617
17.5003,0.97597,4.21994,,0.255319
17.5203,1.4672,5.8709,,0.235611
17.5403,1.91095,7.33622,,0.208351
17.5603,2.29301,8.55179,,0.174369
17.5803,2.60099,9.47701,,0.134727
17.6003,2.8249,10.0934,,0.090734
17.6203,2.95746,10.3911,,0.0438618
17.6403,2.99459,10.3605,,-4.48E-03
17.6603,2.93485,9.99771,,-5.26E-02
17.6803,2.78037,9.31903,,-9.92E-02
17.7003,2.53598,8.34822,,-1.42E-01
17.7203,2.20961,7.10713,,-0.181121
17.7403,1.81191,5.6216,,-0.213896
17.7603,1.35568,3.93214,,-0.239811
17.7803,0.855605,2.13383,,-0.258011
17.8003,0.327896,0.259623,,-0.267747
17.8203,-0.21041,-1.64587,,-0.269035
17.8403,-0.741916,-3.48825,,-0.26149
17.8603,-1.24947,-5.20816,,-0.245498
17.8803,-1.71661,-6.76467,,-0.221594
17.9003,-2.12829,-8.10562,,-0.190526
17.9203,-2.47125,-9.15874,,-0.15337
17.9403,-2.73431,-9.90938,,-0.111084
17.9603,-2.909,-10.362,,-0.0653719
17.9803,-2.98974,-10.4807,,-0.0175353
18.0003,-2.97381,-10.2677,,0.0309386
18.0203,-2.86181,-9.73203,,0.0784329
18.0403,-2.65741,-8.88815,,0.123204
18.0603,-2.3671,-7.7739,,0.164275
18.0803,-2.00024,-6.38612,,0.19984
18.1003,-1.56879,-4.78474,,0.228957
18.1203,-1.08668,-3.0365,,0.250791
18.1403,-0.569421,-1.17929,,0.264456
18.1603,-0.0337809,0.720444,,0.269503
18.1803,0.502961,2.59997,,0.265924
18.2003,1.02346,4.38327,,0.253753
18.2203,1.51085,6.02942,,0.233394
18.2403,1.94947,7.47272,,0.205434
18.2603,2.32509,8.65905,,0.17085
18.2803,2.62556,9.562,,0.130797
18.3003,2.84123,10.1541,,0.0865194
18.3203,2.96506,10.4172,,0.0393878
18.3403,2.99307,10.3476,,-9.03E-03
18.3603,2.92434,9.96567,,-0.0571099
18.3803,2.76118,9.26478,,-0.103396
18.4003,2.50873,8.25927,,-0.146155
18.4203,2.17532,6.98291,,-0.18448
18.4403,1.77153,5.48061,,-0.216667
18.4603,1.31057,3.79179,,-0.241824
18.4803,0.807203,1.96407,,-0.259285
18.5003,0.277791,0.0708139,,-0.268308
18.5203,-0.260625,-1.81493,,-0.268631
18.5403,-0.790614,-3.65012,,-0.26035
18.5603,-1.29504,-5.37299,,-0.243519
18.5803,-1.75765,-6.91382,,-0.219042
18.6003,-2.16347,-8.21459,,-0.187319
18.6203,-2.50E+00,-9.24746,,-0.149526
18.6403,-2.75445,-9.98525,,-0.107055
18.6603,-2.92065,-10.4049,,-0.0609394
18.6803,-2.99237,-10.4837,,-1.30E-02
18.7003,-2.96747,-10.242,,3.55E-02
18.7203,-2.84657,-9.6834,,8.27E-02
18.7403,-2.63379,-8.81843,,1.27E-01
18.7603,-2.33586,-7.65618,,0.167726
18.7803,-1.9625,-6.2527,,0.202847
18.8003,-1.52571,-4.64903,,0.231422
18.8203,-1.0396,-2.87486,,0.252393
18.8403,-0.519937,-0.998077,,0.265245
18.8603,0.0165639,0.902149,,0.269588
18.8803,0.552534,2.7617,,0.265146
18.9003,1.07063,4.54289,,0.252171
18.9203,1.55417,6.1831,,0.231113
18.9403,1.98741,7.60924,,0.202449
18.9603,2.3565,8.76417,,0.167389
18.9803,2.64942,9.63329,,0.126779
19.0003,2.85673,10.2047,,0.0821846
19.0203,2.97175,10.443,,0.034893
19.0403,2.99071,10.3434,,-0.0135407
19.0603,2.91307,9.92665,,-0.0615233
19.0803,2.74124,9.19199,,-0.107556
19.1003,2.48091,8.17074,,-0.150009
19.1203,2.14037,6.86361,,-0.187712
19.1403,1.73069,5.3362,,-0.219304
19.1603,1.26508,3.63147,,-0.243808
19.1803,0.758597,1.79618,,-0.260484
19.2003,0.227586,-0.0998499,,-0.268688
19.2203,-0.310747,-1.99881,,-0.268234
19.2403,-0.839091,-3.81806,,-0.259119
19.2603,-1.34028,-5.52566,,-0.241619
19.2803,-1.79818,-7.05364,,-0.216299
19.3003,-2.19798,-8.33668,,-0.184
19.3203,-2.52679,-9.34376,,-0.145853
19.3403,-2.77384,-10.0448,,-0.102772
19.3603,-2.93133,-10.4394,,-0.056561
19.3803,-2.99417,-10.4917,,-8.49E-03
19.4003,-2.96015,-10.2165,,0.0399365
19.4203,-2.83056,-9.626,,0.0870009
19.4403,-2.6094,-8.72846,,0.13133
19.4603,-2.30402,-7.54639,,0.17125
19.4803,-1.92419,-6.12542,,0.205849
19.5003,-1.48213,-4.49424,,0.233647
19.5203,-0.992262,-2.69494,,0.25391
19.5403,-0.470273,-0.820246,,0.266044
19.5603,0.0669151,1.06776,,0.269552
19.5803,0.60193,2.93929,,0.264305
19.6003,1.11751,4.71977,,0.250595
19.6203,1.59697,6.32711,,0.228652
19.6403,2.02482,7.72641,,0.19948
19.6603,2.38723,8.87788,,0.163714
19.6803,2.67251,9.72804,,0.122878
19.7003,2.87141,10.2525,,0.0778171
19.7203,2.97759,10.4559,,0.0304192
19.7403,2.98754,10.3358,,-1.81E-02
19.7603,2.90085,9.88449,,-6.60E-02
19.7803,2.72056,9.12339,,-1.12E-01
19.8003,2.45233,8.06783,,-0.153739
19.8203,2.10481,6.75028,,-0.190994
19.8403,1.68931,5.19898,,-0.221879
19.8603,1.21923,3.47067,,-2.46E-01
19.8803,0.70974,1.62619,,-2.62E-01
19.9003,0.177313,-0.270104,,-2.69E-01
19.9203,-0.360824,-2.16883,,-2.68E-01
19.9403,-0.887324,-3.99108,,-2.58E-01
19.9603,-1.38517,-5.67629,,-2.40E-01
19.9803,-1.83821,-7.18837,,-2.14E-01
20.0003,-2.23189,-8.45144,,-1.81E-01
20.0203,-2.55348,-9.43718,,-1.42E-01
20.0403,-2.79251,-10.1056,,-9.86E-02
20.0603,-2.94131,-10.4706,,-5.22E-02
20.0803,-2.99509,-10.4981,,-3.92E-03
20.1003,-2.95207,-10.1882,,4.44E-02
20.1203,-2.81365,-9.56833,,9.14E-02
20.1403,-2.58433,-8.63932,,1.35E-01
20.1603,-2.27155,-7.43952,,1.75E-01
20.1803,-1.88532,-5.98969,,2.09E-01
20.2003,-1.43816,-4.33574,,2.36E-01
20.2203,-0.944568,-2.53638,,2.55E-01
20.2403,-0.420469,-0.648939,,2.67E-01
20.2603,0.117229,1.25045,,2.69E-01
20.2803,0.651162,3.11713,,2.63E-01
20.3003,1.16406,4.87847,,2.49E-01
20.3203,1.63931,6.4769,,2.26E-01
20.3403,2.06163,7.8655,,1.96E-01
20.3603,2.41731,8.97598,,1.60E-01
20.3803,2.69487,9.79393,,1.19E-01
20.4003,2.88532,10.3009,,7.35E-02
20.4203,2.98265,10.4844,,2.60E-02
20.4403,2.98348,10.3229,,-2.27E-02
20.4603,2.888,9.84025,,-7.03E-02
20.4803,2.69912,9.05842,,-1.16E-01
20.5003,2.42299,7.97103,,-1.57E-01
20.5203,2.06872,6.6205,,-1.94E-01
20.5403,1.6475,5.05445,,-0.224452
20.5603,1.17309,3.3164,,-0.247561
20.5803,0.660733,1.45687,,-0.262696
20.6003,0.127064,-0.448569,,-0.269245
20.6203,-0.410736,-2.33051,,-0.267184
20.6403,-0.935286,-4.15058,,-0.256519
20.6603,-1.42957,-5.84499,,-0.237444
20.6803,-1.87774,-7.32624,,-0.210802
20.7003,-2.26517,-8.55389,,-0.177263
20.7203,-2.57941,-9.51587,,-0.138065
20.7403,-2.81037,-10.1768,,-0.0943641
20.7603,-2.95038,-10.4991,,-0.0476688
20.7803,-2.99517,-10.4844,,6.44E-04
20.8003,-2.94312,-10.1611,,4.89E-02
20.8203,-2.796,-9.51147,,9.55E-02
20.8403,-2.55848,-8.55299,,1.39E-01
20.8603,-2.23838,-7.31817,,0.178158
20.8803,-1.84593,-5.84674,,0.211556
20.9003,-1.39383,-4.18036,,0.238045
20.9203,-0.896655,-2.37107,,0.256868
20.9403,-0.370524,-0.473442,,0.267334
20.9603,0.167577,1.4293,,0.269252
20.9803,0.700259,3.28855,,0.262329
21.0003,1.21033,5.03704,,0.247096
21.0203,1.68126,6.62751,,0.223775
21.0403,2.09787,7.99203,,0.193271
21.0603,2.44676,9.07542,,0.156515
21.0803,2.71651,9.87043,,0.114606
21.1003,2.8985,10.3471,,0.0691292
21.1203,2.98681,10.4952,,0.0213388
21.1403,2.97869,10.3039,,-0.0270978
21.1603,2.87423,9.79666,,-0.0746878
21.1803,2.67689,8.98172,,-0.119836
21.2003,2.39314,7.87079,,-0.161123
21.2203,2.03201,6.49162,,-0.197241
21.2403,1.60524,4.90459,,-0.22693
21.2603,1.12659,3.15082,,-0.249313
21.2803,0.611537,1.28605,,-0.263637
21.3003,0.0767311,-0.624388,,-0.269428
21.3203,-0.46056,-2.51275,,-0.26657
21.3403,-0.982957,-4.31808,,-0.254994
21.3603,-1.47363,-5.98671,,-0.235325
21.3803,-1.91666,-7.45984,,-0.207899
21.4003,-2.29775,-8.67385,,-0.173836
21.4203,-2.60458,-9.60283,,-0.134211
21.4403,-2.82729,-10.2271,,-0.0900757
21.4603,-2.95864,-10.5259,,-0.0432359
21.4803,-2.99435,-10.4875,,5.17E-03
21.5003,-2.93331,-10.1224,,0.053304
21.5203,-2.77751,-9.44572,,0.099793
21.5403,-2.53195,-8.46109,,0.143012
21.5603,-2.20457,-7.20375,,0.181559
21.5803,-1.80599,-5.70683,,0.2143
21.6003,-1.34903,-4.02182,,0.240107
21.6203,-0.848474,-2.19783,,0.258197
21.6403,-0.32053,-0.295707,,0.267903
21.6603,0.217792,1.60799,,0.268918
21.6803,0.749096,3.46103,,0.261312
21.7003,1.25617,5.19788,,0.245239
21.7203,1.72267,6.7762,,0.221189
21.7403,2.13352,8.11341,,0.190065
21.7603,2.47542,9.17654,,0.152785
21.7803,2.73727,9.94195,,0.110512
21.8003,2.91078,10.3913,,0.064765
21.8203,2.99019,10.5096,,1.68E-02
21.8403,2.97293,10.2857,,-3.16E-02
21.8603,2.85966,9.74848,,-7.91E-02
21.8803,2.65395,8.90177,,-1.24E-01
21.9003,2.36249,7.76704,,-0.164769
21.9203,1.99473,6.36805,,-0.200272
21.9403,1.5625,4.75394,,-0.229337
21.9603,1.07974,2.98642,,-0.250998
21.9803,0.562148,1.11594,,-0.264548
22.0003,0.0263671,-0.797471,,-0.269586
22.0203,-0.510275,-2.68875,,-0.26583
22.0403,-1.03041,-4.48661,,-0.253515
22.0603,-1.51727,-6.13719,,-0.233028
22.0803,-1.95509,-7.58994,,-0.205018
22.1003,-2.32976,-8.78471,,-0.170361
22.1203,-2.62912,-9.68846,,-0.130194
22.1403,-2.84362,-10.2765,,-0.0859054
22.1603,-2.96608,-10.5468,,-0.038685
22.1803,-2.99277,-10.4829,,9.69E-03
22.2003,-2.92277,-10.0888,,0.057779
22.2203,-2.75827,-9.37754,,0.103953
22.2403,-2.50471,-8.36396,,0.146782
22.2603,-2.17024,-7.08728,,0.18494
22.2803,-1.76558,-5.56744,,0.217041
22.3003,-1.30391,-3.86052,,0.242114
22.3203,-0.800065,-2.02461,,0.259466
22.3403,-0.270404,-0.117614,,0.268352
22.3603,0.268009,1.7793,,0.268604
22.3803,0.797762,3.63568,,0.260152
22.4003,1.30173,5.37179,,0.243289
22.4203,1.76361,6.91788,,0.218612
22.4403,2.16857,8.22987,,0.186833
22.4603,2.50342,9.2794,,0.148979
22.4803,2.75739,10.0192,,0.106413
22.5003,2.92225,10.4345,,0.0603241
22.5203,2.99265,10.5106,,0.0123275
22.5403,2.96641,10.2662,,-0.0360892
22.5603,2.84423,9.70557,,-0.0833389
22.5803,2.63025,8.82276,,-0.127967
22.6003,2.33122,7.65627,,-0.168312
22.6203,1.95684,6.23804,,-0.203286
22.6403,1.51929,4.61389,,-0.231643
22.6603,1.03267,2.82573,,-0.252653
22.6803,0.512604,0.937804,,-0.26536
22.7003,-0.0239826,-0.972736,,-0.269568
22.7203,-0.559823,-2.85354,,-0.265001
22.7403,-1.07755,-4.6498,,-0.251964
22.7603,-1.56049,-6.29191,,-0.230784
22.7803,-1.993,-7.7162,,-0.202003
22.8003,-2.3611,-8.88384,,-0.166856
22.8203,-2.65291,-9.77096,,-0.12621
22.8403,-2.85894,-10.3304,,-0.0815076
22.8603,-2.97268,-10.561,,-0.0342493
22.8803,-2.99035,-10.4706,,1.42E-02
22.9003,-2.91134,-10.051,,6.22E-02
22.9203,-2.73825,-9.30611,,1.08E-01
22.9403,-2.47675,-8.26201,,0.150551
22.9603,-2.13517,-6.96514,,0.188203
22.9803,-1.72463,-5.42927,,0.219696
23.0003,-1.25838,-3.69988,,2.44E-01
23.0203,-0.751433,-1.84295,,2.61E-01
23.0403,-0.220208,0.0550948,,2.69E-01
23.0603,0.318139,1.95368,,2.68E-01
23.0803,0.846199,3.8091,,2.59E-01
23.1003,1.3469,5.53073,,2.41E-01
23.1203,1.80411,7.06152,,2.16E-01
23.1403,2.20299,8.35304,,1.84E-01
23.1603,2.53073,9.36941,,1.45E-01
23.1803,2.77664,10.085,,1.02E-01
23.2003,2.93287,10.4725,,5.59E-02
23.2203,2.99433,10.5199,,7.81E-03
23.2403,2.95899,10.2404,,-4.06E-02
23.2603,2.82809,9.64948,,-8.77E-02
23.2803,2.60576,8.74728,,-1.32E-01
23.3003,2.29924,7.55066,,-1.72E-01
23.3203,1.91845,6.09984,,-2.06E-01
23.3403,1.4757,4.45895,,-2.34E-01
23.3603,0.985242,2.66379,,-2.54E-01
23.3803,0.462919,0.765675,,-2.66E-01
23.4003,-0.0743302,-1.15313,,-2.69E-01
23.4203,-0.609194,-3.02848,,-2.64E-01
23.4403,-1.12438,-4.80664,,-2.50E-01
23.4603,-1.60325,-6.43882,,-2.28E-01
23.4803,-2.03028,-7.84971,,-1.99E-01
23.5003,-2.39171,-8.99595,,-1.63E-01
23.5203,-2.67589,-9.84317,,-1.22E-01
23.5403,-2.8736,-10.3716,,-7.72E-02
23.5603,-2.97845,-10.5899,,-2.97E-02
23.5803,-2.98702,-10.4592,,1.88E-02
23.6003,-2.89911,-10.002,,6.66E-02
23.6203,-2.71747,-9.23316,,1.12E-01
23.6403,-2.44809,-8.17337,,1.54E-01
23.6603,-2.09957,-6.83968,,1.91E-01
23.6803,-1.68325,-5.27404,,0.222298
23.7003,-1.2125,-3.53593,,0.245968
23.7203,-0.702566,-1.68323,,0.261826
23.7403,-0.169976,0.229045,,0.269011
23.7603,0.368168,2.14331,,0.267683
23.7803,0.894381,3.98122,,0.257616
23.8003,1.39168,5.68212,,0.239275
23.8203,1.84408,7.19785,,0.213225
23.8403,2.23678,8.47869,,0.18017
23.8603,2.55732,9.46777,,0.141318
23.8803,2.79515,10.1459,,0.0980295
23.9003,2.94268,10.5017,,0.051479
23.9203,2.9951,10.5258,,3.17E-03
23.9403,2.95076,10.2209,,-4.50E-02
23.9603,2.8111,9.59328,,-9.19E-02
23.9803,2.58058,8.65495,,-1.36E-01
24.0003,2.26668,7.43689,,-0.175322
24.0203,1.87952,5.96828,,-0.209099
24.0403,1.43164,4.3081,,-0.236235
24.0603,0.937522,2.49231,,-0.255644
24.0803,0.413113,0.5891,,-0.266836
24.1003,-0.124674,-1.32602,,-0.269352
24.1203,-0.658431,-3.19946,,-0.263219
24.1403,-1.17091,-4.972,,-0.248623
24.1603,-1.64553,-6.58982,,-0.225873
24.1803,-2.06703,-7.97644,,-0.195959
24.2003,-2.42173,-9.09243,,-0.159618
24.2203,-2.69815,-9.91548,,-0.118162
24.2403,-2.88739,-10.4232,,-0.0727889
24.2603,-2.98336,-10.602,,-0.0252708
24.2803,-2.98284,-10.4442,,0.0232796
24.3003,-2.88598,-9.95644,,0.0709489
24.3203,-2.69594,-9.15706,,0.116321
24.3403,-2.41871,-8.06685,,0.158078
24.3603,-2.06335,-6.71325,,0.194567
24.3803,-1.64132,-5.12958,,0.224846
24.4003,-1.16627,-3.37457,,0.247769
24.4203,-0.653511,-1.50622,,0.262829
24.4403,-0.11967,0.409486,,0.269282
24.4603,0.418065,2.31882,,0.267095
24.4803,0.942318,4.15371,,0.256294
24.5003,1.43609,5.83868,,0.237148
24.5203,1.88346,7.33727,,0.21032
24.5403,2.26994,8.59155,,0.176814
24.5603,2.58311,9.55674,,0.137498
24.5803,2.81284,10.2082,,0.0937835
24.6003,2.95168,10.5313,,0.0469866
24.6203,2.99503,10.5253,,-1.28E-03
24.6403,2.94172,10.1937,,-0.0495448
24.6603,2.79329,9.53187,,-0.0961896
24.6803,2.55468,8.56001,,-0.139598
24.7003,2.23342,7.32635,,-0.178798
24.7203,1.84005,5.83902,,-0.211905
24.7403,1.38722,4.1505,,-0.238355
24.7603,0.889565,2.32048,,-0.257031
24.7803,0.363171,0.41439,,-0.267479
24.8003,-0.174964,-1.49693,,-0.269117
24.8203,-0.707467,-3.37231,,-0.262301
24.8403,-1.21709,-5.13784,,-0.246785
24.8603,-1.68738,-6.73275,,-0.223368
24.8803,-2.10317,-8.09898,,-0.192785
24.9003,-2.451,-9.19435,,-0.155951
24.9203,-2.71963,-9.9914,,-0.114065
24.9403,-2.90035,-10.4667,,-0.0684658
24.9603,-2.98742,-10.615,,-2.07E-02
24.9803,-2.97788,-10.427,,2.78E-02
25.0003,-2.87206,-9.90577,,7.53E-02
25.0203,-2.67357,-9.0811,,1.20E-01
25.0403,-2.38864,-7.96175,,0.161635
25.0603,-2.02652,-6.58462,,0.197711
25.0803,-1.59898,-4.97976,,0.227269
25.1003,-1.11971,-3.20478,,0.24956
25.1203,-0.604275,-1.32865,,0.263758
25.1403,-0.0693109,0.593282,,0.269493
25.1603,0.467905,2.49251,,0.266434
25.1803,0.989997,4.3201,,0.254797
25.2003,1.48007,5.99963,,0.234992
25.2203,1.92239,7.47905,,0.207478
25.2403,2.30256,8.70224,,0.173366
25.2603,2.6083,9.64091,,0.133564
25.2803,2.82975,10.2656,,0.0895394
25.3003,2.95977,10.5644,,0.0424444
25.3203,2.99417,10.5264,,-5.73E-03
25.3403,2.93182,10.1478,,-0.0539423
25.3603,2.77475,9.46894,,-0.100492
25.3803,2.52794,8.47946,,-0.143473
25.4003,2.19957,7.20418,,-0.182137
25.4203,1.8001,5.68991,,-0.214682
25.4403,1.34242,3.99398,,-0.240474
25.4603,0.841387,2.15769,,-0.258335
25.4803,0.313143,0.240198,,-0.267946
25.5003,-0.225206,-1.68117,,-0.268899
25.5203,-0.756295,-3.54054,,-0.261153
25.5403,-1.26293,-5.29621,,-0.244964
25.5603,-1.72878,-6.88211,,-0.220802
25.5803,-2.13873,-8.22772,,-0.189611
25.6003,-2.47958,-9.29303,,-0.152232
25.6203,-2.74033,-10.0577,,-0.109922
25.6403,-2.91253,-10.5092,,-0.0640942
25.6603,-2.99058,-10.6248,,-0.0161466
25.6803,-2.97199,-10.404,,0.0322414
25.7003,-2.85744,-9.85612,,0.0796481
25.7203,-2.65054,-9.00114,,0.124465
25.7403,-2.35796,-7.85331,,0.165283
25.7603,-1.98916,-6.45253,,0.200749
25.7803,-1.55617,-4.82654,,0.229689
25.8003,-1.07286,-3.03777,,0.251237
25.8203,-0.554859,-1.15201,,0.264682
25.8403,-0.0189602,0.767586,,0.269569
25.8603,0.517587,2.67249,,0.265699
25.8803,1.03737,4.48813,,0.253311
25.9003,1.52367,6.14899,,0.232703
25.9203,1.96071,7.61335,,0.204571
25.9403,2.33442,8.81966,,0.169855
25.9603,2.63268,9.72153,,0.129665
25.9803,2.84587,10.3189,,0.0851493
26.0003,2.96708,10.5905,,0.0380446
26.0203,2.99243,10.5224,,-1.03E-02
26.0403,2.92112,10.1116,,-5.84E-02
26.0603,2.75545,9.39943,,-1.05E-01
26.0803,2.50059,8.38762,,-0.147364
26.1003,2.16506,7.08983,,-0.185405
26.1203,1.75956,5.55048,,-0.217391
26.1403,1.2972,3.82868,,-0.242492
26.1603,0.792899,1.98659,,-2.60E-01
26.1803,0.262992,0.0696037,,-2.68E-01
26.2003,-0.275395,-1.85808,,-2.69E-01
26.2203,-0.804924,-3.71962,,-2.60E-01
26.2403,-1.30841,-5.45462,,-2.43E-01
26.2603,-1.76965,-7.01624,,-2.18E-01
26.2803,-2.17369,-8.34693,,-1.86E-01
26.3003,-2.50753,-9.39138,,-1.48E-01
26.3203,-2.76029,-10.1261,,-1.06E-01
26.3403,-2.92392,-10.5405,,-5.97E-02
26.3603,-2.99301,-10.6393,,-1.16E-02
26.3803,-2.96539,-10.385,,3.68E-02
26.4003,-2.84199,-9.80113,,8.39E-02
26.4203,-2.62672,-8.91805,,1.29E-01
26.4403,-2.32659,-7.74777,,1.69E-01
26.4603,-1.95127,-6.31992,,2.04E-01
26.4803,-1.51296,-4.67099,,2.32E-01
26.5003,-1.0257,-2.87661,,2.53E-01
26.5203,-0.505334,-0.981373,,2.65E-01
26.5403,0.0313874,0.947217,,2.70E-01
26.5603,0.567065,2.85093,,2.65E-01
26.5803,1.08446,4.6527,,2.52E-01
26.6003,1.56676,6.30308,,2.30E-01
26.6203,1.99844,7.74671,,2.02E-01
26.6403,2.36559,8.92665,,1.66E-01
26.6603,2.65628,9.80709,,1.26E-01
26.6803,2.8611,10.3737,,8.09E-02
26.7003,2.97355,10.6077,,3.35E-02
26.7203,2.98987,10.5114,,-1.49E-02
26.7403,2.90955,10.0801,,-6.28E-02
26.7603,2.73526,9.33912,,-1.09E-01
26.7803,2.47255,8.28753,,-1.51E-01
26.8003,2.12993,6.95939,,-1.89E-01
26.8203,1.71854,5.41279,,-0.220087
26.8403,1.25158,3.67819,,-0.24439
26.8603,0.74421,1.81407,,-0.260779
26.8803,0.21278,-0.115725,,-0.268807
26.9003,-0.325523,-2.034,,-0.268109
26.9203,-0.853333,-3.88477,,-0.258758
26.9403,-1.35357,-5.61384,,-0.241004
26.9603,-1.81001,-7.1611,,-0.215494
26.9803,-2.20804,-8.46716,,-0.183061
27.0003,-2.53464,-9.48069,,-0.144646
27.0203,-2.77944,-10.1861,,-0.101615
27.0403,-2.93437,-10.5771,,-0.0552597
27.0603,-2.99451,-10.6421,,-7.06E-03
27.0803,-2.95782,-10.3601,,4.12E-02
27.1003,-2.82559,-9.74254,,8.83E-02
27.1203,-2.60208,-8.82835,,1.32E-01
27.1403,-2.29452,-7.64034,,0.17236
27.1603,-1.91277,-6.19099,,0.206611
27.1803,-1.46926,-4.51592,,0.234296
27.2003,-0.978244,-2.69598,,0.254385
27.2203,-0.455595,-0.808562,,0.266248
27.2403,0.0817601,1.11801,,0.269498
27.2603,0.616448,3.03059,,0.264061
27.2803,1.13125,4.82832,,0.250063
27.3003,1.60948,6.45161,,0.227986
27.3203,2.03574,7.86932,,0.198587
27.3403,2.39618,9.03842,,0.162727
27.3603,2.67919,9.89241,,0.121557
27.3803,2.87565,10.4178,,0.0766005
27.4003,2.97919,10.622,,0.0289975
27.4203,2.98641,10.5022,,-0.0193985
27.4403,2.89721,10.0427,,-0.0671752
27.4603,2.71436,9.26163,,-0.112906
27.4803,2.44388,8.18117,,-0.154816
27.5003,2.09427,6.83673,,-0.191899
27.5203,1.67708,5.26957,,-0.222677
27.5403,1.20568,3.51081,,-0.246302
27.5603,0.695352,1.634,,-0.261875
27.5803,0.162542,-0.293408,,-0.269133
27.6003,-0.375513,-2.20529,,-0.267559
27.6203,-0.901466,-4.06196,,-0.257464
27.6403,-1.39827,-5.77974,,-0.238927
27.6603,-1.84989,-7.29706,,-0.212756
27.6803,-2.24175,-8.58369,,-0.179672
27.7003,-2.56116,-9.57694,,-0.140871
27.7203,-2.79778,-10.2587,,-0.0973616
27.7403,-2.94408,-10.6087,,-0.0507965
27.7603,-2.99519,-10.6356,,-2.58E-03
27.7803,-2.94945,-10.3325,,0.0457445
27.8003,-2.80855,-9.68832,,0.0924797
27.8203,-2.57683,-8.7436,,0.136405
27.8403,-2.26182,-7.52121,,0.175841
27.8603,-1.87373,-6.05045,,0.209541
27.8803,-1.42513,-4.36214,,0.23649
27.9003,-0.930499,-2.53319,,0.255827
27.9203,-0.405768,-0.627059,,0.266939
27.9403,0.13208,1.30514,,0.269346
27.9603,0.665655,3.20126,,0.263113
27.9803,1.17773,4.98636,,0.248358
28.0003,1.65173,6.60546,,0.225497
28.0203,2.0724,8.00493,,0.195512
28.0403,2.42608,9.136,,0.15905
28.0603,2.70133,9.96516,,0.11756
28.0803,2.88931,10.4735,,0.0722041
28.1003,2.98399,10.6436,,0.0245245
28.1203,2.98211,10.4867,,-2.39E-02
28.1403,2.88405,9.99874,,-7.16E-02
28.1603,2.69271,9.18546,,-1.17E-01
28.1803,2.41434,8.07961,,-0.158528
28.2003,2.05794,6.71642,,-0.195061
28.2203,1.6351,5.12361,,-0.225226
28.2403,1.15943,3.34567,,-0.248044
28.2603,0.646281,1.45881,,-0.262917
28.2803,0.11225,-0.464935,,-0.269347
28.3003,-0.425401,-2.38155,,-0.267041
28.3203,-0.949328,-4.23245,,-0.256035
28.3403,-1.44257,-5.93621,,-0.236877
28.3603,-1.88922,-7.43677,,-0.20989
28.3803,-2.2748,-8.69091,,-0.176291
28.4003,-2.58691,-9.66225,,-0.13694
28.4203,-2.81538,-10.322,,-0.0931627
28.4403,-2.95291,-10.6458,,-0.0462636
28.4603,-2.99503,-10.6304,,1.90E-03
28.4803,-2.9403,-10.2933,,0.0501454
28.5003,-2.79062,-9.63002,,0.0967793
28.5203,-2.55079,-8.65938,,0.140295
28.5403,-2.22847,-7.39926,,0.179221
28.5603,-1.83419,-5.90607,,0.212338
28.5803,-1.38063,-4.21522,,0.238699
28.6003,-0.882468,-2.36296,,0.257232
28.6203,-0.35578,-0.442272,,0.267533
28.6403,0.182392,1.48298,,0.269168
28.6603,7.15E-01,3.36642,,0.262038
28.6803,1.22386,5.14662,,0.246476
28.7003,1.69353,6.758,,0.223088
28.7203,2.10847,8.13003,,0.192322
28.7403,2.45526,9.23507,,0.155378
28.7603,2.72281,10.035,,0.11347
28.7803,2.90225,10.5167,,0.0678684
28.8003,2.98792,10.6644,,0.0199566
28.8203,2.97709,10.4598,,-0.0284388
28.8403,2.87004,9.94107,,-0.0759494
28.8603,2.67028,9.11331,,-0.121037
28.8803,2.38421,7.9839,,-0.162189
28.9003,2.02109,6.58271,,-0.198153
28.9203,1.59271,4.95692,,-0.227659
28.9403,1.11284,3.18496,,-0.249769
28.9603,0.597036,1.29418,,-0.263905
28.9803,0.0619089,-0.654491,,-0.269512
29.0003,-0.475216,-2.56893,,-0.26634
29.0203,-0.996986,-4.39293,,-0.254616
29.0403,-1.48653,-6.08397,,-0.234628
29.0603,-1.92801,-7.5799,,-0.207072
29.0803,-2.30725,-8.80919,,-0.17282
29.1003,-2.61194,-9.74371,,-0.13304
29.1203,-2.83217,-10.3757,,-0.0887849
29.1403,-2.9609,-10.6712,,-0.0419419
29.1603,-2.99395,-10.6297,,6.52E-03
29.1803,-2.93029,-10.2554,,5.46E-02
29.2003,-2.77192,-9.56746,,1.01E-01
29.2203,-2.52394,-8.56447,,1.44E-01
29.2403,-2.19448,-7.27521,,0.182572
29.2603,-1.79409,-5.76661,,0.215102
29.2803,-1.33577,-4.04907,,0.240719
29.3003,-0.834207,-2.19074,,2.59E-01
29.3203,-0.305738,-0.264943,,2.68E-01
29.3403,0.232605,1.66662,,2.69E-01
29.3603,0.763465,3.54402,,2.61E-01
29.3803,1.26965,5.31244,,2.45E-01
29.4003,1.73485,6.90419,,2.20E-01
29.4203,2.14391,8.26029,,1.89E-01
29.4403,2.48375,9.33612,,1.52E-01
29.4603,2.74331,10.1059,,1.09E-01
29.4803,2.91418,10.5635,,6.35E-02
29.5003,2.99102,10.6729,,1.55E-02
29.5203,2.97119,10.4408,,-3.29E-02
29.5403,2.85521,9.89512,,-8.03E-02
29.5603,2.64707,9.03198,,-1.25E-01
29.5803,2.35335,7.87545,,-1.66E-01
29.6003,1.98366,6.44664,,-2.01E-01
29.6203,1.54982,4.81388,,-2.30E-01
29.6403,1.06596,3.02057,,-2.51E-01
29.6603,0.547594,1.11132,,-2.65E-01
29.6803,0.0115498,-0.829938,,-2.70E-01
29.7003,-0.524858,-2.73885,,-2.66E-01
29.7203,-1.0443,-4.55867,,-2.53E-01
29.7403,-1.53002,-6.24101,,-2.32E-01
29.7603,-1.96628,-7.71131,,-2.04E-01
29.7803,-2.33903,-8.91843,,-1.69E-01
29.8003,-2.63617,-9.83235,,-1.29E-01
29.8203,-2.84814,-10.4245,,-8.46E-02
29.8403,-2.96818,-10.6925,,-3.74E-02
29.8603,-2.99209,-10.6318,,1.11E-02
29.8803,-2.91948,-10.2193,,5.90E-02
29.9003,-2.75248,-9.48837,,1.05E-01
29.9203,-2.49655,-8.4737,,1.48E-01
29.9403,-2.15992,-7.16591,,1.86E-01
29.9603,-1.75355,-5.61466,,0.217835
29.9803,-1.29051,-3.88407,,0.24276
30.0003,-0.785716,-2.02557,,0.259801
30.0203,-0.255608,-0.0899841,,0.268455
30.0403,0.282776,1.8488,,0.268496
30.0603,0.812064,3.71825,,0.259813
30.0803,1.31507,5.46947,,0.242718
30.1003,1.77566,7.04442,,0.217838
30.1203,2.1788,8.38137,,0.185855
30.1403,2.51153,9.43702,,0.147825
30.1603,2.76315,10.1788,,0.105215
30.1803,2.92543,10.5934,,0.0590298
30.2003,2.99329,10.6765,,1.10E-02
30.2203,2.96434,10.4221,,-3.74E-02
30.2403,2.8396,9.84629,,-8.46E-02
30.2603,2.62314,8.95102,,-1.29E-01
30.2803,2.32187,7.76028,,-0.169337
30.3003,1.94564,6.31459,,-0.204174
30.3203,1.5065,4.663,,-0.232384
30.3403,1.01872,2.85177,,-0.253078
30.3603,0.497996,0.934426,,-0.265607
30.3803,-0.0388174,-1.00705,,-0.269555
30.4003,-0.574381,-2.91293,,-0.26483
30.4203,-1.09138,-4.73169,,-0.251489
30.4403,-1.57312,-6.39848,,-0.230008
30.4603,-2.00402,-7.83922,,-0.201165
30.4803,-2.37016,-9.02313,,-0.165802
30.5003,-2.65975,-9.91297,,-0.125003
30.5203,-2.86332,-10.4818,,-0.0802507
30.5403,-2.97446,-10.7138,,-0.0329405
30.5603,-2.98943,-10.6137,,0.0155848
30.5803,-2.9078,-10.1806,,0.063425
30.6003,-2.73224,-9.42114,,0.109369
30.6203,-2.46834,-8.36923,,0.151701
30.6403,-2.12472,-7.03838,,0.189171
30.6603,-1.71244,-5.47974,,0.220484
30.6803,-1.24487,-3.71906,,0.244614
30.7003,-0.737042,-1.84611,,0.26099
30.7203,-0.205398,0.090962,,0.268855
30.7403,0.332876,2.02683,,0.268026
30.7603,0.860434,3.89338,,0.25855
30.7803,1.36014,5.63704,,0.240718
30.8003,1.81593,7.19038,,0.21514
30.8203,2.21302,8.49979,,0.182545
30.8403,2.53862,9.5271,,0.144071
30.8603,2.78219,10.2471,,0.100977
30.8803,2.93587,10.637,,0.0545849
30.9003,2.99468,10.6796,,6.51E-03
30.9203,2.95673,10.3921,,-0.0419543
30.9403,2.82317,9.79135,,-0.088924
30.9603,2.59846,8.86542,,-0.132977
30.9803,2.28976,7.6455,,-0.172891
31.0003,1.90704,6.17687,,-0.20711
31.0203,1.46278,4.51407,,-0.234606
31.0403,0.971199,2.68671,,-0.254622
31.0603,0.448261,0.754143,,-0.266322
31.0803,-0.0891623,-1.19055,,-0.269509
31.1003,-0.623717,-3.08665,,-0.263901
31.1203,-1.13811,-4.88943,,-0.249802
31.1403,-1.61571,-6.54901,,-0.227637
31.1603,-2.04116,-7.97912,,-0.198148
31.1803,-2.40063,-9.1208,,-0.162148
31.2003,-2.68255,-9.98022,,-0.121058
31.2203,-2.87773,-10.5385,,-0.0759149
31.2403,-2.97992,-10.7374,,-0.0283495
31.2603,-2.98589,-10.5949,,2.00E-02
31.2803,-2.89534,-10.1313,,6.78E-02
31.3003,-2.71118,-9.35349,,1.14E-01
31.3203,-2.43947,-8.26482,,0.155408
31.3403,-2.08894,-6.90856,,0.192352
31.3603,-1.6709,-5.31943,,0.223072
31.3803,-1.19888,-3.55529,,0.246544
31.4003,-0.688119,-1.67091,,0.262067
31.4203,-0.155135,0.271735,,0.269133
31.4403,0.382875,2.2056,,0.267516
31.4603,0.908545,4.07281,,0.257219
31.4803,1.40481,5.79339,,0.238645
31.5003,1.8557,7.33048,,0.212299
31.5203,2.24664,8.62325,,0.179252
31.5403,2.56499,9.62295,,0.140271
31.5603,2.80044,10.3037,,0.0967122
31.5803,2.94538,10.6636,,0.0501273
31.6003,2.99518,10.6842,,1.90E-03
31.6203,2.94817,10.3699,,-0.0463297
31.6403,2.80592,9.72962,,-0.0932124
31.6603,2.57296,8.77268,,-0.136945
31.6803,2.25691,7.53174,,-0.176267
31.7003,1.86793,6.04825,,-0.209992
31.7203,1.41861,4.35224,,-0.236798
31.7403,0.923424,2.51278,,-0.256067
31.7603,0.3984,0.584392,,-0.266986
31.7803,-0.139501,-1.36555,,-0.269379
31.8003,-0.672903,-3.26069,,-0.262936
31.8203,-1.18456,-5.05806,,-0.248074
31.8403,-1.65794,-6.69399,,-0.225206
31.8603,-2.07773,-8.10028,,-0.194983
31.8803,-2.43044,-9.22945,,-0.158534
31.9003,-2.70459,-10.0628,,-0.116931
31.9203,-2.8912,-10.5758,,-0.0715237
31.9403,-2.98454,-10.7504,,-0.0239144
31.9603,-2.98148,-10.5852,,0.0245954
31.9803,-2.88199,-10.088,,0.0722505
32.0003,-2.68941,-9.26919,,0.11756
32.0203,-2.40992,-8.15698,,0.15907
32.0403,-2.05253,-6.78852,,0.195504
32.0603,-1.62888,-5.17438,,0.225553
32.0803,-1.15258,-3.38622,,0.248326
32.1003,-0.639022,-1.48878,,0.263129
32.1203,-0.104817,0.445508,,0.269342
32.1403,0.432775,2.38495,,0.266915
32.1603,0.956379,4.25083,,0.255856
32.1803,1.44909,5.95742,,0.236501
32.2003,1.89498,7.46784,,0.209547
32.2203,2.27966,8.73611,,0.175748
32.2403,2.59063,9.71831,,0.136311
32.2603,2.8179,10.3703,,0.0925791
32.2803,2.95418,10.6905,,0.0456861
32.3003,2.9949,10.681,,-2.65E-03
32.3203,2.93891,10.3433,,-5.09E-02
32.3403,2.78795,9.66609,,-9.74E-02
32.3603,2.54682,8.6796,,-1.41E-01
32.3803,2.22348,7.41741,,-0.179728
32.4003,1.8283,5.90761,,-0.212742
32.4203,1.37408,4.18841,,-0.238967
32.4403,0.875406,2.33858,,-2.57E-01
32.4603,0.348417,0.41058,,-2.68E-01
32.4803,-0.189774,-1.5408,,-2.69E-01
32.5003,-0.721852,-3.4471,,-2.62E-01
32.5203,-1.23062,-5.22862,,-2.46E-01
32.5403,-1.69961,-6.83444,,-2.23E-01
32.5603,-2.11371,-8.22187,,-1.92E-01
32.5803,-2.45953,-9.33955,,-1.55E-01
32.6003,-2.72582,-10.1386,,-1.13E-01
32.6203,-2.90407,-10.6062,,-6.72E-02
32.6403,-2.98834,-10.7573,,-1.94E-02
32.6603,-2.97627,-10.567,,2.91E-02
32.6803,-2.86792,-10.0423,,7.66E-02
32.7003,-2.66689,-9.18858,,1.22E-01
32.7203,-2.37968,-8.04393,,1.63E-01
32.7403,-2.01561,-6.65377,,1.99E-01
32.7603,-1.58638,-5.02494,,2.28E-01
32.7803,-1.10595,-3.21952,,2.50E-01
32.8003,-0.589739,-1.30949,,2.64E-01
32.8203,-0.0544815,0.631763,,2.69E-01
32.8403,0.482555,2.56074,,2.66E-01
32.8603,1.00396,4.42077,,2.54E-01
32.8803,1.49296,6.11454,,2.34E-01
32.9003,1.93372,7.61043,,2.07E-01
32.9203,2.31198,8.8575,,1.72E-01
32.9403,2.61558,9.80136,,1.32E-01
32.9603,2.8346,10.4263,,8.82E-02
32.9803,2.96204,10.7204,,4.12E-02
33.0003,2.99379,10.6866,,-7.15E-03
33.0203,2.92878,10.3054,,-5.53E-02
33.0403,2.76913,9.59707,,-1.02E-01
33.0603,2.52004,8.59131,,-1.45E-01
33.0803,2.18949,7.30137,,-1.83E-01
33.1003,1.78817,5.76622,,-0.215509
33.1203,1.32915,4.03046,,-0.241031
33.1403,0.827102,2.16792,,-0.258745
33.1603,0.298381,0.22441,,-0.268108
33.1803,-0.240004,-1.71999,,-0.268795
33.2003,-0.770635,-3.60899,,-0.260801
33.2203,-1.27638,-5.39098,,-0.244392
33.2403,-1.74083,-6.98957,,-0.220058
33.2603,-2.14905,-8.34482,,-0.188623
33.2803,-2.48784,-9.42627,,-0.151121
33.3003,-2.74625,-10.2073,,-0.108726
33.3203,-2.91594,-10.6567,,-0.0628038
33.3403,-2.99144,-10.7637,,-1.49E-02
33.3603,-2.97018,-10.54,,3.36E-02
33.3803,-2.85303,-9.98636,,8.09E-02
33.4003,-2.64356,-9.10653,,1.26E-01
33.4203,-2.34876,-7.93876,,0.1663
33.4403,-1.97807,-6.51669,,0.201629
33.4603,-1.54346,-4.86823,,0.230412
33.4803,-1.05898,-3.04949,,0.251738
33.5003,-0.540279,-1.13402,,0.264902
33.5203,-4.14E-03,0.813317,,0.269541
33.5403,0.532162,2.74165,,0.265517
33.5603,1.05126,4.58365,,0.252843
33.5803,1.53635,6.27125,,0.231989
33.6003,1.97189,7.74337,,0.203738
33.6203,2.34368,8.96241,,0.168808
33.6403,2.63965,9.88775,,0.128501
33.6603,2.85047,10.4842,,0.0838932
33.6803,2.96907,10.7423,,0.0367307
33.7003,2.99176,10.6751,,-0.011649
33.7203,2.91781,10.2688,,-0.0597201
33.7403,2.74954,9.53139,,-0.105851
33.7603,2.49244,8.49355,,-0.148436
33.7803,2.15477,7.17618,,-0.186388
33.8003,1.74753,5.61704,,-0.218216
33.8203,1.28379,3.87373,,-0.243
33.8403,0.778595,1.99352,,-0.259983
33.8603,0.248214,0.0428684,,-0.268532
33.8803,-0.290177,-1.90056,,-0.268443
33.9003,-0.819191,-3.78537,,-0.259584
33.9203,-1.32174,-5.55403,,-0.242483
33.9403,-1.78161,-7.13103,,-0.217417
33.9603,-2.18385,-8.47436,,-0.185363
33.9803,-2.51555,-9.5247,,-0.147356
34.0003,-2.76596,-10.2774,,-0.104507
34.0203,-2.92704,-10.6916,,-0.058396
34.0403,-2.99353,-10.7713,,-0.0102892
34.0603,-2.96321,-10.5173,,0.0380636
34.0803,-2.83723,-9.92889,,0.0852254
34.1003,-2.61953,-9.02384,,0.129681
34.1203,-2.31719,-7.83117,,0.169861
34.1403,-1.94,-6.38061,,0.204553
34.1603,-1.50007,-4.71271,,0.232787
34.1803,-1.01171,-2.8791,,0.253282
34.2003,-0.490685,-0.951344,,0.265742
34.2203,0.0462543,0.989804,,0.269554
34.2403,0.581667,2.92089,,0.264638
34.2603,1.09829,4.75564,,0.251252
34.2803,1.57944,6.42856,,0.229672
34.3003,2.00951,7.87542,,0.200708
34.3203,2.3747,9.07043,,0.165237
34.3403,2.66311,9.97828,,0.124488
34.3603,2.86552,10.5392,,0.0795965
34.3803,2.97533,10.7623,,0.0322649
34.4003,2.98896,10.6615,,-1.62E-02
34.4203,2.90594,10.2285,,-6.41E-02
34.4403,2.72917,9.46628,,-1.10E-01
34.4603,2.46422,8.39126,,-0.152251
34.4803,2.1195,7.04941,,-0.189621
34.5003,1.70638,5.47143,,-0.220835
34.5203,1.23811,3.70971,,-0.244943
34.5403,0.729842,1.82208,,-0.261153
34.5603,0.198027,-0.138167,,-0.268884
34.5803,-0.340231,-2.08117,,-0.267978
34.6003,-0.867508,-3.96012,,-0.258397
34.6203,-1.36673,-5.70683,,-0.240429
34.6403,-1.82179,-7.27611,,-0.214663
34.6603,-2.21801,-8.5913,,-0.182064
34.6803,-2.54256,-9.62295,,-0.143497
34.7003,-2.78491,-10.3363,,-0.100407
34.7203,-2.93731,-10.7231,,-0.0539189
34.7403,-2.99478,-10.7775,,-5.79E-03
34.7603,-2.95546,-10.4918,,0.0426078
34.7803,-2.82064,-9.87318,,0.0895108
34.8003,-2.5947,-8.92902,,0.133596
34.8203,-2.28493,-7.71452,,0.173358
34.8403,-1.90131,-6.24748,,0.207557
34.8603,-1.45628,-4.55297,,0.234929
34.8803,-0.964189,-2.70321,,0.254818
34.9003,-0.440916,-0.779817,,0.266481
34.9203,0.0965749,1.17467,,0.269435
34.9403,0.630967,3.10488,,0.263816
34.9603,1.14497,4.92751,,0.249513
34.9803,1.62197,6.57299,,0.227335
35.0003,2.04658,8.01243,,0.19762
35.0203,2.40502,9.18632,,0.161643
35.0403,2.68581,10.048,,0.12038
35.0603,2.87973,10.5818,,0.0753339
35.0803,2.98071,10.7905,,0.0277262
35.1003,2.98528,10.6553,,-0.0207799
35.1203,2.89343,10.1793,,-0.0684925
35.1403,2.7081,9.39054,,-0.113998
35.1603,2.43516,8.29242,,-0.156045
35.1803,2.08361,6.92739,,-0.192805
35.2003,1.66475,5.31541,,-0.22336
35.2203,1.19207,3.54301,,-0.246861
35.2403,0.680887,1.64574,,-0.262218
35.2603,0.147706,-0.317727,,-0.269199
35.2803,-0.390242,-2.25803,,-0.267414
35.3003,-0.915597,-4.1371,,-0.257047
35.3203,-1.41138,-5.86757,,-0.238326
35.3403,-1.86154,-7.4132,,-0.211902
35.3603,-2.25151,-8.71506,,-0.178726
35.3803,-2.56881,-9.71099,,-0.139662
35.4003,-2.80313,-10.393,,-0.0961561
35.4203,-2.94673,-10.7649,,-0.0494732
35.4403,-2.99522,-10.7843,,-1.23E-03
35.4603,-2.94685,-10.4564,,4.71E-02
35.4803,-2.80334,-9.79996,,9.37E-02
35.5003,-2.56921,-8.85609,,1.38E-01
35.5203,-2.25203,-7.60395,,0.17687
35.5403,-1.86215,-6.09273,,0.210378
35.5603,-1.41205,-4.3905,,0.237121
35.5803,-0.916363,-2.547,,2.56E-01
35.6003,-0.39105,-0.602986,,2.67E-01
35.6203,0.14689,1.3646,,2.69E-01
35.6403,0.680103,3.27835,,2.63E-01
35.6603,1.19134,5.08199,,2.48E-01
35.6803,1.66409,6.72704,,2.25E-01
35.7003,2.08307,8.15308,,1.95E-01
35.7203,2.43476,9.28731,,1.58E-01
35.7403,2.70774,10.1175,,1.16E-01
35.7603,2.89324,10.6304,,7.09E-02
35.7803,2.98526,10.8068,,2.32E-02
35.8003,2.98075,10.635,,-2.52E-02
35.8203,2.87999,10.1285,,-7.29E-02
35.8403,2.68619,9.31485,,-1.18E-01
35.8603,2.40556,8.19102,,-1.60E-01
35.8803,2.04719,6.793,,-1.96E-01
35.9003,1.62268,5.16979,,-2.26E-01
35.9203,1.14573,3.3757,,-2.49E-01
35.9403,0.631761,1.46185,,-2.63E-01
35.9603,0.0973977,-0.496014,,-2.69E-01
35.9803,-0.440094,-2.43445,,-2.67E-01
36.0003,-0.963416,-4.3061,,-2.56E-01
36.0203,-1.45558,-6.03362,,-2.36E-01
36.0403,-1.90073,-7.55685,,-2.09E-01
36.0603,-2.28443,-8.81639,,-1.75E-01
36.0803,-2.59438,-9.80513,,-1.36E-01
36.1003,-2.8204,-10.465,,-9.19E-02
36.1203,-2.9554,-10.7836,,-4.50E-02
36.1403,-2.99486,-10.7743,,3.28E-03
36.1603,-2.93752,-10.4262,,5.15E-02
36.1803,-2.78521,-9.74798,,9.80E-02
36.2003,-2.54303,-8.75165,,1.41E-01
36.2203,-2.21857,-7.47966,,1.80E-01
36.2403,-1.82245,-5.95889,,2.13E-01
36.2603,-1.36745,-4.23349,,0.239239
36.2803,-0.868279,-2.36356,,0.257663
36.3003,-0.341072,-0.412565,,0.267665
36.3203,0.197156,1.53853,,0.269029
36.3403,0.729045,3.45303,,0.261776
36.3603,1.23735,5.25197,,0.246006
36.3803,1.70572,6.88058,,0.222276
36.4003,2.11897,8.26736,,0.191375
36.4203,2.46375,9.38661,,0.154327
36.4403,2.72888,10.2029,,0.112235
36.4603,2.90583,10.678,,0.066509
36.4803,2.98887,10.8127,,1.87E-02
36.5003,2.97539,10.6112,,-2.97E-02
36.5203,2.86573,10.092,,-7.73E-02
36.5403,2.66343,9.23763,,-1.22E-01
36.5603,2.37518,8.07616,,-0.163232
36.5803,2.01011,6.65245,,-0.199026
36.6003,1.58008,5.01976,,-0.228387
36.6203,1.09904,3.21636,,-0.250311
36.6403,0.582455,1.28771,,-0.26418
36.6603,0.0470634,-0.686706,,-0.269508
36.6803,-0.48987,-2.61801,,-0.266165
36.7003,-1.01098,-4.46988,,-0.254166
36.7203,-1.49939,-6.18874,,-0.233961
36.7403,-1.93936,-7.6999,,-0.206188
36.7603,-2.31671,-8.93469,,-0.171828
36.7803,-2.61917,-9.88246,,-0.131834
36.8003,-2.83697,-10.5223,,-0.087567
36.8203,-2.96314,-10.8145,,-0.0406387
36.8403,-2.99351,-10.766,,7.89E-03
36.8603,-2.92718,-10.3874,,0.0559336
36.8803,-2.76622,-9.68149,,0.102218
36.9003,-2.51599,-8.65605,,0.145229
36.9203,-2.18444,-7.35225,,0.183573
36.9403,-1.78224,-5.81472,,0.215944
36.9603,-1.32249,-4.07486,,0.241277
36.9803,-0.819995,-2.18793,,0.258936
37.0003,-0.290997,-0.232486,,0.268226
37.0203,0.247412,1.71941,,0.268752
37.0403,0.777805,3.62997,,0.260607
37.0603,1.28307,5.41467,,0.24411
37.0803,1.74691,7.03327,,0.219696
37.1003,2.15424,8.39976,,0.188157
37.1203,2.492,9.48463,,0.150567
37.1403,2.74922,10.2686,,0.108046
37.1603,2.91761,10.7231,,0.0621986
37.1803,2.99173,10.8234,,0.0141761
37.2003,2.96922,10.5874,,-0.0342528
37.2203,2.85066,10.0343,,-0.0815611
37.2403,2.64012,9.15861,,-0.126313
37.2603,2.34417,7.96977,,-0.166826
37.2803,1.97248,6.52232,,-0.202078
37.3003,1.53707,4.86621,,-0.230747
37.3203,1.05203,3.04785,,-0.251966
37.3403,0.532964,1.10938,,-0.265003
37.3603,-3.30E-03,-0.862923,,-0.269546
37.3803,-0.539481,-2.79386,,-0.265397
37.4003,-1.05823,-4.64408,,-0.252638
37.4203,-1.54278,-6.33894,,-0.231657
37.4403,-1.97747,-7.82939,,-0.203296
37.4603,-2.34827,-9.0471,,-0.168256
37.4803,-2.64318,-9.96681,,-0.127851
37.5003,-2.85269,-10.5747,,-0.083285
37.5203,-2.97001,-10.8383,,-0.0361492
37.5403,-2.99146,-10.76,,1.24E-02
37.5603,-2.91613,-10.3431,,6.04E-02
37.5803,-2.74657,-9.61313,,1.06E-01
37.6003,-2.48827,-8.55912,,0.149003
37.6203,-2.14961,-7.23223,,0.186832
37.6403,-1.7415,-5.66889,,0.218574
37.6603,-1.27708,-3.90432,,0.243327
37.6803,-0.771419,-2.01181,,0.260145
37.7003,-0.240834,-0.0567601,,0.268638
37.7203,0.297558,1.91076,,0.268315
37.7403,0.82635,3.8101,,0.259466
37.7603,1.3284,5.58121,,0.24212
37.7803,1.78757,7.16886,,0.217063
37.8003,2.18893,8.52669,,0.184865
37.8203,2.51958,9.59241,,0.146735
37.8403,2.76889,10.3358,,0.104016
37.8603,2.92863,10.7571,,0.0576566
37.8803,2.99378,10.8317,,9.69E-03
37.9003,2.96213,10.5696,,-0.0388129
37.9203,2.83484,9.97733,,-0.0858244
37.9403,2.6159,9.06972,,-0.130278
37.9603,2.31247,7.85803,,-0.170325
37.9803,1.93431,6.38871,,-0.205062
38.0003,1.49363,4.71088,,-0.233074
38.0203,1.00474,2.87204,,-0.253523
38.0403,0.483352,0.922906,,-0.265799
38.0603,-0.0536486,-1.04155,,-0.269563
38.0803,-0.588949,-2.97102,,-0.264562
38.1003,-1.1052,-4.81284,,-0.25104
38.1203,-1.58574,-6.49546,,-0.229305
38.1403,-2.01504,-7.96321,,-0.200226
38.1603,-2.3792,-9.15833,,-0.164746
38.1803,-2.66652,-10.0499,,-0.123864
38.2003,-2.86771,-10.6214,,-0.0789854
38.2203,-2.97614,-10.862,,-0.0315288
38.2403,-2.98847,-10.7493,,0.01686
38.2603,-2.90419,-10.304,,0.0647521
38.2803,-2.7261,-9.53306,,0.110549
38.3003,-2.45997,-8.45908,,0.152805
38.3203,-2.11422,-7.11192,,0.190088
38.3403,-1.70028,-5.51764,,0.221196
38.3603,-1.23135,-3.736,,0.245294
38.3803,-0.722661,-1.83449,,0.261287
38.4003,-0.190591,0.120937,,0.268938
38.4203,0.347638,2.08495,,0.267909
38.4403,0.874621,3.98837,,0.258182
38.4603,1.37337,5.74942,,0.24012
38.4803,1.82774,7.30885,,0.214287
38.5003,2.22299,8.64039,,0.18155
38.5203,2.54647,9.68878,,0.142946
38.5403,2.78769,10.407,,0.0997855
38.5603,2.93879,10.7835,,0.0532459
38.5803,2.9949,10.8349,,5.08E-03
38.6003,2.95424,10.5479,,-4.32E-02
38.6203,2.81816,9.92199,,-9.02E-02
38.6403,2.59099,8.97523,,-1.34E-01
38.6603,2.28019,7.73941,,-0.173826
38.6803,1.89562,6.25458,,-0.208011
38.7003,1.4498,4.55102,,-0.235234
38.7203,0.957186,2.69833,,-2.55E-01
38.7403,0.433625,0.745,,-2.67E-01
38.7603,-0.103981,-1.225,,-2.69E-01
38.7803,-0.638216,-3.15154,,-2.64E-01
38.8003,-1.15179,-4.99103,,-2.49E-01
38.8203,-1.62817,-6.65564,,-2.27E-01
38.8403,-2.05194,-8.09299,,-1.97E-01
38.8603,-2.40938,-9.26392,,-1.61E-01
38.8803,-2.68905,-10.1312,,-1.20E-01
38.9003,-2.88171,-10.6774,,-7.47E-02
38.9203,-2.98133,-10.8774,,-2.70E-02
38.9403,-2.98464,-10.735,,2.13E-02
38.9603,-2.89149,-10.2628,,6.92E-02
38.9803,-2.70486,-9.45925,,1.15E-01
39.0003,-2.43085,-8.36002,,1.57E-01
39.0203,-2.07829,-6.97647,,1.93E-01
39.0403,-1.65858,-5.36563,,2.24E-01
39.0603,-1.18526,-3.57482,,2.47E-01
39.0803,-0.673673,-1.66113,,2.62E-01
39.1003,-0.140307,0.308931,,2.69E-01
39.1203,0.397612,2.26886,,2.67E-01
39.1403,0.92267,4.16012,,2.57E-01
39.1603,1.41791,5.90542,,2.38E-01
39.1803,1.86738,7.45468,,2.12E-01
39.2003,2.25646,8.76168,,1.78E-01
39.2203,2.57256,9.77565,,1.39E-01
39.2403,2.8056,10.467,,9.55E-02
39.2603,2.94803,10.8164,,4.89E-02
39.2803,2.99523,10.8361,,5.95E-04
39.3003,2.94553,10.5138,,-4.77E-02
39.3203,2.80068,9.85745,,-9.44E-02
39.3403,2.56538,8.88257,,-1.38E-01
39.3603,2.24714,7.61998,,-1.77E-01
39.3803,1.85636,6.11364,,-2.11E-01
39.4003,1.40552,4.38985,,-0.237489
39.4203,0.909335,2.51931,,-0.256459
39.4403,0.383698,0.566189,,-0.267191
39.4603,-0.15431,-1.40048,,-0.269285
39.4803,-0.687316,-3.33058,,-0.262611
39.5003,-1.19813,-5.15712,,-0.247573
39.5203,-1.67022,-6.80439,,-0.224434
39.5403,-2.08838,-8.21757,,-0.194123
39.5603,-2.43902,-9.3662,,-0.157408
39.5803,-2.7109,-10.21,,-0.115793
39.6003,-2.89511,-10.7191,,-0.0702741
39.6203,-2.98576,-10.8871,,-2.25E-02
39.6403,-2.97998,-10.7184,,2.59E-02
39.6603,-2.87794,-10.2133,,7.36E-02
39.6803,-2.68283,-9.38014,,1.19E-01
39.7003,-2.40106,-8.24621,,0.160154
39.7203,-2.04173,-6.84703,,0.196412
39.7403,-1.61639,-5.21283,,0.226317
39.7603,-1.13884,-3.40451,,0.248819
39.7803,-0.62451,-1.47957,,0.263414
39.8003,-0.0899806,0.495346,,0.269391
39.8203,0.447449,2.45296,,0.266714
39.8403,0.970435,4.33152,,0.255438
39.8603,1.46208,6.06741,,0.23586
39.8803,1.90648,7.59887,,0.208634
39.9003,2.28924,8.87942,,0.174774
39.9203,2.59803,9.86596,,0.135251
39.9403,2.82292,10.5274,,0.0912523
39.9603,2.95656,10.8493,,0.0442941
39.9803,2.99468,10.8366,,-3.87E-03
40.0003,2.93598,10.4821,,-0.0521835
40.0203,2.78248,9.79492,,-0.0986804
40.0403,2.53902,8.791,,-0.141932
40.0603,2.21354,7.50735,,-0.180743
40.0803,1.81655,5.96983,,-0.213566
40.1003,1.36086,4.22837,,-0.239562
40.1203,0.861209,2.34957,,-0.257849
40.1403,0.333691,0.390584,,-0.267766
40.1603,-0.204566,-1.5865,,-0.269011
40.1803,-7.36E-01,-3.50603,,-0.261577
40.2003,-1.24411,-5.31785,,-0.245714
40.2203,-1.71181,-6.94781,,-2.22E-01
40.2403,-2.12415,-8.35016,,-0.190901
40.2603,-2.46787,-9.47083,,-0.153751
40.2803,-2.73188,-10.2814,,-0.111662
40.3003,-2.90765,-10.7589,,-0.0658924
40.3203,-2.98936,-10.8975,,-0.0179967
40.3403,-2.97447,-10.6992,,0.0304143
40.3603,-2.86356,-10.1611,,0.0778414
40.3803,-2.66006,-9.29781,,0.122884
40.4003,-2.37062,-8.13352,,0.163767
40.4203,-2.0046,-6.7102,,0.199441
40.4403,-1.57377,-5.06484,,0.228753
40.4603,-1.09211,-3.23365,,0.250536
40.4803,-0.575181,-1.28923,,0.264346
40.5003,-0.0396343,0.675727,,0.269522
40.5203,0.497195,2.62732,,0.266047
40.5403,1.01792,4.50833,,0.253905
40.5603,1.50581,6.22875,,0.233677
40.5803,1.94506,7.7381,,0.205779
40.6003,2.32141,8.99376,,0.171263
40.6203,2.62271,9.95403,,0.131223
40.6403,2.83935,10.5794,,0.0870414
40.6603,2.96428,10.8736,,0.0399042
40.6803,2.99326,10.8327,,-8.55E-03
40.7003,2.92557,10.4512,,-5.66E-02
40.7203,2.76344,9.72265,,-1.03E-01
40.7403,2.51191,8.69381,,-1.46E-01
40.7603,2.17927,7.38921,,-0.184073
40.7803,1.77624,5.83026,,-0.216293
40.8003,1.3158,4.06214,,-0.241584
40.8203,0.812852,2.17025,,-0.259113
40.8403,0.283621,0.21028,,-0.26827
40.8603,-0.254797,-1.76159,,-0.26869
40.8803,-0.784974,-3.68805,,-0.260488
40.9003,-1.28979,-5.48341,,-0.243798
40.9203,-1.7529,-7.09675,,-0.219317
40.9403,-2.15938,-8.47463,,-0.187684
40.9603,-2.49612,-9.5732,,-0.150022
40.9803,-2.75216,-10.3487,,-0.107421
41.0003,-2.91935,-10.7941,,-0.0615568
41.0203,-2.99207,-10.9106,,-0.0134578
41.0403,-2.96818,-10.682,,0.0349273
41.0603,-2.84842,-10.1019,,0.0821807
41.0803,-2.63661,-9.21227,,0.126805
41.1003,-2.33951,-8.02717,,0.167445
41.1203,-1.96688,-6.57762,,0.202452
41.1403,-1.53069,-4.89982,,0.231084
41.1603,-1.04506,-3.05723,,0.252204
41.1803,-0.525676,-1.11828,,0.265198
41.2003,0.0107298,0.858626,,0.269557
41.2203,0.54677,2.81293,,0.265216
41.2403,1.06514,4.68198,,0.252409
41.2603,1.54913,6.38833,,0.231366
41.2803,1.98307,7.87261,,0.202841
41.3003,2.35288,9.10996,,0.167716
41.3203,2.64664,10.04,,0.127259
41.3403,2.85495,10.6381,,0.0827431
41.3603,2.97106,10.8979,,0.0354098
41.3803,2.99106,10.8227,,-0.0130305
41.4003,2.91441,10.4028,,-0.0610155
41.4203,2.74358,9.65364,,-0.107056
41.4403,2.48414,8.59993,,-0.149608
41.4603,2.14447,7.25596,,-0.187254
41.4803,1.73548,5.67387,,-0.219002
41.5003,1.2704,3.90287,,-0.243624
41.5203,0.764262,1.99728,,-0.260295
41.5403,0.233445,0.0223571,,-0.268721
41.5603,-0.304921,-1.94854,,-0.268325
41.5803,-0.833431,-3.85903,,-0.259195
41.6003,-1.33501,-5.64712,,-0.24183
41.6203,-1.79346,-7.2431,,-0.216631
41.6403,-2.19399,-8.59572,,-0.184444
41.6603,-2.5236,-9.66723,,-0.146185
41.6803,-2.77163,-10.4187,,-0.103329
41.7003,-2.93018,-10.8321,,-0.0571149
41.7203,-2.99396,-10.9165,,-8.91E-03
41.7403,-2.961,-10.6544,,3.94E-02
41.7603,-2.83233,-10.0447,,8.65E-02
41.7803,-2.61227,-9.12566,,1.31E-01
41.8003,-2.30768,-7.91482,,0.170909
41.8203,-1.92862,-6.43961,,0.205446
41.8403,-1.4872,-4.74487,,0.233355
41.8603,-0.997733,-2.88285,,2.54E-01
41.8803,-0.476012,-0.937828,,2.66E-01
41.9003,0.0610708,1.03951,,2.69E-01
41.9203,0.596215,2.98918,,2.64E-01
41.9403,1.11207,4.84979,,2.51E-01
41.9603,1.592,6.54513,,2.29E-01
41.9803,2.0205,8.00708,,2.00E-01
42.0003,2.3837,9.21709,,1.64E-01
42.0203,2.66987,10.1179,,1.23E-01
42.0403,2.86981,10.692,,7.84E-02
42.0603,2.97697,10.9172,,3.09E-02
42.0803,2.98794,10.8073,,-1.76E-02
42.1003,2.90236,10.3636,,-6.54E-02
42.1203,2.72307,9.58187,,-1.11E-01
42.1403,2.45566,8.49449,,-1.53E-01
42.1603,2.10901,7.13003,,-1.91E-01
42.1803,1.69419,5.52518,,-2.22E-01
42.2003,1.22463,3.7354,,-2.45E-01
42.2203,0.715478,1.81506,,-2.62E-01
42.2403,0.183208,-0.158342,,-2.69E-01
42.2603,-0.354966,-2.12991,,-2.68E-01
42.2803,-0.881686,-4.03803,,-2.58E-01
42.3003,-1.3799,-5.81144,,-2.40E-01
42.3203,-1.83354,-7.39085,,-2.14E-01
42.3403,-2.22797,-8.71689,,-1.81E-01
42.3603,-2.55034,-9.75836,,-1.42E-01
42.3803,-2.79038,-10.4825,,-9.91E-02
42.4003,-2.94014,-10.8749,,-5.26E-02
42.4203,-2.99499,-10.9199,,-4.43E-03
42.4403,-2.95301,-10.6153,,4.39E-02
42.4603,-2.8156,-9.98877,,9.08E-02
42.4803,-2.58722,-9.04194,,1.35E-01
42.5003,-2.27531,-7.79515,,1.74E-01
42.5203,-1.88981,-6.29066,,2.08E-01
42.5403,-1.44328,-4.58444,,0.235583
42.5603,-0.950111,-2.71547,,0.255286
42.5803,-0.42621,-0.757277,,0.266665
42.6003,0.111426,1.22801,,0.2694
42.6203,0.645466,3.17635,,0.263472
42.6403,1.15868,5.0204,,0.24908
42.6603,1.63445,6.69046,,0.226582
42.6803,2.05739,8.14026,,0.196698
42.7003,2.41391,9.32458,,0.160568
42.7203,2.69232,10.1981,,0.119234
42.7403,2.88379,10.736,,0.0739834
42.7603,2.98209,10.9346,,0.0264276
42.7803,2.98406,10.7993,,-2.21E-02
42.8003,2.88952,10.3187,,-6.98E-02
42.8203,2.70169,9.50362,,-1.15E-01
42.8403,2.4265,8.38733,,-0.157105
42.8603,2.07294,6.99901,,-0.193702
42.8803,1.65244,5.38113,,-0.224163
42.9003,1.17849,3.5716,,-0.247326
42.9203,0.666457,1.63178,,-0.262521
42.9403,0.132902,-0.344494,,-0.269252
42.9603,-0.404944,-2.30659,,-0.267321
42.9803,-0.929703,-4.21136,,-0.25662
43.0003,-1.42442,-5.97377,,-0.23768
43.0203,-1.87308,-7.5367,,-0.211135
43.0403,-2.26131,-8.83442,,-0.177697
43.0603,-2.57644,-9.84731,,-0.138502
43.0803,-2.80825,-10.5468,,-0.0948629
43.1003,-2.9494,-10.9055,,-0.0482121
43.1203,-2.99521,-10.9151,,1.07E-04
43.1403,-2.94419,-10.5847,,0.0483769
43.1603,-2.79807,-9.91945,,0.0950507
43.1803,-2.56156,-8.94233,,0.138657
43.2003,-2.24225,-7.67705,,0.177839
43.2203,-1.85052,-6.15447,,0.21117
43.2403,-1.39896,-4.42184,,0.237846
43.2603,-0.902226,-2.53342,,0.256644
43.2803,-0.376338,-0.572915,,0.267273
43.3003,0.161726,1.41094,,0.269207
43.3203,6.95E-01,3.35351,,0.262553
43.3403,1.20494,5.1902,,0.247253
43.3603,1.67639,6.84656,,0.224036
43.3803,2.0937,8.27676,,0.193672
43.4003,2.44334,9.42862,,0.156863
43.4203,2.71399,10.2738,,0.115166
43.4403,2.897,10.7883,,0.0696475
43.4603,2.98637,10.9528,,0.0218743
43.4803,2.97922,10.7788,,-0.0266141
43.5003,2.87589,10.2636,,-0.0741273
43.5203,2.67956,9.43002,,-0.119396
43.5403,2.39663,8.28775,,-0.160717
43.5603,2.03628,6.86548,,-0.196857
43.5803,1.61013,5.22002,,-0.226643
43.6003,1.13197,3.39722,,-0.249108
43.6203,0.617255,1.46014,,-0.263509
43.6403,0.0825692,-0.522548,,-0.269454
43.6603,-0.454779,-2.4944,,-0.266651
43.6803,-0.977455,-4.38537,,-0.255165
43.7003,-1.46852,-6.13137,,-0.235516
43.7203,-1.91215,-7.67079,,-0.208307
43.7403,-2.29403,-8.95478,,-0.174224
43.7603,-2.60171,-9.94094,,-0.134611
43.7803,-2.82536,-10.6053,,-0.0906602
43.8003,-2.95776,-10.9326,,-0.0437258
43.8203,-2.99451,-10.9103,,4.68E-03
43.8403,-2.93452,-10.5518,,5.28E-02
43.8603,-2.7797,-9.85952,,9.93E-02
43.8803,-2.53504,-8.85472,,1.43E-01
43.9003,-2.20852,-7.55072,,0.181191
43.9203,-1.81062,-6.00504,,0.213941
43.9403,-1.35423,-4.25956,,0.239903
43.9603,-0.854069,-2.36158,,0.258041
43.9803,-0.326322,-0.384553,,0.267799
44.0003,0.212003,1.59503,,0.268966
44.0203,0.743455,3.53618,,0.261476
44.0403,1.2509,5.35857,,0.245413
44.0603,1.71796,6.98808,,0.221541
44.0803,2.12944,8.40356,,0.190452
44.1003,2.47218,9.54446,,0.153207
44.1203,2.73495,10.3481,,0.110993
44.1403,2.90937,10.8195,,0.0652359
44.1603,2.98978,10.9651,,0.017331
44.1803,2.97366,10.7601,,-0.0310778
44.2003,2.86141,10.2179,,-0.0784855
44.2203,2.65671,9.33811,,-0.123369
44.2403,2.36614,8.17235,,-0.164399
44.2603,1.99908,6.73993,,-0.199881
44.2803,1.56749,5.06577,,-0.229099
44.3003,1.08524,3.22491,,-0.25079
44.3203,0.567912,1.27711,,-0.264457
44.3403,0.0322136,-7.03E-01,,-0.269538
44.3603,-0.504486,-2.67944,,-0.265899
44.3803,-1.02491,-4.56585,,-0.253737
44.4003,-1.5122,-6.28442,,-0.23329
44.4203,-1.95063,-7.80409,,-0.205361
44.4403,-2.32605,-9.07008,,-0.170736
44.4603,-2.62627,-10.0308,,-0.130679
44.4803,-2.8417,-10.6557,,-0.0864033
44.5003,-2.9653,-10.9462,,-0.0392362
44.5203,-2.99298,-10.9089,,9.20E-03
44.5403,-2.92396,-10.5136,,0.057222
44.5603,-2.76049,-9.78527,,0.103534
44.5803,-2.50789,-8.74513,,0.146338
44.6003,-2.1742,-7.42959,,0.184524
44.6203,-1.77023,-5.86812,,0.216729
44.6403,-1.3091,-4.0887,,0.241895
44.6603,-0.805686,-2.17475,,0.259321
44.6803,-0.276223,-0.207176,,0.268271
44.7003,0.262196,1.77667,,0.268611
44.7203,0.792139,3.71312,,0.260303
44.7403,1.29645,5.52435,,0.243525
44.7603,1.75893,7.14592,,0.218952
44.7803,2.16455,8.52515,,0.187225
44.8003,2.5002,9.63879,,0.14938
44.8203,2.75511,10.4281,,0.10692
44.8403,2.92096,10.8637,,0.0608223
44.8603,2.9924,10.9704,,1.28E-02
44.8803,2.96719,10.7367,,-3.56E-02
44.9003,2.84608,10.1654,,-8.28E-02
44.9203,2.63301,9.25896,,-1.27E-01
44.9403,2.33487,8.06054,,-0.16796
44.9603,1.9613,6.59741,,-0.202931
44.9803,1.52431,4.91437,,-0.231437
45.0003,1.03813,3.05623,,-2.52E-01
45.0203,0.518358,1.09362,,-2.65E-01
45.0403,-0.0181554,-0.894405,,-2.70E-01
45.0603,-0.554081,-2.84971,,-2.65E-01
45.0803,-1.07207,-4.7293,,-2.52E-01
45.1003,-1.55548,-6.44877,,-2.31E-01
45.1203,-1.98859,-7.94791,,-2.02E-01
45.1403,-2.35746,-9.1772,,-1.67E-01
45.1603,-2.65016,-10.1114,,-1.27E-01
45.1803,-2.85721,-10.7104,,-8.20E-02
45.2003,-2.97193,-10.9733,,-3.47E-02
45.2203,-2.99061,-10.9013,,1.37E-02
45.2403,-2.9127,-10.4749,,6.16E-02
45.2603,-2.74064,-9.7052,,1.08E-01
45.2803,-2.48,-8.63935,,1.50E-01
45.3003,-2.13924,-7.31322,,1.88E-01
45.3203,-1.7294,-5.71738,,2.19E-01
45.3403,-1.26365,-3.91052,,2.44E-01
45.3603,-0.757062,-1.99767,,2.60E-01
45.3803,-0.226029,-0.0264664,,2.69E-01
45.4003,0.312318,1.96079,,2.68E-01
45.4203,0.840568,3.90126,,2.59E-01
45.4403,1.34168,5.68973,,2.42E-01
45.4603,1.79943,7.28875,,2.16E-01
45.4803,2.19902,8.65712,,1.84E-01
45.5003,2.52762,9.73849,,1.46E-01
45.5203,2.7745,10.4848,,1.03E-01
45.5403,2.93165,10.9057,,5.64E-02
45.5603,2.99418,10.9837,,8.29E-03
45.5803,2.95989,10.7085,,-4.01E-02
45.6003,2.82997,10.1023,,-8.71E-02
45.6203,2.60863,9.17911,,-1.31E-01
45.6403,2.30296,7.9527,,-1.71E-01
45.6603,1.92294,6.45319,,-2.06E-01
45.6803,1.48076,4.74432,,-0.2337
45.7003,0.990728,2.88424,,-0.25399
45.7203,0.46869,0.921429,,-0.266047
45.7403,-0.0684807,-1.07791,,-0.269527
45.7603,-0.603473,-3.03704,,-0.264285
45.7803,-1.11896,-4.89832,,-0.250508
45.8003,-1.59829,-6.60058,,-0.22865
45.8203,-2.02599,-8.0805,,-0.199342
45.8403,-2.38819,-9.29142,,-0.163639
45.8603,-2.67318,-10.1885,,-0.12268
45.8803,-2.87194,-10.7575,,-0.0777889
45.9003,-2.97784,-11.0002,,-0.0301973
45.9203,-2.98743,-10.8842,,1.82E-02
45.9403,-2.90051,-10.4195,,6.61E-02
45.9603,-2.71993,-9.63835,,1.12E-01
45.9803,-2.45142,-8.54869,,0.153905
46.0003,-2.10368,-7.17629,,0.191027
46.0203,-1.68802,-5.5511,,0.221975
46.0403,-1.21779,-3.75335,,0.245811
46.0603,-0.708239,-1.82292,,0.261571
46.0803,-0.175787,0.163641,,0.26906
46.1003,0.362381,2.14686,,0.267716
46.1203,0.888803,4.07177,,0.257813
46.1403,1.38648,5.85472,,0.2395
46.1603,1.83942,7.44111,,0.213527
46.1803,2.23294,8.77417,,0.180545
46.2003,2.55424,9.8279,,0.141814
46.2203,2.79305,10.5567,,0.0985194
46.2403,2.94159,10.9393,,0.0520073
46.2603,2.99511,10.981,,3.70E-03
46.2803,2.9518,10.6787,,-0.0444958
46.3003,2.81314,10.0364,,-0.091427
46.3203,2.58348,9.07748,,-0.135359
46.3403,2.27045,7.83615,,-0.174867
46.3603,1.88407,6.32239,,-0.208816
46.3803,1.43683,4.58318,,-0.23591
46.4003,0.943111,2.70296,,-0.255488
46.4203,0.418919,0.734815,,-0.26674
46.4403,-0.118807,-1.25112,,-0.269409
46.4603,-0.652679,-3.21678,,-0.263365
46.4803,-1.16547,-5.0827,,-0.248779
46.5003,-1.64064,-6.75319,,-0.226171
46.5203,-2.06274,-8.20538,,-0.196317
46.5403,-2.4182,-9.39689,,-0.160024
46.5603,-2.69558,-10.2753,,-0.118653
46.5803,-2.88582,-10.811,,-0.0733459
46.6003,-2.98277,-11.0099,,-0.0257077
46.6203,-2.98336,-10.8685,,0.0227353
46.6403,-2.88753,-10.3835,,0.0704375
46.6603,-2.69846,-9.55955,,0.115862
46.6803,-2.42213,-8.44241,,0.157621
46.7003,-2.06754,-7.04467,,0.194194
46.7203,-1.64616,-5.40604,,0.224568
46.7403,-1.17161,-3.58182,,0.247588
46.7603,-0.659189,-1.64031,,0.262669
46.7803,-0.125477,0.346568,,0.269271
46.8003,0.412319,2.3374,,0.267164
46.8203,0.936773,4.25436,,0.25643
46.8403,1.43096,6.01585,,0.2374
46.8603,1.87894,7.576,,0.21068
46.8803,2.26615,8.90089,,0.177193
46.9003,2.58E+00,9.92772,,0.13798
46.9203,2.81083,10.6146,,0.0942166
46.9403,2.95061,10.9672,,0.0475438
46.9603,2.99508,10.9885,,-7.84E-04
46.9803,2.94283,10.6466,,-4.90E-02
47.0003,2.79542,9.97214,,-9.57E-02
47.0203,2.55763,8.99144,,-1.39E-01
47.0403,2.23731,7.71123,,-0.17831
47.0603,1.84466,6.17475,,-0.211606
47.0803,1.39241,4.42242,,-0.238084
47.1003,0.895193,2.52802,,-0.256868
47.1203,0.368985,0.554167,,-0.267378
47.1403,-0.169111,-1.4424,,-0.269227
47.1603,-0.701748,-3.40102,,-0.262345
47.1803,-1.21171,-5.24169,,-0.247028
47.2003,-1.68251,-6.90511,,-0.223658
47.2203,-2.09898,-8.33947,,-0.193171
47.2403,-2.44758,-9.49969,,-0.156312
47.2603,-2.71706,-10.349,,-0.11458
47.2803,-2.89886,-10.8532,,-0.0690033
47.3003,-2.98691,-11.0253,,-0.0211894
47.3203,-2.97842,-10.8458,,0.0272095
47.3403,-2.87377,-10.329,,0.0748488
47.3603,-2.67622,-9.48169,,0.119944
47.3803,-2.39215,-8.33154,,0.161243
47.4003,-2.03088,-6.90615,,0.197296
47.4203,-1.60387,-5.24785,,0.227038
47.4403,-1.12512,-3.41326,,0.249366
47.4603,-0.609984,-1.46697,,0.263626
47.4803,-0.0751548,0.532229,,0.269455
47.5003,0.462129,2.52297,,0.266566
47.5203,0.984474,4.42131,,0.25497
47.5403,1.47498,6.17049,,0.235228
47.5603,1.91787,7.72754,,0.207823
47.5803,2.2988,9.02018,,0.173766
47.6003,2.60538,10.0105,,0.134046
47.6203,2.82781,10.6714,,0.0899454
47.6403,2.95888,11.0034,,0.0430583
47.6603,2.99433,10.982,,-5.26E-03
47.6803,2.93295,10.612,,-0.0535023
47.7003,2.77695,9.91285,,-0.0998291
47.7203,2.53116,8.89726,,-0.143157
47.7403,2.20352,7.5944,,-0.181685
47.7603,1.80472,6.02251,,-2.14E-01
47.7803,1.3476,4.25637,,-0.240178
47.8003,0.846969,2.36267,,-0.258199
47.8203,0.318968,0.371805,,-0.267948
47.8403,-0.21938,-1.63074,,-0.268922
47.8603,-0.75061,-3.58152,,-0.261271
47.8803,-1.25763,-5.40542,,-0.245182
47.9003,-1.72401,-7.05177,,-0.221136
47.9203,-2.13461,-8.47488,,-0.189971
47.9403,-2.47629,-9.60771,,-0.152625
47.9603,-2.73794,-10.4114,,-0.110499
47.9803,-2.91113,-10.8917,,-0.0644932
48.0003,-2.99024,-11.0481,,-1.67E-02
48.0203,-2.9727,-10.8346,,3.18E-02
48.0403,-2.8592,-10.2612,,7.91E-02
48.0603,-2.65322,-9.38378,,1.24E-01
48.0803,-2.36148,-8.22751,,0.164898
48.1003,-1.99353,-6.77864,,0.200351
48.1203,-1.56114,-5.08009,,0.229387
48.1403,-1.07827,-3.2374,,2.51E-01
48.1603,-0.56058,-1.28368,,2.65E-01
48.1803,-0.024803,0.720805,,2.70E-01
48.2003,0.511827,2.70411,,2.66E-01
48.2203,1.03186,4.60217,,2.53E-01
48.2403,1.51863,6.33722,,2.33E-01
48.2603,1.95628,7.86921,,2.05E-01
48.2803,2.33075,9.13477,,1.70E-01
48.3003,2.62987,10.0963,,1.30E-01
48.3203,2.84405,10.7378,,8.56E-02
48.3403,2.96631,11.0287,,3.86E-02
48.3603,2.99267,10.97,,-9.87E-03
48.3803,2.9224,10.5675,,-5.79E-02
48.4003,2.7576,9.8464,,-1.04E-01
48.4203,2.5038,8.80235,,-1.47E-01
48.4403,2.16911,7.45959,,-1.85E-01
48.4603,1.76428,5.87235,,-2.17E-01
48.4803,1.30244,4.09801,,-2.42E-01
48.5003,0.798556,2.18223,,-2.59E-01
48.5203,0.268829,0.180922,,-2.68E-01
48.5403,-0.269581,-1.8222,,-2.69E-01
48.5603,-0.79928,-3.75457,,-2.60E-01
48.5803,-1.30319,-5.56725,,-2.43E-01
48.6003,-1.76492,-7.20642,,-2.19E-01
48.6203,-2.16965,-8.60403,,-1.87E-01
48.6403,-2.50426,-9.69813,,-1.49E-01
48.6603,-2.75797,-10.4811,,-1.06E-01
48.6803,-2.92258,-10.9383,,-6.01E-02
48.7003,-2.99269,-11.0438,,-1.22E-02
48.7203,-2.96614,-10.7974,,3.62E-02
48.7403,-2.84379,-10.211,,8.35E-02
48.7603,-2.6295,-9.31401,,1.28E-01
48.7803,-2.3302,-8.10472,,1.68E-01
48.8003,-1.95565,-6.6265,,2.03E-01
48.8203,-1.51795,-4.92655,,0.231731
48.8403,-1.03118,-3.06042,,0.25271
48.8603,-0.511068,-1.09219,,0.265399
48.8803,0.0255494,0.908274,,0.269572
48.9003,0.561336,2.88501,,0.264986
48.9203,1.07898,4.7725,,0.251884
48.9403,1.56179,6.50056,,0.23068
48.9603,1.99415,8.00696,,0.201946
48.9803,2.36203,9.24169,,0.166752
49.0003,2.65354,10.1829,,0.126053
49.0203,2.85943,10.7938,,0.0813934
49.0403,2.97279,11.0478,,0.0340938
49.0603,2.99019,10.963,,-1.44E-02
49.0803,2.91093,10.5303,,-6.23E-02
49.1003,2.73757,9.77561,,-1.08E-01
49.1203,2.47577,8.69973,,-0.150631
49.1403,2.13405,7.33722,,-0.188242
49.1603,1.72332,5.72703,,-0.219799
49.1803,1.25692,3.93235,,-0.244156
49.2003,0.749895,2.00274,,-0.260652
49.2203,0.218614,2.84E-03,,-0.268822
49.2403,-0.319682,-1.99841,,-0.26811
49.2603,-0.847689,-3.92826,,-0.258905
49.2803,-1.34832,-5.73308,,-0.24129
49.3003,-1.80538,-7.35386,,-0.215836
49.3203,-2.20406,-8.72015,,-0.183393
49.3403,-2.53152,-9.79356,,-0.145037
49.3603,-2.77725,-10.5521,,-0.102175
49.3803,-2.93315,-10.9774,,-0.0557224
49.4003,-2.99431,-11.0498,,-7.62E-03
49.4203,-2.9587,-10.769,,0.0407328
49.4403,-2.82749,-10.162,,0.0877457
49.4603,-2.605,-9.22053,,0.131958
49.4803,-2.29828,-7.98078,,0.171954
49.5003,-1.91723,-6.49383,,0.206332
49.5203,-1.47428,-4.77168,,0.234044
49.5403,-0.983735,-2.88414,,0.254192
49.5603,-0.461358,-0.905758,,0.266217
49.5803,0.0759251,1.08858,,0.269485
49.6003,0.610739,3.06639,,0.264153
49.6203,1.12585,4.95419,,0.250233
49.6403,1.60457,6.65082,,0.228309
49.6603,2.03143,8.13372,,0.198873
49.6803,2.39263,9.35908,,0.163127
49.7003,2.67651,10.2714,,0.122126
49.7203,2.87401,10.8355,,0.077021
49.7403,2.97856,11.0616,,0.0296053
49.7603,2.9869,10.9534,,-0.0188684
49.7803,2.89869,10.4951,,-0.0667153
49.8003,2.71684,9.69051,,-0.112368
49.8203,2.44716,8.58601,,-0.154426
49.8403,2.09842,7.20819,,-0.191579
49.8603,1.68191,5.57935,,-0.222322
49.8803,1.21107,3.75889,,-0.246034
49.9003,0.701032,1.81463,,-0.261793
49.9203,0.168392,-0.187045,,-0.269094
49.9403,-0.369705,-2.17984,,-0.267674
49.9603,-0.895841,-4.10636,,-0.257567
49.9803,-1.39309,-5.90656,,-0.239223
50.0003,-1.84525,-7.49622,,-0.213048
50.0203,-2.23785,-8.83985,,-0.180114
50.0403,-2.56E+00,-9.88643,,-0.141261
50.0603,-2.79568,-10.6204,,-0.0978377
50.0803,-2.94297,-11.0106,,-0.0512984
50.1003,-2.9951,-11.0465,,-3.10E-03
50.1203,-2.9505,-10.7344,,4.52E-02
50.1403,-2.81053,-10.0891,,9.21E-02
50.1603,-2.57973,-9.13433,,1.36E-01
50.1803,-2.26563,-7.87382,,0.175436
50.2003,-1.8783,-6.33901,,0.209158
50.2203,-1.43027,-4.59955,,0.236263
50.2403,-0.936023,-2.70841,,0.255729
50.2603,-0.411526,-0.729246,,0.266858
50.2803,0.126258,1.2783,,0.269363
50.3003,0.659964,3.26037,,0.26318
50.3203,1.17237,5.11961,,0.248549
50.3403,1.64688,6.80403,,0.225822
50.3603,2.06817,8.27588,,0.195807
50.3803,2.42263,9.47459,,0.159539
50.4003,2.69886,10.3496,,0.118033
50.4203,2.88783,10.8815,,0.0726675
50.4403,2.98346,11.0861,,0.0250451
50.4603,2.98272,10.9442,,-0.0233092
50.4803,2.88563,10.4422,,-0.0711311
50.5003,2.69524,9.61826,,-0.116503
50.5203,2.41782,8.49033,,-0.158131
50.5403,2.0622,7.07635,,-0.194681
50.5603,1.63998,5.4199,,-0.224891
50.5803,1.16479,3.58854,,-0.247888
50.6003,0.651982,1.64224,,-0.262801
50.6203,0.118079,-0.369049,,-0.269351
50.6403,-0.419628,-2.36119,,-0.267073
50.6603,-0.943797,-4.29025,,-0.256196
50.6803,-1.43747,-6.06411,,-0.237091
50.7003,-1.88468,-7.63803,,-0.210272
50.7203,-2.27101,-8.95868,,-0.176692
50.7403,-2.58392,-9.98331,,-0.137383
50.7603,-2.8134,-10.68,,-0.093613
50.7803,-2.95186,-11.0267,,-0.0468278
50.8003,-2.99502,-11.0445,,1.38E-03
50.8203,-2.94137,-10.7124,,0.0496831
50.8403,-2.79279,-10.0292,,0.0962581
50.8603,-2.55382,-9.02735,,0.139849
50.8803,-2.23235,-7.74298,,0.178852
50.9003,-1.83881,-6.19834,,0.211994
50.9203,-1.38581,-4.43347,,0.238416
50.9403,-0.88807,-2.52819,,0.25708
50.9603,-0.361597,-0.538347,,0.267438
50.9803,0.176527,1.46986,,0.269174
51.0003,0.708998,3.43822,,0.262212
51.0203,1.2185,5.28997,,0.246749
51.0403,1.68869,6.96782,,0.223313
51.0603,2.10428,8.4132,,0.192687
51.0803,2.45192,9.57779,,0.155826
51.1003,2.72026,10.4154,,0.113924
51.1203,2.90071,10.9287,,0.0683199
51.1403,2.98744,11.1096,,2.06E-02
51.1603,2.9777,10.9199,,-2.79E-02
51.1803,2.8717,10.3875,,-7.54E-02
51.2003,2.67286,9.53976,,-1.21E-01
51.2203,2.38769,8.38301,,-0.161799
51.2403,2.02537,6.94045,,-0.19778
51.2603,1.5976,5.26292,,-0.227376
51.2803,1.11824,3.41562,,-2.50E-01
51.3003,0.602743,1.461,,-2.64E-01
51.3203,0.0677388,-0.552032,,-2.69E-01
51.3403,-0.469441,-2.54801,,-2.66E-01
51.3603,-0.991464,-4.46748,,-2.55E-01
51.3803,-1.48145,-6.22574,,-2.35E-01
51.4003,-1.92355,-7.7786,,-2.07E-01
51.4203,-2.30352,-9.07462,,-1.73E-01
51.4403,-2.60904,-10.0741,,-1.33E-01
51.4603,-2.83026,-10.7374,,-8.94E-02
51.4803,-2.95999,-11.057,,-4.23E-02
51.5003,-2.9941,-11.0396,,5.98E-03
51.5203,-2.93143,-10.6667,,5.41E-02
51.5403,-2.77411,-9.95974,,1.00E-01
51.5603,-2.52713,-8.93201,,1.44E-01
51.5803,-2.19846,-7.62273,,1.82E-01
51.6003,-1.79878,-6.04786,,2.15E-01
51.6203,-1.34097,-4.26803,,2.40E-01
51.6403,-0.83983,-2.34802,,2.58E-01
51.6603,-0.311536,-0.353129,,2.68E-01
51.6803,0.226784,1.65496,,2.69E-01
51.7003,0.757828,3.61322,,2.61E-01
51.7203,1.26435,5.45866,,2.45E-01
51.7403,1.73002,7.12092,,2.21E-01
51.7603,2.13981,8.53578,,1.89E-01
51.7803,2.4805,9.67201,,1.52E-01
51.8003,2.74093,10.4961,,1.10E-01
51.8203,2.91293,10.9825,,6.39E-02
51.8403,2.99068,11.1143,,1.60E-02
51.8603,2.97183,10.8888,,-3.24E-02
51.8803,2.85691,10.3389,,-7.98E-02
51.9003,2.6498,9.46043,,-1.25E-01
51.9203,2.357,8.26735,,-1.65E-01
51.9403,1.98796,6.79708,,-2.01E-01
51.9603,1.55479,5.10575,,-0.229731
51.9803,1.07136,3.2543,,-0.25133
52.0003,0.553307,1.26704,,-0.264668
52.0203,0.0173875,-0.746143,,-0.269585
52.0403,-0.519117,-2.72875,,-0.265687
52.0603,-1.03883,-4.6346,,-0.253218
52.0803,-1.52501,-6.38666,,-0.232663
52.1003,-1.96189,-7.92919,,-0.204489
52.1203,-2.33538,-9.1863,,-0.169736
52.1403,-2.6334,-10.1551,,-0.129489
52.1603,-2.84635,-10.7967,,-0.0851102
52.1803,-2.9673,-11.0858,,-0.0378774
52.2003,-2.99235,-11.0299,,1.05E-02
52.2203,-2.92081,-10.6291,,5.85E-02
52.2403,-2.75477,-9.89218,,1.05E-01
52.2603,-2.49976,-8.83521,,0.147478
52.2803,-2.16397,-7.48893,,0.185498
52.3003,-1.75825,-5.9013,,0.217504
52.3203,-1.29576,-4.10547,,0.242517
52.3403,-0.791387,-2.16932,,0.259628
52.3603,-0.261443,-0.167895,,0.268462
52.3803,0.276978,1.8411,,0.268535
52.4003,0.806419,3.79511,,0.259909
52.4203,1.30983,5.63482,,0.243016
52.4403,1.77091,7.26667,,0.218091
52.4603,2.17476,8.66229,,0.186205
52.4803,2.50836,9.78006,,0.148384
52.5003,2.7609,10.5721,,0.105673
52.5203,2.9242,11.0177,,0.059505
52.5403,2.99298,11.1107,,0.0114796
52.5603,2.96512,10.8725,,-0.036865
52.5803,2.84145,10.2921,,-0.0841207
52.6003,2.62589,9.37022,,-0.128646
52.6203,2.32553,8.14394,,-0.168914
52.6403,1.95004,6.6597,,-0.203832
52.6603,1.51153,4.9523,,-0.232086
52.6803,1.02418,3.07093,,-0.252898
52.7003,0.503747,1.08844,,-0.265529
52.7203,-0.0329786,-0.927159,,-0.269604
52.7403,-0.568654,-2.91705,,-0.264897
52.7603,-1.08594,-4.80813,,-0.251624
52.7803,-1.56814,-6.54328,,-0.230335
52.8003,-1.99967,-8.06452,,-0.20146
52.8203,-2.36661,-9.30278,,-0.166246
52.8403,-2.65704,-10.2366,,-0.125415
52.8603,-2.86159,-10.8408,,-0.0808279
52.8803,-2.97374,-11.1112,,-0.0334114
52.9003,-2.98979,-11.0259,,0.0149897
52.9203,-2.90921,-10.5825,,0.0629895
52.9403,-2.73464,-9.81662,,0.108789
52.9603,-2.47166,-8.72828,,0.151377
52.9803,-2.12884,-7.35458,,0.188702
53.0003,-1.71726,-5.75107,,0.220192
53.0203,-1.2502,-3.93873,,0.24444
53.0403,-0.742705,-1.98706,,0.260851
53.0603,-0.21123,0.0234304,,0.268836
53.0803,0.32708,2.02619,,0.268081
53.1003,0.854796,3.97736,,0.258686
53.1203,1.35492,5.796,,0.240917
53.1403,1.81125,7.41873,,0.215474
53.1603,2.2091,8.79121,,0.182923
53.1803,2.54E+00,9.87504,,0.144506
53.2003,2.77999,10.639,,0.101457
53.2203,2.93473,11.0513,,0.0551728
53.2403,2.99455,11.125,,6.96E-03
53.2603,2.95757,10.8465,,-4.14E-02
53.2803,2.82509,10.2231,,-8.84E-02
53.3003,2.60127,9.27709,,-1.33E-01
53.3203,2.29351,8.03333,,-0.172434
53.3403,1.91157,6.51948,,-0.206795
53.3603,1.46785,4.78266,,-0.23437
53.3803,0.976727,2.89495,,-0.254456
53.4003,0.454044,0.902709,,-0.266234
53.4203,-0.0833262,-1.11886,,-0.269497
53.4403,-0.618,-3.09954,,-0.264048
53.4603,-1.13271,-4.9826,,-0.249984
53.4803,-1.61081,-6.70502,,-2.28E-01
53.5003,-2.03689,-8.19789,,-0.198474
53.5203,-2.39712,-9.4117,,-0.162587
53.5403,-2.67993,-10.3178,,-0.121482
53.5603,-2.87605,-10.9,,-0.0763473
53.5803,-2.97933,-11.1299,,-0.0289764
53.6003,-2.98632,-11.0007,,0.0195071
53.6203,-2.89675,-10.5381,,0.0674332
53.6403,-2.71368,-9.74104,,0.112955
53.6603,-2.44286,-8.62851,,0.155008
53.6803,-2.09309,-7.23131,,0.191938
53.7003,-1.67573,-5.59174,,0.222755
53.7203,-1.20421,-3.76983,,0.246321
53.7403,-0.693797,-1.81234,,0.261952
53.7603,-0.160984,0.217691,,0.269113
53.7803,0.377092,2.22034,,0.267563
53.8003,0.902977,4.14934,,0.257414
53.8203,1.39962,5.95094,,0.238855
53.8403,1.85111,7.56958,,0.212711
53.8603,2.24279,8.92339,,0.179582
53.8803,2.56204,9.96177,,0.140696
53.9003,2.7984,10.6982,,0.0972206
53.9203,2.94433,11.0926,,0.0506533
53.9403,2.99516,11.1313,,2.44E-03
53.9603,2.94919,10.8087,,-0.0458817
53.9803,2.80794,10.1542,,-0.0926398
54.0003,2.57597,9.19608,,-0.13645
54.0203,2.2608,7.91933,,-0.175931
54.0403,1.87255,6.36783,,-0.209628
54.0603,1.42373,4.62258,,-0.236615
54.0803,0.928995,2.72167,,-0.25587
54.1003,0.404197,0.718971,,-0.266937
54.1203,-0.133648,-1.30741,,-0.269381
54.1403,-0.667197,-3.2794,,-0.263041
54.1603,-1.17917,-5.15072,,-0.248304
54.1803,-1.65304,-6.85924,,-0.225429
54.2003,-2.07351,-8.32903,,-0.1954
54.2203,-2.42695,-9.5185,,-0.158931
54.2403,-2.70198,-10.4002,,-0.117485
54.2603,-2.88973,-10.9476,,-0.0719888
54.2803,-2.98407,-11.1434,,-2.44E-02
54.3003,-2.98208,-10.9872,,2.41E-02
54.3203,-2.8836,-10.4842,,7.17E-02
54.3403,-2.692,-9.6589,,1.17E-01
54.3603,-2.41335,-8.52043,,0.158733
54.3803,-2.05681,-7.09184,,0.195055
54.4003,-1.63378,-5.43371,,0.225285
54.4203,-1.15798,-3.58991,,0.248176
54.4403,-0.644712,-1.62804,,0.26302
54.4603,-0.110655,0.391352,,0.269283
54.4803,0.42698,2.39836,,0.266999
54.5003,0.950824,4.33432,,0.255973
54.5203,1.44393,6.12722,,0.236807
54.5403,1.89046,7.71027,,0.209834
54.5603,2.27585,9.03081,,0.176208
54.5803,2.58769,10.0588,,0.13677
54.6003,2.81599,10.766,,0.0930532
54.6203,2.9532,11.1196,,0.0461619
54.6403,2.99497,11.117,,-2.15E-03
54.6603,2.93997,10.7704,,-0.0502388
54.6803,2.79005,10.1017,,-0.0969749
54.7003,2.54997,9.09377,,-0.140337
54.7203,2.22745,7.78165,,-0.179329
54.7403,1.83293,6.22494,,-0.212498
54.7603,1.37924,4.46277,,-0.238723
54.7803,0.880972,2.54093,,-0.257234
54.8003,0.354259,0.52441,,-0.267549
54.8203,-0.183932,-1.49209,,-0.26914
54.8403,-7.16E-01,-3.45651,,-0.26203
54.8603,-1.22528,-5.32596,,-0.246473
54.8803,-1.6948,-7.01812,,-0.222952
54.9003,-2.10956,-8.46232,,-0.192274
54.9203,-2.45614,-9.62109,,-0.15523
54.9403,-2.72334,-10.478,,-0.113316
54.9603,-2.90259,-10.9925,,-0.0677115
54.9803,-2.98805,-11.1554,,-0.0199075
55.0003,-2.97687,-10.9737,,0.0286179
55.0203,-2.86952,-10.4393,,0.0760707
55.0403,-2.66944,-9.57382,,0.121242
55.0603,-2.38317,-8.40188,,0.162222
55.0803,-2.01992,-6.96531,,0.19823
55.1003,-1.59134,-5.27971,,0.227744
55.1203,-1.11138,-3.41422,,0.249837
55.1403,-0.595489,-1.43878,,0.263967
55.1603,-0.0603394,0.582563,,0.269497
55.1803,0.476767,2.5846,,0.266307
55.2003,0.998447,4.51108,,0.254531
55.2203,1.48787,6.28227,,0.234615
55.2403,1.92921,7.85163,,0.206933
55.2603,2.30824,9.15274,,0.172721
55.2803,2.61267,10.1573,,0.132866
55.3003,2.83263,10.8221,,8.88E-02
55.3203,2.96112,11.1441,,0.0417756
55.3403,2.99393,11.1104,,-6.65E-03
55.3603,2.92995,10.7408,,-0.0547768
55.3803,2.77134,10.0248,,-0.101103
55.4003,2.52315,8.99E+00,,-0.144216
55.4203,2.19342,7.65895,,-0.182718
55.4403,1.79288,6.07704,,-0.215187
55.4603,1.33434,4.28631,,-0.24081
55.4803,0.832705,2.35948,,-0.258567
55.5003,0.304163,0.34391,,-0.268107
55.5203,-0.234194,-1.68183,,-0.268814
55.5403,-0.765006,-3.64547,,-0.260982
55.5603,-1.27109,-5.49778,,-0.244522
55.5803,-1.73609,-7.1626,,-0.220397
55.6003,-2.14504,-8.59427,,-0.18904
55.6203,-2.48462,-9.73059,,-0.151514
55.6403,-2.74396,-10.5475,,-0.109205
55.6603,-2.91462,-11.0347,,-0.06331
55.6803,-2.99108,-11.1711,,-0.0153462
55.7003,-2.9709,-10.9466,,0.0330521
55.7203,-2.8547,-10.3835,,0.0804161
55.7403,-2.6463,-9.49471,,0.125295
55.7603,-2.35235,-8.29606,,0.165842
55.7803,-1.98245,-6.82275,,0.201269
55.8003,-1.54846,-5.12316,,0.230088
55.8203,-1.06447,-3.24621,,0.251584
55.8403,-0.546033,-1.25428,,0.264798
55.8603,-9.98E-03,0.766031,,0.269568
55.8803,0.526414,2.77064,,0.265563
55.9003,1.0458,4.68771,,0.253059
55.9203,1.53137,6.44934,,0.232278
55.9403,1.96748,7.98973,,0.204068
55.9603,2.34003,9.26506,,0.169192
55.9803,2.63691,10.2372,,0.128874
56.0003,2.84866,10.8771,,0.0844918
56.0203,2.96831,11.1665,,0.0372294
56.0403,2.99205,11.1076,,-0.011147
56.0603,2.91909,10.6996,,-0.0592096
56.0803,2.75187,9.95097,,-0.105259
56.1003,2.49567,8.89099,,-0.148086
56.1203,2.15881,7.5334,,-0.18598
56.1403,1.75228,5.92692,,-0.217904
56.1603,1.28911,4.11344,,-0.242757
56.1803,0.784221,2.17548,,-0.259911
56.2003,0.254023,0.161654,,-0.268477
56.2203,-0.284363,-1.8659,,-0.268505
56.2403,-0.813583,-3.82953,,-0.259725
56.2603,-1.31649,-5.66648,,-0.242641
56.2803,-1.77687,-7.31452,,-0.217722
56.3003,-2.17984,-8.71728,,-0.185768
56.3203,-2.51241,-9.83086,,-0.147804
56.3403,-2.76373,-10.6219,,-0.104999
56.3603,-2.92585,-11.0695,,-0.0589636
56.3803,-2.99327,-11.1752,,-0.0107399
56.4003,-2.96404,-10.9264,,0.037559
56.4203,-2.83905,-10.3271,,0.0847395
56.4403,-2.62236,-9.40037,,0.129178
56.4603,-2.32085,-8.17934,,0.169431
56.4803,-1.94443,-6.6858,,0.204296
56.5003,-1.50515,-4.9586,,0.232415
56.5203,-1.01722,-3.06242,,0.253155
56.5403,-0.496454,-1.07426,,0.265626
56.5603,0.0403836,0.949965,,0.269541
56.5803,0.575901,2.95901,,0.26476
56.6003,1.09283,4.86788,,0.25148
56.6203,1.57446,6.60024,,0.229896
56.6403,2.00516,8.12607,,0.201078
56.6603,2.37113,9.3835,,0.165637
56.6803,2.66047,10.3246,,0.124949
56.7003,2.86376,10.9251,,0.0800934
56.7203,2.97454,11.1897,,0.0327792
56.7403,2.98935,11.1023,,-0.0156574
56.7603,2.90745,10.6491,,-0.0636517
56.7803,2.73151,9.8751,,-0.109491
56.8003,2.4674,8.79301,,-0.151802
56.8203,2.12359,7.4091,,-0.189211
56.8403,1.71116,5.7677,,-0.220561
56.8603,1.24342,3.94664,,-0.244688
56.8803,0.735511,2.00026,,-0.261068
56.9003,0.203824,-0.0297704,,-0.268809
56.9203,-0.334444,-2.05541,,-0.268027
56.9403,-0.861915,-4.01057,,-0.25853
56.9603,-1.36151,-5.83284,,-0.240626
56.9803,-1.81715,-7.46577,,-0.215062
57.0003,-2.21407,-8.84522,,-0.182445
57.0203,-2.53944,-9.92564,,-0.143968
57.0403,-2.78279,-10.6892,,-0.100857
57.0603,-2.93618,-11.1094,,-0.0544068
57.0803,-2.99467,-11.1798,,-6.33E-03
57.1003,-2.95641,-10.8894,,0.0421014
57.1203,-2.82262,-10.2618,,0.0890372
57.1403,-2.5976,-9.3153,,0.133101
57.1603,-2.28869,-8.05917,,0.172967
57.1803,-1.90586,-6.53374,,0.207149
57.2003,-1.46138,-4.79073,,0.234742
57.2203,-0.969738,-2.88975,,0.254629
57.2403,-0.446702,-0.890417,,0.266372
57.2603,0.0907196,1.14494,,0.269491
57.2803,0.625243,3.14745,,0.263883
57.3003,1.13956,5.03382,,0.249792
57.3203,1.61705,6.75661,,0.227498
57.3403,2.0423,8.26656,,0.198044
57.3603,2.40155,9.4979,,0.162044
57.3803,2.6832,10.4025,,0.120965
57.4003,2.87815,10.9748,,0.0757085
57.4203,2.98008,11.2071,,0.0282247
57.4403,2.98566,11.0903,,-0.0202141
57.4603,2.89486,10.6102,,-0.0678953
57.4803,2.71047,9.79877,,-0.1137
57.5003,2.43851,8.67494,,-0.15551
57.5203,2.0878,7.27596,,-0.192423
57.5403,1.66958,5.62294,,-0.223162
57.5603,1.19744,3.77381,,-0.246569
57.5803,0.686576,1.80768,,-0.262127
57.6003,0.153529,-0.213257,,-0.269136
57.6203,-0.38447,-2.23237,,-0.267478
57.6403,-0.910052,-4.1923,,-0.257169
57.6603,-1.4062,-6.00548,,-0.238627
57.6803,-1.857,-7.60842,,-0.212262
57.7003,-2.24773,-8.96194,,-0.179073
57.7203,-2.56581,-10.0266,,-0.1401
57.7403,-2.80104,-10.7541,,-0.0966204
57.7603,-2.94568,-11.1356,,-0.0499987
57.7803,-2.99523,-11.1687,,-1.83E-03
57.8003,-2.94794,-10.8663,,0.0465812
57.8203,-2.80541,-10.2029,,0.0932925
57.8403,-2.57222,-9.21061,,0.137036
57.8603,-2.25593,-7.93634,,0.176433
57.8803,-1.86672,-6.39362,,0.210057
57.9003,-1.41724,-4.62518,,0.23691
57.9203,-0.921937,-2.70801,,0.256083
57.9403,-0.396863,-0.695902,,0.267016
57.9603,0.141036,1.33642,,0.269342
57.9803,0.67441,3.32678,,0.262996
58.0003,1.18596,5.20946,,0.247956
58.0203,1.6592,6.91825,,0.22507
58.0403,2.07882,8.40645,,0.194922
58.0603,2.43128,9.60132,,0.158471
58.0803,2.70514,10.4828,,0.116738
58.1003,2.89166,11.0299,,0.0714089
58.1203,2.98468,11.2233,,0.0237438
58.1403,2.98122,11.0696,,-0.0247014
58.1603,2.88157,10.5588,,-0.0723753
58.1803,2.68868,9.72842,,-0.117673
58.2003,2.40892,8.5714,,-0.159241
58.2203,2.05135,7.13425,,-0.195581
58.2403,1.62753,5.45881,,-0.225608
58.2603,1.15109,3.60245,,-0.248417
58.2803,0.637432,1.62752,,-0.26311
58.3003,0.103218,-0.409995,,-0.269386
58.3203,-0.434353,-2.42453,,-0.266881
58.3403,-0.957886,-4.36117,,-0.25577
58.3603,-1.45048,-6.16153,,-0.236497
58.3803,-1.8962,-7.76047,,-0.209422
58.4003,-2.28072,-9.08977,,-0.175653
58.4203,-2.59145,-10.1097,,-0.136217
58.4403,-2.81853,-10.8096,,-0.0924004
58.4603,-2.95439,-11.1656,,-0.0455347
58.4803,-2.99488,-11.1759,,2.79E-03
58.5003,-2.93857,-10.8261,,0.0509004
58.5203,-2.78737,-10.1299,,0.0976048
58.5403,-2.54608,-9.11194,,0.140925
58.5603,-2.22246,-7.81314,,0.179819
58.5803,-1.82709,-6.24734,,0.212858
58.6003,-1.37265,-4.45405,,0.23904
58.6203,-0.873901,-2.51947,,0.257485
58.6403,-0.346883,-0.506281,,0.267575
58.6603,0.191338,1.51863,,0.269157
58.6803,0.723383,3.51183,,0.261917
58.7003,1.23202,5.39211,,0.246141
58.7203,1.70092,7.08093,,0.22263
58.7403,2.11482,8.53248,,0.191719
58.7603,2.46034,9.70818,,0.154675
58.7803,2.72642,10.5694,,0.112693
58.8003,2.90435,11.0752,,0.067105
58.8203,2.98849,11.2367,,0.0192389
58.8403,2.97602,11.0488,,-0.0292664
58.8603,2.86738,10.5131,,-0.0767356
58.8803,2.66612,9.64323,,-0.121804
58.9003,2.37869,8.4626,,-0.162815
58.9203,2.01438,6.99944,,-0.198693
58.9403,1.58502,5.30401,,-0.228048
58.9603,1.10446,3.42964,,-0.250128
58.9803,0.588162,1.44429,,-0.264046
59.0003,0.0528754,-0.591078,,-0.269529
59.0203,-0.484117,-2.60938,,-0.266206
59.0403,-1.00548,-4.54503,,-0.254333
59.0603,-1.49434,-6.32696,,-0.234227
59.0803,-1.93497,-7.8886,,-0.206603
59.1003,-2.31301,-9.20521,,-0.172178
59.1203,-2.61634,-10.2038,,-0.132332
59.1403,-2.83515,-10.8721,,-0.0880135
59.1603,-2.96226,-11.194,,-0.0411174
59.1803,-2.99372,-11.1655,,7.28E-03
59.2003,-2.9284,-10.7877,,0.0554487
59.2203,-2.76853,-10.0594,,0.101749
59.2403,-2.51914,-9.01624,,0.144795
59.2603,-2.18838,-7.68434,,0.183224
59.2803,-1.78692,-6.09081,,0.215539
59.3003,-1.32771,-4.29118,,0.241099
59.3203,-0.825612,-2.34043,,0.258811
59.3403,-0.296816,-0.322802,,0.268087
59.3603,0.241566,1.71004,,0.268792
59.3803,0.772124,3.69441,,0.260762
59.4003,1.27776,5.55642,,0.244288
59.4203,1.74211,7.23052,,0.22002
59.4403,2.15015,8.66234,,0.188548
59.4603,2.48873,9.81272,,0.151025
59.4803,2.74689,10.6353,,0.108541
59.5003,2.91627,11.1097,,0.0626902
59.5203,2.99141,11.2431,,0.014714
59.5403,2.96988,11.0214,,-0.033752
59.5603,2.85245,10.4567,,-0.0811023
59.5803,2.64273,9.55291,,-0.125782
59.6003,2.3477,8.34256,,-0.166472
59.6203,1.97683,6.85924,,-0.201676
59.6403,1.54208,5.14071,,-0.230474
59.6603,1.05747,3.25443,,-0.251773
59.6803,0.538696,1.25475,,-0.264959
59.7003,2.52E-03,-0.782289,,-0.26956
59.7203,-0.53375,-2.79244,,-0.265486
59.7403,-1.05274,-4.7203,,-0.25272
59.7603,-1.53774,-6.49059,,-0.231998
59.7803,-1.9731,-8.03827,,-0.203567
59.8003,-2.34469,-9.31509,,-0.168728
59.8203,-2.64048,-10.2854,,-0.128311
59.8403,-2.85091,-10.9349,,-0.0838201
59.8603,-2.9693,-11.2177,,-0.0366313
59.8803,-2.99179,-11.1508,,0.0118516
59.9003,-2.91739,-10.7432,,0.0598426
59.9203,-2.74894,-9.99305,,0.105915
59.9403,-2.49157,-8.91935,,0.148622
59.9603,-2.15369,-7.55027,,0.186486
59.9803,-1.74626,-5.93654,,0.218271
60.0003,-1.26419,-4.03066,,0.248523