0.0203786,15.3361,38.7477,,13.5311
0.040276,45.1288,64.0109,,14.9262
0.0602956,74.5266,65.8745,,14.532
0.0803151,103.158,64.4086,,14.0935
0.100335,130.755,62.1901,,13.5111
0.120354,157.047,59.9064,,12.7938
0.140374,181.767,57.7435,,11.9485
0.160393,204.671,55.6711,,10.9854
0.180291,225.534,53.6545,,9.91342
0.20031,244.138,51.6345,,8.73566
0.22033,260.304,49.5353,,7.47796
0.240349,273.871,47.2771,,6.14439
0.260369,284.705,44.7274,,4.74819
0.280388,292.687,41.6948,,3.30242
0.300286,297.746,37.8755,,1.82777
0.320305,299.837,32.6718,,0.33232
0.340325,298.928,25.0497,,-1.16384
0.360344,295.031,14.1126,,-2.65438
0.380364,288.188,1.06094,,-4.11225
0.400383,278.463,-11.3814,,-5.53279
0.420281,265.955,-21.9945,,-6.89706
0.4403,250.789,-30.6563,,-8.1922
0.46032,233.121,-37.431,,-9.40074
0.48034,213.123,-42.4785,,-10.5231
0.500359,190.992,-46.0822,,-11.5397
0.520379,166.954,-48.5695,,-12.4346
0.540276,141.25,-50.2283,,-13.2086
0.560296,114.135,-51.2985,,-13.8516
0.580315,85.8785,-51.9467,,-14.3568
0.600335,56.7639,-52.2631,,-14.7154
0.620354,27.0825,-52.312,,-14.9301
0.640374,-2.86954,-52.1527,,-14.9944
0.660393,-32.7926,-51.8348,,-14.908
0.680291,-62.3878,-51.3638,,-14.6747
0.70031,-91.3609,-50.7722,,-14.2929
0.72033,-119.42,-50.0723,,-13.7695
0.740349,-146.286,-49.2671,,-13.1078
0.760369,-171.689,-48.3555,,-12.3138
0.780388,-195.379,-47.3361,,-11.4021
0.800286,-217.116,-46.1921,,-10.371
0.820305,-236.684,-44.8971,,-9.23376
0.840325,-253.885,-43.4407,,-8.01462
0.860344,-268.552,-41.7475,,-6.70554
0.880364,-280.534,-39.762,,-5.33514
0.900383,-289.716,-37.3398,,-3.90997
0.920281,-296.001,-34.2711,,-2.44513
0.9403,-299.328,-30.1437,,-0.953332
0.96032,-299.665,-24.2024,,0.543075
0.98034,-297.011,-15.4439,,2.03488
1.00036,-291.388,-3.97968,,3.50886
1.02038,-282.856,7.83262,,4.94687
1.04028,-271.489,18.027,,6.33744
1.0603,-257.412,26.2722,,7.66266
1.08032,-240.765,32.703,,8.91104
1.10033,-221.71,37.5054,,10.0695
1.12035,-200.439,40.9545,,11.1291
1.14037,-177.171,43.3468,,12.0749
1.16039,-152.126,44.9965,,12.9046
1.18029,-125.567,46.1082,,13.5998
1.20031,-97.7526,46.8146,,14.1631
1.22033,-68.9586,47.219,,14.5851
1.24035,-39.4775,47.4123,,14.8585
1.26037,-9.60201,47.4471,,14.9859
1.28039,20.3697,47.3331,,14.9622
1.30029,50.1374,47.0863,,14.7891
1.32031,79.4043,46.7235,,14.4694
1.34032,107.878,46.2659,,14.0044
1.36034,135.273,45.6939,,13.3985
1.38036,161.315,44.9977,,12.659
1.40038,185.748,44.1932,,11.7942
1.42028,208.325,43.2599,,10.8145
1.4403,228.825,42.1811,,9.72275
1.46032,247.032,40.9255,,8.52868
1.48034,262.767,39.4664,,7.2589
1.50036,275.885,37.7372,,5.91151
1.52038,286.238,35.6295,,4.50884
1.54028,293.742,32.9973,,3.05885
1.5603,298.307,29.5414,,1.57482
1.58032,299.89,24.6752,,0.0823323
1.60033,298.479,17.4685,,-1.41532
1.62035,294.086,7.37832,,-2.90056
1.64037,286.751,-4.08432,,-4.35698
1.66039,276.547,-14.4953,,-5.76581
1.68029,263.587,-22.9877,,-7.11819
1.70031,247.993,-29.6306,,-8.39832
1.72033,229.913,-34.6153,,-9.60234
1.74035,209.542,-38.2445,,-10.7016
1.76037,187.077,-40.8261,,-11.6937
1.78039,162.742,-42.6261,,-12.5761
1.80029,136.782,-43.8571,,-13.3272
1.82031,109.455,-44.6951,,-13.9465
1.84032,81.0333,-45.2435,,-14.4267
1.86034,51.8041,-45.5532,,-14.7622
1.88036,22.0566,-45.6864,,-14.9508
1.90038,-7.91102,-45.6868,,-14.9901
1.92028,-37.8004,-45.5591,,-14.8801
1.9403,-67.3116,-45.3024,,-14.6203
1.96032,-96.1505,-44.9392,,-14.2151
1.98034,-124.027,-44.4709,,-13.666
2.00036,-150.667,-43.8908,,-12.9845
2.02038,-175.798,-43.1867,,-12.1674
2.04028,-199.175,-42.3505,,-11.2373
2.0603,-220.566,-41.389,,-10.1892
2.08032,-239.748,-40.2636,,-9.03364
2.10033,-256.532,-38.9407,,-7.79824
2.12035,-270.757,-37.3723,,-6.4801
2.14037,-282.279,-35.4912,,-5.09898
2.16039,-290.975,-33.1774,,-3.66424
2.18029,-296.767,-30.1801,,-2.1964
2.20031,-299.595,-26.0755,,-0.7036
2.22033,-299.429,-20.116,,0.796431
2.24035,-296.27,-11.4274,,2.2835
2.26037,-290.153,-0.509475,,3.75468
2.28039,-281.137,10.2395,,5.18395
2.30029,-269.308,19.2269,,6.56606
2.32031,-254.788,26.2962,,7.8748
2.34032,-237.725,31.6875,,9.11663
2.36034,-218.282,35.6467,,10.2513
2.38036,-196.66,38.4644,,11.2972
2.40038,-173.076,40.4551,,12.2246
2.42028,-147.76,41.844,,13.029
2.4403,-120.969,42.8025,,13.7053
2.46032,-92.9713,43.444,,14.2435
2.48034,-64.0419,43.8411,,14.6413
2.50036,-34.4735,44.0518,,14.8903
2.52038,-4.56092,44.1221,,14.9921
2.54028,25.3976,44.0605,,14.9442
2.5603,55.1014,43.8829,,14.7455
2.58032,84.2547,43.5856,,14.4006
2.60033,112.567,43.193,,13.9121
2.62035,139.755,42.6811,,13.2845
2.64037,165.544,42.0588,,12.5228
2.66039,189.683,41.3169,,11.6385
2.68029,211.925,40.442,,10.6359
2.70031,232.05,39.4068,,9.52666
2.72033,249.853,38.1997,,8.32373
2.74035,265.164,36.7792,,7.03679
2.76037,277.819,35.0816,,5.67587
2.78039,287.704,32.9956,,4.27045
2.80029,294.717,30.3566,,2.81118
2.82031,298.784,26.8483,,1.32687
2.84032,299.863,21.8641,,-0.174069
2.86034,297.944,14.501,,-1.6665
2.88036,293.052,4.46444,,-3.14865
2.90038,285.229,-6.43056,,-4.59358
2.92028,274.562,-15.9837,,-5.99849
2.9403,261.146,-23.6114,,-7.33861
2.96032,245.12,-29.477,,-8.6096
2.98034,226.642,-33.8288,,-9.79118
3.00036,205.906,-36.9637,,-10.8777
3.02038,183.109,-39.1933,,-11.8518
3.04028,158.485,-40.765,,-12.7088
3.0603,132.276,-41.8642,,-13.4412
3.08032,104.745,-42.6078,,-14.0373
3.10033,76.1701,-43.095,,-14.4923
3.12035,46.831,-43.3905,,-14.8057
3.14037,17.0252,-43.5359,,-14.968
3.16039,-12.9505,-43.5353,,-14.9817
3.18029,-42.7968,-43.4238,,-14.8464
3.20031,-72.2158,-43.201,,-14.5623
3.22033,-100.915,-42.865,,-14.1325
3.24035,-128.602,-42.4203,,-13.5618
3.26037,-155.004,-41.8736,,-12.854
3.28039,-179.861,-41.1963,,-12.0233
3.30029,-202.916,-40.3904,,-11.0635
3.32031,-223.941,-39.4431,,-9.99812
3.34032,-242.739,-38.3365,,-8.8374
3.36034,-259.109,-37.0306,,-7.58378
3.38036,-272.887,-35.4677,,-6.2501
3.40038,-283.942,-33.5871,,-4.86183
3.42028,-292.156,-31.2349,,-3.41959
3.4403,-297.451,-28.1821,,-1.94499
3.46032,-299.777,-23.9504,,-0.453396
3.48034,-299.107,-17.7632,,1.04848
3.50036,-295.446,-8.86755,,2.53267
3.52038,-288.84,1.8457,,3.99607
3.54028,-279.34,11.9678,,5.42327
3.5603,-267.052,20.2381,,6.7914
3.58032,-252.091,26.6733,,8.08679
3.60033,-234.619,31.4907,,9.31317
3.62035,-214.793,35.0069,,10.4385
3.64037,-192.828,37.5214,,11.4582
3.66039,-168.936,39.2919,,12.3674
3.68029,-143.352,40.5396,,13.1555
3.70031,-116.338,41.3978,,13.8048
3.72033,-88.1647,41.9826,,14.3194
3.74035,-59.1072,42.3508,,14.6944
3.76037,-29.4595,42.5488,,14.9182
3.78039,0.481448,42.6067,,14.9944
3.80029,30.4177,42.5505,,14.9206
3.82031,60.05,42.3744,,14.699
3.84032,89.0837,42.0959,,14.3288
3.86034,117.226,41.7056,,13.8152
3.88036,144.195,41.2095,,13.1645
3.90038,169.728,40.5943,,12.3854
3.92028,193.563,39.861,,11.4761
3.9403,215.461,38.9909,,10.4531
3.96032,235.208,37.9636,,9.33422
3.98034,252.607,36.7531,,8.11265
4.00036,267.483,35.3309,,6.81535
4.02038,279.679,33.6151,,5.4415
4.04028,289.088,31.4894,,4.02593
4.0603,295.605,28.7925,,2.56164
4.08032,299.172,25.1646,,1.07595
4.10033,299.75,19.9583,,-0.421974
4.12035,297.334,12.289,,-1.9192
4.14037,291.941,2.17892,,-3.39456
4.16039,283.632,-8.32548,,-4.83333
4.18029,272.497,-17.277,,-6.22684
4.20031,258.628,-24.3243,,-7.56179
4.22033,242.179,-29.6844,,-8.81169
4.24035,223.312,-33.6267,,-9.98229
4.26037,202.211,-36.4554,,-11.0479
4.28039,179.091,-38.4615,,-12.0054
4.30029,154.181,-39.8896,,-12.8418
4.32031,127.731,-40.8875,,-13.5509
4.34032,100.005,-41.5695,,-14.1236
4.36034,71.279,-42.0116,,-14.5558
4.38036,41.8437,-42.2869,,-14.8419
4.40038,11.9888,-42.4114,,-14.9807
4.42028,-17.9861,-42.4006,,-14.9698
4.4403,-47.7807,-42.2853,,-14.8086
4.46032,-77.0981,-42.0576,,-14.5004
4.48034,-105.646,-41.7276,,-14.0467
4.50036,-133.138,-41.2822,,-13.4521
4.52038,-159.3,-40.7301,,-12.724
4.54028,-183.871,-40.054,,-11.8675
4.5603,-206.601,-39.2531,,-10.8953
4.58032,-227.268,-38.2997,,-9.81035
4.60033,-245.669,-37.1835,,-8.63213
4.62035,-261.614,-35.8646,,-7.36171
4.64037,-274.939,-34.2862,,-6.02248
4.66039,-285.524,-32.3675,,-4.61988
4.68029,-293.251,-29.9529,,-3.1755
4.70031,-298.049,-26.7921,,-1.69133
4.72033,-299.873,-22.3709,,-0.205205
4.74035,-298.703,-15.8739,,1.29997
4.76037,-294.541,-6.71409,,2.78108
4.78039,-287.443,3.85062,,4.23964
4.80029,-277.466,13.483,,5.65876
4.82031,-264.714,21.2209,,7.0125
4.84032,-249.324,27.1709,,8.30226
4.86034,-231.444,31.5992,,9.50601
4.88036,-211.246,34.8037,,10.6166
4.90038,-188.938,37.0871,,11.6232
4.92028,-164.742,38.7154,,12.5082
4.9403,-138.903,39.8535,,13.2722
4.96032,-111.675,40.6442,,13.9017
4.98034,-83.3321,41.1742,,14.3935
5.00036,-54.1553,41.511,,14.741
5.02038,-24.4377,41.6925,,14.9417
5.04028,5.52354,41.7344,,14.9926
5.0603,35.4299,41.6661,,14.8941
5.08032,64.9821,41.4898,,14.6458
5.10033,93.8849,41.2037,,14.2518
5.12035,121.849,40.8069,,13.7162
5.14037,148.596,40.3035,,13.0425
5.16039,173.859,39.6914,,12.2399
5.18029,197.383,38.9454,,11.3112
5.20031,218.937,38.0649,,10.2741
5.22033,238.303,37.0303,,9.135
5.24035,255.29,35.8098,,7.89947
5.26037,269.723,34.3609,,6.58737
5.28039,281.461,32.6019,,5.2078
5.30029,290.39,30.4279,,3.78547
5.32031,296.416,27.6421,,2.31183
5.34032,299.482,23.8492,,0.826174
5.36034,299.554,18.3592,,-0.679107
5.38036,296.633,10.3463,,-2.16613
5.40038,290.75,0.145653,,-3.63797
5.42028,281.957,-10.0198,,-5.074
5.4403,270.351,-18.4801,,-6.45849
5.46032,256.039,-25.0664,,-7.77317
5.48034,239.175,-30.0261,,-9.01511
5.50036,219.914,-33.6572,,-10.1718
5.52038,198.459,-36.2582,,-11.2163
5.54028,175.02,-38.1005,,-12.1557
5.5603,149.832,-39.4162,,-12.9686
5.58032,123.15,-40.332,,-13.6574
5.60033,95.2367,-40.9584,,-14.2044
5.62035,66.3724,-41.3669,,-14.6153
5.64037,36.8449,-41.6116,,-14.8758
5.66039,6.94874,-41.7158,,-14.9896
5.68029,-23.0169,-41.6953,,-14.953
5.70031,-52.7522,-41.5679,,-14.7666
5.72033,-81.9601,-41.33,,-14.4348
5.74035,-110.35,-40.9851,,-13.9549
5.76037,-137.635,-40.5418,,-13.3397
5.78039,-163.549,-39.9748,,-12.5892
5.80029,-187.826,-39.2882,,-11.7108
5.82031,-210.227,-38.4819,,-10.7213
5.84032,-230.529,-37.5171,,-9.61944
5.86034,-248.526,-36.3843,,-8.42193
5.88036,-264.04,-35.035,,-7.14247
5.90038,-276.916,-33.4324,,-5.79428
5.92028,-287.025,-31.4624,,-4.37458
5.9403,-294.266,-28.9654,,-2.93102
5.96032,-298.568,-25.6671,,-1.44366
5.98034,-299.887,-21.0118,,0.0515537
6.00036,-298.209,-14.1647,,1.55189
6.02038,-293.553,-4.72907,,3.02748
6.04028,-285.964,5.68757,,4.48076
6.0603,-275.515,14.8857,,5.88863
6.08032,-262.31,22.1778,,7.2373
6.10033,-246.488,27.7283,,8.51089
6.12035,-228.2,31.825,,9.69936
6.14037,-207.634,34.7948,,10.796
6.16039,-184.994,36.917,,11.7771
6.18029,-160.506,38.4022,,12.6462
6.20031,-134.414,39.4435,,13.387
6.22033,-106.979,40.1864,,13.9955
6.24035,-78.4737,40.6901,,14.4618
6.26037,-49.188,40.9877,,14.785
6.28039,-19.4087,41.1307,,14.9602
6.30029,10.5643,41.1677,,14.9862
6.32031,40.4318,41.0892,,14.8624
6.34032,69.8949,40.8954,,14.591
6.36034,98.6609,40.5998,,14.1719
6.38036,126.44,40.193,,13.612
6.40038,152.954,39.6802,,12.915
6.42028,177.942,39.0617,,12.0938
6.4403,201.155,38.2989,,11.1457
6.46032,222.352,37.4048,,10.0873
6.48034,241.335,36.3493,,8.9368
6.50036,257.901,35.1069,,7.67928
6.52038,271.887,33.6269,,6.36251
6.54028,283.162,31.8273,,4.9716
6.5603,291.607,29.5849,,3.53798
6.58032,297.137,26.6821,,2.06147
6.60033,299.7,22.695,,0.572541
6.62035,299.27,16.8876,,-0.925789
6.64037,295.851,8.50777,,-2.41722
6.66039,289.473,-1.76842,,-3.88049
6.68029,280.202,-11.5943,,-5.31197
6.70031,268.13,-19.6106,,-6.68381
6.72033,253.377,-25.8025,,-7.98958
6.74035,236.096,-30.4432,,-9.21475
6.76037,216.453,-33.8058,,-10.3552
6.78039,194.648,-36.2097,,-11.3807
6.80029,170.9,-37.932,,-12.3019
6.82031,145.444,-39.1443,,-13.0946
6.84032,118.536,-39.9913,,-13.7571
6.86034,90.4434,-40.5769,,-14.2857
6.88036,61.4461,-40.9496,,-14.6696
6.90038,31.835,-41.1657,,-14.9051
6.92028,1.90688,-41.2479,,-14.9942
6.9403,-28.0412,-41.2198,,-14.9321
6.96032,-57.7082,-41.0765,,-14.7211
6.98034,-86.7997,-40.821,,-14.3629
7.00036,-115.021,-40.4663,,-13.8621
7.02038,-142.099,-40.0144,,-13.2231
7.04028,-167.751,-39.4338,,-12.449
7.0603,-191.732,-38.7327,,-11.5545
7.08032,-213.793,-37.9024,,-10.5431
7.10033,-233.723,-36.9279,,-9.42112
7.12035,-251.311,-35.7734,,-8.21394
7.14037,-266.391,-34.3906,,-6.91819
7.16039,-278.809,-32.7398,,-5.55945
7.18029,-288.444,-30.7227,,-4.13813
7.20031,-295.197,-28.1338,,-2.67968
7.22033,-298.998,-24.671,,-1.19518
7.24035,-299.815,-19.751,,0.30653
7.26037,-297.633,-12.5112,,1.79704
7.28039,-292.481,-2.83472,,3.27847
7.30029,-284.403,7.41333,,4.72197
7.32031,-273.482,16.2026,,6.11926
7.34032,-259.829,23.0895,,7.45372
7.36034,-243.581,28.3053,,8.71957
7.38036,-224.896,32.1272,,9.89106
7.40038,-203.966,34.881,,10.9662
7.42028,-181.001,36.8531,,11.9328
7.4403,-156.228,38.2468,,12.779
7.46032,-129.888,39.2168,,13.5009
7.48034,-102.253,39.8979,,14.0819
7.50036,-73.5982,40.3564,,14.5268
7.52038,-44.207,40.6348,,14.8252
7.54028,-14.3746,40.7539,,14.9755
7.5603,15.6019,40.7736,,14.976
7.58032,45.4222,40.6822,,14.8273
7.60033,74.7902,40.477,,14.53
7.62035,103.409,40.1593,,14.0876
7.64037,130.993,39.7469,,13.5037
7.66039,157.27,39.2289,,12.7853
7.68029,181.977,38.5745,,11.9442
7.70031,204.866,37.8014,,10.9749
7.72033,225.707,36.9005,,9.90181
7.74035,244.293,35.8216,,8.72828
7.76037,260.436,34.5398,,7.46522
7.78039,273.978,33.0228,,6.13082
7.80029,284.785,31.1792,,4.73599
7.82031,292.742,28.8562,,3.28833
7.84032,297.778,25.8118,,1.81581
7.86034,299.838,21.6132,,0.318682
7.88036,298.902,15.4563,,-1.17977
7.90038,294.982,6.70563,,-2.66243
7.92028,288.116,-3.58507,,-4.12292
7.9403,278.366,-13.0754,,-5.54804
7.96032,265.833,-20.6942,,-6.9101
7.98034,250.643,-26.5308,,-8.20127
8.00036,232.949,-30.871,,-9.41634
8.02038,212.93,-34.0232,,-10.5307
8.04028,190.787,-36.2694,,-11.5442
8.0603,166.734,-37.8654,,-12.4425
8.08031,141.016,-38.9938,,-13.2169
8.10033,113.887,-39.7868,,-13.8572
8.12035,85.6225,-40.3272,,-14.3588
8.14037,56.503,-40.6705,,-14.7193
8.16039,26.8176,-40.8601,,-14.9308
8.18029,-3.13562,-40.9277,,-14.9941
8.20031,-33.0573,-40.8755,,-14.9071
8.22033,-62.6498,-40.7215,,-14.6717
8.24035,-91.6143,-40.4591,,-14.2885
8.26037,-119.663,-40.0793,,-13.7639
8.28039,-146.517,-39.6082,,-13.1003
8.30029,-171.907,-39.0259,,-12.3091
8.3203,-195.58,-38.3062,,-11.391
8.34032,-217.301,-37.447,,-10.3611
8.36034,-236.847,-36.4536,,-9.22534
8.38036,-254.026,-35.276,,-8.00151
8.40038,-268.669,-33.8633,,-6.69639
8.42028,-280.627,-32.1627,,-5.31783
8.4403,-289.783,-30.0657,,-3.89969
8.46032,-296.044,-27.3814,,-2.43081
8.48034,-299.345,-23.7451,,-0.942789
8.50036,-299.657,-18.518,,0.556345
8.52038,-296.972,-10.8782,,2.05061
8.54028,-291.322,-0.982337,,3.52121
8.5603,-282.76,9.04965,,4.95992
8.58031,-271.376,17.4387,,6.34823
8.60033,-257.276,23.9596,,7.67393
8.62035,-240.604,28.8731,,8.92426
8.64037,-221.526,32.464,,10.0772
8.66039,-200.242,35.0357,,11.1348
8.68029,-176.956,36.8642,,12.0864
8.70031,-151.897,38.166,,12.9093
8.72033,-125.325,39.0861,,13.6073
8.74035,-97.4992,39.7187,,14.167
8.76037,-68.6996,40.1319,,14.5878
8.78039,-39.2134,40.3827,,14.8609
8.80029,-9.33573,40.4963,,14.9855
8.8203,20.6351,40.4958,,14.9615
8.84032,50.3992,40.3786,,14.7872
8.86034,79.6612,40.1592,,14.4658
8.88036,108.126,39.8387,,13.9998
8.90038,135.511,39.4005,,13.3928
8.92028,161.542,38.856,,12.6532
8.9403,185.958,38.2023,,11.7859
8.96032,208.518,37.4239,,10.8042
8.98034,228.997,36.4806,,9.70945
9.00036,247.179,35.3718,,8.52019
9.02038,262.894,34.0675,,7.24749
9.04028,275.99,32.5116,,5.90151
9.0603,286.323,30.6047,,4.4935
9.08031,293.795,28.188,,3.04437
9.10033,298.33,25.0074,,1.56359
9.12035,299.89,20.5621,,0.0684084
9.14037,298.453,14.0223,,-1.42872
9.16039,294.033,4.91502,,-2.91513
9.18029,286.671,-5.33907,,-4.36672
9.20031,276.447,-14.4701,,-5.77946
9.22033,263.461,-21.7208,,-7.12639
9.24035,247.845,-27.2466,,-8.41336
9.26037,229.742,-31.3279,,-9.61424
9.28039,209.35,-34.264,,-10.7078
9.30029,186.869,-36.3686,,-11.7029
9.3203,162.52,-37.8701,,-12.5833
9.34032,136.544,-38.9247,,-13.3333
9.36034,109.207,-39.6663,,-13.9514
9.38036,80.778,-40.1617,,-14.429
9.40038,51.5421,-40.4746,,-14.7651
9.42028,21.7911,-40.6466,,-14.9525
9.4403,-8.17735,-40.6864,,-14.9896
9.46032,-38.0641,-40.6295,,-14.8782
9.48034,-67.5708,-40.454,,-14.617
9.50036,-96.4037,-40.1668,,-14.2103
9.52038,-124.271,-39.7827,,-13.6627
9.54028,-150.897,-39.2957,,-12.9763
9.5603,-176.014,-38.6886,,-12.1615
9.58031,-199.374,-37.9566,,-11.2253
9.60033,-220.743,-37.081,,-10.1794
9.62035,-239.91,-36.0537,,-9.02751
9.64037,-256.674,-34.8445,,-7.78686
9.66039,-270.873,-33.4035,,-6.46629
9.68029,-282.364,-31.6519,,-5.08426
9.70031,-291.041,-29.47,,-3.65335
9.72033,-296.805,-26.6727,,-2.18102
9.74035,-299.606,-22.8434,,-0.691847
9.76037,-299.413,-17.2772,,0.808875
9.78039,-296.231,-9.22172,,2.29723
9.80029,-290.085,0.815613,,3.77131
9.8203,-281.039,10.5909,,5.19323
9.84032,-269.189,18.623,,6.57632
9.86034,-254.647,24.8128,,7.89025
9.88036,-237.56,29.4392,,9.12077
9.90038,-218.1,32.8016,,10.2651
9.92028,-196.462,35.2233,,11.3067
9.9403,-172.858,36.9355,,12.2301
9.96032,-147.531,38.1546,,13.036
9.98034,-120.726,39.0169,,13.7113
10.0004,-92.7167,39.6013,,14.2492
10.0204,-63.7811,39.9811,,14.6425
10.0403,-34.2084,40.2102,,14.8922
10.0603,-4.29453,40.3083,,14.9922
10.0803,25.6628,40.287,,14.9429
10.1003,55.3631,40.1448,,14.7433
10.1204,84.5121,39.91,,14.3977
10.1404,112.813,39.5781,,13.9056
10.1604,139.99,39.1346,,13.2795
10.1803,165.769,38.5682,,12.5162
10.2003,189.888,37.8874,,11.6295
10.2203,212.111,37.0852,,10.6226
10.2403,232.21,36.1295,,9.51889
10.2604,250.003,35.0017,,8.3142
10.2804,265.29,33.6531,,7.02553
10.3003,277.924,32.0415,,5.66863
10.3203,287.785,30.0768,,4.2527
10.3403,294.765,27.5733,,2.79521
10.3603,298.803,24.2312,,1.3145
10.3804,299.859,19.5001,,-0.185479
10.4004,297.917,12.5511,,-1.68116
10.4203,292.998,3.14205,,-3.15906
10.4403,285.154,-7.01584,,-4.60823
10.4603,274.454,-15.806,,-6.01134
10.4803,261.013,-22.7097,,-7.35313
10.5004,244.962,-27.9384,,-8.61803
10.5204,226.472,-31.7729,,-9.80074
10.5403,205.711,-34.5315,,-10.8861
10.5603,182.899,-36.5105,,-11.8606
10.5803,158.258,-37.922,,-12.7164
10.6003,132.036,-38.9065,,-13.4462
10.6204,104.496,-39.5901,,-14.0419
10.6404,75.9105,-40.0546,,-14.4969
10.6604,46.5672,-40.3495,,-14.8068
10.6803,16.7591,-40.4923,,-14.9687
10.7003,-13.2165,-40.5142,,-14.9813
10.7203,-43.0603,-40.4302,,-14.8446
10.7403,-72.4746,-40.2438,,-14.5599
10.7604,-101.164,-39.9467,,-14.1273
10.7804,-128.842,-39.5427,,-13.5558
10.8003,-155.233,-39.04,,-12.849
10.8203,-180.076,-38.4113,,-12.0136
10.8403,-203.114,-37.659,,-11.0557
10.8603,-224.121,-36.7683,,-9.98801
10.8804,-242.897,-35.7158,,-8.82603
10.9004,-259.242,-34.4701,,-7.57069
10.9203,-272.997,-32.9802,,-6.24106
10.9403,-284.025,-31.1783,,-4.84696
10.9603,-292.215,-28.9282,,-3.40564
10.9803,-297.485,-25.9883,,-1.93463
11.0004,-299.783,-21.9284,,-0.4367
11.0204,-299.084,-16.0209,,1.05798
11.0403,-295.405,-7.56054,,2.54763
11.0603,-288.765,2.58284,,4.0157
11.0803,-279.239,12.0856,,5.42979
11.1003,-266.928,19.7452,,6.80229
11.1204,-251.946,25.6249,,8.10055
11.1404,-234.45,29.998,,9.32089
11.1604,-214.607,33.165,,10.4484
11.1803,-192.621,35.4227,,11.4675
11.2003,-168.714,37.0412,,12.376
11.2203,-143.118,38.1884,,13.1592
11.2403,-116.093,38.9814,,13.8111
11.2604,-87.909,39.5309,,14.324
11.2804,-58.8464,39.8863,,14.696
11.3003,-29.1952,40.0879,,14.9193
11.3203,0.747633,40.1591,,14.9952
11.3403,30.6831,40.1187,,14.9194
11.3603,60.3103,39.9727,,14.6948
11.3804,89.3367,39.7192,,14.3256
11.4004,117.471,39.3638,,13.8113
11.4203,144.429,38.9024,,13.1574
11.4403,169.946,38.3268,,12.3778
11.4603,193.765,37.6322,,11.4678
11.4803,215.648,36.7971,,10.4436
11.5004,235.372,35.8171,,9.32267
11.5204,252.749,34.6609,,8.10151
11.5403,267.6,33.2874,,6.80306
11.5603,279.782,31.6227,,5.43576
11.5803,289.161,29.5781,,4.00916
11.6003,295.652,26.9679,,2.54685
11.6204,299.19,23.4505,,1.06183
11.6404,299.74,18.4255,,-0.4361
11.6604,297.295,11.0488,,-1.93174
11.6803,291.883,1.37128,,-3.40462
11.7003,283.552,-8.63679,,-4.84647
11.7203,272.38,-17.0805,,-6.24321
11.7403,258.495,-23.647,,-7.5689
11.7604,242.022,-28.6027,,-8.82356
11.7804,223.135,-32.2224,,-9.99196
11.8003,202.013,-34.817,,-11.0574
11.8203,178.877,-36.6708,,-12.0138
11.8403,153.951,-37.9872,,-12.849
11.8603,127.49,-38.9184,,-13.5555
11.8804,99.7535,-39.5594,,-14.1273
11.9004,71.0257,-39.9887,,-14.5595
11.9203,41.5788,-40.2482,,-14.8449
11.9403,11.7223,-40.3776,,-14.9811
11.9603,-18.2524,-40.3866,,-14.969
11.9803,-48.0442,-40.2725,,-14.8059
12.0004,-77.3551,-40.0689,,-14.4969
12.0204,-105.895,-39.7645,,-14.0428
12.0403,-133.377,-39.3483,,-13.4461
12.0603,-159.526,-38.8173,,-12.7178
12.0803,-184.082,-38.1729,,-11.8609
12.1003,-206.797,-37.4068,,-10.8825
12.1204,-227.442,-36.4885,,-9.80228
12.1404,-245.818,-35.4051,,-8.6162
12.1604,-261.738,-34.1263,,-7.35379
12.1803,-275.047,-32.6027,,-6.00993
12.2003,-285.6,-30.7357,,-4.60777
12.2203,-293.307,-28.3819,,-3.16115
12.2403,-298.079,-25.3025,,-1.68193
12.2604,-299.876,-21.0147,,-0.188688
12.2804,-298.676,-14.7151,,1.31262
12.3003,-294.49,-5.85892,,2.79619
12.3203,-287.363,4.31055,,4.25184
12.3403,-277.365,13.5,,5.66611
12.3603,-264.595,20.826,,7.02706
12.3804,-249.177,26.4086,,8.31624
12.4004,-231.267,30.5323,,9.51557
12.4203,-211.057,33.5205,,10.6233
12.4403,-188.73,35.6535,,11.6329
12.4603,-164.52,37.1579,,12.5138
12.4803,-138.67,38.2283,,13.2784
12.5004,-111.428,38.9895,,13.9076
12.5204,-83.0745,39.5007,,14.399
12.5403,-53.8924,39.8158,,14.7425
12.5603,-24.1723,39.9972,,14.9426
12.5803,5.78983,40.055,,14.9922
12.6003,35.6944,39.993,,14.8922
12.6204,65.2424,39.8276,,14.644
12.6404,94.1379,39.5623,,14.2475
12.6604,122.092,39.1913,,13.7106
12.6803,148.826,38.7074,,13.0353
12.7003,174.078,38.1146,,12.233
12.7203,197.586,37.4008,,11.3035
12.7403,219.122,36.5476,,10.2652
12.7604,238.464,35.5374,,9.12007
12.7804,255.428,34.3538,,7.88978
12.8003,269.839,32.9314,,6.57734
12.8203,281.556,31.2201,,5.1971
12.8403,290.455,29.1013,,3.767
12.8603,296.453,26.3654,,2.30016
12.8804,299.493,22.6551,,0.810983
12.9004,299.543,17.3045,,-0.688402
12.9203,296.589,9.50132,,-2.18378
12.9403,290.684,-0.397587,,-3.64756
12.9603,281.867,-10.1974,,-5.08833
12.9803,270.231,-18.2944,,-6.46956
13.0004,255.899,-24.5537,,-7.78424
13.0204,239.011,-29.2533,,-9.02939
13.0403,219.729,-32.654,,-10.1781
13.0603,198.258,-35.0985,,-11.2244
13.0803,174.801,-36.8461,,-12.1631
13.1003,149.604,-38.0904,,-12.9753
13.1204,122.909,-38.9551,,-13.6612
13.1404,94.9858,-39.5471,,-14.2117
13.1604,66.1129,-39.9559,,-14.6173
13.1803,36.5803,-40.1952,,-14.8779
13.2003,6.68216,-40.2927,,-14.9897
13.2203,-23.2826,-40.2729,,-14.9524
13.2403,-53.0148,-40.1627,,-14.7652
13.2604,-82.2173,-39.9469,,-14.4299
13.2804,-110.598,-39.6095,,-13.9504
13.3003,-137.874,-39.171,,-13.3333
13.3203,-163.773,-38.6325,,-12.5823
13.3403,-188.036,-37.9743,,-11.7041
13.3603,-210.418,-37.1771,,-10.71
13.3804,-230.7,-36.2323,,-9.6091
13.4004,-248.673,-35.1299,,-8.40935
13.4203,-264.164,-33.8123,,-7.13123
13.4403,-277.017,-32.2314,,-5.77993
13.4603,-287.102,-30.3,,-4.36755
13.4803,-294.314,-27.8636,,-2.91306
13.5004,-298.591,-24.6191,,-1.43135
13.5204,-299.882,-20.0494,,0.0650132
13.5403,-298.18,-13.3533,,1.56037
13.5603,-293.499,-4.15048,,3.04259
13.5803,-285.882,5.9871,,4.4956
13.6003,-275.408,14.8646,,5.90015
13.6204,-262.182,21.8514,,7.24689
13.6404,-246.334,27.1595,,8.52398
13.6604,-228.026,31.0635,,9.70954
13.6803,-207.443,33.868,,10.8031
13.7003,-184.783,35.8688,,11.7882
13.7203,-160.281,37.2993,,12.6526
13.7403,-134.176,38.3154,,13.3926
13.7604,-106.73,39.0113,,14.0002
13.7804,-78.2193,39.4786,,14.4645
13.8003,-48.9254,39.7809,,14.7877
13.8203,-19.1431,39.935,,14.9617
13.8403,10.8304,39.9715,,14.9855
13.8603,40.6957,39.8943,,14.8608
13.8804,70.1546,39.7169,,14.5881
13.9004,98.913,39.4318,,14.1673
13.9203,126.681,39.0399,,13.6053
13.9403,153.185,38.5396,,12.9107
13.9603,178.158,37.9302,,12.0837
13.9803,201.351,37.1959,,11.1379
14.0004,222.537,36.3173,,10.0813
14.0204,241.489,35.2805,,8.91696
14.0403,258.035,34.0627,,7.67536
14.0603,272.003,32.6096,,6.34865
14.0803,283.251,30.8319,,4.95847
14.1003,291.67,28.6197,,3.52474
14.1204,297.175,25.767,,2.04867
14.1404,299.709,21.8451,,0.560091
14.1604,299.254,16.1273,,-0.940222
14.1803,295.804,7.89966,,-2.4322
14.2003,289.399,-2.12902,,-3.89662
14.2203,280.102,-11.6917,,-5.32155
14.2403,268.008,-19.4657,,-6.69306
14.2604,253.234,-25.4254,,-8.00382
14.2804,235.927,-29.8577,,-9.22686
14.3003,216.268,-33.0746,,-10.3589
14.3203,194.447,-35.3849,,-11.3919
14.3403,170.678,-37.0308,,-12.3091
14.3603,145.212,-38.1893,,-13.1007
14.3804,118.292,-39.0059,,-13.7631
14.4004,90.1895,-39.5685,,-14.288
14.4203,61.1862,-39.9389,,-14.673
14.4403,31.5702,-40.1445,,-14.9072
14.4603,1.64028,-40.2289,,-14.9938
14.4803,-28.3064,-40.2002,,-14.9311
14.5004,-57.9696,-40.0673,,-14.718
14.5204,-87.0535,-39.823,,-14.3595
14.5403,-115.268,-39.479,,-13.857
14.5603,-142.332,-39.0323,,-13.2173
14.5803,-167.974,-38.4661,,-12.4419
14.6003,-191.934,-37.7774,,-11.5429
14.6204,-213.98,-36.9649,,-10.5369
14.6404,-233.892,-36.0048,,-9.41074
14.6604,-251.461,-34.8682,,-8.20405
14.6803,-266.513,-33.5042,,-6.90369
14.7003,-278.907,-31.8814,,-5.54646
14.7203,-288.516,-29.8832,,-4.12572
14.7403,-295.242,-27.3318,,-2.6687
14.7604,-299.019,-23.9105,,-1.17879
14.7804,-299.807,-19.0526,,0.316615
14.8003,-297.599,-11.9298,,1.81334
14.8203,-292.421,-2.41969,,3.29027
14.8403,-284.319,7.61542,,4.73277
14.8603,-273.37,16.1722,,6.13418
14.8804,-259.694,22.8383,,7.46406
14.9004,-243.426,27.8765,,8.73113
14.9203,-224.716,31.5724,,9.90082
14.9403,-203.773,34.2153,,10.9741
14.9603,-180.787,36.0968,,11.9432
14.9803,-155.995,37.4461,,12.7859
15.0004,-129.648,38.3925,,13.5039
15.0204,-102.002,39.0533,,14.0891
15.0403,-73.3382,39.4944,,14.5284
15.0603,-43.9443,39.7592,,14.8274
15.0803,-14.1085,39.8996,,14.9762
15.1003,15.8679,39.9102,,14.9754
15.1204,45.6856,39.8109,,14.8257
15.1404,75.0469,39.6222,,14.526
15.1604,103.658,39.3255,,14.0823
15.1803,131.233,38.9109,,13.4998
15.2003,157.498,38.3911,,12.7785
15.2203,182.187,37.763,,11.9332
15.2403,205.059,37.0126,,10.9671
15.2604,225.883,36.1052,,9.89232
15.2804,244.444,35.0402,,8.71654
15.3003,260.57,33.7918,,7.45575
15.3203,274.088,32.2856,,6.11964
15.3403,284.862,30.4497,,4.72
15.3603,292.798,28.1578,,3.27923
15.3804,297.81,25.1586,,1.79867
15.4004,299.843,20.9897,,0.307225
15.4203,298.881,14.8928,,-1.19373
15.4403,294.934,6.27068,,-2.67648
15.4603,288.038,-3.83964,,-4.14004
15.4803,278.264,-13.1411,,-5.55474
15.5004,265.709,-20.5801,,-6.91994
15.5204,250.502,-26.2487,,-8.21298
15.5403,232.783,-30.4472,,-9.42732
15.5603,212.743,-33.4944,,-10.5411
15.5803,190.585,-35.668,,-11.5535
15.6003,166.511,-37.2119,,-12.4493
15.6204,140.781,-38.3047,,-13.2234
15.6404,113.642,-39.0762,,-13.8618
15.6604,85.3654,-39.6008,,-14.364
15.6803,56.2405,-39.936,,-14.7207
15.7003,26.5521,-40.1208,,-14.9317
15.7203,-3.40186,-40.1897,,-14.9944
15.7403,-33.3217,-40.138,,-14.905
15.7604,-62.9085,-39.9852,,-14.6691
15.7804,-91.8689,-39.733,,-14.2854
15.8003,-119.908,-39.3692,,-13.7587
15.8203,-146.752,-38.8953,,-13.0949
15.8403,-172.122,-38.3127,,-12.2975
15.8603,-195.783,-37.6157,,-11.383
15.8804,-217.481,-36.7776,,-10.354
15.9004,-237.012,-35.7764,,-9.21521
15.9203,-254.168,-34.6126,,-7.98757
15.9403,-268.788,-33.2198,,-6.68602
15.9603,-280.725,-31.5394,,-5.31091
15.9803,-289.853,-29.4522,,-3.87967
16.0004,-296.083,-26.7923,,-2.41849
16.0204,-299.358,-23.1939,,-0.92848
16.0403,-299.642,-18.0045,,0.56929
16.0603,-296.935,-10.4381,,2.06292
16.0803,-291.26,-0.684721,,3.53155
16.1003,-282.678,9.18231,,4.97557
16.1204,-271.259,17.4145,,6.36158
16.1404,-257.134,23.7888,,7.68319
16.1604,-240.444,28.566,,8.93241
16.1803,-221.349,32.0491,,10.0897
16.2003,-200.045,34.5527,,11.1446
16.2203,-176.741,36.3276,,12.0916
16.2403,-151.668,37.5933,,12.9181
16.2604,-125.083,38.4877,,13.6122
16.2804,-97.2478,39.1077,,14.172
16.3003,-68.44,39.5084,,14.5905
16.3203,-38.9495,39.7529,,14.8627
16.3403,-9.06979,39.8722,,14.9861
16.3603,20.9009,39.8665,,14.9608
16.3804,50.6628,39.7537,,14.785
16.4004,79.9186,39.5371,,14.4624
16.4203,108.376,39.2203,,13.995
16.4403,135.75,38.8013,,13.387
16.4603,161.766,38.2642,,12.6459
16.4803,186.168,37.6099,,11.778
16.5004,208.708,36.8287,,10.7931
16.5204,229.162,35.9073,,9.70171
16.5403,247.333,34.8131,,8.50946
16.5603,263.026,33.5194,,7.23401
16.5803,276.093,31.9691,,5.88682
16.6003,286.399,30.0755,,4.48582
16.6204,293.851,27.6761,,3.02945
16.6404,298.358,24.5255,,1.54786
16.6604,299.887,20.1044,,0.0563071
16.6803,298.426,13.5994,,-1.44249
16.7003,293.976,4.58712,,-2.92633
16.7203,286.591,-5.5247,,-4.38339
16.7403,276.341,-14.5218,,-5.78694
16.7604,263.329,-21.6424,,-7.14437
16.7804,247.689,-27.0489,,-8.42362
16.8003,229.572,-31.0224,,-9.61734
16.8203,209.161,-33.8924,,-10.7208
16.8403,186.658,-35.9411,,-11.7135
16.8603,162.294,-37.4035,,-12.5874
16.8804,136.308,-38.4313,,-13.3401
16.9004,108.958,-39.1507,,-13.9553
16.9203,80.5216,-39.6397,,-14.4339
16.9403,51.2798,-39.9491,,-14.7665
16.9603,21.5258,-40.119,,-14.9535
16.9803,-8.44358,-40.155,,-14.9896
17.0004,-38.3285,-40.0906,,-14.8767
17.0204,-67.8304,-39.9244,,-14.6145
17.0403,-96.6544,-39.649,,-14.2056
17.0603,-124.513,-39.2726,,-13.6566
17.0803,-151.127,-38.7806,,-12.9697
17.1003,-176.232,-38.1811,,-12.1553
17.1204,-199.576,-37.4551,,-11.2148
17.1404,-220.921,-36.5975,,-10.166
17.1604,-240.063,-35.5763,,-9.01709
17.1803,-256.807,-34.37,,-7.77528
17.2003,-270.986,-32.9306,,-6.45832
17.2203,-282.459,-31.1931,,-5.07478
17.2403,-291.106,-29.0402,,-3.63812
17.2604,-296.843,-26.2449,,-2.16776
17.2804,-299.618,-22.4242,,-0.677806
17.3003,-299.398,-16.9024,,0.820924
17.3203,-296.187,-8.90732,,2.31351
17.3403,-290.017,1.04694,,3.77837
17.3603,-280.948,10.7101,,5.21202
17.3804,-269.071,18.6091,,6.58652
17.4004,-254.506,24.6862,,7.90227
17.4203,-237.397,29.2283,,9.12707
17.4403,-217.919,32.5236,,10.2774
17.4603,-196.26,34.8793,,11.3156
17.4803,-172.636,36.5555,,12.2386
17.5004,-147.296,37.751,,13.0423
17.5204,-120.482,38.5841,,13.7172
17.5403,-92.4632,39.1592,,14.2519
17.5603,-63.5193,39.544,,14.6464
17.5803,-33.9445,39.7602,,14.893
17.6003,-4.02874,39.849,,14.9928
17.6204,25.9279,39.8298,,14.9416
17.6404,55.6253,39.7082,,14.7407
17.6604,84.7665,39.4697,,14.3943
17.6803,113.062,39.1256,,13.9031
17.7003,140.227,38.6956,,13.2712
17.7203,165.992,38.1433,,12.5098
17.7403,190.094,37.4648,,11.6173
17.7604,212.3,36.6639,,10.6189
17.7804,232.382,35.7127,,9.50514
17.8003,250.15,34.5948,,8.30395
17.8203,265.411,33.2587,,7.01136
17.8403,278.019,31.6537,,5.6538
17.8603,287.858,29.6939,,4.24509
17.8804,294.816,27.1972,,2.78223
17.9004,298.827,23.8751,,1.30032
17.9203,299.855,19.1577,,-0.196827
17.9403,297.888,12.2377,,-1.69587
17.9603,292.94,2.89044,,-3.1744
17.9803,285.067,-7.16626,,-4.62087
18.0004,274.342,-15.8573,,-6.02329
18.0204,260.881,-22.6618,,-7.36092
18.0403,244.811,-27.7954,,-8.63179
18.0603,226.297,-31.5714,,-9.81139
18.0803,205.517,-34.2836,,-10.8936
18.1003,182.69,-36.2088,,-11.8681
18.1204,158.032,-37.5853,,-12.7241
18.1404,131.797,-38.5609,,-13.4527
18.1604,104.246,-39.2367,,-14.0472
18.1803,75.6534,-39.6842,,-14.4993
18.2003,46.3043,-39.9701,,-14.8093
18.2203,16.4932,-40.1165,,-14.9696
18.2403,-13.4828,-40.1387,,-14.9807
18.2604,-43.3238,-40.0568,,-14.8422
18.2804,-72.7325,-39.8691,,-14.5556
18.3003,-101.413,-39.5745,,-14.1243
18.3203,-129.083,-39.1783,,-13.5503
18.3403,-155.461,-38.679,,-12.8402
18.3603,-180.284,-38.054,,-12.0066
18.3804,-203.309,-37.3035,,-11.0476
18.4004,-224.304,-36.4163,,-9.98069
18.4203,-243.054,-35.3705,,-8.81332
18.4403,-259.377,-34.1303,,-7.55858
18.4603,-273.108,-32.6554,,-6.22802
18.4803,-284.116,-30.8503,,-4.83727
18.5004,-292.279,-28.5986,,-3.39372
18.5204,-297.52,-25.6775,,-1.91658
18.5403,-299.789,-21.6326,,-0.426151
18.5603,-299.067,-15.7292,,1.07321
18.5803,-295.357,-7.29888,,2.55836
18.6003,-288.697,2.75831,,4.02433
18.6204,-279.146,12.1679,,5.44807
18.6404,-266.805,19.7578,,6.81261
18.6604,-251.801,25.5607,,8.11505
18.6803,-234.281,29.856,,9.32906
18.7003,-214.423,32.9653,,10.4562
18.7203,-192.417,35.2033,,11.4792
18.7403,-168.494,36.7843,,12.3819
18.7604,-142.884,37.9051,,13.1659
18.7804,-115.849,38.6862,,13.8162
18.8003,-87.6532,39.2328,,14.329
18.8203,-58.5852,39.5795,,14.6981
18.8403,-28.9302,39.7737,,14.9208
18.8603,1.01409,39.8453,,14.9947
18.8804,30.9476,39.8093,,14.9184
18.9004,60.5714,39.6623,,14.6926
18.9203,89.5917,39.4079,,14.3213
18.9403,117.717,39.0572,,13.8057
18.9603,144.663,38.6035,,13.1522
18.9803,170.167,38.0264,,12.3696
19.0004,193.97,37.3303,,11.4583
19.0204,215.833,36.5067,,10.4391
19.0403,235.541,35.5307,,9.30817
19.0603,252.893,34.3707,,8.09075
19.0803,267.722,32.9962,,6.79069
19.1003,279.875,31.3546,,5.41939
19.1204,289.229,29.3087,,3.998
19.1404,295.696,26.6921,,2.53737
19.1604,299.209,23.1928,,1.04737
19.1803,299.732,18.1761,,-0.450807
19.2003,297.262,10.8093,,-1.94309
19.2203,291.821,1.16894,,-3.4189
19.2403,283.465,-8.75757,,-4.85998
19.2604,272.268,-17.128,,-6.25352
19.2804,258.361,-23.6375,,-7.58114
19.3003,241.862,-28.5259,,-8.83641
19.3203,222.955,-32.0902,,-10.0002
19.3403,201.815,-34.6509,,-11.0669
19.3603,178.663,-36.4773,,-12.0197
19.3804,153.725,-37.7731,,-12.8561
19.4004,127.25,-38.6841,,-13.5616
19.4203,99.5039,-39.3163,,-14.1329
19.4403,70.7634,-39.7359,,-14.5617
19.4603,41.3163,-39.9944,,-14.8471
19.4803,11.4561,-40.1212,,-14.9816
19.5004,-18.5181,-40.1219,,-14.9683
19.5204,-48.307,-40.0215,,-14.8042
19.5403,-77.6135,-39.8167,,-14.4938
19.5603,-106.144,-39.5094,,-14.0359
19.5803,-133.614,-39.0925,,-13.4407
19.6003,-159.752,-38.57,,-12.7114
19.6204,-184.291,-37.9273,,-11.852
19.6404,-206.989,-37.1614,,-10.8754
19.6604,-227.622,-36.2457,,-9.79198
19.6803,-245.973,-35.1694,,-8.60576
19.7003,-261.869,-33.8971,,-7.33939
19.7203,-275.154,-32.3655,,-6.00079
19.7403,-285.685,-30.5029,,-4.59317
19.7604,-293.364,-28.1657,,-3.14927
19.7804,-298.109,-25.0864,,-1.66865
19.8003,-299.878,-20.7862,,-0.173041
19.8203,-298.651,-14.4914,,1.32311
19.8403,-294.444,-5.66344,,2.80879
19.8603,-287.288,4.45431,,4.26616
19.8804,-277.261,13.5917,,5.68139
19.9004,-264.466,20.8507,,7.03695
19.9203,-249.028,26.3762,,8.32341
19.9403,-231.099,30.4659,,9.52849
19.9603,-210.866,33.4069,,10.635
19.9803,-188.523,35.5021,,11.6399
20.0004,-164.298,36.9953,,12.5221
20.0204,-138.431,38.064,,13.2834
20.0403,-111.18,38.7989,,13.9124
20.0603,-82.8195,39.2922,,14.4013
20.0803,-53.6314,39.6146,,14.746
20.1003,-23.907,39.8022,,14.9438
20.1204,6.05618,39.8454,,14.992
20.1404,35.9585,39.7753,,14.8907
20.1604,65.5009,39.623,,14.6393
20.1803,94.391,39.3671,,14.2462
20.2003,122.337,38.9843,,13.7043
20.2203,149.06,38.5023,,13.0304
20.2403,174.295,37.9141,,12.2238
20.2604,197.788,37.206,,11.297
20.2804,219.305,36.3513,,10.2535
20.3003,238.626,35.3419,,9.10947
20.3203,255.573,34.1579,,7.8822
20.3403,269.957,32.748,,6.55785
20.3603,281.646,31.0364,,5.18929
20.3804,290.521,28.9086,,3.7519
20.4004,296.495,26.1775,,2.29071
20.4203,299.508,22.4722,,0.793925
20.4403,299.525,17.11,,-0.704094
20.4603,296.551,9.30726,,-2.19103
20.4803,290.616,-0.55548,,-3.66596
20.5004,281.775,-10.3085,,-5.09812
20.5204,270.118,-18.3611,,-6.48035
20.5403,255.76,-24.5743,,-7.79805
20.5603,238.849,-29.2194,,-9.03859
20.5803,219.551,-32.5894,,-10.1853
20.6003,198.059,-35.0132,,-11.2372
20.6204,174.585,-36.7342,,-12.1684
20.6404,149.373,-37.9556,,-12.984
20.6604,122.665,-38.8129,,-13.6672
20.6803,94.733,-39.4054,,-14.2135
20.7003,65.8559,-39.8025,,-14.6216
20.7203,36.3162,-40.0261,,-14.8798
20.7403,6.41553,-40.1254,,-14.9896
20.7604,-23.5479,-40.1227,,-14.9513
20.7804,-53.2761,-40.0021,,-14.762
20.8003,-82.473,-39.7768,,-14.4276
20.8203,-110.845,-39.4512,,-13.9451
20.8403,-138.11,-39.0178,,-13.327
20.8603,-163.994,-38.4827,,-12.5732
20.8804,-188.242,-37.8108,,-11.6982
20.9004,-210.608,-37.0185,,-10.7013
20.9203,-230.875,-36.0837,,-9.59846
20.9403,-248.822,-34.9793,,-8.39844
20.9603,-264.291,-33.6609,,-7.12067
20.9803,-277.117,-32.0835,,-5.759
21.0004,-287.172,-30.1584,,-4.36247
21.0204,-294.37,-27.7056,,-2.89997
21.0403,-298.616,-24.4642,,-1.4168
21.0603,-299.883,-19.8947,,0.0759927
21.0803,-298.152,-13.1859,,1.57586
21.1003,-293.441,-3.98633,,3.05739
21.1204,-285.8,6.11183,,4.50661
21.1404,-275.305,14.9484,,5.91032
21.1604,-262.052,21.8988,,7.26136
21.1803,-246.184,27.1707,,8.53271
21.2003,-227.855,31.0408,,9.71961
21.2203,-207.253,33.8186,,10.8125
21.2403,-184.575,35.7968,,11.7956
21.2604,-160.054,37.2076,,12.6616
21.2804,-133.939,38.2099,,13.3977
21.3003,-106.482,38.9024,,14.0054
21.3203,-77.9603,39.3626,,14.4683
21.3403,-48.6631,39.6587,,14.7898
21.3603,-18.8772,39.82,,14.9624
21.3804,11.0965,39.8452,,14.9856
21.4004,40.9596,39.7709,,14.8587
21.4203,70.414,39.5889,,14.5848
21.4403,99.1655,39.3073,,14.1637
21.4603,126.922,38.9158,,13.5996
21.4803,153.414,38.4236,,12.904
21.5004,178.372,37.8067,,12.0766
21.5204,201.55,37.0688,,11.1274
21.5403,222.712,36.1968,,10.0704
21.5603,241.647,35.1696,,8.90765
21.5803,258.171,33.9442,,7.66282
21.6003,272.114,32.4755,,6.33741
21.6204,283.339,30.7132,,4.94701
21.6404,291.729,28.5065,,3.50924
21.6604,297.209,25.6403,,2.03702
21.6803,299.718,21.7058,,0.54465
21.7003,299.231,15.9877,,-0.954364
21.7203,295.757,7.75823,,-2.44335
21.7403,289.329,-2.27241,,-3.90574
21.7604,280.008,-11.8096,,-5.33535
21.7804,267.89,-19.5306,,-6.70621
21.8003,253.091,-25.4626,,-8.0145
21.8203,235.761,-29.8821,,-9.24117
21.8403,216.083,-33.0771,,-10.365
21.8603,194.245,-35.3501,,-11.4008
21.8804,170.464,-36.9756,,-12.3166
21.9004,144.977,-38.1383,,-13.1063
21.9203,118.048,-38.9449,,-13.7697
21.9403,89.9338,-39.4897,,-14.2947
21.9603,60.9246,-39.8512,,-14.6725
21.9803,31.3054,-40.0694,,-14.9089
22.0004,1.37405,-40.1465,,-14.9943
22.0204,-28.5714,-40.11,,-14.9297
22.0403,-58.2314,-39.9747,,-14.7161
22.0603,-87.3094,-39.7481,,-14.3555
22.0803,-115.517,-39.3963,,-13.8523
22.1003,-142.568,-38.9385,,-13.2102
22.1204,-168.194,-38.3787,,-12.4333
22.1404,-192.139,-37.7008,,-11.5369
22.1604,-214.167,-36.8859,,-10.5238
22.1803,-234.059,-35.9094,,-9.40578
22.2003,-251.607,-34.7778,,-8.18942
22.2203,-266.637,-33.4274,,-6.89493
22.2403,-279.008,-31.7957,,-5.52785
22.2604,-288.588,-29.7869,,-4.11694
22.2804,-295.288,-27.2345,,-2.65308
22.3003,-299.037,-23.8165,,-1.16723
22.3203,-299.8,-18.9464,,0.330074
22.3403,-297.57,-11.7908,,1.82405
22.3603,-292.362,-2.27784,,3.30441
22.3804,-284.23,7.72324,,4.74944
22.4004,-273.262,16.2564,,6.14203
22.4203,-259.558,22.9144,,7.47952
22.4403,-243.268,27.9289,,8.73713
22.4603,-224.544,31.5827,,9.9124
22.4803,-203.575,34.216,,10.9862
22.5004,-180.573,36.0937,,11.9492
22.5204,-155.766,37.4203,,12.7925
22.5403,-129.407,38.3514,,13.5099
22.5603,-101.752,39.011,,14.0922
22.5803,-73.0816,39.4445,,14.5337
22.6003,-43.6801,39.7044,,14.8287
22.6204,-13.8425,39.8387,,14.9765
22.6404,16.1337,39.8559,,14.9747
22.6604,45.9486,39.7604,,14.8237
22.6803,75.305,39.5601,,14.5232
22.7003,103.907,39.2602,,14.0775
22.7203,131.473,38.8566,,13.4942
22.7403,157.724,38.3414,,12.771
22.7604,182.402,37.7046,,11.9272
22.7804,205.254,36.9451,,10.9572
22.8003,226.051,36.0488,,9.87876
22.8203,244.599,34.9908,,8.70845
22.8403,260.699,33.7229,,7.44314
22.8603,274.193,32.2198,,6.10646
22.8804,284.951,30.3914,,4.70966
22.9004,292.856,28.0905,,3.26374
22.9203,297.836,25.0769,,1.78842
22.9403,299.849,20.9037,,0.29311
22.9603,298.861,14.7927,,-1.20514
22.9803,294.883,6.14304,,-2.69194
23.0004,287.965,-3.9714,,-4.14916
23.0204,278.165,-13.2462,,-5.57135
23.0403,265.584,-20.6642,,-6.93312
23.0603,250.349,-26.3267,,-8.22267
23.0803,232.614,-30.5019,,-9.43654
23.1003,212.56,-33.5333,,-10.5486
23.1204,190.372,-35.6868,,-11.5648
23.1404,166.292,-37.2187,,-12.4565
23.1604,140.544,-38.3074,,-13.2288
23.1803,113.394,-39.0676,,-13.8673
23.2003,85.1119,-39.5781,,-14.3666
23.2203,55.979,-39.9136,,-14.7247
23.2403,26.2867,-40.1019,,-14.9329
23.2604,-3.66839,-40.1631,,-14.9939
23.2804,-33.5865,-40.1136,,-14.904
23.3003,-63.1694,-39.96,,-14.6665
23.3203,-92.1218,-39.7044,,-14.2798
23.3403,-120.152,-39.3353,,-13.7543
23.3603,-146.982,-38.876,,-13.089
23.3804,-172.344,-38.2901,,-12.2917
23.4004,-195.987,-37.5848,,-11.3746
23.4203,-217.665,-36.7459,,-10.3378
23.4403,-237.172,-35.7546,,-9.20812
23.4603,-254.312,-34.581,,-7.98158
23.4803,-268.906,-33.1771,,-6.66757
23.5004,-280.812,-31.5043,,-5.29696
23.5204,-289.92,-29.4192,,-3.87109
23.5403,-296.127,-26.7414,,-2.40438
23.5603,-299.375,-23.1234,,-0.917004
23.5803,-299.635,-17.9324,,0.583622
23.6003,-296.896,-10.3373,,2.07661
23.6204,-291.195,-0.559773,,3.54673
23.6404,-282.58,9.29473,,4.98568
23.6604,-271.148,17.5154,,6.37134
23.6803,-257.001,23.8759,,7.69837
23.7003,-240.284,28.6404,,8.94217
23.7203,-221.169,32.1172,,10.0987
23.7403,-199.847,34.5967,,11.1542
23.7604,-176.523,36.3692,,12.099
23.7804,-151.439,37.6225,,12.9263
23.8003,-124.839,38.4995,,13.6169
23.8203,-96.9943,39.1127,,14.1769
23.8403,-68.1825,39.5189,,14.5927
23.8603,-38.6853,39.7631,,14.8643
23.8804,-8.80385,39.8624,,14.9871
23.9004,21.1666,39.8623,,14.9597
23.9203,50.925,39.7574,,14.7822
23.9403,80.1726,39.5372,,14.4578
23.9603,108.621,39.2172,,13.9901
23.9803,135.985,38.7952,,13.3824
24.0004,161.991,38.2589,,12.6383
24.0204,186.376,37.6066,,11.7711
24.0403,208.904,36.8228,,10.785
24.0603,229.334,35.9005,,9.68902
24.0803,247.485,34.8036,,8.49864
24.1003,263.152,33.5061,,7.22343
24.1204,276.2,31.9568,,5.87981
24.1404,286.481,30.0514,,4.46397
24.1604,293.901,27.6571,,3.01959
24.1803,298.384,24.4898,,1.53708
24.2003,299.891,20.0447,,0.0405073
24.2203,298.4,13.5258,,-1.4554
24.2403,293.924,4.48139,,-2.94005
24.2604,286.517,-5.64312,,-4.39141
24.2804,276.24,-14.6343,,-5.80369
24.3003,263.204,-21.7411,,-7.1555
24.3203,247.539,-27.142,,-8.43439
24.3403,229.404,-31.1085,,-9.62603
24.3603,208.972,-33.9646,,-10.7313
24.3804,186.452,-36.0052,,-11.7216
24.4004,162.072,-37.4571,,-12.5943
24.4203,136.072,-38.4747,,-13.3465
24.4403,108.71,-39.1864,,-13.9611
24.4603,80.2647,-39.6698,,-14.4372
24.4803,51.0174,-39.9776,,-14.7695
24.5004,21.26,-40.1389,,-14.954
24.5204,-8.7098,-40.1764,,-14.9892
24.5403,-38.5927,-40.1129,,-14.8745
24.5603,-68.0902,-39.9477,,-14.6116
24.5803,-96.9062,-39.6723,,-14.2013
24.6003,-124.754,-39.28,,-13.6509
24.6204,-151.356,-38.7954,,-12.9642
24.6404,-176.445,-38.2005,,-12.1452
24.6604,-199.774,-37.4802,,-11.2089
24.6803,-221.102,-36.6044,,-10.1559
24.7003,-240.224,-35.5809,,-9.00774
24.7203,-256.947,-34.3823,,-7.76279
24.7403,-271.099,-32.9414,,-6.44529
24.7604,-282.546,-31.198,,-5.05883
24.7804,-291.165,-29.0297,,-3.62708
24.8003,-296.881,-26.2279,,-2.15567
24.8203,-299.629,-22.3968,,-0.664603
24.8403,-299.384,-16.8562,,0.83377
24.8603,-296.148,-8.81153,,2.32546
24.8804,-289.948,1.16515,,3.79534
24.9004,-280.854,10.8211,,5.21969
24.9203,-268.956,18.7142,,6.60117
24.9403,-254.364,24.8003,,7.9125
24.9603,-237.234,29.3382,,9.14097
24.9803,-217.734,32.6167,,10.286
25.0004,-196.057,34.9572,,11.3218
25.0204,-172.422,36.6341,,12.2465
25.0403,-147.065,37.8257,,13.0488
25.0603,-120.239,38.6478,,13.7224
25.0803,-92.2109,39.2108,,14.2561
25.1003,-63.2617,39.5863,,14.6496
25.1204,-33.68,39.8134,,14.8953
25.1404,-3.76192,39.8997,,14.9925
25.1604,26.1933,39.8743,,14.9405
25.1803,55.8876,39.7478,,14.7389
25.2003,85.0226,39.5145,,14.3905
25.2203,113.308,39.174,,13.8961
25.2403,140.461,38.7314,,13.2659
25.2604,166.211,38.1845,,12.5006
25.2804,190.302,37.5155,,11.613
25.3003,212.487,36.6955,,10.6076
25.3203,232.555,35.7436,,9.49484
25.3403,250.293,34.6308,,8.29148
25.3603,265.537,33.2891,,7.00377
25.3804,278.126,31.6756,,5.64393
25.4004,287.934,29.713,,4.22568
25.4203,294.862,27.2108,,2.76924
25.4403,298.848,23.8671,,1.28955
25.4603,299.849,19.1332,,-0.214942
25.4803,297.852,12.1791,,-1.7061
25.5004,292.882,2.79547,,-3.18641
25.5204,284.984,-7.28098,,-4.6323
25.5403,274.239,-15.967,,-6.0335
25.5603,260.752,-22.7738,,-7.37623
25.5803,244.658,-27.9211,,-8.64145
25.6003,226.122,-31.6854,,-9.82138
25.6204,205.325,-34.3838,,-10.9043
25.6404,182.476,-36.3023,,-11.876
25.6604,157.806,-37.6784,,-12.7314
25.6803,131.558,-38.6423,,-13.4586
25.7003,103.996,-39.3094,,-14.0511
25.7203,75.3946,-39.7505,,-14.5028
25.7403,46.0415,-40.0276,,-14.811
25.7604,16.2272,-40.1833,,-14.9707
25.7804,-13.7487,-40.2062,,-14.9803
25.8003,-43.5874,-40.1047,,-14.8408
25.8203,-72.9909,-39.9226,,-14.5528
25.8403,-101.663,-39.6403,,-14.118
25.8603,-129.323,-39.2376,,-13.5461
25.8804,-155.689,-38.7281,,-12.8338
25.9004,-180.497,-38.1052,,-11.9979
25.9203,-203.507,-37.3589,,-11.038
25.9403,-224.48,-36.4653,,-9.97191
25.9603,-243.212,-35.4208,,-8.80335
25.9803,-259.512,-34.1764,,-7.54608
26.0004,-273.218,-32.6904,,-6.21593
26.0204,-284.196,-30.8863,,-4.82123
26.0403,-292.336,-28.6288,,-3.38143
26.0603,-297.552,-25.6878,,-1.90691
26.0803,-299.798,-21.6221,,-0.411975
26.1003,-299.049,-15.6951,,1.08599
26.1204,-295.312,-7.22718,,2.57484
26.1404,-288.623,2.87142,,4.03335
26.1604,-279.049,12.2942,,5.46194
26.1803,-266.684,19.8813,,6.82437
26.2003,-251.658,25.6872,,8.12726
26.2203,-234.115,29.988,,9.33749
26.2403,-214.237,33.0989,,10.4678
26.2604,-192.212,35.319,,11.4859
26.2804,-168.272,36.8883,,12.3921
26.3003,-142.648,38.0051,,13.1714
26.3203,-115.602,38.7965,,13.8206
26.3403,-87.399,39.3244,,14.3325
26.3603,-58.3231,39.6573,,14.7011
26.3804,-28.6644,39.8605,,14.922
26.4004,1.28038,39.9358,,14.9947
26.4203,31.2126,39.8914,,14.9166
26.4403,60.8322,39.7363,,14.6901
26.4603,89.8459,39.4972,,14.3178
26.4803,117.96,39.144,,13.7999
26.5004,144.897,38.6767,,13.1457
26.5204,170.384,38.1028,,12.3605
26.5403,194.174,37.4105,,11.4519
26.5603,216.015,36.5807,,10.4276
26.5803,235.705,35.6033,,9.29994
26.6003,253.034,34.4392,,8.07495
26.6204,267.838,33.0621,,6.78125
26.6404,279.968,31.408,,5.40909
26.6604,289.3,29.3562,,3.9862
26.6803,295.742,26.7311,,2.52241
26.7003,299.225,23.2084,,1.03386
26.7203,299.723,18.1638,,-0.462449
26.7403,297.226,10.7605,,-1.95876
26.7604,291.757,1.0776,,-3.43176
26.7804,283.374,-8.86974,,-4.87252
26.8003,272.157,-17.2531,,-6.26399
26.8203,258.226,-23.7739,,-7.59247
26.8403,241.706,-28.658,,-8.84716
26.8603,222.776,-32.2302,,-10.0125
26.8804,201.619,-34.7857,,-11.0739
26.9004,178.447,-36.6001,,-12.0279
26.9203,153.497,-37.8882,,-12.8623
26.9403,127.008,-38.7951,,-13.5674
26.9603,99.2516,-39.4265,,-14.1381
26.9803,70.5052,-39.8443,,-14.565
27.0004,41.0518,-40.0904,,-14.8485
27.0204,11.1901,-40.2131,,-14.9819
27.0403,-18.7837,-40.2198,,-14.9671
27.0603,-48.5702,-40.1217,,-14.8031
27.0803,-77.8717,-39.9154,,-14.4897
27.1003,-106.394,-39.5927,,-14.0331
27.1204,-133.853,-39.1853,,-13.4331
27.1404,-159.976,-38.6627,,-12.7032
27.1604,-184.501,-38.0133,,-11.8443
27.1803,-207.182,-37.2449,,-10.8652
27.2003,-227.791,-36.3274,,-9.7816
27.2203,-246.124,-35.2535,,-8.59812
27.2403,-262.004,-33.9676,,-7.33012
27.2604,-275.26,-32.4332,,-5.98308
27.2804,-285.765,-30.5696,,-4.58358
27.3003,-293.418,-28.2157,,-3.13476
27.3203,-298.141,-25.1147,,-1.65653
27.3403,-299.879,-20.7968,,-0.158947
27.3603,-298.625,-14.4693,,1.33795
27.3804,-294.39,-5.59174,,2.81962
27.4004,-287.214,4.56229,,4.27782
27.4203,-277.163,13.709,,5.69438
27.4403,-264.34,20.9893,,7.05021
27.4603,-248.879,26.5309,,8.33441
27.4803,-230.928,30.6117,,9.53996
27.5004,-210.675,33.5558,,10.6444
27.5204,-188.316,35.6538,,11.6459
27.5403,-164.074,37.1384,,12.5297
27.5603,-138.194,38.1859,,13.2905
27.5803,-110.934,38.921,,13.9172
27.6003,-82.5629,39.4205,,14.4055
27.6204,-53.3682,39.7337,,14.7477
27.6404,-23.6415,39.9046,,14.9447
27.6604,6.32237,39.9641,,14.9921
27.6803,36.2232,39.9006,,14.8893
27.7003,65.7619,39.732,,14.6376
27.7203,94.6438,39.4643,,14.2396
27.7403,122.58,39.0905,,13.7006
27.7604,149.29,38.6222,,13.0211
27.7804,174.509,38.024,,12.2167
27.8003,197.985,37.302,,11.288
27.8203,219.486,36.4532,,10.2497
27.8403,238.795,35.4447,,9.09731
27.8603,255.709,34.2521,,7.86412
27.8804,270.073,32.834,,6.55276
27.9004,281.733,31.1156,,5.17078
27.9203,290.586,28.9826,,3.73985
27.9403,296.535,26.2365,,2.27871
27.9603,299.521,22.511,,0.780734
27.9803,299.513,17.1165,,-0.713587
28.0004,296.513,9.26917,,-2.2085
28.0204,290.551,-0.644843,,-3.67694
28.0403,281.683,-10.4238,,-5.10915
28.0603,270.003,-18.4905,,-6.49365
28.0803,255.621,-24.7202,,-7.80993
28.1003,238.688,-29.378,,-9.0506
28.1204,219.369,-32.7555,,-10.1942
28.1404,197.858,-35.1614,,-11.2427
28.1604,174.372,-36.8839,,-12.1793
28.1803,149.142,-38.1039,,-12.9893
28.2003,122.423,-38.9562,,-13.6737
28.2203,94.4811,-39.5357,,-14.2183
28.2403,65.5939,-39.9244,,-14.6236
28.2604,36.0515,-40.1604,,-14.8815
28.2804,6.14992,-40.258,,-14.9905
28.3003,-23.8135,-40.2376,,-14.9502
28.3203,-53.5395,-40.1183,,-14.7605
28.3403,-82.7299,-39.9007,,-14.4229
28.3603,-111.094,-39.576,,-13.9418
28.3804,-138.348,-39.1356,,-13.3201
28.4004,-164.22,-38.5868,,-12.5683
28.4203,-188.45,-37.9268,,-11.6859
28.4403,-210.796,-37.133,,-10.691
28.4603,-231.04,-36.1863,,-9.58791
28.4803,-248.968,-35.0825,,-8.38966
28.5004,-264.414,-33.7607,,-7.1071
28.5204,-277.22,-32.173,,-5.75612
28.5403,-287.255,-30.2329,,-4.33831
28.5603,-294.416,-27.7818,,-2.89157
28.5803,-298.642,-24.5193,,-1.40599
28.6003,-299.879,-19.9143,,0.0938287
28.6204,-298.122,-13.1643,,1.58768
28.6404,-293.39,-3.91912,,3.06993
28.6604,-285.722,6.22217,,4.51807
28.6803,-275.195,15.0817,,5.9267
28.7003,-261.922,22.053,,7.27014
28.7203,-246.033,27.3335,,8.5437
28.7403,-227.677,31.2097,,9.73131
28.7604,-207.059,33.9929,,10.8205
28.7804,-184.363,35.9686,,11.8062
28.8003,-159.831,37.3732,,12.6648
28.8203,-133.701,38.3643,,13.4055
28.8403,-106.233,39.0512,,14.0091
28.8603,-77.7055,39.5184,,14.4729
28.8804,-48.4003,39.8063,,14.792
28.9004,-18.6112,39.9534,,14.9633
28.9203,11.3628,39.9856,,14.9849
28.9403,41.2236,39.9146,,14.857
28.9603,70.6723,39.7333,,14.5811
28.9803,99.4144,39.4457,,14.1591
29.0004,127.165,39.0517,,13.5961
29.0204,153.643,38.5575,,12.8953
29.0403,178.585,37.9424,,12.0695
29.0603,201.748,37.2045,,11.1183
29.0803,222.884,36.3237,,10.0568
29.1003,241.802,35.2837,,8.90058
29.1204,258.303,34.0624,,7.64942
29.1404,272.227,32.5947,,6.32825
29.1604,283.423,30.8153,,4.93352
29.1803,291.793,28.6026,,3.49834
29.2003,297.246,25.7139,,2.02297
29.2203,299.727,21.7613,,0.531018
29.2403,299.22,15.9979,,-0.965554
29.2604,295.716,7.71471,,-2.45891
29.2804,289.256,-2.36161,,-3.92367
29.3003,279.91,-11.9293,,-5.34309
29.3203,267.77,-19.6716,,-6.71873
29.3403,252.95,-25.6277,,-8.02277
29.3603,235.601,-30.0565,,-9.25096
29.3804,215.896,-33.2559,,-10.3807
29.4004,194.036,-35.53,,-11.4075
29.4203,170.244,-37.1475,,-12.322
29.4403,144.747,-38.2972,,-13.1149
29.4603,117.801,-39.1051,,-13.7747
29.4803,89.6804,-39.6535,,-14.2956
29.5004,60.6652,-40.005,,-14.6784
29.5204,31.0405,-40.2161,,-14.9095
29.5403,1.10784,-40.2984,,-14.9944
29.5603,-28.8366,-40.2661,,-14.9285
29.5803,-58.4926,-40.1208,,-14.7142
29.6003,-87.5642,-39.8859,,-14.3513
29.6204,-115.762,-39.5431,,-13.847
29.6404,-142.801,-39.0859,,-13.2031
29.6604,-168.415,-38.521,,-12.4288
29.6803,-192.343,-37.8383,,-11.5256
29.7003,-214.353,-37.0188,,-10.5127
29.7203,-234.215,-36.0459,,-9.3927
29.7403,-251.747,-34.9039,,-8.1815
29.7604,-266.758,-33.5505,,-6.88395
29.7804,-279.103,-31.9086,,-5.52306
29.8003,-288.664,-29.8916,,-4.09719
29.8203,-295.335,-27.3191,,-2.63963
29.8403,-299.055,-23.8912,,-1.15395
29.8603,-299.794,-18.9807,,0.34357
29.8804,-297.534,-11.7738,,1.83961
29.9004,-292.296,-2.20826,,3.31685
29.9203,-284.149,7.82752,,4.75606
29.9403,-273.153,16.3933,,6.15654
29.9603,-259.432,23.0811,,7.48906
29.9803,-243.114,28.1022,,8.75014
30.0004,-224.371,31.7709,,9.92277
30.0204,-203.381,34.4044,,10.9942
30.0403,-180.362,36.2756,,11.9576
30.0603,-155.542,37.6006,,12.7993
30.0803,-129.166,38.5298,,13.5171
30.1003,-101.503,39.1776,,14.0967
30.1204,-72.8239,39.6104,,14.5366
30.1404,-43.4167,39.8694,,14.831
30.1604,-13.576,40.0037,,14.9775
30.1803,16.3999,40.0143,,14.9742
30.2003,46.212,39.9221,,14.821
30.2203,75.5619,39.7188,,14.5195
30.2403,104.158,39.42,,14.0743
30.2604,131.712,39.015,,13.487
30.2804,157.95,38.4907,,12.7656
30.3003,182.613,37.8551,,11.9171
30.3203,205.448,37.0921,,10.9489
30.3403,226.224,36.1985,,9.86912
30.3603,244.752,35.1265,,8.69732
30.3804,260.832,33.8546,,7.43249
30.4004,274.302,32.3451,,6.09234
30.4203,285.03,30.5107,,4.69993
30.4403,292.918,28.1938,,3.2507
30.4603,297.872,25.1598,,1.7734
30.4803,299.853,20.9636,,0.279428
30.5004,298.837,14.8054,,-1.21798
30.5204,294.837,6.09862,,-2.70345
30.5403,287.886,-4.0631,,-4.17098
30.5603,278.061,-13.3768,,-5.57524
30.5803,265.46,-20.8176,,-6.94597
30.6003,250.201,-26.4997,,-8.23501
30.6204,232.448,-30.7023,,-9.44679
30.6404,212.369,-33.728,,-10.5574
30.6604,190.169,-35.8806,,-11.5727
30.6803,166.068,-37.4069,,-12.4642
30.7003,140.309,-38.4933,,-13.2353
30.7203,113.148,-39.2488,,-13.8714
30.7403,84.8561,-39.7561,,-14.3708
30.7604,55.7179,-40.0861,,-14.727
30.7804,26.0214,-40.273,,-14.9345
30.8003,-3.93462,-40.3383,,-14.9938
30.8203,-33.8518,-40.2797,,-14.9028
30.8403,-63.4299,-40.123,,-14.6629
30.8603,-92.3748,-39.8756,,-14.2774
30.8804,-120.397,-39.5103,,-13.7477
30.9004,-147.214,-39.0312,,-13.0811
30.9203,-172.562,-38.4444,,-12.2845
30.9403,-196.186,-37.7501,,-11.3659
30.9603,-217.849,-36.9053,,-10.3309
30.9803,-237.336,-35.8914,,-9.19724
31.0004,-254.452,-34.7229,,-7.96812
31.0204,-269.027,-33.3327,,-6.65791
31.0403,-280.915,-31.631,,-5.28661
31.0603,-289.989,-29.5268,,-3.85524
31.0803,-296.17,-26.8456,,-2.39068
31.1003,-299.39,-23.2112,,-0.902168
31.1204,-299.621,-17.97,,0.59572
31.1404,-296.861,-10.3173,,2.08779
31.1604,-291.135,-0.485894,,3.56059
31.1803,-282.495,9.40538,,4.99999
31.2003,-271.034,17.6599,,6.38301
31.2203,-256.862,24.0523,,7.70917
31.2403,-240.125,28.8386,,8.95328
31.2604,-220.988,32.314,,10.1073
31.2804,-199.648,34.7974,,11.1646
31.3003,-176.307,36.5657,,12.1101
31.3203,-151.207,37.8254,,12.9275
31.3403,-124.599,38.6982,,13.6237
31.3603,-96.7436,39.2909,,14.1817
31.3804,-67.9208,39.7004,,14.5958
31.4004,-38.4214,39.9451,,14.8662
31.4203,-8.53748,40.0495,,14.9873
31.4403,21.4324,40.0354,,14.9589
31.4603,51.1879,39.9329,,14.7809
31.4803,80.432,39.7229,,14.4545
31.5004,108.87,39.3882,,13.9853
31.5204,136.223,38.965,,13.374
31.5403,162.212,38.4332,,12.6299
31.5603,186.584,37.7743,,11.7652
31.5803,209.09,36.984,,10.7723
31.6003,229.507,36.0605,,9.68199
31.6204,247.634,34.966,,8.48969
31.6404,263.281,33.6606,,7.21094
31.6604,276.298,32.0858,,5.86153
31.6803,286.559,30.1826,,4.4582
31.7003,293.956,27.7796,,3.00738
31.7203,298.416,24.5878,,1.52268
31.7403,299.893,20.1057,,0.0288204
31.7604,298.375,13.5353,,-1.4709
31.7804,293.874,4.44481,,-2.95383
31.8003,286.437,-5.74245,,-4.40624
31.8203,276.134,-14.7757,,-5.81444
31.8403,263.074,-21.9075,,-7.16679
31.8603,247.39,-27.3284,,-8.44294
31.8804,229.231,-31.3252,,-9.64038
31.9004,208.779,-34.1728,,-10.7407
31.9203,186.242,-36.2107,,-11.7256
31.9403,161.848,-37.665,,-12.6061
31.9603,135.833,-38.6815,,-13.3503
31.9803,108.463,-39.3789,,-13.9661
32.0004,80.0079,-39.8646,,-14.441
32.0204,50.755,-40.1773,,-14.7717
32.0403,20.9945,-40.3259,,-14.955
32.0603,-8.9761,-40.3594,,-14.9889
32.0803,-38.8571,-40.3059,,-14.873
32.1003,-68.348,-40.135,,-14.6082
32.1204,-97.1598,-39.8473,,-14.1986
32.1404,-124.997,-39.4625,,-13.6452
32.1604,-151.587,-38.988,,-12.9552
32.1803,-176.662,-38.3798,,-12.1403
32.2003,-199.973,-37.6358,,-11.1975
32.2203,-221.284,-36.7718,,-10.1493
32.2403,-240.385,-35.761,,-8.99523
32.2604,-257.084,-34.5404,,-7.75128
32.2804,-271.215,-33.0777,,-6.43253
32.3003,-282.64,-31.338,,-5.05169
32.3203,-291.234,-29.1755,,-3.60966
32.3403,-296.919,-26.341,,-2.14129
32.3603,-299.641,-22.4749,,-0.651727
32.3804,-299.365,-16.8904,,0.849748
32.4004,-296.104,-8.80657,,2.33411
32.4203,-289.884,1.23649,,3.80725
32.4403,-280.762,10.949,,5.23605
32.4603,-268.835,18.881,,6.61383
32.4803,-254.224,24.9822,,7.91912
32.5004,-237.071,29.5359,,9.1547
32.5204,-217.55,32.8408,,10.2955
32.5403,-195.857,35.1846,,11.3298
32.5603,-172.204,36.8445,,12.256
32.5803,-146.833,38.0259,,13.0543
32.6003,-119.993,38.8561,,13.7281
32.6204,-91.9576,39.4253,,14.2605
32.6404,-62.9997,39.7879,,14.6521
32.6604,-33.4145,40.0011,,14.8966
32.6803,-3.49564,40.1015,,14.9927
32.7003,26.4586,40.0707,,14.9392
32.7203,56.1482,39.9377,,14.7357
32.7403,85.2769,39.7043,,14.387
32.7604,113.555,39.3688,,13.8921
32.7804,140.697,38.922,,13.2591
32.8003,166.435,38.3629,,12.496
32.8203,190.511,37.6909,,11.6021
32.8403,212.676,36.8809,,10.5981
32.8603,232.723,35.9203,,9.48528
32.8804,250.442,34.789,,8.28072
32.9004,265.659,33.4478,,6.98872
32.9203,278.221,31.8353,,5.63061
32.9403,288.005,29.8481,,4.21539
32.9603,294.911,27.3271,,2.75624
32.9803,298.873,23.974,,1.27669
33.0004,299.848,19.2052,,-0.226071
33.0204,297.822,12.1833,,-1.7222
33.0403,292.824,2.73656,,-3.19875
33.0603,284.903,-7.3809,,-4.64509
33.0803,274.129,-16.1184,,-6.04631
33.1003,260.623,-22.9646,,-7.38657
33.1204,244.506,-28.1194,,-8.65147
33.1404,225.945,-31.8975,,-9.83348
33.1604,205.127,-34.6162,,-10.9144
33.1803,182.263,-36.5349,,-11.8837
33.2003,157.576,-37.8898,,-12.7385
33.2203,131.318,-38.8526,,-13.4625
33.2403,103.747,-39.5237,,-14.0555
33.2604,75.1385,-39.9724,,-14.5074
33.2804,45.7778,-40.2414,,-14.8131
33.3003,15.961,-40.3739,,-14.9712
33.3203,-14.0148,-40.4063,,-14.9795
33.3403,-43.8507,-40.3251,,-14.8383
33.3603,-73.2495,-40.128,,-14.551
33.3804,-101.916,-39.8286,,-14.1128
33.4004,-129.561,-39.4299,,-13.5397
33.4203,-155.915,-38.9311,,-12.8265
33.4403,-180.711,-38.2986,,-11.99
33.4603,-203.701,-37.5426,,-11.0306
33.4803,-224.66,-36.6506,,-9.96119
33.5004,-243.365,-35.597,,-8.7912
33.5204,-259.642,-34.3494,,-7.53503
33.5403,-273.327,-32.8566,,-6.20483
33.5603,-284.283,-31.0371,,-4.80767
33.5803,-292.391,-28.7624,,-3.37042
33.6003,-297.588,-25.8115,,-1.89406
33.6204,-299.808,-21.7252,,-0.398909
33.6404,-299.028,-15.7356,,1.10274
33.6604,-295.263,-7.19715,,2.58572
33.6803,-288.551,2.95078,,4.04826
33.7003,-278.951,12.4172,,5.47206
33.7203,-266.565,20.0519,,6.83709
33.7403,-251.511,25.8882,,8.13707
33.7604,-233.947,30.198,,9.3537
33.7804,-214.048,33.317,,10.4725
33.8003,-192.011,35.548,,11.4945
33.8203,-168.053,37.1163,,12.3985
33.8403,-142.415,38.2259,,13.1783
33.8603,-115.356,39.0104,,13.827
33.8804,-87.1445,39.5385,,14.3364
33.9004,-58.0622,39.8696,,14.7028
33.9203,-28.3998,40.0645,,14.9236
33.9403,1.54669,40.1385,,14.9947
33.9603,31.4774,40.0987,,14.9154
33.9803,61.0936,39.9443,,14.688
34.0004,90.0985,39.6882,,14.3122
34.0204,118.205,39.3425,,13.7948
34.0403,145.128,38.8777,,13.14
34.0603,170.603,38.2933,,12.3526
34.0803,194.372,37.5944,,11.4418
34.1003,216.203,36.7641,,10.4232
34.1204,235.871,35.7882,,9.28562
34.1404,253.18,34.6176,,8.07069
34.1604,267.963,33.2286,,6.76461
34.1803,280.068,31.5657,,5.39838
34.2003,289.373,29.5051,,3.97114
34.2203,295.783,26.8635,,2.50669
34.2403,299.244,23.311,,1.02281
34.2604,299.715,18.2313,,-0.476959
34.2804,297.19,10.7688,,-1.96933
34.3003,291.698,1.01434,,-3.44571
34.3203,283.291,-8.99315,,-4.88491
34.3403,272.046,-17.4117,,-6.27743
34.3603,258.088,-23.9599,,-7.60534
34.3804,241.546,-28.8835,,-8.85911
34.4004,222.593,-32.4619,,-10.0181
34.4203,201.424,-35.0186,,-11.0841
34.4403,178.234,-36.8357,,-12.0365
34.4603,153.265,-38.1262,,-12.8696
34.4803,126.767,-39.0246,,-13.5725
34.5004,99.0015,-39.6449,,-14.1407
34.5204,70.2459,-40.0647,,-14.5696
34.5403,40.7884,-40.3106,,-14.8507
34.5603,10.9239,-40.4298,,-14.9826
34.5803,-19.0496,-40.4344,,-14.9665
34.6003,-48.8335,-40.3328,,-14.8011
34.6204,-78.1285,-40.1281,,-14.4861
34.6404,-106.644,-39.8085,,-14.0283
34.6604,-134.092,-39.3914,,-13.4274
34.6803,-160.201,-38.8643,,-12.6961
34.7003,-184.711,-38.2165,,-11.8372
34.7203,-207.375,-37.445,,-10.8566
34.7403,-227.964,-36.521,,-9.76864
34.7604,-246.279,-35.4369,,-8.58884
34.7804,-262.131,-34.1553,,-7.31727
34.8003,-275.365,-32.6122,,-5.96957
34.8203,-285.842,-30.7277,,-4.57205
34.8403,-293.474,-28.3569,,-3.12337
34.8603,-298.17,-25.2428,,-1.64254
34.8804,-299.887,-20.893,,-0.147241
34.9004,-298.604,-14.5075,,1.35127
34.9203,-294.341,-5.55662,,2.8351
34.9403,-287.134,4.65607,,4.29261
34.9603,-277.056,13.8484,,5.7066
34.9803,-264.213,21.1636,,7.0582
35.0004,-248.732,26.7426,,8.34584
35.0204,-230.763,30.8504,,9.54994
35.0403,-210.486,33.7881,,10.6548
35.0603,-188.109,35.8873,,11.6538
35.0803,-163.851,37.3761,,12.5383
35.1003,-137.957,38.4208,,13.2968
35.1204,-110.685,39.145,,13.9207
35.1404,-82.3096,39.6478,,14.4091
35.1604,-53.106,39.9614,,14.7509
35.1803,-23.376,40.1228,,14.946
35.2003,6.58869,40.1751,,14.9916
35.2203,36.4877,40.1196,,14.888
35.2403,66.0219,39.9502,,14.6342
35.2604,94.8946,39.6795,,14.2351
35.2804,122.822,39.307,,13.6951
35.3003,149.521,38.8252,,13.0175
35.3203,174.73,38.2287,,12.2068
35.3403,198.183,37.5026,,11.2773
35.3603,219.664,36.6516,,10.2369
35.3804,238.951,35.6399,,9.09054
35.4004,255.843,34.4369,,7.85107
35.4203,270.186,33.0068,,6.54484
35.4403,281.831,31.2822,,5.15913
35.4603,290.652,29.1426,,3.72718
35.4803,296.574,26.3753,,2.26175
35.5004,299.531,22.6129,,0.770203
35.5204,299.499,17.1763,,-0.729725
35.5403,296.472,9.27213,,-2.2203
35.5603,290.484,-0.71738,,-3.68748
35.5803,281.596,-10.5522,,-5.12545
35.6003,269.886,-18.656,,-6.50416
35.6204,255.485,-24.917,,-7.81948
35.6404,238.53,-29.6074,,-9.06191
35.6604,219.185,-33.0044,,-10.2072
35.6803,197.658,-35.41,,-11.252
35.7003,174.153,-37.1228,,-12.1828
35.7203,148.913,-38.3412,,-12.9977
35.7403,122.178,-39.1941,,-13.6792
35.7604,94.227,-39.7748,,-14.2222
35.7804,65.3345,-40.154,,-14.6271
35.8003,35.787,-40.3848,,-14.8828
35.8203,5.88328,-40.4877,,-14.9905
35.8403,-24.0791,-40.4642,,-14.9492
35.8603,-53.8006,-40.345,,-14.7576
35.8804,-82.9848,-40.1213,,-14.4193
35.9004,-111.34,-39.7945,,-13.9365
35.9203,-138.584,-39.3537,,-13.3153
35.9403,-164.44,-38.8056,,-12.5589
35.9603,-188.658,-38.1453,,-11.68
35.9803,-210.987,-37.3422,,-10.6814
36.0004,-231.203,-36.3877,,-9.57705
36.0204,-249.12,-35.272,,-8.37963
36.0403,-264.544,-33.95,,-7.0949
36.0603,-277.318,-32.3601,,-5.73997
36.0803,-287.331,-30.4034,,-4.33332
36.1003,-294.47,-27.9282,,-2.87317
36.1204,-298.662,-24.6565,,-1.39176
36.1404,-299.877,-20.0151,,0.103259
36.1604,-298.097,-13.19,,1.60259
36.1803,-293.332,-3.87341,,3.08341
36.2003,-285.633,6.31287,,4.53457
36.2203,-275.09,15.2247,,5.93495
36.2403,-261.792,22.2465,,7.28257
36.2604,-245.879,27.5534,,8.55323
36.2804,-227.509,31.4428,,9.74312
36.3003,-206.865,34.2328,,10.8296
36.3203,-184.155,36.2197,,11.8109
36.3403,-159.604,37.6142,,12.6766
36.3603,-133.462,38.6017,,13.4089
36.3804,-105.985,39.2885,,14.0138
36.4004,-77.4461,39.7475,,14.4772
36.4203,-48.1368,40.0344,,14.7933
36.4403,-18.3457,40.1826,,14.9642
36.4603,11.6289,40.2157,,14.9845
36.4803,41.4875,40.1338,,14.8556
36.5004,70.9315,39.9491,,14.5786
36.5204,99.6672,39.6666,,14.1537
36.5403,127.405,39.2729,,13.5897
36.5603,153.871,38.771,,12.8896
36.5803,178.798,38.155,,12.061
36.6003,201.944,37.4121,,11.1085
36.6204,223.061,36.5258,,10.0484
36.6404,241.963,35.483,,8.89032
36.6604,258.439,34.2525,,7.6392
36.6803,272.338,32.7771,,6.31237
36.7003,283.515,30.9839,,4.92204
36.7203,291.853,28.7596,,3.48382
36.7403,297.277,25.8614,,2.01186
36.7604,299.74,21.8684,,0.518421
36.7804,299.2,16.0553,,-0.979808
36.8003,295.671,7.69866,,-2.47097
36.8203,289.191,-2.44212,,-3.92972
36.8403,279.82,-12.0551,,-5.36357
36.8603,267.648,-19.8587,,-6.72954
36.8804,252.805,-25.8428,,-8.03645
36.9004,235.438,-30.2912,,-9.25643
36.9203,215.715,-33.4986,,-10.393
36.9403,193.835,-35.7843,,-11.4169
36.9603,170.024,-37.4029,,-12.3294
36.9803,144.512,-38.5506,,-13.1213
37.0004,117.557,-39.3416,,-13.7798
37.0204,89.4254,-39.8919,,-14.3028
37.0403,60.4014,-40.2496,,-14.6775
37.0603,30.7753,-40.4494,,-14.9116
37.0803,0.841195,-40.5307,,-14.9942
37.1003,-29.1018,-40.4961,,-14.9273
37.1204,-58.7541,-40.3572,,-14.711
37.1404,-87.8187,-40.1115,,-14.3472
37.1604,-116.006,-39.7676,,-13.8419
37.1803,-143.035,-39.3188,,-13.1976
37.2003,-168.635,-38.7377,,-12.4205
37.2203,-192.55,-38.0534,,-11.519
37.2403,-214.54,-37.2334,,-10.5014
37.2604,-234.383,-36.259,,-9.38369
37.2804,-251.89,-35.105,,-8.16695
37.3003,-266.877,-33.7377,,-6.87427
37.3203,-279.199,-32.0968,,-5.5064
37.3403,-288.733,-30.0639,,-4.08997
37.3603,-295.382,-27.4766,,-2.62687
37.3804,-299.081,-24.0157,,-1.14224
37.4004,-299.791,-19.0684,,0.358641
37.4203,-297.5,-11.7999,,1.8547
37.4403,-292.238,-2.15354,,3.32682
37.4603,-284.058,7.94518,,4.77283
37.4803,-273.041,16.5509,,6.16662
37.5004,-259.296,23.2706,,7.50326
37.5204,-242.955,28.3364,,8.75796
37.5403,-224.195,32.0228,,9.93236
37.5603,-203.186,34.6546,,11.0045
37.5803,-180.149,36.5276,,11.9656
37.6003,-155.314,37.8477,,12.8066
37.6204,-128.928,38.7775,,13.5215
37.6404,-101.252,39.4194,,14.1014
37.6604,-72.5652,39.8523,,14.54
37.6803,-43.1537,40.1102,,14.8329
37.7003,-13.3102,40.2396,,14.9782
37.7203,16.6658,40.2549,,14.9732
37.7403,46.4749,40.1574,,14.819
37.7604,75.8199,39.9496,,14.5172
37.7804,104.408,39.6501,,14.07
37.8003,131.952,39.2416,,13.4808
37.8203,158.178,38.7154,,12.759
37.8403,182.824,38.0782,,11.9099
37.8603,205.641,37.3182,,10.9374
37.8804,226.403,36.4062,,9.86166
37.9004,244.908,35.331,,8.68474
37.9203,260.968,34.0557,,7.42225
37.9403,274.413,32.5348,,6.08194
37.9603,285.12,30.6824,,4.68235
37.9803,292.97,28.3619,,3.23863
38.0004,297.899,25.3124,,1.75816
38.0204,299.855,21.0714,,0.269469
38.0403,298.814,14.8596,,-1.2336
38.0603,294.786,6.07563,,-2.7157
38.0803,287.815,-4.15389,,-4.17633
38.1003,277.964,-13.5141,,-5.5956
38.1204,265.337,-21.0041,,-6.95503
38.1404,250.058,-26.7241,,-8.24457
38.1604,232.284,-30.9479,,-9.45571
38.1803,212.182,-33.9785,,-10.5727
38.2003,189.962,-36.1355,,-11.5801
38.2203,165.849,-37.668,,-12.4698
38.2403,140.075,-38.7513,,-13.2422
38.2604,112.901,-39.4962,,-13.8775
38.2804,84.6029,-40.0026,,-14.3741
38.3003,55.4558,-40.3321,,-14.7302
38.3203,25.7556,-40.5213,,-14.9353
38.3403,-4.20105,-40.5759,,-14.9936
38.3603,-34.1159,-40.519,,-14.9013
38.3804,-63.6903,-40.3648,,-14.6601
38.4004,-92.6274,-40.1075,,-14.2727
38.4203,-120.64,-39.7391,,-13.7442
38.4403,-147.449,-39.2621,,-13.0744
38.4603,-172.78,-38.6754,,-12.2769
38.4803,-196.387,-37.9703,,-11.3568
38.5004,-218.035,-37.1163,,-10.3218
38.5204,-237.499,-36.1141,,-9.18604
38.5403,-254.591,-34.9344,,-7.95391
38.5603,-269.143,-33.5173,,-6.64773
38.5803,-281.001,-31.8178,,-5.27188
38.6003,-290.057,-29.7056,,-3.84487
38.6204,-296.206,-27.0075,,-2.3784
38.6404,-299.407,-23.3365,,-0.88981
38.6604,-299.612,-18.0471,,0.609377
38.6803,-296.824,-10.3308,,2.10251
38.7003,-291.07,-0.428495,,3.57291
38.7203,-282.408,9.52843,,5.01081
38.7403,-270.919,17.8351,,6.39609
38.7604,-256.727,24.2637,,7.71856
38.7804,-239.967,29.0784,,8.96513
38.8003,-220.809,32.5658,,10.1206
38.8203,-199.447,35.0644,,11.1725
38.8403,-176.092,36.8317,,12.1147
38.8603,-150.979,38.0778,,12.9372
38.8804,-124.356,38.9447,,13.6291
38.9004,-96.49,39.548,,14.1862
38.9203,-67.6616,39.9532,,14.5982
38.9403,-38.1569,40.1875,,14.8678
38.9603,-8.27085,40.2882,,14.9877
38.9803,21.698,40.2806,,14.958
39.0004,51.4502,40.1737,,14.778
39.0204,80.6869,39.9572,,14.4514
39.0403,109.119,39.6345,,13.98
39.0603,136.46,39.1972,,13.3699
39.0803,162.44,38.6608,,12.6243
39.1003,186.793,38.0024,,11.7546
39.1204,209.28,37.2084,,10.7637
39.1404,229.684,36.2755,,9.67051
39.1604,247.781,35.1761,,8.47625
39.1803,263.408,33.8609,,7.20154
39.2003,276.403,32.2872,,5.85409
39.2203,286.639,30.3682,,4.44109
39.2403,294.008,27.9365,,2.99311
39.2604,298.437,24.7262,,1.50791
39.2804,299.89,20.2172,,0.0156639
39.3003,298.344,13.5839,,-1.48545
39.3203,293.818,4.40411,,-2.96152
39.3403,286.359,-5.83784,,-4.41925
39.3603,276.029,-14.9287,,-5.8278
39.3804,262.949,-22.1093,,-7.17881
39.4004,247.239,-27.5583,,-8.45434
39.4203,229.056,-31.5663,,-9.6509
39.4403,208.587,-34.4486,,-10.7477
39.4603,186.032,-36.4779,,-11.7387
39.4803,161.619,-37.9156,,-12.6106
39.5004,135.595,-38.9375,,-13.356
39.5204,108.214,-39.6432,,-13.9707
39.5403,79.7501,-40.116,,-14.4453
39.5603,50.4919,-40.4177,,-14.7732
39.5803,20.7289,-40.5822,,-14.9556
39.6003,-9.24218,-40.6133,,-14.9886
39.6204,-39.1207,-40.5454,,-14.8712
39.6404,-68.6088,-40.3762,,-14.6057
39.6604,-97.4106,-40.0967,,-14.1931
39.6803,-125.24,-39.7052,,-13.6404
39.7003,-151.817,-39.2162,,-12.9506
39.7203,-176.879,-38.6139,,-12.1314
39.7403,-200.171,-37.8778,,-11.1883
39.7604,-221.465,-37.0014,,-10.1402
39.7804,-240.543,-35.9647,,-8.98181
39.8003,-257.223,-34.7568,,-7.74303
39.8203,-271.328,-33.2993,,-6.41838
39.8403,-282.724,-31.5286,,-5.03587
39.8603,-291.295,-29.3361,,-3.59976
39.8804,-296.953,-26.5049,,-2.12973
39.9004,-299.653,-22.6179,,-0.638907
39.9203,-299.352,-16.9637,,0.862831
39.9403,-296.063,-8.79253,,2.34985
39.9603,-289.815,1.306,,3.81787
39.9803,-280.672,11.0689,,5.24924
40.0004,-268.717,19.0543,,6.62296
40.0204,-254.083,25.2032,,7.93584
40.0403,-236.906,29.7874,,9.16505
40.0603,-217.369,33.0904,,10.3025
40.0803,-195.652,35.4463,,11.3393
40.1003,-171.987,37.1122,,12.2618
40.1204,-146.6,38.29,,13.0629
40.1404,-119.751,39.1059,,13.7329
40.1604,-91.7033,39.6681,,14.2642
40.1803,-62.7403,40.0408,,14.6553
40.2003,-33.1503,40.2571,,14.8983
40.2203,-3.22921,40.345,,14.9929
40.2403,26.724,40.3155,,14.9383
40.2604,56.4106,40.1793,,14.7337
40.2804,85.5334,39.948,,14.3826
40.3003,113.8,39.6052,,13.8874
40.3203,140.932,39.1621,,13.2525
40.3403,166.656,38.5977,,12.4864
40.3603,190.71,37.917,,11.5958
40.3804,212.863,37.1082,,10.589
40.4004,232.892,36.1424,,9.47546
40.4203,250.586,35.0039,,8.26652
40.4403,265.781,33.6456,,6.98075
40.4603,278.321,32.0332,,5.617
40.4803,288.078,30.0386,,4.20076
40.5004,294.959,27.4923,,2.74821
40.5204,298.897,24.1086,,1.25944
40.5403,299.841,19.2991,,-0.239945
40.5603,297.793,12.2236,,-1.73415
40.5803,292.767,2.69182,,-3.213
40.6003,284.813,-7.49815,,-4.65876
40.6204,274.023,-16.2797,,-6.05653
40.6404,260.488,-23.1644,,-7.39777
40.6604,244.351,-28.3622,,-8.66423
40.6803,225.767,-32.1652,,-9.84066
40.7003,204.934,-34.8798,,-10.9236
40.7203,182.055,-36.7985,,-11.89
40.7403,157.351,-38.1695,,-12.748
40.7604,131.078,-39.119,,-13.4697
40.7804,103.496,-39.7786,,-14.0593
40.8003,74.879,-40.2223,,-14.5104
40.8203,45.5155,-40.5001,,-14.815
40.8403,15.6957,-40.6404,,-14.9721
40.8603,-14.2809,-40.6541,,-14.9792
40.8804,-44.1143,-40.5718,,-14.8371
40.9004,-73.5076,-40.3758,,-14.5459
40.9203,-102.166,-40.0764,,-14.1099
40.9403,-129.803,-39.6792,,-13.5342
40.9603,-156.143,-39.1668,,-12.82
40.9803,-180.923,-38.5334,,-11.9828
41.0004,-203.899,-37.7801,,-11.019
41.0204,-224.833,-36.8833,,-9.95249
41.0403,-243.522,-35.8208,,-8.78035
41.0603,-259.778,-34.5528,,-7.52354
41.0803,-273.435,-33.0598,,-6.19099
41.1003,-284.367,-31.2389,,-4.79748
41.1204,-292.451,-28.9526,,-3.35541
41.1404,-297.619,-25.9621,,-1.87949
41.1604,-299.81,-21.8349,,-0.384156
41.1803,-299.005,-15.814,,1.11257
41.2003,-295.217,-7.1964,,2.59812
41.2203,-288.479,3.04171,,4.06116
41.2403,-278.85,12.5681,,5.48697
41.2604,-266.436,20.2297,,6.85005
41.2804,-251.367,26.1075,,8.14236
41.3003,-233.782,30.4639,,9.36738
41.3203,-213.859,33.5894,,10.4819
41.3403,-191.804,35.8097,,11.5054
41.3603,-167.83,37.3827,,12.4025
41.3804,-142.181,38.4985,,13.1858
41.4004,-115.11,39.2627,,13.8313
41.4203,-86.8892,39.7894,,14.34
41.4403,-57.8006,40.1268,,14.7068
41.4603,-28.1338,40.3212,,14.9245
41.4803,1.81314,40.3915,,14.9942
41.5004,31.7425,40.3447,,14.9143
41.5204,61.3537,40.1912,,14.6844
41.5403,90.3516,39.9409,,14.3081
41.5603,118.449,39.5825,,13.7916
41.5803,145.364,39.1146,,13.1331
41.6003,170.822,38.5327,,12.3432
41.6204,194.578,37.8299,,11.4381
41.6404,216.39,36.9941,,10.4099
41.6604,236.036,36.0045,,9.2758
41.6803,253.323,34.8315,,8.05867
41.7003,268.084,33.4397,,6.75355
41.7203,280.16,31.7591,,5.37886
41.7403,289.438,29.6791,,3.96393
41.7604,295.83,27.0332,,2.49651
41.7804,299.263,23.456,,1.00863
41.8003,299.71,18.3188,,-0.489158
41.8203,297.156,10.7821,,-1.98421
41.8403,291.635,0.958552,,-3.45945
41.8603,283.196,-9.10974,,-4.89706
41.8804,271.937,-17.5883,,-6.2893
41.9004,257.951,-24.1808,,-7.61677
41.9203,241.389,-29.1302,,-8.86856
41.9403,222.417,-32.7332,,-10.0306
41.9603,201.225,-35.2949,,-11.0895
41.9803,178.021,-37.1101,,-12.0486
42.0004,153.04,-38.3943,,-12.8735
42.0204,126.526,-39.2941,,-13.5799
42.0403,98.75,-39.9153,,-14.1452
42.0603,69.9874,-40.3252,,-14.5734
42.0803,40.5239,-40.5717,,-14.8516
42.1003,10.658,-40.6905,,-14.9833
42.1204,-19.3155,-40.6951,,-14.9659
42.1404,-49.0955,-40.5885,,-14.7983
42.1604,-78.3858,-40.3791,,-14.4838
42.1803,-106.893,-40.0614,,-14.0219
42.2003,-134.33,-39.6431,,-13.423
42.2203,-160.426,-39.1122,,-12.6874
42.2403,-184.92,-38.4575,,-11.8283
42.2604,-207.565,-37.6837,,-10.8479
42.2804,-228.135,-36.755,,-9.76003
42.3003,-246.43,-35.6617,,-8.5772
42.3203,-262.26,-34.3645,,-7.30502
42.3403,-275.468,-32.819,,-5.95988
42.3603,-285.929,-30.9282,,-4.55913
42.3804,-293.526,-28.5362,,-3.10656
42.4004,-298.195,-25.4012,,-1.63145
42.4203,-299.884,-21.012,,-0.131881
42.4403,-298.578,-14.5632,,1.36234
42.4603,-294.289,-5.53758,,2.84827
42.4803,-287.059,4.74295,,4.30475
42.5004,-276.955,13.9985,,5.71845
42.5204,-264.087,21.3688,,7.07205
42.5403,-248.582,26.9752,,8.35555
42.5603,-230.596,31.1033,,9.55894
42.5803,-210.297,34.0611,,10.6636
42.6003,-187.902,36.1566,,11.6637
42.6204,-163.629,37.6431,,12.5462
42.6404,-137.721,38.6847,,13.3018
42.6604,-110.438,39.4121,,13.9267
42.6803,-82.0526,39.9034,,14.411
42.7003,-52.8452,40.2172,,14.7549
42.7203,-23.1102,40.3828,,14.9468
42.7403,6.85505,40.4282,,14.9913
42.7604,36.7516,40.3765,,14.8857
42.7804,66.2801,40.204,,14.6311
42.8003,95.1479,39.9298,,14.2319
42.8203,123.066,39.5469,,13.6914
42.8403,149.753,39.0743,,13.0087
42.8603,174.943,38.4762,,12.1994
42.8804,198.385,37.7394,,11.2694
42.9004,219.844,36.8769,,10.2226
42.9203,239.108,35.8637,,9.08334
42.9403,255.986,34.6595,,7.84527
42.9603,270.305,33.2173,,6.52608
42.9803,281.915,31.4768,,5.14418
43.0004,290.72,29.321,,3.72024
43.0204,296.616,26.5466,,2.24806
43.0403,299.547,22.7504,,0.755464
43.0603,299.486,17.2574,,-0.743835
43.0803,296.433,9.27728,,-2.23029
43.1003,290.42,-0.777383,,-3.70517
43.1204,281.497,-10.6784,,-5.13544
43.1404,269.768,-18.8489,,-6.51775
43.1604,255.344,-25.1523,,-7.82892
43.1803,238.37,-29.85,,-9.06852
43.2003,219.008,-33.2658,,-10.2211
43.2203,197.455,-35.6918,,-11.2596
43.2403,173.936,-37.4031,,-12.1934
43.2604,148.678,-38.6047,,-13.0035
43.2804,121.936,-39.4565,,-13.6845
43.3003,93.974,-40.0426,,-14.2276
43.3203,65.0726,-40.4148,,-14.6279
43.3403,35.5228,-40.6401,,-14.8851
43.3603,5.61695,-40.7452,,-14.9907
43.3804,-24.3446,-40.73,,-14.9481
43.4004,-54.0623,-40.5978,,-14.7541
43.4203,-83.2395,-40.3697,,-14.4163
43.4403,-111.588,-40.0478,,-13.9326
43.4603,-138.819,-39.6051,,-13.307
43.4803,-164.662,-39.0462,,-12.5541
43.5004,-188.864,-38.3806,,-11.6716
43.5204,-211.176,-37.5775,,-10.6715
43.5403,-231.375,-36.6254,,-9.56746
43.5603,-249.268,-35.5006,,-8.36966
43.5803,-264.668,-34.163,,-7.08171
43.6003,-277.425,-32.5662,,-5.73138
43.6204,-287.408,-30.5964,,-4.31551
43.6404,-294.521,-28.1095,,-2.86168
43.6604,-298.686,-24.8007,,-1.37835
43.6803,-299.876,-20.1217,,0.118726
43.7003,-298.064,-13.2399,,1.61676
43.7203,-293.274,-3.83444,,3.0955
43.7403,-285.56,6.42548,,4.54103
43.7604,-274.984,15.388,,5.95239
43.7804,-261.663,22.453,,7.29371
43.8003,-245.726,27.8025,,8.56432
43.8203,-227.338,31.7095,,9.75134
43.8403,-206.675,34.5119,,10.8386
43.8603,-183.943,36.4958,,11.8235
43.8804,-159.378,37.8937,,12.6802
43.9004,-133.222,38.8658,,13.4168
43.9203,-105.734,39.5536,,14.0188
43.9403,-77.1907,40.0208,,14.4793
43.9603,-47.8738,40.3053,,14.7962
43.9803,-18.0798,40.4418,,14.9647
44.0004,11.8949,40.4737,,14.9839
44.0204,41.7511,40.4031,,14.8536
44.0403,71.1893,40.2107,,14.5743
44.0603,99.9164,39.9204,,14.1506
44.0803,127.646,39.5272,,13.5832
44.1003,154.099,39.0248,,12.885
44.1204,179.017,38.4005,,12.0526
44.1404,202.141,37.6503,,11.0998
44.1604,223.242,36.7684,,10.038
44.1803,242.12,35.7171,,8.87922
44.2003,258.575,34.4676,,7.6263
44.2203,272.447,32.9883,,6.30087
44.2403,283.595,31.1914,,4.90786
44.2604,291.914,28.946,,3.47388
44.2804,297.314,26.0188,,1.99766
44.3003,299.745,21.9994,,0.505715
44.3203,299.182,16.1375,,-0.994561
44.3403,295.628,7.70345,,-2.48154
44.3603,289.12,-2.52119,,-3.94855
44.3804,279.721,-12.2004,,-5.37011
44.4004,267.53,-20.0399,,-6.74243
44.4203,252.663,-26.0724,,-8.0481
44.4403,235.271,-30.5547,,-9.2679
44.4603,215.529,-33.7782,,-10.4018
44.4803,193.631,-36.0541,,-11.4261
44.5004,169.804,-37.6775,,-12.3347
44.5204,144.28,-38.8234,,-13.129
44.5403,117.312,-39.6109,,-13.7848
44.5603,89.175,-40.1572,,-14.3017
44.5803,60.1437,-40.5104,,-14.6862
44.6003,30.5106,-40.7125,,-14.9124
44.6204,0.574942,-40.7885,,-14.9944
44.6404,-29.3669,-40.7535,,-14.9263
44.6604,-59.0147,-40.6149,,-14.7081
44.6803,-88.0734,-40.37,,-14.3438
44.7003,-116.253,-40.0142,,-13.8376
44.7203,-143.269,-39.5623,,-13.1891
44.7403,-168.851,-38.9873,,-12.4132
44.7604,-192.755,-38.3018,,-11.5112
44.7804,-214.726,-37.4707,,-10.4946
44.8003,-234.555,-36.4828,,-9.37194
44.8203,-252.037,-35.3281,,-8.16013
44.8403,-267.004,-33.9563,,-6.85803
44.8603,-279.299,-32.303,,-5.49606
44.8804,-288.808,-30.2535,,-4.07519
44.9004,-295.429,-27.6487,,-2.61373
44.9203,-299.098,-24.1648,,-1.12557
44.9403,-299.782,-19.1667,,0.369603
44.9603,-297.468,-11.8303,,1.86499
44.9803,-292.183,-2.11137,,3.34269
45.0004,-283.979,8.07065,,4.78459
45.0204,-272.934,16.7249,,6.17895
45.0403,-259.164,23.491,,7.51268
45.0603,-242.8,28.5865,,8.77505
45.0803,-224.014,32.2971,,9.9392
45.1003,-202.989,34.9397,,11.0125
45.1204,-179.937,36.8019,,11.9747
45.1404,-155.083,38.1277,,12.814
45.1604,-128.686,39.0564,,13.5269
45.1803,-101.001,39.6917,,14.1075
45.2003,-72.3043,40.1101,,14.5411
45.2203,-42.8906,40.381,,14.8353
45.2403,-13.044,40.5043,,14.9786
45.2604,16.9318,40.52,,14.9729
45.2804,46.7385,40.4147,,14.8171
45.3003,76.0775,40.2097,,14.5126
45.3203,104.655,39.91,,14.0654
45.3403,132.192,39.4948,,13.4758
45.3603,158.404,38.9721,,12.7522
45.3804,183.035,38.326,,11.9003
45.4004,205.836,37.5581,,10.9304
45.4203,226.584,36.6455,,9.85151
45.4403,245.061,35.5627,,8.67256
45.4603,261.096,34.2772,,7.41009
45.4803,274.516,32.7544,,6.06841
45.5004,285.199,30.8863,,4.67269
45.5204,293.028,28.5415,,3.22545
45.5403,297.932,25.4686,,1.74651
45.5603,299.859,21.205,,0.254296
45.5803,298.79,14.9314,,-1.24582
45.6003,294.74,6.05581,,-2.72909
45.6204,287.741,-4.24496,,-4.18942
45.6404,277.868,-13.6598,,-5.60535
45.6604,265.215,-21.2035,,-6.97062
45.6803,249.907,-26.9671,,-8.25826
45.7003,232.112,-31.2156,,-9.46508
45.7203,211.993,-34.2492,,-10.5797
45.7403,189.758,-36.4169,,-11.5874
45.7604,165.623,-37.9525,,-12.4807
45.7804,139.839,-39.0209,,-13.2468
45.8003,112.655,-39.7661,,-13.8811
45.8203,84.3446,-40.2706,,-14.3797
45.8403,55.193,-40.5992,,-14.7319
45.8603,25.4902,-40.7808,,-14.9364
45.8804,-4.46736,-40.8338,,-14.9933
45.9004,-34.3805,-40.7828,,-14.8993
45.9203,-63.9499,-40.6268,,-14.6576
45.9403,-92.8818,-40.3619,,-14.2691
45.9603,-120.885,-39.9962,,-13.7381
45.9803,-147.679,-39.5149,,-13.0681
46.0004,-173.001,-38.9227,,-12.2705
46.0204,-196.59,-38.2093,,-11.3474
46.0403,-218.215,-37.3559,,-10.314
46.0603,-237.663,-36.3501,,-9.17179
46.0803,-254.732,-35.1595,,-7.94323
46.1003,-269.257,-33.7319,,-6.63698
46.1204,-281.099,-32.0233,,-5.26128
46.1404,-290.125,-29.9026,,-3.83069
46.1604,-296.252,-27.1707,,-2.36486
46.1803,-299.423,-23.474,,-0.876295
46.2003,-299.599,-18.149,,0.624241
46.2203,-296.785,-10.3539,,2.11308
46.2403,-291.007,-0.36072,,3.58652
46.2604,-282.316,9.66535,,5.0253
46.2804,-270.804,18.0126,,6.40757
46.3003,-256.589,24.4917,,7.73055
46.3203,-239.803,29.3396,,8.97833
46.3403,-220.628,32.8473,,10.1246
46.3603,-199.25,35.3422,,11.1823
46.3804,-175.878,37.1066,,12.1247
46.4004,-150.749,38.3536,,12.9428
46.4203,-124.113,39.2254,,13.6347
46.4403,-96.2382,39.8195,,14.189
46.4603,-67.4027,40.2186,,14.6025
46.4803,-37.8931,40.4542,,14.8698
46.5004,-8.00485,40.5566,,14.988
46.5204,21.9636,40.5536,,14.9573
46.5403,51.7127,40.4362,,14.7766
46.5603,80.9447,40.2182,,14.4469
46.5803,109.368,39.8876,,13.9762
46.6003,136.698,39.4539,,13.3621
46.6204,162.661,38.9152,,12.6165
46.6404,187,38.2501,,11.7458
46.6604,209.474,37.456,,10.7576
46.6803,229.854,36.5197,,9.65933
46.7003,247.931,35.4024,,8.46455
46.7203,263.536,34.0811,,7.18998
46.7403,276.508,32.5028,,5.84129
46.7604,286.717,30.5677,,4.42951
46.7804,294.06,28.1185,,2.97871
46.8003,298.464,24.8855,,1.49627
46.8203,299.889,20.3362,,1.60E-03
46.8403,298.319,13.6364,,-1.49486
46.8603,293.766,4.37447,,-2.9812
46.8804,286.279,-5.94507,,-4.4278
46.9004,275.927,-15.0856,,-5.8425
46.9203,262.821,-22.3235,,-7.18712
46.9403,247.087,-27.8069,,-8.46825
46.9603,228.882,-31.8394,,-9.66011
46.9803,208.397,-34.7236,,-10.7568
47.0004,185.824,-36.759,,-11.7463
47.0204,161.397,-38.1953,,-12.6178
47.0403,135.356,-39.2103,,-13.3641
47.0603,107.966,-39.9194,,-13.9745
47.0803,79.4947,-40.3845,,-14.4484
47.1003,50.2297,-40.6789,,-14.7757
47.1204,20.463,-40.8434,,-14.9573
47.1404,-9.50842,-40.8809,,-14.9882
47.1604,-39.3847,-40.8067,,-14.8691
47.1803,-68.8676,-40.6352,,-14.6025
47.2003,-97.6609,-40.3545,,-14.189
47.2203,-125.482,-39.9655,,-13.6344
47.2403,-152.045,-39.4656,,-12.9426
47.2604,-177.093,-38.8554,,-12.1249
47.2804,-200.371,-38.1225,,-11.1796
47.3003,-221.644,-37.2376,,-10.1319
47.3203,-240.704,-36.2009,,-8.97226
47.3403,-257.36,-34.9735,,-7.72891
47.3603,-271.445,-33.5139,,-6.40798
47.3804,-282.808,-31.7358,,-5.0211
47.4004,-291.358,-29.527,,-3.58834
47.4203,-296.996,-26.6644,,-2.11873
47.4403,-299.661,-22.7495,,-0.621498
47.4603,-299.337,-17.0522,,0.874247
47.4803,-296.018,-8.80071,,2.36481
47.5004,-289.747,1.38073,,3.83146
47.5204,-280.571,11.2086,,5.26272
47.5403,-268.596,19.2538,,6.63262
47.5603,-253.94,25.4438,,7.94645
47.5803,-236.74,30.0436,,9.17798
47.6003,-217.182,33.3718,,10.3085
47.6204,-195.452,35.7347,,11.3517
47.6404,-171.764,37.393,,12.2682
47.6604,-146.367,38.5596,,13.0694
47.6803,-119.504,39.3848,,13.738
47.7003,-91.4489,39.9485,,14.2682
47.7203,-62.4787,40.3136,,14.6577
47.7403,-32.8853,40.5249,,14.8992
47.7604,-2.96313,40.6105,,14.9934
47.7804,26.9892,40.583,,14.9369
47.8003,56.6721,40.4432,,14.7311
47.8203,85.7877,40.2118,,14.3785
47.8403,114.046,39.8629,,13.8825
47.8603,141.167,39.4196,,13.2464
47.8804,166.877,38.8522,,12.4797
47.9004,190.917,38.1633,,11.5871
47.9203,213.053,37.3474,,10.581
47.9403,233.06,36.3776,,9.46267
47.9603,250.73,35.2388,,8.255
47.9803,265.906,33.8745,,6.97104
48.0004,278.421,32.2391,,5.60555
48.0204,288.153,30.2356,,4.18841
48.0403,295.008,27.6736,,2.73282
48.0603,298.914,24.2663,,1.24439
48.0803,299.835,19.4137,,-0.250688
48.1003,297.759,12.2605,,-1.74683
48.1204,292.71,2.65272,,-3.22521
48.1404,284.74,-7.60322,,-4.66928
48.1604,273.914,-16.4508,,-6.07312
48.1803,260.352,-23.3949,,-7.4109
48.2003,244.194,-28.6201,,-8.67181
48.2203,225.592,-32.4321,,-9.85381
48.2403,204.739,-35.1561,,-10.9316
48.2604,181.84,-37.0893,,-11.8987
48.2804,157.126,-38.44,,-12.7527
48.3003,130.839,-39.3885,,-13.4769
48.3203,103.245,-40.0539,,-14.0644
48.3403,74.6217,-40.4942,,-14.5133
48.3603,45.2515,-40.762,,-14.817
48.3804,15.4292,-40.9001,,-14.9726
48.4004,-14.5468,-40.9222,,-14.9784
48.4203,-44.3786,-40.8311,,-14.8362
48.4403,-73.7669,-40.6338,,-14.542
48.4603,-102.416,-40.3375,,-14.1048
48.4803,-130.042,-39.9405,,-13.5274
48.5004,-156.369,-39.4216,,-12.8145
48.5204,-181.138,-38.7795,,-11.9745
48.5403,-204.093,-38.0181,,-11.0108
48.5603,-225.008,-37.1238,,-9.94027
48.5803,-243.678,-36.0551,,-8.77218
48.6003,-259.913,-34.7834,,-7.51213
48.6204,-273.548,-33.2738,,-6.1774
48.6404,-284.445,-31.4383,,-4.78442
48.6604,-292.51,-29.138,,-3.34403
48.6803,-297.653,-26.1317,,-1.86612
48.7003,-299.816,-21.9727,,-0.37259
48.7203,-298.986,-15.8776,,1.12848
48.7403,-295.172,-7.17813,,2.61094
48.7604,-288.402,3.12633,,4.07839
48.7804,-278.753,12.7059,,5.49269
48.8003,-266.319,20.4399,,6.86142
48.8203,-251.22,26.3602,,8.1576
48.8403,-233.616,30.7267,,9.37399
48.8603,-213.675,33.8652,,10.4953
48.8804,-191.598,36.1017,,11.5116
48.9004,-167.608,37.6716,,12.4127
48.9203,-141.946,38.7717,,13.1896
48.9403,-114.865,39.5341,,13.8373
48.9603,-86.6349,40.0637,,14.3431
48.9803,-57.5394,40.4067,,14.7101
49.0004,-27.869,40.5925,,14.9253
49.0204,2.07934,40.653,,14.9948
49.0403,32.007,40.6123,,14.9126
49.0603,61.6154,40.4649,,14.683
49.0803,90.6095,40.2059,,14.305
49.1003,118.695,39.8406,,13.7831
49.1204,145.595,39.3672,,13.1286
49.1404,171.041,38.7917,,12.3368
49.1604,194.78,38.0876,,11.4275
49.1803,216.569,37.2413,,10.3909
49.2003,236.192,36.2443,,9.27458
49.2203,253.464,35.0589,,8.04678
49.2403,268.201,33.6598,,6.7397
49.2604,280.256,31.9795,,5.37456
49.2804,289.512,29.8853,,3.9466
49.3003,295.87,27.2012,,2.48018
49.3203,299.279,23.6017,,0.998786
49.3403,299.699,18.4279,,-0.505211
49.3603,297.118,10.8173,,-1.99786
49.3804,291.571,0.894806,,-3.46985
49.4004,283.116,-9.23461,,-4.91121
49.4203,271.821,-17.7596,,-6.30167
49.4403,257.813,-24.4061,,-7.62603
49.4603,241.235,-29.3963,,-8.87888
49.4803,222.239,-33.0065,,-10.0414
49.5004,201.028,-35.5732,,-11.1016
49.5204,177.801,-37.3914,,-12.0526
49.5403,152.809,-38.6708,,-12.8832
49.5603,126.285,-39.5698,,-13.5823
49.5803,98.4974,-40.184,,-14.1529
49.6003,69.7259,-40.5902,,-14.5737
49.6204,40.2606,-40.8416,,-14.8544
49.6404,10.3914,-40.9554,,-14.9839
49.6604,-19.5813,-40.9544,,-14.9648
49.6803,-49.3587,-40.8514,,-14.7965
49.7003,-78.6424,-40.6397,,-14.4785
49.7203,-107.14,-40.3139,,-14.0191
49.7403,-134.569,-39.8948,,-13.4161
49.7604,-160.651,-39.3664,,-12.6822
49.7804,-185.13,-38.708,,-11.819
49.8003,-207.756,-37.9206,,-10.8398
49.8203,-228.307,-36.9907,,-9.74885
49.8403,-246.584,-35.903,,-8.56857
49.8603,-262.39,-34.5944,,-7.28873
49.8804,-275.574,-33.0263,,-5.94947
49.9004,-286.005,-31.1232,,-4.54643
49.9203,-293.583,-28.726,,-3.09652
49.9403,-298.225,-25.5591,,-1.61524
49.9603,-299.888,-21.1308,,-0.119167
49.9803,-298.55,-14.6245,,1.37622
50.0004,-294.239,-5.50816,,2.86138
50.0204,-286.98,4.85079,,4.3189
50.0403,-276.854,14.1596,,5.72856
50.0603,-263.964,21.5764,,7.08282
50.0803,-248.432,27.2314,,8.36866
50.1003,-230.422,31.3821,,9.56992
50.1204,-210.105,34.3448,,10.6736
50.1404,-187.692,36.4435,,11.6711
50.1604,-163.405,37.9319,,12.5525
50.1803,-137.482,38.9733,,13.3094
50.2003,-110.19,39.6818,,13.9308
50.2203,-81.7946,40.1785,,14.4163
50.2403,-52.5818,40.496,,14.7546
50.2604,-22.8452,40.6582,,14.9485
50.2804,7.12138,40.6982,,14.991
50.3003,37.0163,40.6363,,14.8845
50.3203,66.5415,40.4748,,14.6293
50.3403,95.4019,40.201,,14.2274
50.3603,123.308,39.8093,,13.684
50.3804,149.984,39.3233,,13.0027
50.4004,175.159,38.7256,,12.1912
50.4203,198.585,38.0003,,11.2608
50.4403,220.025,37.13,,10.2158
50.4603,239.273,36.093,,9.072
50.4803,256.125,34.8834,,7.83039
50.5004,270.421,33.4471,,6.51679
50.5204,282.011,31.6928,,5.13314
50.5403,290.783,29.5117,,3.70268
50.5603,296.65,26.7152,,2.23362
50.5803,299.557,22.9022,,0.745493
50.6003,299.471,17.3547,,-0.755241
50.6204,296.391,9.28365,,-2.24793
50.6404,290.352,-0.850266,,-3.71446
50.6604,281.407,-10.8053,,-5.14988
50.6803,269.654,-19.0358,,-6.52793
50.7003,255.202,-25.3897,,-7.84193
50.7203,238.207,-30.1246,,-9.07854
50.7403,218.826,-33.5394,,-10.23
50.7604,197.259,-35.9695,,-11.269
50.7804,173.718,-37.69,,-12.2033
50.8003,148.445,-38.8865,,-13.0075
50.8203,121.693,-39.7297,,-13.6897
50.8403,93.7227,-40.3078,,-14.2302
50.8603,64.8151,-40.6941,,-14.6336
50.8804,35.2581,-40.9142,,-14.8861
50.9004,5.35077,-41.0081,,-14.991
50.9203,-24.61,-40.9935,,-14.9472
50.9403,-54.324,-40.8664,,-14.7527
50.9603,-83.4963,-40.6345,,-14.4127
50.9803,-111.836,-40.3046,,-13.9275
51.0004,-139.057,-39.8647,,-13.3014
51.0204,-164.886,-39.3063,,-12.5446
51.0403,-189.069,-38.6236,,-11.6624
51.0603,-211.363,-37.8224,,-10.6649
51.0803,-231.547,-36.8683,,-9.55793
51.1003,-249.415,-35.7324,,-8.35479
51.1204,-264.791,-34.383,,-7.07161
51.1404,-277.522,-32.7701,,-5.71622
51.1604,-287.479,-30.8024,,-4.30414
51.1803,-294.569,-28.2909,,-2.84942
51.2003,-298.71,-24.953,,-1.36468
51.2203,-299.871,-20.2292,,0.130877
51.2403,-298.037,-13.2891,,1.62662
51.2604,-293.221,-3.80396,,3.11124
51.2804,-285.473,6.538,,4.55612
51.3003,-274.879,15.5649,,5.95977
51.3203,-261.533,22.6744,,7.30786
51.3403,-245.573,28.056,,8.5782
51.3603,-227.162,31.9894,,9.76021
51.3804,-206.48,34.794,,10.8478
51.4004,-183.735,36.7774,,11.827
51.4203,-159.154,38.1762,,12.6917
51.4403,-132.984,39.1553,,13.4214
51.4603,-105.484,39.828,,14.0231
51.4803,-76.9328,40.2843,,14.483
51.5004,-47.6114,40.5746,,14.7984
51.5204,-17.814,40.7169,,14.966
51.5403,12.1611,40.741,,14.9835
51.5603,42.0142,40.6643,,14.8507
51.5803,71.4465,40.4788,,14.5721
51.6003,100.167,40.183,,14.147
51.6204,127.888,39.785,,13.5776
51.6404,154.328,39.2783,,12.8759
51.6604,179.232,38.6562,,12.0469
51.6803,202.337,37.9016,,11.0902
51.7003,223.424,37.0071,,10.0299
51.7203,242.277,35.9465,,8.86608
51.7403,258.712,34.7039,,7.61707
51.7604,272.562,33.2121,,6.28935
51.7804,283.692,31.3973,,4.89757
51.8003,291.978,29.133,,3.45682
51.8203,297.35,26.1899,,1.98485
51.8403,299.754,22.1374,,0.490729
51.8603,299.161,16.2146,,-1.00794
51.8804,295.58,7.69942,,-2.49443
51.9004,289.05,-2.60055,,-3.9586
51.9203,279.627,-12.3501,,-5.38376
51.9403,267.407,-20.254,,-6.75742
51.9603,252.519,-26.3156,,-8.05603
51.9803,235.106,-30.8202,,-9.28089
52.0004,215.344,-34.0536,,-10.4091
52.0204,193.43,-36.351,,-11.4329
52.0403,169.586,-37.9598,,-12.3469
52.0603,144.045,-39.0955,,-13.134
52.0803,117.067,-39.8923,,-13.7886
52.1003,88.9183,-40.4329,,-14.3114
52.1204,59.8804,-40.7819,,-14.6835
52.1404,30.2462,-40.9764,,-14.9146
52.1604,0.308608,-41.0571,,-14.9944
52.1803,-29.6318,-41.0272,,-14.9248
52.2003,-59.276,-40.8786,,-14.7056
52.2203,-88.3273,-40.6308,,-14.3399
52.2403,-116.497,-40.2781,,-13.8314
52.2604,-143.502,-39.8181,,-13.1843
52.2804,-169.074,-39.2456,,-12.4055
52.3003,-192.957,-38.5416,,-11.5022
52.3203,-214.914,-37.7088,,-10.4859
52.3403,-234.719,-36.7239,,-9.36149
52.3603,-252.18,-35.566,,-8.14597
52.3804,-267.122,-34.1797,,-6.84918
52.4004,-279.396,-32.5074,,-5.48214
52.4203,-288.878,-30.4496,,-4.06288
52.4403,-295.474,-27.8275,,-2.59887
52.4603,-299.114,-24.3101,,-1.11534
52.4803,-299.776,-19.2756,,0.38268
52.5004,-297.432,-11.8628,,1.87999
52.5204,-292.123,-2.05403,,3.35622
52.5403,-283.893,8.18376,,4.79617
52.5603,-272.825,16.9113,,6.19239
52.5803,-259.026,23.7265,,7.52408
52.6003,-242.643,28.8533,,8.78555
52.6204,-223.834,32.5754,,9.94908
52.6404,-202.792,35.2207,,11.0227
52.6604,-179.723,37.0957,,11.9793
52.6803,-154.857,38.4073,,12.8215
52.7003,-128.446,39.3309,,13.5328
52.7203,-100.75,39.9709,,14.1106
52.7403,-72.0491,40.3927,,14.5469
52.7604,-42.6254,40.6492,,14.8365
52.7804,-12.7782,40.7743,,14.9791
52.8003,17.1974,40.7854,,14.9718
52.8203,47.0003,40.6864,,14.8146
52.8403,76.3352,40.4716,,14.5104
52.8603,104.905,40.171,,14.0604
52.8804,132.429,39.7607,,13.469
52.9004,158.63,39.2191,,12.7471
52.9203,183.244,38.5744,,11.8902
52.9403,206.031,37.8041,,10.9238
52.9603,226.758,36.886,,9.83967
52.9803,245.213,35.7922,,8.66016
53.0004,261.222,34.503,,7.3989
53.0204,274.623,32.9697,,6.05726
53.0403,285.279,31.09,,4.6617
53.0603,293.088,28.7267,,3.21239
53.0803,297.962,25.6373,,1.72956
53.1003,299.861,21.3234,,0.244524
53.1204,298.772,14.9882,,-1.25878
53.1404,294.69,6.04719,,-2.74364
53.1604,287.666,-4.3373,,-4.20427
53.1803,277.763,-13.8294,,-5.61873
53.2003,265.085,-21.4198,,-6.97813
53.2203,249.764,-27.2094,,-8.27029
53.2403,231.937,-31.4831,,-9.47818
53.2604,211.803,-34.5426,,-10.5872
53.2804,189.55,-36.6989,,-11.5952
53.3003,165.404,-38.2195,,-12.4874
53.3203,139.602,-39.3027,,-13.2538
53.3403,112.406,-40.0427,,-13.8874
53.3603,84.0923,-40.5427,,-14.3797
53.3804,54.933,-40.8652,,-14.7364
53.4004,25.2252,-41.047,,-14.9375
53.4203,-4.73362,-41.1069,,-14.9937
53.4403,-34.645,-41.0455,,-14.8978
53.4603,-64.2102,-40.8882,,-14.6548
53.4803,-93.1348,-40.6259,,-14.2651
53.5004,-121.127,-40.2494,,-13.7307
53.5204,-147.909,-39.7732,,-13.0627
53.5403,-173.214,-39.1705,,-12.2619
53.5603,-196.79,-38.4598,,-11.3391
53.5803,-218.4,-37.6043,,-10.3056
53.6003,-237.825,-36.5796,,-9.16226
53.6204,-254.874,-35.3825,,-7.93188
53.6404,-269.376,-33.9589,,-6.62374
53.6604,-281.189,-32.2391,,-5.24766
53.6803,-290.19,-30.0893,,-3.81757
53.7003,-296.292,-27.3435,,-2.35372
53.7203,-299.435,-23.6242,,-0.860909
53.7403,-299.587,-18.2422,,0.635583
53.7604,-296.745,-10.3688,,2.12795
53.7804,-290.941,-0.292741,,3.59711
53.8003,-282.232,9.78967,,5.03606
53.8203,-270.691,18.2074,,6.42227
53.8403,-256.451,24.7326,,7.74341
53.8603,-239.643,29.5988,,8.98682
53.8804,-220.448,33.1246,,10.1364
53.9004,-199.05,35.6331,,11.1907
53.9203,-175.66,37.3981,,12.132
53.9403,-150.517,38.6324,,12.9495
53.9603,-123.871,39.498,,13.6388
53.9803,-95.9864,40.0999,,14.1966
54.0004,-67.1416,40.4935,,14.6036
54.0204,-37.6282,40.7196,,14.8714
54.0403,-7.73832,40.8251,,14.9884
54.0603,22.2291,40.8249,,14.9558
54.0803,51.9744,40.7043,,14.7742
54.1003,81.2012,40.4726,,14.4445
54.1204,109.616,40.152,,13.9703
54.1404,136.935,39.7173,,13.3567
54.1604,162.885,39.1666,,12.6107
54.1803,187.21,38.4949,,11.7362
54.2003,209.663,37.6949,,10.7477
54.2203,230.028,36.7573,,9.64995
54.2403,248.082,35.6387,,8.45542
54.2604,263.664,34.3018,,7.17688
54.2804,276.613,32.71,,5.82291
54.3003,286.789,30.7708,,4.41951
54.3203,294.111,28.3047,,2.97088
54.3403,298.493,25.0447,,1.48167
54.3603,299.891,20.4546,,-0.0116365
54.3804,298.291,13.6925,,-1.51083
54.4004,293.711,4.34045,,-2.99207
54.4203,286.196,-6.05372,,-4.44524
54.4403,275.822,-15.2498,,-5.85006
54.4603,262.692,-22.5375,,-7.20067
54.4803,246.937,-28.067,,-8.47865
54.5004,228.711,-32.1111,,-9.67037
54.5204,208.203,-35.0035,,-10.7658
54.5403,185.616,-37.0446,,-11.755
54.5603,161.174,-38.4818,,-12.6234
54.5803,135.12,-39.4902,,-13.3702
54.6003,107.716,-40.1843,,-13.9812
54.6204,79.2359,-40.6571,,-14.4517
54.6404,49.9673,-40.9579,,-14.7772
54.6604,20.1973,-41.1108,,-14.9582
54.6803,-9.77475,-41.1475,,-14.9875
54.7003,-39.6487,-41.0751,,-14.8681
54.7203,-69.1276,-40.9004,,-14.5991
54.7403,-97.9141,-40.6145,,-14.1851
54.7604,-125.723,-40.2185,,-13.6284
54.7804,-152.275,-39.7266,,-12.9366
54.8003,-177.306,-39.1097,,-12.1143
54.8203,-200.565,-38.3662,,-11.1736
54.8403,-221.826,-37.4792,,-10.1202
54.8603,-240.865,-36.4367,,-8.9616
54.8804,-257.494,-35.2058,,-7.7159
54.9004,-271.553,-33.722,,-6.39746
54.9203,-282.903,-31.9449,,-5.01162
54.9403,-291.423,-29.7177,,-3.5745
54.9603,-297.03,-26.8411,,-2.10229
54.9803,-299.672,-22.8879,,-0.611655
55.0004,-299.32,-17.1332,,0.888884
55.0204,-295.977,-8.80381,,2.37796
55.0403,-289.677,1.46539,,3.84253
55.0603,-280.484,11.3555,,5.27182
55.0803,-268.481,19.4463,,6.65139
55.1003,-253.796,25.6853,,7.95711
55.1204,-236.577,30.3224,,9.18689
55.1404,-217,33.6519,,10.3185
55.1604,-195.25,36.0158,,11.3591
55.1803,-171.548,37.6767,,12.279
55.2003,-146.133,38.8441,,13.0741
55.2203,-119.261,39.6557,,13.7428
55.2403,-91.1954,40.2206,,14.273
55.2604,-62.2189,40.586,,14.6601
55.2804,-32.6208,40.7875,,14.9015
55.3003,-2.69682,40.8705,,14.9933
55.3203,27.2546,40.8511,,14.936
55.3403,56.9327,40.7228,,14.729
55.3603,86.0437,40.4661,,14.3745
55.3804,114.294,40.1173,,13.8769
55.4004,141.401,39.675,,13.2399
55.4203,167.095,39.1126,,12.471
55.4403,191.122,38.4078,,11.5808
55.4603,213.241,37.5851,,10.5685
55.4803,233.224,36.6217,,9.45556
55.5004,250.878,35.4714,,8.24753
55.5204,266.029,34.0941,,6.95306
55.5403,278.518,32.4488,,5.59105
55.5603,288.223,30.4335,,4.17918
55.5803,295.054,27.8543,,2.71886
55.6003,298.936,24.4165,,1.23433
55.6204,299.832,19.5213,,-0.265636
55.6404,297.73,12.3046,,-1.76076
55.6604,292.652,2.59446,,-3.23754
55.6803,284.647,-7.73018,,-4.68563
55.7003,273.802,-16.622,,-6.0831
55.7203,260.222,-23.6146,,-7.42187
55.7403,244.038,-28.8868,,-8.68147
55.7604,225.419,-32.7205,,-9.863
55.7804,204.546,-35.4438,,-10.9424
55.8003,181.629,-37.3584,,-11.9052
55.8203,156.899,-38.7194,,-12.7625
55.8403,130.598,-39.6788,,-13.4803
55.8603,102.996,-40.3298,,-14.0691
55.8804,74.3638,-40.7582,,-14.5177
55.9004,44.9872,-41.0272,,-14.8187
55.9203,15.1637,-41.1755,,-14.9735
55.9403,-14.8129,-41.1864,,-14.9778
55.9603,-44.6408,-41.091,,-14.8331
55.9803,-74.024,-40.9026,,-14.5396
56.0004,-102.666,-40.6037,,-14.1008
56.0204,-130.283,-40.1873,,-13.5227
56.0403,-156.599,-39.67,,-12.8062
56.0603,-181.349,-39.0386,,-11.9657
56.0803,-204.288,-38.2734,,-11.0032
56.1003,-225.18,-37.3558,,-9.92799
56.1204,-243.829,-36.2893,,-8.76036
56.1404,-260.04,-35.0115,,-7.50128
56.1604,-273.655,-33.4917,,-6.16704
56.1803,-284.536,-31.6444,,-4.77218
56.2003,-292.57,-29.324,,-3.33106
56.2203,-297.681,-26.2986,,-1.85202
56.2403,-299.825,-22.0959,,-0.360259
56.2604,-298.966,-15.9513,,1.14053
56.2804,-295.12,-7.16849,,2.62713
56.3003,-288.333,3.21537,,4.08388
56.3203,-278.656,12.8629,,5.51187
56.3403,-266.196,20.6479,,6.87139
56.3603,-251.077,26.6089,,8.17086
56.3804,-233.448,31.0028,,9.38291
56.4004,-213.487,34.1459,,10.5049
56.4203,-191.393,36.3772,,11.5193
56.4403,-167.391,37.9465,,12.421
56.4603,-141.711,39.0529,,13.1965
56.4803,-114.618,39.8149,,13.8417
56.5004,-86.3801,40.3295,,14.3471
56.5204,-57.2785,40.6699,,14.7124
56.5403,-27.6037,40.8604,,14.9274
56.5603,2.34594,40.9236,,14.9941
56.5803,32.272,40.8715,,14.9118
56.6003,61.8754,40.7166,,14.6787
56.6204,90.8606,40.4711,,14.3014
56.6404,118.94,40.1014,,13.7795
56.6604,145.828,39.6183,,13.121
56.6803,171.26,39.0335,,12.3297
56.7003,194.984,38.3294,,11.4189
56.7203,216.754,37.4886,,10.3855
56.7403,236.358,36.4728,,9.26001
56.7604,253.607,35.2883,,8.03294
56.7804,268.319,33.8807,,6.7328
56.8003,280.348,32.1826,,5.35567
56.8203,289.578,30.0752,,3.9383
56.8403,295.917,27.3759,,2.4677
56.8603,299.298,23.7483,,0.98262
56.8804,299.688,18.5228,,-0.51557
56.9004,297.084,10.8381,,-2.01095
56.9203,291.511,0.834192,,-3.48374
56.9403,283.024,-9.37328,,-4.92335
56.9603,271.708,-17.9582,,-6.31538
56.9803,257.677,-24.6374,,-7.63637
57.0004,241.079,-29.6609,,-8.88681
57.0204,222.064,-33.2912,,-10.055
57.0403,200.829,-35.8623,,-11.1117
57.0603,177.588,-37.6692,,-12.0598
57.0803,152.579,-38.9485,,-12.8892
57.1003,126.042,-39.8468,,-13.5896
57.1204,98.2471,-40.4636,,-14.1534
57.1404,69.4686,-40.8653,,-14.5802
57.1604,39.9963,-41.1029,,-14.855
57.1803,10.1255,-41.2244,,-14.9845
57.2003,-19.847,-41.2289,,-14.964
57.2203,-49.6207,-41.1187,,-14.7937
57.2403,-78.8996,-40.8896,,-14.4769
57.2604,-107.39,-40.5779,,-14.013
57.2804,-134.805,-40.1677,,-13.4093
57.3003,-160.877,-39.6222,,-12.6748
57.3203,-185.339,-38.9512,,-11.8131
57.3403,-207.95,-38.1664,,-10.8288
57.3603,-228.482,-37.2362,,-9.74082
57.3804,-246.736,-36.1325,,-8.55348
57.4004,-262.518,-34.8159,,-7.28218
57.4203,-275.679,-33.2428,,-5.93739
57.4403,-286.092,-31.3185,,-4.532
57.4603,-293.635,-28.9108,,-3.08037
57.4803,-298.249,-25.7286,,-1.60413
57.5004,-299.887,-21.2547,,-0.10564
57.5204,-298.526,-14.6749,,1.39088
57.5403,-294.184,-5.48584,,2.87196
57.5603,-286.904,4.94258,,4.32963
57.5803,-276.752,14.332,,5.74285
57.6003,-263.837,21.7996,,7.09578
57.6204,-248.283,27.476,,8.37997
57.6404,-230.25,31.6492,,9.57965
57.6604,-209.914,34.631,,10.6834
57.6803,-187.485,36.7289,,11.6774
57.7003,-163.183,38.2014,,12.5616
57.7203,-137.247,39.2438,,13.3138
57.7403,-109.942,39.9617,,13.9374
57.7604,-81.5385,40.4498,,14.4186
57.7804,-52.3206,40.7579,,14.7581
57.8003,-22.5792,40.9213,,14.9493
57.8203,7.38767,40.9674,,14.9908
57.8403,37.2805,40.9074,,14.8826
57.8603,66.8007,40.7253,,14.6261
57.8804,95.6528,40.4527,,14.2218
57.9004,123.55,40.0753,,13.6787
57.9203,150.213,39.5846,,12.9965
57.9403,175.376,38.9646,,12.1871
57.9603,198.784,38.2341,,11.2488
57.9803,220.205,37.3724,,10.2063
58.0004,239.43,36.3329,,9.05888
58.0204,256.262,35.106,,7.82027
58.0403,270.532,33.6599,,6.50596
58.0603,282.099,31.9017,,5.12175
58.0803,290.85,29.706,,3.69086
58.1003,296.69,26.8827,,2.22079
58.1204,299.573,23.0331,,0.731506
58.1404,299.457,17.4446,,-0.770024
58.1604,296.353,9.29124,,-2.25908
58.1803,290.284,-0.930331,,-3.72805
58.2003,281.322,-10.9526,,-5.16112
58.2203,269.536,-19.23,,-6.54057
58.2403,255.063,-25.6339,,-7.85675
58.2604,238.039,-30.3952,,-9.09047
58.2804,218.641,-33.8241,,-10.2373
58.3003,197.056,-36.2529,,-11.2763
58.3203,173.505,-37.9667,,-12.2086
58.3403,148.218,-39.1696,,-13.0188
58.3603,121.447,-40.0049,,-13.6943
58.3804,93.4678,-40.5828,,-14.2368
58.4004,64.5522,-40.9618,,-14.6334
58.4203,34.9941,-41.1811,,-14.8879
58.4403,5.08433,-41.2755,,-14.9913
58.4603,-24.8754,-41.2556,,-14.9456
58.4803,-54.5872,-41.1291,,-14.7506
58.5004,-83.7513,-40.9013,,-14.4077
58.5204,-112.082,-40.5611,,-13.923
58.5403,-139.29,-40.1111,,-13.2958
58.5603,-165.109,-39.5612,,-12.5391
58.5803,-189.279,-38.8841,,-11.6531
58.6003,-211.553,-38.0617,,-10.6542
58.6204,-231.718,-37.0947,,-9.54774
58.6404,-249.563,-35.965,,-8.34503
58.6604,-264.923,-34.6145,,-7.06236
58.6803,-277.625,-32.9877,,-5.70307
58.7003,-287.561,-30.9912,,-4.29171
58.7203,-294.62,-28.4721,,-2.83497
58.7403,-298.735,-25.1147,,-1.35083
58.7604,-299.87,-20.3443,,0.143525
58.7804,-298.006,-13.3307,,1.64351
58.8003,-293.164,-3.75991,,3.12084
58.8203,-285.392,6.6529,,4.57094
58.8403,-274.772,15.74,,5.97303
58.8603,-261.402,22.8974,,7.31748
58.8804,-245.419,28.3169,,8.58806
58.9004,-226.988,32.2641,,9.77241
58.9203,-206.282,35.0799,,10.859
58.9403,-183.521,37.0572,,11.8337
58.9603,-158.929,38.4486,,12.6961
58.9803,-132.746,39.4254,,13.4291
59.0004,-105.236,40.1039,,14.0274
59.0204,-76.6734,40.5601,,14.4874
59.0403,-47.3475,40.8326,,14.8
59.0603,-17.5476,40.9739,,14.966
59.0803,12.4273,41.0046,,14.9831
59.1003,42.2784,40.9299,,14.8498
59.1204,71.707,40.7355,,14.569
59.1404,100.419,40.4359,,14.1413
59.1604,128.129,40.0399,,13.5716
59.1803,154.555,39.5314,,12.87
59.2003,179.442,38.8963,,12.0359
59.2203,202.529,38.1396,,11.083
59.2403,223.603,37.2433,,10.0224
59.2604,242.434,36.193,,8.85474
59.2804,258.848,34.9257,,7.60379
59.3003,272.669,33.4173,,6.27543
59.3203,283.772,31.598,,4.88703
59.3403,292.037,29.3231,,3.44219
59.3603,297.381,26.3538,,1.97192
59.3804,299.758,22.2655,,0.478475
59.4004,299.142,16.2884,,-1.01926
59.4203,295.536,7.68686,,-2.50845
59.4403,288.979,-2.69426,,-3.97083
59.4603,279.531,-12.4995,,-5.39852
59.4803,267.288,-20.458,,-6.76635
59.5004,252.376,-26.5753,,-8.06881
59.5204,234.937,-31.0944,,-9.29269
59.5403,215.155,-34.3325,,-10.4179
59.5603,193.228,-36.623,,-11.4385
59.5803,169.369,-38.248,,-12.3555
59.6003,143.813,-39.3841,,-13.1416
59.6204,116.821,-40.1569,,-13.7948
59.6404,88.6645,-40.6962,,-14.3119
59.6604,59.62,-41.0573,,-14.6891
59.6803,29.9809,-41.257,,-14.9152
59.7003,0.0422488,-41.3164,,-14.9945
59.7203,-29.8965,-41.2781,,-14.9232
59.7403,-59.5364,-41.1491,,-14.7031
59.7604,-88.5826,-40.9043,,-14.3375
59.7804,-116.745,-40.5344,,-13.8259
59.8003,-143.736,-40.0614,,-13.1764
59.8203,-169.293,-39.4964,,-12.3983
59.8403,-193.159,-38.803,,-11.4928
59.8603,-215.097,-37.9566,,-10.4778
59.8804,-234.886,-36.9536,,-9.35028
59.9004,-252.324,-35.7904,,-8.13433
59.9203,-267.243,-34.4015,,-6.8383
59.9403,-279.489,-32.7184,,-5.46441
59.9603,-288.946,-30.6457,,-4.05647
59.9803,-295.522,-28.0084,,-2.58717
60.0004,-298.19,-22.3058,,0.48964