0.0203838,27.552,53.0413,,24.2592
0.0402813,80.4552,73.604,,26.1707
0.0603008,130.843,69.7234,,24.295
0.0803203,176.966,65.3559,,21.8218
0.10034,217.375,61.1725,,18.6347
0.120359,250.752,56.984,,14.8453
0.140379,276.034,52.3555,,10.5797
0.160276,292.393,46.4795,,5.96807
0.180296,299.31,37.548,,1.16734
0.200315,296.556,21.1676,,-3.67191
0.220335,284.218,-3.18962,,-8.39701
0.240354,262.697,-25.1894,,-12.846
0.260374,232.678,-40.6509,,-16.8856
0.280394,195.144,-50.0782,,-20.3779
0.300291,151.301,-55.1395,,-23.206
0.320311,102.575,-57.6236,,-25.2855
0.34033,50.5352,-58.6068,,-26.5516
0.36035,-3.13798,-58.613,,-26.9575
0.380369,-56.709,-57.9015,,-26.493
0.400389,-108.448,-56.6638,,-25.173
0.420286,-156.683,-54.9971,,-23.0393
0.440306,-199.853,-52.9258,,-20.1608
0.460325,-236.569,-50.3537,,-16.6316
0.480345,-265.638,-47.1002,,-12.5623
0.500364,-286.125,-42.7665,,-8.09295
0.520384,-297.37,-36.3525,,-3.35673
0.540281,-299.005,-25.0596,,1.48701
0.560301,-290.98,-5.2553,,6.27637
0.58032,-273.553,16.6002,,10.875
0.60034,-247.278,32.7244,,15.1168
0.620359,-213.016,42.896,,18.8666
0.640379,-171.869,48.5807,,22.0114
0.660276,-125.17,51.4974,,24.4421
0.680296,-74.4296,52.8503,,26.0815
0.700315,-21.284,53.2839,,26.8812
0.720335,32.5494,53.1081,,26.8111
0.740354,85.3307,52.4397,,25.8759
0.760374,135.355,51.3515,,24.1025
0.780394,181.005,49.8157,,21.5502
0.800291,220.805,47.7934,,18.3072
0.820311,253.474,45.1642,,14.4664
0.84033,277.951,41.6477,,10.1592
0.86035,293.445,36.6456,,5.52458
0.880369,299.462,28.4539,,0.715464
0.900389,295.804,13.2405,,-4.12035
0.920286,282.589,-8.09745,,-8.82658
0.940306,260.237,-25.953,,-13.2458
0.960325,229.471,-37.6909,,-17.2352
0.980345,191.294,-44.5505,,-20.6712
1.00036,146.933,-48.2579,,-23.4322
1.02038,97.8296,-50.1585,,-25.4399
1.04028,45.5631,-51.0105,,-26.6269
1.0603,-8.17346,-51.1742,,-26.9504
1.08032,-61.6464,-50.8276,,-26.406
1.10034,-113.127,-50.0414,,-25.0063
1.12036,-160.952,-48.8288,,-22.8001
1.14038,-203.581,-47.1487,,-19.8584
1.16028,-239.623,-44.9191,,-16.2678
1.1803,-267.926,-41.9635,,-12.1644
1.20032,-287.576,-37.8688,,-7.65873
1.22034,-297.931,-31.6128,,-2.90753
1.24035,-298.664,-20.4147,,1.93786
1.26037,-289.745,-1.40958,,6.72041
1.28039,-271.46,18.2579,,11.2857
1.30029,-244.402,32.0593,,15.4898
1.32031,-209.444,40.4818,,19.1889
1.34033,-167.72,45.1624,,22.2702
1.36035,-120.578,47.6424,,24.6277
1.38037,-69.5405,48.8737,,26.1953
1.40039,-16.2569,49.3273,,26.9104
1.42029,37.5511,49.2423,,26.7604
1.44031,90.1457,48.709,,25.7445
1.46033,139.83,47.7489,,23.8971
1.48034,184.991,46.3385,,21.2752
1.50036,224.179,44.4358,,17.9722
1.52038,256.122,41.909,,14.0793
1.54028,279.788,38.4773,,9.73913
1.5603,294.413,33.4944,,5.07994
1.58032,299.53,25.2114,,0.261456
1.60034,294.968,9.92585,,-4.56678
1.62036,280.876,-10.36,,-9.2543
1.64038,257.7,-26.4973,,-13.6407
1.66028,226.199,-36.7711,,-17.5819
1.6803,187.388,-42.7042,,-20.9557
1.70032,142.525,-45.933,,-23.6531
1.72034,93.0542,-47.6139,,-25.5869
1.74035,40.58,-48.3911,,-26.6935
1.76037,-13.207,-48.5642,,-26.9369
1.78039,-66.5667,-48.2553,,-26.3108
1.80029,-117.775,-47.5144,,-24.8334
1.82031,-165.178,-46.3597,,-22.5565
1.84033,-207.242,-44.7384,,-19.5455
1.86035,-242.609,-42.5659,,-15.9084
1.88037,-270.141,-39.6357,,-11.7563
1.90039,-288.944,-35.5283,,-7.22187
1.92029,-298.409,-29.1739,,-2.45573
1.94031,-298.236,-17.6763,,2.38732
1.96033,-288.425,1.16033,,7.16034
1.98034,-269.292,19.5773,,11.6947
2.00036,-241.455,32.0654,,15.86
2.02038,-205.811,39.534,,19.505
2.04028,-163.524,43.6884,,22.5201
2.0603,-115.951,45.9153,,24.8105
2.08032,-64.633,47.0311,,26.2964
2.10034,-11.226,47.4484,,26.9343
2.12036,42.5425,47.359,,26.7018
2.14038,94.9368,46.8401,,25.6069
2.16028,144.262,45.8985,,23.6831
2.1803,188.929,44.5148,,20.9973
2.20032,227.487,42.6233,,17.6278
2.22034,258.699,40.102,,13.6922
2.24035,281.549,36.6579,,9.31405
2.26037,295.299,31.5914,,4.63554
2.28039,299.514,23.0281,,-0.192626
2.30029,294.052,7.40529,,-5.01418
2.32031,279.087,-12.2031,,-9.67681
2.34033,255.097,-27.1602,,-14.0303
2.36035,222.865,-36.4908,,-17.9248
2.38037,183.432,-41.8222,,-21.2364
2.40039,138.076,-44.7324,,-23.8677
2.42029,88.2534,-46.2686,,-25.7259
2.44031,35.5842,-46.9815,,-26.7524
2.46033,-18.2363,-47.1128,,-26.9151
2.48034,-71.4676,-46.7953,,-26.2088
2.50036,-122.387,-46.0664,,-24.6524
2.52038,-169.355,-44.9101,,-22.3058
2.54028,-210.85,-43.2855,,-19.2303
2.5603,-245.527,-41.1007,,-15.5419
2.58032,-272.279,-38.1537,,-11.3447
2.60034,-290.23,-33.9818,,-6.7846
2.62036,-298.804,-27.4239,,-2.00662
2.64038,-297.724,-15.4822,,2.84211
2.66028,-287.022,3.33986,,7.59582
2.6803,-267.045,20.7782,,12.1019
2.70032,-238.438,32.303,,16.223
2.72034,-202.123,39.111,,19.8133
2.74035,-159.28,42.883,,22.7699
2.76037,-111.288,44.9236,,24.9823
2.78039,-59.7047,45.9363,,26.3926
2.80029,-6.1917,46.3086,,26.9492
2.82031,47.5215,46.2015,,26.6354
2.84033,99.6989,45.6627,,25.4612
2.86035,148.656,44.713,,23.4633
2.88037,192.808,43.3191,,20.7088
2.90039,230.731,41.4255,,17.281
2.92029,261.198,38.8729,,13.304
2.94031,283.228,35.3682,,8.88877
2.96033,296.103,30.1627,,4.186
2.98034,299.416,21.2342,,-0.645688
3.00036,293.05,5.19615,,-5.45743
3.02038,277.215,-13.8619,,-10.1027
3.04028,252.422,-27.8636,,-14.4136
3.0603,219.469,-36.4712,,-18.2577
3.08032,179.422,-41.3497,,-21.5178
3.10034,133.584,-44.0197,,-24.0723
3.12036,83.4295,-45.4293,,-25.8567
3.14038,30.5791,-46.0666,,-26.8059
3.16028,-23.2607,-46.1753,,-26.8858
3.1803,-76.3477,-45.8291,,-26.0978
3.20032,-126.968,-45.072,,-24.4671
3.22034,-173.485,-43.9041,,-22.0475
3.24035,-214.398,-42.2718,,-18.911
3.26037,-248.387,-40.0619,,-15.1705
3.28039,-274.341,-37.0542,,-10.9292
3.30029,-291.431,-32.778,,-6.34676
3.32031,-299.116,-25.9815,,-1.5518
3.34033,-297.131,-13.5079,,3.29086
3.36035,-285.544,5.3244,,8.02534
3.38037,-264.732,21.9142,,12.51
3.40039,-235.355,32.6537,,16.5827
3.42029,-198.379,38.9213,,20.1188
3.44031,-154.99,42.402,,23.0077
3.46033,-106.598,44.2822,,25.1493
3.48034,-54.7633,45.2172,,26.4814
3.50036,-1.15547,45.5354,,26.9574
3.52038,52.4871,45.3908,,26.5617
3.54028,104.435,44.8383,,25.3096
3.5603,153.009,43.8639,,23.2372
3.58032,196.632,42.4536,,20.4101
3.60034,233.906,40.5258,,16.9345
3.62036,263.623,37.9361,,12.9062
3.64038,284.823,34.3535,,8.45896
3.66028,296.819,28.9727,,3.7401
3.6803,299.227,19.6178,,-1.09771
3.70032,291.965,3.13604,,-5.90362
3.72034,275.271,-15.3942,,-10.518
3.74035,249.675,-28.5766,,-14.7951
3.76037,216.012,-36.5713,,-18.5892
3.78039,175.367,-41.0771,,-21.7845
3.80029,129.061,-43.5524,,-24.2751
3.82031,78.5821,-44.8634,,-25.9836
3.84033,25.5639,-45.4395,,-26.8493
3.86035,-28.2781,-45.4936,,-26.8484
3.88037,-81.2061,-45.1206,,-25.9806
3.90039,-131.51,-44.3502,,-24.2726
3.92029,-177.563,-43.1542,,-21.7843
3.94031,-217.884,-41.4805,,-18.5842
3.96033,-251.16,-39.2363,,-14.793
3.98034,-276.318,-36.1774,,-10.5131
4.00036,-292.558,-31.7769,,-5.90981
4.02038,-299.342,-24.6714,,-1.09749
4.04028,-296.451,-11.6295,,3.73905
4.0603,-283.983,7.17931,,8.46123
4.08032,-262.333,22.992,,12.9097
4.10034,-232.204,33.0521,,16.935
4.12036,-194.576,38.8755,,20.4199
4.14038,-150.659,42.1017,,23.2375
4.16028,-101.877,43.8419,,25.3114
4.1803,-49.8022,44.6992,,26.5617
4.20032,3.88086,44.9781,,26.957
4.22034,57.4381,44.8001,,26.4807
4.24035,109.14,44.2142,,25.1483
4.26037,157.315,43.2131,,23.0065
4.28039,200.408,41.7713,,20.1138
4.30029,237.023,39.816,,16.5773
4.32031,265.979,37.1704,,12.5048
4.34033,286.34,33.488,,8.02654
4.36035,297.453,27.9097,,3.29249
4.38037,298.96,18.0849,,-1.5509
4.40039,290.802,1.1669,,-6.34368
4.42029,273.247,-16.8393,,-10.9361
4.44031,246.857,-29.2779,,-15.1709
4.46033,212.49,-36.7415,,-18.9172
4.48034,171.258,-40.9378,,-22.0473
4.50036,124.495,-43.2419,,-24.4691
4.52038,73.7098,-44.4526,,-26.0996
4.54028,20.5423,-44.9666,,-26.8863
4.5603,-33.2879,-44.9886,,-26.8039
4.58032,-86.0431,-44.5838,,-25.8572
4.60034,-136.019,-43.7805,,-24.0733
4.62036,-181.596,-42.5581,,-21.5086
4.64038,-221.305,-40.8522,,-18.257
4.66028,-253.872,-38.5549,,-14.4118
4.6803,-278.227,-35.4197,,-10.0992
4.70032,-293.601,-30.8864,,-5.45963
4.72034,-299.478,-23.451,,-0.644145
4.74035,-295.686,-9.80107,,4.18685
4.76037,-282.34,8.93127,,8.8895
4.78039,-259.86,24.0171,,13.3068
4.80029,-228.991,33.4653,,17.2819
4.82031,-190.72,38.9018,,20.7162
4.84033,-146.286,41.9081,,23.4636
4.86035,-97.1264,43.5269,,25.4624
4.88037,-44.829,44.3176,,26.6361
4.90039,8.91586,44.5458,,26.9491
4.92029,62.3728,44.3327,,26.3918
4.94031,113.814,43.7166,,24.9826
4.96033,161.579,42.6932,,22.765
4.98034,204.12,41.2163,,19.8109
5.00036,240.071,39.2053,,16.2199
5.02038,268.259,36.505,,12.0979
5.04028,287.784,32.7288,,7.59879
5.0603,298.003,26.9221,,2.837
5.08032,298.602,16.5619,,-2.00671
5.10034,289.55,-0.744152,,-6.77892
5.12036,271.145,-18.1932,,-11.3486
5.14038,243.971,-29.9647,,-15.5446
5.16028,208.91,-36.955,,-19.237
5.1803,167.105,-40.8696,,-22.3052
5.20032,119.898,-43.028,,-24.6562
5.22034,68.8183,-44.1507,,-26.2096
5.24035,15.5151,-44.6094,,-26.9155
5.26037,-38.2886,-44.582,,-26.7517
5.28039,-90.8543,-44.1521,,-25.7245
5.30029,-140.486,-43.3217,,-23.8664
5.32031,-185.577,-42.0572,,-21.2357
5.34033,-224.67,-40.3145,,-17.9192
5.36035,-256.501,-37.9716,,-14.023
5.38037,-280.051,-34.7545,,-9.67795
5.40039,-294.552,-30.0562,,-5.01379
5.42029,-299.532,-22.244,,-0.193723
5.44031,-294.84,-7.99202,,4.63405
5.46033,-280.617,10.6045,,9.31578
5.48034,-257.323,24.9935,,13.6956
5.50036,-225.711,33.8857,,17.635
5.52038,-186.808,38.9746,,20.9977
5.54028,-141.868,41.789,,23.6856
5.5603,-92.3491,43.3006,,25.6063
5.58032,-39.8432,44.0191,,26.7031
5.60034,13.9492,44.2059,,26.9339
5.62036,67.2896,43.9607,,26.2957
5.64038,118.457,43.3115,,24.8079
5.66028,165.794,42.25,,22.5171
5.6803,207.779,40.7374,,19.5039
5.70032,243.049,38.6876,,15.8548
5.72034,270.46,35.9217,,11.6906
5.74035,289.136,32.0198,,7.1624
5.76037,298.473,25.961,,2.38727
5.78039,298.162,15.0461,,-2.4553
5.80029,288.221,-2.60606,,-7.22159
5.82031,268.964,-19.4858,,-11.7594
5.84033,241.011,-30.6219,,-15.9106
5.86035,205.267,-37.1892,,-19.5534
5.88037,162.896,-40.8653,,-22.558
5.90039,115.262,-42.8769,,-24.8335
5.92029,63.9067,-43.9164,,-26.3109
5.94031,10.4835,-44.3217,,-26.9375
5.96033,-43.2777,-44.2674,,-26.692
5.98034,-95.6411,-43.7948,,-25.5861
6.00036,-144.914,-42.9195,,-23.6496
6.02038,-189.502,-41.6354,,-20.9547
6.04028,-227.971,-39.8545,,-17.5776
6.0603,-259.069,-37.452,,-13.6356
6.08032,-281.798,-34.1396,,-9.25096
6.10034,-295.423,-29.2709,,-4.56991
6.12036,-299.509,-21.0518,,0.255402
6.14038,-293.913,-6.19401,,5.08404
6.16028,-278.815,12.2041,,9.74269
6.1803,-254.709,25.9274,,14.0813
6.20032,-222.372,34.3051,,17.9728
6.22034,-182.846,39.0716,,21.2807
6.24035,-137.413,41.7161,,23.8992
6.26037,-87.5446,43.1291,,25.7466
6.28039,-34.8456,43.7911,,26.7599
6.30029,18.9777,43.9312,,26.9111
6.32031,72.1878,43.6437,,26.1928
6.34033,123.068,42.9661,,24.6281
6.36035,169.967,41.8739,,22.2635
6.38037,211.377,40.319,,19.1883
6.40039,245.959,38.2212,,15.4859
6.42029,272.589,35.3833,,11.2823
6.44031,290.413,31.355,,6.72186
6.46033,298.855,25.0185,,1.93606
6.48034,297.641,13.5046,,-2.90444
6.50036,286.813,-4.41304,,-7.65861
6.52038,266.708,-20.7139,,-12.1651
6.54028,237.988,-31.2687,,-16.276
6.5603,201.576,-37.4365,,-19.8589
6.58032,158.651,-40.8871,,-22.8035
6.60034,110.599,-42.7685,,-25.0093
6.62036,58.977,-43.7345,,-26.4065
6.64038,5.44862,-44.0972,,-26.9511
6.66028,-48.2554,-44.0008,,-26.6254
6.6803,-100.401,-43.4862,,-25.4387
6.70032,-149.3,-42.5887,,-23.4303
6.72034,-193.379,-41.2664,,-20.6668
6.74035,-231.207,-39.4313,,-17.2314
6.76037,-261.56,-36.9713,,-13.2407
6.78039,-283.468,-33.5634,,-8.82782
6.80029,-296.213,-28.5095,,-4.12066
6.82031,-299.392,-19.843,,0.713
6.84033,-292.899,-4.38392,,5.52413
6.86035,-276.936,13.7379,,10.1644
6.88037,-252.02,26.8067,,14.4691
6.90039,-218.963,34.711,,18.3072
6.92029,-178.829,39.2026,,21.5557
6.94031,-132.92,41.6881,,24.1059
6.96033,-82.7142,42.9981,,25.8752
6.98034,-29.8395,43.5927,,26.812
7.00036,24.0013,43.6984,,26.8803
7.02038,77.0665,43.3902,,26.0826
7.04028,127.641,42.6651,,24.4381
7.0603,174.089,41.5305,,22.0073
7.08032,214.911,39.9481,,18.8643
7.10034,248.795,37.8041,,15.1118
7.12036,274.638,34.8714,,10.8733
7.14038,291.607,30.7099,,6.28031
7.16028,299.152,24.0789,,1.48432
7.1803,297.033,11.9379,,-3.35581
7.20032,285.316,-6.17945,,-8.09478
7.22034,264.378,-21.8769,,-12.5645
7.24035,234.896,-31.8779,,-16.6336
7.26037,197.822,-37.6906,,-20.1683
7.28039,154.353,-40.9332,,-23.0389
7.30029,105.903,-42.6902,,-25.1739
7.32031,54.03,-43.5941,,-26.4944
7.34033,0.412247,-43.9004,,-26.9575
7.36035,-53.2189,-43.766,,-26.5502
7.38037,-105.131,-43.2276,,-25.2842
7.40039,-153.644,-42.2915,,-23.2029
7.42029,-197.192,-40.9248,,-20.3716
7.44031,-234.375,-39.0492,,-16.8835
7.46033,-263.977,-36.5271,,-12.8432
7.48034,-285.055,-33.0163,,-8.39653
7.50036,-296.916,-27.7467,,-3.67222
7.52038,-299.192,-18.5936,,1.16423
7.54028,-291.801,-2.58474,,5.96772
7.5603,-274.977,15.1917,,10.5793
7.58032,-249.265,27.6536,,14.8513
7.60034,-215.494,35.1253,,18.6398
7.62036,-174.763,39.3411,,21.8234
7.64038,-128.387,41.6684,,24.3046
7.66028,-77.862,42.9005,,25.9994
7.6803,-24.8236,43.4516,,26.8553
7.70032,29.0178,43.5046,,26.842
7.72034,81.9221,43.1496,,25.9648
7.74035,132.179,42.4062,,24.243
7.76037,178.166,41.236,,21.7423
7.78039,218.389,39.5985,,18.5384
7.80029,251.561,37.3986,,14.7345
7.82031,276.607,34.4035,,10.4549
7.84033,292.716,30.0855,,5.83993
7.86035,299.364,23.1057,,1.03221
7.88037,296.342,10.3317,,-3.80726
7.90039,283.742,-7.89,,-8.52305
7.92029,261.972,-22.9844,,-12.9684
7.94031,231.736,-32.469,,-16.9845
7.96033,194.015,-37.9453,,-20.4635
7.98034,150.016,-40.9915,,-23.2735
8.00036,101.178,-42.6553,,-25.3319
8.02038,49.0689,-43.4793,,-26.5756
8.04028,-4.62429,-43.7425,,-26.9556
8.0603,-58.1675,-43.5672,,-26.4683
8.08032,-109.833,-42.9954,,-25.1247
8.10034,-157.945,-42.0283,,-22.9673
8.12036,-200.956,-40.614,,-20.0729
8.14038,-237.479,-38.6928,,-16.5277
8.16028,-266.323,-36.1068,,-12.445
8.1803,-286.564,-32.4882,,-7.9607
8.20032,-297.54,-26.9824,,-3.22586
8.22034,-298.912,-17.303,,1.61753
8.24035,-290.621,-0.787939,,6.41254
8.26037,-272.937,16.5828,,10.9956
8.28039,-246.431,28.4621,,15.2266
8.30029,-211.963,35.5249,,18.9613
8.32031,-170.652,39.4863,,22.0878
8.34033,-123.818,41.675,,24.4968
8.36035,-72.9885,42.827,,26.1164
8.38037,-19.8012,43.3249,,26.8907
8.40039,34.0265,43.3437,,26.7968
8.42029,86.7541,42.947,,25.8376
8.44031,136.677,42.1594,,24.0428
8.46033,182.185,40.9634,,21.4705
8.48034,221.808,39.2903,,18.2066
8.50036,254.26,37.024,,14.3537
8.52038,278.503,33.9329,,10.0363
8.54028,293.745,29.4634,,5.39617
8.5603,299.492,22.1225,,0.578917
8.58032,295.567,8.69141,,-4.25348
8.60034,282.088,-9.54619,,-8.9541
8.62036,259.493,-24.0403,,-13.3632
8.64038,228.507,-33.0338,,-17.3398
8.66028,190.143,-38.1951,,-20.7526
8.6803,145.635,-41.0648,,-23.4988
8.70032,96.4217,-42.6201,,-25.4827
8.72034,44.094,-43.3808,,-26.6464
8.74035,-9.65886,-43.6059,,-26.9476
8.76037,-63.0997,-43.3952,,-26.3781
8.78039,-114.5,-42.782,,-24.9564
8.80029,-162.204,-41.7746,,-22.7286
8.82031,-204.663,-40.3367,,-19.7655
8.84033,-240.51,-38.3631,,-16.1647
8.86035,-268.586,-35.6896,,-12.0423
8.88037,-287.986,-31.9557,,-7.52907
8.90039,-298.078,-26.2172,,-2.77631
8.92029,-298.542,-15.9801,,2.07337
8.94031,-289.36,0.999098,,6.84926
8.96033,-270.826,17.9272,,11.4072
8.98034,-243.534,29.2238,,15.5994
9.00036,-208.373,35.8981,,19.283
9.02038,-166.482,39.6405,,22.3448
9.04028,-119.215,41.7009,,24.6801
9.0603,-68.0946,42.7738,,26.2256
9.08032,-14.7726,43.2132,,26.9184
9.10034,39.0253,43.1939,,26.7437
9.12036,91.5621,42.771,,25.7047
9.14038,141.141,41.9424,,23.8342
9.16028,186.161,40.709,,21.1969
9.1803,225.163,38.9868,,17.8668
9.20032,256.888,36.659,,13.9664
9.22034,280.315,33.4822,,9.61305
9.24035,294.685,28.8417,,4.95101
9.26037,299.534,21.1001,,0.128145
9.28039,294.708,7.01133,,-4.70138
9.30029,280.357,-11.1567,,-9.38035
9.32031,256.941,-25.0398,,-13.753
9.34033,225.22,-33.5728,,-17.6836
9.36035,186.228,-38.4523,,-21.039
9.38037,141.216,-41.1454,,-23.7179
9.40039,91.6403,-42.6036,,-25.6291
9.42029,39.1056,-43.3111,,-26.7118
9.44031,-14.6916,-43.4928,,-26.9304
9.46033,-68.0138,-43.2399,,-26.281
9.48034,-119.139,-42.5922,,-24.7818
9.50036,-166.413,-41.5469,,-22.48
9.52038,-208.316,-40.0669,,-19.4575
9.54028,-243.478,-38.0404,,-15.7985
9.5603,-270.78,-35.2962,,-11.6356
9.58032,-289.329,-31.4346,,-7.09063
9.60034,-298.532,-25.4221,,-2.32492
9.62036,-298.091,-14.5977,,2.52406
9.64038,-288.017,2.76005,,7.28434
9.66028,-268.635,19.205,,11.8177
9.6803,-240.57,29.9646,,15.9672
9.70032,-204.731,36.2656,,19.5953
9.72034,-162.273,39.7888,,22.5961
9.74035,-114.578,41.7319,,24.8602
9.76037,-63.1804,42.7392,,26.3265
9.78039,-9.7405,43.1206,,26.9393
9.80029,44.0134,43.0638,,26.6827
9.82031,96.3443,42.5998,,25.5639
9.84033,145.562,41.7468,,23.6192
9.86035,190.081,40.4745,,20.9137
9.88037,228.451,38.6928,,17.5254
9.90039,259.444,36.3091,,13.5778
9.92029,282.054,33.0373,,9.19045
9.94031,295.551,28.208,,4.50604
9.96033,299.496,20.0333,,-0.330673
9.98034,293.765,5.30918,,-5.14459
10.0004,278.545,-12.7005,,-9.80295
10.0204,254.317,-25.9992,,-14.1425
10.0403,221.872,-34.094,,-18.023
10.0603,182.254,-38.6854,,-21.3221
10.0803,136.753,-41.2315,,-23.9292
10.1003,86.8339,-42.6081,,-25.7648
10.1204,34.1078,-43.2529,,-26.7696
10.1404,-19.7195,-43.3818,,-26.9065
10.1603,-72.9095,-43.0981,,-26.1758
10.1803,-123.742,-42.4215,,-24.5997
10.2003,-170.577,-41.3422,,-22.2286
10.2203,-211.903,-39.8066,,-19.1402
10.2404,-246.38,-37.7278,,-15.4287
10.2604,-272.894,-34.9161,,-11.225
10.2804,-290.594,-30.9104,,-6.65389
10.3003,-298.903,-24.6043,,-1.87197
10.3203,-297.554,-13.1626,,2.97456
10.3403,-286.597,4.50377,,7.71828
10.3603,-266.37,20.4228,,12.2269
10.3804,-237.533,30.6579,,16.3295
10.4004,-201.024,36.6152,,19.905
10.4203,-158.017,39.9481,,22.8379
10.4403,-109.908,41.7704,,25.0326
10.4603,-58.2476,42.7019,,26.4206
10.4803,-4.70545,43.0431,,26.9521
10.5004,48.9885,42.9475,,26.614
10.5204,101.099,42.4518,,25.4176
10.5403,149.944,41.5539,,23.3965
10.5603,193.941,40.23,,20.6209
10.5803,231.677,38.4216,,17.1855
10.6003,261.925,35.9761,,13.1797
10.6204,283.705,32.588,,8.76226
10.6404,296.323,27.5501,,4.05669
10.6603,299.366,18.9212,,-0.779692
10.6803,292.738,3.59664,,-5.59133
10.7003,276.649,-14.1998,,-10.2225
10.7203,251.612,-26.9306,,-14.5304
10.7404,218.452,-34.5806,,-18.3547
10.7604,178.232,-38.9132,,-21.5934
10.7804,132.253,-41.3204,,-24.136
10.8003,81.9994,-42.6166,,-25.8947
10.8203,29.0999,-43.2075,,-26.8182
10.8403,-24.7417,-43.2842,,-26.8752
10.8603,-77.7836,-42.9679,,-26.0651
10.8804,-128.312,-42.2602,,-24.4104
10.9004,-174.692,-41.1353,,-21.9668
10.9203,-215.431,-39.5615,,-18.8189
10.9403,-249.209,-37.4266,,-15.0571
10.9603,-274.931,-34.5267,,-10.8084
10.9803,-291.77,-30.3762,,-6.21501
11.0004,-299.187,-23.7556,,-1.4208
11.0204,-296.931,-11.6765,,3.42698
11.0403,-285.089,6.214,,8.15188
11.0603,-264.025,21.5955,,12.6272
11.0803,-234.432,31.322,,16.6873
11.1003,-197.26,36.9526,,20.2077
11.1204,-153.715,40.0987,,23.0773
11.1404,-105.208,41.8228,,25.1964
11.1603,-53.3001,42.6841,,26.5063
11.1803,0.330259,42.9756,,26.9581
11.2003,53.9503,42.837,,26.5384
11.2203,105.825,42.3128,,25.2622
11.2404,154.283,41.3814,,23.1699
11.2604,197.753,40.0128,,20.3259
11.2804,234.836,38.1465,,16.8308
11.3003,264.328,35.636,,12.784
11.3203,285.282,32.1504,,8.33613
11.3403,297.018,26.8891,,3.60509
11.3603,299.153,17.7492,,-1.23291
11.3804,291.631,1.84916,,-6.03261
11.4004,274.683,-15.6316,,-10.6421
11.4203,248.851,-27.7896,,-14.9051
11.4403,214.978,-35.0476,,-18.6874
11.4603,174.161,-39.1499,,-21.8641
11.4803,127.716,-41.4171,,-24.3338
11.5004,77.144,-42.6281,,-26.0171
11.5204,24.0824,-43.1531,,-26.8608
11.5403,-29.7575,-43.2038,,-26.8358
11.5603,-82.6357,-42.8554,,-25.9454
11.5803,-132.845,-42.1001,,-24.2143
11.6003,-178.757,-40.9406,,-21.7023
11.6204,-218.899,-39.318,,-18.4906
11.6404,-251.964,-37.1337,,-14.6768
11.6603,-276.888,-34.1506,,-10.3925
11.6803,-292.869,-29.8348,,-5.77535
11.7003,-299.386,-22.8696,,-0.966116
11.7203,-296.229,-10.1378,,3.8725
11.7404,-283.505,7.88514,,8.586
11.7604,-261.612,22.7005,,13.0254
11.7804,-231.263,31.9559,,17.0423
11.8003,-193.441,37.2807,,20.5026
11.8203,-149.374,40.2492,,23.3092
11.8403,-100.477,41.8686,,25.3538
11.8603,-48.3364,42.6627,,26.5852
11.8804,5.3666,42.9232,,26.9558
11.9004,58.896,42.7466,,26.4545
11.9203,110.521,42.1788,,25.1008
11.9403,158.577,41.2023,,22.9352
11.9603,201.51,39.8089,,20.0266
11.9803,237.928,37.8986,,16.4693
12.0004,266.659,35.3005,,12.3891
12.0204,286.775,31.6851,,7.89662
12.0403,297.626,26.2083,,3.16148
12.0603,298.861,16.5385,,-1.68596
12.0803,290.444,0.103504,,-6.47404
12.1003,272.634,-17.018,,-11.0582
12.1204,246.008,-28.6243,,-15.2838
12.1404,211.436,-35.4912,,-19.0093
12.1603,170.039,-39.3709,,-22.1235
12.1803,123.141,-41.516,,-24.5267
12.2003,72.2671,-42.6469,,-26.1314
12.2203,19.0591,-43.119,,-26.8962
12.2404,-34.7649,-43.1283,,-26.7889
12.2604,-87.4658,-42.7447,,-25.8189
12.2804,-137.34,-41.9538,,-24.011
12.3003,-182.778,-40.7526,,-21.4348
12.3203,-222.309,-39.0905,,-18.1541
12.3403,-254.657,-36.8424,,-14.2977
12.3603,-278.773,-33.7509,,-9.97136
12.3804,-293.886,-29.2871,,-5.33007
12.4004,-299.501,-21.9477,,-0.512081
12.4203,-295.444,-8.54316,,4.31846
12.4403,-281.838,9.52073,,9.01662
12.4603,-259.121,23.7562,,13.4195
12.4803,-228.03,32.5558,,17.3896
12.5004,-189.567,37.6011,,20.7998
12.5204,-144.986,40.4024,,23.5288
12.5403,-95.7188,41.9138,,25.5058
12.5603,-43.3583,42.6613,,26.6564
12.5803,10.4016,42.8718,,26.9454
12.6003,63.8253,42.6511,,26.3639
12.6204,115.187,42.0503,,24.9319
12.6404,162.829,41.0471,,22.6925
12.6603,205.206,39.6053,,19.7201
12.6803,240.953,37.6292,,16.1104
12.7003,268.914,34.9661,,11.9826
12.7203,288.191,31.2383,,7.46452
12.7404,298.151,25.5001,,2.71
12.7604,298.482,15.2486,,-2.13778
12.7804,289.166,-1.64961,,-6.91585
12.8003,270.508,-18.3313,,-11.4667
12.8203,243.1,-29.4009,,-15.6579
12.8403,207.834,-35.9223,,-19.3269
12.8603,165.864,-39.5932,,-22.3808
12.8804,118.534,-41.6039,,-24.7083
12.9004,67.3699,-42.6566,,-26.2407
12.9203,14.0304,-43.092,,-26.9224
12.9403,-39.7619,-43.0634,,-26.7345
12.9603,-92.2707,-42.6336,,-25.685
12.9803,-141.796,-41.8037,,-23.803
13.0004,-186.738,-40.5708,,-21.1517
13.0204,-225.651,-38.8628,,-17.8209
13.0403,-257.269,-36.5445,,-13.9074
13.0603,-280.575,-33.3662,,-9.55264
13.0803,-294.817,-28.7159,,-4.88501
13.1003,-299.535,-20.9717,,-0.0598995
13.1204,-294.571,-6.90514,,4.76724
13.1404,-280.094,11.1015,,9.44234
13.1603,-256.555,24.7723,,13.8112
13.1803,-224.73,33.1327,,17.7346
13.2003,-185.644,37.8976,,21.0796
13.2203,-140.558,40.5451,,23.7512
13.2404,-90.9337,41.9664,,25.6472
13.2604,-38.3705,42.6554,,26.7211
13.2804,15.4337,42.8254,,26.9284
13.3003,68.7377,42.5683,,26.2654
13.3203,119.819,41.9284,,24.7565
13.3403,167.033,40.8877,,22.4445
13.3603,208.848,39.4046,,19.4089
13.3804,243.913,37.3739,,15.746
13.4004,271.099,34.6327,,11.5737
13.4203,289.522,30.7765,,7.02401
13.4403,298.592,24.7607,,2.26117
13.4603,298.019,13.9098,,-2.58868
13.4803,287.817,-3.38106,,-7.34988
13.5004,268.303,-19.5975,,-11.8825
13.5204,240.122,-30.1505,,-16.0204
13.5403,204.186,-36.3305,,-19.6397
13.5603,161.652,-39.7972,,-22.63
13.5803,113.892,-41.6971,,-24.8877
13.6003,62.454,-42.6742,,-26.3406
13.6204,8.99796,-43.0681,,-26.9424
13.6404,-44.7481,-42.9986,,-26.6726
13.6603,-97.0483,-42.5268,,-25.5442
13.6803,-146.213,-41.6661,,-23.5852
13.7003,-190.652,-40.3953,,-20.8709
13.7203,-228.931,-38.6407,,-17.4759
13.7404,-259.813,-36.2502,,-13.5188
13.7604,-282.3,-32.9684,,-9.1264
13.7804,-295.666,-28.1363,,-4.43727
13.8003,-299.48,-19.9529,,0.390751
13.8203,-293.621,-5.22869,,5.21101
13.8403,-278.27,12.6369,,9.86896
13.8603,-253.919,25.7386,,14.1992
13.8804,-221.373,33.6708,,18.0702
13.9004,-181.665,38.1839,,21.3631
13.9203,-136.09,40.6872,,23.9596
13.9403,-86.1223,42.0256,,25.7845
13.9603,-33.3698,42.6524,,26.7772
13.9803,20.4607,42.7725,,26.9027
14.0004,73.6297,42.4944,,26.1615
14.0204,124.421,41.8163,,24.5717
14.0403,171.188,40.7293,,22.1902
14.0603,212.424,39.1978,,19.0914
14.0803,246.802,37.1268,,15.3759
14.1003,273.202,34.3041,,11.1641
14.1204,290.771,30.2931,,6.58592
14.1404,298.948,23.979,,1.80816
14.1603,297.471,12.5084,,-3.04023
14.1803,286.376,-5.09347,,-7.78688
14.2003,266.03,-20.8128,,-12.2831
14.2203,237.081,-30.8712,,-16.3834
14.2404,200.469,-36.7176,,-19.9489
14.2604,157.387,-39.9943,,-22.8736
14.2804,109.217,-41.7942,,-25.0585
14.3003,57.5195,-42.7017,,-26.4326
14.3203,3.96261,-43.0411,,-26.9543
14.3403,-49.7211,-42.9303,,-26.6028
14.3603,-101.798,-42.4369,,-25.3945
14.3804,-150.587,-41.5361,,-23.3644
14.4004,-194.511,-40.2122,,-20.5804
14.4203,-232.145,-38.4045,,-17.127
14.4403,-262.28,-35.9609,,-13.1265
14.4603,-283.945,-32.5784,,-8.69863
14.4803,-296.431,-27.5261,,-3.99067
14.5004,-299.345,-18.859,,0.846385
14.5204,-292.58,-3.53129,,5.65921
14.5403,-276.361,14.1048,,10.2835
14.5603,-251.216,26.6565,,14.5809
14.5803,-217.947,34.2029,,18.4071
14.6003,-177.638,38.4577,,21.6355
14.6204,-131.586,40.8161,,24.165
14.6404,-81.2862,42.0795,,25.9127
14.6603,-28.36,42.6523,,26.826
14.6803,25.4826,42.7383,,26.8704
14.7003,78.5018,42.4143,,26.0477
14.7203,128.984,41.703,,24.3821
14.7404,175.298,40.5775,,21.9306
14.7604,215.949,38.9957,,18.7687
14.7804,249.622,36.872,,15.0015
14.8003,275.229,33.9618,,10.7492
14.8203,291.941,29.805,,6.14601
14.8403,299.22,23.1631,,1.35277
14.8603,296.834,11.0409,,-3.48768
14.8804,284.862,-6.78251,,-8.22123
14.9004,263.674,-21.9711,,-12.6847
14.9203,233.967,-31.5519,,-16.7395
14.9403,196.701,-37.0887,,-20.2524
14.9603,153.078,-40.1858,,-23.1106
14.9803,104.511,-41.8825,,-25.2199
15.0004,52.5689,-42.7314,,-26.5192
15.0204,-1.07383,-43.0215,,-26.9581
15.0403,-54.6806,-42.8733,,-26.5266
15.0603,-106.522,-42.3372,,-25.2389
15.0803,-154.92,-41.4047,,-23.1335
15.1003,-198.313,-40.0426,,-20.2851
15.1204,-235.296,-38.181,,-16.7766
15.1404,-264.677,-35.6613,,-12.729
15.1603,-285.509,-32.1688,,-8.26791
15.1803,-297.114,-26.9018,,-3.54069
15.2003,-299.118,-17.72,,1.30012
15.2203,-291.462,-1.81237,,6.09926
15.2404,-274.38,15.5314,,10.7014
15.2604,-248.436,27.5355,,14.9627
15.2804,-214.46,34.6879,,18.7348
15.3003,-173.553,38.7236,,21.9045
15.3203,-127.042,40.9518,,24.3597
15.3403,-76.4285,42.1286,,26.0347
15.3603,-23.3423,42.6496,,26.8673
15.3804,30.497,42.696,,26.8301
15.4004,83.3508,42.3372,,25.9273
15.4203,133.511,41.5857,,24.1858
15.4403,179.356,40.4278,,21.6632
15.4603,219.409,38.8047,,18.4394
15.4803,252.366,36.6039,,14.6216
15.5004,277.176,33.612,,10.3338
15.5204,293.026,29.3053,,5.70563
15.5403,299.411,22.3041,,0.89982
15.5603,296.116,9.513,,-3.93904
15.5803,283.264,-8.43473,,-8.64935
15.6003,261.248,-23.0752,,-13.0854
15.6204,230.791,-32.1987,,-17.0921
15.6404,192.874,-37.4474,,-20.5468
15.6603,148.731,-40.3733,,-23.34
15.6803,99.7767,-41.9638,,-25.3794
15.7003,47.6028,-42.7559,,-26.5952
15.7203,-6.1097,-42.9991,,-26.9551
15.7404,-59.6248,-42.8147,,-26.4421
15.7604,-111.214,-42.2443,,-25.0756
15.7804,-159.208,-41.2709,,-22.8985
15.8003,-202.057,-39.8724,,-19.9818
15.8203,-238.378,-37.9561,,-16.4178
15.8403,-266.995,-35.3673,,-12.3299
15.8603,-286.991,-31.7479,,-7.83563
15.8804,-297.712,-26.2376,,-3.09339
15.9004,-298.814,-16.5191,,1.75394
15.9203,-290.256,-0.0815317,,6.54366
15.9403,-272.32,16.9003,,11.1166
15.9603,-245.584,28.3755,,15.3365
15.9803,-210.911,35.1619,,19.0565
16.0004,-169.426,38.9718,,22.1641
16.0204,-122.464,41.0817,,24.5519
16.0403,-71.5466,42.1865,,26.149
16.0603,-18.3173,42.6573,,26.8998
16.0803,35.5027,42.662,,26.7821
16.1003,88.1748,42.2633,,25.7981
16.1204,137.998,41.4776,,23.9826
16.1404,183.366,40.278,,21.3903
16.1603,222.804,38.6097,,18.108
16.1803,255.041,36.3479,,14.2395
16.2003,279.046,33.2597,,9.91142
16.2203,294.028,28.7806,,5.26294
16.2404,299.511,21.4046,,0.446131
16.2604,295.32,7.94174,,-4.3852
16.2804,281.587,-10.0499,,-9.0778
16.3003,258.75,-24.1346,,-13.4784
16.3203,227.547,-32.8093,,-17.4422
16.3403,188.993,-37.7808,,-20.8369
16.3603,144.336,-40.5515,,-23.5663
16.3804,95.0138,-42.0486,,-25.5268
16.4004,42.6238,-42.7742,,-26.666
16.4203,-11.1442,-42.9852,,-26.9438
16.4403,-64.5516,-42.7592,,-26.3498
16.4603,-115.874,-42.1476,,-24.9065
16.4803,-163.45,-41.1389,,-22.6553
16.5004,-205.747,-39.6928,,-19.6745
16.5204,-241.394,-37.7302,,-16.0603
16.5403,-269.244,-35.0565,,-11.9199
16.5603,-288.392,-31.3194,,-7.40235
16.5803,-298.222,-25.5494,,-2.63999
16.6003,-298.419,-15.2485,,2.20371
16.6204,-288.973,1.65718,,6.97837
16.6404,-270.187,18.2171,,11.5312
16.6603,-242.667,29.1673,,15.7048
16.6803,-207.308,35.6121,,19.3782
16.7003,-165.246,39.2236,,22.4178
16.7203,-117.852,41.1995,,24.7349
16.7404,-66.6461,42.2308,,26.2561
16.7604,-13.2882,42.6669,,26.9261
16.7804,40.4985,42.6289,,26.7267
16.8003,92.977,42.1893,,25.6639
16.8203,142.449,41.3707,,23.771
16.8403,187.321,40.131,,21.1125
16.8603,226.139,38.4036,,17.7685
16.8804,257.646,36.0824,,13.8528
16.9004,280.837,32.9051,,9.49016
16.9203,294.947,28.2454,,4.81703
16.9403,299.531,20.4434,,-8.22E-03
16.9603,294.434,6.31152,,-4.83195
16.9803,279.83,-11.6107,,-9.5036
17.0004,256.175,-25.1449,,-13.8703
17.0204,224.238,-33.3984,,-17.7831
17.0403,185.06,-38.1041,,-21.1239
17.0603,139.903,-40.7208,,-23.7795
17.0803,90.2266,-42.129,,-25.6696
17.1003,37.6334,-42.8015,,-26.7299
17.1204,-16.1755,-42.9692,,-26.9252
17.1404,-69.4612,-42.7048,,-26.2504
17.1603,-120.502,-42.0569,,-24.7301
17.1803,-167.65,-41.0132,,-22.4059
17.2003,-209.376,-39.5254,,-19.3628
17.2203,-244.344,-37.5003,,-15.6926
17.2404,-271.411,-34.7537,,-11.5103
17.2604,-289.713,-30.881,,-6.96781
17.2804,-298.655,-24.826,,-2.1892
17.3003,-297.944,-13.9165,,2.655
17.3203,-287.61,3.36959,,7.41554
17.3403,-267.974,19.474,,11.9413
17.3603,-239.677,29.9293,,16.0737
17.3804,-203.641,36.0347,,19.6853
17.4004,-161.026,39.4437,,22.6663
17.4203,-113.205,41.3195,,24.9141
17.4403,-61.7269,42.2866,,26.3545
17.4603,-8.25523,42.6621,,26.9446
17.4803,45.4826,42.587,,26.6633
17.5004,97.7503,42.115,,25.5208
17.5204,146.86,41.2602,,23.5556
17.5403,191.226,39.9764,,20.8266
17.5603,229.41,38.2058,,17.425
17.5803,260.182,35.8198,,13.462
17.6003,282.544,32.5323,,9.06315
17.6204,295.783,27.6709,,4.37114
17.6404,299.465,19.4265,,-0.457019
17.6603,293.469,4.65428,,-5.28165
17.6803,277.994,-13.1326,,-9.92579
17.7003,253.525,-26.1114,,-14.2568
17.7203,220.869,-33.9616,,-18.1211
17.7404,181.073,-38.4129,,-21.4038
17.7604,135.427,-40.8759,,-23.9898
17.7804,85.4099,-42.2111,,-25.8037
17.8003,32.6315,-42.833,,-26.7844
17.8203,-21.202,-42.9494,,-26.8986
17.8403,-74.35,-42.6417,,-26.1444
17.8603,-125.095,-41.9694,,-24.545
17.8804,-171.8,-40.8856,,-22.1524
17.9004,-212.949,-39.3488,,-19.0435
17.9203,-247.219,-37.267,,-15.3211
17.9403,-273.503,-34.4361,,-11.1005
17.9603,-290.951,-30.4265,,-6.52709
17.9803,-298.997,-24.0673,,-1.7396
18.0004,-297.383,-12.5166,,3.10638
18.0204,-286.16,5.07689,,7.85224
18.0403,-265.686,20.6838,,12.3429
18.0603,-236.625,30.6493,,16.4364
18.0803,-199.917,36.4407,,19.9954
18.1003,-156.753,39.6682,,22.9069
18.1204,-108.525,41.4328,,25.0837
18.1404,-56.7899,42.3344,,26.4451
18.1603,-3.21976,42.6603,,26.9556
18.1803,50.4543,42.555,,26.5931
18.2003,102.499,42.0427,,25.3742
18.2203,151.229,41.1447,,23.3263
18.2404,195.075,39.8207,,20.5374
18.2604,232.615,38.0107,,17.0785
18.2804,262.639,35.5507,,13.0649
18.3003,284.178,32.1441,,8.63628
18.3203,296.536,27.085,,3.92444
18.3403,299.316,18.3667,,-0.913811
18.3603,292.418,2.96082,,-5.72084
18.3804,276.077,-14.6116,,-10.3489
18.4004,250.808,-27.0295,,-14.6381
18.4203,217.431,-34.4821,,-18.4565
18.4403,177.033,-38.7103,,-21.6737
18.4603,130.917,-41.0474,,-24.1935
18.4803,80.5704,-42.283,,-25.9321
18.5004,27.6202,-42.8501,,-26.8317
18.5204,-26.2227,-42.9348,,-26.8646
18.5403,-79.2177,-42.6023,,-26.0292
18.5603,-129.654,-41.877,,-24.3555
18.5803,-175.901,-40.7515,,-21.891
18.6003,-216.462,-39.181,,-18.7196
18.6204,-250.029,-37.0332,,-14.9461
18.6404,-275.516,-34.1194,,-10.6852
18.6603,-292.105,-29.949,,-6.08628
18.6803,-299.257,-23.2663,,-1.28589
18.7003,-296.736,-11.0653,,3.55626
18.7203,-284.63,6.75831,,8.28349
18.7404,-263.325,21.8417,,12.7418
18.7604,-233.503,31.3349,,16.7975
18.7804,-196.139,36.8236,,20.2926
18.8003,-152.44,39.8798,,23.146
18.8203,-103.814,41.5375,,25.2452
18.8403,-51.8355,42.3759,,26.5293
18.8603,1.81708,42.6646,,26.9582
18.8804,55.4108,42.5171,,26.5146
18.9004,107.215,41.9673,,25.2149
18.9203,155.554,41.0328,,23.0986
18.9403,198.867,39.6727,,20.2413
18.9603,235.754,37.8055,,16.7254
18.9803,265.026,35.2639,,12.6676
19.0004,285.734,31.7565,,8.2062
19.0204,297.207,26.4739,,3.47496
19.0403,299.081,17.2242,,-1.36522
19.0603,291.292,1.24168,,-6.1637
19.0803,274.084,-16.0173,,-10.7669
19.1003,248.016,-27.9039,,-15.0205
19.1204,213.94,-34.9951,,-18.7805
19.1404,172.943,-38.989,,-21.9409
19.1603,126.368,-41.1909,,-24.3899
19.1803,75.7084,-42.3619,,-26.0533
19.2003,22.6015,-42.872,,-26.8713
19.2203,-31.2361,-42.9114,,-26.8234
19.2404,-84.0634,-42.5439,,-25.9079
19.2604,-134.174,-41.784,,-24.1559
19.2804,-179.947,-40.6236,,-21.6236
19.3003,-219.913,-38.9952,,-18.3924
19.3203,-252.766,-36.7995,,-14.5666
19.3403,-277.457,-33.7891,,-10.2696
19.3603,-293.178,-29.4582,,-5.64244
19.3804,-299.433,-22.4181,,-0.833796
19.4004,-296.009,-9.54197,,4.00707
19.4203,-283.021,8.39763,,8.71272
19.4403,-260.885,22.9462,,13.1426
19.4603,-230.316,31.9907,,17.1419
19.4803,-192.311,37.1912,,20.5941
19.5004,-148.08,40.0759,,23.3746
19.5204,-99.0756,41.6459,,25.4003
19.5403,-46.8688,42.4243,,26.6058
19.5603,6.85277,42.6613,,26.9539
19.5803,60.3525,42.4796,,26.4292
19.6003,111.902,41.8968,,25.0506
19.6204,159.835,40.9216,,22.864
19.6404,202.604,39.5168,,19.935
19.6603,238.828,37.5962,,16.3695
19.6803,267.335,34.9878,,12.2671
19.7003,287.203,31.3539,,7.77137
19.7203,297.792,25.8216,,3.02717
19.7404,298.763,16.0272,,-1.81931
19.7604,290.078,-0.482775,,-6.60369
19.7804,272.016,-17.3797,,-11.1822
19.8003,245.16,-28.7467,,-15.3896
19.8203,210.386,-35.4682,,-19.1075
19.8403,168.813,-39.2546,,-22.2003
19.8603,121.785,-41.3381,,-24.5811
19.8804,70.8248,-42.4278,,-26.1652
19.9004,17.576,-42.8936,,-26.9039
19.9203,-36.2406,-42.8923,,-26.7747
19.9403,-88.8862,-42.4853,,-25.7785
19.9603,-138.659,-41.6944,,-23.9525
19.9803,-183.952,-40.4849,,-21.3489
20.0004,-223.301,-38.8105,,-18.0582
20.0204,-255.433,-36.5591,,-14.182
20.0403,-279.315,-33.4508,,-9.85003
20.0603,-294.168,-28.9416,,-5.19773
20.0803,-299.522,-21.5111,,-0.379343
20.1003,-295.197,-7.97372,,4.45214
20.1204,-281.329,9.99945,,9.14236
20.1404,-258.372,24.0157,,13.5358
20.1603,-227.063,32.6169,,17.489
20.1803,-188.42,37.5281,,20.8826
20.2003,-143.686,40.2726,,23.5967
20.2203,-94.3102,41.7554,,25.5498
20.2404,-41.8879,42.4624,,26.6749
20.2604,11.8867,42.6604,,26.9418
20.2804,65.277,42.4379,,26.3363
20.3003,116.557,41.8305,,24.8792
20.3203,164.073,40.8102,,22.6189
20.3403,206.283,39.354,,19.6314
20.3603,241.835,37.3804,,16.0038
20.3804,269.568,34.7055,,11.8626
20.4004,288.594,30.9423,,7.33695
20.4203,298.292,25.1367,,2.57522
20.4403,298.356,14.7556,,-2.27179
20.4603,288.776,-2.20358,,-7.04416
20.4803,269.866,-18.6886,,-11.5885
20.5004,242.231,-29.5486,,-15.7632
20.5204,206.769,-35.9301,,-19.4236
20.5403,164.627,-39.5057,,-22.4531
20.5603,117.168,-41.4774,,-24.764
20.5803,65.9219,-42.4993,,-26.27
20.6003,12.5459,-42.9112,,-26.9295
20.6204,-41.2345,-42.8717,,-26.7176
20.6404,-93.6825,-42.426,,-25.6425
20.6603,-143.105,-41.6004,,-23.7405
20.6803,-187.899,-40.3557,,-21.0675
20.7003,-226.624,-38.6302,,-17.7216
20.7203,-258.03,-36.3019,,-13.7955
20.7404,-281.096,-33.107,,-9.4251
20.7604,-295.073,-28.414,,-4.75298
20.7804,-299.53,-20.5554,,0.0733567
20.8003,-294.297,-6.34834,,4.90034
20.8203,-279.563,11.5578,,9.56524
20.8403,-255.787,25.0151,,13.9254
20.8603,-223.746,33.2112,,17.8358
20.8804,-184.474,37.8696,,21.1658
20.9004,-139.244,40.4501,,23.8104
20.9203,-89.5176,41.8447,,25.6902
20.9403,-36.8959,42.5013,,26.7374
20.9603,16.9175,42.6616,,26.9221
20.9803,70.183,42.3997,,26.2359
21.0004,121.182,41.7455,,24.7019
21.0204,168.262,40.6953,,22.3689
21.0403,209.906,39.2001,,19.3152
21.0603,244.768,37.1643,,15.6368
21.0803,271.725,34.4056,,11.4552
21.1003,289.904,30.5082,,6.90022
21.1204,298.708,24.4192,,2.12392
21.1404,297.868,13.4188,,-2.72202
21.1603,287.399,-3.92216,,-7.48248
21.1803,267.643,-19.9393,,-11.9954
21.2003,239.235,-30.3117,,-16.129
21.2203,203.095,-36.3667,,-19.7325
21.2404,160.398,-39.7493,,-22.7047
21.2604,112.515,-41.6063,,-24.9376
21.2804,60.9996,-42.5628,,-26.3687
21.3003,7.51243,-42.9319,,-26.9466
21.3203,-46.217,-42.8502,,-26.6533
21.3403,-98.4527,-42.3671,,-25.4997
21.3603,-147.508,-41.5022,,-23.5226
21.3804,-191.795,-40.2175,,-20.7821
21.4004,-229.884,-38.4483,,-17.3769
21.4203,-260.551,-36.0497,,-13.4031
21.4403,-282.795,-32.7399,,-9.0013
21.4603,-295.897,-27.8587,,-4.3045
21.4803,-299.449,-19.5538,,0.527258
21.5004,-293.32,-4.68613,,5.34233
21.5204,-277.714,13.0818,,9.99017
21.5403,-253.129,25.9823,,14.3126
21.5603,-220.362,33.7676,,18.1743
21.5803,-180.48,38.1857,,21.4413
21.6003,-134.765,40.6348,,24.0211
21.6204,-84.6967,41.9339,,25.8224
21.6404,-31.8926,42.5354,,26.7916
21.6603,21.9432,42.6621,,26.8944
21.6803,75.069,42.361,,26.1273
21.7003,125.769,41.6621,,24.5177
21.7203,172.405,40.5789,,22.1132
21.7404,213.471,39.0434,,18.9971
21.7604,247.641,36.9499,,15.267
21.7804,273.809,34.0939,,11.0407
21.8003,291.124,30.056,,6.45946
21.8203,299.04,23.6717,,1.6721
21.8403,297.293,12.0227,,-3.1731
21.8603,285.936,-5.62475,,-7.91794
21.8804,265.341,-21.147,,-12.398
21.9004,236.17,-31.032,,-16.4883
21.9203,199.366,-36.7748,,-20.0391
21.9403,156.121,-39.9854,,-22.9457
21.9603,107.832,-41.734,,-25.1061
21.9803,56.0611,-42.6172,,-26.46
22.0004,2.47652,-42.9471,,-26.9562
22.0204,-51.1863,-42.8275,,-26.5815
22.0403,-103.194,-42.306,,-25.3481
22.0603,-151.871,-41.4089,,-23.2986
22.0803,-195.638,-40.0818,,-20.4918
22.1003,-233.081,-38.2575,,-17.0253
22.1204,-262.997,-35.7896,,-13.0097
22.1404,-284.415,-32.3766,,-8.57224
22.1603,-296.639,-27.2756,,-3.85646
22.1803,-299.283,-18.4768,,0.980161
22.2003,-292.259,-2.99382,,5.78598
22.2203,-275.786,14.5374,,10.4103
22.2404,-250.401,26.9008,,14.6935
22.2604,-216.922,34.3045,,18.5065
22.2804,-176.435,38.4885,,21.7129
22.3003,-130.248,40.7966,,24.2245
22.3203,-79.8554,42.0148,,25.9486
22.3403,-26.8796,42.5761,,26.8383
22.3603,26.9626,42.6538,,26.8589
22.3804,79.9336,42.3119,,26.0123
22.4004,130.323,41.5833,,24.3262
22.4203,176.501,40.4629,,21.8527
22.4403,216.975,38.869,,18.6693
22.4603,250.435,36.717,,14.8911
22.4803,275.809,33.7887,,10.6263
22.5004,292.266,29.5986,,6.01883
22.5204,299.288,22.8605,,1.22162
22.5403,296.638,10.5509,,-3.6217
22.5603,284.4,-7.29482,,-8.34917
22.5803,262.966,-22.3001,,-12.8042
22.6003,233.036,-31.7267,,-16.845
22.6204,195.577,-37.1662,,-20.34
22.6404,151.797,-40.2011,,-23.1771
22.6603,103.119,-41.8624,,-25.2684
22.6803,51.1047,-42.6785,,-26.5432
22.7003,-2.55986,-42.9521,,-26.9575
22.7203,-56.1412,-42.8006,,-26.5026
22.7404,-107.909,-42.2567,,-25.1906
22.7604,-156.19,-41.3085,,-23.0658
22.7804,-199.425,-39.935,,-20.1971
22.8003,-236.212,-38.0622,,-16.6683
22.8203,-265.369,-35.5292,,-12.6122
22.8403,-285.953,-31.9934,,-8.14113
22.8603,-297.296,-26.6613,,-3.40934
22.8804,-299.038,-17.3407,,1.43494
22.9004,-291.114,-1.28266,,6.22979
22.9203,-273.782,15.9478,,10.8248
22.9403,-247.603,27.7838,,15.0717
22.9603,-213.419,34.8175,,18.8325
22.9803,-172.342,38.7715,,21.9775
23.0004,-125.696,40.957,,24.4218
23.0204,-74.989,42.1073,,26.0679
23.0403,-21.8606,42.6098,,26.8769
23.0603,31.9751,42.6414,,26.8172
23.0803,84.7765,42.2746,,25.889
23.1003,134.838,41.5117,,24.1267
23.1204,180.545,40.3417,,21.5822
23.1404,220.412,38.7018,,18.3427
23.1603,253.168,36.4939,,14.5138
23.1803,277.737,33.4729,,10.2075
23.2003,293.334,29.1129,,5.57675
23.2203,299.451,22.0092,,0.763978
23.2404,295.892,9.02845,,-4.07114
23.2604,282.777,-8.9304,,-8.77534
23.2804,260.518,-23.3966,,-13.2041
23.3003,229.839,-32.3853,,-17.1933
23.3203,191.736,-37.5415,,-20.6351
23.3403,147.436,-40.4099,,-23.4063
23.3603,98.3755,-41.9654,,-25.4251
23.3804,46.1327,-42.7384,,-26.6162
23.4004,-7.59555,-42.9724,,-26.9522
23.4203,-61.0804,-42.7718,,-26.4155
23.4403,-112.591,-42.1787,,-25.0273
23.4603,-160.465,-41.2116,,-22.8258
23.4803,-203.152,-39.8015,,-19.8949
23.5004,-239.276,-37.8617,,-16.3108
23.5204,-267.667,-35.2476,,-12.2067
23.5403,-287.41,-31.604,,-7.70834
23.5603,-297.87,-26.021,,-2.96144
23.5803,-298.703,-16.1315,,1.88916
23.6003,-289.886,0.448203,,6.66456
23.6204,-271.701,17.3002,,11.2438
23.6404,-244.73,28.6167,,15.4454
23.6603,-209.856,35.3057,,19.1523
23.6803,-168.199,39.0472,,22.2389
23.7003,-121.107,41.1017,,24.6079
23.7203,-70.1033,42.1863,,26.1811
23.7404,-16.8339,42.6465,,26.908
23.7604,36.9779,42.6316,,26.7668
23.7804,89.5943,42.2148,,25.759
23.8003,139.318,41.4271,,23.9222
23.8203,184.537,40.2206,,21.3061
23.8403,223.793,38.528,,18.0089
23.8603,255.823,36.2512,,14.1277
23.8804,279.579,33.1435,,9.78649
23.9004,294.31,28.6123,,5.13305
23.9203,299.529,21.106,,0.313743
23.9403,295.071,7.44337,,-4.51913
23.9603,281.078,-10.5268,,-9.20498
23.9803,257.996,-24.4514,,-13.5942
24.0004,226.577,-33.0138,,-17.5415
24.0204,187.839,-37.9008,,-20.9262
24.0403,143.033,-40.6092,,-23.6273
24.0603,93.6043,-42.0769,,-25.5698
24.0803,41.1521,-42.7908,,-26.6862
24.1003,-12.6292,-42.9788,,-26.939
24.1204,-66.002,-42.7429,,-26.3216
24.1404,-117.244,-42.1208,,-24.8549
24.1603,-164.697,-41.1061,,-22.5844
24.1803,-206.822,-39.646,,-19.5809
24.2003,-242.271,-37.6581,,-15.9504
24.2203,-269.89,-34.9777,,-11.8021
24.2404,-288.791,-31.1946,,-7.2725
24.2604,-298.357,-25.3383,,-2.50885
24.2804,-298.286,-14.8614,,2.34027
24.3003,-288.576,2.16537,,7.10533
24.3203,-269.544,18.6091,,11.6495
24.3403,-241.794,29.4186,,15.8169
24.3603,-206.231,35.763,,19.4689
24.3804,-164.006,39.306,,22.4912
24.4004,-116.483,41.2498,,24.791
24.4203,-65.1959,42.2617,,26.2851
24.4403,-11.8033,42.6667,,26.9315
24.4603,41.9702,42.621,,26.7092
24.4803,94.3871,42.1773,,25.6215
24.5004,143.756,41.3406,,23.7103
24.5204,188.479,40.0865,,21.0286
24.5403,227.113,38.357,,17.6662
24.5603,258.406,36.0169,,13.7408
24.5803,281.35,32.8026,,9.36425
24.6003,295.208,28.0762,,4.68424
24.6204,299.523,20.1442,,-0.141026
24.6404,294.162,5.82485,,-4.96287
24.6603,279.298,-12.0772,,-9.63274
24.6803,255.402,-25.4666,,-13.9807
24.7003,223.251,-33.6098,,-17.8862
24.7203,183.89,-38.2375,,-21.2056
24.7404,138.589,-40.7956,,-23.8429
24.7604,88.8061,-42.1815,,-25.7116
24.7804,36.1577,-42.8436,,-26.7456
24.8003,-17.6592,-42.9837,,-26.9178
24.8203,-70.9056,-42.7105,,-26.2206
24.8403,-121.861,-42.0484,,-24.6745
24.8603,-168.878,-41.0006,,-22.3342
24.8804,-210.438,-39.5017,,-19.2669
24.9004,-245.199,-37.4514,,-15.5848
24.9203,-272.039,-34.6802,,-11.3913
24.9403,-290.087,-30.7587,,-6.83529
24.9603,-298.761,-24.6291,,-2.05659
24.9803,-297.782,-13.5238,,2.79139
25.0004,-287.188,3.88372,,7.54063
25.0204,-267.311,19.8604,,12.0571
25.0403,-238.787,30.1822,,16.1831
25.0603,-202.547,36.2,,19.7799
25.0803,-159.769,39.5523,,22.7382
25.1003,-111.826,41.3921,,24.9628
25.1204,-60.2715,42.3321,,26.384
25.1404,-6.76883,42.6869,,26.9469
25.1603,46.951,42.6055,,26.644
25.1803,99.1557,42.1262,,25.4789
25.2003,148.155,41.252,,23.4887
25.2203,192.366,39.956,,20.7439
25.2404,230.366,38.1793,,17.3179
25.2604,260.913,35.7681,,13.3484
25.2804,283.035,32.4406,,8.93634
25.3003,296.013,27.5202,,4.24072
25.3203,299.43,19.1404,,-0.593623
25.3403,293.17,4.15905,,-5.40879
25.3603,277.437,-13.5986,,-10.0531
25.3804,252.731,-26.4265,,-14.3687
25.4004,219.857,-34.1625,,-18.2242
25.4203,179.888,-38.56,,-21.4783
25.4403,134.102,-40.9851,,-24.0535
25.4603,83.9841,-42.2832,,-25.8414
25.4803,31.1542,-42.8814,,-26.8
25.5004,-22.6842,-42.9885,,-26.8897
25.5204,-75.7889,-42.68,,-26.1113
25.5403,-126.445,-41.9781,,-24.4884
25.5603,-173.015,-40.8929,,-22.0759
25.5803,-213.992,-39.3465,,-18.9482
25.6003,-248.058,-37.2397,,-15.2133
25.6204,-274.107,-34.3815,,-10.9769
25.6404,-291.299,-30.3188,,-6.39761
25.6603,-299.081,-23.8705,,-1.60378
25.6803,-297.198,-12.1109,,3.23982
25.7003,-285.717,5.58436,,7.97612
25.7203,-264.997,21.0593,,12.4646
25.7404,-235.711,30.9094,,16.5377
25.7604,-198.811,36.6212,,20.0897
25.7804,-155.483,39.7948,,22.9754
25.8003,-107.138,41.5196,,25.132
25.8203,-55.3299,42.3958,,26.4711
25.8403,-1.73358,42.7209,,26.9566
25.8603,51.9188,42.5984,,26.5712
25.8804,103.894,42.0765,,25.326
25.9004,152.51,41.1585,,23.2643
25.9203,196.201,39.8243,,20.449
25.9403,233.546,37.995,,16.9703
25.9603,263.349,35.5208,,12.9525
25.9803,284.646,32.0762,,8.50687
26.0004,296.738,26.9364,,3.79381
26.0204,299.253,18.0629,,-1.04761
26.0403,292.094,2.46915,,-5.85389
26.0603,275.495,-15.0503,,-10.4695
26.0803,249.995,-27.3534,,-14.7506
26.1003,216.408,-34.7032,,-18.5542
26.1204,175.832,-38.8555,,-21.7539
26.1404,129.58,-41.1588,,-24.2495
26.1603,79.1385,-42.3768,,-25.9694
26.1803,26.1404,-42.9203,,-26.8445
26.2003,-27.7028,-42.9841,,-26.8538
26.2203,-80.6503,-42.6406,,-25.9945
26.2404,-130.993,-41.9119,,-24.297
26.2604,-177.099,-40.7786,,-21.8103
26.2804,-217.486,-39.1831,,-18.6264
26.3003,-250.847,-37.0156,,-14.8335
26.3203,-276.096,-34.0748,,-10.5654
26.3403,-292.433,-29.8582,,-5.95364
26.3603,-299.317,-23.0562,,-1.15186
26.3804,-296.531,-10.6418,,3.68826
26.4004,-284.162,7.24716,,8.41258
26.4203,-262.609,22.2147,,12.8614
26.4403,-232.569,31.606,,16.8958
26.4603,-195.014,37.0133,,20.3844
26.4803,-151.158,40.0138,,23.213
26.5004,-102.42,41.6489,,25.2916
26.5204,-50.3721,42.4664,,26.5534
26.5403,3.30296,42.7354,,26.9572
26.5603,56.8715,42.5735,,26.4906
26.5803,108.603,42.0176,,25.1687
26.6003,156.824,41.0693,,23.0304
26.6204,199.976,39.6966,,20.1496
26.6404,236.669,37.8048,,16.6177
26.6603,265.711,35.2504,,12.5517
26.6803,286.174,31.6984,,8.07607
26.7003,297.384,26.3307,,3.3447
26.7203,298.989,16.9134,,-1.50203
26.7404,290.938,0.745575,,-6.29042
26.7604,273.482,-16.4531,,-10.8898
26.7804,247.183,-28.2229,,-15.1271
26.8003,212.901,-35.2175,,-18.8778
26.8203,171.735,-39.1573,,-22.019
26.8403,125.02,-41.3187,,-24.4475
26.8603,74.2686,-42.4691,,-26.0877
26.8804,21.1182,-42.9597,,-26.8811
26.9004,-32.7136,-42.9828,,-26.8102
26.9203,-85.4883,-42.6073,,-25.8702
26.9403,-135.503,-41.8342,,-24.0971
26.9603,-181.137,-40.6656,,-21.5419
26.9803,-220.92,-39.0198,,-18.296
27.0004,-253.558,-36.7955,,-14.4533
27.0204,-278.014,-33.7606,,-10.1446
27.0403,-293.479,-29.371,,-5.51018
27.0603,-299.464,-22.2074,,-0.699259
27.0803,-295.777,-9.10463,,4.13452
27.1003,-282.529,8.88691,,8.84233
27.1204,-260.146,23.3094,,13.2614
27.1404,-229.361,32.2603,,17.2438
27.1603,-191.161,37.3897,,20.6815
27.1803,-146.787,40.2344,,23.4364
27.2003,-97.6722,41.7667,,25.4453
27.2203,-45.4006,42.5223,,26.6281
27.2404,8.33838,42.7529,,26.95
27.2604,61.8071,42.5527,,26.4024
27.2804,113.279,41.9622,,25.0013
27.3003,161.091,40.9738,,22.7933
27.3203,203.698,39.5556,,19.8449
27.3403,239.724,37.6117,,16.2626
27.3603,268.004,34.9864,,12.1474
27.3804,287.621,31.3077,,7.64185
27.4004,297.946,25.6856,,2.8939
27.4203,298.647,15.6972,,-1.95404
27.4403,289.699,-0.979832,,-6.73331
27.4603,271.386,-17.8025,,-11.3014
27.4803,244.3,-29.0644,,-15.5014
27.5004,209.326,-35.705,,-19.1968
27.5204,167.584,-39.4288,,-22.2769
27.5403,120.427,-41.4766,,-24.6366
27.5603,69.3786,-42.553,,-26.1972
27.5803,16.0918,-42.999,,-26.9116
27.6003,-37.7148,-42.9808,,-26.7583
27.6204,-90.3032,-42.5628,,-25.7403
27.6404,-139.974,-41.7591,,-23.8886
27.6603,-185.121,-40.5438,,-21.2679
27.6803,-224.289,-38.8523,,-17.9602
27.7003,-256.206,-36.5648,,-14.0688
27.7203,-279.849,-33.4349,,-9.72275
27.7404,-294.447,-28.8645,,-5.0683
27.7604,-299.534,-21.2952,,-0.245198
27.7804,-294.941,-7.52472,,4.58469
27.8003,-280.816,10.48,,9.26722
27.8203,-257.618,24.368,,13.6508
27.8403,-226.092,32.889,,17.5937
27.8603,-187.26,37.7467,,20.9651
27.8804,-142.38,40.4281,,23.6613
27.9004,-92.8985,41.8825,,25.5912
27.9203,-40.4158,42.5819,,26.6951
27.9403,13.3716,42.7632,,26.936
27.9603,66.7273,42.5309,,26.3081
27.9803,117.927,41.9028,,24.8283
28.0004,165.315,40.8773,,22.546
28.0204,207.362,39.403,,19.5387
28.0403,242.711,37.41,,15.8957
28.0603,270.211,34.7073,,11.7411
28.0803,288.988,30.903,,7.20695
28.1003,298.423,25.0012,,2.44463
28.1204,298.215,14.4139,,-2.40797
28.1404,288.378,-2.70192,,-7.17129
28.1603,269.217,-19.1047,,-11.7128
28.1803,241.35,-29.8692,,-15.8683
28.2003,205.687,-36.1652,,-19.5156
28.2203,163.383,-39.6921,,-22.5265
28.2404,115.799,-41.623,,-24.8165
28.2604,64.4692,-42.634,,-26.3001
28.2804,11.0612,-43.029,,-26.9347
28.3003,-42.706,-42.971,,-26.6995
28.3203,-95.0915,-42.5195,,-25.6007
28.3403,-144.407,-41.6786,,-23.678
28.3603,-189.055,-40.4214,,-20.985
28.3804,-227.592,-38.6811,,-17.616
28.4004,-258.778,-36.3291,,-13.6819
28.4203,-281.605,-33.0933,,-9.30219
28.4403,-295.333,-28.3322,,-4.62136
28.4603,-299.514,-20.3371,,0.207254
28.4803,-294.023,-5.89258,,5.03071
28.5004,-279.025,12.0343,,9.69418
28.5204,-255.01,25.3755,,14.0407
28.5403,-222.753,33.4867,,17.9334
28.5603,-183.302,38.0885,,21.2494
28.5803,-137.925,40.6295,,23.8727
28.6003,-88.096,41.9856,,25.7301
28.6204,-35.4201,42.6335,,26.7538
28.6404,18.4009,42.7863,,26.9141
28.6603,71.6272,42.5043,,26.2046
28.6803,122.54,41.8354,,24.6499
28.7003,169.492,40.7778,,22.2941
28.7203,210.966,39.2675,,19.2218
28.7404,245.626,37.2082,,15.5274
28.7604,272.346,34.4171,,11.3334
28.7804,290.269,30.4757,,6.76863
28.8003,298.814,24.2837,,1.99049
28.8203,297.704,13.0687,,-2.85574
28.8403,286.975,-4.4164,,-7.6093
28.8603,266.967,-20.3549,,-12.1168
28.8804,238.339,-30.6272,,-16.2321
28.9004,201.995,-36.6059,,-19.8296
28.9203,159.137,-39.9431,,-22.7718
28.9403,111.136,-41.7666,,-24.9875
28.9603,59.5452,-42.7072,,-26.3966
28.9803,6.02647,-43.0577,,-26.9502
29.0004,-47.6852,-42.9595,,-26.6338
29.0204,-99.8551,-42.4717,,-25.455
29.0403,-148.798,-41.5963,,-23.4554
29.0603,-192.935,-40.3021,,-20.7008
29.0803,-230.837,-38.5076,,-17.2722
29.1003,-261.277,-36.0815,,-13.2841
29.1204,-283.275,-32.7425,,-8.87382
29.1404,-296.128,-27.7825,,-4.17795
29.1603,-299.41,-19.3139,,0.663214
29.1803,-293.016,-4.21924,,5.47364
29.2003,-277.155,13.539,,10.1128
29.2203,-252.331,26.3381,,14.4276
29.2404,-219.356,34.0527,,18.2682
29.2604,-179.294,38.409,,21.5243
29.2804,-133.435,40.8067,,24.0814
29.3003,-83.2716,42.0926,,25.8629
29.3203,-30.4133,42.6877,,26.8051
29.3403,23.4249,42.7831,,26.8848
29.3603,76.5075,42.4707,,26.095
29.3804,127.116,41.7784,,24.4594
29.4004,173.62,40.6772,,22.0383
29.4203,214.509,39.1093,,18.9034
29.4403,248.472,36.9944,,15.153
29.4603,274.406,34.1267,,10.9204
29.4803,291.473,30.0369,,6.33134
29.5004,299.121,23.52,,1.53626
29.5204,297.107,11.6497,,-3.30655
29.5403,285.493,-6.11428,,-8.03959
29.5603,264.649,-21.5515,,-12.521
29.5803,235.253,-31.3521,,-16.5942
29.6003,198.258,-37.0197,,-20.1296
29.6204,154.85,-40.1811,,-23.0157
29.6404,106.444,-41.9016,,-25.154
29.6603,54.5997,-42.7751,,-26.4847
29.6803,0.990315,-43.0812,,-26.9573
29.7003,-52.6495,-42.9486,,-26.5591
29.7203,-104.589,-42.422,,-25.3028
29.7404,-153.149,-41.5134,,-23.2301
29.7604,-196.761,-40.1682,,-20.4069
29.7804,-234.015,-38.3182,,-16.9232
29.8003,-263.706,-35.8324,,-12.8883
29.8203,-284.875,-32.3775,,-8.44627
29.8403,-296.843,-27.1967,,-3.72532
29.8603,-299.222,-18.2208,,1.11461
29.8804,-291.93,-2.52039,,5.91837
29.9004,-275.206,14.9939,,10.5316
29.9203,-249.58,27.2605,,14.8076
29.9403,-215.898,34.5909,,18.5995
29.9603,-175.233,38.7187,,21.7956
29.9803,-128.909,40.9867,,24.2801
30.0004,-78.422,42.1881,,25.9865
30.0204,-25.4001,42.7324,,26.8504
30.0403,28.4426,42.7879,,26.8477
30.0603,81.3656,42.4443,,25.9767
30.0803,131.659,41.7096,,24.2676
30.1003,177.698,40.5648,,21.771
30.1204,217.994,38.9594,,18.5791
30.1404,251.251,36.7792,,14.7779
30.1603,276.385,33.8261,,10.501
30.1803,292.592,29.5767,,5.88914
30.2003,299.343,22.7095,,1.08489
30.2203,296.42,10.1633,,-3.75566
30.2404,283.927,-7.77883,,-8.47
30.2604,262.256,-22.692,,-12.9207
30.2804,232.102,-32.0427,,-16.95
30.3003,194.449,-37.4248,,-20.43
30.3203,150.516,-40.4091,,-23.2458
30.3403,101.722,-42.0301,,-25.3139
30.3603,49.6395,-42.8468,,-26.566
30.3804,-4.0462,-43.1072,,-26.9565
30.4004,-57.6003,-42.9368,,-26.4775
30.4203,-109.293,-42.3698,,-25.144
30.4403,-157.457,-41.4207,,-22.9965
30.4603,-200.528,-40.033,,-20.1054
30.4803,-237.126,-38.1347,,-16.5694
30.5004,-266.058,-35.5725,,-12.4872
30.5204,-286.391,-31.9985,,-8.01618
30.5403,-297.478,-26.5752,,-3.27647
30.5603,-298.949,-17.0662,,1.56783
30.5803,-290.761,-0.80261,,6.35813
30.6003,-273.177,16.4,,10.95
30.6204,-246.763,28.146,,15.1825
30.6404,-212.374,35.1038,,18.9265
30.6603,-171.126,38.9986,,22.0573
30.6803,-124.345,41.1566,,24.4762
30.7003,-73.5495,42.2884,,26.103
30.7203,-20.3774,42.7677,,26.8866
30.7404,33.4522,42.7872,,26.8027
30.7604,86.2007,42.4148,,25.8519
30.7804,136.164,41.6376,,24.0667
30.8003,181.728,40.4481,,21.5013
30.8203,221.417,38.7923,,18.246
30.8403,253.956,36.5597,,14.3969
30.8603,278.286,33.5092,,10.0837
30.8804,293.625,29.0863,,5.44455
30.9004,299.479,21.8518,,0.632756
30.9203,295.654,8.62565,,-4.20168
30.9403,282.285,-9.41072,,-8.90303
30.9603,259.781,-23.7942,,-13.3188
30.9803,228.882,-32.7062,,-17.298
31.0004,190.592,-37.7932,,-20.7206
31.0204,146.14,-40.6198,,-23.4726
31.0403,96.9695,-42.1556,,-25.4668
31.0603,44.6652,-42.9113,,-26.6384
31.0803,-9.08131,-43.1218,,-26.9489
31.1003,-62.5351,-42.914,,-26.3895
31.1204,-113.968,-42.3179,,-24.9764
31.1404,-161.718,-41.3231,,-22.7558
31.1603,-204.24,-39.8992,,-19.8011
31.1803,-240.169,-37.9447,,-16.2083
31.2003,-268.333,-35.3022,,-12.0859
31.2203,-287.826,-31.6062,,-7.57865
31.2404,-298.021,-25.9302,,-2.82855
31.2604,-298.59,-15.8425,,2.01896
31.2804,-289.514,0.93175,,6.79734
31.3003,-271.072,17.75,,11.3647
31.3203,-243.875,28.975,,15.5534
31.3403,-208.791,35.5922,,19.2492
31.3603,-166.966,39.2886,,22.311
31.3804,-119.748,41.3116,,24.6645
31.4004,-68.6563,42.367,,26.2128
31.4203,-15.3501,42.8094,,26.9155
31.4403,38.4523,42.797,,26.7507
31.4603,91.0117,42.3776,,25.719
31.4803,140.631,41.5542,,23.8598
31.5004,185.707,40.3333,,21.2268
31.5204,224.782,38.6357,,17.9083
31.5403,256.594,36.3355,,14.0123
31.5603,280.11,33.178,,9.65958
31.5803,294.581,28.5773,,5.00112
31.6003,299.531,20.9408,,0.180176
31.6204,294.81,7.03146,,-4.64813
31.6404,280.562,-11.007,,-9.32966
31.6603,257.238,-24.8443,,-13.7121
31.6803,225.602,-33.3233,,-17.6426
31.7003,186.678,-38.1533,,-21.0091
31.7203,141.726,-40.8282,,-23.6904
31.7404,92.191,-42.2683,,-25.6134
31.7604,39.6792,-42.9654,,-26.7041
31.7804,-14.1136,-43.1433,,-26.9334
31.8003,-67.4513,-42.8913,,-26.2932
31.8203,-118.608,-42.2582,,-24.8018
31.8403,-165.935,-41.2302,,-22.5106
31.8603,-207.899,-39.7554,,-19.4937
31.8804,-243.14,-37.7495,,-15.8359
31.9004,-270.532,-35.0294,,-11.6865
31.9203,-289.18,-31.1926,,-7.14107
31.9403,-298.49,-25.2454,,-2.37685
31.9603,-298.146,-14.5566,,2.47143
31.9803,-288.18,2.65744,,7.23682
32.0004,-268.891,19.0493,,11.7702
32.0204,-240.916,29.7778,,15.9263
32.0403,-205.147,36.0486,,19.5612
32.0603,-162.76,39.5487,,22.5662
32.0803,-115.111,41.4663,,24.8408
32.1003,-63.7436,42.4554,,26.3149
32.1204,-10.3181,42.8415,,26.9366
32.1404,43.4414,42.7879,,26.6903
32.1603,95.7983,42.3379,,25.5812
32.1803,145.058,41.4799,,23.6443
32.2003,189.634,40.2105,,20.9476
32.2203,228.079,38.4636,,17.5638
32.2404,259.154,36.1003,,13.6224
32.2604,281.855,32.8388,,9.23516
32.2804,295.454,28.04,,4.55717
32.3003,299.501,19.968,,-0.275622
32.3203,293.876,5.39273,,-5.093
32.3403,278.756,-12.5601,,-9.75683
32.3603,254.616,-25.8563,,-14.099
32.3804,222.257,-33.918,,-17.9822
32.4004,182.711,-38.4944,,-21.29
32.4203,137.267,-41.0276,,-23.9034
32.4403,87.3867,-42.3846,,-25.7501
32.4603,34.6823,-43.0203,,-26.7628
32.4803,-19.1427,-43.1491,,-26.9106
32.5004,-72.3489,-42.8721,,-26.1898
32.5204,-123.217,-42.2005,,-24.6198
32.5403,-170.104,-41.1317,,-22.2579
32.5603,-211.493,-39.6111,,-19.1742
32.5803,-246.048,-37.541,,-15.4734
32.6003,-272.656,-34.7445,,-11.2717
32.6204,-290.449,-30.7723,,-6.70267
32.6404,-298.866,-24.5175,,-1.92721
32.6603,-297.621,-13.192,,2.92262
32.6803,-286.761,4.37264,,7.67304
32.7003,-266.633,20.2921,,12.1771
32.7203,-237.887,30.5441,,16.2867
32.7404,-201.451,36.4935,,19.8716
32.7604,-158.51,39.8035,,22.809
32.7804,-110.447,41.604,,25.0155
32.8003,-58.8148,42.5336,,26.4088
32.8203,-5.28375,42.8815,,26.951
32.8403,48.4178,42.7804,,26.6222
32.8603,100.554,42.2853,,25.435
32.8804,149.444,41.4055,,23.4234
32.9004,193.506,40.0966,,20.6575
32.9203,231.312,38.2868,,17.2194
32.9403,261.643,35.8479,,13.2284
32.9603,283.521,32.4927,,8.81253
32.9803,296.24,27.4939,,4.10492
33.0004,299.388,18.9291,,-0.726179
33.0204,292.862,3.70737,,-5.53988
33.0403,276.87,-14.054,,-10.1767
33.0603,251.93,-26.8149,,-14.4817
33.0803,218.851,-34.4903,,-18.3186
33.1003,178.698,-38.8132,,-21.5639
33.1204,132.77,-41.2096,,-24.1124
33.1404,82.5569,-42.4933,,-25.88
33.1603,29.6751,-43.0736,,-26.8131
33.1803,-24.1658,-43.1592,,-26.8796
33.2003,-77.2254,-42.841,,-26.0779
33.2203,-127.788,-42.1474,,-24.4322
33.2404,-174.223,-41.0274,,-21.9987
33.2604,-215.03,-39.4548,,-18.8546
33.2804,-248.889,-37.3384,,-15.1002
33.3003,-274.706,-34.4569,,-10.8595
33.3203,-291.641,-30.3201,,-6.26187
33.3403,-299.159,-23.7422,,-1.47161
33.3603,-297.009,-11.765,,3.37256
33.3804,-285.266,6.06471,,8.10435
33.4004,-264.301,21.4979,,12.5788
33.4203,-234.795,31.2664,,16.6467
33.4403,-197.695,36.9068,,20.1758
33.4603,-154.214,40.0413,,23.0475
33.4803,-105.748,41.7492,,25.1806
33.5004,-53.8673,42.6064,,26.4963
33.5204,-0.247378,42.9011,,26.957
33.5403,53.3811,42.7696,,26.5476
33.5603,105.286,42.2501,,25.2795
33.5803,153.787,41.315,,23.198
33.6003,197.317,39.9573,,20.3579
33.6204,234.478,38.1108,,16.8751
33.6404,264.057,35.6034,,12.8299
33.6603,285.11,32.1257,,8.38383
33.6803,296.942,26.9019,,3.65662
33.7003,299.187,17.8307,,-1.18118
33.7203,291.762,2.00589,,-5.98271
33.7404,274.911,-15.5085,,-10.5938
33.7604,249.173,-27.7361,,-14.8623
33.7804,215.382,-35.0258,,-18.6492
33.8003,174.629,-39.1229,,-21.8338
33.8203,128.239,-41.3876,,-24.3097
33.8403,77.7041,-42.5917,,-26.0044
33.8603,24.659,-43.1215,,-26.8562
33.8804,-29.1821,-43.1684,,-26.8413
33.9004,-82.0801,-42.8182,,-25.9593
33.9203,-132.326,-42.0762,,-24.2368
33.9403,-178.296,-40.9189,,-21.7354
33.9603,-218.508,-39.3043,,-18.5281
33.9803,-251.657,-37.1266,,-14.7213
34.0004,-276.672,-34.1479,,-10.4401
34.0204,-292.744,-29.8532,,-5.82233
34.0403,-299.37,-22.9326,,-1.01954
34.0603,-296.316,-10.2737,,3.81946
34.0803,-283.69,7.73919,,8.53927
34.1003,-261.892,22.635,,12.9773
34.1204,-231.63,31.9581,,17.0026
34.1404,-193.885,37.304,,20.4697
34.1603,-149.874,40.268,,23.282
34.1803,-101.023,41.8786,,25.337
34.2003,-48.9073,42.6701,,26.5766
34.2203,4.78883,42.9287,,26.956
34.2404,58.3292,42.7573,,26.4653
34.2604,109.986,42.1932,,25.1208
34.2804,158.088,41.2261,,22.9585
34.3003,201.082,39.8276,,20.0644
34.3203,237.577,37.9253,,16.5097
34.3403,266.395,35.3421,,12.4369
34.3603,286.613,31.7467,,7.95001
34.3804,297.562,26.2796,,3.20681
34.4004,298.9,16.6701,,-1.63171
34.4203,290.582,0.276088,,-6.42785
34.4403,272.869,-16.9123,,-11.0075
34.4603,246.341,-28.6102,,-15.2383
34.4803,211.85,-35.5312,,-18.9753
34.5004,170.511,-39.4186,,-22.0948
34.5204,123.669,-41.5588,,-24.502
34.5403,72.8302,-42.6784,,-26.12
34.5603,19.6363,-43.1669,,-26.8924
34.5803,-34.1905,-43.1727,,-26.7954
34.6003,-86.9128,-42.7778,,-25.8332
34.6204,-136.825,-42.0019,,-24.0346
34.6404,-182.318,-40.8082,,-21.4644
34.6603,-221.921,-39.1561,,-18.1968
34.6803,-254.352,-36.9032,,-14.3378
34.7003,-278.562,-33.8267,,-10.0223
34.7203,-293.77,-29.373,,-5.37963
34.7404,-299.492,-22.0656,,-0.564231
34.7604,-295.54,-8.72135,,4.2658
34.7804,-282.033,9.37591,,8.96682
34.8003,-259.412,23.7321,,13.3765
34.8203,-228.405,32.6081,,17.349
34.8403,-190.016,37.6769,,20.7665
34.8603,-145.489,40.4915,,23.5033
34.8804,-96.2663,42.0028,,25.4893
34.9004,-43.9302,42.7343,,26.6485
34.9203,9.82387,42.9523,,26.9469
34.9403,63.2612,42.7454,,26.3759
34.9603,114.654,42.1442,,24.9505
34.9803,162.342,41.1383,,22.7211
35.0004,204.79,39.6936,,19.7575
35.0204,240.612,37.7366,,16.151
35.0403,268.662,35.0831,,12.0305
35.0603,288.033,31.3511,,7.51568
35.0803,298.1,25.629,,2.75719
35.1003,298.528,15.4308,,-2.0846
35.1204,289.32,-1.45787,,-6.86486
35.1404,270.755,-18.2556,,-11.4215
35.1603,243.441,-29.4436,,-15.6103
35.1803,208.253,-36.0203,,-19.2947
35.2003,166.347,-39.7001,,-22.3521
35.2203,119.064,-41.7202,,-24.6877
35.2404,67.9338,-42.7698,,-26.2279
35.2604,14.6084,-43.2059,,-26.9203
35.2804,-39.1886,-43.1777,,-26.7414
35.3003,-91.7201,-42.7455,,-25.701
35.3203,-141.286,-41.9321,,-23.8254
35.3403,-186.289,-40.6921,,-21.1881
35.3603,-225.273,-38.985,,-17.8564
35.3804,-256.973,-36.6781,,-13.9547
35.4004,-280.372,-33.504,,-9.59829
35.4203,-294.711,-28.865,,-4.93704
35.4403,-299.535,-21.1395,,-0.111562
35.4603,-294.678,-7.11501,,4.71452
35.4803,-280.299,10.9624,,9.3929
35.5004,-256.855,24.7808,,13.7703
35.5204,-225.114,33.2371,,17.6899
35.5403,-186.097,38.037,,21.0533
35.5603,-141.068,40.6859,,23.7226
35.5803,-91.4841,42.1163,,25.6323
35.6003,-38.9436,42.8001,,26.7136
35.6204,14.8561,42.965,,26.9302
35.6404,68.1744,42.7226,,26.2776
35.6603,119.29,42.0831,,24.7756
35.6803,166.551,41.0409,,22.4733
35.7003,208.433,39.5524,,19.4471
35.7203,243.579,37.5414,,15.7873
35.7404,270.85,34.8021,,11.621
35.7604,289.374,30.9364,,7.07872
35.7804,298.551,24.9405,,2.30988
35.8003,298.076,14.1249,,-2.53773
35.8203,287.972,-3.18755,,-7.30552
35.8403,268.56,-19.5514,,-11.8299
35.8603,240.469,-30.2443,,-15.9768
35.8804,204.609,-36.4817,,-19.6077
35.9004,162.136,-39.965,,-22.6015
35.9203,114.424,-41.8705,,-24.8673
35.9403,63.0188,-42.8594,,-26.3283
35.9603,9.57566,-43.2442,,-26.9405
35.9803,-44.1761,-43.1696,,-26.6802
36.0004,-96.4996,-42.705,,-25.5584
36.0204,-145.707,-41.8541,,-23.6139
36.0403,-190.207,-40.5794,,-20.9027
36.0603,-228.558,-38.8184,,-17.5145
36.0803,-259.525,-36.4337,,-13.5667
36.1003,-282.107,-33.1646,,-9.1739
36.1204,-295.573,-28.3316,,-4.49045
36.1404,-299.49,-20.1569,,0.343188
36.1603,-293.731,-5.46094,,5.15866
36.1803,-278.484,12.5131,,9.82045
36.2003,-254.227,25.784,,14.1526
36.2203,-221.758,33.8345,,18.0357
36.2404,-182.124,38.379,,21.3276
36.2604,-136.609,40.8882,,23.9372
36.2804,-86.6751,42.231,,25.7696
36.3003,-33.9439,42.854,,26.7705
36.3203,19.884,42.9805,,26.9059
36.3403,73.0692,42.7013,,26.1734
36.3603,123.893,42.0257,,24.5937
36.3804,170.714,40.9497,,22.2211
36.4004,212.013,39.4092,,19.125
36.4203,246.474,37.3327,,15.4206
36.4403,272.96,34.5159,,11.2072
36.4603,290.632,30.5169,,6.64401
36.4803,298.915,24.2115,,1.85616
36.5004,297.536,12.7471,,-2.9894
36.5204,286.55,-4.90538,,-7.73329
36.5403,266.293,-20.789,,-12.2419
36.5603,237.43,-30.9979,,-16.3397
36.5803,200.9,-36.9202,,-19.9147
36.6003,157.878,-40.2156,,-22.8464
36.6204,109.755,-42.0201,,-25.0376
36.6404,58.0867,-42.9303,,-26.4228
36.6603,4.54073,-43.2667,,-26.953
36.6803,-49.1518,-43.1704,,-26.6119
36.7003,-101.255,-42.6684,,-25.4122
36.7203,-150.087,-41.765,,-23.3895
36.7404,-194.069,-40.4513,,-20.6113
36.7604,-231.779,-38.6501,,-17.1687
36.7804,-261.999,-36.1996,,-13.1729
36.8003,-283.758,-32.8044,,-8.7495
36.8203,-296.348,-27.76,,-4.04113
36.8403,-299.363,-19.1214,,0.797237
36.8603,-292.701,-3.77338,,5.60359
36.8804,-276.589,14.0182,,10.2368
36.9004,-251.53,26.746,,14.5401
36.9203,-218.343,34.3949,,18.3655
36.9403,-178.101,38.704,,21.6058
36.9603,-132.105,41.0787,,24.1419
36.9803,-81.8418,42.3317,,25.8996
37.0004,-28.9345,42.9058,,26.8195
37.0204,24.9064,42.9969,,26.874
37.0403,77.9434,42.6788,,26.0615
37.0603,128.461,41.9604,,24.4033
37.0803,174.828,40.84,,21.9617
37.1003,215.546,39.2643,,18.8045
37.1204,249.301,37.1289,,15.0459
37.1404,274.998,34.2203,,10.7947
37.1603,291.811,30.0651,,6.20171
37.1803,299.197,23.4285,,1.4045
37.2003,296.915,11.3121,,-3.43805
37.2203,285.04,-6.60713,,-8.1704
37.2404,263.949,-21.986,,-12.6418
37.2604,234.326,-31.7221,,-16.6963
37.2804,197.14,-37.3365,,-20.218
37.3003,153.578,-40.4582,,-23.0828
37.3203,105.054,-42.1548,,-25.2036
37.3403,53.1379,-43.0062,,-26.5095
37.3603,-0.495815,-43.3041,,-26.9579
37.3804,-54.1125,-43.159,,-26.5362
37.4004,-105.981,-42.6207,,-25.257
37.4203,-154.423,-41.6864,,-23.1589
37.4403,-197.876,-40.3287,,-20.3205
37.4603,-234.939,-38.4761,,-16.817
37.4803,-264.407,-35.9478,,-12.774
37.5004,-285.331,-32.438,,-8.31616
37.5204,-297.037,-27.1728,,-3.59414
37.5403,-299.147,-18.0159,,1.25092
37.5603,-291.593,-2.06343,,6.04243
37.5803,-274.619,15.4695,,10.6569
37.6003,-248.759,27.6625,,14.9188
37.6204,-214.865,34.9257,,18.6973
37.6404,-174.028,39.0063,,21.872
37.6603,-127.566,41.2545,,24.3411
37.6803,-76.9857,42.4361,,26.0201
37.7003,-23.919,42.9526,,26.8624
37.7203,29.9218,43.0018,,26.8351
37.7404,82.7951,42.6455,,25.9411
37.7604,132.993,41.8943,,24.2087
37.7804,178.893,40.7358,,21.6937
37.8003,219.015,39.1096,,18.4789
37.8203,252.053,36.9097,,14.6658
37.8403,276.954,33.9121,,10.3798
37.8603,292.905,29.6003,,5.75728
37.8804,299.394,22.6026,,0.953422
37.9004,296.207,9.80404,,-3.88662
37.9203,283.452,-8.27719,,-8.60221
37.9403,261.53,-23.1255,,-13.0376
37.9603,231.163,-32.4099,,-17.0518
37.9803,193.318,-37.737,,-20.5167
38.0004,149.229,-40.6824,,-23.314
38.0204,100.323,-42.2863,,-25.3597
38.0403,48.1741,-43.0788,,-26.5877
38.0603,-5.53194,-43.3266,,-26.9555
38.0803,-59.0581,-43.1443,,-26.4529
38.1003,-110.676,-42.5692,,-25.094
38.1204,-158.719,-41.6029,,-22.9275
38.1404,-201.63,-40.1942,,-20.0155
38.1603,-238.03,-38.2829,,-16.4626
38.1803,-266.735,-35.6924,,-12.3714
38.2003,-286.824,-32.0603,,-7.88607
38.2203,-297.644,-26.5449,,-3.14336
38.2404,-298.85,-16.8327,,1.70298
38.2604,-290.399,-0.33371,,6.48522
38.2804,-272.565,16.865,,11.0732
38.3003,-245.915,28.5358,,15.2929
38.3203,-211.321,35.4392,,19.023
38.3403,-169.9,39.3005,,22.1323
38.3603,-122.99,41.4234,,24.5311
38.3804,-72.1072,42.5283,,26.1352
38.4004,-18.8952,42.9991,,26.897
38.4203,34.9286,43.0063,,26.7879
38.4403,87.6228,42.6119,,25.8136
38.4603,137.484,41.8308,,24.0057
38.4803,182.909,40.6239,,21.4248
38.5004,222.419,38.9485,,18.1422
38.5204,254.739,36.6868,,14.2848
38.5403,278.833,33.598,,9.96054
38.5603,293.917,29.112,,5.3148
38.5803,299.505,21.7211,,0.496291
38.6003,295.416,8.23837,,-4.33384
38.6204,281.783,-9.8991,,-9.02637
38.6404,259.039,-24.2262,,-13.4364
38.6603,227.919,-33.0715,,-17.4044
38.6803,189.438,-38.1054,,-20.8021
38.7003,144.842,-40.9012,,-23.5375
38.7203,95.5629,-42.4143,,-25.5121
38.7404,43.1959,-43.1447,,-26.658
38.7604,-10.5667,-43.3455,,-26.9455
38.7804,-63.9871,-43.1305,,-26.3612
38.8003,-115.342,-42.5184,,-24.9265
38.8203,-162.966,-41.5112,,-22.6835
38.8403,-205.326,-40.061,,-19.7108
38.8603,-241.055,-38.0909,,-16.1021
38.8804,-268.989,-35.4237,,-11.9653
38.9004,-288.234,-31.6689,,-7.45114
38.9203,-298.169,-25.8882,,-2.69344
38.9403,-298.468,-15.5823,,2.15228
38.9603,-289.124,1.40723,,6.92884
38.9803,-270.437,18.2058,,11.4832
39.0004,-243.005,29.3749,,15.6664
39.0204,-207.721,35.9251,,19.3387
39.0403,-165.729,39.5741,,22.3873
39.0603,-118.384,41.5832,,24.7163
39.0803,-67.2091,42.6171,,26.2443
39.1003,-13.8655,43.0357,,26.9228
39.1204,39.9259,43.0066,,26.7337
39.1404,92.4269,42.5816,,25.6794
39.1603,141.943,41.7497,,23.7976
39.1803,186.87,40.5073,,21.1427
39.2003,225.759,38.7853,,17.8061
39.2203,257.354,36.4631,,13.9
39.2404,280.635,33.2687,,9.53549
39.2604,294.843,28.5917,,4.87098
39.2804,299.532,20.7934,,0.0423119
39.3003,294.543,6.62194,,-4.77877
39.3203,280.036,-11.4957,,-9.45548
39.3403,256.474,-25.2722,,-13.8245
39.3603,224.623,-33.6903,,-17.7444
39.3804,185.515,-38.4727,,-21.0931
39.4004,140.412,-41.1105,,-23.7551
39.4203,90.7774,-42.5293,,-25.6532
39.4403,38.2054,-43.2071,,-26.7227
39.4603,-15.5982,-43.3698,,-26.9274
39.4803,-68.8989,-43.1111,,-26.2632
39.5004,-119.972,-42.4651,,-24.7487
39.5204,-167.168,-41.4185,,-22.4355
39.5403,-208.961,-39.9252,,-19.3983
39.5603,-244.008,-37.8984,,-15.7373
39.5803,-271.169,-35.1393,,-11.5599
39.6003,-289.564,-31.2571,,-7.01208
39.6204,-298.605,-25.1947,,-2.24292
39.6404,-298.002,-14.2655,,2.60412
39.6603,-287.767,3.14635,,7.36505
39.6803,-268.231,19.4976,,11.8936
39.7003,-240.025,30.1648,,16.0294
39.7203,-204.068,36.3862,,19.6513
39.7404,-161.515,39.8465,,22.6415
39.7604,-113.739,41.7277,,24.892
39.7804,-62.2919,42.6982,,26.3439
39.8003,-8.83301,43.0775,,26.9422
39.8203,44.9112,43.0061,,26.6709
39.8403,97.2049,42.5391,,25.5392
39.8603,146.358,41.6756,,23.5803
39.8804,190.776,40.3928,,20.8548
39.9004,229.034,38.6172,,17.4693
39.9203,259.896,36.2246,,13.5065
39.9403,282.359,32.9232,,9.11301
39.9603,295.688,28.0499,,4.42184
39.9803,299.475,19.8065,,-0.409213
40.0004,293.586,4.96194,,-5.22378
40.0204,278.208,-13.043,,-9.87995
40.0403,253.832,-26.2737,,-14.2147
40.0603,221.259,-34.2851,,-18.0806
40.0803,181.538,-38.8092,,-21.3686
40.1003,135.948,-41.3051,,-23.9693
40.1204,85.9623,-42.6437,,-25.79
40.1404,33.2047,-43.2572,,-26.7779
40.1603,-20.6253,-43.3842,,-26.9016
40.1803,-73.7896,-43.0906,,-26.1571
40.2003,-124.57,-42.4085,,-24.5662
40.2203,-171.323,-41.3146,,-22.1812
40.2404,-212.541,-39.782,,-19.0825
40.2604,-246.891,-37.7011,,-15.3619
40.2804,-273.268,-34.8561,,-11.1499
40.3003,-290.812,-30.8202,,-6.57834
40.3203,-298.963,-24.456,,-1.78708
40.3403,-297.451,-12.8866,,3.05383
40.3603,-286.33,4.86625,,7.8007
40.3804,-265.955,20.7418,,12.295
40.4004,-236.981,30.9211,,16.3957
40.4203,-200.349,36.8231,,19.9605
40.4403,-157.244,40.0954,,22.8823
40.4603,-109.062,41.8772,,25.0634
40.4803,-57.3553,42.7767,,26.4354
40.5004,-3.79744,43.1089,,26.9534
40.5204,49.8841,42.9986,,26.6016
40.5403,101.954,42.5,,25.3902
40.5603,150.73,41.6001,,23.3554
40.5803,194.633,40.2621,,20.5704
40.6003,232.249,38.445,,17.1183
40.6204,262.364,35.9887,,13.1131
40.6404,284.001,32.5658,,8.68512
40.6603,296.451,27.4834,,3.97198
40.6803,299.333,18.7458,,-0.860976
40.7003,292.544,3.26784,,-5.6702
40.7203,276.299,-14.5426,,-10.2989
40.7404,251.122,-27.2322,,-14.5957
40.7604,217.832,-34.8398,,-18.4164
40.7804,177.501,-39.1328,,-21.6462
40.8003,131.436,-41.4936,,-24.1678
40.8203,81.1286,-42.7451,,-25.9185
40.8403,28.1954,-43.3127,,-26.8269
40.8603,-25.6469,-43.396,,-26.869
40.8804,-78.6602,-43.0651,,-26.0436
40.9004,-129.133,-42.3353,,-24.3762
40.9203,-175.428,-41.2132,,-21.9193
40.9403,-216.059,-39.6374,,-18.7582
40.9603,-249.708,-37.486,,-14.9926
40.9803,-275.294,-34.5574,,-10.7337
41.0004,-291.976,-30.3687,,-6.13335
41.0204,-299.231,-23.6719,,-1.33879
41.0403,-296.816,-11.4278,,3.5027
41.0603,-284.811,6.56761,,8.23686
41.0803,-263.594,21.933,,12.6964
41.1003,-233.868,31.6421,,16.7538
41.1204,-196.575,37.2391,,20.2604
41.1404,-152.937,40.3402,,23.1171
41.1603,-104.359,42.0145,,25.2275
41.1803,-52.406,42.853,,26.5216
41.2003,1.23895,43.1349,,26.9576
41.2203,54.843,42.998,,26.5242
41.2404,106.674,42.4559,,25.2328
41.2604,155.06,41.5098,,23.1277
41.2804,198.436,40.1422,,20.2745
41.3003,235.397,38.2671,,16.7657
41.3203,264.753,35.7305,,12.7135
41.3403,285.558,32.2013,,8.25291
41.3603,297.132,26.8927,,3.52728
41.3804,299.108,17.6232,,-1.31557
41.4004,291.42,1.54512,,-6.11325
41.4203,274.312,-15.987,,-10.7167
41.4403,248.342,-28.145,,-14.971
41.4603,214.345,-35.3805,,-18.7491
41.4803,173.418,-39.4423,,-21.9095
41.5004,126.894,-41.6661,,-24.3681
41.5204,76.2664,-42.8452,,-26.0384
41.5403,23.1778,-43.3666,,-26.8676
41.5603,-30.6607,-43.4044,,-26.8283
41.5803,-83.5094,-43.0352,,-25.9233
41.6003,-133.658,-42.2706,,-24.1785
41.6204,-179.487,-41.1111,,-21.6543
41.6404,-219.52,-39.4858,,-18.4314
41.6603,-252.457,-37.2661,,-14.6082
41.6803,-277.237,-34.2463,,-10.3167
41.7003,-293.058,-29.9011,,-5.69376
41.7203,-299.414,-22.8418,,-0.886259
41.7404,-296.099,-9.91129,,3.95262
41.7604,-283.207,8.24203,,8.66708
41.7804,-261.168,23.0736,,13.0968
41.8003,-230.684,32.3261,,17.1048
41.8203,-192.747,37.6321,,20.5555
41.8403,-148.586,40.5613,,23.349
41.8603,-99.6224,42.146,,25.3818
41.8804,-47.4393,42.9217,,26.5992
41.9004,6.27486,43.1627,,26.9541
41.9203,59.7873,42.9812,,26.4399
41.9403,111.367,42.4057,,25.0701
41.9603,159.346,41.4259,,22.8899
41.9803,202.181,40.0132,,19.9727
42.0004,238.476,38.0794,,16.4038
42.0204,267.072,35.4658,,12.3185
42.0403,287.037,31.8237,,7.82043
42.0603,297.727,26.2628,,3.07772
42.0803,298.799,16.4329,,-1.76819
42.1003,290.215,-0.206155,,-6.55357
42.1204,272.255,-17.3752,,-11.1321
42.1404,245.49,-29.0119,,-15.3495
42.1603,210.794,-35.8953,,-19.068
42.1803,169.284,-39.7345,,-22.173
42.2003,122.314,-41.8366,,-24.5559
42.2203,71.387,-42.943,,-26.1533
42.2404,18.153,-43.4123,,-26.9009
42.2604,-35.6667,-43.4112,,-26.7802
42.2804,-88.334,-43.0015,,-25.7952
42.3003,-138.147,-42.2092,,-23.975
42.3203,-183.496,-41.007,,-21.3822
42.3403,-222.914,-39.3175,,-18.0951
42.3603,-255.132,-37.0465,,-14.2277
42.3804,-279.105,-33.9377,,-9.895
42.4004,-294.06,-29.4084,,-5.25189
42.4203,-299.516,-21.951,,-0.431062
42.4403,-295.294,-8.3327,,4.40273
42.4603,-281.527,9.86925,,9.09149
42.4803,-258.663,24.1677,,13.4918
42.5004,-227.438,32.9814,,17.4491
42.5204,-188.868,38.0065,,20.8502
42.5403,-144.192,40.7804,,23.571
42.5603,-94.8567,42.2632,,25.5324
42.5803,-42.4613,42.9818,,26.6679
42.6003,11.309,43.188,,26.9434
42.6204,64.7131,42.9687,,26.3477
42.6404,116.026,42.3504,,24.8995
42.6603,163.589,41.3313,,22.6475
42.6803,205.865,39.8758,,19.6655
42.7003,241.49,37.8866,,16.0436
42.7203,269.313,35.2,,11.9116
42.7404,288.436,31.4272,,7.38556
42.7604,298.236,25.5924,,2.62719
42.7804,298.405,15.1703,,-2.22035
42.8003,288.928,-1.93633,,-6.99272
42.8203,270.114,-18.7175,,-11.5407
42.8403,242.573,-29.8572,,-15.7215
42.8603,207.187,-36.3754,,-19.3848
42.8804,165.113,-40.0041,,-22.4257
42.9004,117.7,-41.9961,,-24.7436
42.9203,66.4863,-43.0379,,-26.2587
42.9403,13.1239,-43.4551,,-26.9271
42.9603,-40.662,-43.4074,,-26.7243
42.9803,-93.1329,-42.9701,,-25.6595
43.0004,-142.596,-42.1425,,-23.7647
43.0204,-187.448,-40.8879,,-21.1007
43.0403,-226.245,-39.159,,-17.7577
43.0603,-257.737,-36.8225,,-13.8429
43.0803,-280.892,-33.6016,,-9.47276
43.1003,-294.978,-28.8918,,-4.80543
43.1204,-299.531,-21.0114,,0.0240429
43.1404,-294.407,-6.70813,,4.84719
43.1603,-279.768,11.4608,,9.51658
43.1803,-256.088,25.2125,,13.8831
43.2003,-224.13,33.6044,,17.7934
43.2203,-184.93,38.3624,,21.1333
43.2404,-139.754,40.9791,,23.7897
43.2604,-90.0681,42.3873,,25.6723
43.2804,-37.4688,43.0483,,26.7314
43.3003,16.3404,43.2039,,26.9239
43.3203,69.6214,42.9455,,26.2474
43.3403,120.652,42.2973,,24.7238
43.3603,167.784,41.2443,,22.3969
43.3804,209.492,39.7342,,19.3528
43.4004,244.436,37.6879,,15.6799
43.4203,271.48,34.9226,,11.4978
43.4403,289.751,31.0111,,6.95249
43.4603,298.664,24.8926,,2.17575
43.4803,297.922,13.8419,,-2.67388
43.5004,287.559,-3.68158,,-7.42556
43.5204,267.903,-20.012,,-11.9522
43.5403,239.581,-30.6412,,-16.0873
43.5603,203.522,-36.8305,,-19.6975
43.5803,160.883,-40.2716,,-22.6761
43.6003,113.05,-42.1558,,-24.9175
43.6204,61.5651,-43.1195,,-26.3575
43.6404,8.08998,-43.4826,,-26.9445
43.6603,-45.6461,-43.4048,,-26.6615
43.6803,-97.9072,-42.9329,,-25.5171
43.7003,-147.004,-42.0626,,-23.5466
43.7203,-191.351,-40.7653,,-20.8162
43.7404,-229.515,-38.9879,,-17.4164
43.7604,-260.264,-36.5832,,-13.4479
43.7804,-282.601,-33.2598,,-9.05037
43.8003,-295.813,-28.3431,,-4.35552
43.8203,-299.46,-20.006,,0.47475
43.8403,-293.44,-5.0368,,5.28957
43.8603,-277.935,13.0007,,9.94378
43.8804,-253.44,26.211,,14.2699
43.9004,-220.756,34.2013,,18.1316
43.9203,-180.942,38.705,,21.4108
43.9403,-135.282,41.1754,,23.9992
43.9603,-85.2513,42.4955,,25.8079
43.9803,-32.4657,43.1045,,26.786
44.0004,21.3669,43.2212,,26.8972
44.0204,74.5092,42.9248,,26.1408
44.0403,125.245,42.2371,,24.539
44.0603,171.936,41.1427,,22.1438
44.0803,213.065,39.5901,,19.0334
44.1003,247.315,37.4887,,15.307
44.1204,273.569,34.6318,,11.0888
44.1404,290.989,30.5683,,6.5123
44.1603,299.006,24.1461,,1.72427
44.1803,297.364,12.4406,,-3.12386
44.2003,286.108,-5.40479,,-7.86343
44.2203,265.613,-21.2527,,-12.3533
44.2404,236.528,-31.3975,,-16.4494
44.2604,199.795,-37.2681,,-20.0063
44.2804,156.612,-40.5263,,-22.915
44.3003,108.373,-42.2955,,-25.0882
44.3203,56.6278,-43.1976,,-26.4497
44.3403,3.05486,-43.5209,,-26.9553
44.3603,-50.6163,-43.4092,,-26.5899
44.3804,-102.652,-42.8878,,-25.3674
44.4004,-151.371,-41.9806,,-23.3219
44.4203,-195.199,-40.647,,-20.5271
44.4403,-232.719,-38.8146,,-17.0674
44.4603,-262.72,-36.3446,,-13.053
44.4803,-284.232,-32.9031,,-8.62213
44.5004,-296.56,-27.7695,,-3.90732
44.5204,-299.307,-18.9366,,0.927968
44.5403,-292.385,-3.3335,,5.73533
44.5603,-276.015,14.5004,,10.3613
44.5803,-250.719,27.1725,,14.6507
44.6003,-217.323,34.7567,,18.4652
44.6204,-176.904,39.0178,,21.6861
44.6404,-130.767,41.3639,,24.2005
44.6603,-80.4112,42.6037,,25.9353
44.6803,-27.4553,43.1569,,26.8329
44.7003,26.3871,43.2339,,26.8632
44.7203,79.3778,42.9048,,26.0268
44.7404,129.801,42.1773,,24.3464
44.7604,176.033,41.0393,,21.8827
44.7804,216.577,39.4397,,18.7087
44.8003,250.121,37.2794,,14.9358
44.8203,275.583,34.3358,,10.6711
44.8403,292.143,30.1183,,6.07295
44.8603,299.262,23.3488,,1.26916
44.8804,296.715,10.9739,,-3.56919
44.9004,284.582,-7.10123,,-8.29742
44.9203,263.244,-22.4406,,-12.7587
44.9403,233.4,-32.1162,,-16.8053
44.9603,196.012,-37.6814,,-20.3066
44.9803,152.297,-40.7622,,-23.1513
45.0004,103.66,-42.4328,,-25.2492
45.0204,51.674,-43.2723,,-26.5333
45.0403,-1.98213,-43.5515,,-26.9577
45.0603,-55.5729,-43.3967,,-26.5117
45.0803,-107.37,-42.8417,,-25.2112
45.1003,-155.697,-41.8952,,-23.0908
45.1204,-198.992,-40.5237,,-20.2325
45.1404,-235.855,-38.6364,,-16.7068
45.1603,-265.096,-36.0838,,-12.657
45.1803,-285.778,-32.5355,,-8.19213
45.2003,-297.225,-27.1712,,-3.46129
45.2203,-299.067,-17.8058,,1.3811
45.2404,-291.25,-1.59932,,6.17837
45.2604,-274.018,15.9455,,10.7776
45.2804,-247.928,28.0748,,15.0328
45.3003,-213.826,35.2906,,18.789
45.3203,-172.816,39.3272,,21.9516
45.3403,-126.221,41.5386,,24.3979
45.3603,-75.5476,42.7023,,26.0559
45.3804,-22.4363,43.2028,,26.8727
45.4004,31.4002,43.2393,,26.8214
45.4203,84.2228,42.8736,,25.905
45.4403,134.323,42.1148,,24.1489
45.4603,180.082,40.9319,,21.6156
45.4803,220.026,39.2809,,18.3787
45.5004,252.856,37.0653,,14.5565
45.5204,277.518,34.029,,10.2541
45.5403,293.214,29.6424,,5.62786
45.5603,299.437,22.5037,,0.819206
45.5803,295.983,9.43822,,-4.02195
45.6003,282.965,-8.76918,,-8.72722
45.6204,260.803,-23.5723,,-13.1541
45.6404,230.212,-32.801,,-17.1543
45.6603,192.183,-38.0794,,-20.601
45.6803,147.94,-40.9865,,-23.383
45.7003,98.9199,-42.5617,,-25.4053
45.7203,46.7069,-43.3398,,-26.6097
45.7404,-7.01766,-43.5772,,-26.9533
45.7604,-60.5142,-43.3812,,-26.4263
45.7804,-112.055,-42.7937,,-25.0447
45.8003,-159.976,-41.8098,,-22.856
45.8203,-202.729,-40.3908,,-19.9288
45.8403,-238.929,-38.45,,-16.3527
45.8603,-267.409,-35.823,,-12.2543
45.8804,-287.247,-32.1485,,-7.75725
45.9004,-297.81,-26.5385,,-3.01304
45.9203,-298.746,-16.6009,,1.83686
45.9403,-290.03,0.15026,,6.61656
45.9603,-271.945,17.3336,,11.1959
45.9803,-245.062,28.9456,,15.403
46.0004,-210.268,35.8031,,19.1153
46.0204,-168.673,39.6226,,22.2096
46.0403,-121.635,41.7046,,24.586
46.0603,-70.6655,42.7925,,26.1678
46.0803,-17.4113,43.254,,26.9058
46.1003,36.404,43.2463,,26.7724
46.1204,89.0432,42.8415,,25.7757
46.1404,138.806,42.0387,,23.9441
46.1603,184.079,40.8264,,21.3374
46.1803,223.41,39.1289,,18.0528
46.2003,255.524,36.8378,,14.1656
46.2203,279.373,33.7041,,9.83808
46.2404,294.205,29.1468,,5.18405
46.2604,299.522,21.6175,,0.362536
46.2804,295.168,7.84885,,-4.46742
46.3003,281.274,-10.4068,,-9.15325
46.3203,258.292,-24.6631,,-13.549
46.3403,226.958,-33.4517,,-17.5021
46.3603,188.29,-38.4506,,-20.8932
46.3804,143.539,-41.2059,,-23.6035
46.4004,94.1521,-42.6822,,-25.5537
46.4203,41.7243,-43.4054,,-26.6779
46.4403,-12.0515,-43.6036,,-26.9406
46.4603,-65.4385,-43.366,,-26.3335
46.4803,-116.71,-42.7382,,-24.8734
46.5004,-164.212,-41.7191,,-22.6132
46.5204,-206.405,-40.2576,,-19.6167
46.5403,-241.931,-38.2578,,-15.9946
46.5603,-269.641,-35.5504,,-11.8485
46.5803,-288.634,-31.7464,,-7.31718
46.6003,-298.302,-25.8646,,-2.56292
46.6204,-298.337,-15.3254,,2.28334
46.6404,-288.733,1.89675,,7.05885
46.6603,-269.796,18.6733,,11.6036
46.6803,-242.133,29.7788,,15.7736
46.7003,-206.653,36.2869,,19.4325
46.7203,-164.487,39.8968,,22.4653
46.7404,-117.015,41.8605,,24.7675
46.7604,-65.7598,42.8836,,26.2735
46.7804,-12.3809,43.2973,,26.9295
46.8003,41.3978,43.2468,,26.7153
46.8203,93.8391,42.8036,,25.6392
46.8403,143.249,41.9656,,23.7332
46.8603,188.029,40.7118,,21.06
46.8804,226.732,38.9652,,17.7064
46.9004,258.108,36.603,,13.7836
46.9203,281.152,33.3718,,9.41265
46.9403,295.106,28.6258,,4.73802
46.9603,299.526,20.6584,,-0.090028
46.9803,294.268,6.21136,,-4.91218
47.0004,279.502,-11.993,,-9.5797
47.0204,255.704,-25.7125,,-13.9397
47.0403,223.634,-34.073,,-17.8471
47.0603,184.346,-38.7996,,-21.1717
47.0803,139.099,-41.4091,,-23.8192
47.1003,89.3595,-42.8076,,-25.6953
47.1204,36.7311,-43.4716,,-26.7397
47.1404,-17.0822,-43.6111,,-26.9208
47.1603,-70.3436,-43.3442,,-26.2318
47.1803,-121.332,-42.6909,,-24.6964
47.2003,-168.4,-41.6246,,-22.3613
47.2203,-210.026,-40.1101,,-19.3053
47.2404,-244.869,-38.0567,,-15.6273
47.2604,-271.796,-35.2734,,-11.4391
47.2804,-289.942,-31.3279,,-6.88085
47.3003,-298.716,-25.1481,,-2.11021
47.3203,-297.849,-13.9802,,2.73444
47.3403,-287.352,3.63986,,7.49695
47.3603,-267.566,19.9654,,12.0106
47.3804,-239.133,30.5689,,16.1387
47.4004,-202.973,36.7428,,19.7434
47.4203,-160.257,40.1586,,22.7125
47.4403,-112.361,42.0144,,24.9434
47.4603,-60.8363,42.9646,,26.3713
47.4803,-7.34714,43.333,,26.9463
47.5004,46.38,43.2496,,26.6513
47.5204,98.6073,42.7608,,25.4947
47.5403,147.65,41.8934,,23.5154
47.5603,191.923,40.5938,,20.7747
47.5803,229.993,38.7935,,17.3614
47.6003,260.63,36.3686,,13.3927
47.6204,282.848,33.0232,,8.9865
47.6404,295.927,28.0788,,4.29141
47.6603,299.447,19.6471,,-0.541541
47.6803,293.291,4.52926,,-5.35722
47.7003,277.653,-13.5375,,-10.0049
47.7203,253.042,-26.7051,,-14.3271
47.7404,220.254,-34.6581,,-18.1801
47.7604,180.349,-39.1415,,-21.4515
47.7804,134.619,-41.6081,,-24.0293
47.8003,84.5382,-42.9151,,-25.8276
47.8203,31.7277,-43.5206,,-26.7936
47.8403,-22.1078,-43.6312,,-26.8932
47.8603,-75.23,-43.326,,-26.125
47.8804,-125.92,-42.6231,,-24.5098
47.9004,-172.54,-41.5242,,-22.1046
47.9203,-213.587,-39.9687,,-18.9878
47.9403,-247.735,-37.8551,,-15.2541
47.9603,-273.874,-34.9783,,-11.0274
47.9803,-291.165,-30.8843,,-6.44499
48.0004,-299.048,-24.3964,,-1.6565
48.0204,-297.271,-12.5648,,3.18802
48.0403,-285.888,5.36739,,7.92812
48.0603,-265.265,21.2033,,12.4181
48.0803,-236.067,31.3254,,16.4987
48.1003,-199.24,37.1719,,20.0493
48.1204,-155.977,40.407,,22.9533
48.1404,-107.676,42.1589,,25.1112
48.1603,-55.8977,43.0459,,26.4608
48.1803,-2.31144,43.3626,,26.9563
48.2003,51.3489,43.2421,,26.579
48.2203,103.351,42.7221,,25.3454
48.2404,152.013,41.8119,,23.2892
48.2604,195.762,40.4705,,20.4818
48.2804,233.185,38.6182,,17.0135
48.3003,263.074,36.1215,,12.9971
48.3203,284.468,32.6719,,8.55796
48.3403,296.665,27.5035,,3.84309
48.3603,299.278,18.5625,,-0.995887
48.3804,292.224,2.81186,,-5.80048
48.4004,275.723,-15.0234,,-10.4232
48.4203,250.308,-27.6513,,-14.7088
48.4403,216.806,-35.2205,,-18.5152
48.4603,176.302,-39.4617,,-21.7221
48.4803,130.101,-41.7867,,-24.23
48.5004,79.6947,-43.024,,-25.9541
48.5204,26.7146,-43.5757,,-26.8396
48.5403,-27.1274,-43.6353,,-26.8576
48.5603,-80.0931,-43.2984,,-26.0079
48.5803,-130.471,-42.5695,,-24.319
48.6003,-176.634,-41.4216,,-21.8434
48.6204,-217.09,-39.8157,,-18.6618
48.6404,-250.531,-37.6452,,-14.8776
48.6603,-275.871,-34.6825,,-10.6133
48.6803,-292.306,-30.4302,,-6.00209
48.7003,-299.291,-23.5902,,-1.20415
48.7203,-296.61,-11.085,,3.63519
48.7404,-284.349,7.06626,,8.36083
48.7604,-262.888,22.3849,,12.8172
48.7804,-232.935,32.0434,,16.8547
48.8003,-195.453,37.59,,20.3517
48.8203,-151.657,40.6418,,23.1859
48.8403,-102.963,42.2948,,25.2738
48.8603,-50.9419,43.1245,,26.544
48.8804,2.72455,43.3958,,26.958
48.9004,56.3035,43.227,,26.4995
48.9203,108.062,42.6809,,25.1874
48.9403,156.332,41.7296,,23.058
48.9603,199.548,40.3372,,20.1852
48.9803,236.315,38.438,,16.66
49.0004,265.447,35.873,,12.5952
49.0204,286.001,32.2954,,8.12903
49.0403,297.321,26.8846,,3.3962
49.0603,299.029,17.4193,,-1.45017
49.0803,291.076,1.07476,,-6.24447
49.1003,273.717,-16.4701,,-10.8409
49.1204,247.509,-28.5628,,-15.0849
49.1404,213.303,-35.7521,,-18.8401
49.1603,172.205,-39.7687,,-21.9892
49.1803,125.547,-41.9608,,-24.4249
49.2003,74.8297,-43.1253,,-26.0727
49.2203,21.6957,-43.6242,,-26.8792
49.2404,-32.1388,-43.6511,,-26.8147
49.2604,-84.9343,-43.2685,,-25.8857
49.2804,-134.985,-42.4937,,-24.1192
49.3003,-180.676,-41.3222,,-21.574
49.3203,-220.528,-39.6605,,-18.3343
49.3403,-253.25,-37.4214,,-14.4955
49.3603,-277.795,-34.3709,,-10.193
49.3804,-293.361,-29.9516,,-5.5626
49.4004,-299.452,-22.7429,,-0.751057
49.4203,-295.863,-9.54482,,4.08553
49.4403,-282.724,8.73983,,8.78861
49.4603,-260.436,23.5236,,13.2138
49.4803,-229.734,32.7256,,17.207
49.5004,-191.609,37.9765,,20.6455
49.5204,-147.292,40.8701,,23.4145
49.5403,-98.219,42.423,,25.4272
49.5603,-45.9724,43.1857,,26.6203
49.5803,7.76049,43.4228,,26.9518
49.6003,61.2416,43.2225,,26.4121
49.6204,112.742,42.6285,,25.0209
49.6404,160.603,41.6351,,22.8198
49.6603,203.266,40.2086,,19.8794
49.6803,239.377,38.2507,,16.3063
49.7003,267.745,35.6025,,12.1944
49.7203,287.457,31.9082,,7.69116
49.7404,297.887,26.2495,,2.94832
49.7604,298.695,16.2,,-1.90317
49.7804,289.847,-0.678265,,-6.68258
49.8003,271.634,-17.8623,,-11.2554
49.8203,244.634,-29.431,,-15.4594
49.8403,209.74,-36.2552,,-19.1598
49.8603,168.063,-40.0512,,-22.2486
49.8804,120.957,-42.13,,-24.6146
49.9004,69.9414,-43.2195,,-26.1844
49.9203,16.67,-43.6676,,-26.9097
49.9403,-37.1413,-43.6477,,-26.7641
49.9603,-89.7516,-43.2337,,-25.7547
49.9803,-139.462,-42.4365,,-23.9151
50.0004,-184.668,-41.2072,,-21.2988
50.0204,-223.905,-39.493,,-17.9973
50.0403,-255.905,-37.1948,,-14.1126
50.0603,-279.636,-34.0505,,-9.77287
50.0803,-294.336,-29.4594,,-5.11791
50.1003,-299.527,-21.8365,,-0.298316
50.1204,-295.039,-7.9322,,4.53319
50.1404,-281.018,10.3726,,9.21721
50.1603,-257.914,24.607,,13.6056
50.1803,-226.469,33.3707,,17.5554
50.2003,-187.713,38.3508,,20.9312
50.2203,-142.886,41.0904,,23.6387
50.2404,-93.4465,42.5372,,25.5733
50.2604,-40.9892,43.2459,,26.6875
50.2804,12.7941,43.4446,,26.9384
50.3003,66.1626,43.2125,,26.3178
50.3203,117.394,42.5738,,24.849
50.3403,164.83,41.5419,,22.5741
50.3603,206.943,40.0722,,19.5753
50.3804,242.37,38.0612,,15.9393
50.4004,269.96,35.3295,,11.7813
50.4203,288.83,31.4926,,7.26337
50.4403,298.372,25.5688,,2.49662
50.4603,298.275,14.9193,,-2.35533
50.4803,288.533,-2.43441,,-7.12295
50.5004,269.467,-19.2025,,-11.6659
50.5204,241.692,-30.2608,,-15.8256
50.5403,206.115,-36.7305,,-19.477
50.5603,163.868,-40.3322,,-22.5025
50.5803,116.331,-42.2935,,-24.7941
50.6003,65.0365,-43.3047,,-26.2885
50.6204,11.6387,-43.706,,-26.9335
50.6404,-42.134,-43.6548,,-26.7065
50.6603,-94.5443,-43.207,,-25.6174
50.6803,-143.901,-42.3595,,-23.7011
50.7003,-188.603,-41.0881,,-21.0169
50.7203,-227.215,-39.3329,,-17.661
50.7404,-258.49,-36.9697,,-13.7238
50.7604,-281.405,-33.7143,,-9.34831
50.7804,-295.228,-28.9192,,-4.67034
50.8003,-299.52,-20.8716,,0.152106
50.8203,-294.128,-6.29597,,4.97993
50.8403,-279.236,11.9611,,9.64206
50.8603,-255.317,25.6533,,13.9964
50.8804,-223.139,33.9889,,17.8982
50.9004,-183.758,38.6971,,21.2142
50.9203,-138.439,41.2803,,23.8506
50.9403,-88.648,42.6636,,25.7137
50.9603,-35.994,43.3107,,26.748
50.9803,17.824,43.454,,26.9171
51.0004,71.066,43.1843,,26.2169
51.0204,122.011,42.522,,24.6687
51.0403,169.016,41.4509,,22.3266
51.0603,210.557,39.9238,,19.2566
51.0803,245.291,37.854,,15.5697
51.1003,272.106,35.048,,11.3798
51.1204,290.127,31.081,,6.82171
51.1404,298.776,24.8479,,2.04084
51.1603,297.767,13.5493,,-2.80305
51.1803,287.141,-4.17793,,-7.55838
51.2003,267.232,-20.4783,,-12.0727
51.2203,238.684,-31.0508,,-16.1918
51.2404,202.425,-37.1918,,-19.7901
51.2604,159.63,-40.5931,,-22.7468
51.2804,111.673,-42.4404,,-24.9678
51.3003,60.1109,-43.3859,,-26.3856
51.3203,6.60457,-43.7462,,-26.9494
51.3403,-47.1139,-43.6541,,-26.6406
51.3603,-99.3099,-43.1631,,-25.4737
51.3804,-148.298,-42.2774,,-23.4822
51.4004,-192.492,-40.9715,,-20.7325
51.4203,-230.471,-39.1662,,-17.3118
51.4403,-260.995,-36.7349,,-13.3311
51.4603,-283.091,-33.3642,,-8.92428
51.4803,-296.039,-28.3698,,-4.22392
51.5004,-299.425,-19.8467,,0.606757
51.5204,-293.136,-4.59572,,5.42403
51.5403,-277.374,13.4992,,10.0648
51.5603,-252.644,26.6468,,14.3825
51.5803,-219.749,34.5796,,18.2343
51.6003,-179.752,39.0331,,21.4923
51.6204,-133.953,41.4759,,24.0561
51.6404,-83.8268,42.7727,,25.8464
51.6603,-30.9889,43.3702,,26.8014
51.6803,22.8488,43.4691,,26.8884
51.7003,75.948,43.1642,,26.1076
51.7203,126.594,42.4606,,24.4834
51.7404,173.148,41.3489,,22.0658
51.7604,214.112,39.7814,,18.9424
51.7804,248.149,37.6527,,15.1942
51.8003,274.173,34.7548,,10.9697
51.8203,291.339,30.6353,,6.37675
51.8403,299.093,24.0895,,1.59419
51.8603,297.179,12.1257,,-3.25635
51.8804,285.663,-5.91019,,-7.99331
51.9004,264.922,-21.7137,,-12.4722
51.9203,235.609,-31.7943,,-16.5571
51.9403,198.683,-37.6191,,-20.0935
51.9603,155.345,-40.8447,,-22.9838
51.9803,106.986,-42.5831,,-25.1375
52.0004,55.1677,-43.4561,,-26.475
52.0204,1.56836,-43.7782,,-26.9573
52.0403,-52.0804,-43.648,,-26.5676
52.0603,-104.047,-43.1186,,-25.321
52.0803,-152.652,-42.1929,,-23.2555
52.1003,-196.326,-40.8474,,-20.4411
52.1204,-233.653,-38.9944,,-16.9627
52.1404,-263.43,-36.4789,,-12.9352
52.1603,-284.698,-32.9929,,-8.49512
52.1803,-296.766,-27.7854,,-3.77815
52.2003,-299.249,-18.7577,,1.06376
52.2203,-292.057,-2.87451,,5.86741
52.2404,-275.431,14.9997,,10.4853
52.2604,-249.9,27.5988,,14.7606
52.2804,-216.298,35.133,,18.5646
52.3003,-175.702,39.3557,,21.763
52.3203,-129.43,41.667,,24.2586
52.3403,-78.9803,42.8791,,25.9721
52.3603,-25.9755,43.4134,,26.846
52.3804,27.8674,43.4814,,26.8524
52.4004,80.8085,43.1401,,25.9897
52.4203,131.141,42.3994,,24.2917
52.4403,177.231,41.2463,,21.798
52.4603,217.592,39.6272,,18.6168
52.4803,250.935,37.4404,,14.8242
52.5004,276.162,34.4543,,10.5485
52.5204,292.463,30.176,,5.93936
52.5403,299.321,23.2734,,1.13799
52.5603,296.508,10.6235,,-3.70071
52.5803,284.112,-7.61101,,-8.42728
52.6003,262.532,-22.8887,,-12.8738
52.6204,232.467,-32.5092,,-16.9083
52.6404,194.892,-38.0361,,-20.393
52.6603,151.019,-41.0788,,-23.2204
52.6803,102.266,-42.7115,,-25.2982
52.7003,50.2103,-43.5325,,-26.5561
52.7203,-3.46809,-43.8105,,-26.9576
52.7404,-57.0328,-43.6365,,-26.4873
52.7604,-108.757,-43.0669,,-25.1635
52.7804,-156.963,-42.1093,,-23.0217
52.8003,-200.1,-40.7224,,-20.1415
52.8203,-236.765,-38.8069,,-16.6027
52.8403,-265.788,-36.217,,-12.5437
52.8603,-286.226,-32.6279,,-8.06202
52.8804,-297.408,-27.1755,,-3.32813
52.9004,-298.985,-17.5929,,1.51423
52.9203,-290.903,-1.12392,,6.30964
52.9403,-273.413,16.4376,,10.9025
52.9603,-247.089,28.5011,,15.1391
52.9803,-212.783,35.6657,,18.8892
53.0004,-171.597,39.6566,,22.0276
53.0204,-124.871,41.8339,,24.4534
53.0403,-74.11,42.9731,,26.0899
53.0603,-20.9542,43.4722,,26.8833
53.0803,32.8776,43.4953,,26.8081
53.1003,85.6469,43.1029,,25.8667
53.1204,135.651,42.3347,,24.0901
53.1404,181.269,41.1411,,21.5339
53.1603,221.029,39.4712,,18.283
53.1803,253.653,37.22,,14.4442
53.2003,278.077,34.1426,,10.1293
53.2203,293.51,29.6961,,5.49561
53.2404,299.471,22.4099,,0.683797
53.2604,295.751,9.0726,,-4.14903
53.2804,282.478,-9.27691,,-8.8556
53.3003,260.069,-24.0298,,-13.2725
53.3203,229.254,-33.1969,,-17.2598
53.3403,191.036,-38.4176,,-20.6857
53.3603,146.649,-41.2967,,-23.4459
53.3804,97.5171,-42.8512,,-25.4514
53.4004,45.2378,-43.6029,,-26.6302
53.4203,-8.50371,-43.8289,,-26.9505
53.4403,-61.9694,-43.6227,,-26.3988
53.4603,-113.432,-43.019,,-24.9959
53.4803,-161.231,-42.0231,,-22.7848
53.5004,-203.816,-40.5825,,-19.8349
53.5204,-239.817,-38.617,,-16.2467
53.5403,-268.076,-35.9567,,-12.139
53.5603,-287.666,-32.2358,,-7.62811
53.5803,-297.964,-26.5195,,-2.87792
53.6003,-298.634,-16.3582,,1.9678
53.6204,-289.657,0.630977,,6.74883
53.6404,-271.318,17.8198,,11.3124
53.6603,-244.209,29.3722,,15.5155
53.6803,-209.203,36.1651,,19.2091
53.7003,-167.446,39.9336,,22.2858
53.7203,-120.275,42.0027,,24.6403
53.7404,-69.2204,43.0687,,26.2004
53.7604,-15.9271,43.5043,,26.9129
53.7804,37.8789,43.4861,,26.7567
53.8003,90.4611,43.0816,,25.7354
53.8203,140.121,42.2614,,23.8823
53.8403,185.251,41.0155,,21.259
53.8603,224.396,39.3075,,17.9474
53.8804,256.294,36.9969,,14.0554
53.9004,279.905,33.8231,,9.71036
53.9203,294.471,29.1785,,5.05262
53.9403,299.533,21.491,,0.231258
53.9603,294.91,7.45879,,-4.59866
53.9803,280.758,-10.9111,,-9.28121
54.0004,257.532,-25.117,,-13.6646
54.0204,225.982,-33.8413,,-17.6065
54.0403,187.129,-38.7865,,-20.9727
54.0603,142.234,-41.5126,,-23.6671
54.0803,92.7408,-42.9767,,-25.5969
54.1003,40.2519,-43.6695,,-26.6963
54.1204,-13.5364,-43.8495,,-26.9361
54.1404,-66.8881,-43.6093,,-26.3047
54.1603,-118.078,-42.9752,,-24.8222
54.1803,-165.453,-41.9303,,-22.5377
54.2003,-207.479,-40.4455,,-19.5259
54.2203,-242.803,-38.4262,,-15.885
54.2404,-270.284,-35.6872,,-11.7299
54.2604,-289.028,-31.829,,-7.19301
54.2804,-298.439,-25.835,,-2.42792
54.3003,-298.205,-15.0585,,2.42082
54.3203,-288.333,2.38911,,7.18774
54.3403,-269.143,19.1501,,11.7227
54.3603,-241.257,30.1928,,15.8821
54.3804,-205.57,36.6453,,19.5274
54.4004,-163.243,40.2116,,22.5329
54.4203,-115.647,42.1469,,24.8246
54.4403,-64.3095,43.1492,,26.3013
54.4603,-10.8964,43.5527,,26.9361
54.4803,42.8693,43.4899,,26.6975
54.5004,95.2489,43.0351,,25.597
54.5204,144.552,42.1799,,23.6694
54.5403,189.184,40.9074,,20.9774
54.5603,227.701,39.1424,,17.605
54.5803,258.863,36.7581,,13.6686
54.6003,281.662,33.4756,,9.28641
54.6204,295.355,28.6545,,4.6055
54.6404,299.509,20.5193,,-0.221957
54.6603,293.986,5.79203,,-5.04422
54.6803,278.967,-12.5049,,-9.70476
54.7003,254.927,-26.1548,,-14.0543
54.7203,222.642,-34.451,,-17.948
54.7404,183.171,-39.1366,,-21.2547
54.7604,137.783,-41.7196,,-23.8807
54.7804,87.9384,-43.088,,-25.7354
54.8003,35.2562,-43.7214,,-26.7558
54.8203,-18.5658,-43.8674,,-26.9137
54.8403,-71.7878,-43.5921,,-26.2013
54.8603,-122.689,-42.911,,-24.6415
54.8804,-169.629,-41.8315,,-22.2889
54.9004,-211.084,-40.3035,,-19.2102
54.9203,-245.72,-38.229,,-15.5158
54.9403,-272.417,-35.4027,,-11.3187
54.9603,-290.311,-31.3942,,-6.75641
54.9803,-298.825,-25.1077,,-1.97258
55.0004,-297.687,-13.6941,,2.86557
55.0204,-286.929,4.14173,,7.62599
55.0403,-266.899,20.4406,,12.1294
55.0603,-238.235,30.9778,,16.2474
55.0803,-201.88,37.0909,,19.8349
55.1003,-159.001,40.4718,,22.7828
55.1204,-110.983,42.3019,,24.9946
55.1404,-59.3812,43.2319,,26.3994
55.1603,-5.86131,43.5809,,26.9497
55.1803,47.8478,43.4931,,26.6311
55.2003,100.011,42.9979,,25.4499
55.2203,148.942,42.1027,,23.4505
55.2404,193.062,40.7817,,20.689
55.2604,230.944,38.9674,,17.2615
55.2804,261.36,36.5142,,13.2745
55.3003,283.335,33.1275,,8.85915
55.3203,296.15,28.0899,,4.15863
55.3403,299.405,19.47,,-0.675016
55.3603,292.982,4.08875,,-5.48766
55.3804,277.093,-14.039,,-10.1298
55.4004,252.243,-27.1437,,-14.438
55.4203,219.246,-35.0422,,-18.2791
55.4403,179.162,-39.4788,,-21.5344
55.4603,133.288,-41.9035,,-24.0882
55.4803,83.1125,-43.1932,,-25.8654
55.5004,30.2501,-43.7886,,-26.808
55.5204,-23.5898,-43.8823,,-26.8839
55.5403,-76.6663,-43.5603,,-26.0899
55.5603,-127.267,-42.8501,,-24.456
55.5803,-173.756,-41.7368,,-22.0297
55.6003,-214.627,-40.1593,,-18.8889
55.6204,-248.565,-38.0151,,-15.1432
55.6404,-274.473,-35.1035,,-10.9062
55.6603,-291.511,-30.9595,,-6.3155
55.6803,-299.13,-24.3389,,-1.52358
55.7003,-297.089,-12.2465,,3.31948
55.7203,-285.445,5.86972,,8.05691
55.7404,-264.572,21.6661,,12.5354
55.7604,-235.149,31.7268,,16.6049
55.7804,-198.129,37.5207,,20.14
55.8003,-154.709,40.7171,,23.0218
55.8203,-106.288,42.4478,,25.1607
55.8403,-54.4366,43.31,,26.4862
55.8603,-0.825417,43.6144,,26.9573
55.8804,52.8126,43.4853,,26.557
55.9004,104.745,42.9528,,25.2986
55.9203,153.291,42.0241,,23.221
55.9403,196.886,40.66,,20.3971
55.9603,234.115,38.7964,,16.9069
55.9803,263.78,36.2622,,12.8789
56.0004,284.926,32.7614,,8.43403
56.0204,296.866,27.5069,,3.70915
56.0403,299.211,18.3736,,-1.12998
56.0603,291.89,2.34642,,-5.93108
56.0803,275.139,-15.5274,,-10.5467
56.1003,249.49,-28.084,,-14.8205
56.1204,215.779,-35.5969,,-18.6104
56.1404,175.1,-39.7981,,-21.8027
56.1603,128.761,-42.0854,,-24.2873
56.1803,78.2612,-43.2967,,-25.9897
56.2003,25.2354,-43.8327,,-26.852
56.2203,-28.607,-43.8936,,-26.8462
56.2404,-81.5242,-43.5338,,-25.972
56.2604,-131.807,-42.7911,,-24.2613
56.2804,-177.83,-41.6304,,-21.7635
56.3003,-218.109,-40.0018,,-18.568
56.3203,-251.343,-37.8052,,-14.764
56.3403,-276.449,-34.804,,-10.4887
56.3603,-292.628,-30.4858,,-5.87933
56.3804,-299.353,-23.5138,,-1.06582
56.4004,-296.402,-10.7386,,3.76768
56.4203,-283.879,7.57196,,8.48952
56.4403,-262.169,22.8484,,12.9358
56.4603,-231.998,32.4417,,16.9572
56.4803,-194.327,37.9327,,20.4365
56.5004,-150.374,40.945,,23.2576
56.5204,-101.566,42.5786,,25.3197
56.5403,-49.4752,43.3834,,26.5677
56.5603,4.21148,43.642,,26.9559
56.5803,57.7626,43.4712,,26.4753
56.6003,109.448,42.9053,,25.1382
56.6204,157.594,41.9411,,22.9871
56.6404,200.649,40.5281,,20.0965
56.6603,237.225,38.6063,,16.5553
56.6803,266.132,36.0112,,12.4766
56.7003,286.439,32.3849,,8.00227
56.7203,297.497,26.8773,,3.26167
56.7404,298.937,17.1965,,-1.58577
56.7604,290.719,0.601575,,-6.37028
56.7804,273.11,-16.9629,,-10.9621
56.8003,246.672,-28.996,,-15.1955
56.8203,212.258,-36.1226,,-18.9376
56.8403,170.987,-40.0874,,-22.0669
56.8603,124.193,-42.2608,,-24.4804
56.8804,73.3893,-43.4016,,-26.1067
56.9004,20.2128,-43.8801,,-26.8882
56.9203,-33.6161,-43.8924,,-26.8012
56.9403,-86.3595,-43.5072,,-25.8483
56.9603,-136.311,-42.7229,,-24.0592
56.9803,-181.858,-41.52,,-21.4927
57.0004,-221.53,-39.8444,,-18.2361
57.0204,-254.044,-37.5851,,-14.3836
57.0403,-278.35,-34.4873,,-10.0701
57.0603,-293.66,-29.9982,,-5.43144
57.0803,-299.487,-22.643,,-0.618407
57.1003,-295.635,-9.16655,,4.21874
57.1204,-282.229,9.24818,,8.91688
57.1404,-259.698,23.9734,,13.3327
57.1603,-228.774,33.1142,,17.3093
57.1803,-190.463,38.3189,,20.7305
57.2003,-145.995,41.1717,,23.4795
57.2203,-96.8132,42.705,,25.472
57.2404,-44.5027,43.4474,,26.64
57.2604,9.24623,43.6698,,26.9486
57.2804,62.6952,43.4579,,26.3858
57.3003,114.12,42.8502,,24.9716
57.3203,161.859,41.8462,,22.7502
57.3403,204.369,40.398,,19.7912
57.3603,240.267,38.4199,,16.1936
57.3804,268.405,35.7413,,12.0735
57.4004,287.875,31.9832,,7.56631
57.4203,298.038,26.2252,,2.8101
57.4403,298.575,15.9493,,-2.03567
57.4603,289.465,-1.1655,,-6.81044
57.4803,271.002,-18.3395,,-11.3769
57.5004,243.776,-29.8598,,-15.5683
57.5204,208.672,-36.6221,,-19.2552
57.5403,166.826,-40.3727,,-22.3234
57.5603,119.594,-42.4229,,-24.6677
57.5803,68.4949,-43.4933,,-26.2161
57.6003,15.1856,-43.9263,,-26.9167
57.6204,-38.6158,-43.8938,,-26.7483
57.6404,-91.1688,-43.4705,,-25.7163
57.6603,-140.778,-42.6485,,-23.8519
57.6803,-185.835,-41.4068,,-21.215
57.7003,-224.89,-39.679,,-17.8994
57.7203,-256.672,-37.3577,,-13.9978
57.7404,-280.171,-34.159,,-9.65143
57.7604,-294.614,-29.4851,,-4.98568
57.7804,-299.536,-21.7122,,-0.1621
57.8003,-294.779,-7.54167,,4.66527
57.8203,-280.501,10.8756,,9.34227
57.8403,-257.154,25.0602,,13.7227
57.8603,-225.491,33.7687,,17.6582
57.8804,-186.552,38.6821,,21.0116
57.9004,-141.579,41.3787,,23.7036
57.9203,-92.032,42.8242,,25.6159
57.9403,-39.516,43.5168,,26.7055
57.9603,14.2788,43.6854,,26.9331
57.9803,67.6124,43.4383,,26.2898
58.0004,118.761,42.8013,,24.7959
58.0204,166.074,41.754,,22.5037
58.0403,208.016,40.253,,19.4781
58.0603,243.24,38.2199,,15.8309
58.0803,270.601,35.4649,,11.6669
58.1003,289.224,31.5757,,7.1292
58.1204,298.5,25.53,,2.36132
58.1404,298.132,14.6369,,-2.48505
58.1603,288.135,-2.92539,,-7.24936
58.1803,268.82,-19.6758,,-11.7864
58.2003,240.815,-30.6759,,-15.9365
58.2203,205.032,-37.0925,,-19.5706
58.2404,162.624,-40.6443,,-22.5742
58.2604,114.958,-42.5795,,-24.848
58.2804,63.5832,-43.5733,,-26.3178
58.3003,10.1534,-43.9574,,-26.9379
58.3203,-43.6044,-43.9004,,-26.6883
58.3403,-95.9533,-43.4289,,-25.576
58.3603,-145.202,-42.5719,,-23.637
58.3804,-189.759,-41.29,,-20.9342
58.4004,-228.184,-39.517,,-17.5552
58.4203,-259.232,-37.1159,,-13.6089
58.4403,-281.909,-33.813,,-9.22389
58.4603,-295.478,-28.9538,,-4.54383
58.4803,-299.501,-20.7296,,0.292862
58.5004,-293.842,-5.86288,,5.10909
58.5204,-278.695,12.4632,,9.76765
58.5403,-254.534,26.0916,,14.1116
58.5603,-222.146,34.3758,,17.9923
58.5803,-182.581,39.0333,,21.3012
58.6003,-137.118,41.5803,,23.9114
58.6204,-87.2284,42.939,,25.7537
58.6404,-34.5183,43.5739,,26.7643
58.6603,19.3074,43.7043,,26.9095
58.6803,72.5089,43.4219,,26.185
58.7003,123.365,42.7408,,24.6148
58.7203,170.241,41.6573,,22.2526
58.7404,211.613,40.111,,19.1612
58.7604,246.144,38.0227,,15.4629
58.7804,272.724,35.1735,,11.2554
58.8003,290.493,31.1432,,6.69406
58.8203,298.876,24.7987,,1.90508
58.8403,297.603,13.2491,,-2.93412
58.8603,286.715,-4.68695,,-7.68852
58.8804,266.557,-20.9559,,-12.1914
58.9004,237.785,-31.4546,,-16.2971
58.9203,201.331,-37.5432,,-19.8818
58.9403,158.37,-40.9085,,-22.816
58.9603,110.293,-42.7285,,-25.0217
58.9803,58.6523,-43.6519,,-26.412
59.0004,5.11849,-43.9921,,-26.9517
59.0204,-48.581,-43.8984,,-26.6202
59.0403,-100.711,-43.3939,,-25.4299
59.0603,-149.589,-42.4937,,-23.4167
59.0803,-193.631,-41.1673,,-20.6469
59.1003,-231.415,-39.3426,,-17.2066
59.1204,-261.721,-36.8798,,-13.2172
59.1404,-283.574,-33.4594,,-8.79559
59.1603,-296.259,-28.3801,,-4.09484
59.1803,-299.38,-19.6811,,0.7449
59.2003,-292.827,-4.15294,,5.55219
59.2203,-276.809,14.0026,,10.1911
59.2404,-251.842,27.0851,,14.4935
59.2604,-218.739,34.9527,,18.3302
59.2804,-178.566,39.3612,,21.571
59.3003,-132.626,41.7737,,24.1198
59.3203,-82.3984,43.0477,,25.8852
59.3403,-29.5102,43.6188,,26.8152
59.3603,24.3307,43.7151,,26.8784
59.3804,77.3849,43.4011,,26.0733
59.4004,127.937,42.6804,,24.427
59.4203,174.357,41.5508,,21.9898
59.4403,215.141,39.9645,,18.8431
59.4603,248.977,37.8155,,15.087
59.4803,274.77,34.8777,,10.8476
59.5004,291.683,30.6946,,6.25056
59.5204,299.171,24.0128,,1.4553
59.5403,296.992,11.7915,,-3.38841
59.5603,285.213,-6.41787,,-8.1215
59.5803,264.222,-22.1815,,-12.5899
59.6003,234.69,-32.2065,,-16.6592
59.6204,197.576,-37.9717,,-20.1829
59.6404,154.07,-41.1503,,-23.0584
59.6603,105.595,-42.8705,,-25.1836
59.6803,53.7062,-43.7321,,-26.4995
59.7003,0.0825187,-44.0259,,-26.9579
59.7203,-53.5436,-43.8855,,-26.5449
59.7404,-105.441,-43.3507,,-25.2756
59.7604,-153.929,-42.411,,-23.1875
59.7804,-197.443,-41.0406,,-20.351
59.8003,-234.582,-39.1669,,-16.8602
59.8203,-264.133,-36.6225,,-12.8173
59.8403,-285.155,-33.0931,,-8.36603
59.8603,-296.961,-27.7863,,-3.64772
59.8804,-299.176,-18.562,,1.19751
59.9004,-291.724,-2.41283,,5.99766
59.9203,-274.844,15.4926,,10.6082
59.9403,-249.08,28.03,,14.8736
59.9603,-215.264,35.5017,,18.6611
59.9803,-174.494,39.6782,,21.841
60.0004,-127.548,41.8422,,24.0924