0.0202669,5.11417,16.9962,,4.51512
0.0402865,15.097,39.1108,,5.02985
0.060306,25.1006,48.2536,,4.99574
0.0803255,35.0878,52.1702,,4.99033
0.100345,45.0594,53.9456,,4.98155
0.120365,55.0122,54.5709,,4.97106
0.140384,64.9408,54.5994,,4.95876
0.160404,74.8448,54.2853,,4.94511
0.180423,84.7184,53.7948,,4.92868
0.200443,94.5582,53.2082,,4.91062
0.220218,104.357,52.5897,,4.89313
0.240238,114.119,51.9589,,4.86618
0.260257,123.828,51.3262,,4.84554
0.280277,133.498,50.7123,,4.82228
0.300296,143.109,50.1239,,4.79122
0.320316,152.662,49.5586,,4.76284
0.340335,162.158,49.0121,,4.73268
0.360355,171.583,48.4987,,4.69671
0.380374,180.945,48.0108,,4.66422
0.400394,190.229,47.5417,,4.62421
0.420413,199.439,47.0946,,4.58543
0.440433,208.569,46.6729,,4.54655
0.460452,217.618,46.2625,,4.50443
0.480228,226.581,45.8707,,4.46207
0.500247,235.45,45.4989,,4.40838
0.520267,244.224,45.1367,,4.36568
0.540286,252.902,44.7846,,4.3159
0.560306,261.48,44.4504,,4.26386
0.580326,269.952,44.1233,,4.21372
0.600345,278.32,43.7976,,4.15273
0.620365,286.57,43.4868,,4.10047
0.640384,294.705,43.1874,,4.03949
0.660404,302.728,42.8932,,3.98356
0.680423,310.631,42.5931,,3.92198
0.700443,318.406,42.3058,,3.85671
0.720218,326.053,42.0268,,3.79356
0.740238,333.568,41.7431,,3.72448
0.760257,340.953,41.462,,3.66433
0.780277,348.202,41.1847,,3.59247
0.800296,355.309,40.9152,,3.51599
0.820316,362.272,40.6441,,3.4492
0.840335,369.097,40.3665,,3.3757
0.860355,375.768,40.092,,3.30066
0.880374,382.297,39.8191,,3.22533
0.900394,388.661,39.5483,,3.14864
0.920413,394.879,39.2701,,3.07109
0.940433,400.941,38.9916,,2.99164
0.960452,406.833,38.7141,,2.90865
0.980228,412.565,38.4328,,2.82776
1.00025,418.138,38.1436,,2.74457
1.02027,423.533,37.8513,,2.65961
1.04029,428.766,37.5569,,2.57554
1.06031,433.831,37.2601,,2.49075
1.08033,438.713,36.9612,,2.40036
1.10035,443.437,36.642,,2.32232
1.12036,447.968,36.3215,,2.22036
1.14038,452.319,36.0026,,2.13182
1.1604,456.495,35.658,,2.0504
1.18042,460.496,35.3125,,1.94884
1.20044,464.295,34.9536,,1.86441
1.22022,467.922,34.5925,,1.76268
1.24024,471.351,34.2057,,1.66991
1.26026,474.592,33.8063,,1.57777
1.28028,477.649,33.3949,,1.48504
1.3003,480.518,32.9588,,1.38558
1.32032,483.191,32.5103,,1.2897
1.34034,485.668,32.0256,,1.19622
1.36035,487.956,31.5246,,1.0947
1.38037,490.052,30.9892,,1.01067
1.40039,491.948,30.4226,,0.889412
1.42041,493.644,29.8094,,0.803531
1.44043,495.135,29.1538,,0.699342
1.46045,496.44,28.449,,0.605884
1.48023,497.543,27.6772,,0.508411
1.50025,498.45,26.8441,,0.401717
1.52027,499.153,25.9257,,0.305173
1.54029,499.661,24.8987,,0.206851
1.56031,499.968,23.7578,,0.105225
1.58033,500.058,22.484,,3.47E-03
1.60035,499.986,21.0522,,-0.0922316
1.62036,499.678,19.4382,,-0.198629
1.64038,499.184,17.6135,,-0.295593
1.6604,498.49,15.5717,,-0.391795
1.68042,497.599,13.3156,,-0.494007
1.70044,496.506,10.846,,-0.594346
1.72022,495.216,8.20261,,-0.690494
1.74024,493.728,5.44435,,-0.793532
1.76026,492.043,2.63832,,-0.886365
1.78028,490.158,-0.188472,,-0.994153
1.8003,488.078,-2.95121,,-1.07923
1.82032,485.808,-5.61085,,-1.18435
1.84034,483.335,-8.1655,,-1.28462
1.86035,480.681,-10.5937,,-1.36845
1.88037,477.823,-12.8852,,-1.47887
1.90039,474.78,-15.0579,,-1.56736
1.92041,471.536,-17.1024,,-1.66589
1.94043,468.114,-19.0234,,-1.75529
1.96045,464.501,-20.8382,,-1.84942
1.98023,460.7,-22.5318,,-1.94435
2.00025,456.721,-24.1168,,-2.03284
2.02027,452.561,-25.5976,,-2.12262
2.04029,448.215,-26.9629,,-2.21876
2.06031,443.691,-28.2379,,-2.2988
2.08033,438.988,-29.4028,,-2.39836
2.10035,434.111,-30.4824,,-2.47787
2.12036,429.061,-31.47,,-2.56652
2.14038,423.834,-32.3637,,-2.6554
2.1604,418.454,-33.1947,,-2.72931
2.18042,412.884,-33.9453,,-2.82392
2.20044,407.156,-34.6113,,-2.90249
2.22022,401.271,-35.2303,,-2.98296
2.24024,395.229,-35.7886,,-3.05616
2.26026,389.018,-36.2913,,-3.14119
2.28028,382.648,-36.7362,,-3.22233
2.3003,376.143,-37.1439,,-3.28909
2.32032,369.479,-37.5128,,-3.36273
2.34034,362.671,-37.8436,,-3.44514
2.36035,355.705,-38.1378,,-3.51558
2.38037,348.606,-38.3971,,-3.5829
2.40039,341.362,-38.6317,,-3.6542
2.42041,333.987,-38.8496,,-3.72065
2.44043,326.479,-39.0314,,-3.78416
2.46045,318.834,-39.2003,,-3.85496
2.48023,311.071,-39.3482,,-3.91155
2.50025,303.175,-39.4803,,-3.97546
2.52027,295.162,-39.592,,-4.03463
2.54029,287.03,-39.6931,,-4.09305
2.56031,278.784,-39.7847,,-4.15081
2.58033,270.425,-39.864,,-4.20476
2.60035,261.96,-39.9289,,-4.25865
2.62036,253.387,-39.9879,,-4.31043
2.64038,244.717,-40.0298,,-4.35862
2.6604,235.945,-40.0731,,-4.40691
2.68042,227.082,-40.11,,-4.45473
2.70044,218.124,-40.1335,,-4.49975
2.72022,209.083,-40.1579,,-4.53766
2.74024,199.958,-40.171,,-4.586
2.76026,190.749,-40.1866,,-4.62297
2.78028,181.465,-40.1893,,-4.65815
2.8003,172.11,-40.1861,,-4.69431
2.82032,162.685,-40.1845,,-4.7292
2.84034,153.197,-40.1747,,-4.75839
2.86035,143.647,-40.1701,,-4.78835
2.88037,134.038,-40.1479,,-4.81676
2.90039,124.383,-40.1245,,-4.84046
2.92041,114.67,-40.1094,,-4.86912
2.94043,104.91,-40.0829,,-4.89113
2.96045,95.1104,-40.0475,,-4.9086
2.98023,85.2714,-40.0109,,-4.92577
3.00025,75.402,-39.9861,,-4.94358
3.02027,65.4998,-39.9477,,-4.9575
3.04029,55.5725,-39.8973,,-4.96912
3.06031,45.6225,-39.8533,,-4.97958
3.08033,35.655,-39.8151,,-4.98779
3.10035,25.6717,-39.7687,,-4.99414
3.12036,15.6794,-39.7031,,-4.99801
3.14038,5.68028,-39.6494,,-5.00052
3.1604,-4.32089,-39.6054,,-5.00044
3.18042,-14.3203,-39.546,,-4.99861
3.20044,-24.314,-39.4749,,-4.99478
3.22022,-34.2983,-39.4119,,-4.98931
3.24024,-44.2684,-39.3561,,-4.98122
3.26026,-54.2213,-39.2853,,-4.97156
3.28028,-64.152,-39.2083,,-4.95969
3.3003,-74.0579,-39.1386,,-4.94648
3.32032,-83.9342,-39.0685,,-4.92923
3.34034,-93.7753,-38.9914,,-4.91405
3.36035,-103.582,-38.9108,,-4.89238
3.38037,-113.343,-38.823,,-4.87164
3.40039,-123.065,-38.7479,,-4.84746
3.42041,-132.726,-38.659,,-4.81879
3.44043,-142.344,-38.5636,,-4.79658
3.46045,-151.904,-38.4791,,-4.76584
3.48023,-161.404,-38.3875,,-4.73505
3.50025,-170.837,-38.2865,,-4.69914
3.52027,-180.2,-38.1926,,-4.66534
3.54029,-189.491,-38.0932,,-4.62856
3.56031,-198.708,-37.9883,,-4.58886
3.58033,-207.844,-37.8783,,-4.54991
3.60035,-216.9,-37.7768,,-4.5084
3.62036,-225.871,-37.665,,-4.46164
3.64038,-234.744,-37.5485,,-4.41527
3.6604,-243.527,-37.4302,,-4.36881
3.68042,-252.213,-37.3186,,-4.31978
3.70044,-260.799,-37.1944,,-4.26913
3.72022,-269.281,-37.0692,,-4.21532
3.74024,-277.654,-36.9408,,-4.15965
3.76026,-285.915,-36.8109,,-4.10429
3.78028,-294.064,-36.6786,,-4.04569
3.8003,-302.093,-36.5434,,-3.9872
3.82032,-310.006,-36.3959,,-3.92831
3.84034,-317.792,-36.2589,,-3.86032
3.86035,-325.45,-36.1191,,-3.79908
3.88037,-332.975,-35.9626,,-3.73047
3.90039,-340.369,-35.805,,-3.66671
3.92041,-347.632,-35.656,,-3.59847
3.94043,-354.749,-35.4987,,-3.53209
3.96045,-361.733,-35.3275,,-3.44906
3.98023,-368.56,-35.156,,-3.3799
4.00025,-375.244,-34.9879,,-3.30487
4.02027,-381.781,-34.81,,-3.23597
4.04029,-388.16,-34.6243,,-3.1502
4.06031,-394.388,-34.4326,,-3.07854
4.08033,-400.458,-34.2408,,-2.99512
4.10035,-406.371,-34.0497,,-2.92077
4.12036,-412.115,-33.8409,,-2.83166
4.14038,-417.696,-33.6252,,-2.74957
4.1604,-423.116,-33.4137,,-2.67684
4.18042,-428.362,-33.1907,,-2.57374
4.20044,-433.433,-32.9496,,-2.49658
4.22022,-438.329,-32.7093,,-2.41119
4.24024,-443.065,-32.4714,,-2.32068
4.26026,-447.606,-32.2068,,-2.22977
4.28028,-451.975,-31.9416,,-2.14271
4.3003,-456.167,-31.6684,,-2.05182
4.32032,-460.174,-31.3816,,-1.95933
4.34034,-463.996,-31.0703,,-1.86784
4.36035,-467.631,-30.7644,,-1.77342
4.38037,-471.083,-30.4353,,-1.68898
4.40039,-474.348,-30.0956,,-1.57688
4.42041,-477.413,-29.7205,,-1.49038
4.44043,-480.293,-29.346,,-1.39557
4.46045,-482.984,-28.9515,,-1.29869
4.48023,-485.48,-28.515,,-1.20026
4.50025,-487.779,-28.0683,,-1.10482
4.52027,-489.883,-27.5796,,-1.00525
4.54029,-491.795,-27.0738,,-0.910424
4.56031,-493.505,-26.5139,,-0.807679
4.58033,-495.024,-25.9109,,-0.713346
4.60035,-496.346,-25.264,,-0.611343
4.62036,-497.464,-24.5709,,-0.512365
4.64038,-498.384,-23.7933,,-0.413796
4.6604,-499.107,-22.9335,,-0.312957
4.68042,-499.625,-21.9927,,-0.212632
4.70044,-499.948,-20.9506,,-0.115571
4.72022,-500.054,-19.7788,,-6.26E-03
4.74024,-499.994,-18.4522,,0.0834104
4.76026,-499.712,-16.9622,,0.185054
4.78028,-499.234,-15.2908,,0.286716
4.8003,-498.554,-13.4203,,0.386645
4.82032,-497.678,-11.3288,,0.48594
4.84034,-496.601,-9.05275,,0.585525
4.86035,-495.327,-6.61886,,0.684887
4.88037,-493.85,-4.05871,,0.78357
4.90039,-492.183,-1.4618,,0.881503
4.92041,-490.314,1.14608,,0.982757
4.94043,-488.248,3.68702,,1.07908
4.96045,-485.989,6.15218,,1.17415
4.98023,-483.537,8.48465,,1.27304
5.00025,-480.89,10.6855,,1.36851
5.02027,-478.053,12.7669,,1.46435
5.04029,-475.034,14.7136,,1.55576
5.06031,-471.802,16.5424,,1.65839
5.08033,-468.403,18.2336,,1.74992
5.10035,-464.795,19.8273,,1.8435
5.12036,-461.013,21.305,,1.93552
5.14038,-457.045,22.6766,,2.02788
5.1604,-452.894,23.9416,,2.11718
5.18042,-448.572,25.1178,,2.20081
5.20044,-444.058,26.1885,,2.3075
5.22022,-439.367,27.1788,,2.38057
5.24024,-434.51,28.0854,,2.47232
5.26026,-429.471,28.9224,,2.5626
5.28028,-424.26,29.6723,,2.64649
5.3003,-418.884,30.3559,,2.72665
5.32032,-413.33,30.9951,,2.81541
5.34034,-407.621,31.5652,,2.8904
5.36035,-401.751,32.0864,,2.97635
5.38037,-395.712,32.5583,,3.05689
5.40039,-389.52,32.9913,,3.13293
5.42041,-383.167,33.3833,,3.21223
5.44043,-376.661,33.7397,,3.29162
5.46045,-370.011,34.069,,3.3575
5.48023,-363.209,34.362,,3.43875
5.50025,-356.264,34.6286,,3.50506
5.52027,-349.175,34.8843,,3.57805
5.54029,-341.946,35.1134,,3.65019
5.56031,-334.578,35.3091,,3.70924
5.58033,-327.083,35.4866,,3.78314
5.60035,-319.452,35.665,,3.84518
5.62036,-311.695,35.8287,,3.91027
5.64038,-303.807,35.9634,,3.97092
5.6604,-295.804,36.0894,,4.02958
5.68042,-287.683,36.2086,,4.08839
5.70044,-279.447,36.3262,,4.14573
5.72022,-271.094,36.4228,,4.20223
5.74024,-262.635,36.5094,,4.2552
5.76026,-254.072,36.5902,,4.30525
5.78028,-245.409,36.6699,,4.35403
5.8003,-236.648,36.7341,,4.40477
5.82032,-227.791,36.798,,4.45033
5.84034,-218.841,36.8574,,4.49607
5.86035,-209.805,36.908,,4.53896
5.88037,-200.684,36.9524,,4.57914
5.90039,-191.483,36.9902,,4.61858
5.92041,-182.207,37.0227,,4.6574
5.94043,-172.858,37.0623,,4.68834
5.96045,-163.44,37.0892,,4.72727
5.98023,-153.956,37.1062,,4.75603
6.00025,-144.41,37.1256,,4.78788
6.02027,-134.805,37.1503,,4.8137
6.04029,-125.143,37.1608,,4.84527
6.06031,-115.442,37.1534,,4.85907
6.08033,-105.689,37.1626,,4.88765
6.10035,-95.8937,37.1773,,4.9106
6.12036,-86.0542,37.1706,,4.92511
6.14038,-76.1876,37.1539,,4.9408
6.1604,-66.2894,37.1541,,4.9567
6.18042,-56.3631,37.1492,,4.9685
6.20044,-46.4149,37.1255,,4.9786
6.22022,-36.4487,37.1046,,4.987
6.24024,-26.4678,37.0844,,4.9934
6.26026,-16.4754,37.0707,,4.99817
6.28028,-6.47663,37.0458,,5.00025
6.3003,3.5244,37.0083,,5.00055
6.32032,13.5242,36.9764,,4.99893
6.34034,23.5185,36.9443,,4.99524
6.36035,33.5036,36.9114,,4.98946
6.38037,43.4745,36.869,,4.98217
6.40039,53.4293,36.8227,,4.97195
6.42041,63.3617,36.7846,,4.9611
6.44043,73.2698,36.7403,,4.94722
6.46045,83.1477,36.6867,,4.93029
6.48023,92.9928,36.6256,,4.91587
6.50025,102.8,36.5771,,4.89419
6.52027,112.565,36.5218,,4.87041
6.54029,122.283,36.4627,,4.84952
6.56031,131.962,36.3977,,4.82621
6.58033,141.581,36.3294,,4.79691
6.60035,151.143,36.2674,,4.76541
6.62036,160.646,36.1923,,4.73826
6.64038,170.086,36.1151,,4.70338
6.6604,179.455,36.041,,4.66777
6.68042,188.753,35.9697,,4.6313
6.70044,197.976,35.8818,,4.59471
6.72022,207.123,35.7972,,4.55099
6.74024,216.181,35.7085,,4.50999
6.76026,225.154,35.6228,,4.46644
6.78028,234.042,35.5262,,4.42168
6.8003,242.833,35.4287,,4.37379
6.82032,251.527,35.3268,,4.32184
6.84034,260.122,35.2258,,4.27328
6.86035,268.61,35.1191,,4.21976
6.88037,276.994,35.0081,,4.16372
6.90039,285.263,34.898,,4.10922
6.92041,293.418,34.7822,,4.04908
6.94043,301.456,34.6661,,3.99135
6.96045,309.376,34.5414,,3.93116
6.98023,317.175,34.4181,,3.86821
7.00025,324.843,34.2778,,3.80518
7.02027,332.382,34.143,,3.73558
7.04029,339.796,34.0208,,3.67914
7.06031,347.057,33.8793,,3.59265
7.08033,354.186,33.7176,,3.54085
7.10035,361.183,33.5652,,3.45226
7.12036,368.016,33.4316,,3.38692
7.14038,374.716,33.2696,,3.31986
7.1604,381.265,33.0863,,3.23427
7.18042,387.661,32.9197,,3.15884
7.20044,393.9,32.7624,,3.0836
7.22022,399.98,32.5833,,3.00172
7.24024,405.899,32.3801,,2.92182
7.26026,411.666,32.19,,2.84619
7.28028,417.261,32.0118,,2.7556
7.3003,422.694,31.7992,,2.68005
7.32032,427.948,31.5676,,2.58166
7.34034,433.034,31.3632,,2.50711
7.36035,437.954,31.1505,,2.4119
7.38037,442.689,30.8985,,2.3298
7.40039,447.253,30.6446,,2.23767
7.42041,451.636,30.4081,,2.15241
7.44043,455.841,30.1441,,2.05389
7.46045,459.856,29.859,,1.96679
7.48023,463.695,29.565,,1.87602
7.50025,467.352,29.2746,,1.78713
7.52027,470.817,28.9573,,1.69025
7.54029,474.094,28.6214,,1.58361
7.56031,477.176,28.2773,,1.50198
7.58033,480.07,27.9065,,1.39945
7.60035,482.772,27.5241,,1.30893
7.62036,485.286,27.1035,,1.20665
7.64038,487.603,26.6635,,1.11474
7.6604,489.729,26.2035,,1.01945
7.68042,491.656,25.7094,,0.908241
7.70044,493.381,25.1641,,0.819435
7.72022,494.909,24.5888,,0.718926
7.74024,496.248,23.9671,,0.621232
7.76026,497.382,23.2764,,0.518497
7.78028,498.318,22.5373,,0.422421
7.8003,499.054,21.7224,,0.319476
7.82032,499.592,20.7994,,0.223277
7.84034,499.938,19.7868,,0.125589
7.86035,500.057,18.6597,,9.80E-03
7.88037,500.012,17.3811,,-0.0705757
7.90039,499.742,15.9365,,-0.180965
7.92041,499.28,14.3277,,-0.278282
7.94043,498.612,12.5099,,-0.380088
7.96045,497.756,10.4816,,-0.473495
7.98023,496.698,8.28852,,-0.583262
8.00025,495.434,5.93468,,-0.67501
8.02027,493.978,3.47134,,-0.775104
8.04029,492.32,0.931888,,-0.873462
8.06031,490.469,-1.60681,,-0.974203
8.08033,488.425,-4.07104,,-1.07022
8.10034,486.179,-6.45724,,-1.16714
8.12036,483.747,-8.72948,,-1.2603
8.14038,481.115,-10.8729,,-1.36736
8.1604,478.287,-12.8712,,-1.45473
8.18042,475.27,-14.7564,,-1.55685
8.20044,472.064,-16.5169,,-1.64694
8.22022,468.668,-18.1467,,-1.74055
8.24024,465.09,-19.6752,,-1.83434
8.26026,461.326,-21.0872,,-1.92656
8.28028,457.372,-22.3953,,-2.01794
8.3003,453.238,-23.6064,,-2.11461
8.32032,448.914,-24.726,,-2.20351
8.34033,444.42,-25.744,,-2.28796
8.36035,439.743,-26.6807,,-2.38437
8.38037,434.896,-27.5492,,-2.46023
8.40039,429.876,-28.3387,,-2.55241
8.42041,424.683,-29.0447,,-2.63712
8.44043,419.317,-29.7043,,-2.72541
8.46045,413.781,-30.3079,,-2.80208
8.48023,408.083,-30.852,,-2.89365
8.50025,402.219,-31.3471,,-2.96784
8.52027,396.205,-31.8013,,-3.03634
8.54029,390.021,-32.2173,,-3.14202
8.56031,383.684,-32.5916,,-3.19971
8.58033,377.189,-32.9328,,-3.28399
8.60034,370.548,-33.2495,,-3.35628
8.62036,363.756,-33.5397,,-3.43089
8.64038,356.821,-33.8064,,-3.50219
8.6604,349.751,-34.0471,,-3.56918
8.68042,342.529,-34.2561,,-3.64473
8.70044,335.171,-34.4604,,-3.70893
8.72022,327.681,-34.655,,-3.77829
8.74024,320.064,-34.8312,,-3.83787
8.76026,312.319,-34.9775,,-3.90179
8.78028,304.442,-35.1222,,-3.96954
8.8003,296.445,-35.2609,,-4.02493
8.82032,288.334,-35.383,,-4.08529
8.84033,280.102,-35.4967,,-4.14061
8.86035,271.762,-35.6003,,-4.19679
8.88037,263.314,-35.691,,-4.24913
8.90039,254.76,-35.7829,,-4.3006
8.92041,246.103,-35.87,,-4.3554
8.94043,237.348,-35.9422,,-4.39759
8.96045,228.499,-36.0119,,-4.44704
8.98023,219.558,-36.075,,-4.49264
9.00025,210.526,-36.1339,,-4.53542
9.02027,201.413,-36.1896,,-4.5767
9.04029,192.22,-36.2397,,-4.61321
9.06031,182.953,-36.2872,,-4.65343
9.08033,173.606,-36.3231,,-4.68895
9.10034,164.196,-36.355,,-4.71852
9.12036,154.716,-36.396,,-4.75909
9.14038,145.17,-36.4214,,-4.7866
9.1604,135.57,-36.4401,,-4.81121
9.18042,125.926,-36.4614,,-4.83575
9.20044,116.217,-36.4849,,-4.8654
9.22022,106.466,-36.4952,,-4.88765
9.24024,96.674,-36.5005,,-4.90321
9.26026,86.842,-36.5093,,-4.92536
9.28028,76.9755,-36.518,,-4.94017
9.3003,67.0787,-36.5169,,-4.9554
9.32032,57.155,-36.5103,,-4.96788
9.34033,47.2086,-36.508,,-4.97824
9.36035,37.2433,-36.5009,,-4.98611
9.38037,27.2625,-36.4846,,-4.99351
9.40039,17.271,-36.4734,,-4.99769
9.42041,7.27298,-36.4592,,-4.99986
9.44043,-2.728,-36.434,,-5.00073
9.46045,-12.7279,-36.4104,,-4.99897
9.48023,-22.723,-36.3889,,-4.99571
9.50025,-32.7085,-36.3653,,-4.98998
9.52027,-42.6819,-36.3273,,-4.98358
9.54029,-52.6383,-36.2948,,-4.97263
9.56031,-62.5715,-36.2623,,-4.96119
9.58033,-72.4816,-36.2274,,-4.94844
9.60034,-82.3636,-36.1798,,-4.93201
9.62036,-92.2097,-36.1332,,-4.91723
9.64038,-102.025,-36.0949,,-4.8953
9.6604,-111.791,-36.0393,,-4.87584
9.68042,-121.52,-35.988,,-4.85262
9.70044,-131.195,-35.9323,,-4.82406
9.72022,-140.817,-35.8745,,-4.79898
9.74024,-150.386,-35.8151,,-4.76988
9.76026,-159.894,-35.7491,,-4.74003
9.78028,-169.337,-35.6807,,-4.70586
9.8003,-178.711,-35.6143,,-4.66936
9.82032,-188.015,-35.5376,,-4.63593
9.84033,-197.248,-35.4615,,-4.59729
9.86035,-206.399,-35.3842,,-4.55402
9.88037,-215.465,-35.3078,,-4.51405
9.90039,-224.446,-35.2237,,-4.4705
9.92041,-233.34,-35.1256,,-4.42433
9.94043,-242.138,-35.041,,-4.37597
9.96045,-250.839,-34.9488,,-4.32738
9.98023,-259.439,-34.8536,,-4.2761
10.0002,-267.937,-34.7451,,-4.22298
10.0203,-276.328,-34.6471,,-4.17093
10.0403,-284.607,-34.5446,,-4.11204
10.0603,-292.774,-34.4276,,-4.05622
10.0803,-300.823,-34.3145,,-3.99628
10.1003,-308.752,-34.194,,-3.93441
10.1204,-316.558,-34.0801,,-3.87289
10.1404,-324.237,-33.9556,,-3.8087
10.1604,-331.781,-33.8253,,-3.7423
10.1804,-339.198,-33.6902,,-3.67651
10.2004,-346.482,-33.557,,-3.60905
10.2202,-353.622,-33.4137,,-3.53604
10.2402,-360.621,-33.2713,,-3.46521
10.2603,-367.479,-33.1234,,-3.39622
10.2803,-374.207,-32.9736,,-3.32524
10.3003,-380.735,-32.8051,,-3.22993
10.3203,-387.153,-32.6355,,-3.17477
10.3403,-393.409,-32.4757,,-3.08888
10.3604,-399.501,-32.3043,,-3.00806
10.3804,-405.435,-32.1145,,-2.92865
10.4004,-411.208,-31.9272,,-2.84766
10.4204,-416.817,-31.742,,-2.76719
10.4404,-422.268,-31.5392,,-2.68714
10.4605,-427.537,-31.3315,,-2.58834
10.4802,-432.632,-31.1108,,-2.51092
10.5002,-437.566,-30.8956,,-2.421
10.5203,-442.319,-30.6632,,-2.34052
10.5403,-446.895,-30.4126,,-2.24068
10.5603,-451.297,-30.1762,,-2.16273
10.5803,-455.511,-29.916,,-2.05832
10.6003,-459.545,-29.6449,,-1.97752
10.6204,-463.399,-29.341,,-1.88357
10.6404,-467.078,-29.0643,,-1.78936
10.6604,-470.549,-28.7538,,-1.69791
10.6804,-473.84,-28.4281,,-1.59568
10.7004,-476.937,-28.0704,,-1.50505
10.7202,-479.849,-27.7194,,-1.4117
10.7402,-482.58,-27.3443,,-1.31941
10.7603,-485.096,-26.929,,-1.20911
10.7803,-487.434,-26.4933,,-1.12404
10.8003,-489.562,-26.0428,,-1.01687
10.8203,-491.501,-25.557,,-0.924951
10.8403,-493.249,-25.0187,,-0.82859
10.8604,-494.798,-24.4442,,-0.723701
10.8804,-496.147,-23.8394,,-0.630529
10.9004,-497.301,-23.1716,,-0.531083
10.9204,-498.256,-22.4296,,-0.423645
10.9404,-498.999,-21.6114,,-0.32847
10.9605,-499.551,-20.7238,,-0.227196
10.9802,-499.905,-19.7388,,-0.136708
11.0002,-500.052,-18.6191,,-0.0167273
11.0203,-500.02,-17.367,,0.0604545
11.0403,-499.765,-15.9658,,0.174889
11.0603,-499.326,-14.3744,,0.265535
11.0803,-498.678,-12.5958,,0.372091
11.1003,-497.833,-10.6285,,0.471805
11.1204,-496.788,-8.46747,,0.568915
11.1404,-495.544,-6.13629,,0.667241
11.1604,-494.101,-3.69078,,0.770498
11.1804,-492.461,-1.21516,,0.864606
11.2004,-490.63,1.28708,,0.963648
11.2202,-488.608,3.75552,,1.05967
11.2402,-486.371,6.11584,,1.15978
11.2603,-483.948,8.34798,,1.26298
11.2803,-481.326,10.4693,,1.35422
11.3003,-478.518,12.4669,,1.44871
11.3203,-475.525,14.3161,,1.54389
11.3403,-472.326,16.0541,,1.64423
11.3604,-468.945,17.6749,,1.7342
11.3804,-465.381,19.1754,,1.82347
11.4004,-461.649,20.5606,,1.91987
11.4204,-457.689,21.8502,,2.01788
11.4404,-453.573,23.0455,,2.10153
11.4605,-449.271,24.1438,,2.18215
11.4802,-444.8,25.1328,,2.29189
11.5002,-440.126,26.0605,,2.37805
11.5203,-435.29,26.9118,,2.45579
11.5403,-430.289,27.678,,2.54087
11.5603,-425.102,28.3807,,2.63365
11.5803,-419.749,29.0184,,2.71898
11.6003,-414.23,29.6095,,2.79909
11.6204,-408.547,30.1428,,2.87886
11.6404,-402.693,30.6316,,2.96645
11.6604,-396.684,31.0751,,3.0424
11.6804,-390.516,31.4827,,3.12151
11.7004,-384.188,31.8531,,3.19505
11.7202,-377.719,32.189,,3.28034
11.7402,-371.081,32.4985,,3.3473
11.7603,-364.304,32.7849,,3.42715
11.7803,-357.383,33.0417,,3.49136
11.8003,-350.315,33.2794,,3.57129
11.8203,-343.104,33.5051,,3.63608
11.8403,-335.768,33.6986,,3.69311
11.8604,-328.292,33.8796,,3.77991
11.8804,-320.674,34.0534,,3.83774
11.9004,-312.943,34.2153,,3.89519
11.9204,-305.072,34.35,,3.96503
11.9404,-297.088,34.4803,,4.01977
11.9605,-288.983,34.6156,,4.08125
11.9802,-280.761,34.7341,,4.1363
12.0002,-272.43,34.833,,4.19199
12.0203,-263.99,34.9232,,4.24561
12.0403,-255.443,35.025,,4.29813
12.0603,-246.796,35.1203,,4.3489
12.0803,-238.046,35.1826,,4.39661
12.1003,-229.204,35.2538,,4.44235
12.1204,-220.274,35.33,,4.48751
12.1404,-211.249,35.3948,,4.53234
12.1604,-202.143,35.4473,,4.57266
12.1804,-192.955,35.4967,,4.61136
12.2004,-183.692,35.5441,,4.64913
12.2202,-174.352,35.59,,4.68817
12.2402,-164.941,35.6273,,4.72004
12.2603,-155.472,35.6709,,4.7512
12.2803,-145.935,35.7004,,4.78232
12.3003,-136.338,35.7157,,4.8104
12.3203,-126.687,35.7427,,4.84039
12.3403,-116.989,35.7754,,4.85754
12.3604,-107.244,35.7929,,4.88405
12.3804,-97.4556,35.803,,4.90455
12.4004,-87.6246,35.8024,,4.92375
12.4204,-77.7632,35.8147,,4.93862
12.4404,-67.8677,35.8294,,4.95433
12.4605,-57.9462,35.8289,,4.96663
12.4802,-48.001,35.8223,,4.97741
12.5002,-38.0375,35.8072,,4.98589
12.5203,-28.0575,35.8047,,4.99285
12.5403,-18.0671,35.8015,,4.99726
12.5603,-8.06942,35.787,,5
12.5803,1.93159,35.765,,5.00052
12.6003,11.9317,35.745,,4.99947
12.6204,21.9272,35.7223,,4.99584
12.6404,31.9141,35.6981,,4.99064
12.6604,41.8875,35.6665,,4.98349
12.6804,51.8453,35.6344,,4.97403
12.7004,61.7814,35.6087,,4.96221
12.7202,71.6938,35.5764,,4.94965
12.7402,81.5768,35.5302,,4.93437
12.7603,91.4278,35.4799,,4.91641
12.7803,101.239,35.4429,,4.89688
12.8003,111.015,35.4077,,4.87741
12.8203,120.739,35.3519,,4.84979
12.8403,130.421,35.2831,,4.83172
12.8604,140.054,35.2354,,4.80083
12.8804,149.625,35.1934,,4.77225
12.9004,159.136,35.1274,,4.74193
12.9204,168.586,35.0509,,4.71071
12.9404,177.968,34.9819,,4.67247
12.9605,187.277,34.9249,,4.63657
12.9802,196.513,34.8571,,4.60115
13.0002,205.669,34.7748,,4.55832
13.0203,214.744,34.6889,,4.51703
13.0403,223.733,34.6089,,4.47428
13.0603,232.635,34.5341,,4.42766
13.0803,241.44,34.4477,,4.37963
13.1003,250.148,34.3482,,4.33271
13.1204,258.758,34.2471,,4.27864
13.1404,267.263,34.1618,,4.22777
13.1604,275.662,34.0647,,4.17318
13.1804,283.952,33.9536,,4.12453
13.2004,292.133,33.8424,,4.05557
13.2202,300.187,33.7287,,4.00099
13.2402,308.124,33.6156,,3.93907
13.2603,315.949,33.5054,,3.88796
13.2803,323.638,33.3837,,3.80421
13.3003,331.187,33.2476,,3.7487
13.3203,338.62,33.112,,3.68421
13.3403,345.904,32.9915,,3.61019
13.3604,353.061,32.8591,,3.54241
13.3804,360.071,32.7039,,3.47209
13.4004,366.937,32.5543,,3.39983
13.4204,373.658,32.4083,,3.32308
13.4404,380.233,32.259,,3.25572
13.4605,386.651,32.0913,,3.17009
13.4802,392.914,31.9176,,3.09448
13.5002,399.021,31.7513,,3.015
13.5203,404.97,31.5795,,2.93588
13.5403,410.76,31.3875,,2.86602
13.5603,416.391,31.1958,,2.76307
13.5803,421.838,30.9978,,2.6855
13.6003,427.122,30.7951,,2.60459
13.6204,432.237,30.5818,,2.51736
13.6404,437.178,30.367,,2.42828
13.6604,441.947,30.1304,,2.34397
13.6804,446.541,29.9,,2.25251
13.7004,450.952,29.6538,,2.16331
13.7202,455.185,29.3975,,2.07199
13.7402,459.233,29.123,,1.98222
13.7603,463.098,28.842,,1.88695
13.7803,466.779,28.5529,,1.7974
13.8003,470.276,28.2494,,1.70702
13.8203,473.59,27.919,,1.60464
13.8403,476.696,27.5813,,1.5112
13.8604,479.626,27.2242,,1.42078
13.8804,482.357,26.8492,,1.32008
13.9004,484.898,26.443,,1.2205
13.9204,487.247,26.009,,1.13137
13.9404,489.402,25.5702,,1.03044
13.9605,491.357,25.0872,,0.93164
13.9802,493.115,24.5492,,0.831229
14.0002,494.683,23.99,,0.738122
14.0203,496.045,23.3949,,0.633967
14.0403,497.211,22.7235,,0.537204
14.0603,498.186,21.996,,0.43696
14.0803,498.949,21.2041,,0.335326
14.1003,499.52,20.3276,,0.239768
14.1204,499.894,19.3424,,0.144269
14.1404,500.054,18.2429,,0.0176219
14.1604,500.023,17.0115,,-0.0497856
14.1804,499.797,15.6234,,-0.164848
14.2004,499.366,14.0633,,-0.260687
14.2202,498.739,12.3021,,-0.362505
14.2402,497.909,10.3546,,-0.465341
14.2603,496.875,8.22834,,-0.561479
14.2803,495.65,5.92719,,-0.656618
14.3003,494.227,3.51462,,-0.761481
14.3203,492.599,1.04209,,-0.862051
14.3403,490.783,-1.44597,,-0.952877
14.3604,488.763,-3.88298,,-1.05897
14.3804,486.55,-6.23868,,-1.14856
14.4004,484.146,-8.4717,,-1.25258
14.4204,481.546,-10.5905,,-1.34121
14.4404,478.75,-12.5673,,-1.44722
14.4605,475.763,-14.4204,,-1.53867
14.4802,472.593,-16.1602,,-1.62616
14.5002,469.225,-17.7538,,-1.73352
14.5203,465.67,-19.2575,,-1.82041
14.5403,461.929,-20.6396,,-1.91391
14.5603,458.01,-21.9228,,-1.99819
14.5803,453.914,-23.1013,,-2.10033
14.6003,449.618,-24.2016,,-2.18924
14.6204,445.148,-25.1977,,-2.27485
14.6404,440.504,-26.1087,,-2.36403
14.6604,435.684,-26.9534,,-2.45215
14.6804,430.685,-27.7254,,-2.54138
14.7004,425.516,-28.4198,,-2.62223
14.7202,420.181,-29.0515,,-2.71083
14.7402,414.672,-29.6364,,-2.7928
14.7603,409.001,-30.1761,,-2.87638
14.7803,403.161,-30.6639,,-2.95525
14.8003,397.164,-31.0986,,-3.03839
14.8203,391.01,-31.5071,,-3.11292
14.8403,384.696,-31.8783,,-3.19889
14.8604,378.23,-32.2099,,-3.26379
14.8804,371.614,-32.514,,-3.34679
14.9004,364.847,-32.8032,,-3.41709
14.9204,357.937,-33.0707,,-3.48752
14.9404,350.881,-33.298,,-3.56381
14.9605,343.682,-33.5181,,-3.62866
14.9802,336.352,-33.7207,,-3.69472
15.0002,328.888,-33.9035,,-3.76976
15.0203,321.283,-34.079,,-3.83504
15.0403,313.555,-34.2362,,-3.88726
15.0603,305.706,-34.3789,,-3.9577
15.0803,297.727,-34.5135,,-4.01797
15.1003,289.633,-34.6385,,-4.07438
15.1204,281.425,-34.7596,,-4.13027
15.1404,273.1,-34.8643,,-4.18827
15.1604,264.667,-34.9617,,-4.24504
15.1804,256.127,-35.0554,,-4.29194
15.2004,247.486,-35.146,,-4.34476
15.2202,238.752,-35.2239,,-4.39105
15.2402,229.915,-35.295,,-4.43946
15.2603,220.987,-35.3602,,-4.48718
15.2803,211.971,-35.4299,,-4.52626
15.3003,202.872,-35.4891,,-4.57024
15.3203,193.689,-35.5444,,-4.60996
15.3403,184.433,-35.5874,,-4.64733
15.3604,175.096,-35.6399,,-4.68475
15.3804,165.691,-35.6894,,-4.71607
15.4004,156.225,-35.7146,,-4.75028
15.4204,146.695,-35.7476,,-4.77763
15.4404,137.106,-35.7818,,-4.8103
15.4605,127.465,-35.8103,,-4.83084
15.4802,117.766,-35.8317,,-4.86215
15.5002,108.024,-35.842,,-4.88203
15.5203,98.2336,-35.8674,,-4.9019
15.5403,88.4102,-35.88,,-4.92334
15.5603,78.5487,-35.8811,,-4.93745
15.5803,68.6561,-35.8827,,-4.95348
15.6003,58.7364,-35.9024,,-4.96537
15.6204,48.7939,-35.9062,,-4.97678
15.6404,38.8315,-35.8886,,-4.98494
15.6604,28.8526,-35.8831,,-4.9922
15.6804,18.8633,-35.8811,,-4.99735
15.7004,8.86577,-35.877,,-4.99958
15.7202,-1.13518,-35.8534,,-5.0008
15.7402,-11.1356,-35.8323,,-4.99954
15.7603,-21.1317,-35.8253,,-4.99611
15.7803,-31.119,-35.803,,-4.99139
15.8003,-41.0945,-35.7619,,-4.98404
15.8203,-51.0538,-35.7425,,-4.97501
15.8403,-60.9914,-35.7152,,-4.96363
15.8604,-70.9049,-35.6815,,-4.95006
15.8804,-80.7924,-35.6384,,-4.93645
15.9004,-90.6447,-35.6027,,-4.91851
15.9204,-100.462,-35.5691,,-4.89912
15.9404,-110.239,-35.5175,,-4.87725
15.9605,-119.973,-35.4699,,-4.8566
15.9802,-129.656,-35.4254,,-4.82897
16.0002,-139.289,-35.3717,,-4.80388
16.0203,-148.865,-35.3079,,-4.77423
16.0403,-158.383,-35.2531,,-4.74663
16.0603,-167.839,-35.2014,,-4.70908
16.0803,-177.223,-35.1264,,-4.67607
16.1003,-186.539,-35.0467,,-4.64118
16.1204,-195.784,-34.9818,,-4.60358
16.1404,-204.945,-34.9182,,-4.56151
16.1604,-214.027,-34.8385,,-4.52063
16.1804,-223.02,-34.7484,,-4.4765
16.2004,-231.928,-34.6694,,-4.43147
16.2202,-240.74,-34.5889,,-4.38564
16.2402,-249.462,-34.4986,,-4.33423
16.2603,-258.075,-34.4002,,-4.28378
16.2803,-266.59,-34.3043,,-4.23273
16.3003,-275,-34.2167,,-4.17821
16.3203,-283.295,-34.1087,,-4.12179
16.3403,-291.483,-33.9943,,-4.06584
16.3604,-299.552,-33.8905,,-4.0066
16.3804,-307.496,-33.7877,,-3.94286
16.4004,-315.322,-33.6613,,-3.88209
16.4204,-323.019,-33.5275,,-3.8203
16.4404,-330.59,-33.4159,,-3.75507
16.4605,-338.028,-33.2945,,-3.68608
16.4802,-345.329,-33.1521,,-3.61799
16.5002,-352.493,-33.0121,,-3.5479
16.5203,-359.518,-32.8757,,-3.47995
16.5403,-366.397,-32.7336,,-3.40169
16.5603,-373.127,-32.5819,,-3.3329
16.5803,-379.713,-32.4164,,-3.25798
16.6003,-386.145,-32.2661,,-3.17903
16.6204,-392.424,-32.1056,,-3.10295
16.6404,-398.543,-31.9264,,-3.01907
16.6604,-404.502,-31.7498,,-2.94362
16.6804,-410.304,-31.5716,,-2.86546
16.7004,-415.937,-31.3838,,-2.77119
16.7202,-421.405,-31.1809,,-2.6965
16.7402,-426.706,-30.9749,,-2.60889
16.7603,-431.836,-30.7739,,-2.52817
16.7803,-436.796,-30.5571,,-2.43395
16.8003,-441.575,-30.3184,,-2.354
16.8203,-446.183,-30.0858,,-2.25662
16.8403,-450.606,-29.8478,,-2.16854
16.8604,-454.853,-29.5894,,-2.08092
16.8804,-458.917,-29.3145,,-1.98769
16.9004,-462.803,-29.0402,,-1.90215
16.9204,-466.496,-28.7553,,-1.80314
16.9404,-470.008,-28.4386,,-1.70784
16.9605,-473.336,-28.1265,,-1.61511
16.9802,-476.455,-27.789,,-1.51906
17.0002,-479.398,-27.4313,,-1.4257
17.0203,-482.147,-27.0541,,-1.32945
17.0403,-484.703,-26.6505,,-1.23227
17.0603,-487.067,-26.2322,,-1.13697
17.0803,-489.236,-25.7875,,-1.03362
17.1003,-491.205,-25.3075,,-0.941046
17.1204,-492.983,-24.7775,,-0.843666
17.1404,-494.563,-24.2204,,-0.740205
17.1604,-495.94,-23.6295,,-0.641647
17.1804,-497.124,-22.9661,,-0.543633
17.2004,-498.116,-22.2449,,-0.449963
17.2202,-498.894,-21.4549,,-0.340241
17.2402,-499.479,-20.5824,,-0.249156
17.2603,-499.865,-19.6126,,-0.146818
17.2803,-500.048,-18.5225,,-0.0320462
17.3003,-500.032,-17.3053,,0.0453288
17.3203,-499.82,-15.9389,,0.151376
17.3403,-499.408,-14.3892,,0.259383
17.3604,-498.794,-12.6545,,0.352408
17.3804,-497.982,-10.7285,,0.453325
17.4004,-496.969,-8.6196,,0.552769
17.4204,-495.757,-6.33652,,0.654171
17.4404,-494.345,-3.91033,,0.75196
17.4605,-492.736,-1.4537,,0.853296
17.4802,-490.932,1.01,,0.946958
17.5002,-488.927,3.46083,,1.04785
17.5203,-486.734,5.83703,,1.14482
17.5403,-484.342,8.06535,,1.24239
17.5603,-481.754,10.1739,,1.33768
17.5803,-478.977,12.1755,,1.43696
17.6003,-476.008,14.0298,,1.52711
17.6204,-472.851,15.7596,,1.62618
17.6404,-469.501,17.3703,,1.71766
17.6604,-465.965,18.8754,,1.81484
17.6804,-462.241,20.2685,,1.90475
17.7004,-458.335,21.5429,,1.99319
17.7202,-454.244,22.731,,2.09496
17.7402,-449.967,23.8261,,2.17698
17.7603,-445.513,24.8198,,2.27024
17.7803,-440.881,25.7431,,2.35738
17.8003,-436.075,26.5785,,2.44688
17.8203,-431.092,27.3471,,2.53133
17.8403,-425.938,28.0435,,2.61629
17.8604,-420.617,28.684,,2.69984
17.8804,-415.121,29.2734,,2.79125
17.9004,-409.467,29.8013,,2.86581
17.9204,-403.633,30.2761,,2.95517
17.9404,-397.645,30.7196,,3.0307
17.9605,-391.506,31.1334,,3.10666
17.9802,-385.207,31.504,,3.18507
18.0002,-378.752,31.8352,,3.26722
18.0203,-372.144,32.1431,,3.33868
18.0403,-365.389,32.4335,,3.41113
18.0603,-358.49,32.6912,,3.48384
18.0803,-351.446,32.9223,,3.55656
18.1003,-344.263,33.1495,,3.62422
18.1204,-336.941,33.3498,,3.68922
18.1404,-329.497,33.5317,,3.76621
18.1604,-321.89,33.6935,,3.82345
18.1804,-314.184,33.8599,,3.88749
18.2004,-306.333,34.011,,3.95236
18.2202,-298.369,34.1384,,4.01316
18.2402,-290.282,34.2602,,4.06921
18.2603,-282.079,34.3866,,4.12812
18.2803,-273.766,34.4972,,4.18388
18.3003,-265.342,34.5857,,4.23636
18.3203,-256.813,34.6827,,4.29033
18.3403,-248.18,34.7791,,4.33783
18.3604,-239.448,34.8555,,4.39132
18.3804,-230.622,34.9238,,4.43475
18.4004,-221.703,34.997,,4.48125
18.4204,-212.692,35.0661,,4.52531
18.4404,-203.598,35.1183,,4.56796
18.4605,-194.422,35.182,,4.60549
18.4802,-185.173,35.2351,,4.644
18.5002,-175.845,35.2762,,4.68019
18.5203,-166.447,35.3169,,4.71403
18.5403,-156.986,35.3617,,4.74508
18.5603,-147.46,35.3998,,4.77957
18.5803,-137.871,35.4237,,4.80624
18.6003,-128.229,35.449,,4.83726
18.6204,-118.536,35.4852,,4.85284
18.6404,-108.801,35.4969,,4.87927
18.6604,-99.0185,35.5129,,4.90302
18.6804,-89.1932,35.5337,,4.92061
18.7004,-79.3356,35.5414,,4.93624
18.7202,-69.4464,35.5475,,4.95185
18.7402,-59.5282,35.5506,,4.96488
18.7603,-49.586,35.5546,,4.97628
18.7803,-39.6253,35.554,,4.9841
18.8003,-29.6481,35.5441,,4.9923
18.8203,-19.6592,35.5388,,4.99649
18.8403,-9.66213,35.5296,,4.99972
18.8604,0.338688,35.5184,,5.00073
18.8804,10.3394,35.4998,,4.99962
18.9004,20.3359,35.4719,,4.99702
18.9204,30.3245,35.4592,,4.99125
18.9404,40.3005,35.4373,,4.98496
18.9605,50.2616,35.4083,,4.97577
18.9802,60.2008,35.3686,,4.96409
19.0002,70.1164,35.3445,,4.95182
19.0203,80.005,35.3097,,4.93691
19.0403,89.8606,35.2677,,4.91934
19.0603,99.6797,35.225,,4.89955
19.0803,109.461,35.1802,,4.88159
19.1003,119.194,35.1386,,4.85549
19.1204,128.883,35.0849,,4.83429
19.1404,138.526,35.0368,,4.80665
19.1604,148.107,34.9794,,4.77527
19.1804,157.624,34.9184,,4.74528
19.2004,167.084,34.8639,,4.71474
19.2202,176.479,34.8012,,4.68212
19.2402,185.802,34.7281,,4.64262
19.2603,195.051,34.6571,,4.60637
19.2803,204.219,34.5942,,4.56454
19.3003,213.307,34.5188,,4.52514
19.3203,222.308,34.4239,,4.47889
19.3403,231.222,34.3458,,4.43563
19.3604,240.042,34.2727,,4.38799
19.3804,248.771,34.1749,,4.3401
19.4004,257.396,34.0819,,4.2896
19.4204,265.919,33.9831,,4.23599
19.4404,274.333,33.8948,,4.18041
19.4605,282.638,33.7946,,4.12841
19.4802,290.836,33.6855,,4.07078
19.5002,298.913,33.5718,,4.00851
19.5203,306.866,33.4629,,3.94871
19.5403,314.706,33.3502,,3.89195
19.5603,322.416,33.2304,,3.8219
19.5803,329.994,33.1003,,3.75976
19.6003,337.445,32.9722,,3.69724
19.6204,344.759,32.8507,,3.61575
19.6404,351.927,32.7136,,3.555
19.6604,358.963,32.5715,,3.4851
19.6804,365.852,32.4247,,3.40898
19.7004,372.6,32.2776,,3.33828
19.7202,379.194,32.1172,,3.26044
19.7402,385.637,31.9567,,3.18947
19.7603,391.932,31.7986,,3.10704
19.7803,398.061,31.6279,,3.02625
19.8003,404.034,31.4515,,2.95016
19.8203,409.845,31.2711,,2.86685
19.8403,415.495,31.08,,2.78208
19.8604,420.972,30.8846,,2.70191
19.8804,426.293,30.6801,,2.62023
19.9004,431.435,30.4725,,2.52889
19.9204,436.403,30.2566,,2.44327
19.9404,441.201,30.0246,,2.36614
19.9605,445.831,29.7982,,2.25762
19.9802,450.258,29.5508,,2.17709
20.0002,454.519,29.2999,,2.08767
20.0203,458.598,29.0223,,1.9971
20.0403,462.497,28.7486,,1.90561
20.0603,466.205,28.4607,,1.80788
20.0803,469.729,28.1683,,1.71816
20.1003,473.069,27.8365,,1.62575
20.1204,476.215,27.497,,1.53114
20.1404,479.176,27.1479,,1.43022
20.1604,481.934,26.7881,,1.33402
20.1804,484.509,26.3847,,1.24271
20.2004,486.887,25.9442,,1.14298
20.2202,489.073,25.5149,,1.04628
20.2402,491.057,25.0401,,0.942894
20.2603,492.848,24.5202,,0.854588
20.2803,494.447,23.9533,,0.746447
20.3003,495.839,23.3651,,0.652112
20.3203,497.039,22.7142,,0.552481
20.3403,498.037,21.9993,,0.453923
20.3604,498.841,21.2151,,0.350531
20.3804,499.439,20.3532,,0.253906
20.4004,499.839,19.3912,,0.155275
20.4204,500.041,18.3166,,0.0407613
20.4404,500.044,17.1076,,-0.0333415
20.4605,499.848,15.7489,,-0.151496
20.4802,499.447,14.2168,,-0.242943
20.5002,498.85,12.499,,-0.348006
20.5203,498.054,10.5844,,-0.445814
20.5403,497.055,8.48853,,-0.546918
20.5603,495.857,6.21353,,-0.64398
20.5803,494.466,3.81879,,-0.744026
20.6003,492.872,1.36403,,-0.845018
20.6204,491.083,-1.12294,,-0.940156
20.6404,489.097,-3.56663,,-1.03893
20.6604,486.917,-5.92566,,-1.13808
20.6804,484.542,-8.16473,,-1.23461
20.7004,481.968,-10.3095,,-1.33218
20.7202,479.206,-12.3038,,-1.42391
20.7402,476.258,-14.1578,,-1.51619
20.7603,473.111,-15.9026,,-1.62511
20.7803,469.772,-17.522,,-1.71095
20.8003,466.249,-19.0371,,-1.8073
20.8203,462.542,-20.4233,,-1.89578
20.8403,458.648,-21.7159,,-1.99483
20.8604,454.571,-22.9098,,-2.07854
20.8804,450.31,-24.0112,,-2.17361
20.9004,445.87,-25.0098,,-2.26441
20.9204,441.254,-25.938,,-2.35163
20.9404,436.456,-26.7872,,-2.43328
20.9605,431.493,-27.5524,,-2.52891
20.9802,426.35,-28.2506,,-2.60926
21.0002,421.042,-28.9034,,-2.69482
21.0203,415.562,-29.4881,,-2.78099
21.0403,409.915,-30.014,,-2.85353
21.0603,404.114,-30.5042,,-2.95084
21.0803,398.131,-30.9556,,-3.02582
21.1003,392.003,-31.364,,-3.10199
21.1204,385.719,-31.7298,,-3.17666
21.1404,379.278,-32.061,,-3.25911
21.1604,372.678,-32.3833,,-3.33596
21.1804,365.937,-32.6702,,-3.40256
21.2004,359.051,-32.9242,,-3.48222
21.2202,352.014,-33.1591,,-3.55136
21.2402,344.839,-33.3839,,-3.61741
21.2603,337.526,-33.5929,,-3.69102
21.2803,330.08,-33.7661,,-3.75334
21.3003,322.508,-33.9359,,-3.81858
21.3203,314.797,-34.1042,,-3.88075
21.3403,306.964,-34.2545,,-3.95016
21.3604,299.006,-34.3795,,-4.00625
21.3804,290.929,-34.504,,-4.06698
21.4004,282.738,-34.6376,,-4.1221
21.4204,274.433,-34.7471,,-4.17919
21.4404,266.018,-34.8246,,-4.23328
21.4605,257.496,-34.9296,,-4.28611
21.4802,248.869,-35.0332,,-4.33648
21.5002,240.146,-35.1105,,-4.38402
21.5203,231.329,-35.1739,,-4.43239
21.5403,222.416,-35.2429,,-4.47796
21.5603,213.413,-35.3261,,-4.52311
21.5803,204.325,-35.3864,,-4.56118
21.6003,195.16,-35.4267,,-4.60364
21.6204,185.91,-35.4824,,-4.6418
21.6404,176.589,-35.5447,,-4.67757
21.6604,167.199,-35.5816,,-4.71064
21.6804,157.741,-35.6145,,-4.74463
21.7004,148.217,-35.6543,,-4.77723
21.7202,138.633,-35.6889,,-4.80296
21.7402,128.999,-35.7145,,-4.82967
21.7603,119.314,-35.7348,,-4.85639
21.7803,109.576,-35.7633,,-4.87976
21.8003,99.796,-35.7877,,-4.89795
21.8203,89.9779,-35.7931,,-4.91924
21.8403,80.1217,-35.8015,,-4.93614
21.8604,70.2347,-35.8187,,-4.95051
21.8804,60.3185,-35.8287,,-4.96407
21.9004,50.3792,-35.8211,,-4.97491
21.9204,40.4187,-35.8126,,-4.98385
21.9404,30.4429,-35.8219,,-4.99153
21.9605,20.4547,-35.8189,,-4.99637
21.9802,10.4582,-35.7982,,-4.99958
22.0002,0.457681,-35.7806,,-5.00055
22.0203,-9.54304,-35.7725,,-5
22.0403,-19.5401,-35.7624,,-4.99675
22.0603,-29.529,-35.7324,,-4.9922
22.0803,-39.5066,-35.7095,,-4.98487
22.1003,-49.4684,-35.6894,,-4.97705
22.1204,-59.4097,-35.6558,,-4.96468
22.1404,-69.3275,-35.6272,,-4.95368
22.1604,-79.2184,-35.5973,,-4.93827
22.1804,-89.0763,-35.5549,,-4.9213
22.2004,-98.902,-35.5152,,-4.9027
22.2202,-108.682,-35.4738,,-4.87771
22.2402,-118.424,-35.4314,,-4.86343
22.2603,-128.117,-35.3847,,-4.8324
22.2803,-137.757,-35.3337,,-4.80929
22.3003,-147.344,-35.2696,,-4.77879
22.3203,-156.872,-35.2196,,-4.75104
22.3403,-166.335,-35.1631,,-4.71382
22.3604,-175.736,-35.0971,,-4.68453
22.3804,-185.062,-35.0308,,-4.64534
22.4004,-194.315,-34.9583,,-4.60963
22.4204,-203.49,-34.8879,,-4.56804
22.4404,-212.586,-34.818,,-4.52777
22.4605,-221.595,-34.7405,,-4.48289
22.4802,-230.516,-34.6512,,-4.4404
22.5002,-239.343,-34.5607,,-4.39037
22.5203,-248.075,-34.4857,,-4.3427
22.5403,-256.711,-34.4042,,-4.29617
22.5603,-265.244,-34.2911,,-4.23875
22.5803,-273.666,-34.1861,,-4.18526
22.6003,-281.983,-34.1005,,-4.13269
22.6204,-290.185,-34.0053,,-4.07355
22.6404,-298.271,-33.8774,,-4.01515
22.6604,-306.239,-33.766,,-3.95522
22.6804,-314.086,-33.665,,-3.89475
22.7004,-321.807,-33.5428,,-3.82889
22.7202,-329.396,-33.4048,,-3.76443
22.7402,-336.854,-33.2928,,-3.69791
22.7603,-344.178,-33.1713,,-3.62489
22.7803,-351.362,-33.0156,,-3.56203
22.8003,-358.405,-32.8733,,-3.48925
22.8203,-365.312,-32.7456,,-3.41752
22.8403,-372.064,-32.5979,,-3.34121
22.8604,-378.668,-32.4316,,-3.26194
22.8804,-385.128,-32.2668,,-3.20164
22.9004,-391.434,-32.1171,,-3.11157
22.9204,-397.58,-31.9477,,-3.0388
22.9404,-403.566,-31.7624,,-2.9502
22.9605,-409.39,-31.5869,,-2.8776
22.9802,-415.053,-31.4037,,-2.78947
23.0002,-420.544,-31.2065,,-2.70894
23.0203,-425.878,-30.9926,,-2.62207
23.0403,-431.034,-30.7901,,-2.54074
23.0603,-436.02,-30.5838,,-2.44747
23.0803,-440.823,-30.3514,,-2.36688
23.1003,-445.459,-30.1126,,-2.27008
23.1204,-449.919,-29.8741,,-2.19233
23.1404,-454.193,-29.6224,,-2.08784
23.1604,-458.278,-29.353,,-2.00241
23.1804,-462.19,-29.0732,,-1.91191
23.2004,-465.914,-28.7921,,-1.81647
23.2202,-469.456,-28.4806,,-1.72862
23.2402,-472.815,-28.1632,,-1.63135
23.2603,-475.973,-27.8375,,-1.53847
23.2803,-478.949,-27.4845,,-1.43715
23.3003,-481.722,-27.1055,,-1.34277
23.3203,-484.311,-26.7042,,-1.25143
23.3403,-486.706,-26.2893,,-1.14897
23.3604,-488.904,-25.8542,,-1.05207
23.3804,-490.908,-25.3747,,-0.958338
23.4004,-492.717,-24.8547,,-0.856011
23.4204,-494.326,-24.3018,,-0.756661
23.4404,-495.738,-23.7149,,-0.661105
23.4605,-496.952,-23.0688,,-0.558396
23.4802,-497.967,-22.3567,,-0.462049
23.5002,-498.785,-21.5674,,-0.357738
23.5203,-499.402,-20.7178,,-0.262878
23.5403,-499.818,-19.7634,,-0.161549
23.5603,-500.035,-18.6908,,-0.0496504
23.5803,-500.044,-17.498,,0.0274349
23.6003,-499.867,-16.1533,,0.140644
23.6204,-499.486,-14.6326,,0.239114
23.6404,-498.903,-12.9214,,0.337104
23.6604,-498.123,-11.0269,,0.438697
23.6804,-497.139,-8.94417,,0.538817
23.7004,-495.96,-6.67652,,0.63651
23.7202,-494.581,-4.27625,,0.736077
23.7402,-493.004,-1.8214,,0.837032
23.7603,-491.231,0.655677,,0.930515
23.7803,-489.26,3.11945,,1.03445
23.8003,-487.092,5.49885,,1.12654
23.8203,-484.741,7.7453,,1.22358
23.8403,-482.184,9.88998,,1.32582
23.8604,-479.434,11.9112,,1.42151
23.8804,-476.496,13.7882,,1.51349
23.9004,-473.364,15.5353,,1.61153
23.9204,-470.046,17.1686,,1.70392
23.9404,-466.536,18.6943,,1.79734
23.9605,-462.844,20.0989,,1.88831
23.9802,-458.966,21.3929,,1.98697
24.0002,-454.913,22.6022,,2.07292
24.0203,-450.658,23.7064,,2.16657
24.0403,-446.234,24.7101,,2.25158
24.0603,-441.632,25.6519,,2.34798
24.0803,-436.848,26.5019,,2.42798
24.1003,-431.898,27.2674,,2.5179
24.1204,-426.77,27.9777,,2.60901
24.1404,-421.468,28.635,,2.68729
24.1604,-416.004,29.2243,,2.77412
24.1804,-410.369,29.7512,,2.84895
24.2004,-404.583,30.2413,,2.94348
24.2202,-398.615,30.6958,,3.01192
24.2402,-392.509,31.1013,,3.10191
24.2603,-386.216,31.4684,,3.17613
24.2803,-379.79,31.8088,,3.24969
24.3003,-373.21,32.1233,,3.32601
24.3203,-366.479,32.4127,,3.39939
24.3403,-359.599,32.6688,,3.47576
24.3604,-352.585,32.9109,,3.53806
24.3804,-345.421,33.1354,,3.61548
24.4004,-338.117,33.3351,,3.68662
24.4204,-330.698,33.5139,,3.74138
24.4404,-323.115,33.6936,,3.82507
24.4605,-315.42,33.8558,,3.87047
24.4802,-307.596,34.0055,,3.94655
24.5002,-299.645,34.1332,,4.00456
24.5203,-291.581,34.2585,,4.05901
24.5403,-283.395,34.3895,,4.11767
24.5603,-275.1,34.4977,,4.177
24.5803,-266.69,34.5866,,4.22931
24.6003,-258.178,34.6834,,4.27985
24.6204,-249.564,34.7834,,4.33271
24.6404,-240.846,34.8622,,4.38187
24.6604,-232.033,34.9299,,4.42961
24.6804,-223.13,35.0071,,4.47188
24.7004,-214.134,35.0804,,4.51949
24.7202,-205.052,35.138,,4.56013
24.7402,-195.891,35.1875,,4.59983
24.7603,-186.652,35.2467,,4.63627
24.7803,-177.336,35.3051,,4.67693
24.8003,-167.949,35.335,,4.7091
24.8203,-158.5,35.3695,,4.73935
24.8403,-148.981,35.4201,,4.77398
24.8604,-139.401,35.4591,,4.80547
24.8804,-129.769,35.4814,,4.82879
24.9004,-120.083,35.4998,,4.85092
24.9204,-110.355,35.5264,,4.87599
24.9404,-100.578,35.5585,,4.89917
24.9605,-90.7603,35.5649,,4.91864
24.9802,-80.9075,35.568,,4.93299
25.0002,-71.0233,35.5856,,4.95015
25.0203,-61.1094,35.5917,,4.96267
25.0403,-51.1707,35.5999,,4.97459
25.0603,-41.2124,35.59,,4.98335
25.0803,-31.2383,35.5851,,4.99038
25.1003,-21.2505,35.5864,,4.99645
25.1204,-11.2545,35.5769,,4.99939
25.1404,-1.25423,35.5572,,5.00034
25.1604,8.74669,35.5458,,5.00009
25.1804,18.7439,35.5377,,4.99713
25.2004,28.734,35.5097,,4.9927
25.2202,38.7126,35.4852,,4.98591
25.2402,48.6759,35.4648,,4.97717
25.2603,58.6187,35.439,,4.96581
25.2803,68.5391,35.3957,,4.95497
25.3003,78.4322,35.3593,,4.93923
25.3203,88.2913,35.336,,4.92149
25.3403,98.1174,35.296,,4.90423
25.3604,107.906,35.2455,,4.88447
25.3804,117.647,35.1984,,4.85898
25.4004,127.344,35.1529,,4.8389
25.4204,136.993,35.1076,,4.80923
25.4404,146.583,35.0475,,4.78148
25.4605,156.113,34.9888,,4.75202
25.4802,165.585,34.9325,,4.71864
25.5002,174.985,34.8786,,4.68512
25.5203,184.322,34.8083,,4.65024
25.5403,193.579,34.7288,,4.61122
25.5603,202.764,34.6658,,4.57391
25.5803,211.867,34.5977,,4.52999
25.6003,220.879,34.5176,,4.48706
25.6204,229.807,34.4306,,4.44211
25.6404,238.645,34.3473,,4.3957
25.6604,247.384,34.2649,,4.3478
25.6804,256.026,34.1726,,4.29706
25.7004,264.565,34.0772,,4.24263
25.7202,273,33.9786,,4.19312
25.7402,281.324,33.8778,,4.13476
25.7603,289.533,33.7759,,4.07808
25.7803,297.631,33.6719,,4.02114
25.8003,305.611,33.5561,,3.96152
25.8203,313.465,33.4357,,3.89603
25.8403,321.192,33.3194,,3.8368
25.8604,328.796,33.2047,,3.76662
25.8804,336.265,33.0725,,3.70932
25.9004,343.605,32.9385,,3.62885
25.9204,350.794,32.806,,3.56598
25.9404,357.857,32.668,,3.49626
25.9605,364.77,32.5207,,3.42371
25.9802,371.538,32.3777,,3.34543
26.0002,378.153,32.2228,,3.27824
26.0203,384.625,32.0524,,3.19674
26.0403,390.936,31.8966,,3.11631
26.0603,397.097,31.7386,,3.04772
26.0803,403.101,31.5549,,2.9566
26.1003,408.93,31.3626,,2.87869
26.1204,414.605,31.1817,,2.80013
26.1404,420.114,30.9995,,2.71398
26.1604,425.453,30.7916,,2.62999
26.1804,430.625,30.5766,,2.54329
26.2004,435.621,30.3598,,2.45663
26.2202,440.448,30.1427,,2.37495
26.2402,445.097,29.9151,,2.28039
26.2603,449.567,29.6568,,2.19586
26.2803,453.856,29.4104,,2.09618
26.3003,457.968,29.1433,,2.02195
26.3203,461.898,28.8686,,1.90836
26.3403,465.623,28.5794,,1.82478
26.3604,469.182,28.2845,,1.73323
26.3804,472.549,27.9593,,1.63887
26.4004,475.726,27.6314,,1.54453
26.4204,478.721,27.2732,,1.44905
26.4404,481.508,26.9081,,1.35382
26.4605,484.116,26.5221,,1.25675
26.4802,486.528,26.0903,,1.15785
26.5002,488.735,25.6491,,1.05555
26.5203,490.76,25.1824,,0.967812
26.5403,492.578,24.6755,,0.861911
26.5603,494.205,24.111,,0.765579
26.5803,495.633,23.5201,,0.67041
26.6003,496.864,22.8818,,0.564717
26.6204,497.897,22.178,,0.473065
26.6404,498.73,21.4098,,0.365965
26.6604,499.368,20.5579,,0.270423
26.6804,499.798,19.6012,,0.168464
26.7004,500.029,18.5459,,0.0577517
26.7202,500.047,17.3607,,-0.0205468
26.7402,499.888,16.0261,,-0.132168
26.7603,499.524,14.5101,,-0.230059
26.7803,498.957,12.8262,,-0.332006
26.8003,498.192,10.936,,-0.428623
26.8203,497.223,8.85416,,-0.532504
26.8403,496.059,6.5942,,-0.628118
26.8604,494.7,4.21642,,-0.727227
26.8804,493.145,1.76363,,-0.819951
26.9004,491.389,-0.73684,,-0.933951
26.9204,489.434,-3.20044,,-1.01443
26.9404,487.281,-5.58314,,-1.13237
26.9605,484.933,-7.84764,,-1.21678
26.9802,482.392,-10.0113,,-1.31387
27.0002,479.663,-12.0405,,-1.4131
27.0203,476.735,-13.9227,,-1.50797
27.0403,473.622,-15.6965,,-1.60219
27.0603,470.32,-17.3445,,-1.69463
27.0803,466.829,-18.8693,,-1.79162
27.1003,463.149,-20.2893,,-1.8868
27.1204,459.278,-21.6056,,-1.97585
27.1404,455.245,-22.8146,,-2.0584
27.1604,451.007,-23.9353,,-2.16483
27.1804,446.601,-24.9497,,-2.2473
27.2004,442.003,-25.9044,,-2.33526
27.2202,437.25,-26.751,,-2.42574
27.2402,432.296,-27.531,,-2.51277
27.2603,427.182,-28.253,,-2.59718
27.2803,421.904,-28.9068,,-2.68
27.3003,416.449,-29.4925,,-2.76939
27.3203,410.827,-30.0373,,-2.84405
27.3403,405.051,-30.5359,,-2.93662
27.3604,399.092,-30.9849,,-3.01132
27.3804,392.99,-31.3986,,-3.08949
27.4004,386.724,-31.7692,,-3.17202
27.4204,380.304,-32.1088,,-3.24339
27.4404,373.734,-32.4285,,-3.3204
27.4605,367.019,-32.7259,,-3.39223
27.4802,360.157,-32.9804,,-3.46799
27.5002,353.14,-33.2186,,-3.53758
27.5203,345.99,-33.4363,,-3.61233
27.5403,338.702,-33.6559,,-3.67483
27.5603,331.281,-33.8386,,-3.74453
27.5803,323.719,-34.0068,,-3.81167
27.6003,316.032,-34.1678,,-3.86883
27.6204,308.222,-34.3196,,-3.93863
27.6404,300.287,-34.4575,,-3.99687
27.6604,292.225,-34.5863,,-4.05812
27.6804,284.051,-34.6981,,-4.11499
27.7004,275.762,-34.8094,,-4.16948
27.7202,267.366,-34.918,,-4.22368
27.7402,258.862,-35.0155,,-4.27788
27.7603,250.253,-35.1005,,-4.3288
27.7803,241.544,-35.1867,,-4.37648
27.8003,232.74,-35.269,,-4.42627
27.8203,223.841,-35.3376,,-4.4697
27.8403,214.851,-35.3977,,-4.51614
27.8604,205.779,-35.4682,,-4.55592
27.8804,196.624,-35.529,,-4.5969
27.9004,187.389,-35.5655,,-4.63538
27.9204,178.078,-35.6237,,-4.673
27.9404,168.697,-35.6776,,-4.70747
27.9605,159.247,-35.7157,,-4.73717
27.9802,149.74,-35.7437,,-4.76976
28.0002,140.165,-35.772,,-4.80069
28.0203,130.54,-35.8188,,-4.82365
28.0403,120.864,-35.8443,,-4.85577
28.0603,111.129,-35.8639,,-4.87459
28.0803,101.355,-35.8718,,-4.89675
28.1003,91.5423,-35.8929,,-4.91605
28.1204,81.6945,-35.9221,,-4.93147
28.1404,71.8116,-35.9266,,-4.94931
28.1604,61.8997,-35.9164,,-4.96188
28.1804,51.9635,-35.9282,,-4.97316
28.2004,42.0067,-35.9366,,-4.98271
28.2202,32.0333,-35.9296,,-4.99043
28.2402,22.046,-35.9174,,-4.99572
28.2603,12.0506,-35.9107,,-4.99938
28.2803,2.05054,-35.906,,-5.00042
28.3003,-7.95042,-35.8906,,-5.00017
28.3203,-17.9483,-35.8771,,-4.99744
28.3403,-27.9389,-35.8525,,-4.99311
28.3604,-37.9184,-35.8342,,-4.98617
28.3804,-47.8824,-35.8115,,-4.9778
28.4004,-57.8277,-35.7822,,-4.96799
28.4204,-67.75,-35.7477,,-4.95468
28.4404,-77.6453,-35.7185,,-4.94142
28.4605,-87.5085,-35.6799,,-4.92332
28.4802,-97.3387,-35.6436,,-4.90628
28.5002,-107.129,-35.6025,,-4.88333
28.5203,-116.874,-35.5493,,-4.86394
28.5403,-126.577,-35.5035,,-4.83784
28.5603,-136.226,-35.4582,,-4.81281
28.5803,-145.821,-35.4076,,-4.78411
28.6003,-155.357,-35.346,,-4.75409
28.6204,-164.834,-35.2891,,-4.72356
28.6404,-174.242,-35.2354,,-4.68645
28.6604,-183.581,-35.1704,,-4.65243
28.6804,-192.847,-35.0881,,-4.61528
28.7004,-202.034,-35.0206,,-4.57481
28.7202,-211.142,-34.9604,,-4.53419
28.7402,-220.165,-34.8743,,-4.49048
28.7603,-229.099,-34.7886,,-4.446
28.7803,-237.944,-34.705,,-4.4003
28.8003,-246.693,-34.6225,,-4.35151
28.8203,-255.342,-34.5282,,-4.29994
28.8403,-263.891,-34.428,,-4.25034
28.8604,-272.335,-34.3383,,-4.19712
28.8804,-280.665,-34.2452,,-4.13685
28.9004,-288.887,-34.1356,,-4.08483
28.9204,-296.991,-34.0247,,-4.02272
28.9404,-304.98,-33.9166,,-3.96883
28.9605,-312.846,-33.8031,,-3.90132
28.9802,-320.586,-33.6864,,-3.84077
29.0002,-328.195,-33.5599,,-3.77098
29.0203,-335.671,-33.4337,,-3.70807
29.0403,-343.016,-33.3082,,-3.64013
29.0603,-350.229,-33.171,,-3.57336
29.0803,-357.293,-33.0322,,-3.49888
29.1003,-364.223,-32.8907,,-3.43019
29.1204,-371,-32.7352,,-3.35421
29.1404,-377.634,-32.5794,,-3.28182
29.1604,-384.118,-32.4223,,-3.20296
29.1804,-390.439,-32.2678,,-3.125
29.2004,-396.608,-32.0966,,-3.04809
29.2202,-402.62,-31.9149,,-2.9666
29.2402,-408.473,-31.7389,,-2.88937
29.2603,-414.176,-31.5564,,-2.80525
29.2803,-419.678,-31.363,,-2.7177
29.3003,-425.036,-31.1563,,-2.63822
29.3203,-430.218,-30.9448,,-2.54998
29.3403,-435.232,-30.7298,,-2.46622
29.3604,-440.067,-30.5103,,-2.37637
29.3804,-444.73,-30.2823,,-2.28831
29.4004,-449.212,-30.0258,,-2.19783
29.4204,-453.519,-29.7762,,-2.11269
29.4404,-457.643,-29.521,,-2.02018
29.4605,-461.583,-29.2372,,-1.92173
29.4802,-465.333,-28.9472,,-1.83504
29.5002,-468.91,-28.6482,,-1.74054
29.5203,-472.296,-28.3399,,-1.64945
29.5403,-475.479,-28.0067,,-1.54785
29.5603,-478.484,-27.6421,,-1.45553
29.5803,-481.294,-27.2822,,-1.36354
29.6003,-483.914,-26.893,,-1.25894
29.6204,-486.339,-26.4616,,-1.17531
29.6404,-488.574,-26.028,,-1.06113
29.6604,-490.605,-25.5607,,-0.973155
29.6804,-492.444,-25.0544,,-0.870464
29.7004,-494.083,-24.4982,,-0.772792
29.7202,-495.526,-23.9054,,-0.675332
29.7402,-496.773,-23.2632,,-0.575678
29.7603,-497.822,-22.5778,,-0.476887
29.7803,-498.665,-21.806,,-0.374464
29.8003,-499.317,-20.9433,,-0.278437
29.8203,-499.764,-20.0128,,-0.173953
29.8403,-500.014,-18.972,,-0.0742347
29.8604,-500.057,-17.7797,,9.23E-03
29.8804,-499.91,-16.4423,,0.133947
29.9004,-499.558,-14.9596,,0.218331
29.9204,-499.014,-13.293,,0.320214
29.9404,-498.264,-11.4013,,0.425618
29.9605,-497.317,-9.31677,,0.516563
29.9802,-496.167,-7.09074,,0.627568
30.0002,-494.813,-4.70818,,0.719196
30.0203,-493.27,-2.22694,,0.820199
30.0403,-491.527,0.268804,,0.918944
30.0603,-489.59,2.73873,,1.01526
30.0803,-487.452,5.12794,,1.11391
30.1003,-485.124,7.42964,,1.20899
30.1204,-482.604,9.61042,,1.31001
30.1404,-479.889,11.6395,,1.4048
30.1604,-476.975,13.5444,,1.50181
30.1804,-473.876,15.3349,,1.59149
30.2004,-470.591,17.0076,,1.68456
30.2202,-467.112,18.5427,,1.79011
30.2402,-463.443,19.9741,,1.87636
30.2603,-459.592,21.3002,,1.96815
30.2803,-455.563,22.5342,,2.05805
30.3003,-451.345,23.6531,,2.15289
30.3203,-446.952,24.684,,2.23785
30.3403,-442.375,25.6398,,2.33558
30.3604,-437.623,26.5013,,2.41237
30.3804,-432.694,27.292,,2.50662
30.4004,-427.599,28.0064,,2.58888
30.4204,-422.325,28.6727,,2.67809
30.4404,-416.881,29.2728,,2.76191
30.4605,-411.276,29.8154,,2.838
30.4802,-405.514,30.3078,,2.92631
30.5002,-399.573,30.7601,,3.00456
30.5203,-393.484,31.1872,,3.08096
30.5403,-387.233,31.5655,,3.16537
30.5603,-380.825,31.8963,,3.23813
30.5803,-374.269,32.2172,,3.31548
30.6003,-367.568,32.5197,,3.38135
30.6204,-360.706,32.7757,,3.47117
30.6404,-353.707,33.0119,,3.52957
30.6604,-346.569,33.2375,,3.60545
30.6804,-339.284,33.4512,,3.67446
30.7004,-331.882,33.6346,,3.7325
30.7202,-324.327,33.8044,,3.80962
30.7402,-316.649,33.9671,,3.86401
30.7603,-308.848,34.1247,,3.93534
30.7803,-300.915,34.2593,,3.99215
30.8003,-292.869,34.3864,,4.05159
30.8203,-284.706,34.5009,,4.10837
30.8403,-276.427,34.6197,,4.1673
30.8604,-268.038,34.7251,,4.22074
30.8804,-259.54,34.8174,,4.27243
30.9004,-250.943,34.9065,,4.32591
30.9204,-242.238,34.9912,,4.37324
30.9404,-233.443,35.0711,,4.41921
30.9605,-224.552,35.1411,,4.46819
30.9802,-215.573,35.2108,,4.51018
31.0002,-206.505,35.2692,,4.55384
31.0203,-197.356,35.3311,,4.59399
31.0403,-188.128,35.3907,,4.63049
31.0603,-178.825,35.4378,,4.67099
31.0803,-169.447,35.4738,,4.70518
31.1003,-160.006,35.5212,,4.73442
31.1204,-150.499,35.5677,,4.77099
31.1404,-140.929,35.5945,,4.79696
31.1604,-131.308,35.6221,,4.82437
31.1804,-121.629,35.6549,,4.84775
31.2004,-111.907,35.6823,,4.87321
31.2202,-102.137,35.6953,,4.89832
31.2402,-92.3238,35.7086,,4.91273
31.2603,-82.4782,35.7359,,4.93141
31.2803,-72.5983,35.7387,,4.94731
31.3003,-62.6896,35.7351,,4.96059
31.3203,-52.7553,35.7493,,4.97269
31.3403,-42.8001,35.757,,4.98198
31.3604,-32.8277,35.7459,,4.98969
31.3804,-22.8419,35.7372,,4.99544
31.4004,-12.8469,35.7347,,4.99891
31.4204,-2.84697,35.7321,,5.00073
31.4404,7.15414,35.7037,,5.00002
31.4605,17.1524,35.6898,,4.99774
31.4802,27.1437,35.6798,,4.99374
31.5002,37.1243,35.6548,,4.98686
31.5203,47.0902,35.6196,,4.97851
31.5403,57.0366,35.5976,,4.96849
31.5603,66.9612,35.5787,,4.95654
31.5803,76.8588,35.5354,,4.94139
31.6003,86.724,35.4949,,4.92452
31.6204,96.5551,35.4617,,4.90609
31.6404,106.348,35.4226,,4.8881
31.6604,116.097,35.3765,,4.86351
31.6804,125.802,35.3245,,4.84119
31.7004,135.459,35.273,,4.81732
31.7202,145.061,35.2272,,4.78487
31.7402,154.599,35.1701,,4.75563
31.7603,164.079,35.1036,,4.72251
31.7803,173.496,35.0449,,4.6952
31.8003,182.839,34.9902,,4.65367
31.8203,192.111,34.915,,4.61787
31.8403,201.306,34.8417,,4.57873
31.8604,210.418,34.7724,,4.5358
31.8804,219.449,34.7002,,4.49633
31.9004,228.392,34.6099,,4.4496
31.9204,237.242,34.5239,,4.40235
31.9404,245.998,34.4419,,4.35494
31.9605,254.658,34.3591,,4.30673
31.9802,263.215,34.2632,,4.25192
32.0002,271.664,34.1551,,4.20116
32.0203,280.006,34.0644,,4.14271
32.0403,288.235,33.9681,,4.08819
32.0603,296.35,33.8513,,4.03045
32.0803,304.349,33.7363,,3.97034
32.1003,312.225,33.6267,,3.91161
32.1204,319.975,33.5167,,3.84193
32.1404,327.593,33.3878,,3.77517
32.1604,335.082,33.257,,3.71879
32.1804,342.446,33.1307,,3.64367
32.2004,349.657,32.9926,,3.57501
32.2202,356.746,32.8565,,3.51336
32.2402,363.676,32.7111,,3.42638
32.2603,370.468,32.5671,,3.36831
32.2803,377.115,32.4126,,3.27573
32.3003,383.597,32.2511,,3.21496
32.3203,389.942,32.0874,,3.13133
32.3403,396.125,31.9245,,3.05741
32.3604,402.155,31.7459,,2.97093
32.3804,408.012,31.5611,,2.89257
32.4004,413.712,31.3784,,2.81286
32.4204,419.249,31.1844,,2.72779
32.4404,424.624,30.9858,,2.64445
32.4605,429.814,30.7702,,2.55682
32.4802,434.836,30.5598,,2.47265
32.5002,439.692,30.3345,,2.38683
32.5203,444.372,30.1051,,2.2919
32.5403,448.863,29.8587,,2.20964
32.5603,453.186,29.6082,,2.11395
32.5803,457.319,29.3407,,2.02538
32.6003,461.271,29.0692,,1.93414
32.6204,465.051,28.7791,,1.84069
32.6404,468.624,28.4843,,1.746
32.6604,472.038,28.1629,,1.66566
32.6804,475.24,27.836,,1.54987
32.7004,478.251,27.4796,,1.46115
32.7202,481.076,27.1144,,1.36858
32.7402,483.71,26.7349,,1.27024
32.7603,486.15,26.3057,,1.17445
32.7803,488.396,25.8622,,1.077
32.8003,490.448,25.3959,,0.977292
32.8203,492.302,24.8989,,0.883521
32.8403,493.963,24.3457,,0.779964
32.8604,495.416,23.7567,,0.681564
32.8804,496.679,23.1222,,0.584474
32.9004,497.743,22.4229,,0.484639
32.9204,498.606,21.6676,,0.383583
32.9404,499.272,20.824,,0.281732
32.9605,499.735,19.8837,,0.189384
32.9802,500.004,18.8379,,0.0803782
33.0002,500.059,17.6757,,-1.28E-03
33.0203,499.933,16.3565,,-0.127367
33.0403,499.592,14.8588,,-0.213643
33.0603,499.063,13.1883,,-0.31329
33.0803,498.324,11.3222,,-0.416674
33.1003,497.393,9.26696,,-0.512724
33.1204,496.261,7.02142,,-0.612673
33.1404,494.931,4.64075,,-0.712413
33.1604,493.402,2.18206,,-0.811822
33.1804,491.673,-0.320421,,-0.912377
33.2004,489.745,-2.81533,,-1.01019
33.2202,487.628,-5.22359,,-1.10288
33.2402,485.325,-7.51741,,-1.19502
33.2603,482.815,-9.70964,,-1.30693
33.2803,480.106,-11.7786,,-1.39651
33.3003,477.213,-13.7016,,-1.49453
33.3203,474.125,-15.4992,,-1.5883
33.3403,470.854,-17.1779,,-1.6768
33.3604,467.391,-18.7416,,-1.78018
33.3804,463.75,-20.1835,,-1.85443
33.4004,459.919,-21.5262,,-1.97303
33.4204,455.888,-22.7604,,-2.05474
33.4404,451.687,-23.9027,,-2.14115
33.4605,447.308,-24.9415,,-2.23627
33.4802,442.747,-25.9083,,-2.32056
33.5002,438.003,-26.782,,-2.41324
33.5203,433.095,-27.5788,,-2.49519
33.5403,428.012,-28.3065,,-2.58468
33.5603,422.751,-28.9694,,-2.66819
33.5803,417.342,-29.5783,,-2.75017
33.6003,411.73,-30.1316,,-2.84065
33.6204,405.972,-30.6298,,-2.91775
33.6404,400.05,-31.0925,,-2.99943
33.6604,393.971,-31.514,,-3.07694
33.6804,387.733,-31.8938,,-3.15204
33.7004,381.346,-32.2338,,-3.2368
33.7202,374.794,-32.5606,,-3.30958
33.7402,368.095,-32.858,,-3.3831
33.7603,361.257,-33.1174,,-3.45386
33.7803,354.265,-33.3586,,-3.52894
33.8003,347.137,-33.5861,,-3.59782
33.8203,339.871,-33.7987,,-3.66725
33.8403,332.466,-33.9824,,-3.73265
33.8604,324.929,-34.1545,,-3.80284
33.8804,317.259,-34.324,,-3.8579
33.9004,309.477,-34.4765,,-3.92597
33.9204,301.557,-34.609,,-3.98993
33.9404,293.514,-34.7373,,-4.0478
33.9605,285.361,-34.8622,,-4.10369
33.9802,277.091,-34.9763,,-4.16332
34.0002,268.708,-35.0758,,-4.21499
34.0203,260.224,-35.1735,,-4.26886
34.0403,251.631,-35.2646,,-4.32166
34.0603,242.937,-35.3535,,-4.3657
34.0803,234.149,-35.4388,,-4.42122
34.1003,225.263,-35.4986,,-4.46319
34.1204,216.29,-35.5657,,-4.50698
34.1404,207.229,-35.6396,,-4.55026
34.1604,198.085,-35.7012,,-4.59085
34.1804,188.866,-35.7489,,-4.62668
34.2004,179.567,-35.7983,,-4.66975
34.2202,170.197,-35.8481,,-4.70097
34.2402,160.762,-35.8864,,-4.73356
34.2603,151.259,-35.9218,,-4.76424
34.2803,141.693,-35.9635,,-4.79852
34.3003,132.073,-35.9903,,-4.82173
34.3203,122.405,-36.0161,,-4.84789
34.3403,112.682,-36.0432,,-4.87058
34.3604,102.916,-36.0649,,-4.89453
34.3804,93.1073,-36.0796,,-4.91082
34.4004,83.2656,-36.0924,,-4.93193
34.4204,73.3863,-36.1077,,-4.9449
34.4404,63.4799,-36.1126,,-4.96022
34.4605,53.5479,-36.1176,,-4.97165
34.4802,43.5935,-36.121,,-4.98139
34.5002,33.6226,-36.1203,,-4.98943
34.5203,23.6374,-36.1116,,-4.99505
34.5403,13.6432,-36.1029,,-4.99834
34.5603,3.64369,-36.095,,-5.00091
34.5803,-6.35766,-36.0837,,-5.00015
34.6003,-16.3564,-36.0654,,-4.99826
34.6204,-26.3479,-36.0478,,-4.99361
34.6404,-36.33,-36.0255,,-4.98773
34.6604,-46.2963,-36.0018,,-4.97928
34.6804,-56.2453,-35.9768,,-4.96944
34.7004,-66.1724,-35.9425,,-4.95737
34.7202,-76.0708,-35.914,,-4.94273
34.7402,-85.9402,-35.8778,,-4.92706
34.7603,-95.7749,-35.8415,,-4.90871
34.7803,-105.573,-35.8022,,-4.88835
34.8003,-115.325,-35.7555,,-4.86684
34.8203,-125.034,-35.7046,,-4.84126
34.8403,-134.69,-35.6605,,-4.81649
34.8604,-144.296,-35.6093,,-4.79001
34.8804,-153.842,-35.5519,,-4.75751
34.9004,-163.327,-35.4883,,-4.72791
34.9204,-172.75,-35.4313,,-4.69614
34.9404,-182.098,-35.3697,,-4.65518
34.9605,-191.375,-35.2974,,-4.62127
34.9802,-200.575,-35.2275,,-4.58081
35.0002,-209.696,-35.1576,,-4.54279
35.0203,-218.735,-35.0812,,-4.49733
35.0403,-227.684,-34.9944,,-4.4547
35.0603,-236.543,-34.908,,-4.40581
35.0803,-245.305,-34.8304,,-4.35955
35.1003,-253.972,-34.741,,-4.30881
35.1204,-262.535,-34.6414,,-4.25611
35.1404,-270.995,-34.5404,,-4.20611
35.1604,-279.346,-34.4512,,-4.14739
35.1804,-287.586,-34.3503,,-4.09429
35.2004,-295.709,-34.233,,-4.03334
35.2202,-303.714,-34.115,,-3.97333
35.2402,-311.603,-34.012,,-3.91437
35.2603,-319.358,-33.9076,,-3.85069
35.2803,-326.991,-33.7656,,-3.78086
35.3003,-334.489,-33.6329,,-3.72182
35.3203,-341.867,-33.5156,,-3.65141
35.3403,-349.09,-33.3896,,-3.58198
35.3604,-356.187,-33.2424,,-3.51762
35.3804,-363.133,-33.0898,,-3.43592
35.4004,-369.933,-32.9507,,-3.36668
35.4204,-376.588,-32.8058,,-3.28728
35.4404,-383.086,-32.6358,,-3.2166
35.4605,-389.441,-32.473,,-3.14437
35.4802,-395.641,-32.3045,,-3.05609
35.5002,-401.674,-32.135,,-2.98
35.5203,-407.55,-31.956,,-2.90041
35.5403,-413.275,-31.7636,,-2.82098
35.5603,-418.812,-31.5738,,-2.73172
35.5803,-424.203,-31.3743,,-2.65358
35.6003,-429.405,-31.1631,,-2.56116
35.6204,-434.455,-30.9479,,-2.48413
35.6404,-439.314,-30.7219,,-2.38735
35.6604,-444.003,-30.4998,,-2.30219
35.6804,-448.511,-30.2469,,-2.21427
35.7004,-452.862,-29.9949,,-2.1277
35.7202,-457.002,-29.7368,,-2.02808
35.7402,-460.968,-29.4622,,-1.94077
35.7603,-464.748,-29.1704,,-1.84701
35.7803,-468.351,-28.8695,,-1.75765
35.8003,-471.759,-28.5619,,-1.65889
35.8203,-474.984,-28.2352,,-1.56938
35.8403,-478.029,-27.8677,,-1.47458
35.8604,-480.861,-27.5061,,-1.36788
35.8804,-483.506,-27.128,,-1.28022
35.9004,-485.963,-26.7027,,-1.18169
35.9204,-488.223,-26.268,,-1.08463
35.9404,-490.287,-25.7985,,-0.985721
35.9605,-492.162,-25.3023,,-0.888436
35.9802,-493.831,-24.7472,,-0.789492
36.0002,-495.31,-24.1662,,-0.694446
36.0203,-496.585,-23.5338,,-0.58488
36.0403,-497.668,-22.8421,,-0.500265
36.0603,-498.546,-22.078,,-0.388926
36.0803,-499.225,-21.239,,-0.290418
36.1003,-499.704,-20.3057,,-0.194299
36.1204,-499.989,-19.2709,,-0.0909516
36.1404,-500.051,-18.1101,,1.76E-03
36.1604,-499.95,-16.7974,,0.111321
36.1804,-499.628,-15.3212,,0.205165
36.2004,-499.114,-13.6663,,0.309158
36.2202,-498.39,-11.8134,,0.40352
36.2402,-497.479,-9.75554,,0.504575
36.2603,-496.358,-7.5229,,0.610778
36.2803,-495.04,-5.14164,,0.703522
36.3003,-493.53,-2.67033,,0.802991
36.3203,-491.818,-0.15905,,0.902713
36.3403,-489.91,2.34348,,0.998863
36.3604,-487.807,4.76073,,1.10043
36.3804,-485.51,7.09581,,1.19311
36.4004,-483.015,9.306,,1.29361
36.4204,-480.339,11.3873,,1.38368
36.4404,-477.453,13.3233,,1.49038
36.4605,-474.378,15.1402,,1.58053
36.4802,-471.129,16.8507,,1.66933
36.5002,-467.678,18.4156,,1.77302
36.5203,-464.042,19.8745,,1.85431
36.5403,-460.223,21.2261,,1.96238
36.5603,-456.211,22.4882,,2.04688
36.5803,-452.025,23.6304,,2.13339
36.6003,-447.664,24.6838,,2.22583
36.6204,-443.116,25.6552,,2.31779
36.6404,-438.401,26.5385,,2.39752
36.6604,-433.495,27.3492,,2.49373
36.6804,-428.419,28.0846,,2.57902
36.7004,-423.178,28.7518,,2.65966
36.7202,-417.765,29.3632,,2.74943
36.7402,-412.18,29.9298,,2.82762
36.7603,-406.444,30.4351,,2.91293
36.7803,-400.529,30.8908,,2.9928
36.8003,-394.46,31.315,,3.06922
36.8203,-388.235,31.7015,,3.15339
36.8403,-381.856,32.0482,,3.22296
36.8604,-375.323,32.3645,,3.30411
36.8804,-368.641,32.6626,,3.37467
36.9004,-361.808,32.9348,,3.45325
36.9204,-354.826,33.1777,,3.52255
36.9404,-347.713,33.4014,,3.58937
36.9605,-340.457,33.6146,,3.66315
36.9802,-333.07,33.7999,,3.72429
37.0002,-325.536,33.9766,,3.79995
37.0203,-317.879,34.1417,,3.85468
37.0403,-310.1,34.2957,,3.9244
37.0603,-302.186,34.4353,,3.98295
37.0803,-294.159,34.5644,,4.04183
37.1003,-286.016,34.6839,,4.09899
37.1204,-277.753,34.8061,,4.15931
37.1404,-269.381,34.902,,4.21119
37.1604,-260.899,34.9999,,4.2655
37.1804,-252.316,35.0906,,4.31598
37.2004,-243.632,35.1808,,4.36491
37.2202,-234.85,35.2569,,4.41462
37.2402,-225.973,35.3239,,4.45874
37.2603,-217.008,35.3992,,4.50537
37.2803,-207.956,35.4685,,4.54368
37.3003,-198.819,35.524,,4.58961
37.3203,-189.6,35.5716,,4.62749
37.3403,-180.309,35.6277,,4.6638
37.3604,-170.945,35.6797,,4.69703
37.3804,-161.517,35.7166,,4.73105
37.4004,-152.018,35.7579,,4.76448
37.4204,-142.458,35.7957,,4.79303
37.4404,-132.844,35.8273,,4.81881
37.4605,-123.175,35.8565,,4.84658
37.4802,-113.461,35.8764,,4.87023
37.5002,-103.696,35.901,,4.89244
37.5203,-93.8899,35.9224,,4.91081
37.5403,-84.0496,35.932,,4.92806
37.5603,-74.1753,35.9425,,4.94565
37.5803,-64.2701,35.9495,,4.95876
37.6003,-54.3392,35.9626,,4.97092
37.6204,-44.387,35.9585,,4.98084
37.6404,-34.4166,35.9499,,4.98874
37.6604,-24.4329,35.9517,,4.99419
37.6804,-14.4393,35.9475,,4.99879
37.7004,-4.43985,35.9346,,5.00027
37.7202,5.56141,35.9178,,5.00067
37.7402,15.5605,35.9009,,4.99835
37.7603,25.553,35.8905,,4.99391
37.7803,35.5358,35.8664,,4.98874
37.8003,45.504,35.8378,,4.97989
37.8203,55.4543,35.8108,,4.96992
37.8403,65.3826,35.7851,,4.95903
37.8604,75.2847,35.7547,,4.94352
37.8804,85.1558,35.7169,,4.928
37.9004,94.9929,35.6763,,4.91041
37.9204,104.793,35.6353,,4.88974
37.9404,114.551,35.5922,,4.86823
37.9605,124.261,35.5462,,4.84354
37.9802,133.925,35.498,,4.82094
38.0002,143.535,35.4459,,4.79059
38.0203,153.085,35.3847,,4.76031
38.0403,162.575,35.3246,,4.72918
38.0603,171.999,35.2705,,4.69737
38.0803,181.356,35.2053,,4.66196
38.1003,190.64,35.1366,,4.62368
38.1204,199.846,35.0627,,4.58412
38.1404,208.973,34.9915,,4.54316
38.1604,218.018,34.92,,4.50394
38.1804,226.976,34.834,,4.45672
38.2004,235.839,34.754,,4.40928
38.2202,244.612,34.6627,,4.36436
38.2402,253.287,34.5772,,4.31249
38.2603,261.857,34.4866,,4.26081
38.2803,270.325,34.3899,,4.20833
38.3003,278.684,34.2892,,4.15425
38.3203,286.932,34.183,,4.09551
38.3403,295.064,34.0763,,4.03995
38.3604,303.079,33.9725,,3.97849
38.3804,310.979,33.8576,,3.91982
38.4004,318.745,33.7302,,3.85422
38.4204,326.391,33.6077,,3.7944
38.4404,333.902,33.4904,,3.72069
38.4605,341.285,33.3605,,3.65785
38.4802,348.518,33.2148,,3.58466
38.5002,355.619,33.0807,,3.5216
38.5203,362.58,32.9408,,3.44149
38.5403,369.395,32.7958,,3.37842
38.5603,376.073,32.6358,,3.29637
38.5803,382.583,32.4771,,3.21897
38.6003,388.941,32.3186,,3.14306
38.6204,395.152,32.1561,,3.07071
38.6404,401.2,31.9718,,2.9847
38.6604,407.09,31.7932,,2.90713
38.6804,412.821,31.612,,2.82792
38.7004,418.382,31.4167,,2.73895
38.7202,423.776,31.2128,,2.65462
38.7402,428.998,30.9989,,2.57364
38.7603,434.05,30.7956,,2.48137
38.7803,438.93,30.5742,,2.4017
38.8003,443.633,30.3313,,2.30963
38.8203,448.161,30.0934,,2.22426
38.8403,452.511,29.8494,,2.12765
38.8604,456.673,29.5789,,2.03908
38.8804,460.661,29.3007,,1.95122
38.9004,464.456,29.0159,,1.8511
38.9204,468.067,28.7265,,1.76288
38.9404,471.492,28.3981,,1.66803
38.9605,474.733,28.0727,,1.57678
38.9802,477.785,27.727,,1.47939
39.0002,480.64,27.3596,,1.38182
39.0203,483.302,26.973,,1.28667
39.0403,485.778,26.5519,,1.19414
39.0603,488.052,26.117,,1.08628
39.0803,490.135,25.6509,,0.999054
39.1003,492.021,25.1494,,0.891787
39.1204,493.705,24.6031,,0.797905
39.1404,495.196,24.0255,,0.697427
39.1604,496.494,23.3987,,0.601346
39.1804,497.587,22.7015,,0.499257
39.2004,498.481,21.9413,,0.401023
39.2202,499.179,21.1146,,0.301559
39.2402,499.678,20.1973,,0.200132
39.2603,499.979,19.1594,,0.102179
39.2803,500.057,17.9996,,1.11E-03
39.3003,499.971,16.7043,,-0.101514
39.3203,499.659,15.2411,,-0.20068
39.3403,499.161,13.5837,,-0.294285
39.3604,498.461,11.7268,,-0.400406
39.3804,497.56,9.69755,,-0.493105
39.4004,496.462,7.46915,,-0.60197
39.4204,495.154,5.08528,,-0.698257
39.4404,493.659,2.61343,,-0.794718
39.4605,491.966,0.102997,,-0.895163
39.4802,490.071,-2.40782,,-0.994339
39.5002,487.982,-4.85798,,-1.08871
39.5203,485.7,-7.19097,,-1.18665
39.5403,483.221,-9.41554,,-1.28749
39.5603,480.55,-11.5168,,-1.38107
39.5803,477.687,-13.4733,,-1.47658
39.6003,474.634,-15.3165,,-1.57134
39.6204,471.387,-17.023,,-1.66767
39.6404,467.957,-18.6148,,-1.76013
39.6604,464.336,-20.0983,,-1.85568
39.6804,460.526,-21.4606,,-1.94731
39.7004,456.545,-22.7274,,-2.03125
39.7202,452.371,-23.8917,,-2.13678
39.7402,448.018,-24.9582,,-2.21559
39.7603,443.484,-25.9426,,-2.31062
39.7803,438.783,-26.8341,,-2.393
39.8003,433.889,-27.6518,,-2.48804
39.8203,428.839,-28.3965,,-2.5668
39.8403,423.602,-29.0752,,-2.65806
39.8604,418.201,-29.6946,,-2.74015
39.8804,412.631,-30.2542,,-2.82447
39.9004,406.906,-30.7671,,-2.90282
39.9204,401.007,-31.2341,,-2.98482
39.9404,394.955,-31.659,,-3.06517
39.9605,388.737,-32.0526,,-3.14401
39.9802,382.375,-32.4059,,-3.21793
40.0002,375.85,-32.7227,,-3.29885
40.0203,369.182,-33.0171,,-3.36446
40.0403,362.358,-33.2965,,-3.45665
40.0603,355.388,-33.542,,-3.51205
40.0803,348.284,-33.762,,-3.58859
40.1003,341.038,-33.9824,,-3.65505
40.1204,333.652,-34.1709,,-3.72448
40.1404,326.14,-34.345,,-3.78557
40.1604,318.493,-34.512,,-3.8546
40.1804,310.724,-34.6669,,-3.917
40.2004,302.827,-34.8044,,-3.97689
40.2202,294.803,-34.9366,,-4.0393
40.2402,286.666,-35.0571,,-4.09637
40.2603,278.415,-35.1741,,-4.15119
40.2803,270.052,-35.2766,,-4.20859
40.3003,261.581,-35.3744,,-4.25974
40.3203,253.007,-35.4688,,-4.31273
40.3403,244.327,-35.5526,,-4.36199
40.3604,235.553,-35.631,,-4.41033
40.3804,226.683,-35.7103,,-4.45665
40.4004,217.724,-35.7747,,-4.5004
40.4204,208.678,-35.8403,,-4.54357
40.4404,199.548,-35.9002,,-4.58346
40.4605,190.339,-35.9571,,-4.62324
40.4802,181.053,-36.0103,,-4.66087
40.5002,171.693,-36.0554,,-4.6972
40.5203,162.268,-36.0976,,-4.72693
40.5403,152.776,-36.1347,,-4.76127
40.5603,143.221,-36.1798,,-4.79308
40.5803,133.609,-36.2051,,-4.81947
40.6003,123.95,-36.2331,,-4.83914
40.6204,114.233,-36.2588,,-4.87116
40.6404,104.472,-36.2805,,-4.8896
40.6604,94.6731,-36.2983,,-4.90834
40.6804,84.8362,-36.3077,,-4.92719
40.7004,74.9621,-36.3246,,-4.94398
40.7202,65.0597,-36.3343,,-4.95922
40.7402,55.1303,-36.3339,,-4.96879
40.7603,45.18,-36.3379,,-4.9801
40.7803,35.2113,-36.3365,,-4.98823
40.8003,25.2282,-36.3375,,-4.99392
40.8203,15.2355,-36.3267,,-4.99857
40.8403,5.23631,-36.3149,,-5.00038
40.8604,-4.76499,-36.3081,,-5.00047
40.8804,-14.7642,-36.2953,,-4.99848
40.9004,-24.7577,-36.2739,,-4.99476
40.9204,-34.741,-36.2454,,-4.98876
40.9404,-44.7111,-36.2253,,-4.98112
40.9605,-54.6625,-36.2075,,-4.9708
40.9802,-64.592,-36.1728,,-4.95901
41.0002,-74.4961,-36.1376,,-4.94517
41.0203,-84.3695,-36.1016,,-4.92869
41.0403,-94.2127,-36.0668,,-4.91283
41.0603,-104.014,-36.0335,,-4.89224
41.0803,-113.775,-35.9772,,-4.8704
41.1003,-123.491,-35.9302,,-4.84557
41.1204,-133.156,-35.8898,,-4.821
41.1404,-142.771,-35.84,,-4.79233
41.1604,-152.326,-35.7825,,-4.76388
41.1804,-161.821,-35.7218,,-4.73306
41.2004,-171.253,-35.6622,,-4.70065
41.2202,-180.613,-35.5995,,-4.66172
41.2402,-189.904,-35.5285,,-4.62933
41.2603,-199.117,-35.4649,,-4.58574
41.2803,-208.248,-35.3872,,-4.54755
41.3003,-217.3,-35.3097,,-4.50596
41.3203,-226.264,-35.2332,,-4.45948
41.3403,-235.137,-35.147,,-4.41532
41.3604,-243.915,-35.0597,,-4.36684
41.3804,-252.599,-34.9723,,-4.31729
41.4004,-261.179,-34.8757,,-4.2669
41.4204,-269.655,-34.7822,,-4.2125
41.4404,-278.024,-34.6844,,-4.15669
41.4605,-286.281,-34.5804,,-4.1025
41.4802,-294.422,-34.4687,,-4.04222
41.5002,-302.448,-34.3618,,-3.98542
41.5203,-310.354,-34.247,,-3.92322
41.5403,-318.14,-34.1299,,-3.86128
41.5603,-325.788,-34.0052,,-3.79456
41.5803,-333.306,-33.8805,,-3.72655
41.6003,-340.697,-33.7468,,-3.66445
41.6204,-347.945,-33.6167,,-3.5901
41.6404,-355.058,-33.4829,,-3.5242
41.6604,-362.029,-33.3364,,-3.45076
41.6804,-368.853,-33.1903,,-3.37824
41.7004,-375.535,-33.0332,,-3.30608
41.7202,-382.069,-32.8793,,-3.23091
41.7402,-388.453,-32.7233,,-3.15027
41.7603,-394.657,-32.5408,,-3.06868
41.7803,-400.719,-32.3683,,-2.99419
41.8003,-406.626,-32.1951,,-2.91448
41.8203,-412.375,-32.0091,,-2.83713
41.8403,-417.939,-31.8058,,-2.73972
41.8604,-423.354,-31.61,,-2.67264
41.8804,-428.591,-31.4078,,-2.57173
41.9004,-433.661,-31.1901,,-2.4983
41.9204,-438.553,-30.9581,,-2.39929
41.9404,-443.269,-30.7371,,-2.31712
41.9605,-447.804,-30.4898,,-2.227
41.9802,-452.168,-30.2449,,-2.13768
42.0002,-456.344,-29.9773,,-2.04708
42.0203,-460.346,-29.7048,,-1.95564
42.0403,-464.163,-29.4131,,-1.86948
42.0603,-467.797,-29.123,,-1.76614
42.0803,-471.232,-28.8047,,-1.67496
42.1003,-474.482,-28.4806,,-1.57926
42.1204,-477.544,-28.1205,,-1.49029
42.1404,-480.418,-27.7597,,-1.38738
42.1604,-483.102,-27.3779,,-1.29281
42.1804,-485.581,-26.9559,,-1.19892
42.2004,-487.878,-26.5246,,-1.10225
42.2202,-489.979,-26.0521,,-1.008
42.2402,-491.882,-25.5601,,-0.895705
42.2603,-493.584,-25.0121,,-0.807488
42.2803,-495.085,-24.439,,-0.706233
42.3003,-496.398,-23.812,,-0.606337
42.3203,-497.507,-23.1191,,-0.508313
42.3403,-498.42,-22.3669,,-0.411076
42.3604,-499.131,-21.5366,,-0.304248
42.3804,-499.644,-20.6241,,-0.211031
42.4004,-499.959,-19.5967,,-0.108681
42.4204,-500.054,-18.4452,,-5.40E-03
42.4404,-499.985,-17.1586,,0.0886512
42.4605,-499.695,-15.6991,,0.190976
42.4802,-499.208,-14.0576,,0.289829
42.5002,-498.523,-12.2284,,0.39011
42.5203,-497.636,-10.1889,,0.489328
42.5403,-496.551,-7.96974,,0.592438
42.5603,-495.27,-5.58853,,0.684629
42.5803,-493.782,-3.10807,,0.792014
42.6003,-492.107,-0.58499,,0.885214
42.6204,-490.229,1.93399,,0.984439
42.6404,-488.154,4.3943,,1.08601
42.6604,-485.887,6.76354,,1.178
42.6804,-483.428,8.99561,,1.2777
42.7004,-480.771,11.1128,,1.37164
42.7202,-477.923,13.1028,,1.47143
42.7402,-474.9,14.9572,,1.55676
42.7603,-471.653,16.6838,,1.66758
42.7803,-468.243,18.2879,,1.75285
42.8003,-464.632,19.7913,,1.84516
42.8203,-460.843,21.1689,,1.93976
42.8403,-456.866,22.4479,,2.03382
42.8604,-452.706,23.6223,,2.11918
42.8804,-448.37,24.7093,,2.21525
42.9004,-443.851,25.6925,,2.29713
42.9204,-439.16,26.5981,,2.39111
42.9404,-434.289,27.429,,2.4747
42.9605,-429.239,28.1744,,2.56697
42.9802,-424.021,28.8588,,2.65091
43.0002,-418.639,29.4892,,2.72995
43.0203,-413.082,30.0534,,2.81944
43.0403,-407.364,30.57,,2.89673
43.0603,-401.478,31.0397,,2.98297
43.0803,-395.441,31.4723,,3.04889
43.1003,-389.239,31.8644,,3.14445
43.1204,-382.884,32.2138,,3.21312
43.1404,-376.368,32.5394,,3.29152
43.1604,-369.714,32.8415,,3.35909
43.1804,-362.909,33.1176,,3.4426
43.2004,-355.959,33.3653,,3.50686
43.2202,-348.86,33.59,,3.58658
43.2402,-341.618,33.807,,3.65122
43.2603,-334.256,33.9999,,3.7122
43.2803,-326.744,34.1755,,3.78898
43.3003,-319.109,34.3384,,3.84426
43.3203,-311.349,34.4948,,3.91641
43.3403,-303.454,34.6417,,3.97377
43.3604,-295.445,34.764,,4.03255
43.3804,-287.317,34.8908,,4.09127
43.4004,-279.076,35.0096,,4.14646
43.4204,-270.723,35.104,,4.20487
43.4404,-262.257,35.2084,,4.25749
43.4605,-253.692,35.3051,,4.30649
43.4802,-245.023,35.3926,,4.35902
43.5002,-236.254,35.465,,4.40711
43.5203,-227.391,35.538,,4.45277
43.5403,-218.441,35.6167,,4.49461
43.5603,-209.405,35.6852,,4.5398
43.5803,-200.28,35.741,,4.5798
43.6003,-191.074,35.7906,,4.62295
43.6204,-181.798,35.8468,,4.65743
43.6404,-172.443,35.8983,,4.69228
43.6604,-163.018,35.9409,,4.72841
43.6804,-153.534,35.9756,,4.75728
43.7004,-143.986,36.0094,,4.78789
43.7202,-134.38,36.0487,,4.81558
43.7402,-124.719,36.079,,4.84325
43.7603,-115.009,36.0994,,4.86648
43.7803,-105.255,36.1276,,4.88837
43.8003,-95.4554,36.1455,,4.90732
43.8203,-85.6189,36.1537,,4.92746
43.8403,-75.7487,36.1716,,4.94208
43.8604,-65.8496,36.1812,,4.9563
43.8804,-55.9221,36.1868,,4.96963
43.9004,-45.9732,36.1833,,4.97845
43.9204,-36.0072,36.1827,,4.98761
43.9404,-26.0237,36.1914,,4.99458
43.9605,-16.031,36.1796,,4.99761
43.9802,-6.03272,36.1638,,5.00015
44.0002,3.96853,36.15,,5.00073
44.0203,13.9682,36.1442,,4.99873
44.0403,23.9623,36.1221,,4.99502
44.0603,33.9463,36.0957,,4.98921
44.0803,43.9178,36.0799,,4.98184
44.1003,53.8707,36.0548,,4.9716
44.1204,63.8015,36.0155,,4.96002
44.1404,73.7088,35.9856,,4.94689
44.1604,83.586,35.9573,,4.93004
44.1804,93.4276,35.9187,,4.91254
44.2004,103.234,35.8728,,4.8936
44.2202,112.999,35.8263,,4.87333
44.2402,122.719,35.7951,,4.84556
44.2603,132.386,35.7419,,4.82586
44.2803,142.008,35.6801,,4.79562
44.3003,151.567,35.6302,,4.76566
44.3203,161.066,35.5781,,4.73443
44.3403,170.502,35.517,,4.702
44.3604,179.869,35.4448,,4.6666
44.3804,189.165,35.381,,4.63212
44.4004,198.387,35.3089,,4.5896
44.4204,207.526,35.2421,,4.55215
44.4404,216.583,35.1605,,4.50678
44.4605,225.555,35.0793,,4.46429
44.4802,234.433,35.002,,4.41858
44.5002,243.22,34.9123,,4.36966
44.5203,251.91,34.8281,,4.32302
44.5403,260.502,34.7338,,4.26964
44.5603,268.984,34.6315,,4.21806
44.5803,277.364,34.5291,,4.16119
44.6003,285.626,34.4321,,4.1052
44.6204,293.778,34.3258,,4.05071
44.6404,301.817,34.2153,,3.98659
44.6604,309.724,34.0951,,3.92921
44.6804,317.518,33.9847,,3.86451
44.7004,325.183,33.8681,,3.80122
44.7202,332.71,33.7305,,3.73143
44.7402,340.11,33.5967,,3.66927
44.7603,347.376,33.4742,,3.60015
44.7803,354.503,33.3335,,3.53705
44.8003,361.489,33.1847,,3.44837
44.8203,368.318,33.0413,,3.38517
44.8403,375.016,32.8895,,3.31278
44.8604,381.544,32.7256,,3.22791
44.8804,387.935,32.5642,,3.15751
44.9004,394.169,32.3957,,3.08194
44.9204,400.254,32.2248,,3.00122
44.9404,406.161,32.0458,,2.9175
44.9605,411.913,31.8531,,2.83734
44.9802,417.505,31.6645,,2.75559
45.0002,422.922,31.4621,,2.66892
45.0203,428.177,31.2578,,2.58593
45.0403,433.254,31.0365,,2.49953
45.0603,438.166,30.816,,2.41116
45.0803,442.897,30.5886,,2.32495
45.1003,447.45,30.3465,,2.23415
45.1204,451.831,30.0932,,2.14689
45.1404,456.021,29.8245,,2.05285
45.1604,460.042,29.5597,,1.96408
45.1804,463.863,29.2706,,1.86959
45.2004,467.507,28.9714,,1.7794
45.2202,470.964,28.6533,,1.68183
45.2402,474.231,28.3291,,1.59024
45.2603,477.316,27.9841,,1.49764
45.2803,480.201,27.6122,,1.39098
45.3003,482.893,27.2301,,1.30441
45.3203,485.394,26.8186,,1.2034
45.3403,487.698,26.3797,,1.10943
45.3604,489.821,25.9164,,1.01245
45.3804,491.731,25.4226,,0.907146
45.4004,493.454,24.882,,0.816454
45.4204,494.975,24.3005,,0.713099
45.4404,496.299,23.6774,,0.615936
45.4605,497.426,22.998,,0.515581
45.4802,498.352,22.2472,,0.41569
45.5002,499.084,21.4223,,0.318104
45.5203,499.611,20.5119,,0.214369
45.5403,499.941,19.4974,,0.121936
45.5603,500.055,18.3488,,8.34E-03
45.5803,500.002,17.0609,,-0.0792376
45.6003,499.723,15.6226,,-0.183837
45.6204,499.254,13.9947,,-0.280003
45.6404,498.583,12.1543,,-0.383502
45.6604,497.71,10.1216,,-0.484557
45.6804,496.644,7.9153,,-0.577465
45.7004,495.38,5.54528,,-0.682691
45.7202,493.91,3.0672,,-0.781012
45.7402,492.243,0.528998,,-0.878368
45.7603,490.385,-2.00597,,-0.977314
45.7803,488.327,-4.46957,,-1.0736
45.8003,486.077,-6.84803,,-1.17532
45.8203,483.628,-9.11479,,-1.26865
45.8403,480.994,-11.2511,,-1.36065
45.8604,478.158,-13.2413,,-1.46599
45.8804,475.137,-15.1181,,-1.55704
45.9004,471.919,-16.8736,,-1.65162
45.9204,468.516,-18.4862,,-1.74708
45.9404,464.927,-19.9983,,-1.83857
45.9605,461.152,-21.4052,,-1.93241
45.9802,457.188,-22.6934,,-2.02505
46.0002,453.045,-23.8792,,-2.11293
46.0203,448.724,-24.9762,,-2.20201
46.0403,444.22,-25.982,,-2.29885
46.0603,439.53,-26.8965,,-2.38479
46.0803,434.677,-27.7291,,-2.46735
46.1003,429.644,-28.4862,,-2.55749
46.1204,424.443,-29.1846,,-2.64154
46.1404,419.075,-29.8176,,-2.72487
46.1604,413.529,-30.3866,,-2.8121
46.1804,407.836,-30.9048,,-2.88031
46.2004,401.96,-31.3882,,-2.98047
46.2202,395.932,-31.8236,,-3.05419
46.2402,389.736,-32.2114,,-3.13534
46.2603,383.396,-32.5699,,-3.1997
46.2803,376.9,-32.905,,-3.29091
46.3003,370.248,-33.2068,,-3.35674
46.3203,363.455,-33.4778,,-3.43515
46.3403,356.509,-33.7268,,-3.5052
46.3604,349.431,-33.963,,-3.57728
46.3804,342.199,-34.1726,,-3.64624
46.4004,334.835,-34.3622,,-3.71027
46.4204,327.344,-34.5465,,-3.77924
46.4404,319.718,-34.7221,,-3.84253
46.4605,311.973,-34.8696,,-3.90506
46.4802,304.094,-35.0047,,-3.96575
46.5002,296.091,-35.1419,,-4.02915
46.5203,287.973,-35.2704,,-4.09046
46.5403,279.737,-35.379,,-4.14257
46.5603,271.391,-35.4834,,-4.20009
46.5803,262.935,-35.5941,,-4.25159
46.6003,254.378,-35.6881,,-4.30381
46.6204,245.716,-35.7629,,-4.35484
46.6404,236.958,-35.8457,,-4.40189
46.6604,228.103,-35.9227,,-4.44877
46.6804,219.157,-35.9971,,-4.4951
46.7004,210.123,-36.0603,,-4.53673
46.7202,201.007,-36.1164,,-4.57779
46.7402,191.809,-36.1765,,-4.61789
46.7603,182.536,-36.2335,,-4.65353
46.7803,173.189,-36.2801,,-4.68858
46.8003,163.778,-36.317,,-4.72288
46.8203,154.291,-36.36,,-4.7585
46.8403,144.747,-36.4021,,-4.78709
46.8604,135.145,-36.4347,,-4.81391
46.8804,125.492,-36.4573,,-4.83757
46.9004,115.782,-36.4861,,-4.86704
46.9204,106.031,-36.5108,,-4.88536
46.9404,96.2351,-36.5291,,-4.90823
46.9605,86.4034,-36.5439,,-4.92361
46.9802,76.5366,-36.5541,,-4.94137
47.0002,66.6382,-36.5647,,-4.95594
47.0203,56.7134,-36.5718,,-4.96792
47.0403,46.7662,-36.5745,,-4.97851
47.0603,36.7999,-36.5713,,-4.98666
47.0803,26.8192,-36.5694,,-4.99364
47.1003,16.8273,-36.5628,,-4.99754
47.1204,6.82884,-36.5532,,-5.00028
47.1404,-3.17214,-36.5364,,-5.00074
47.1604,-13.1721,-36.533,,-4.99873
47.1804,-23.1667,-36.5094,,-4.9955
47.2004,-33.1519,-36.4862,,-4.98975
47.2202,-43.1246,-36.4685,,-4.98253
47.2402,-53.0786,-36.4396,,-4.97262
47.2603,-63.0123,-36.4121,,-4.96085
47.2803,-72.9208,-36.3798,,-4.94805
47.3003,-82.8013,-36.3466,,-4.93197
47.3203,-92.6462,-36.3063,,-4.91461
47.3403,-102.455,-36.2726,,-4.89552
47.3604,-112.227,-36.2284,,-4.87615
47.3804,-121.946,-36.1811,,-4.8471
47.4004,-131.621,-36.1269,,-4.82684
47.4204,-141.244,-36.0744,,-4.79597
47.4404,-150.807,-36.0288,,-4.76862
47.4605,-160.312,-35.9644,,-4.73679
47.4802,-169.752,-35.9042,,-4.70362
47.5002,-179.126,-35.8449,,-4.67237
47.5203,-188.429,-35.7744,,-4.63371
47.5403,-197.655,-35.7067,,-4.59359
47.5603,-206.801,-35.6309,,-4.55244
47.5803,-215.865,-35.5561,,-4.51345
47.6003,-224.843,-35.4768,,-4.46792
47.6204,-233.731,-35.3948,,-4.4201
47.6404,-242.524,-35.3089,,-4.37792
47.6604,-251.222,-35.2179,,-4.32213
47.6804,-259.821,-35.1233,,-4.2761
47.7004,-268.313,-35.0271,,-4.21997
47.7202,-276.697,-34.9305,,-4.16816
47.7402,-284.973,-34.831,,-4.10857
47.7603,-293.131,-34.7196,,-4.0529
47.7803,-301.177,-34.6073,,-3.99458
47.8003,-309.098,-34.4972,,-3.93091
47.8203,-316.902,-34.3781,,-3.87298
47.8403,-324.577,-34.2513,,-3.8053
47.8604,-332.115,-34.1289,,-3.73908
47.8804,-339.526,-33.9995,,-3.67405
47.9004,-346.803,-33.872,,-3.60647
47.9204,-353.942,-33.7278,,-3.5365
47.9404,-360.932,-33.5844,,-3.45771
47.9605,-367.778,-33.4386,,-3.39101
47.9802,-374.487,-33.2848,,-3.31548
48.0002,-381.035,-33.1261,,-3.23609
48.0203,-387.431,-32.9661,,-3.16694
48.0403,-393.68,-32.7909,,-3.08756
48.0603,-399.774,-32.622,,-3.01032
48.0803,-405.698,-32.4428,,-2.91749
48.1003,-411.47,-32.2536,,-2.85931
48.1204,-417.071,-32.0636,,-2.74697
48.1404,-422.499,-31.861,,-2.67825
48.1604,-427.762,-31.6549,,-2.59134
48.1804,-432.859,-31.4391,,-2.51021
48.2004,-437.781,-31.2181,,-2.41671
48.2202,-442.53,-30.9879,,-2.33415
48.2402,-447.096,-30.7373,,-2.23846
48.2603,-451.484,-30.4919,,-2.15472
48.2803,-455.696,-30.2336,,-2.05975
48.3003,-459.728,-29.9654,,-1.9744
48.3203,-463.57,-29.6644,,-1.87509
48.3403,-467.225,-29.3702,,-1.78498
48.3604,-470.703,-29.0599,,-1.69596
48.3804,-473.982,-28.7402,,-1.59074
48.4004,-477.076,-28.3809,,-1.50622
48.4204,-479.977,-28.0174,,-1.40022
48.4404,-482.688,-27.6357,,-1.31134
48.4605,-485.2,-27.2261,,-1.2102
48.4802,-487.529,-26.7948,,-1.11662
48.5002,-489.651,-26.3275,,-1.01533
48.5203,-491.582,-25.8314,,-0.922505
48.5403,-493.324,-25.2899,,-0.820874
48.5603,-494.86,-24.7203,,-0.722023
48.5803,-496.201,-24.099,,-0.623577
48.6003,-497.343,-23.4112,,-0.524286
48.6204,-498.287,-22.6676,,-0.423456
48.6404,-499.035,-21.8508,,-0.332605
48.6604,-499.579,-20.943,,-0.214754
48.6804,-499.919,-19.9258,,-0.133696
48.7004,-500.058,-18.7925,,-0.0130973
48.7202,-500.019,-17.5221,,0.067993
48.7402,-499.753,-16.0883,,0.179077
48.7603,-499.298,-14.4663,,0.272979
48.7803,-498.644,-12.6446,,0.375591
48.8003,-497.786,-10.633,,0.474854
48.8203,-496.735,-8.42348,,0.571525
48.8403,-495.487,-6.04691,,0.669523
48.8604,-494.036,-3.55445,,0.777682
48.8804,-492.384,-1.02428,,0.870594
48.9004,-490.539,1.51602,,0.972522
48.9204,-488.495,4.00794,,1.06296
48.9404,-486.261,6.41918,,1.16576
48.9605,-483.83,8.68736,,1.26215
48.9802,-481.205,10.846,,1.35799
49.0002,-478.388,12.8758,,1.4543
49.0203,-475.386,14.7497,,1.54632
49.0403,-472.18,16.5258,,1.64806
49.0603,-468.798,18.1678,,1.73363
49.0803,-465.222,19.6994,,1.83322
49.1003,-461.457,21.1073,,1.92741
49.1204,-457.507,22.4154,,2.01896
49.1404,-453.379,23.6242,,2.10527
49.1604,-449.075,24.7274,,2.19805
49.1804,-444.581,25.7279,,2.28745
49.2004,-439.912,26.662,,2.37774
49.2202,-435.072,27.507,,2.45925
49.2402,-430.056,28.2778,,2.54963
49.2603,-424.866,28.9736,,2.63682
49.2803,-419.504,29.6094,,2.72046
49.3003,-413.981,30.1878,,2.80092
49.3203,-408.29,30.7212,,2.88244
49.3403,-402.43,31.2029,,2.96972
49.3604,-396.412,31.6298,,3.04774
49.3804,-390.239,32.0314,,3.12471
49.4004,-383.903,32.394,,3.2001
49.4204,-377.422,32.7217,,3.2805
49.4404,-370.782,33.0255,,3.3563
49.4605,-363.996,33.3069,,3.42558
49.4802,-357.066,33.5623,,3.49839
49.5002,-349.996,33.7829,,3.56967
49.5203,-342.782,34.0083,,3.64131
49.5403,-335.431,34.2043,,3.70121
49.5603,-327.95,34.376,,3.77861
49.5803,-320.335,34.5431,,3.83568
49.6003,-312.595,34.7051,,3.90289
49.6204,-304.719,34.8507,,3.96487
49.6404,-296.729,34.9759,,4.02437
49.6604,-288.62,35.1015,,4.08014
49.6804,-280.398,35.2205,,4.13928
49.7004,-272.059,35.3234,,4.19588
49.7202,-263.614,35.4247,,4.24642
49.7402,-255.066,35.5204,,4.30019
49.7603,-246.41,35.6081,,4.35182
49.7803,-237.657,35.6852,,4.3982
49.8003,-228.81,35.7646,,4.44542
49.8203,-219.873,35.8388,,4.49137
49.8403,-210.845,35.9006,,4.53146
49.8604,-201.737,35.9617,,4.57559
49.8804,-192.544,36.0208,,4.61486
49.9004,-183.277,36.0759,,4.64989
49.9204,-173.936,36.1177,,4.68876
49.9404,-164.526,36.1655,,4.72039
49.9605,-155.048,36.2089,,4.75332
49.9802,-145.511,36.242,,4.78341
50.0002,-135.911,36.2766,,4.81265
50.0203,-126.262,36.3053,,4.83799
50.0403,-116.562,36.3331,,4.8611
50.0603,-106.812,36.3577,,4.88689
50.0803,-97.0152,36.3745,,4.90587
50.1003,-87.1881,36.3887,,4.92223
50.1204,-77.3223,36.408,,4.94063
50.1404,-67.428,36.4136,,4.95424
50.1604,-57.5062,36.4205,,4.96729
50.1804,-47.5588,36.4238,,4.9782
50.2004,-37.594,36.4237,,4.98602
50.2202,-27.6143,36.4176,,4.99302
50.2402,-17.6232,36.4176,,4.99764
50.2603,-7.62518,36.4032,,4.99988
50.2803,2.3757,36.3886,,5.00043
50.3003,12.3758,36.3835,,4.99958
50.3203,22.3709,36.3586,,4.99542
50.3403,32.357,36.3375,,4.99056
50.3604,42.3306,36.3175,,4.98327
50.3804,52.2873,36.2948,,4.97315
50.4004,62.2219,36.2629,,4.962
50.4204,72.1325,36.2271,,4.94887
50.4404,82.0147,36.1967,,4.93315
50.4605,91.8631,36.1582,,4.91569
50.4802,101.675,36.1188,,4.89722
50.5002,111.446,36.0751,,4.87423
50.5203,121.177,36.0293,,4.85497
50.5403,130.85,35.9782,,4.82521
50.5603,140.478,35.9283,,4.80023
50.5803,150.048,35.8767,,4.77226
50.6003,159.561,35.8144,,4.73964
50.6204,169.006,35.7569,,4.70686
50.6404,178.381,35.6924,,4.67312
50.6604,187.689,35.6283,,4.63529
50.6804,196.92,35.5598,,4.59624
50.7004,206.073,35.4883,,4.55895
50.7202,215.148,35.4055,,4.51629
50.7402,224.132,35.3266,,4.47046
50.7603,233.028,35.2496,,4.42582
50.7803,241.827,35.1641,,4.37924
50.8003,250.534,35.0658,,4.3268
50.8203,259.137,34.9753,,4.27959
50.8403,267.64,34.8868,,4.22583
50.8604,276.035,34.7862,,4.17157
50.8804,284.321,34.6749,,4.11602
50.9004,292.49,34.5701,,4.05576
50.9204,300.54,34.4681,,3.99821
50.9404,308.476,34.346,,3.94002
50.9605,316.286,34.2278,,3.87339
50.9802,323.97,34.113,,3.80969
51.0002,331.516,33.9845,,3.74479
51.0203,338.943,33.847,,3.68152
51.0403,346.225,33.7136,,3.60725
51.0603,353.37,33.5906,,3.54138
51.0803,360.377,33.4463,,3.4675
51.1003,367.235,33.2877,,3.39458
51.1204,373.952,33.131,,3.32236
51.1404,380.522,32.9769,,3.24988
51.1604,386.939,32.8232,,3.17066
51.1804,393.191,32.6468,,3.0895
51.2004,399.294,32.4672,,3.01648
51.2202,405.232,32.2983,,2.92568
51.2402,411.01,32.1124,,2.85426
51.2603,416.626,31.9134,,2.76725
51.2803,422.074,31.7071,,2.68461
51.3003,427.355,31.505,,2.59531
51.3203,432.457,31.297,,2.51474
51.3403,437.386,31.0698,,2.4252
51.3604,442.153,30.835,,2.33839
51.3804,446.736,30.6056,,2.2513
51.4004,451.142,30.3478,,2.15929
51.4204,455.366,30.0818,,2.06876
51.4404,459.408,29.8127,,1.9787
51.4605,463.268,29.5286,,1.88434
51.4802,466.949,29.2287,,1.79378
51.5002,470.427,28.9181,,1.69579
51.5203,473.718,28.5851,,1.6039
51.5403,476.832,28.2436,,1.51036
51.5603,479.749,27.8737,,1.41194
51.5803,482.472,27.4941,,1.31824
51.6003,485.007,27.0889,,1.21866
51.6204,487.348,26.6388,,1.12412
51.6404,489.491,26.1865,,1.02862
51.6604,491.442,25.6958,,0.927305
51.6804,493.191,25.1643,,0.825774
51.7004,494.743,24.5806,,0.732771
51.7202,496.102,23.9652,,0.628976
51.7402,497.257,23.2929,,0.530958
51.7603,498.217,22.5451,,0.432376
51.7803,498.978,21.7352,,0.336162
51.8003,499.538,20.8367,,0.230515
51.8203,499.901,19.8249,,0.138639
51.8403,500.051,18.6978,,0.0160183
51.8604,500.02,17.4324,,-0.0545713
51.8804,499.78,16.0076,,-0.168781
51.9004,499.344,14.3887,,-0.266046
51.9204,498.701,12.5773,,-0.369612
51.9404,497.861,10.5734,,-0.467596
51.9605,496.825,8.37284,,-0.562294
51.9802,495.592,5.99149,,-0.668505
52.0002,494.153,3.51103,,-0.761395
52.0203,492.52,0.972498,,-0.865072
52.0403,490.695,-1.58638,,-0.959059
52.0603,488.673,-4.08833,,-1.06115
52.0803,486.443,-6.50557,,-1.16046
52.1003,484.029,-8.79955,,-1.2464
52.1204,481.429,-10.9748,,-1.35078
52.1404,478.624,-13.0081,,-1.4478
52.1604,475.627,-14.9271,,-1.54345
52.1804,472.443,-16.7134,,-1.63937
52.2004,469.075,-18.3555,,-1.72608
52.2202,465.511,-19.9115,,-1.83048
52.2402,461.759,-21.3482,,-1.91376
52.2603,457.842,-22.6636,,-1.99825
52.2803,453.73,-23.8701,,-2.11282
52.3003,449.425,-25.0034,,-2.18355
52.3203,444.953,-26.0264,,-2.28384
52.3403,440.293,-26.9548,,-2.36877
52.3604,435.466,-27.8086,,-2.45987
52.3804,430.456,-28.5927,,-2.54258
52.4004,425.282,-29.3001,,-2.62823
52.4204,419.947,-29.9375,,-2.69915
52.4404,414.433,-30.5205,,-2.81062
52.4605,408.742,-31.0593,,-2.87719
52.4802,402.902,-31.5515,,-2.96229
52.5002,396.895,-31.9795,,-3.03868
52.5203,390.736,-32.379,,-3.11848
52.5403,384.415,-32.7518,,-3.1982
52.5603,377.941,-33.0898,,-3.27267
52.5803,371.317,-33.39,,-3.34411
52.6003,364.548,-33.6612,,-3.42101
52.6204,357.625,-33.9251,,-3.49664
52.6404,350.57,-34.1623,,-3.56275
52.6604,343.362,-34.3736,,-3.63449
52.6804,336.02,-34.5702,,-3.70301
52.7004,328.546,-34.7475,,-3.76728
52.7202,320.944,-34.9237,,-3.83536
52.7402,313.215,-35.0772,,-3.89086
52.7603,305.354,-35.2207,,-3.95988
52.7803,297.37,-35.3535,,-4.02208
52.8003,289.27,-35.4784,,-4.07856
52.8203,281.055,-35.5985,,-4.13199
52.8403,272.728,-35.7061,,-4.19144
52.8604,264.291,-35.8044,,-4.24344
52.8804,255.748,-35.8991,,-4.29622
52.9004,247.102,-35.9862,,-4.34823
52.9204,238.359,-36.0673,,-4.39186
52.9404,229.521,-36.1419,,-4.44305
52.9605,220.588,-36.2196,,-4.48747
52.9802,211.568,-36.2873,,-4.52993
53.0002,202.465,-36.343,,-4.57064
53.0203,193.281,-36.4007,,-4.61177
53.0403,184.019,-36.4578,,-4.64859
53.0603,174.683,-36.5082,,-4.68511
53.0803,165.278,-36.5514,,-4.71723
53.1003,155.805,-36.586,,-4.75327
53.1204,146.272,-36.6308,,-4.7797
53.1404,136.679,-36.6689,,-4.80893
53.1604,127.031,-36.6947,,-4.83555
53.1804,117.332,-36.7137,,-4.86414
53.2004,107.588,-36.7378,,-4.88024
53.2202,97.8007,-36.7691,,-4.90478
53.2402,87.972,-36.7773,,-4.92166
53.2603,78.1104,-36.7879,,-4.93891
53.2803,68.2169,-36.798,,-4.95389
53.3003,58.2959,-36.8141,,-4.96652
53.3203,48.3512,-36.8119,,-4.97723
53.3403,38.3879,-36.8025,,-4.98527
53.3604,28.4095,-36.8087,,-4.99249
53.3804,18.4193,-36.8038,,-4.99712
53.4004,8.42163,-36.7902,,-4.99987
53.4204,-1.57932,-36.7783,,-5.00061
53.4404,-11.5797,-36.7676,,-4.99972
53.4605,-21.5754,-36.7546,,-4.99565
53.4802,-31.5621,-36.7292,,-4.99093
53.5002,-41.5363,-36.7058,,-4.98333
53.5203,-51.4945,-36.6872,,-4.97488
53.5403,-61.4314,-36.6503,,-4.96275
53.5603,-71.3446,-36.6242,,-4.95002
53.5803,-81.2276,-36.5967,,-4.93418
53.6003,-91.0808,-36.5514,,-4.9171
53.6204,-100.896,-36.5137,,-4.90044
53.6404,-110.672,-36.468,,-4.8776
53.6604,-120.4,-36.4272,,-4.85114
53.6804,-130.086,-36.3774,,-4.83336
53.7004,-139.716,-36.3236,,-4.79883
53.7202,-149.289,-36.2683,,-4.77496
53.7402,-158.804,-36.2171,,-4.74415
53.7603,-168.258,-36.1542,,-4.70725
53.7803,-177.638,-36.0883,,-4.67448
53.8003,-186.949,-36.0184,,-4.6403
53.8203,-196.189,-35.9567,,-4.60025
53.8403,-205.347,-35.8811,,-4.56063
53.8604,-214.43,-35.8029,,-4.52024
53.8804,-223.418,-35.7274,,-4.47434
53.9004,-232.32,-35.642,,-4.42868
53.9204,-241.131,-35.5523,,-4.38439
53.9404,-249.846,-35.4617,,-4.33314
53.9605,-258.458,-35.3761,,-4.28044
53.9802,-266.966,-35.282,,-4.22919
54.0002,-275.373,-35.1734,,-4.17697
54.0203,-283.662,-35.0681,,-4.11816
54.0403,-291.839,-34.9746,,-4.0629
54.0603,-299.905,-34.8612,,-4.00272
54.0803,-307.848,-34.7397,,-3.94405
54.1003,-315.668,-34.627,,-3.88309
54.1204,-323.371,-34.5064,,-3.81421
54.1404,-330.926,-34.3807,,-3.75098
54.1604,-338.357,-34.2445,,-3.6815
54.1804,-345.651,-34.1147,,-3.61645
54.2004,-352.81,-33.9806,,-3.54605
54.2202,-359.829,-33.8371,,-3.47289
54.2402,-366.697,-33.6845,,-3.4017
54.2603,-373.423,-33.5366,,-3.32598
54.2803,-380.003,-33.3787,,-3.25675
54.3003,-386.429,-33.2132,,-3.17393
54.3203,-392.695,-33.0424,,-3.09671
54.3403,-398.807,-32.8687,,-3.01873
54.3604,-404.763,-32.6982,,-2.94048
54.3804,-410.556,-32.5038,,-2.85845
54.4004,-416.185,-32.3141,,-2.77338
54.4204,-421.644,-32.1156,,-2.69021
54.4404,-426.936,-31.9051,,-2.60511
54.4605,-432.059,-31.6887,,-2.5204
54.4802,-437.013,-31.4686,,-2.437
54.5002,-441.789,-31.2378,,-2.3484
54.5203,-446.382,-30.9965,,-2.25016
54.5403,-450.803,-30.7486,,-2.16905
54.5603,-455.035,-30.4856,,-2.07101
54.5803,-459.09,-30.2118,,-1.98572
54.6003,-462.965,-29.9272,,-1.89327
54.6204,-466.651,-29.6336,,-1.79748
54.6404,-470.152,-29.31,,-1.70914
54.6604,-473.472,-28.9951,,-1.60899
54.6804,-476.589,-28.6478,,-1.51817
54.7004,-479.527,-28.2777,,-1.42313
54.7202,-482.273,-27.8945,,-1.32988
54.7402,-484.815,-27.488,,-1.2196
54.7603,-487.169,-27.0577,,-1.13406
54.7803,-489.327,-26.5975,,-1.03388
54.8003,-491.295,-26.1026,,-0.934492
54.8203,-493.058,-25.5691,,-0.835417
54.8403,-494.628,-24.9963,,-0.738144
54.8604,-496.003,-24.3861,,-0.639987
54.8804,-497.176,-23.7084,,-0.541432
54.9004,-498.151,-22.9698,,-0.44066
54.9204,-498.932,-22.1559,,-0.339275
54.9404,-499.503,-21.2634,,-0.239515
54.9605,-499.876,-20.2642,,-0.144057
54.9802,-500.051,-19.1359,,-0.0291566
55.0002,-500.035,-17.8815,,0.0499638
55.0203,-499.808,-16.467,,0.159781
55.0403,-499.384,-14.8639,,0.259954
55.0603,-498.76,-13.0615,,0.357133
55.0803,-497.941,-11.0651,,0.462167
55.1003,-496.913,-8.87674,,0.55647
55.1204,-495.697,-6.50445,,0.655231
55.1404,-494.28,-4.00406,,0.757617
55.1604,-492.659,-1.46435,,0.858067
55.1804,-490.847,1.10195,,0.950356
55.2004,-488.841,3.6244,,1.05024
55.2202,-486.632,6.06384,,1.15004
55.2402,-484.232,8.377,,1.24923
55.2603,-481.637,10.5684,,1.33694
55.2803,-478.852,12.6329,,1.4464
55.3003,-475.866,14.5549,,1.53218
55.3203,-472.706,16.368,,1.62698
55.3403,-469.358,18.0441,,1.72185
55.3604,-465.797,19.5965,,1.82208
55.3804,-462.07,21.0457,,1.90766
55.4004,-458.15,22.3896,,2.00437
55.4204,-454.05,23.6142,,2.09239
55.4404,-449.77,24.749,,2.17729
55.4605,-445.315,25.7758,,2.27773
55.4802,-440.672,26.732,,2.35925
55.5002,-435.859,27.5862,,2.45073
55.5203,-430.865,28.3733,,2.53793
55.5403,-425.701,29.0868,,2.62156
55.5603,-420.374,29.7337,,2.70386
55.5803,-414.869,30.3303,,2.79099
55.6003,-409.207,30.8661,,2.87082
55.6204,-403.37,31.3518,,2.95931
55.6404,-397.38,31.7941,,3.03203
55.6604,-391.235,32.202,,3.1079
55.6804,-384.929,32.5705,,3.19245
55.7004,-378.465,32.9076,,3.2682
55.7202,-371.848,33.2133,,3.34292
55.7402,-365.096,33.4937,,3.41281
55.7603,-358.183,33.7565,,3.49063
55.7803,-351.131,33.9911,,3.55739
55.8003,-343.939,34.2031,,3.62822
55.8203,-336.616,34.402,,3.69338
55.8403,-329.149,34.5844,,3.76734
55.8604,-321.553,34.7585,,3.82724
55.8804,-313.833,34.9201,,3.88937
55.9004,-305.984,35.0567,,3.95576
55.9204,-298.011,35.1919,,4.01451
55.9404,-289.918,35.3152,,4.07399
55.9605,-281.712,35.4385,,4.12953
55.9802,-273.394,35.5408,,4.18569
56.0002,-264.964,35.6446,,4.24081
56.0203,-256.43,35.7413,,4.29111
56.0403,-247.794,35.8254,,4.34244
56.0603,-239.057,35.9093,,4.39013
56.0803,-230.228,35.986,,4.43639
56.1003,-221.307,36.0582,,4.48492
56.1204,-212.29,36.1173,,4.52756
56.1404,-203.193,36.187,,4.56777
56.1604,-194.011,36.2564,,4.61169
56.1804,-184.757,36.3009,,4.642
56.2004,-175.428,36.344,,4.68281
56.2202,-166.029,36.3923,,4.71366
56.2402,-156.565,36.4394,,4.75014
56.2603,-147.031,36.4791,,4.77862
56.2803,-137.446,36.5026,,4.80719
56.3003,-127.804,36.5344,,4.83382
56.3203,-118.107,36.5695,,4.86065
56.3403,-108.365,36.5938,,4.88161
56.3604,-98.5779,36.6112,,4.90237
56.3804,-88.7563,36.6199,,4.91921
56.4004,-78.8966,36.6373,,4.93805
56.4204,-69.0056,36.6531,,4.95183
56.4404,-59.0867,36.6594,,4.96562
56.4605,-49.1448,36.66,,4.97617
56.4802,-39.1825,36.6637,,4.98493
56.5002,-29.2045,36.6598,,4.99216
56.5203,-19.2154,36.6526,,4.99687
56.5403,-9.21798,36.6478,,4.99978
56.5603,0.782822,36.6341,,5.00076
56.5803,10.7833,36.6207,,4.99938
56.6003,20.7795,36.6034,,4.9967
56.6204,30.7673,36.5865,,4.99117
56.6404,40.7431,36.5569,,4.98451
56.6604,50.704,36.5343,,4.97538
56.6804,60.6412,36.5084,,4.96377
56.7004,70.5564,36.474,,4.95061
56.7202,80.4431,36.4382,,4.93646
56.7402,90.2963,36.4044,,4.91828
56.7603,100.115,36.3621,,4.90078
56.7803,109.894,36.3199,,4.87849
56.8003,119.63,36.2737,,4.86007
56.8203,129.316,36.2259,,4.82574
56.8403,138.95,36.1759,,4.80732
56.8604,148.529,36.1249,,4.77469
56.8804,158.051,36.0612,,4.74618
56.9004,167.502,36.0056,,4.70961
56.9204,176.893,35.9451,,4.67966
56.9404,186.21,35.878,,4.63998
56.9605,195.456,35.8038,,4.60642
56.9802,204.622,35.7336,,4.56385
57.0002,213.706,35.6573,,4.52183
57.0203,222.705,35.5748,,4.47848
57.0403,231.618,35.4926,,4.43417
57.0603,240.432,35.4104,,4.3852
57.0803,249.155,35.3227,,4.33665
57.1003,257.776,35.2268,,4.28907
57.1204,266.293,35.131,,4.23116
57.1404,274.71,35.0303,,4.18271
57.1604,283.008,34.9344,,4.12558
57.1804,291.198,34.8247,,4.06293
57.2004,299.266,34.7082,,4.00841
57.2202,307.219,34.597,,3.94611
57.2402,315.048,34.4859,,3.88708
57.2603,322.765,34.3643,,3.82187
57.2803,330.327,34.2346,,3.75575
57.3003,337.775,34.102,,3.69689
57.3203,345.081,33.9696,,3.61231
57.3403,352.241,33.8304,,3.54943
57.3604,359.273,33.6891,,3.48255
57.3804,366.156,33.5421,,3.40699
57.4004,372.896,33.3858,,3.33278
57.4204,379.48,33.2305,,3.25839
57.4404,385.92,33.067,,3.18399
57.4605,392.207,32.897,,3.10697
57.4802,398.337,32.7256,,3.03024
57.5002,404.303,32.5422,,2.93707
57.5203,410.102,32.3655,,2.86917
57.5403,415.747,32.1677,,2.77609
57.5603,421.221,31.963,,2.70471
57.5803,426.536,31.7609,,2.60389
57.6003,431.654,31.5467,,2.52495
57.6204,436.62,31.3203,,2.44046
57.6404,441.409,31.0859,,2.3642
57.6604,446.038,30.8573,,2.25361
57.6804,450.454,30.5995,,2.1769
57.7004,454.707,30.3395,,2.08126
57.7202,458.771,30.0629,,1.98535
57.7402,462.66,29.7831,,1.9055
57.7603,466.368,29.4842,,1.80712
57.7803,469.88,29.1772,,1.71242
57.8003,473.21,28.8461,,1.62263
57.8203,476.354,28.5045,,1.52883
57.8403,479.305,28.1334,,1.42137
57.8604,482.054,27.7611,,1.33355
57.8804,484.617,27.3554,,1.23466
57.9004,486.992,26.9093,,1.14045
57.9204,489.162,26.4532,,1.03991
57.9404,491.153,25.9649,,0.944516
57.9605,492.924,25.4455,,0.842619
57.9802,494.513,24.8641,,0.746758
58.0002,495.9,24.2462,,0.648779
58.0203,497.089,23.5782,,0.543548
58.0403,498.078,22.8463,,0.451177
58.0603,498.872,22.0435,,0.347306
58.0803,499.462,21.1465,,0.250742
58.1003,499.856,20.1496,,0.149977
58.1204,500.046,19.0431,,0.0356192
58.1404,500.041,17.7975,,-0.038752
58.1604,499.835,16.3815,,-0.152513
58.1804,499.425,14.7843,,-0.253329
58.2004,498.824,12.9968,,-0.343044
58.2202,498.014,11.0114,,-0.460259
58.2402,497.005,8.82338,,-0.546566
58.2603,495.802,6.44999,,-0.648009
58.2803,494.397,3.96741,,-0.751132
58.3003,492.797,1.42461,,-0.848109
58.3203,491.002,-1.16559,,-0.943302
58.3403,489.003,-3.69989,,-1.04582
58.3604,486.815,-6.14928,,-1.14154
58.3804,484.43,-8.4775,,-1.23686
58.4004,481.855,-10.6987,,-1.32829
58.4204,479.086,-12.775,,-1.44082
58.4404,476.111,-14.7176,,-1.52863
58.4605,472.964,-16.5431,,-1.61578
58.4802,469.621,-18.2358,,-1.71915
58.5002,466.093,-19.8155,,-1.80794
58.5203,462.375,-21.2744,,-1.90429
58.5403,458.469,-22.632,,-1.99567
58.5603,454.388,-23.866,,-2.08049
58.5803,450.125,-25.0165,,-2.18027
58.6003,445.673,-26.0641,,-2.26381
58.6204,441.047,-27.0182,,-2.35875
58.6404,436.24,-27.8872,,-2.44188
58.6604,431.269,-28.6835,,-2.52856
58.6804,426.118,-29.4104,,-2.61498
58.7004,420.8,-30.0671,,-2.69908
58.7202,415.315,-30.6555,,-2.7841
58.7402,409.66,-31.2016,,-2.86074
58.7603,403.843,-31.7031,,-2.95133
58.7803,397.865,-32.1535,,-3.02123
58.8003,391.73,-32.5523,,-3.11358
58.8203,385.43,-32.9204,,-3.18106
58.8403,378.986,-33.2718,,-3.26204
58.8604,372.384,-33.5815,,-3.33548
58.8804,365.634,-33.8552,,-3.40897
58.9004,358.743,-34.1108,,-3.4822
58.9204,351.698,-34.3584,,-3.55511
58.9404,344.518,-34.5752,,-3.6227
58.9605,337.198,-34.77,,-3.69476
58.9802,329.744,-34.9527,,-3.75362
59.0002,322.161,-35.133,,-3.8262
59.0203,314.452,-35.2859,,-3.88166
59.0403,306.613,-35.4263,,-3.95111
59.0603,298.651,-35.5693,,-4.01035
59.0803,290.57,-35.6945,,-4.06697
59.1003,282.374,-35.8076,,-4.12374
59.1204,274.063,-35.9159,,-4.18435
59.1404,265.642,-36.0252,,-4.23462
59.1604,257.118,-36.1183,,-4.2862
59.1804,248.488,-36.2099,,-4.34137
59.2004,239.757,-36.2884,,-4.38541
59.2202,230.934,-36.3649,,-4.43539
59.2402,222.018,-36.4395,,-4.4803
59.2603,213.009,-36.5122,,-4.52308
59.2803,203.92,-36.5673,,-4.56542
59.3003,194.747,-36.6237,,-4.60403
59.3203,185.498,-36.6823,,-4.64378
59.3403,176.173,-36.7391,,-4.67783
59.3604,166.783,-36.7789,,-4.70998
59.3804,157.318,-36.8147,,-4.75177
59.4004,147.791,-36.8548,,-4.77692
59.4204,138.207,-36.8921,,-4.80165
59.4404,128.57,-36.9292,,-4.83359
59.4605,118.88,-36.9519,,-4.85749
59.4802,109.142,-36.9657,,-4.87848
59.5002,99.3611,-36.9944,,-4.90155
59.5203,89.5392,-37.0196,,-4.91749
59.5403,79.6848,-37.0224,,-4.93766
59.5603,69.7944,-37.0272,,-4.95136
59.5803,59.8776,-37.0437,,-4.96428
59.6003,49.9376,-37.0465,,-4.97563
59.6204,39.9767,-37.0416,,-4.98433
59.6404,29.9996,-37.0436,,-4.99187
59.6604,20.0107,-37.0408,,-4.99656
59.6804,10.014,-37.0251,,-4.9995
59.7004,0.0135641,-37.0171,,-5.00066
59.7202,-9.98725,-37.0077,,-4.99994
59.7402,-19.9838,-36.9923,,-4.99642
59.7603,-29.9721,-36.9635,,-4.99191
59.7803,-39.9494,-36.9455,,-4.98511
59.8003,-49.9098,-36.9288,,-4.97595
59.8203,-59.8514,-36.8938,,-4.965
59.8403,-69.7682,-36.8598,,-4.95239
59.8604,-79.6566,-36.8299,,-4.93699
59.8804,-89.5156,-36.7952,,-4.92049
59.9004,-99.3336,-36.7585,,-4.90052
59.9204,-109.115,-36.7099,,-4.88202
59.9404,-118.854,-36.6653,,-4.85514
59.9605,-128.544,-36.6234,,-4.83544
59.9802,-138.184,-36.5695,,-4.80578
60.0002,-146.719,-34.0716,,-2.77301