0.0203282,1.5338,5.53653,,1.35386
0.0403325,4.52695,15.2743,,1.50793
0.0603368,7.5263,23.3327,,1.49809
0.0803258,10.522,29.6696,,1.4972
0.10033,13.514,34.3078,,1.49495
0.120334,16.5007,37.5862,,1.49168
0.140339,19.4803,39.8977,,1.48814
0.160328,22.4516,41.5638,,1.48321
0.180332,25.4138,42.771,,1.47901
0.200336,28.3663,43.6343,,1.47344
0.22034,31.3069,44.2781,,1.47E+00
0.240329,34.2348,44.7438,,1.46E+00
0.260334,37.1495,45.0629,,1.45E+00
0.280338,40.0485,45.286,,1.44613
0.300327,42.9322,45.4103,,1.43734
0.320331,45.7978,45.454,,1.42918
0.340336,48.6467,45.469,,1.41967
0.36034,51.4744,45.4253,,1.40908
0.380329,54.2826,45.3405,,1.39866
0.400333,57.0685,45.2288,,1.38816
0.420337,59.8324,45.0933,,1.37603
0.440326,62.5714,44.9492,,1.36361
0.460331,65.2858,44.7668,,1.35123
0.480335,67.9734,44.5813,,1.34E+00
0.500339,70.6345,44.4001,,1.32E+00
0.520328,73.2675,44.1857,,1.30952
0.540332,75.8718,43.9698,,1.29475
0.560337,78.4448,43.7628,,1.28E+00
0.580326,80.9857,43.5445,,1.26235
0.60033,83.4946,43.3037,,1.24717
0.620334,85.9716,43.0742,,1.23046
0.640339,88.4118,42.8533,,1.21242
0.660328,90.8191,42.6149,,1.19422
0.680332,93.1887,42.3806,,1.17581
0.700336,95.5207,42.1437,,1.15691
0.72034,97.815,41.8976,,1.13823
0.740329,100.07,41.661,,1.11779
0.760334,102.285,41.4184,,1.09826
0.780338,104.46,41.1699,,1.07694
0.800327,106.593,40.9258,,1.05677
0.820331,108.682,40.6798,,1.03457
0.840336,110.729,40.4308,,1.01394
0.86034,112.732,40.1734,,0.988939
0.880329,114.687,39.9245,,0.969226
0.900333,116.6,39.6701,,0.942971
0.920337,118.464,39.415,,0.923034
0.940326,120.282,39.1529,,0.896041
0.960331,122.051,38.8895,,0.872717
0.980335,123.77,38.6226,,0.848215
1.00034,125.44,38.3652,,0.82317
1.02033,127.06,38.0797,,0.798421
1.04033,128.631,37.8058,,0.77329
1.06034,130.149,37.5359,,0.746173
1.08033,131.614,37.2502,,0.719974
1.10033,133.028,36.9612,,0.694715
1.12033,134.389,36.6686,,6.68E-01
1.14034,135.696,36.3711,,0.640424
1.16033,136.947,36.0634,,0.612964
1.18033,138.145,35.7503,,0.585772
1.20034,139.287,35.4284,,0.557231
1.22034,140.374,35.1105,,0.530717
1.24033,141.405,34.7587,,0.502084
1.26033,142.38,34.4039,,4.74E-01
1.28034,143.296,34.0404,,4.44E-01
1.30033,144.155,33.6734,,4.16E-01
1.32033,144.957,33.2919,,3.88E-01
1.34034,145.7,32.8906,,0.356799
1.36034,146.385,32.4739,,0.329587
1.38033,147.014,32.0475,,0.300302
1.40033,147.582,31.5979,,0.269584
1.42034,148.091,31.1161,,0.240264
1.44033,148.541,30.622,,0.211972
1.46033,148.933,30.1012,,0.180417
1.48033,149.263,29.5384,,1.51E-01
1.50034,149.534,28.9445,,0.121965
1.52033,149.746,28.3335,,0.0917715
1.54033,149.898,27.6824,,0.0614301
1.56034,149.989,26.9741,,0.0303499
1.58033,150.026,26.2236,,3.11E-03
1.60033,149.993,25.4436,,-0.0292231
1.62033,149.904,24.5969,,-0.0577167
1.64034,149.757,23.6794,,-0.0887384
1.66033,149.548,22.716,,-0.118273
1.68033,149.279,21.6892,,-0.148346
1.70034,148.953,20.579,,-0.178058
1.72034,148.566,19.3983,,-0.206138
1.74033,148.119,18.1518,,-2.39E-01
1.76033,147.612,16.8355,,-2.66E-01
1.78034,147.049,15.4446,,-0.296039
1.80033,146.425,13.9882,,-0.325986
1.82033,145.742,12.4948,,-0.35532
1.84034,145.003,10.9587,,-0.381832
1.86034,144.203,9.38431,,-0.415205
1.88033,143.346,7.78328,,-0.442578
1.90033,142.432,6.18804,,-0.46944
1.92034,141.462,4.60266,,-0.498725
1.94033,140.436,3.00754,,-0.526811
1.96033,139.353,1.417,,-5.55E-01
1.98033,138.213,-0.125142,,-0.583073
2.00034,137.018,-1.63517,,-0.610456
2.02033,135.768,-3.11532,,-0.63821
2.04033,134.465,-4.56803,,-0.664128
2.06034,133.107,-5.95897,,-0.691331
2.08033,131.698,-7.32095,,-0.716388
2.10033,130.234,-8.65303,,-0.745458
2.12033,128.719,-9.9458,,-0.769935
2.14034,127.151,-11.1759,,-0.794501
2.16033,125.536,-12.3768,,-0.821544
2.18033,123.868,-13.5709,,-0.84444
2.20034,122.15,-14.7095,,-0.871776
2.22034,120.383,-15.7989,,-0.894753
2.24033,118.568,-16.8566,,-0.918666
2.26033,116.706,-17.9134,,-0.941592
2.28034,114.799,-18.9136,,-0.963688
2.30033,112.846,-19.87,,-9.90E-01
2.32033,110.843,-20.794,,-1.01E+00
2.34034,108.8,-21.7054,,-1.03E+00
2.36034,106.711,-22.5769,,-1.05E+00
2.38033,104.581,-23.4109,,-1.08E+00
2.40033,102.41,-24.2112,,-1.09545
2.42034,100.197,-24.9984,,-1.11667
2.44033,97.944,-25.7469,,-1.13E+00
2.46033,95.6527,-26.4585,,-1.16E+00
2.48033,9.33E+01,-27.1512,,-1.17E+00
2.50034,90.9537,-27.8137,,-1.19E+00
2.52033,88.5509,-28.4407,,-1.21E+00
2.54033,86.1103,-29.0536,,-1.23E+00
2.56034,83.6363,-29.6372,,-1.25E+00
2.58033,81.1288,-30.185,,-1.26E+00
2.60033,78.5881,-30.7315,,-1.28E+00
2.62033,76.0167,-31.2351,,-1.29E+00
2.64034,73.4152,-31.7096,,-1.31E+00
2.66033,70.7844,-32.1871,,-1.32E+00
2.68033,68.1246,-32.6368,,-1.34E+00
2.70034,65.4377,-33.0482,,-1.35E+00
2.72034,62.725,-33.4437,,-1.36E+00
2.74033,59.987,-33.8321,,-1.38E+00
2.76033,57.2252,-34.1957,,-1.39E+00
2.78034,54.4401,-34.5399,,-1.40E+00
2.80033,51.6334,-34.8572,,-1.41E+00
2.82033,48.8064,-35.1689,,-1.42E+00
2.84034,45.96,-35.4671,,-1.43E+00
2.86034,43.0942,-35.744,,-1.44E+00
2.88033,40.2118,-36.0031,,-1.45E+00
2.90033,37.3137,-36.2465,,-1.45E+00
2.92034,34.4002,-36.4758,,-1.46E+00
2.94033,31.4725,-36.713,,-1.47E+00
2.96033,28.5332,-36.9153,,-1.47E+00
2.98033,25.582,-37.0953,,-1.48E+00
3.00034,22.6206,-37.2843,,-1.48E+00
3.02033,19.6501,-37.4522,,-1.49E+00
3.04033,16.6717,-37.6083,,-1.49E+00
3.06034,13.6867,-37.7486,,-1.49E+00
3.08033,10.6964,-37.8721,,-1.50E+00
3.10033,7.70157,-38.011,,-1.50E+00
3.12033,4.70387,-38.1128,,-1.50E+00
3.14034,1.70411,-38.2116,,-1.50014
3.16033,-1.29621,-38.301,,-1.5002
3.18033,-4.296,-38.3778,,-1.4996
3.20034,-7.29419,-38.4551,,-1.49837
3.22034,-10.2894,-38.5005,,-1.49683
3.24033,-13.2807,-38.5493,,-1.49436
3.26033,-16.2664,-38.6,,-1.49154
3.28034,-19.2454,-38.62,,-1.48777
3.30033,-22.2172,-38.6512,,-1.48376
3.32033,-25.1797,-38.6489,,-1.47896
3.34034,-28.1325,-38.6601,,-1.4738
3.36034,-31.0737,-38.6665,,-1.47E+00
3.38033,-34.0025,-38.6447,,-1.46E+00
3.40033,-36.9178,-38.6298,,-1.45E+00
3.42034,-39.8184,-38.6019,,-1.44635
3.44033,-42.703,-38.5717,,-1.43882
3.46033,-45.5706,-38.5331,,-1.42934
3.48033,-48.4203,-38.4724,,-1.42021
3.50034,-51.2503,-38.4269,,-1.41004
3.52033,-54.0594,-38.375,,-1.3999
3.54033,-56.8469,-38.2932,,-1.38822
3.56034,-59.6125,-38.2217,,-1.37713
3.58033,-62.3532,-38.1572,,-1.36502
3.60033,-65.0701,-38.0704,,-1.35224
3.62033,-67.7605,-37.9795,,-1.34E+00
3.64034,-70.4237,-37.885,,-1.32E+00
3.66033,-73.0592,-37.7926,,-1.31079
3.68033,-75.6647,-37.6962,,-1.29553
3.70034,-78.2401,-37.5835,,-1.28E+00
3.72034,-80.7849,-37.4675,,-1.26414
3.74033,-83.2973,-37.3656,,-1.24877
3.76033,-85.7748,-37.2433,,-1.22925
3.78034,-88.218,-37.1152,,-1.21492
3.80033,-90.629,-36.9986,,-1.19636
3.82033,-93.001,-36.8699,,-1.17735
3.84034,-95.3361,-36.7159,,-1.15825
3.86034,-97.6332,-36.5921,,-1.13979
3.88033,-99.8921,-36.4611,,-1.11995
3.90033,-102.111,-36.3042,,-1.10013
3.92034,-104.29,-36.1472,,-1.07839
3.94033,-106.423,-36.0021,,-1.05748
3.96033,-108.517,-35.8587,,-1.03706
3.98033,-110.568,-35.6801,,-1.01407
4.00034,-112.573,-35.5066,,-0.992829
4.02033,-114.534,-35.3455,,-0.969484
4.04033,-116.449,-35.18,,-0.946107
4.06034,-118.316,-34.997,,-0.92271
4.08033,-120.138,-34.8086,,-0.89978
4.10033,-121.914,-34.6214,,-0.876172
4.12033,-123.635,-34.4424,,-0.848566
4.14034,-125.309,-34.2351,,-0.826785
4.16033,-126.935,-34.0253,,-0.799134
4.18033,-128.508,-33.815,,-0.774579
4.20034,-130.03,-33.6036,,-0.748842
4.22034,-131.5,-3.34E+01,,-0.722341
4.24033,-132.918,-33.1562,,-0.696463
4.26033,-134.282,-32.9023,,-6.70E-01
4.28034,-135.593,-32.676,,-0.641978
4.30033,-136.85,-32.431,,-0.615691
4.32033,-138.051,-32.162,,-0.587368
4.34034,-1.39E+02,-31.8905,,-0.560429
4.36034,-140.289,-31.6073,,-0.532302
4.38033,-141.325,-31.3137,,-0.503968
4.40033,-142.304,-31.0137,,-4.76E-01
4.42034,-143.225,-30.703,,-4.47E-01
4.44033,-144.089,-30.3791,,-4.19E-01
4.46033,-144.895,-30.0373,,-3.88E-01
4.48033,-145.643,-29.6788,,-0.361342
4.50034,-146.333,-29.3038,,-0.331139
4.52033,-146.967,-28.909,,-0.302286
4.54033,-147.538,-28.501,,-0.271581
4.56034,-148.052,-28.0628,,-0.243163
4.58033,-148.508,-27.5939,,-0.213687
4.60033,-148.903,-27.1109,,-0.183455
4.62033,-149.239,-26.5944,,-1.54E-01
4.64034,-149.516,-26.0561,,-1.24E-01
4.66033,-149.731,-25.4796,,-0.0925078
4.68033,-149.885,-24.8704,,-0.0639015
4.70034,-149.982,-24.2161,,-0.0331914
4.72034,-150.026,-23.5118,,-6.61E-03
4.74033,-149.997,-22.7663,,0.0268127
4.76033,-149.914,-21.9549,,0.056068
4.78034,-149.77,-21.0943,,0.0860298
4.80033,-149.567,-20.1764,,0.116096
4.82033,-149.304,-19.1888,,0.145596
4.84034,-148.98,-18.132,,0.17562
4.86034,-148.597,-17.0189,,0.206068
4.88033,-148.155,-15.8409,,2.34E-01
4.90033,-147.655,-14.5834,,2.64E-01
4.92034,-147.095,-13.2526,,0.294407
4.94033,-146.477,-11.8701,,0.322609
4.96033,-145.798,-10.4356,,0.353425
4.98033,-145.063,-8.95716,,0.38189
5.00034,-144.268,-7.44646,,0.41073
5.02033,-143.416,-5.91389,,0.439653
5.04033,-142.509,-4.36665,,0.466343
5.06034,-141.542,-2.82429,,0.497318
5.08033,-140.521,-1.31069,,0.524185
5.10033,-139.442,0.191046,,5.54E-01
5.12033,-138.305,1.68206,,0.58048
5.14034,-137.115,3.13444,,0.608406
5.16033,-135.87,4.54154,,0.635712
5.18033,-134.571,5.92144,,0.662204
5.20034,-133.218,7.25406,,0.689504
5.22034,-131.812,8.55208,,0.715531
5.24033,-130.352,9.79468,,0.741574
5.26033,-128.841,11.0004,,0.768184
5.28034,-127.279,12.189,,0.793227
5.30033,-125.666,13.3182,,0.819085
5.32033,-124,14.3932,,0.844242
5.34034,-122.287,15.4486,,0.868044
5.36034,-120.526,16.4835,,0.892209
5.38033,-118.714,17.4752,,0.917521
5.40033,-116.859,18.4009,,0.939054
5.42034,-114.951,19.3093,,0.964571
5.44033,-113,20.1974,,9.86E-01
5.46033,-111.004,21.0428,,1.01E+00
5.48033,-108.964,21.8341,,1.03E+00
5.50034,-106.88,22.6118,,1.05E+00
5.52033,-104.753,23.3757,,1.07E+00
5.54033,-102.584,24.0872,,1.09357
5.56034,-100.374,24.7583,,1.11468
5.58033,-98.1245,25.4138,,1.13E+00
5.60033,-95.8359,26.0472,,1.15E+00
5.62033,-93.509,26.6354,,1.17E+00
5.64034,-91.1435,27.1983,,1.19E+00
5.66033,-88.7431,27.7553,,1.21E+00
5.68033,-86.305,28.2658,,1.23E+00
5.70034,-83.8331,28.755,,1.24E+00
5.72034,-81.329,29.2174,,1.26E+00
5.74033,-78.7924,29.6622,,1.28E+00
5.76033,-76.2226,30.0897,,1.29E+00
5.78034,-73.6233,30.4881,,1.31E+00
5.80033,-70.9946,30.8525,,1.32E+00
5.82033,-68.3373,31.2217,,1.34E+00
5.84034,-65.6526,31.5663,,1.35E+00
5.86034,-62.9413,31.8769,,1.36E+00
5.88033,-60.2062,32.1792,,1.37E+00
5.90033,-57.4459,32.4665,,1.39E+00
5.92034,-54.6627,32.7316,,1.40E+00
5.94033,-51.8578,32.9921,,1.41E+00
5.96033,-49.0319,33.2252,,1.42E+00
5.98033,-46.1865,33.4462,,1.43E+00
6.00034,-43.3228,33.6657,,1.44E+00
6.02033,-40.4423,33.8611,,1.44E+00
6.04033,-37.5453,34.0406,,1.45E+00
6.06034,-34.6326,34.2103,,1.46E+00
6.08033,-31.7064,34.3754,,1.47E+00
6.10033,-28.7678,34.5315,,1.47E+00
6.12033,-25.8175,34.6612,,1.48E+00
6.14034,-22.8565,34.7846,,1.48E+00
6.16033,-19.8868,34.9217,,1.49E+00
6.18033,-16.9093,35.0246,,1.49E+00
6.20034,-13.9248,35.1233,,1.49E+00
6.22034,-10.9349,35.2104,,1.50E+00
6.24033,-7.94037,35.2997,,1.50E+00
6.26033,-4.94266,35.3886,,1.50E+00
6.28034,-1.94309,35.4381,,1.50009
6.30033,1.05728,35.5039,,1.50016
6.32033,4.06E+00,35.5698,,1.49966
6.34034,7.05551,35.6051,,1.49863
6.36034,10.0511,35.6506,,1.49702
6.38033,13.0425,35.6772,,1.49428
6.40033,16.0291,35.7123,,1.49204
6.42034,19.0086,35.7306,,1.48802
6.44033,21.9806,35.7416,,1.48384
6.46033,2.49E+01,35.7576,,1.4796
6.48033,27.8978,35.7641,,1.47449
6.50034,30.8401,35.7664,,1.47E+00
6.52033,33.7701,35.7525,,1.46E+00
6.54033,36.6866,35.7267,,1.45E+00
6.56034,39.5885,35.7235,,1.44742
6.58033,42.4743,35.7079,,1.43877
6.60033,45.3428,35.6629,,1.43009
6.62033,48.1933,35.6305,,1.42098
6.64034,51.0256,35.6098,,1.41103
6.66033,53.8362,35.565,,1.40059
6.68033,56.6265,35.5112,,1.38999
6.70034,59.3939,35.4596,,1.37777
6.72034,62.1364,35.4214,,1.36535
6.74033,64.8551,35.3577,,1.35342
6.76033,67.548,35.2839,,1.34002
6.78034,70.2125,35.2255,,1.33E+00
6.80033,72.8499,35.1583,,1.31224
6.82033,75.4582,35.0758,,1.2968
6.84034,78.0364,34.9974,,1.28E+00
6.86034,80.5819,34.9156,,1.26527
6.88033,83.0976,34.825,,1.25003
6.90033,85.5788,34.7402,,1.23163
6.92034,88.0275,34.6476,,1.21639
6.94033,90.4366,34.5379,,1.1965
6.96033,92.8134,34.449,,1.1808
6.98033,95.1515,34.3406,,1.15849
7.00034,97.452,34.2149,,1.14187
7.02033,99.7158,34.1118,,1.12149
7.04033,101.936,34.0022,,1.10108
7.06034,104.116,33.8691,,1.08006
7.08033,106.255,33.7396,,1.059
7.10033,108.352,33.6138,,1.03941
7.12033,110.405,33.4815,,1.01544
7.14034,112.414,33.3254,,0.994085
7.16033,114.378,33.1847,,0.971292
7.18033,116.297,33.0508,,0.949035
7.20034,118.171,32.8948,,0.92711
7.22034,119.997,32.7181,,0.899651
7.24033,121.774,32.5652,,0.876969
7.26033,123.499,32.3963,,0.849928
7.28034,125.179,32.2179,,0.829345
7.30033,126.806,32.0317,,0.801487
7.32033,128.384,31.843,,0.776994
7.34034,129.911,31.6575,,0.751147
7.36034,131.385,31.4493,,0.724186
7.38033,132.807,3.12E+01,,0.699379
7.40033,134.177,31.031,,6.71E-01
7.42034,135.492,30.8089,,0.645337
7.44033,136.752,30.5678,,0.617376
7.46033,137.959,30.3337,,0.589897
7.48033,1.39E+02,30.086,,0.561944
7.50034,140.206,29.8278,,0.53479
7.52033,141.243,29.5505,,0.505442
7.54033,142.228,29.2557,,4.80E-01
7.56034,143.154,28.9619,,4.48E-01
7.58033,144.021,28.6542,,4.21E-01
7.60033,144.833,28.3308,,3.92E-01
7.62033,145.586,27.9939,,0.362936
7.64034,146.281,27.6446,,0.33368
7.66033,146.918,27.2703,,0.304861
7.68033,147.495,26.8726,,0.274468
7.70034,148.014,26.4675,,0.244734
7.72034,148.473,26.0285,,0.217216
7.74033,148.874,25.5535,,0.184712
7.76033,149.215,25.0542,,1.56E-01
7.78034,149.495,24.5326,,1.26E-01
7.80033,149.716,23.9787,,0.096019
7.82033,149.878,23.3769,,0.0661724
7.84034,149.98,22.7358,,0.0368049
7.86034,150.026,22.0686,,0.0109565
7.88033,150.002,21.3349,,-0.0289843
7.90033,149.923,20.5552,,-0.0523023
7.92034,149.783,19.724,,-0.0850693
7.94033,149.585,18.8322,,-0.113063
7.96033,149.326,17.8782,,-0.142124
7.98033,149.009,16.8506,,-0.174212
8.00034,148.631,15.7595,,-0.203742
8.02033,148.193,14.601,,-2.32E-01
8.04033,147.698,13.3651,,-2.62E-01
8.06034,147.143,12.0613,,-0.291728
8.08033,146.528,10.7119,,-0.321712
8.10033,145.855,9.3117,,-0.350641
8.12033,145.123,7.86687,,-0.377668
8.14034,144.335,6.37742,,-0.409972
8.16033,143.489,4.88232,,-0.435908
8.18033,142.581,3.38102,,-0.467775
8.20034,141.62,1.88377,,-0.492789
8.22034,140.605,0.38719,,-0.522754
8.24033,139.528,-1.10453,,-5.51E-01
8.26033,138.398,-2.54982,,-0.578487
8.28034,137.212,-3.97246,,-0.605944
8.30033,135.971,-5.35358,,-0.633062
8.32033,134.676,-6.69186,,-0.66025
8.34034,133.328,-7.98992,,-0.687123
8.36034,131.926,-9.25438,,-0.711715
8.38033,130.472,-10.4664,,-0.742368
8.40033,128.965,-11.6428,,-0.763633
8.42034,127.404,-12.7783,,-0.794246
8.44033,125.796,-13.8682,,-0.815669
8.46033,124.136,-14.9308,,-0.839663
8.48034,122.426,-15.946,,-0.86884
8.50034,120.667,-16.9303,,-0.890922
8.52033,118.859,-17.8713,,-0.915607
8.54033,117.005,-18.7817,,-0.937677
8.56034,115.104,-19.6688,,-0.961781
8.58033,113.156,-20.4988,,-9.85E-01
8.60033,111.164,-21.2963,,-1.01E+00
8.62033,109.128,-22.0815,,-1.03E+00
8.64034,107.048,-22.827,,-1.05E+00
8.66033,104.923,-23.5348,,-1.07E+00
8.68033,102.758,-24.2043,,-1.09316
8.70034,100.551,-24.8669,,-1.11266
8.72034,98.3046,-25.4963,,-1.13E+00
8.74033,96.0185,-26.0764,,-1.15E+00
8.76033,93.6937,-26.635,,-1.17E+00
8.78034,91.3326,-27.181,,-1.19E+00
8.80033,88.9323,-27.6992,,-1.21E+00
8.82033,86.4994,-28.1859,,-1.22E+00
8.84034,84.0317,-28.6408,,-1.24E+00
8.86034,81.5298,-29.0813,,-1.26E+00
8.88033,78.9959,-29.5098,,-1.27E+00
8.90033,76.4287,-29.909,,-1.29E+00
8.92034,73.8317,-30.2715,,-1.30E+00
8.94033,71.205,-30.6247,,-1.32E+00
8.96033,68.5494,-30.9861,,-1.33E+00
8.98034,65.8671,-31.2958,,-1.35E+00
9.00034,63.1587,-31.5889,,-1.36E+00
9.02033,60.4249,-31.8764,,-1.37E+00
9.04033,57.6667,-32.1459,,-1.38E+00
9.06034,54.8854,-32.412,,-1.40E+00
9.08033,52.0828,-32.6443,,-1.41E+00
9.10033,49.2585,-32.8618,,-1.42E+00
9.12033,46.414,-33.0761,,-1.43E+00
9.14034,4.36E+01,-33.2745,,-1.44E+00
9.16033,40.672,-33.4653,,-1.44E+00
9.18033,37.7765,-33.6375,,-1.45E+00
9.20034,34.8649,-33.7969,,-1.46E+00
9.22034,31.9398,-33.9634,,-1.47E+00
9.24033,29.0017,-34.1055,,-1.47E+00
9.26033,26.0527,-34.2335,,-1.48E+00
9.28034,23.093,-34.3594,,-1.48E+00
9.30033,20.1237,-34.4817,,-1.49E+00
9.32033,17.1466,-34.5767,,-1.49E+00
9.34034,14.1623,-34.6773,,-1.49E+00
9.36034,11.173,-34.7674,,-1.50E+00
9.38033,8.17875,-34.8563,,-1.50E+00
9.40033,5.18153,-34.9193,,-1.50E+00
9.42034,2.182,-34.9887,,-1.50016
9.44033,-0.818344,-35.0591,,-1.50024
9.46033,-3.81838,-35.1092,,-1.49983
9.48034,-6.81694,-35.154,,-1.49861
9.50034,-9.81255,-35.1935,,-1.49695
9.52033,-12.8042,-35.2332,,-1.49479
9.54033,-15.791,-35.2678,,-1.49197
9.56034,-18.7714,-35.2716,,-1.48842
9.58033,-21.7445,-35.2988,,-1.48469
9.60033,-24.7087,-35.3172,,-1.47973
9.62033,-27.663,-35.3137,,-1.4748
9.64034,-30.6062,-35.3175,,-1.47E+00
9.66033,-33.5369,-35.3065,,-1.46E+00
9.68033,-36.455,-35.3096,,-1.46E+00
9.70034,-39.3577,-35.2971,,-1.45E+00
9.72034,-42.2453,-35.2649,,-1.44005
9.74033,-45.1151,-35.2507,,-1.43071
9.76033,-47.9676,-35.2221,,-1.42144
9.78034,-50.8002,-35.1868,,-1.4117
9.80033,-53.6135,-35.1502,,-1.40195
9.82033,-56.4051,-35.1018,,-1.39066
9.84034,-59.1742,-35.0635,,-1.37847
9.86034,-61.9185,-35.0214,,-1.36652
9.88033,-64.6398,-34.9516,,-1.35449
9.90033,-67.3333,-34.9041,,-1.34068
9.92034,-70.0018,-34.8431,,-1.33E+00
9.94033,-72.6405,-34.7662,,-1.31298
9.96033,-75.2511,-34.7072,,-1.29813
9.98034,-77.832,-34.635,,-1.28377
10.0003,-80.3814,-34.5481,,-1.26608
10.0203,-82.8979,-34.4638,,-1.25047
10.0403,-85.3818,-34.3833,,-1.23529
10.0603,-87.8335,-34.2911,,-1.2168
10.0803,-90.2474,-34.2045,,-1.19806
10.1003,-92.6262,-34.1041,,-1.18203
10.1203,-94.9682,-33.9915,,-1.16076
10.1403,-97.2715,-33.8954,,-1.14255
10.1603,-9.95E+01,-33.7799,,-1.12251
10.1803,-101.761,-33.6668,,-1.10364
10.2003,-103.944,-33.55,,-1.08198
10.2203,-106.087,-33.4309,,-1.06102
10.2403,-108.186,-33.3025,,-1.0393
10.2603,-110.243,-33.166,,-1.01818
10.2803,-112.256,-33.037,,-0.996043
10.3003,-114.224,-32.8971,,-0.97307
10.3203,-116.146,-32.7445,,-0.949574
10.3403,-118.023,-32.5991,,-0.928606
10.3603,-119.851,-32.458,,-0.901512
10.3803,-121.631,-32.294,,-0.879177
10.4003,-123.363,-32.1195,,-0.853575
10.4203,-125.047,-31.9437,,-0.829816
10.4403,-126.676,-31.7768,,-0.803737
10.4603,-128.26,-31.599,,-7.80E-01
10.4803,-129.791,-31.3946,,-0.752241
10.5003,-131.269,-31.1958,,-0.727504
10.5203,-132.696,-31.0085,,-0.70064
10.5403,-134.07,-30.7875,,-6.75E-01
10.5603,-135.389,-30.5682,,-0.645177
10.5803,-136.654,-30.3402,,-0.621035
10.6003,-137.865,-30.1096,,-0.592269
10.6203,-1.39E+02,-29.8638,,-0.5638
10.6403,-140.12,-29.5954,,-0.536495
10.6603,-141.163,-29.3279,,-0.509719
10.6803,-142.152,-29.0524,,-4.79E-01
10.7003,-143.081,-28.7683,,-4.52E-01
10.7203,-143.955,-28.4634,,-4.24E-01
10.7403,-144.771,-28.1428,,-3.94E-01
10.7603,-145.53,-27.8166,,-0.365531
10.7803,-146.228,-27.4607,,-0.335968
10.8003,-146.87,-27.0911,,-0.306808
10.8203,-147.451,-26.7032,,-0.276894
10.8403,-147.975,-26.2925,,-0.247932
10.8603,-148.439,-25.8572,,-0.217412
10.8803,-148.844,-25.3885,,-0.188812
10.9003,-149.19,-24.9092,,-1.58E-01
10.9203,-149.474,-24.3951,,-1.30E-01
10.9403,-149.701,-23.842,,-0.0983233
10.9603,-149.867,-23.264,,-0.0688133
10.9803,-149.974,-22.6457,,-0.0375264
11.0003,-150.023,-21.9681,,-0.0146093
11.0203,-150.006,-21.2505,,0.0259517
11.0403,-149.931,-20.487,,0.0503129
11.0603,-149.798,-19.6678,,0.0817328
11.0803,-149.604,-18.7738,,0.111675
11.1003,-149.351,-17.8236,,0.140407
11.1203,-149.037,-16.8343,,0.170342
11.1403,-148.664,-15.7603,,0.201431
11.1603,-148.231,-14.6123,,2.30E-01
11.1803,-147.739,-13.402,,2.61E-01
11.2003,-147.188,-12.1327,,0.287313
11.2203,-146.581,-10.7995,,0.320042
11.2403,-145.911,-9.40227,,0.346985
11.2603,-145.184,-7.97304,,0.378425
11.2803,-144.399,-6.51782,,0.405818
11.3003,-143.556,-5.02867,,0.435155
11.3203,-142.656,-3.52517,,0.462831
11.3403,-141.7,-2.03661,,0.493345
11.3603,-140.685,-0.5585,,0.519533
11.3803,-139.615,0.898706,,5.49E-01
11.4003,-138.489,2.34027,,0.575469
11.4203,-137.308,3.73849,,0.603377
11.4403,-136.072,5.11382,,0.631852
11.4603,-134.78,6.46083,,0.657791
11.4803,-133.437,7.73548,,0.684449
11.5003,-132.039,8.97026,,0.711899
11.5203,-130.589,10.1858,,0.737845
11.5403,-129.085,11.3481,,0.764002
11.5603,-127.529,12.475,,0.789994
11.5803,-125.927,13.5592,,0.813517
11.6003,-124.27,14.5954,,0.83938
11.6203,-122.563,15.6141,,0.865457
11.6403,-120.808,16.5774,,0.889737
11.6603,-119.004,17.5186,,0.912272
11.6803,-117.155,18.4089,,0.935907
11.7003,-115.257,19.276,,0.961065
11.7203,-113.314,20.1064,,0.981541
11.7403,-111.326,20.8915,,1.01E+00
11.7603,-109.291,21.6545,,1.03E+00
11.7803,-107.214,22.3889,,1.05E+00
11.8003,-105.094,23.084,,1.07E+00
11.8203,-102.933,23.7514,,1.09013
11.8403,-100.73,24.3977,,1.11134
11.8603,-98.4852,25.0042,,1.13E+00
11.8803,-96.2023,25.5834,,1.15E+00
11.9003,-93.8807,26.1276,,1.17E+00
11.9203,-91.5214,26.6706,,1.19E+00
11.9403,-89.1257,27.1758,,1.21E+00
11.9603,-86.696,27.6382,,1.22E+00
11.9803,-84.2292,28.0996,,1.24E+00
12.0003,-81.7293,28.5375,,1.26E+00
12.0203,-79.1983,28.9417,,1.27E+00
12.0403,-76.6343,29.3184,,1.29E+00
12.0603,-74.039,29.6948,,1.30E+00
12.0803,-71.4148,30.0441,,1.32E+00
12.1003,-68.7619,30.3693,,1.33E+00
12.1203,-66.0824,30.6814,,1.35E+00
12.1403,-63.3757,30.9722,,1.36E+00
12.1603,-60.6431,31.2571,,1.37E+00
12.1803,-57.8872,31.5126,,1.38E+00
12.2003,-55.1072,31.7508,,1.40E+00
12.2203,-52.3055,31.9941,,1.41E+00
12.2403,-49.483,32.2098,,1.42E+00
12.2603,-46.6407,32.41,,1.43E+00
12.2803,-4.38E+01,32.613,,1.43E+00
12.3003,-40.902,32.7916,,1.44E+00
12.3203,-38.0076,32.9563,,1.45E+00
12.3403,-35.0973,33.1168,,1.46E+00
12.3603,-32.1732,33.2639,,1.46E+00
12.3803,-29.2364,33.4035,,1.47E+00
12.4003,-26.2878,33.5345,,1.48E+00
12.4203,-23.3287,33.649,,1.48E+00
12.4403,-20.3604,33.7658,,1.49E+00
12.4603,-17.3839,33.8584,,1.49E+00
12.4803,-14.4004,33.9612,,1.49E+00
12.5003,-11.4113,34.0487,,1.50E+00
12.5203,-8.4177,34.1139,,1.50E+00
12.5403,-5.4201,34.1961,,1.50E+00
12.5603,-2.42096,34.2616,,1.49996
12.5803,0.579403,34.3195,,1.50015
12.6003,3.57953,34.3697,,1.49974
12.6203,6.57809,34.402,,1.49897
12.6403,9.57411,34.4586,,1.49714
12.6603,12.5663,34.4867,,1.49496
12.6803,15.5537,34.5009,,1.49222
12.7003,18.5343,34.5246,,1.48883
12.7203,21.5079,34.55,,1.48479
12.7403,24.473,34.5663,,1.48054
12.7603,27.4282,34.5568,,1.47459
12.7803,30.3721,34.5612,,1.47E+00
12.8003,33.3039,34.5697,,1.46E+00
12.8203,36.2227,34.5456,,1.46E+00
12.8403,39.127,34.5296,,1.45E+00
12.8603,42.016,34.5189,,1.44094
12.8803,44.8882,34.4922,,1.43189
12.9003,47.7413,34.4695,,1.42186
12.9203,50.5759,34.4351,,1.41257
12.9403,53.39,34.3957,,1.40215
12.9603,56.1831,34.3643,,1.3911
12.9803,58.9536,34.3166,,1.38012
13.0003,61.7009,34.267,,1.3678
13.0203,64.4239,34.2146,,1.35521
13.0403,67.1205,34.1594,,1.34221
13.0603,69.7898,34.1076,,1.33E+00
13.0803,72.4319,34.0359,,1.31385
13.1003,75.0446,33.9548,,1.29965
13.1203,77.6277,33.9073,,1.28437
13.1403,80.1794,33.8288,,1.26782
13.1603,82.6986,33.7292,,1.25196
13.1803,85.186,33.6578,,1.2364
13.2003,87.6379,33.5797,,1.21605
13.2203,90.0554,33.4841,,1.20148
13.2403,92.4363,33.3809,,1.18104
13.2603,94.7826,33.2923,,1.16439
13.2803,97.0896,33.1871,,1.14446
13.3003,99.3567,33.0805,,1.12408
13.3203,101.584,32.9724,,1.10503
13.3403,103.772,32.8576,,1.08379
13.3603,105.917,32.7381,,1.06269
13.3803,108.021,32.6169,,1.04163
13.4003,110.081,32.489,,1.01926
13.4203,112.097,32.3479,,0.997541
13.4403,114.068,32.22,,0.974347
13.4603,115.995,32.0779,,0.953386
13.4803,117.875,31.9379,,9.28E-01
13.5003,119.707,31.7801,,0.90491
13.5203,121.491,31.6224,,0.881458
13.5403,123.228,31.4586,,0.856393
13.5603,124.913,31.2941,,0.829762
13.5803,126.549,31.1214,,0.807439
13.6003,128.136,30.9356,,0.780732
13.6203,129.672,30.7556,,0.756525
13.6403,131.154,30.5609,,0.727692
13.6603,132.584,30.3685,,0.70227
13.6803,133.961,30.1582,,6.77E-01
13.7003,135.286,29.9372,,0.648162
13.7203,136.555,29.7132,,0.62148
13.7403,137.77,29.487,,0.594723
13.7603,1.39E+02,29.2441,,0.567087
13.7803,140.034,28.996,,0.538553
13.8003,141.082,28.7269,,0.511
13.8203,142.074,28.4411,,4.82E-01
13.8403,143.009,28.1542,,4.54E-01
13.8603,143.887,27.8583,,4.25E-01
13.8803,144.708,27.5454,,3.97E-01
13.9003,145.469,27.22,,0.367185
13.9203,146.174,26.8756,,0.338614
13.9403,146.82,26.5181,,0.309084
13.9603,147.409,26.1383,,0.279575
13.9803,147.934,25.729,,0.24968
14.0003,1.48E+02,25.2984,,0.220531
14.0203,148.816,24.8498,,0.190996
14.0403,149.164,24.3698,,1.61E-01
14.0603,149.454,23.8491,,1.30E-01
14.0803,149.686,23.3086,,0.101323
14.1003,149.855,22.7284,,0.0712841
14.1203,149.967,22.1073,,0.0412414
14.1403,150.021,21.4435,,0.015317
14.1603,150.007,20.7416,,-0.024257
14.1803,149.938,19.9872,,-0.048655
14.2003,149.81,19.165,,-0.0785797
14.2203,149.62,18.2989,,-0.108468
14.2403,149.372,17.3738,,-0.138413
14.2603,149.064,16.3729,,-0.168119
14.2803,148.695,15.3033,,-0.198969
14.3003,148.27,14.1666,,-0.227015
14.3203,147.781,12.9691,,-2.58E-01
14.3403,147.234,11.698,,-0.286919
14.3603,146.63,10.3678,,-0.316842
14.3803,145.965,8.99204,,-0.346115
14.4003,145.244,7.57276,,-0.374524
14.4203,144.463,6.1155,,-0.403783
14.4403,143.627,4.64221,,-0.431462
14.4603,142.731,3.16069,,-0.462219
14.4803,141.777,1.68113,,-0.490427
14.5003,140.767,0.208831,,-0.517829
14.5203,139.702,-1.25541,,-5.46E-01
14.5403,138.582,-2.68664,,-0.573879
14.5603,137.405,-4.09039,,-0.601345
14.5803,136.174,-5.45586,,-0.627997
14.6003,134.887,-6.77495,,-0.65754
14.6203,133.547,-8.0599,,-0.681324
14.6403,132.153,-9.29702,,-0.710815
14.6603,130.705,-10.503,,-0.735565
14.6803,129.206,-11.6536,,-0.761891
14.7003,127.656,-12.7759,,-0.787755
14.7203,126.053,-13.8454,,-0.812309
14.7403,124.402,-14.8835,,-0.837658
14.7603,122.7,-15.8863,,-0.863016
14.7803,120.95,-16.8552,,-0.88629
14.8003,119.152,-17.7732,,-0.911184
14.8203,117.305,-18.6593,,-0.934702
14.8403,115.41,-19.5287,,-0.957191
14.8603,113.471,-20.3518,,-0.981594
14.8803,111.484,-21.13,,-1.00E+00
14.9003,109.455,-21.8855,,-1.03E+00
14.9203,107.381,-22.6129,,-1.05E+00
14.9403,105.264,-23.3113,,-1.07E+00
14.9603,103.105,-23.9673,,-1.0891
14.9803,100.906,-24.6006,,-1.10957
15.0003,98.6646,-25.2071,,-1.13E+00
15.0203,96.3857,-25.7851,,-1.15E+00
15.0403,94.067,-26.3337,,-1.17E+00
15.0603,91.7118,-26.8544,,-1.19E+00
15.0803,89.3207,-27.3429,,-1.20E+00
15.1003,86.8896,-27.8239,,-1.22E+00
15.1203,84.4265,-28.2816,,-1.24E+00
15.1403,81.9299,-28.6951,,-1.26E+00
15.1603,79.4019,-29.0959,,-1.27E+00
15.1803,76.8393,-29.4889,,-1.29E+00
15.2003,74.2467,-29.8599,,-1.30E+00
15.2203,71.6251,-30.1891,,-1.32E+00
15.2403,68.975,-30.5213,,-1.33E+00
15.2603,66.2961,-30.8324,,-1.34E+00
15.2803,63.5918,-31.1197,,-1.36E+00
15.3003,60.8612,-31.3983,,-1.37E+00
15.3203,58.1069,-31.648,,-1.38E+00
15.3403,55.3289,-31.9027,,-1.39E+00
15.3603,52.5293,-32.1359,,-1.40E+00
15.3803,49.7087,-32.3431,,-1.42E+00
15.4003,46.8679,-32.5479,,-1.42E+00
15.4203,44.0098,-32.7378,,-1.43E+00
15.4403,41.1321,-32.9225,,-1.44E+00
15.4603,38.2386,-33.0937,,-1.45E+00
15.4803,35.3296,-33.2368,,-1.46E+00
15.5003,32.4068,-33.3982,,-1.46E+00
15.5203,29.4707,-33.5394,,-1.47E+00
15.5403,26.5233,-33.6564,,-1.48E+00
15.5603,23.5648,-33.7844,,-1.48E+00
15.5803,20.5969,-33.8896,,-1.49E+00
15.6003,17.6213,-33.9938,,-1.49E+00
15.6203,14.6383,-34.089,,-1.49E+00
15.6403,11.6496,-34.165,,-1.50E+00
15.6603,8.65595,-34.2568,,-1.50E+00
15.6803,5.65893,-34.3227,,-1.50E+00
15.7003,2.65977,-34.3887,,-1.50005
15.7203,-0.340459,-34.4519,,-1.50014
15.7403,-3.34063,-34.4921,,-1.49984
15.7603,-6.33953,-34.5497,,-1.49891
15.7803,-9.33565,-34.5894,,-1.4973
15.8003,-12.3281,-34.6175,,-1.49511
15.8203,-15.3157,-34.6454,,-1.49256
15.8403,-18.2975,-34.6604,,-1.4892
15.8603,-21.2716,-34.6897,,-1.48519
15.8803,-24.2372,-34.6985,,-1.4805
15.9003,-27.193,-34.6926,,-1.47552
15.9203,-30.138,-34.7106,,-1.47E+00
15.9403,-33.0711,-34.7029,,-1.46E+00
15.9603,-35.991,-34.6887,,-1.46E+00
15.9803,-38.8967,-34.6777,,-1.45E+00
16.0003,-41.786,-34.665,,-1.44079
16.0203,-44.6594,-34.6482,,-1.43275
16.0403,-47.516,-34.6127,,-1.42334
16.0603,-50.3508,-34.5783,,-1.41278
16.0803,-53.1667,-34.5576,,-1.40362
16.1003,-55.9619,-34.5143,,-1.39185
16.1203,-58.7346,-34.4617,,-1.38065
16.1403,-61.4834,-34.4205,,-1.36893
16.1603,-64.2076,-34.3711,,-1.35638
16.1803,-66.9065,-34.3217,,-1.34282
16.2003,-69.5784,-34.2641,,-1.33E+00
16.2203,-72.2226,-34.1884,,-1.31489
16.2403,-74.8384,-34.1308,,-1.30095
16.2603,-77.4235,-34.0648,,-1.28515
16.2803,-79.9777,-33.9836,,-1.26869
16.3003,-82.4996,-33.9086,,-1.25468
16.3203,-84.9887,-33.826,,-1.23532
16.3403,-87.4417,-33.7382,,-1.21959
16.3603,-89.8638,-33.6582,,-1.20193
16.3803,-92.2473,-33.5619,,-1.18259
16.4003,-94.5957,-33.4566,,-1.1668
16.4203,-96.9067,-33.3579,,-1.14502
16.4403,-99.1766,-33.258,,-1.12662
16.4603,-101.409,-33.1469,,-1.10568
16.4803,-103.601,-33.0281,,-1.08692
16.5003,-105.749,-32.922,,-1.06326
16.5203,-107.855,-32.8007,,-1.04337
16.5403,-109.919,-32.659,,-1.02126
16.5603,-111.939,-32.5348,,-1.00023
16.5803,-113.915,-32.4073,,-0.976395
16.6003,-115.843,-32.2618,,-0.953084
16.6203,-117.726,-32.1161,,-9.31E-01
16.6403,-119.564,-31.9697,,-0.905687
16.6603,-121.351,-31.8255,,-0.883367
16.6803,-123.09,-31.6592,,-0.857747
16.7003,-124.783,-31.4808,,-0.834929
16.7203,-126.423,-31.3136,,-0.807617
16.7403,-128.012,-31.141,,-0.78176
16.7603,-129.55,-30.9533,,-0.758258
16.7803,-131.038,-30.7574,,-0.730589
16.8003,-132.474,-30.5663,,-0.705287
16.8203,-133.854,-30.3487,,-6.78E-01
16.8403,-135.182,-30.1435,,-6.51E-01
16.8603,-136.458,-29.9238,,-0.626256
16.8803,-137.675,-29.6907,,-0.594329
16.9003,-138.84,-29.4523,,-0.569765
16.9203,-139.95,-29.1961,,-0.541549
16.9403,-141,-28.9308,,-0.511419
16.9603,-141.997,-28.6589,,-4.86E-01
16.9803,-142.938,-28.3745,,-4.55E-01
17.0003,-143.82,-28.0884,,-4.29E-01
17.0203,-144.645,-27.7732,,-3.98E-01
17.0403,-145.411,-27.4443,,-0.369232
17.0603,-146.12,-27.1022,,-0.341867
17.0803,-146.771,-26.7394,,-0.310568
17.1003,-147.362,-26.3589,,-0.28177
17.1203,-147.895,-25.9584,,-0.251811
17.1403,-148.369,-25.5262,,-0.223025
17.1603,-148.783,-25.0656,,-0.193539
17.1803,-149.138,-24.5975,,-1.63E-01
17.2003,-149.433,-24.0913,,-1.34E-01
17.2203,-149.669,-23.5458,,-0.103786
17.2403,-149.844,-22.9739,,-0.0736766
17.2603,-149.961,-22.378,,-0.0440849
17.2803,-150.017,-21.7184,,-0.0171659
17.3003,-150.012,-21.0004,,0.0213637
17.3203,-149.948,-20.2511,,4.60E-02
17.3403,-149.823,-19.451,,0.0763469
17.3603,-149.638,-18.5803,,0.106591
17.3803,-149.393,-17.64,,0.135883
17.4003,-149.09,-16.6572,,0.16652
17.4203,-148.727,-15.6095,,0.196143
17.4403,-148.302,-14.4832,,0.226103
17.4603,-147.821,-13.2877,,2.54E-01
17.4803,-147.28,-12.0304,,0.2847
17.5003,-146.682,-10.7138,,0.314467
17.5203,-146.02,-9.34082,,0.343477
17.5403,-145.302,-7.92204,,0.371736
17.5603,-144.529,-6.47675,,0.402046
17.5803,-143.695,-5.00546,,0.429862
17.6003,-142.803,-3.51177,,0.459234
17.6203,-141.855,-2.02296,,0.488036
17.6403,-140.85,-0.554919,,0.515618
17.6603,-139.789,0.886305,,0.542911
17.6803,-138.673,2.33017,,0.571978
17.7003,-137.501,3.73451,,0.599662
17.7203,-136.272,5.083,,0.626659
17.7403,-134.991,6.41956,,0.654683
17.7603,-133.654,7.71363,,0.679779
17.7803,-132.266,8.94742,,0.706992
17.8003,-130.824,10.1405,,0.734726
17.8203,-129.327,11.299,,0.759172
17.8403,-127.783,12.438,,0.785103
17.8603,-126.184,13.507,,0.811328
17.8803,-124.536,14.5345,,0.835619
17.9003,-122.839,15.5547,,0.860119
17.9203,-121.091,16.5216,,0.885792
17.9403,-119.296,17.4455,,0.908905
17.9603,-117.454,18.3283,,0.933256
17.9803,-115.562,19.1989,,0.955588
18.0003,-113.627,20.0193,,0.978677
18.0203,-111.645,20.7964,,1.00E+00
18.0403,-109.621,21.5493,,1.02E+00
18.0603,-107.548,22.2871,,1.05E+00
18.0803,-105.436,22.9889,,1.07E+00
18.1003,-103.28,23.6359,,1.08696
18.1203,-101.083,24.2634,,1.109
18.1403,-98.8444,24.8852,,1.13E+00
18.1603,-96.5683,25.4577,,1.15E+00
18.1803,-94.2522,25.9894,,1.17E+00
18.2003,-91.8999,26.5156,,1.18E+00
18.2203,-89.5119,27.0315,,1.20E+00
18.2403,-87.0857,27.5035,,1.22E+00
18.2603,-84.626,27.9329,,1.24E+00
18.2803,-82.13,28.3646,,1.26E+00
18.3003,-79.6053,28.7702,,1.27E+00
18.3203,-77.0441,29.1587,,1.29E+00
18.3403,-74.4547,29.5146,,1.30E+00
18.3603,-71.8349,29.8563,,1.32E+00
18.3803,-69.1861,30.1883,,1.33E+00
18.4003,-66.5104,30.4943,,1.34E+00
18.4203,-63.8079,30.7722,,1.36E+00
18.4403,-61.0799,31.0471,,1.37E+00
18.4603,-58.327,31.321,,1.38E+00
18.4803,-55.5515,31.5532,,1.39E+00
18.5003,-52.7533,31.7761,,1.40E+00
18.5203,-49.9344,31.9951,,1.41E+00
18.5403,-47.0948,32.2051,,1.42E+00
18.5603,-44.2368,32.3978,,1.43E+00
18.5803,-41.3612,32.5633,,1.44E+00
18.6003,-38.469,32.7308,,1.45E+00
18.6203,-35.562,32.9005,,1.46E+00
18.6403,-32.6397,33.0399,,1.46E+00
18.6603,-29.705,33.1723,,1.47E+00
18.6803,-26.7583,33.3071,,1.48E+00
18.7003,-23.8009,33.4178,,1.48E+00
18.7203,-20.8341,33.5346,,1.49E+00
18.7403,-17.8585,33.6258,,1.49E+00
18.7603,-14.8758,33.7228,,1.49E+00
18.7803,-11.8876,33.8142,,1.50E+00
18.8003,-8.8945,33.8814,,1.50E+00
18.8203,-5.89773,33.9603,,1.50E+00
18.8403,-2.89873,34.0239,,1.49991
18.8603,0.1016,34.0793,,1.50013
18.8803,3.10185,34.1344,,1.49997
18.9003,6.10068,34.1681,,1.49897
18.9203,9.09712,34.2202,,1.4975
18.9403,12.09,34.2466,,1.49541
18.9603,15.0781,34.2662,,1.49274
18.9803,18.0601,34.299,,1.4891
19.0003,21.0346,34.3117,,1.48566
19.0203,24.0014,34.3268,,1.48151
19.0403,26.9583,34.3285,,1.47524
19.0603,29.9039,34.3339,,1.47E+00
19.0803,32.838,34.335,,1.46E+00
19.1003,35.7588,34.317,,1.46E+00
19.1203,38.6657,34.3057,,1.45E+00
19.1403,41.5569,34.2887,,1.44177
19.1603,44.4313,34.2627,,1.43279
19.1803,47.2883,34.2445,,1.4244
19.2003,50.1255,34.2227,,1.41363
19.2203,52.9435,34.174,,1.40458
19.2403,55.7403,34.1402,,1.39287
19.2603,58.5148,34.1066,,1.38176
19.2803,61.2654,34.0598,,1.37001
19.3003,63.9924,34.0036,,1.35665
19.3203,66.6925,33.9413,,1.34456
19.3403,69.3664,33.8996,,1.33E+00
19.3603,72.0128,33.8438,,1.31662
19.3803,74.6305,33.7553,,1.30195
19.4003,77.2186,33.6931,,1.28695
19.4203,79.7757,33.6267,,1.27023
19.4403,82.3001,33.5396,,1.25447
19.4603,84.7913,33.464,,1.23876
19.4803,87.2511,33.3824,,1.22305
19.5003,89.6755,33.2902,,1.20058
19.5203,92.06,33.2046,,1.18479
19.5403,94.4104,33.11,,1.16573
19.5603,96.7233,32.9974,,1.14828
19.5803,98.9972,32.8975,,1.12772
19.6003,101.233,32.8006,,1.10795
19.6203,103.426,32.6875,,1.08676
19.6403,105.579,32.5568,,1.06611
19.6603,107.69,32.4461,,1.04573
19.6803,109.756,32.3274,,1.02216
19.7003,111.78,32.1836,,1.00231
19.7203,113.759,32.0532,,0.978113
19.7403,115.692,31.9158,,0.955844
19.7603,117.579,31.7903,,9.32E-01
19.7803,119.419,31.6238,,0.908798
19.8003,121.211,31.4611,,0.886637
19.8203,122.956,31.3148,,0.858107
19.8403,124.648,31.1496,,0.835475
19.8603,126.293,30.9765,,0.810033
19.8803,127.887,30.7895,,0.785537
19.9003,129.43,30.6181,,0.75866
19.9203,130.921,30.4273,,0.732874
19.9403,132.362,30.2315,,0.710469
19.9603,133.747,30.0257,,6.78E-01
19.9803,135.078,29.8057,,6.52E-01
20.0003,136.356,29.5908,,0.627176
20.0203,137.58,29.3688,,0.598781
20.0403,138.75,29.124,,0.57051
20.0603,139.862,28.8807,,0.544427
20.0803,140.919,28.6186,,0.514178
20.1003,141.92,28.3426,,4.88E-01
20.1203,142.865,28.0485,,4.58E-01
20.1403,143.751,27.7556,,4.31E-01
20.1603,144.583,27.4523,,4.00E-01
20.1803,145.352,27.1284,,0.373124
20.2003,146.066,26.7822,,0.341757
20.2203,146.721,26.429,,0.313999
20.2403,147.318,26.0571,,0.284267
20.2603,147.856,25.6522,,0.25459
20.2803,148.333,25.2287,,0.224839
20.3003,148.753,24.7878,,0.195705
20.3203,149.113,24.3151,,1.67E-01
20.3403,149.413,23.7956,,1.36E-01
20.3603,149.653,23.2559,,0.105311
20.3803,149.835,22.6932,,0.0769944
20.4003,149.955,22.0816,,0.0455886
20.4203,150.016,21.4238,,0.0200069
20.4403,150.016,20.7227,,-0.0208717
20.4603,149.954,19.9809,,-4.13E-02
20.4803,149.835,19.1815,,-0.0760184
20.5003,149.655,18.3171,,-0.102918
20.5203,149.415,17.3938,,-0.133887
20.5403,149.116,16.4118,,-0.163872
20.5603,148.758,15.3596,,-0.193238
20.5803,148.339,14.2292,,-0.222905
20.6003,147.862,13.034,,-2.54E-01
20.6203,147.324,11.7829,,-0.28195
20.6403,146.73,10.4669,,-0.310589
20.6603,146.075,9.09435,,-0.342397
20.6803,145.362,7.67865,,-0.369554
20.7003,144.593,6.2344,,-0.399602
20.7203,143.765,4.76261,,-0.426268
20.7403,142.877,3.28629,,-0.459132
20.7603,141.933,1.80451,,-0.484203
20.7803,140.933,0.334133,,-0.513759
20.8003,139.876,-1.13342,,-0.540794
20.8203,138.766,-2.57724,,-0.570209
20.8403,137.594,-3.97162,,-0.597703
20.8603,136.372,-5.34398,,-0.624492
20.8803,135.095,-6.66627,,-0.651534
20.9003,133.765,-7.95537,,-0.677466
20.9203,132.378,-9.20773,,-0.706421
20.9403,130.94,-10.406,,-0.731764
20.9603,129.449,-11.5651,,-0.755749
20.9803,127.907,-12.693,,-0.784849
21.0003,126.313,-13.768,,-0.809531
21.0203,124.668,-14.8104,,-0.833684
21.0403,122.975,-15.8119,,-0.858454
21.0603,121.232,-16.7835,,-0.882999
21.0803,119.44,-17.7124,,-0.906956
21.1003,117.602,-18.6023,,-0.93053
21.1203,115.715,-19.4642,,-0.955931
21.1403,113.783,-20.2901,,-0.975262
21.1603,111.804,-21.0799,,-1.00E+00
21.1803,109.783,-21.8375,,-1.02E+00
21.2003,107.714,-22.5649,,-1.04E+00
21.2203,105.606,-23.2582,,-1.06E+00
21.2403,103.453,-23.9204,,-1.0859
21.2603,101.26,-24.566,,-1.10655
21.2803,99.0246,-25.17,,-1.1269
21.3003,96.7507,-25.7367,,-1.15E+00
21.3203,94.4396,-26.2878,,-1.16E+00
21.3403,92.0899,-26.8205,,-1.18E+00
21.3603,89.7013,-27.3093,,-1.20E+00
21.3803,87.2774,-27.7796,,-1.22E+00
21.4003,84.8219,-28.2433,,-1.24E+00
21.4203,82.3304,-28.667,,-1.25E+00
21.4403,79.8066,-29.0549,,-1.27E+00
21.4603,77.2488,-29.4521,,-1.29E+00
21.4803,74.6613,-29.8199,,-1.30E+00
21.5003,72.0444,-30.1468,,-1.32E+00
21.5203,69.3989,-30.486,,-1.33E+00
21.5403,66.7246,-30.7913,,-1.34E+00
21.5603,64.0241,-31.0774,,-1.36E+00
21.5803,61.2982,-31.3581,,-1.37E+00
21.6003,58.5475,-31.6111,,-1.38E+00
21.6203,55.7742,-31.8584,,-1.39E+00
21.6403,52.9772,-32.0887,,-1.40E+00
21.6603,50.1599,-32.2994,,-1.41E+00
21.6803,47.3222,-32.5054,,-1.42E+00
21.7003,44.4656,-32.6947,,-1.43E+00
21.7203,41.5912,-32.8668,,-1.44E+00
21.7403,38.7001,-33.0447,,-1.45E+00
21.7603,35.7939,-33.1953,,-1.46E+00
21.7803,32.8734,-33.3498,,-1.46E+00
21.8003,29.9393,-33.4855,,-1.47E+00
21.8203,26.9932,-33.6059,,-1.48E+00
21.8403,24.0367,-33.7317,,-1.48E+00
21.8603,21.0706,-33.8427,,-1.49E+00
21.8803,18.0958,-33.9415,,-1.49E+00
21.9003,15.1138,-34.0376,,-1.49E+00
21.9203,12.1257,-34.1088,,-1.50E+00
21.9403,9.13295,-34.2002,,-1.50E+00
21.9603,6.13644,-34.2728,,-1.50E+00
21.9803,3.13751,-34.3292,,-1.50001
22.0003,0.137372,-34.3899,,-1.50009
22.0203,-2.86284,-34.4386,,-1.49984
22.0403,-5.86194,-34.4937,,-1.49907
22.0603,-8.85858,-34.535,,-1.49773
22.0803,-11.8521,-34.5495,,-1.49552
22.1003,-14.8404,-34.5889,,-1.49309
22.1203,-17.823,-34.6104,,-1.4895
22.1403,-20.7984,-34.6288,,-1.48605
22.1603,-23.7653,-34.6414,,-1.48107
22.1803,-26.7231,-34.6391,,-1.47662
22.2003,-29.6704,-34.6579,,-1.47E+00
22.2203,-32.6049,-34.6426,,-1.46E+00
22.2403,-35.5268,-34.635,,-1.46E+00
22.2603,-38.4348,-34.6338,,-1.45E+00
22.2803,-41.3273,-34.6036,,-1.44231
22.3003,-44.2029,-34.5954,,-1.43418
22.3203,-47.0619,-34.5674,,-1.42461
22.3403,-49.9005,-34.5324,,-1.41487
22.3603,-52.7199,-34.5028,,-1.40472
22.3803,-55.5182,-34.4641,,-1.39387
22.4003,-58.2943,-34.4193,,-1.38278
22.4203,-61.0473,-34.3756,,-1.37073
22.4403,-63.7761,-34.3224,,-1.35852
22.4603,-66.4787,-34.2801,,-1.34474
22.4803,-69.1544,-34.2192,,-1.33E+00
22.5003,-71.8033,-34.1498,,-1.31746
22.5203,-74.4228,-34.089,,-1.3033
22.5403,-77.0134,-34.0308,,-1.28743
22.5603,-79.5728,-33.9511,,-1.27251
22.5803,-82.1002,-33.8728,,-1.25612
22.6003,-84.5936,-33.7906,,-1.2389
22.6203,-87.0546,-33.7091,,-1.22245
22.6403,-89.4827,-33.6327,,-1.20514
22.6603,-91.8727,-33.5331,,-1.18686
22.6803,-94.2257,-33.43,,-1.16673
22.7003,-96.5412,-33.332,,-1.14928
22.7203,-98.8184,-33.2412,,-1.12872
22.7403,-101.055,-33.1249,,-1.10917
22.7603,-103.252,-33.0027,,-1.08926
22.7803,-105.409,-32.8998,,-1.06825
22.8003,-107.524,-32.7946,,-1.04705
22.8203,-109.593,-32.6512,,-1.02391
22.8403,-111.621,-32.5097,,-1.00438
22.8603,-113.603,-32.394,,-0.979769
22.8803,-115.539,-32.2639,,-0.956943
22.9003,-117.43,-32.1117,,-9.35E-01
22.9203,-119.274,-31.953,,-0.910793
22.9403,-121.07,-31.8146,,-0.885495
22.9603,-122.817,-31.6617,,-0.863319
22.9803,-124.516,-31.4874,,-0.836609
23.0003,-126.164,-31.3059,,-0.812446
23.0203,-127.762,-31.1415,,-0.787191
23.0403,-129.31,-30.9594,,-0.761631
23.0603,-130.805,-30.7659,,-0.735099
23.0803,-132.247,-30.574,,-0.708835
23.1003,-133.637,-30.3601,,-6.82E-01
23.1203,-134.973,-30.1495,,-6.55E-01
23.1403,-136.257,-29.9391,,-0.629215
23.1603,-137.486,-29.7108,,-0.600736
23.1803,-138.658,-29.4654,,-0.573074
23.2003,-139.775,-29.217,,-0.54557
23.2203,-140.837,-28.9552,,-0.518242
23.2403,-141.844,-28.6871,,-0.488734
23.2603,-142.792,-28.3986,,-4.62E-01
23.2803,-143.683,-28.1145,,-4.31E-01
23.3003,-144.517,-27.8092,,-4.04E-01
23.3203,-145.294,-27.4805,,-0.374524
23.3403,-146.012,-27.1409,,-0.344228
23.3603,-146.671,-26.7773,,-0.316447
23.3803,-147.272,-26.4021,,-0.286519
23.4003,-147.815,-26.0113,,-0.257316
23.4203,-148.297,-25.5801,,-0.227294
23.4403,-148.723,-25.122,,-0.198967
23.4603,-149.087,-24.6518,,-1.67E-01
23.4803,-149.392,-24.1604,,-1.38E-01
23.5003,-149.635,-23.6303,,-0.107122
23.5203,-149.82,-23.0473,,-0.0782715
23.5403,-149.946,-22.447,,-0.0498391
23.5603,-150.011,-21.8085,,-0.0208191
23.5803,-150.018,-21.107,,0.0157662
23.6003,-149.96,-20.3516,,4.10E-02
23.6203,-149.847,-19.5559,,0.0716222
23.6403,-149.672,-18.702,,0.10147
23.6603,-149.438,-17.778,,0.131187
23.6803,-149.144,-16.7892,,0.161148
23.7003,-148.788,-15.7474,,0.192002
23.7203,-148.375,-14.6366,,0.220398
23.7403,-147.903,-13.4542,,2.50E-01
23.7603,-147.37,-12.2039,,0.280337
23.7803,-146.779,-10.8878,,0.308327
23.8003,-1.46E+02,-9.52122,,0.340204
23.8203,-145.421,-8.10499,,0.367859
23.8403,-144.655,-6.66015,,0.39708
23.8603,-143.83,-5.18271,,0.425019
23.8803,-142.949,-3.69534,,0.454777
23.9003,-142.01,-2.20517,,0.483459
23.9203,-141.013,-0.725547,,0.510682
23.9403,-139.963,0.729901,,0.53957
23.9603,-138.854,2.16427,,0.567356
23.9803,-137.691,3.57532,,0.595214
24.0003,-136.472,4.95217,,0.621941
24.0203,-135.198,6.29012,,0.649641
24.0403,-133.872,7.5912,,0.676265
24.0603,-132.49,8.82915,,0.703286
24.0803,-131.056,10.0408,,0.729446
24.1003,-129.57,11.2119,,0.755086
24.1203,-128.032,12.346,,0.781749
24.1403,-126.441,13.4345,,0.807828
24.1603,-124.801,14.4711,,0.830976
24.1803,-123.112,15.4876,,0.856516
24.2003,-121.373,16.4705,,0.880885
24.2203,-119.586,17.4073,,0.906038
24.2403,-117.75,18.2962,,0.92862
24.2603,-115.868,19.166,,0.952531
24.2803,-113.939,19.999,,0.975377
24.3003,-111.963,20.7952,,9.98E-01
24.3203,-109.946,21.5549,,1.02E+00
24.3403,-107.88,22.2809,,1.04E+00
24.3603,-105.774,22.9851,,1.06E+00
24.3803,-103.625,23.6653,,1.08E+00
24.4003,-101.436,24.2935,,1.10403
24.4203,-99.2055,24.899,,1.12544
24.4403,-96.9338,25.4835,,1.14E+00
24.4603,-94.624,26.0349,,1.16E+00
24.4803,-92.276,26.562,,1.18E+00
24.5003,-89.895,27.0609,,1.20E+00
24.5203,-87.4737,27.54,,1.22E+00
24.5403,-85.0197,27.9891,,1.24E+00
24.5603,-82.5281,28.4193,,1.25E+00
24.5803,-80.0085,28.8276,,1.27E+00
24.6003,-77.4547,29.2086,,1.29E+00
24.6203,-74.8688,29.5758,,1.30E+00
24.6403,-72.2548,29.9207,,1.31E+00
24.6603,-69.6102,30.2444,,1.33E+00
24.6803,-66.9388,30.5559,,1.34E+00
24.7003,-64.2404,30.843,,1.36E+00
24.7203,-61.5157,31.1163,,1.37E+00
24.7403,-58.7672,31.3886,,1.38E+00
24.7603,-55.9952,31.6183,,1.39E+00
24.7803,-53.2005,31.847,,1.40E+00
24.8003,-50.3848,32.0761,,1.41E+00
24.8203,-47.5483,32.2705,,1.42E+00
24.8403,-44.6938,32.4594,,1.43E+00
24.8603,-41.8208,32.6458,,1.44E+00
24.8803,-38.9313,32.8116,,1.45E+00
24.9003,-36.0257,32.9761,,1.46E+00
24.9203,-33.106,33.1029,,1.46E+00
24.9403,-30.173,33.2444,,1.47E+00
24.9603,-27.2284,33.388,,1.48E+00
24.9803,-24.2726,33.4948,,1.48E+00
25.0003,-21.3068,33.5963,,1.48E+00
25.0203,-18.3328,33.7032,,1.49E+00
25.0403,-15.3514,33.8076,,1.49E+00
25.0603,-12.3638,33.8877,,1.50E+00
25.0803,-9.37144,33.9521,,1.50E+00
25.1003,-6.37517,34.0346,,1.50E+00
25.1203,-3.37639,34.104,,1.4997
25.1403,-0.376274,34.1529,,1.50015
25.1603,2.62399,34.2123,,1.50008
25.1803,5.62316,34.2523,,1.49914
25.2003,8.62023,34.2907,,1.49783
25.2203,11.6137,34.3289,,1.49565
25.2403,14.6026,34.349,,1.49319
25.2603,17.5857,34.375,,1.48995
25.2803,20.5617,34.3853,,1.48638
25.3003,23.5294,34.4016,,1.48134
25.3203,26.4876,34.4154,,1.47689
25.3403,29.4358,34.4151,,1.47E+00
25.3603,32.3719,34.4113,,1.46E+00
25.3803,35.2951,34.4004,,1.46E+00
25.4003,38.2037,34.3847,,1.45E+00
25.4203,41.0977,34.3821,,1.4426
25.4403,43.9749,34.3496,,1.43428
25.4603,46.8339,34.321,,1.42521
25.4803,49.6747,34.3068,,1.41612
25.5003,52.4963,34.2673,,1.40567
25.5203,55.2966,34.2246,,1.39511
25.5403,58.0738,34.1873,,1.38327
25.5603,60.8287,34.1475,,1.37162
25.5803,63.5591,34.1031,,1.35948
25.6003,66.2637,34.0318,,1.34633
25.6203,68.9429,33.9906,,1.33E+00
25.6403,71.5929,33.9357,,1.31849
25.6603,74.2154,33.8485,,1.3045
25.6803,76.808,33.7899,,1.28903
25.7003,79.3704,33.723,,1.27341
25.7203,81.9004,33.6409,,1.25796
25.7403,84.3981,33.5545,,1.24085
25.7603,86.8627,33.4853,,1.2232
25.7803,89.289,33.3971,,1.20554
25.8003,91.6819,33.2971,,1.18712
25.8203,94.0386,33.2042,,1.17063
25.8403,96.3589,33.1031,,1.15002
25.8603,98.6385,33.0071,,1.13108
25.8803,100.879,32.9014,,1.11032
25.9003,103.08,32.7903,,1.09123
25.9203,105.238,32.6671,,1.06888
25.9403,107.354,32.5573,,1.04837
25.9603,109.43,32.431,,1.02752
25.9803,111.46,32.294,,1.00398
26.0003,113.446,32.1658,,0.982163
26.0203,115.387,32.0271,,0.960682
26.0403,117.282,31.894,,9.35E-01
26.0603,119.13,31.7376,,0.913197
26.0803,120.928,31.5848,,0.88795
26.1003,122.68,31.4298,,0.864512
26.1203,124.383,31.2593,,0.839919
26.1403,126.035,31.093,,0.8136
26.1603,127.636,30.9139,,0.788879
26.1803,129.188,30.7404,,0.763007
26.2003,130.687,30.5375,,0.737532
26.2203,132.134,30.3512,,0.711291
26.2403,133.528,30.1555,,6.84E-01
26.2603,134.87,29.934,,6.58E-01
26.2803,136.156,29.7136,,0.630209
26.3003,137.388,29.4892,,0.603354
26.3203,138.566,29.2522,,0.575677
26.3403,139.689,29.01,,0.547957
26.3603,140.755,28.7519,,0.520341
26.3803,141.765,28.4713,,0.490586
26.4003,142.718,28.1793,,4.64E-01
26.4203,143.615,27.892,,4.34E-01
26.4403,144.454,27.5868,,4.06E-01
26.4603,145.233,27.2693,,0.375868
26.4803,145.955,26.9208,,0.347492
26.5003,146.62,26.5696,,0.319228
26.5203,147.227,26.199,,0.28869
26.5403,147.773,25.804,,0.260032
26.5603,148.262,25.3783,,0.229531
26.5803,148.69,24.9385,,0.200061
26.6003,149.06,24.4695,,1.71E-01
26.6203,149.369,23.9628,,1.40E-01
26.6403,149.618,23.4267,,0.110548
26.6603,149.808,22.8589,,0.0811101
26.6803,149.938,22.2556,,0.050537
26.7003,150.008,21.6035,,0.0240203
26.7203,150.02,20.9091,,-0.013004
26.7403,149.967,20.1715,,-4.03E-02
26.7603,149.857,19.3746,,-0.0679171
26.7803,149.688,18.5156,,-0.0992074
26.8003,149.459,17.6036,,-0.128679
26.8203,149.169,16.6279,,-0.159342
26.8403,148.821,15.5797,,-0.1889
26.8603,148.409,14.4569,,-0.219131
26.8803,147.943,13.2686,,-2.46E-01
26.9003,147.416,12.0204,,-0.280233
26.9203,146.828,10.7035,,-0.306576
26.9403,146.184,9.33067,,-0.336234
26.9603,145.48,7.92633,,-0.365446
26.9803,144.718,6.4752,,-0.395418
27.0003,143.898,4.99465,,-0.422459
27.0203,143.021,3.51138,,-0.453922
27.0403,142.086,2.02774,,-0.479534
27.0603,141.097,0.551093,,-0.507663
27.0803,140.048,-0.929555,,-0.539041
27.1003,138.943,-2.37904,,-0.565073
27.1203,137.784,-3.78404,,-0.592759
27.1403,136.571,-5.17513,,-0.619361
27.1603,135.303,-6.51513,,-0.647921
27.1803,133.978,-7.81143,,-0.674746
27.2003,132.601,-9.06924,,-0.701032
27.2203,131.172,-10.2947,,-0.726711
27.2403,129.691,-11.4621,,-0.751522
27.2603,128.158,-12.5982,,-0.780363
27.2803,126.57,-13.6859,,-0.805894
27.3003,124.934,-14.7443,,-0.830041
27.3203,123.248,-15.7593,,-0.854188
27.3403,121.513,-16.7336,,-0.880164
27.3603,119.729,-17.6786,,-0.902787
27.3803,117.899,-18.5927,,-0.924905
27.4003,116.021,-19.4568,,-0.953176
27.4203,114.093,-20.2813,,-0.972932
27.4403,112.123,-21.0952,,-9.96E-01
27.4603,110.109,-21.8625,,-1.02E+00
27.4803,108.046,-22.5955,,-1.04E+00
27.5003,105.943,-23.2974,,-1.06E+00
27.5203,103.798,-23.977,,-1.08E+00
27.5403,101.611,-24.6175,,-1.10374
27.5603,99.384,-25.2302,,-1.12359
27.5803,97.1156,-25.8138,,-1.14E+00
27.6003,94.8102,-26.3759,,-1.16E+00
27.6203,92.4654,-26.8981,,-1.18E+00
27.6403,90.0848,-27.3957,,-1.20E+00
27.6603,87.6692,-27.8876,,-1.22E+00
27.6803,85.2151,-28.345,,-1.23E+00
27.7003,82.73,-28.7659,,-1.25E+00
27.7203,80.2111,-29.1634,,-1.27E+00
27.7403,77.6593,-29.5756,,-1.28E+00
27.7603,75.0758,-29.9427,,-1.30E+00
27.7803,72.4629,-30.2629,,-1.31E+00
27.8003,69.8218,-30.6111,,-1.33E+00
27.8203,67.152,-30.9285,,-1.34E+00
27.8403,64.4562,-31.2066,,-1.35E+00
27.8603,61.7342,-31.4882,,-1.37E+00
27.8803,58.9877,-31.7481,,-1.38E+00
27.9003,56.2171,-31.9985,,-1.39E+00
27.9203,53.4246,-32.2262,,-1.40E+00
27.9403,50.6097,-32.4341,,-1.41E+00
27.9603,47.7753,-32.6441,,-1.42E+00
27.9803,44.9221,-32.8432,,-1.43E+00
28.0003,42.0508,-33.011,,-1.44E+00
28.0203,39.1615,-33.1869,,-1.45E+00
28.0403,36.2578,-33.3424,,-1.46E+00
28.0603,33.3392,-33.4883,,-1.46E+00
28.0803,30.4071,-33.6339,,-1.47E+00
28.1003,27.4634,-33.7509,,-1.47E+00
28.1203,24.5084,-33.8809,,-1.48E+00
28.1403,21.5436,-33.9912,,-1.48E+00
28.1603,18.5699,-34.087,,-1.49E+00
28.1803,15.5889,-34.1815,,-1.49E+00
28.2003,12.6018,-34.2675,,-1.49E+00
28.2203,9.60983,-34.3518,,-1.50E+00
28.2403,6.61383,-34.4162,,-1.50E+00
28.2603,3.61532,-34.476,,-1.49976
28.2803,0.615199,-34.5537,,-1.50017
28.3003,-2.38513,-34.5982,,-1.49994
28.3203,-5.38442,-34.6324,,-1.49927
28.3403,-8.38168,-34.6811,,-1.49805
28.3603,-11.3754,-34.7131,,-1.49574
28.3803,-14.3647,-34.7463,,-1.49338
28.4003,-17.3483,-34.7609,,-1.49035
28.4203,-20.325,-34.7747,,-1.48661
28.4403,-23.2934,-34.7981,,-1.48186
28.4603,-26.2525,-34.7974,,-1.47743
28.4803,-29.2014,-34.8017,,-1.47E+00
28.5003,-32.1385,-34.8003,,-1.47E+00
28.5203,-35.0625,-34.7939,,-1.46E+00
28.5403,-37.9725,-34.7842,,-1.45E+00
28.5603,-40.8676,-34.7623,,-1.44308
28.5803,-43.746,-34.7484,,-1.43576
28.6003,-46.607,-34.7284,,-1.42599
28.6203,-49.4494,-34.6842,,-1.4166
28.6403,-52.2727,-34.6613,,-1.40677
28.6603,-5.51E+01,-34.6214,,-1.39554
28.6803,-57.8539,-34.5748,,-1.38449
28.7003,-60.6103,-34.5391,,-1.37268
28.7203,-63.3425,-34.4857,,-1.35996
28.7403,-66.0493,-34.4225,,-1.34744
28.7603,-68.7302,-34.3803,,-1.33E+00
28.7803,-71.3846,-34.3219,,-1.32053
28.8003,-74.0078,-3.42E+01,,-1.30417
28.8203,-76.6022,-34.1812,,-1.2904
28.8403,-79.1682,-34.1131,,-1.27509
28.8603,-81.6988,-34.0443,,-1.25801
28.8803,-84.2005,-33.9526,,-1.24361
28.9003,-86.6659,-33.8685,,-1.22333
28.9203,-89.0965,-33.7901,,-1.20825
28.9403,-91.4933,-33.7052,,-1.18891
28.9603,-93.8529,-33.6002,,-1.17112
28.9803,-96.1757,-33.4949,,-1.15243
29.0003,-98.4583,-33.4045,,-1.13151
29.0203,-100.702,-33.2945,,-1.11227
29.0403,-102.906,-33.174,,-1.0943
29.0603,-105.07,-33.0665,,-1.07004
29.0803,-107.19,-32.9541,,-1.0519
29.1003,-109.268,-32.826,,-1.02605
29.1203,-111.301,-32.6917,,-1.00836
29.1403,-113.29,-32.5587,,-0.982543
29.1603,-115.234,-32.4254,,-0.961086
29.1803,-117.132,-32.2902,,-0.937703
29.2003,-118.984,-32.1336,,-0.915267
29.2203,-120.786,-31.9866,,-0.889753
29.2403,-122.546,-31.8312,,-0.86808
29.2603,-124.25,-31.666,,-0.840107
29.2803,-125.906,-31.4907,,-0.816047
29.3003,-127.511,-31.3205,,-0.790174
29.3203,-129.065,-31.1381,,-0.765152
29.3403,-130.569,-30.9365,,-0.739938
29.3603,-132.02,-30.7502,,-0.713216
29.3803,-133.42,-30.5508,,-0.686463
29.4003,-134.766,-30.3312,,-6.60E-01
29.4203,-136.057,-30.1132,,-0.633303
29.4403,-137.293,-29.8897,,-0.604788
29.4603,-138.475,-29.6581,,-0.578181
29.4803,-139.602,-29.4005,,-0.551458
29.5003,-140.675,-29.129,,-0.519798
29.5203,-141.685,-28.8704,,-0.493531
29.5403,-142.644,-28.5931,,-4.66E-01
29.5603,-143.545,-28.3012,,-4.37E-01
29.5803,-144.389,-27.9906,,-4.08E-01
29.6003,-145.174,-27.672,,-0.380328
29.6203,-145.903,-27.337,,-0.348359
29.6403,-146.569,-26.9759,,-0.320756
29.6603,-147.181,-26.5967,,-0.291782
29.6803,-147.732,-26.2016,,-0.261098
29.7003,-148.225,-25.7857,,-0.232386
29.7203,-148.658,-25.3373,,-0.203316
29.7403,-149.032,-24.8589,,-0.171963
29.7603,-149.347,-24.3631,,-1.43E-01
29.7803,-149.602,-23.8389,,-0.112886
29.8003,-149.795,-23.2785,,-0.0836516
29.8203,-149.931,-22.6721,,-0.0525349
29.8403,-150.006,-22.0262,,-0.0245037
29.8603,-150.023,-21.3357,,8.95E-03
29.8803,-149.973,-20.5954,,3.70E-02
29.9003,-149.868,-19.802,,0.0660038
29.9203,-149.704,-18.9432,,0.0964848
29.9403,-149.48,-18.0268,,0.125642
29.9603,-149.195,-17.0469,,0.158723
29.9803,-148.849,-16.0141,,0.186079
30.0003,-148.446,-14.9025,,0.215689
30.0203,-147.982,-13.724,,2.46E-01
30.0403,-147.458,-12.4699,,0.275179
30.0603,-146.878,-11.1627,,0.304695
30.0803,-146.237,-9.80236,,0.332788
30.1003,-145.539,-8.37838,,0.364944
30.1203,-144.782,-6.92596,,0.391985
30.1403,-143.966,-5.45057,,0.420682
30.1603,-143.093,-3.95541,,0.450753
30.1803,-142.163,-2.44711,,0.478304
30.2003,-141.177,-0.956893,,0.506299
30.2203,-140.134,0.499257,,0.535007
30.2403,-139.038,1.95351,,0.561963
30.2603,-137.88,3.3806,,0.591184
30.2803,-136.67,4.77104,,0.618321
30.3003,-135.404,6.11958,,0.645615
30.3203,-134.085,7.43357,,0.67222
30.3403,-132.713,8.69434,,0.699363
30.3603,-131.29,9.91995,,0.723367
30.3803,-129.811,11.1013,,0.752583
30.4003,-128.28,12.2506,,0.777583
30.4203,-126.699,13.3574,,0.801758
30.4403,-125.066,14.4094,,0.828844
30.4603,-123.387,15.4315,,0.851961
30.4803,-121.654,16.4352,,0.877064
30.5003,-119.874,17.3853,,0.903007
30.5203,-118.045,18.2907,,0.924224
30.5403,-116.17,19.1672,,0.949096
30.5603,-114.248,20.0212,,0.972147
30.5803,-112.281,20.8243,,9.94E-01
30.6003,-110.268,21.5946,,1.02E+00
30.6203,-108.212,22.3311,,1.04E+00
30.6403,-106.114,23.053,,1.06E+00
30.6603,-103.971,23.732,,1.08E+00
30.6803,-101.786,24.3719,,1.10126
30.7003,-99.5617,24.9957,,1.12189
30.7203,-97.2988,25.5844,,1.14E+00
30.7403,-94.9946,26.1371,,1.16E+00
30.7603,-92.6548,26.6741,,1.18E+00
30.7803,-90.2761,27.1938,,1.20E+00
30.8003,-87.8627,27.6735,,1.22E+00
30.8203,-85.4118,28.1172,,1.23E+00
30.8403,-82.9296,28.5639,,1.25E+00
30.8603,-80.4116,28.986,,1.27E+00
30.8803,-77.8622,29.3601,,1.28E+00
30.9003,-75.2826,29.7239,,1.30E+00
30.9203,-72.6728,30.0865,,1.31E+00
30.9403,-70.033,30.4177,,1.33E+00
30.9603,-67.3664,30.7252,,1.34E+00
30.9803,-64.6721,31.0129,,1.35E+00
31.0003,-61.9514,31.2946,,1.37E+00
31.0203,-59.2067,31.5653,,1.38E+00
31.0403,-56.4382,31.8004,,1.39E+00
31.0603,-53.6476,32.0302,,1.40E+00
31.0803,-50.8349,32.2642,,1.41E+00
31.1003,-48.0017,32.4543,,1.42E+00
31.1203,-45.1496,32.6515,,1.43E+00
31.1403,-42.2787,32.8396,,1.44E+00
31.1603,-39.3925,33.0042,,1.45E+00
31.1803,-36.4895,33.161,,1.45E+00
31.2003,-33.5718,33.3054,,1.46E+00
31.2203,-30.6412,33.4471,,1.47E+00
31.2403,-27.6981,33.5826,,1.47E+00
31.2603,-24.744,33.6863,,1.48E+00
31.2803,-21.78,33.7978,,1.48E+00
31.3003,-18.8068,33.9201,,1.49E+00
31.3203,-15.8269,34.0027,,1.49E+00
31.3403,-12.8402,34.0832,,1.49E+00
31.3603,-9.84838,34.1564,,1.50E+00
31.3803,-6.85269,34.2456,,1.50E+00
31.4003,-3.8542,34.309,,1.49964
31.4203,-0.854133,34.3544,,1.50022
31.4403,2.1462,34.4131,,1.50016
31.4603,5.14563,34.4629,,1.49924
31.4803,8.1431,34.4971,,1.49803
31.5003,11.1372,34.5308,,1.49611
31.5203,14.1269,34.5555,,1.49357
31.5403,17.1108,34.5827,,1.49051
31.5603,20.0881,34.599,,1.48666
31.5803,23.0573,34.6115,,1.48264
31.6003,26.0172,34.6239,,1.47789
31.6203,28.9672,34.6239,,1.47E+00
31.6403,31.9048,34.623,,1.47E+00
31.6603,34.83,34.6087,,1.46E+00
31.6803,37.7414,34.6032,,1.45E+00
31.7003,40.6369,34.5888,,1.44444
31.7203,43.5174,34.561,,1.43588
31.7403,46.3797,34.5346,,1.42719
31.7603,49.224,34.5139,,1.41719
31.7803,52.0489,34.4817,,1.40841
31.8003,54.8523,34.4369,,1.39554
31.8203,57.633,34.4011,,1.38519
31.8403,60.392,34.3591,,1.37394
31.8603,63.1258,34.3165,,1.36115
31.8803,65.8351,34.2488,,1.34848
31.9003,68.5177,34.1971,,1.33E+00
31.9203,71.1732,34.1492,,1.32E+00
31.9403,73.7996,34.069,,1.3063
31.9603,76.3976,34.0018,,1.29137
31.9803,78.9642,33.9399,,1.28E+00
32.0003,81.4993,33.8537,,1.26002
32.0203,84.0008,33.7714,,1.24343
32.0403,86.4713,33.7003,,1.2265
32.0603,88.9063,33.6095,,1.2082
32.0803,91.3023,33.5107,,1.19053
32.1003,93.6663,33.4214,,1.17344
32.1203,95.9905,33.3274,,1.15244
32.1403,98.2766,33.2184,,1.13401
32.1603,100.525,33.1154,,1.11548
32.1803,102.733,33.0045,,1.0936
32.2003,104.898,32.8878,,1.07211
32.2203,1.07E+02,32.77,,1.05165
32.2403,109.103,32.651,,1.03152
32.2603,111.141,32.5169,,1.00795
32.2803,113.133,32.376,,0.984416
32.3003,115.081,32.2476,,0.964867
32.3203,116.982,32.118,,0.938683
32.3403,118.838,31.9627,,0.91626
32.3603,120.644,31.7975,,0.892152
32.3803,122.406,31.6469,,0.868391
32.4003,124.114,31.4856,,0.843811
32.4203,125.775,31.3252,,0.817258
32.4403,127.386,31.1271,,0.794643
32.4603,128.944,30.9544,,0.766007
32.4803,130.452,30.7733,,0.741944
32.5003,1.32E+02,30.5751,,0.71472
32.5203,133.309,30.3698,,0.688789
32.5403,134.661,30.1565,,6.63E-01
32.5603,135.956,29.9406,,0.634228
32.5803,137.198,29.7147,,0.608219
32.6003,138.383,29.4766,,0.579623
32.6203,139.513,29.2327,,0.551744
32.6403,140.588,28.9778,,0.524394
32.6603,141.607,28.6998,,0.495296
32.6803,142.568,28.4127,,4.68E-01
32.7003,143.475,28.1193,,4.40E-01
32.7203,144.324,27.8145,,4.10E-01
32.7403,145.114,27.5021,,0.382284
32.7603,145.846,27.1632,,0.351557
32.7803,146.519,26.8016,,0.323238
32.8003,147.136,26.4332,,0.294168
32.8203,147.691,26.0444,,0.262819
32.8403,148.187,25.6252,,0.234576
32.8603,148.625,25.1773,,0.205266
32.8803,149.004,24.7154,,0.175506
32.9003,149.323,24.2145,,1.45E-01
32.9203,149.583,23.6742,,0.115872
32.9403,149.782,23.1137,,0.0847862
32.9603,149.921,22.508,,0.0547442
32.9803,150.002,21.8712,,0.0291084
33.0003,150.027,21.1687,,-7.55E-03
33.0203,149.98,20.4373,,-3.41E-02
33.0403,149.879,19.6544,,-0.0648067
33.0603,149.719,18.7975,,-0.0935321
33.0803,149.499,17.8784,,-0.124683
33.1003,149.219,16.9182,,-0.154433
33.1203,148.88,15.8775,,-0.183301
33.1403,148.48,14.7497,,-0.214372
33.1603,148.02,13.5698,,-2.44E-01
33.1803,147.503,12.3232,,-0.273168
33.2003,146.925,11.0084,,-0.302735
33.2203,146.29,9.63049,,-0.331842
33.2403,145.595,8.21743,,-0.360754
33.2603,144.845,6.77058,,-0.389781
33.2803,144.032,5.283,,-0.418915
33.3003,143.165,3.78315,,-0.447576
33.3203,142.239,2.29554,,-0.476533
33.3403,141.257,0.804997,,-0.504056
33.3603,140.218,-0.68236,,-0.533432
33.3803,139.124,-2.14836,,-0.559813
33.4003,137.975,-3.57916,,-0.588779
33.4203,136.768,-4.97989,,-0.615232
33.4403,135.507,-6.33176,,-0.644037
33.4603,134.192,-7.64622,,-0.669812
33.4803,132.824,-8.9252,,-0.696737
33.5003,131.405,-10.1606,,-0.722242
33.5203,129.93,-11.3452,,-0.748927
33.5403,128.404,-12.504,,-0.776794
33.5603,126.826,-13.6098,,-0.800457
33.5803,125.197,-14.6787,,-0.826334
33.6003,123.52,-15.7099,,-0.850495
33.6203,121.793,-16.7079,,-0.874899
33.6403,120.017,-17.6661,,-0.90054
33.6603,118.191,-18.5803,,-0.922537
33.6803,116.322,-19.4738,,-0.947164
33.7003,114.405,-20.3205,,-0.96886
33.7203,112.44,-21.1404,,-9.93E-01
33.7403,110.431,-21.9134,,-1.01E+00
33.7603,108.378,-22.6636,,-1.04E+00
33.7803,106.282,-23.3818,,-1.06E+00
33.8003,104.142,-24.0674,,-1.08E+00
33.8203,101.962,-24.7206,,-1.09934
33.8403,99.7406,-25.3407,,-1.12088
33.8603,97.4791,-25.9359,,-1.14E+00
33.8803,95.1802,-26.501,,-1.16E+00
33.9003,92.8412,-27.0481,,-1.18E+00
33.9203,90.466,-27.5477,,-1.20E+00
33.9403,88.053,-28.0282,,-1.21E+00
33.9603,85.6082,-28.5113,,-1.23E+00
33.9803,83.1272,-28.9465,,-1.25E+00
34.0003,80.6135,-29.3434,,-1.26E+00
34.0203,78.0676,-29.7474,,-1.28E+00
34.0403,75.4893,-30.13,,-1.30E+00
34.0603,72.8822,-30.4694,,-1.31E+00
34.0803,70.245,-30.8039,,-1.32E+00
34.1003,67.5805,-31.1208,,-1.34E+00
34.1203,64.8874,-31.4206,,-1.35E+00
34.1403,62.169,-31.7003,,-1.37E+00
34.1603,59.4265,-31.9579,,-1.38E+00
34.1803,56.6594,-32.2109,,-1.39E+00
34.2003,53.8706,-32.441,,-1.40E+00
34.2203,51.0595,-32.6614,,-1.41E+00
34.2403,48.2281,-32.8664,,-1.42E+00
34.2603,45.3772,-33.0609,,-1.43E+00
34.2803,42.5087,-33.2354,,-1.44E+00
34.3003,39.6227,-33.4167,,-1.45E+00
34.3203,36.721,-33.5717,,-1.45E+00
34.3403,33.8046,-33.7098,,-1.46E+00
34.3603,30.875,-33.8639,,-1.47E+00
34.3803,27.9328,-33.9904,,-1.47E+00
34.4003,24.9793,-34.1097,,-1.48E+00
34.4203,22.0163,-34.2239,,-1.48E+00
34.4403,19.0442,-34.3198,,-1.49E+00
34.4603,16.0645,-34.4184,,-1.49E+00
34.4803,13.0782,-34.5026,,-1.49E+00
34.5003,10.0868,-34.5845,,-1.50E+00
34.5203,7.09131,-34.6584,,-1.50E+00
34.5403,4.09306,-34.7077,,-1.49961
34.5603,1.09304,-34.7859,,-1.50015
34.5803,-1.90734,-34.8374,,-1.5001
34.6003,-4.90691,-34.8738,,-1.49954
34.6203,-7.90449,-34.9151,,-1.49802
34.6403,-10.899,-34.9513,,-1.49622
34.6603,-13.8892,-34.985,,-1.49422
34.6803,-16.8738,-35.0003,,-1.4905
34.7003,-19.8516,-35.0079,,-1.4873
34.7203,-22.8215,-35.0392,,-1.48269
34.7403,-25.782,-35.0399,,-1.47782
34.7603,-28.7323,-35.0385,,-1.47E+00
34.7803,-31.6716,-35.0357,,-1.47E+00
34.8003,-34.5979,-35.0291,,-1.46E+00
34.8203,-37.5102,-35.024,,-1.45E+00
34.8403,-40.4075,-35.0008,,-1.44521
34.8603,-43.289,-34.9847,,-1.43647
34.8803,-46.1531,-34.9654,,-1.42796
34.9003,-48.9985,-34.9274,,-1.41789
34.9203,-51.8247,-34.8994,,-1.40872
34.9403,-54.6299,-34.8667,,-1.39682
34.9603,-57.4125,-34.8146,,-1.38643
34.9803,-60.1731,-34.7776,,-1.37449
35.0003,-62.9089,-34.7261,,-1.36189
35.0203,-65.6202,-34.6702,,-1.34998
35.0403,-68.3054,-34.621,,-1.34E+00
35.0603,-70.9633,-34.5553,,-1.32E+00
35.0803,-73.592,-34.4906,,-1.30664
35.1003,-76.1917,-34.4275,,-1.29325
35.1203,-78.7614,-34.3519,,-1.28E+00
35.1403,-81.2981,-34.2742,,-1.26014
35.1603,-83.8031,-34.2015,,-1.24494
35.1803,-86.2744,-34.1162,,-1.22829
35.2003,-88.7129,-34.0255,,-1.21054
35.2203,-91.1154,-33.9405,,-1.19183
35.2403,-93.4792,-33.8431,,-1.1741
35.2603,-95.8068,-33.7346,,-1.15414
35.2803,-98.0975,-33.6428,,-1.13709
35.3003,-100.348,-33.535,,-1.11468
35.3203,-1.03E+02,-33.4208,,-1.0952
35.3403,-104.727,-33.3089,,-1.07567
35.3603,-106.854,-33.1931,,-1.05E+00
35.3803,-108.939,-33.0688,,-1.03218
35.4003,-110.98,-32.9346,,-1.01123
35.4203,-112.978,-32.8029,,-0.985769
35.4403,-114.928,-32.6663,,-0.96513
35.4603,-116.833,-32.5327,,-0.941554
35.4803,-118.694,-32.3796,,-0.919917
35.5003,-120.504,-32.2302,,-0.89165
35.5203,-122.267,-32.0705,,-0.87066
35.5403,-123.98,-31.9148,,-0.845633
35.5603,-125.645,-31.7339,,-0.818744
35.5803,-127.258,-31.5566,,-0.796649
35.6003,-128.822,-31.3852,,-0.769206
35.6203,-130.334,-31.1913,,-0.742905
35.6403,-131.794,-30.995,,-0.719771
35.6603,-133.202,-30.7911,,-0.688787
35.6803,-134.555,-30.575,,-6.65E-01
35.7003,-135.856,-30.3649,,-0.637384
35.7203,-137.101,-30.1358,,-0.609283
35.7403,-138.29,-29.8991,,-0.581038
35.7603,-139.425,-29.6519,,-0.55463
35.7803,-140.505,-29.3866,,-0.527024
35.8003,-141.53,-29.1198,,-0.498499
35.8203,-142.494,-28.8368,,-4.69E-01
35.8403,-143.405,-28.5506,,-4.43E-01
35.8603,-144.26,-28.2525,,-4.12E-01
35.8803,-145.053,-27.9239,,-3.84E-01
35.9003,-145.79,-27.5856,,-0.353262
35.9203,-146.467,-27.2324,,-0.325409
35.9403,-147.087,-26.8642,,-0.295882
35.9603,-147.648,-26.4603,,-0.266625
35.9803,-148.151,-26.04,,-0.237068
36.0003,-148.593,-25.6012,,-0.206573
36.0203,-148.976,-25.1266,,-0.177824
36.0403,-149.299,-24.6313,,-1.48E-01
36.0603,-149.564,-24.1048,,-0.118091
36.0803,-149.768,-23.5483,,-0.087941
36.1003,-149.913,-22.9491,,-0.0571211
36.1203,-149.994,-22.3072,,-0.0279706
36.1403,-150.027,-21.619,,2.43E-03
36.1603,-149.984,-20.8804,,0.0315215
36.1803,-149.889,-20.0925,,0.0625035
36.2003,-149.733,-19.2382,,0.0915685
36.2203,-149.518,-18.324,,0.122429
36.2403,-149.243,-17.3515,,0.150793
36.2603,-148.908,-16.3117,,0.183026
36.2803,-148.513,-15.2148,,0.209672
36.3003,-148.06,-14.0275,,2.42E-01
36.3203,-147.545,-12.7861,,0.270454
36.3403,-146.974,-11.4749,,0.30012
36.3603,-146.342,-10.1032,,0.329677
36.3803,-145.653,-8.68938,,0.35879
36.4003,-144.905,-7.23059,,0.387401
36.4203,-144.101,-5.74317,,0.415974
36.4403,-143.236,-4.23232,,0.446365
36.4603,-142.316,-2.72555,,0.473309
36.4803,-141.338,-1.23015,,0.502491
36.5003,-140.303,0.259365,,0.530937
36.5203,-139.212,1.73059,,0.558048
36.5403,-138.067,3.16056,,0.586306
36.5603,-136.866,4.55959,,0.613592
36.5803,-135.61,5.94005,,0.640692
36.6003,-134.299,7.28012,,0.669038
36.6203,-132.935,8.53856,,0.693768
36.6403,-131.52,9.78501,,0.719914
36.6603,-130.049,11.0007,,0.748277
36.6803,-128.527,12.1601,,0.773184
36.7003,-126.953,13.2724,,0.799375
36.7203,-125.33,14.3526,,0.823036
36.7403,-123.655,15.4036,,0.849056
36.7603,-121.932,16.407,,0.874274
36.7803,-120.159,17.3615,,0.897044
36.8003,-118.34,18.3071,,0.921072
36.8203,-116.471,19.2001,,0.945567
36.8403,-114.558,20.0467,,0.967391
36.8603,-112.597,20.8713,,9.91E-01
36.8803,-110.593,21.6642,,1.01E+00
36.9003,-108.544,22.4198,,1.04E+00
36.9203,-106.45,23.1359,,1.06E+00
36.9403,-104.314,23.8306,,1.08E+00
36.9603,-102.137,24.4976,,1.09768
36.9803,-99.9193,25.1284,,1.11896
37.0003,-97.6613,25.7215,,1.14E+00
37.0203,-95.3644,26.2892,,1.16E+00
37.0403,-93.03,26.8386,,1.18E+00
37.0603,-90.6588,27.3612,,1.20E+00
37.0803,-88.249,27.8502,,1.21E+00
37.1003,-85.8045,28.3074,,1.23E+00
37.1203,-83.3265,28.7582,,1.25E+00
37.1403,-80.8149,29.1804,,1.26E+00
37.1603,-78.272,29.5587,,1.28E+00
37.1803,-75.6952,29.9404,,1.30E+00
37.2003,-73.0903,30.309,,1.31E+00
37.2203,-70.4556,30.6301,,1.32E+00
37.2403,-67.7925,30.9437,,1.34E+00
37.2603,-65.1021,31.2499,,1.35E+00
37.2803,-62.3864,31.5335,,1.36E+00
37.3003,-59.6466,31.7981,,1.38E+00
37.3203,-56.8806,32.0359,,1.39E+00
37.3403,-54.0933,32.2729,,1.40E+00
37.3603,-51.2837,32.5125,,1.41E+00
37.3803,-48.4545,32.7107,,1.42E+00
37.4003,-45.6054,32.8943,,1.43E+00
37.4203,-42.7374,33.0911,,1.44E+00
37.4403,-39.8529,33.2571,,1.45E+00
37.4603,-36.9533,33.4141,,1.45E+00
37.4803,-34.0377,33.5626,,1.46E+00
37.5003,-31.1088,33.7006,,1.47E+00
37.5203,-28.1679,33.8441,,1.47E+00
37.5403,-25.2153,33.9461,,1.48E+00
37.5603,-22.2528,34.0564,,1.48E+00
37.5803,-19.2813,34.171,,1.49E+00
37.6003,-16.3018,34.2639,,1.49E+00
37.6203,-13.3163,34.3413,,1.49E+00
37.6403,-10.3253,34.4211,,1.50E+00
37.6603,-7.33001,34.5049,,1.50E+00
37.6803,-4.33179,34.571,,1.49958
37.7003,-1.33199,34.6156,,1.50028
37.7203,1.66833,34.6713,,1.50006
37.7403,4.66806,34.7285,,1.49948
37.7603,7.6659,34.7628,,1.49834
37.7803,10.6606,34.7963,,1.49635
37.8003,13.6511,34.8167,,1.49408
37.8203,16.6361,34.8515,,1.49106
37.8403,19.6146,34.865,,1.48748
37.8603,22.585,34.8722,,1.4831
37.8803,25.5469,34.8862,,1.47851
37.9003,28.4976,34.8885,,1.47307
37.9203,31.4378,34.8861,,1.47E+00
37.9403,34.3652,34.8828,,1.46E+00
37.9603,37.279,34.8625,,1.45E+00
37.9803,40.1773,34.8572,,1.4454
38.0003,43.0597,34.8257,,1.43736
38.0203,45.9257,34.8002,,1.42902
38.0403,48.7732,34.7788,,1.41887
38.0603,51.6001,34.7452,,1.40857
38.0803,54.4066,34.7073,,1.39825
38.1003,57.1919,34.6717,,1.38759
38.1203,59.9539,34.63,,1.37521
38.1403,62.6915,34.5799,,1.36313
38.1603,65.4052,34.5192,,1.35043
38.1803,68.0923,34.4642,,1.34E+00
38.2003,70.7524,34.4181,,1.32E+00
38.2203,73.3832,3.43E+01,,1.30877
38.2403,75.9865,34.2662,,1.29384
38.2603,78.5581,34.2026,,1.28E+00
38.2803,81.0972,34.1325,,1.26156
38.3003,83.6062,34.0409,,1.24615
38.3203,86.0797,33.9592,,1.22903
38.3403,88.5176,33.8849,,1.21227
38.3603,90.9248,33.7855,,1.19417
38.3803,93.2945,33.6927,,1.17541
38.4003,95.6228,33.5946,,1.1551
38.4203,97.9166,33.4886,,1.13918
38.4403,100.172,33.388,,1.1152
38.4603,1.02E+02,33.2772,,1.09779
38.4803,104.556,33.1603,,1.07634
38.5003,106.686,33.0436,,1.05522
38.5203,108.774,32.9165,,1.03402
38.5403,110.819,32.7914,,1.01162
38.5603,112.819,32.653,,0.989863
38.5803,114.774,32.5179,,0.966597
38.6003,116.682,32.3822,,0.942457
38.6203,118.546,32.2328,,0.921481
38.6403,120.361,32.0749,,0.894736
38.6603,122.127,31.9179,,0.872242
38.6803,123.845,31.7516,,0.847901
38.7003,125.517,31.5903,,0.823313
38.7203,127.133,31.4027,,0.796077
38.7403,128.699,31.2213,,0.770625
38.7603,130.216,31.0371,,0.746192
38.7803,131.679,30.8442,,0.719418
38.8003,133.091,30.6434,,0.692872
38.8203,134.448,30.4293,,6.66E-01
38.8403,135.752,30.205,,0.639607
38.8603,137.001,29.9882,,0.61094
38.8803,138.196,29.7548,,0.585451
38.9003,139.338,29.4991,,0.556977
38.9203,140.421,29.244,,0.527793
38.9403,141.45,28.9735,,0.50319
38.9603,142.423,28.6925,,4.71E-01
38.9803,143.334,28.3928,,4.43E-01
39.0003,144.191,28.0875,,4.15E-01
39.0203,144.991,27.7753,,3.87E-01
39.0403,145.733,27.4379,,0.355402
39.0603,146.415,27.0805,,0.328612
39.0803,147.041,26.7109,,0.298714
39.1003,147.606,26.3183,,0.268097
39.1203,148.113,25.9076,,0.239829
39.1403,148.561,25.4664,,0.209169
39.1603,148.948,24.9987,,0.179853
39.1803,149.277,24.4991,,1.51E-01
39.2003,149.546,23.9661,,0.119981
39.2203,149.755,23.4022,,0.0916384
39.2403,149.906,22.8091,,0.0590905
39.2603,149.99,22.1655,,0.0283834
39.2803,150.026,21.4754,,9.77E-04
39.3003,149.989,20.7398,,-0.029595
39.3203,149.899,19.9585,,-0.0591397
39.3403,149.748,19.1154,,-0.0897457
39.3603,149.538,18.1959,,-0.118182
39.3803,149.268,17.2291,,-0.150903
39.4003,148.936,16.1992,,-0.180071
39.4203,148.546,15.0856,,-0.208637
39.4403,148.097,13.8942,,-2.39E-01
39.4603,147.588,12.6477,,-2.68E-01
39.4803,147.02,1.13E+01,,-0.297609
39.5003,146.395,9.95725,,-0.327304
39.5203,145.71,8.53764,,-0.355426
39.5403,144.969,7.08382,,-0.385068
39.5603,144.165,5.58735,,-0.415464
39.5803,143.307,4.08086,,-0.442535
39.6003,142.391,2.57734,,-0.47179
39.6203,141.417,1.07151,,-0.500093
39.6403,140.388,-0.424337,,-0.528884
39.6603,139.302,-1.91596,,-5.55E-01
39.6803,138.16,-3.3525,,-0.584243
39.7003,136.964,-4.77085,,-0.611792
39.7203,135.713,-6.14604,,-0.637153
39.7403,134.406,-7.47815,,-0.66638
39.7603,1.33E+02,-8.77247,,-0.693446
39.7803,131.633,-10.0284,,-0.719042
39.8003,130.167,-11.2419,,-0.745613
39.8203,128.649,-12.4084,,-0.770418
39.8403,127.082,-13.5247,,-0.794498
39.8603,125.463,-14.6188,,-0.824098
39.8803,123.791,-15.6778,,-0.84684
39.9003,122.071,-16.6841,,-0.872472
39.9203,120.305,-17.6514,,-0.893909
39.9403,118.486,-18.5919,,-0.920681
39.9603,116.623,-19.5059,,-0.942607
39.9803,114.711,-20.3609,,-0.966681
40.0003,112.755,-21.1885,,-9.89E-01
40.0203,110.753,-21.9843,,-1.01E+00
40.0403,108.708,-22.7599,,-1.03E+00
40.0603,106.619,-23.4765,,-1.05E+00
40.0803,104.486,-24.1763,,-1.08E+00
40.1003,102.313,-24.8486,,-1.0949
40.1203,100.098,-25.4833,,-1.11874
40.1403,97.8425,-26.0855,,-1.14E+00
40.1603,95.5487,-26.6558,,-1.16E+00
40.1803,93.2165,-27.2185,,-1.17E+00
40.2003,90.8465,-27.732,,-1.19E+00
40.2203,88.445,-28.2164,,-1.21E+00
40.2403,85.9998,-28.7044,,-1.23E+00
40.2603,83.5256,-29.1523,,-1.25E+00
40.2803,81.0166,-29.5583,,-1.26E+00
40.3003,78.4753,-29.9594,,-1.28E+00
40.3203,75.9024,-30.351,,-1.29E+00
40.3403,73.2983,-30.7042,,-1.31E+00
40.3603,70.6657,-31.0389,,-1.32E+00
40.3803,68.0059,-31.3605,,-1.34E+00
40.4003,65.3172,-31.6527,,-1.35E+00
40.4203,62.6037,-31.9505,,-1.36E+00
40.4403,59.8646,-32.218,,-1.38E+00
40.4603,57.1008,-32.4621,,-1.39E+00
40.4803,54.3156,-32.6983,,-1.40E+00
40.5003,51.5085,-32.9194,,-1.41E+00
40.5203,48.681,-33.1314,,-1.42E+00
40.5403,45.8332,-33.3226,,-1.43E+00
40.5603,42.967,-33.4991,,-1.44E+00
40.5803,40.084,-33.6851,,-1.45E+00
40.6003,37.1843,-33.8468,,-1.45E+00
40.6203,34.2701,-33.9778,,-1.46E+00
40.6403,31.3428,-34.1322,,-1.47E+00
40.6603,28.402,-34.2694,,-1.47E+00
40.6803,25.4507,-34.3762,,-1.48E+00
40.7003,22.489,-34.4898,,-1.48E+00
40.7203,19.518,-34.6032,,-1.49E+00
40.7403,16.5394,-34.6983,,-1.49E+00
40.7603,13.5542,-34.7718,,-1.49E+00
40.7803,10.5634,-34.8478,,-1.50E+00
40.8003,7.56853,-34.9433,,-1.50E+00
40.8203,4.57065,-34.9997,,-1.49942
40.8403,1.57089,-35.0474,,-1.50018
40.8603,-1.4295,-35.1061,,-1.50015
40.8803,-4.42923,-35.1596,,-1.49961
40.9003,-7.42736,-35.2053,,-1.49829
40.9203,-10.4224,-35.2221,,-1.4968
40.9403,-13.4133,-35.2483,,-1.49417
40.9603,-16.3988,-35.2852,,-1.49126
40.9803,-19.3775,-35.2966,,-1.4879
41.0003,-22.3489,-35.3098,,-1.48332
41.0203,-25.3109,-35.31,,-1.47891
41.0403,-28.2632,-35.3169,,-1.47357
41.0603,-31.2041,-35.3196,,-1.47E+00
41.0803,-34.1327,-35.3034,,-1.46E+00
41.1003,-37.0473,-35.2999,,-1.45E+00
41.1203,-39.9474,-35.2883,,-1.44632
41.1403,-42.8313,-35.2603,,-1.43829
41.1603,-45.6979,-35.2392,,-1.42878
41.1803,-48.5465,-35.2078,,-1.41981
41.2003,-51.3755,-35.1803,,-1.40969
41.2203,-54.1843,-35.1418,,-1.3992
41.2403,-56.9704,-35.0921,,-1.38782
41.2603,-59.7347,-35.0523,,-1.37672
41.2803,-62.4756,-35.0068,,-1.3644
41.3003,-65.1902,-34.9514,,-1.3512
41.3203,-67.879,-34.8906,,-1.34E+00
41.3403,-70.5412,-34.8365,,-1.32E+00
41.3603,-73.1747,-34.77,,-1.30995
41.3803,-75.7791,-34.7068,,-1.29514
41.4003,-78.3546,-34.6319,,-1.28E+00
41.4203,-80.8965,-34.5469,,-1.26348
41.4403,-83.408,-34.4787,,-1.2462
41.4603,-85.884,-34.397,,-1.23027
41.4803,-88.3241,-34.3029,,-1.21212
41.5003,-90.7331,-34.2224,,-1.1958
41.5203,-93.1042,-34.1221,,-1.1791
41.5403,-95.44,-34.0114,,-1.15676
41.5603,-97.7355,-33.9219,,-1.13949
41.5803,-99.9921,-33.8147,,-1.11792
41.6003,-102.208,-33.6939,,-1.09945
41.6203,-104.386,-33.5808,,-1.07728
41.6403,-106.518,-33.4745,,-1.05703
41.6603,-108.609,-33.3503,,-1.03563
41.6803,-110.657,-33.2087,,-1.01348
41.7003,-112.661,-33.0738,,-0.990605
41.7203,-114.619,-32.9473,,-0.968822
41.7403,-116.533,-32.8074,,-0.945717
41.7603,-118.398,-32.6514,,-0.921825
41.7803,-120.217,-32.5027,,-0.897971
41.8003,-121.99,-32.352,,-0.874436
41.8203,-123.71,-32.1919,,-0.847575
41.8403,-125.382,-32.0038,,-0.826363
41.8603,-127.005,-31.8314,,-0.798248
41.8803,-128.576,-31.663,,-0.774442
41.9003,-130.097,-31.4716,,-0.746362
41.9203,-131.564,-31.2668,,-0.72183
41.9403,-132.979,-31.0649,,-0.695451
41.9603,-134.342,-30.857,,-6.68E-01
41.9803,-135.65,-30.6457,,-0.64187
42.0003,-136.907,-30.4094,,-0.613773
42.0203,-138.105,-30.1769,,-0.587309
42.0403,-1.39E+02,-29.9357,,-0.558383
42.0603,-140.337,-29.6625,,-0.530847
42.0803,-141.37,-29.3954,,-0.502956
42.1003,-142.345,-29.1163,,-4.74E-01
42.1203,-143.264,-28.8263,,-4.45E-01
42.1403,-144.125,-28.5296,,-4.18E-01
42.1603,-144.929,-28.2092,,-3.88E-01
42.1803,-145.676,-27.8688,,-0.359864
42.2003,-146.364,-27.5119,,-0.330216
42.2203,-146.993,-27.1399,,-0.300027
42.2403,-147.562,-26.752,,-0.270947
42.2603,-148.073,-2.63E+01,,-0.24168
42.2803,-148.526,-25.8859,,-0.211931
42.3003,-148.919,-25.4155,,-0.182103
42.3203,-149.254,-24.9251,,-1.53E-01
42.3403,-149.525,-24.4039,,-0.122437
42.3603,-149.74,-23.8418,,-0.0923822
42.3803,-149.894,-23.2451,,-0.0628486
42.4003,-149.987,-22.6122,,-0.0311855
42.4203,-150.027,-21.9305,,-4.68E-03
42.4403,-149.994,-21.1907,,0.0278726
42.4603,-149.907,-20.4033,,0.057868
42.4803,-149.762,-19.556,,0.0867076
42.5003,-149.557,-18.6479,,0.117445
42.5203,-149.291,-17.6773,,0.146553
42.5403,-148.964,-16.6393,,0.177744
42.5603,-148.579,-15.537,,0.206425
42.5803,-148.136,-14.3616,,2.36E-01
42.6003,-147.632,-13.1246,,2.66E-01
42.6203,-147.068,-11.8089,,0.295338
42.6403,-146.448,-10.4262,,0.324212
42.6603,-145.768,-9.01502,,0.354208
42.6803,-145.029,-7.55387,,0.382955
42.7003,-144.232,-6.05524,,0.4122
42.7203,-143.377,-4.53363,,0.440887
42.7403,-142.466,-3.01185,,0.469733
42.7603,-141.498,-1.50585,,0.497588
42.7803,-140.472,-2.38E-03,,0.525506
42.8003,-139.391,1.48209,,5.55E-01
42.8203,-138.252,2.93992,,0.582158
42.8403,-137.06,4.35375,,0.609525
42.8603,-135.813,5.74305,,0.635682
42.8803,-134.512,7.10696,,0.663919
42.9003,-133.155,8.39694,,6.91E-01
42.9203,-131.746,9.65369,,0.716195
42.9403,-130.287,10.8804,,0.742075
42.9603,-128.775,12.0684,,0.769798
42.9803,-127.207,13.2072,,0.79469
43.0003,-125.592,14.2929,,0.820684
43.0203,-123.924,15.354,,0.844694
43.0403,-122.21,16.3935,,0.869034
43.0603,-120.448,17.3667,,0.893575
43.0803,-118.632,18.313,,0.918459
43.1003,-116.772,19.2259,,0.940537
43.1203,-114.866,20.1034,,0.964644
43.1403,-112.912,20.9383,,9.88E-01
43.1603,-110.914,21.7336,,1.01E+00
43.1803,-108.872,22.5055,,1.03E+00
43.2003,-106.786,23.2532,,1.05E+00
43.2203,-104.658,23.958,,1.08E+00
43.2403,-102.486,24.6226,,1.0949
43.2603,-100.275,25.2672,,1.11602
43.2803,-98.0234,25.8834,,1.13E+00
43.3003,-95.7336,26.4638,,1.15E+00
43.3203,-93.4041,27.0094,,1.18E+00
43.3403,-91.0359,27.5432,,1.19E+00
43.3603,-88.6323,28.0493,,1.21E+00
43.3803,-86.1937,28.5107,,1.23E+00
43.4003,-83.7222,28.9697,,1.24E+00
43.4203,-81.2169,29.3999,,1.26E+00
43.4403,-78.6793,29.7895,,1.28E+00
43.4603,-76.1081,30.1682,,1.29E+00
43.4803,-73.5069,30.5447,,1.31E+00
43.5003,-70.877,30.8766,,1.32E+00
43.5203,-68.2186,31.1943,,1.34E+00
43.5403,-65.5329,31.5001,,1.35E+00
43.5603,-62.8209,31.7835,,1.36E+00
43.5803,-60.0837,32.0565,,1.37E+00
43.6003,-57.3225,32.302,,1.39E+00
43.6203,-54.5384,32.5413,,1.40E+00
43.6403,-51.7324,32.7712,,1.41E+00
43.6603,-48.9062,32.9774,,1.42E+00
43.6803,-46.0605,33.1737,,1.43E+00
43.7003,-43.195,33.3633,,1.44E+00
43.7203,-40.314,33.5293,,1.44E+00
43.7403,-37.4162,33.6981,,1.45E+00
43.7603,-34.5029,33.8434,,1.46E+00
43.7803,-31.5763,33.9789,,1.47E+00
43.8003,-28.6372,34.1171,,1.47E+00
43.8203,-25.6864,34.235,,1.48E+00
43.8403,-22.725,34.3471,,1.48E+00
43.8603,-19.755,34.4523,,1.49E+00
43.8803,-16.7769,34.5433,,1.49E+00
43.9003,-13.7922,34.6354,,1.49E+00
43.9203,-10.8016,34.7151,,1.50E+00
43.9403,-7.80718,34.7861,,1.50E+00
43.9603,-4.80937,34.8543,,1.49934
43.9803,-1.80991,34.9063,,1.50017
44.0003,1.19053,34.9709,,1.50016
44.0203,4.19041,35.0121,,1.49958
44.0403,7.18872,35.0439,,1.49862
44.0603,10.1841,35.0907,,1.49669
44.0803,13.1753,35.1141,,1.49458
44.1003,16.1612,35.136,,1.49134
44.1203,19.1408,35.1482,,1.48823
44.1403,22.1127,35.1649,,1.48394
44.1603,25.0758,35.186,,1.47911
44.1803,28.0285,35.178,,1.47402
44.2003,30.9706,35.1716,,1.47E+00
44.2203,33.8999,35.1713,,1.46E+00
44.2403,36.8157,35.1561,,1.45E+00
44.2603,39.7169,35.1465,,1.4468
44.2803,42.6015,35.1127,,1.43873
44.3003,45.4707,35.0876,,1.43028
44.3203,48.3202,35.0712,,1.41982
44.3403,51.1509,35.0345,,1.41072
44.3603,53.9605,3.50E+01,,1.40015
44.3803,56.7502,34.9564,,1.39014
44.4003,59.5172,34.919,,1.37667
44.4203,62.2574,34.8671,,1.36485
44.4403,64.9749,34.8074,,1.35257
44.4603,67.6675,34.7498,,1.33983
44.4803,70.3301,34.7015,,1.32E+00
44.5003,72.9661,34.6332,,1.31102
44.5203,75.5732,34.5529,,1.29654
44.5403,78.1496,34.4916,,1.28E+00
44.5603,80.6946,34.419,,1.26377
44.5803,83.2081,34.328,,1.24952
44.6003,85.6875,34.2479,,1.23212
44.6203,88.1379,34.164,,1.21733
44.6403,90.5443,34.0712,,1.19313
44.6603,92.9171,33.9817,,1.17929
44.6803,95.2546,33.8779,,1.15878
44.7003,97.5534,33.7711,,1.14068
44.7203,99.8148,33.6702,,1.1197
44.7403,102.033,33.5659,,1.10065
44.7603,104.212,33.4417,,1.07957
44.7803,106.349,33.3193,,1.05796
44.8003,108.444,33.2064,,1.03783
44.8203,110.496,33.0788,,1.01627
44.8403,112.504,32.9292,,0.992481
44.8603,114.465,32.8026,,0.969482
44.8803,116.381,32.6615,,0.948369
44.9003,118.253,32.5222,,0.923794
44.9203,120.074,32.3567,,0.899159
44.9403,121.852,32.1997,,0.879149
44.9603,123.576,32.0429,,0.847779
44.9803,125.254,31.8696,,0.826908
45.0003,126.877,31.6867,,0.800807
45.0203,128.453,31.5056,,0.776141
45.0403,129.979,31.3248,,0.750247
45.0603,131.449,31.1238,,0.72219
45.0803,132.869,30.9267,,0.697315
45.1003,134.236,30.7168,,6.72E-01
45.1203,135.549,30.4947,,0.642802
45.1403,136.807,30.2703,,0.616999
45.1603,138.012,30.0311,,0.58816
45.1803,1.39E+02,29.7853,,0.560875
45.2003,140.252,29.5441,,0.53373
45.2203,141.29,29.2642,,0.50522
45.2403,142.27,28.9737,,4.76E-01
45.2603,143.194,28.6768,,4.48E-01
45.2803,144.059,28.3809,,4.19E-01
45.3003,144.868,28.0636,,3.91E-01
45.3203,145.618,27.7244,,0.361397
45.3403,146.312,27.3719,,0.332959
45.3603,146.945,27.0054,,0.302294
45.3803,147.519,26.6178,,0.273667
45.4003,148.036,26.1952,,0.244201
45.4203,148.493,25.7625,,0.215239
45.4403,148.891,25.296,,0.183414
45.4603,149.227,24.7972,,1.55E-01
45.4803,149.507,24.2675,,1.26E-01
45.5003,149.724,23.7111,,0.0929022
45.5203,149.88,23.1136,,0.0657379
45.5403,149.982,22.4702,,0.0345647
45.5603,150.026,21.7872,,7.05E-03
45.5803,149.999,21.0555,,-0.0260739
45.6003,149.917,20.2811,,-0.0554378
45.6203,149.776,19.4292,,-0.0844894
45.6403,149.575,18.523,,-0.11517
45.6603,149.313,17.5686,,-0.144404
45.6803,148.994,16.5308,,-0.17402
45.7003,148.613,15.4159,,-0.204854
45.7203,148.173,14.2313,,-2.34E-01
45.7403,147.674,12.9922,,-2.64E-01
45.7603,147.115,11.6689,,-0.293129
45.7803,146.498,10.2901,,-0.322754
45.8003,145.823,8.87503,,-0.350887
45.8203,145.089,7.40584,,-0.381196
45.8403,144.297,5.90284,,-0.409607
45.8603,143.447,4.38685,,-0.438343
45.8803,142.541,2.87362,,-0.466903
45.9003,141.577,1.34776,,-0.495628
45.9203,140.556,-0.165134,,-0.523357
45.9403,139.479,-1.65771,,-5.52E-01
45.9603,138.347,-3.11823,,-0.579074
45.9803,137.158,-4.55859,,-0.607578
46.0003,135.915,-5.95976,,-0.634423
46.0203,134.617,-7.30474,,-0.662186
46.0403,133.265,-8.61107,,-0.688033
46.0603,131.861,-9.89436,,-0.714559
46.0803,130.405,-11.1294,,-0.740842
46.1003,128.895,-12.3137,,-0.767071
46.1203,127.334,-13.4478,,-0.791625
46.1403,125.722,-14.5543,,-0.819024
46.1603,124.06,-15.6404,,-0.842549
46.1803,122.349,-16.6703,,-0.86785
46.2003,120.587,-17.6509,,-0.891971
46.2203,118.778,-18.6004,,-0.916104
46.2403,116.924,-19.5292,,-0.938971
46.2603,115.018,-20.418,,-0.962657
46.2803,113.069,-21.2595,,-9.86E-01
46.3003,111.075,-22.0586,,-1.01E+00
46.3203,109.037,-22.849,,-1.03E+00
46.3403,106.953,-23.5886,,-1.05E+00
46.3603,104.829,-24.3052,,-1.07E+00
46.3803,102.662,-24.9779,,-1.09316
46.4003,100.453,-25.6283,,-1.11402
46.4203,98.2041,-26.2453,,-1.13E+00
46.4403,95.9164,-26.8273,,-1.15E+00
46.4603,93.5905,-27.3968,,-1.17E+00
46.4803,91.2262,-27.9226,,-1.19E+00
46.5003,88.8241,-28.4244,,-1.21E+00
46.5203,86.3912,-28.9077,,-1.22E+00
46.5403,83.9222,-29.3606,,-1.24E+00
46.5603,81.4181,-29.7843,,-1.26E+00
46.5803,78.8817,-30.1907,,-1.28E+00
46.6003,76.3136,-30.577,,-1.29E+00
46.6203,73.7156,-30.9382,,-1.31E+00
46.6403,71.0872,-31.2838,,-1.32E+00
46.6603,68.4315,-31.6147,,-1.34E+00
46.6803,65.7478,-31.9107,,-1.35E+00
46.7003,63.0373,-32.1956,,-1.36E+00
46.7203,60.3022,-32.4701,,-1.37E+00
46.7403,57.5433,-32.7282,,-1.38E+00
46.7603,54.7613,-32.9726,,-1.40E+00
46.7803,51.9569,-33.1865,,-1.41E+00
46.8003,49.1333,-33.3949,,-1.42E+00
46.8203,46.288,-33.5992,,-1.43E+00
46.8403,43.4248,-33.785,,-1.44E+00
46.8603,40.5437,-33.9523,,-1.44E+00
46.8803,37.6475,-34.1218,,-1.45E+00
46.9003,34.7354,-34.2638,,-1.46E+00
46.9203,31.8097,-34.4138,,-1.47E+00
46.9403,28.8713,-34.5495,,-1.47E+00
46.9603,25.9212,-34.663,,-1.48E+00
46.9803,22.961,-34.7808,,-1.48E+00
47.0003,19.9915,-34.8818,,-1.49E+00
47.0203,17.0142,-34.9791,,-1.49E+00
47.0403,14.0299,-35.0646,,-1.49E+00
47.0603,11.0401,-35.1416,,-1.50E+00
47.0803,8.04586,-35.2262,,-1.50E+00
47.1003,5.04834,-35.2833,,-1.50E+00
47.1203,2.04869,-35.3442,,-1.50007
47.1403,-0.951635,-35.3978,,-1.50036
47.1603,-3.95159,-35.4407,,-1.49964
47.1803,-6.94997,-35.4891,,-1.49863
47.2003,-9.94568,-35.5178,,-1.49691
47.2203,-12.9374,-35.5445,,-1.49474
47.2403,-15.9237,-35.5675,,-1.49188
47.2603,-18.9036,-35.5846,,-1.48818
47.2803,-21.8761,-35.6043,,-1.4842
47.3003,-2.48E+01,-35.6018,,-1.4798
47.3203,-27.794,-35.6046,,-1.47436
47.3403,-30.7367,-35.6125,,-1.47E+00
47.3603,-33.6669,-35.6009,,-1.46E+00
47.3803,-36.5838,-35.5874,,-1.46E+00
47.4003,-39.4864,-35.5719,,-1.44773
47.4203,-42.3725,-35.5479,,-1.43907
47.4403,-45.2422,-35.535,,-1.43093
47.4603,-48.0941,-35.5004,,-1.42084
47.4803,-50.926,-35.4619,,-1.41135
47.5003,-53.7378,-35.4333,,-1.4013
47.5203,-56.5276,-35.3876,,-1.38943
47.5403,-59.2966,-35.3415,,-1.37896
47.5603,-62.0402,-35.2995,,-1.36592
47.5803,-64.7597,-35.2402,,-1.35371
47.6003,-67.453,-35.1881,,-1.34008
47.6203,-70.1196,-35.1263,,-1.33E+00
47.6403,-72.7574,-35.0525,,-1.3119
47.6603,-75.3665,-35.0046,,-1.29765
47.6803,-77.9462,-34.926,,-1.28301
47.7003,-80.4935,-34.8377,,-1.2648
47.7203,-83.0083,-34.7713,,-1.24987
47.7403,-85.4907,-34.6872,,-1.2334
47.7603,-87.9403,-34.5914,,-1.21692
47.7803,-90.354,-34.5109,,-1.19781
47.8003,-92.7289,-34.4084,,-1.1793
47.8203,-95.0705,-34.3091,,-1.16176
47.8403,-97.3717,-34.2077,,-1.14108
47.8603,-99.6353,-34.1038,,-1.12226
47.8803,-101.858,-33.9858,,-1.10181
47.9003,-104.039,-33.8756,,-1.08126
47.9203,-106.181,-33.7633,,-1.06074
47.9403,-108.28,-33.6336,,-1.03874
47.9603,-110.335,-33.4999,,-1.01732
47.9803,-112.345,-33.3697,,-0.994711
48.0003,-114.311,-33.2334,,-0.971548
48.0203,-116.231,-33.0853,,-0.949686
48.0403,-118.104,-32.9423,,-0.925012
48.0603,-119.93,-32.7995,,-0.901795
48.0803,-121.709,-32.6329,,-0.878406
48.1003,-123.44,-32.4723,,-0.853574
48.1203,-125.125,-32.3005,,-0.829519
48.1403,-126.749,-32.1228,,-0.801663
48.1603,-128.33,-31.9396,,-0.777245
48.1803,-129.857,-31.7561,,-0.751711
48.2003,-131.334,-31.5636,,-0.725417
48.2203,-132.761,-31.3566,,-0.701201
48.2403,-134.13,-31.1342,,-6.72E-01
48.2603,-135.445,-30.9291,,-0.644162
48.2803,-136.71,-30.7051,,-0.620439
48.3003,-137.917,-30.4644,,-0.589422
48.3203,-1.39E+02,-30.2169,,-0.563752
48.3403,-140.168,-29.9558,,-0.535923
48.3603,-141.21,-29.6841,,-0.507668
48.3803,-142.194,-29.4121,,-4.78E-01
48.4003,-143.124,-29.1172,,-4.51E-01
48.4203,-143.992,-28.8121,,-4.20E-01
48.4403,-144.805,-28.4987,,-3.93E-01
48.4603,-145.56,-28.168,,-0.364006
48.4803,-146.258,-27.8044,,-0.334795
48.5003,-146.896,-27.4345,,-0.305069
48.5203,-147.476,-27.048,,-0.276212
48.5403,-147.998,-26.6286,,-0.246668
48.5603,-148.459,-26.1866,,-0.216726
48.5803,-148.86,-25.7115,,-0.186224
48.6003,-149.203,-25.2254,,-1.56E-01
48.6203,-149.484,-24.7072,,-1.28E-01
48.6403,-149.71,-24.1514,,-0.0982457
48.6603,-149.874,-23.5574,,-0.0676306
48.6803,-149.978,-22.9198,,-0.0355756
48.7003,-150.023,-22.2446,,-0.0110555
48.7203,-150.002,-21.5113,,0.0258401
48.7403,-149.926,-20.7246,,0.0519939
48.7603,-149.79,-19.8821,,0.0827141
48.7803,-149.593,-18.975,,0.112273
48.8003,-149.337,-18.0136,,0.142404
48.8203,-149.021,-16.9762,,0.171254
48.8403,-148.645,-15.8735,,0.203107
48.8603,-148.21,-14.7018,,2.31E-01
48.8803,-147.716,-13.46,,2.61E-01
48.9003,-147.163,-12.1469,,0.290435
48.9203,-146.55,-10.7761,,0.320577
48.9403,-145.879,-9.34736,,0.349147
48.9603,-145.15,-7.86946,,0.377131
48.9803,-144.364,-6.37313,,0.408468
49.0003,-143.518,-4.84821,,0.436858
49.0203,-142.616,-3.30702,,0.461654
49.0403,-141.657,-1.77963,,0.496134
49.0603,-140.641,-0.263029,,0.521414
49.0803,-139.567,1.22386,,5.49E-01
49.1003,-138.439,2.70236,,0.577788
49.1203,-137.254,4.14734,,0.605122
49.1403,-136.016,5.55194,,0.631319
49.1603,-134.723,6.92934,,0.660111
49.1803,-133.376,8.23907,,0.686414
49.2003,-131.976,9.52443,,0.71296
49.2203,-130.522,10.7659,,0.738985
49.2403,-129.017,11.9615,,0.764348
49.2603,-127.46,13.1287,,0.791717
49.2803,-125.85,14.2479,,0.816345
49.3003,-124.193,15.3175,,0.840004
49.3203,-122.486,16.3632,,0.86551
49.3403,-120.729,17.3672,,0.89027
49.3603,-118.925,18.3403,,0.912945
49.3803,-117.075,19.2553,,0.937166
49.4003,-115.172,20.1498,,0.961905
49.4203,-113.226,21.0096,,9.85E-01
49.4403,-111.235,21.8236,,1.01E+00
49.4603,-109.2,22.6051,,1.03E+00
49.4803,-107.121,23.3571,,1.05E+00
49.5003,-105,24.0809,,1.07E+00
49.5203,-102.835,24.7643,,1.09204
49.5403,-100.63,25.4185,,1.11141
49.5603,-98.3857,26.0443,,1.13137
49.5803,-96.1021,26.638,,1.15292
49.6003,-93.7761,27.1937,,1.17168
49.6203,-91.4153,27.737,,1.18781
49.6403,-89.0199,28.2527,,1.20665
49.6603,-86.5865,28.7227,,1.22539
49.6803,-84.1181,29.1855,,1.24186
49.7003,-81.6177,29.6246,,1.25782
49.7203,-79.0859,30.0244,,1.27402
49.7403,-76.5189,30.4102,,1.29101
49.7603,-73.9228,30.7855,,1.30452
49.7803,-71.2974,31.1256,,1.32E+00
49.8003,-68.6438,31.4518,,1.33327
49.8203,-65.9624,31.7591,,1.3469
49.8403,-63.2548,32.0428,,1.36025
49.8603,-60.5223,32.317,,1.37209
49.8803,-57.764,32.5781,,1.38443
49.9003,-54.9845,32.8121,,1.39598
49.9203,-52.1801,33.0392,,1.40624
49.9403,-49.3577,33.2572,,1.41635
49.9603,-46.5146,33.4522,,1.426
49.9803,-4.37E+01,33.6441,,1.43522
50.0003,-40.7735,33.808,,1.44324
50.0203,-37.879,33.9769,,1.45131
50.0403,-34.9677,34.1359,,1.45886
50.0603,-32.0433,34.2662,,1.46565
50.0803,-29.1057,34.4044,,1.47137
50.1003,-26.1568,34.5292,,1.47715
50.1203,-23.1976,34.6304,,1.48E+00
50.1403,-20.2288,34.741,,1.49E+00
50.1603,-17.2515,34.8363,,1.49028
50.1803,-14.2676,34.9281,,1.49332
50.2003,-11.2784,35.0061,,1.49563
50.2203,-8.28455,35.0759,,1.50E+00
50.2403,-5.28704,35.1487,,1.50E+00
50.2603,-2.28771,35.2061,,1.50001
50.2803,0.712668,35.256,,1.50024
50.3003,3.71277,35.3053,,1.49971
50.3203,6.71138,35.3416,,1.49886
50.3403,9.70712,35.3838,,1.49715
50.3603,12.6992,35.4045,,1.49485
50.3803,15.6861,35.4255,,1.4921
50.4003,18.6667,35.4481,,1.48843
50.4203,21.6399,35.4652,,1.4848
50.4403,24.6042,35.4724,,1.48E+00
50.4603,27.5589,35.4665,,1.4748
50.4803,30.5023,35.4736,,1.47E+00
50.5003,33.4339,35.4706,,1.46307
50.5203,36.3523,35.439,,1.45572
50.5403,39.2559,3.54E+01,,1.44798
50.5603,42.1436,35.4235,,1.43981
50.5803,45.0146,35.3872,,1.4315
50.6003,47.867,35.3546,,1.42195
50.6203,50.7015,35.3235,,1.41254
50.6403,53.5146,35.2974,,1.40129
50.6603,56.3068,35.2489,,1.39091
50.6803,59.0764,35.2001,,1.3792
50.7003,61.8221,35.1574,,1.36705
50.7203,64.5441,35.1101,,1.35514
50.7403,67.2393,35.0505,,1.34138
50.7603,69.9081,34.9871,,1.33E+00
50.7803,72.5484,34.9215,,1.31348
50.8003,75.1601,34.8528,,1.29915
50.8203,77.7412,34.7889,,1.28282
50.8403,80.2923,34.7024,,1.26797
50.8603,82.8129,34.6118,,1.25212
50.8803,85.2961,34.5499,,1.23386
50.9003,87.7435,34.4703,,1.21488
50.9203,90.1623,34.3554,,1.20246
50.9403,92.5432,34.2651,,1.18106
50.9603,94.8859,34.1764,,1.16269
50.9803,97.1903,34.0668,,1.14241
51.0003,9.95E+01,33.9614,,1.12395
51.0203,101.683,33.8552,,1.10335
51.0403,103.87,33.7358,,1.08399
51.0603,106.012,33.6144,,1.06133
51.0803,108.114,33.4947,,1.03997
51.1003,110.171,33.3695,,1.01878
51.1203,112.187,33.2238,,0.997045
51.1403,114.156,33.0914,,0.973651
51.1603,116.08,32.9492,,0.951606
51.1803,117.957,32.8098,,0.927467
51.2003,119.788,32.6509,,0.903628
51.2203,121.57,32.486,,0.879978
51.2403,123.304,32.3264,,0.85472
51.2603,124.987,32.1612,,0.830453
51.2803,126.623,31.9876,,0.805906
51.3003,128.207,31.7922,,0.778871
51.3203,129.74,31.6077,,0.756827
51.3403,131.221,31.4179,,0.724815
51.3603,132.647,31.2201,,0.701879
51.3803,134.022,31.0044,,6.75E-01
51.4003,135.343,30.782,,0.647578
51.4203,136.61,30.556,,0.621131
51.4403,137.822,30.3308,,0.59244
51.4603,138.98,30.0746,,0.565833
51.4803,140.082,29.8211,,0.53787
51.5003,141.128,29.5534,,0.509582
51.5203,142.118,29.2746,,0.481127
51.5403,143.049,28.9697,,0.452426
51.5603,143.925,28.66,,0.424468
51.5803,144.743,28.356,,0.395261
51.6003,145.503,28.0277,,0.365743
51.6203,146.204,27.6645,,0.336889
51.6403,146.847,27.289,,0.307479
51.6603,147.431,26.9156,,0.278798
51.6803,147.957,26.5058,,0.247741
51.7003,148.423,26.055,,0.220525
51.7203,148.832,25.5916,,0.188952
51.7403,149.179,25.1022,,1.60E-01
51.7603,149.467,24.5826,,1.30E-01
51.7803,149.694,24.0129,,0.0985893
51.8003,149.863,23.4145,,0.0704755
51.8203,149.971,22.7923,,0.0393656
51.8403,150.021,22.1096,,0.0144163
51.8603,150.007,21.3747,,-0.0240306
51.8803,149.934,20.5952,,-0.0509562
51.9003,149.803,19.7643,,-0.079716
51.9203,149.611,18.8627,,-0.110289
51.9403,149.359,17.89,,-0.139731
51.9603,149.048,16.8635,,-0.170546
51.9803,148.676,15.7594,,-0.199283
52.0003,148.248,14.5757,,-2.28E-01
52.0203,147.757,13.3266,,-2.60E-01
52.0403,147.208,12.0117,,-0.287755
52.0603,146.601,10.6295,,-0.317681
52.0803,145.936,9.2049,,-0.34632
52.1003,145.211,7.73417,,-0.375832
52.1203,144.428,6.21968,,-0.405957
52.1403,143.587,4.69886,,-0.434094
52.1603,142.689,3.16328,,-0.462327
52.1803,141.733,1.62678,,-0.491231
52.2003,140.721,0.107763,,-0.519238
52.2203,139.654,-1.40357,,-5.48E-01
52.2403,138.531,-2.89433,,-0.574654
52.2603,137.35,-4.35519,,-0.602528
52.2803,136.116,-5.76044,,-0.630904
52.3003,134.828,-7.12507,,-0.656619
52.3203,133.486,-8.46734,,-0.683948
52.3403,132.089,-9.76326,,-0.711655
52.3603,130.64,-11.0072,,-0.736082
52.3803,129.14,-12.2161,,-0.763054
52.4003,127.586,-13.3832,,-0.789115
52.4203,125.982,-14.5091,,-0.812778
52.4403,124.328,-15.599,,-0.839809
52.4603,122.623,-16.6435,,-0.863316
52.4803,120.872,-17.6634,,-0.887865
52.5003,119.07,-18.6242,,-0.911785
52.5203,117.221,-19.5608,,-0.936511
52.5403,115.324,-20.4724,,-0.959
52.5603,113.383,-21.3327,,-0.980347
52.5803,111.396,-22.1538,,-1.00643
52.6003,109.362,-22.9433,,-1.02551
52.6203,107.288,-23.7068,,-1.04821
52.6403,105.169,-24.4384,,-1.07E+00
52.6603,103.009,-25.1158,,-1.08938
52.6803,100.807,-25.7832,,-1.11063
52.7003,98.5656,-26.418,,-1.12977
52.7203,96.2863,-27.0118,,-1.15092
52.7403,93.963,-27.5782,,-1.16936
52.7603,91.605,-28.1175,,-1.18774
52.7803,89.2131,-28.6299,,-1.20358
52.8003,86.7828,-29.1252,,-1.22494
52.8203,84.318,-29.5835,,-1.24
52.8403,81.8179,-30.009,,-1.25781
52.8603,79.2892,-30.4256,,-1.27261
52.8803,76.7244,-30.8346,,-1.28925
52.9003,74.1306,-31.1893,,-1.30393
52.9203,71.5078,-31.5253,,-1.32E+00
52.9403,68.8561,-3.19E+01,,-1.33281
52.9603,66.1767,-32.1791,,-1.34529
52.9803,63.4715,-32.4637,,-1.35937
53.0003,60.7399,-32.7403,,-1.37155
53.0203,57.9841,-32.9994,,-1.38382
53.0403,55.2052,-33.2497,,-1.39399
53.0603,52.4046,-33.4641,,-1.40591
53.0803,49.5842,-33.6772,,-1.41513
53.1003,46.7413,-33.8858,,-1.4254
53.1203,43.8827,-34.0641,,-1.43405
53.1403,41.0036,-34.2301,,-1.44339
53.1603,38.1099,-34.4133,,-1.45028
53.1803,35.2003,-34.5609,,-1.45868
53.2003,32.2765,-34.7014,,-1.46456
53.2203,29.3402,-34.8362,,-1.47142
53.2403,26.392,-34.9558,,-1.47673
53.2603,23.4333,-35.0776,,-1.48E+00
53.2803,20.4654,-35.179,,-1.49E+00
53.3003,17.4889,-35.2676,,-1.4902
53.3203,14.5058,-35.3588,,-1.49294
53.3403,11.5168,-35.4364,,-1.49581
53.3603,8.52299,-35.5198,,-1.50E+00
53.3803,5.52581,-35.5774,,-1.50E+00
53.4003,2.5265,-35.635,,-1.50008
53.4203,-0.473733,-35.694,,-1.50017
53.4403,-3.4738,-35.7371,,-1.49973
53.4603,-6.47266,-35.7829,,-1.4989
53.4803,-9.46874,-35.8081,,-1.4973
53.5003,-12.4611,-35.8404,,-1.4951
53.5203,-15.4483,-35.8685,,-1.49231
53.5403,-18.4297,-35.8743,,-1.48897
53.5603,-21.4033,-35.8923,,-1.48471
53.5803,-24.3686,-35.9029,,-1.48073
53.6003,-27.3241,-35.9029,,-1.47525
53.6203,-30.2686,-35.9069,,-1.47E+00
53.6403,-33.201,-35.89,,-1.46316
53.6603,-36.1205,-35.8773,,-1.45615
53.6803,-39.0248,-35.873,,-1.44849
53.7003,-41.9139,-35.8446,,-1.44106
53.7203,-44.7863,-35.8273,,-1.43176
53.7403,-47.6408,-35.7897,,-1.42305
53.7603,-50.4765,-35.7541,,-1.41289
53.7803,-53.2914,-35.7309,,-1.40278
53.8003,-56.0854,-35.6777,,-1.39144
53.8203,-58.8568,-35.6292,,-1.38016
53.8403,-61.6047,-35.5888,,-1.36856
53.8603,-64.3285,-35.5292,,-1.35574
53.8803,-67.026,-35.4807,,-1.34226
53.9003,-69.6966,-35.4187,,-1.33E+00
53.9203,-72.3392,-35.3404,,-1.31477
53.9403,-74.9532,-35.2871,,-1.3
53.9603,-77.5375,-35.2202,,-1.28483
53.9803,-80.0899,-35.1295,,-1.2682
54.0003,-82.6112,-35.0528,,-1.25345
54.0203,-85.0985,-34.9773,,-1.23561
54.0403,-87.5515,-34.8804,,-1.2185
54.0603,-89.9712,-34.7961,,-1.2016
54.0803,-92.3537,-34.7035,,-1.18203
54.1003,-94.7011,-34.5975,,-1.16425
54.1203,-97.0072,-34.4886,,-1.14435
54.1403,-99.2769,-34.3861,,-1.12603
54.1603,-101.508,-34.2789,,-1.10452
54.1803,-103.695,-34.1611,,-1.0849
54.2003,-105.844,-34.0435,,-1.06383
54.2203,-107.948,-33.9129,,-1.04236
54.2403,-110.01,-33.7908,,-1.02019
54.2603,-112.028,-33.6575,,-0.998426
54.2803,-114,-33.5137,,-0.975391
54.3003,-115.927,-33.3738,,-0.95341
54.3203,-117.809,-33.2309,,-9.29E-01
54.3403,-119.645,-33.0803,,-0.90634
54.3603,-121.429,-32.9192,,-0.880681
54.3803,-123.167,-32.7559,,-0.858172
54.4003,-124.856,-32.5851,,-0.832161
54.4203,-126.493,-32.4104,,-0.806657
54.4403,-128.082,-32.2281,,-0.782084
54.4603,-129.617,-32.0391,,-0.755702
54.4803,-131.102,-31.8478,,-0.729512
54.5003,-132.534,-31.6401,,-0.703855
54.5203,-133.913,-31.417,,-6.77E-01
54.5403,-135.24,-31.2154,,-0.650196
54.5603,-136.512,-30.9917,,-0.62289
54.5803,-137.728,-30.749,,-0.595038
54.6003,-138.889,-30.4977,,-0.567906
54.6203,-139.997,-30.2432,,-0.541399
54.6403,-141.047,-29.975,,-0.51095
54.6603,-142.041,-29.689,,-0.483127
54.6803,-142.977,-29.3957,,-0.454948
54.7003,-143.857,-29.1079,,-0.425963
54.7203,-144.68,-28.7937,,-0.398879
54.7403,-145.445,-28.4513,,-0.36755
54.7603,-146.151,-28.0932,,-0.339268
54.7803,-146.799,-27.7243,,-0.31039
54.8003,-147.387,-27.343,,-0.279639
54.8203,-147.918,-26.9236,,-0.251399
54.8403,-1.48E+02,-26.4784,,-0.222722
54.8603,-148.801,-26.0103,,-0.19021
54.8803,-149.152,-25.526,,-1.62E-01
54.9003,-149.445,-25.0065,,-1.33E-01
54.9203,-149.678,-24.4496,,-0.102152
54.9403,-149.85,-23.8612,,-0.0707837
54.9603,-149.963,-23.233,,-0.0438364
54.9803,-150.021,-22.5558,,-0.0172912
55.0003,-150.012,-21.8238,,0.0243225
55.0203,-149.942,-21.0458,,0.047533
55.0403,-149.816,-20.2073,,0.0770947
55.0603,-149.629,-19.3003,,0.107558
55.0803,-149.381,-18.3443,,0.138099
55.1003,-149.076,-17.3131,,0.165387
55.1203,-148.71,-16.2042,,0.199121
55.1403,-148.284,-15.0344,,0.226436
55.1603,-147.799,-13.7992,,0.255993
55.1803,-147.255,-12.4938,,0.287017
55.2003,-146.652,-11.1047,,0.315467
55.2203,-145.991,-9.6753,,0.343822
55.2403,-145.269,-8.19964,,0.375068
55.2603,-144.492,-6.69207,,0.401883
55.2803,-143.656,-5.14834,,0.432355
55.3003,-142.762,-3.60222,,0.460059
55.3203,-141.812,-2.06379,,0.489476
55.3403,-140.806,-0.525344,,0.515639
55.3603,-139.742,0.976163,,0.545944
55.3803,-138.622,2.47443,,0.572452
55.4003,-137.446,3.9356,,0.600702
55.4203,-136.217,5.36391,,0.628389
55.4403,-134.931,6.75066,,0.655541
55.4603,-133.593,8.08963,,0.681135
55.4803,-132.203,9.3904,,0.708461
55.5003,-130.757,10.6549,,0.735472
55.5203,-129.26,11.8665,,0.760458
55.5403,-127.713,13.0546,,0.785854
55.5603,-126.113,14.1983,,0.812604
55.5803,-124.462,15.2857,,0.836831
55.6003,-122.761,16.3483,,0.861579
55.6203,-121.013,17.3637,,0.886064
55.6403,-119.215,18.3578,,0.910167
55.6603,-117.369,19.3058,,0.933986
55.6803,-115.478,20.205,,0.957336
55.7003,-113.539,21.0733,,0.979352
55.7203,-111.556,21.9128,,1.00298
55.7403,-109.528,22.7136,,1.02432
55.7603,-107.455,23.4776,,1.04646
55.7803,-105.339,24.2024,,1.06852
55.8003,-103.183,24.9139,,1.0874
55.8203,-100.984,25.5828,,1.10907
55.8403,-98.7455,26.2084,,1.12916
55.8603,-96.4667,26.8179,,1.14879
55.8803,-94.1494,27.3839,,1.16752
55.9003,-91.7946,27.9356,,1.1858
55.9203,-89.4018,28.456,,1.20511
55.9403,-86.9763,28.944,,1.22074
55.9603,-84.5146,29.4079,,1.23883
55.9803,-82.019,29.8491,,1.25636
56.0003,-79.4916,30.2672,,1.27185
56.0203,-76.9291,30.6558,,1.28762
56.0403,-74.3389,31.0298,,1.30252
56.0603,-71.718,31.3802,,1.31752
56.0803,-69.068,31.7072,,1.33172
56.1003,-66.3915,32.0229,,1.34377
56.1203,-63.6879,32.3109,,1.35906
56.1403,-60.9592,32.5866,,1.36996
56.1603,-58.2048,32.8502,,1.38268
56.1803,-55.4281,33.0819,,1.39385
56.2003,-52.6287,33.3241,,1.40489
56.2203,-49.8086,33.5358,,1.4147
56.2403,-46.9687,33.7272,,1.42453
56.2603,-44.1105,33.9279,,1.43361
56.2803,-41.2335,34.104,,1.44218
56.3003,-38.341,34.2601,,1.45037
56.3203,-35.4322,34.4202,,1.45764
56.3403,-32.5098,34.5573,,1.46443
56.3603,-29.5742,34.6997,,1.47075
56.3803,-26.627,34.8185,,1.47613
56.4003,-23.669,34.9218,,1.48105
56.4203,-20.702,35.0426,,1.48601
56.4403,-17.7263,35.1283,,1.48938
56.4603,-1.47E+01,35.2225,,1.4931
56.4803,-11.7548,35.2996,,1.49531
56.5003,-8.7616,35.3747,,1.50E+00
56.5203,-5.76463,35.4511,,1.50E+00
56.5403,-2.76548,35.4909,,1.49981
56.5603,0.234827,35.5492,,1.5002
56.5803,3.23503,35.6086,,1.4999
56.6003,6.23384,35.6386,,1.49898
56.6203,9.2303,35.6685,,1.49742
56.6403,12.2229,35.6999,,1.49514
56.6603,15.2107,35.7285,,1.49267
56.6803,18.1924,35.7468,,1.48917
56.7003,21.1668,35.7494,,1.48536
56.7203,24.1331,35.7642,,1.48094
56.7403,27.0893,35.7715,,1.47556
56.7603,30.0344,35.7663,,1.46988
56.7803,32.9679,35.7603,,1.4638
56.8003,35.8884,35.742,,1.45678
56.8203,38.7947,35.7248,,1.44977
56.8403,41.6853,35.7115,,1.44114
56.8603,44.5581,35.6772,,1.43233
56.8803,47.4142,35.6555,,1.42367
56.9003,50.2515,35.6237,,1.41401
56.9203,53.0694,35.5762,,1.40395
56.9403,55.8637,35.543,,1.39189
56.9603,58.6368,35.5032,,1.38131
56.9803,61.3868,35.451,,1.36917
57.0003,64.112,35.3972,,1.35653
57.0203,66.8121,35.3346,,1.3439
57.0403,69.4849,35.2817,,1.32982
57.0603,72.1303,35.2201,,1.31571
57.0803,74.7459,35.1359,,1.30102
57.1003,77.3326,35.0734,,1.28592
57.1203,79.8866,35.0017,,1.26967
57.1403,82.4104,34.9113,,1.25369
57.1603,84.9015,34.829,,1.23975
57.1803,87.3599,34.7482,,1.22036
57.2003,89.7823,34.6479,,1.20001
57.2203,92.1659,34.5588,,1.18535
57.2403,94.5147,34.4641,,1.16483
57.2603,96.8268,34.3506,,1.14669
57.2803,99.0997,34.2467,,1.12751
57.3003,101.331,34.1418,,1.10555
57.3203,103.521,34.0238,,1.08634
57.3403,105.672,33.8976,,1.06482
57.3603,107.78,33.7782,,1.0442
57.3803,109.847,33.6549,,1.02263
57.4003,111.868,33.511,,1.00019
57.4203,113.845,33.3715,,0.977487
57.4403,115.777,33.2296,,0.954956
57.4603,117.661,33.1006,,0.930995
57.4803,119.498,32.9359,,0.907751
57.5003,121.29,32.7702,,0.885713
57.5203,123.032,32.6072,,0.856361
57.5403,124.722,32.441,,0.835464
57.5603,126.364,32.2725,,0.808378
57.5803,127.958,32.0757,,0.784917
57.6003,129.499,31.89,,0.75961
57.6203,130.988,31.6967,,0.729519
57.6403,132.424,31.5037,,0.707007
57.6603,133.806,31.2932,,0.677542
57.6803,135.137,31.0612,,0.653203
57.7003,136.415,30.8406,,0.627534
57.7203,137.634,30.6138,,0.594058
57.7403,138.8,30.362,,0.571017
57.7603,139.91,30.106,,0.541105
57.7803,140.964,29.8394,,0.513695
57.8003,141.962,29.5517,,0.486471
57.8203,142.907,29.2562,,0.460108
57.8403,143.791,28.9522,,0.425242
57.8603,144.616,28.6358,,0.400395
57.8803,145.385,28.3065,,0.369537
57.9003,146.097,27.9528,,0.34255
57.9203,146.749,27.5855,,0.312223
57.9403,147.342,27.1988,,0.282838
57.9603,147.877,26.7888,,0.253798
57.9803,148.353,26.3501,,2.24E-01
58.0003,148.771,25.8897,,0.19427
58.0203,149.127,25.4027,,0.163663
58.0403,149.424,24.8719,,0.135131
58.0603,149.661,24.3145,,0.103718
58.0803,1.50E+02,23.7251,,0.0766001
58.1003,149.958,23.0923,,0.0442591
58.1203,150.019,22.4196,,0.0180818
58.1403,150.016,21.6914,,-0.021096
58.1603,149.95,20.9084,,-0.0445464
58.1803,149.827,20.078,,-0.0758945
58.2003,149.645,19.1869,,-0.104174
58.2203,149.404,18.2236,,-0.135713
58.2403,149.103,17.1891,,-0.165036
58.2603,148.74,16.0911,,-0.19487
58.2803,148.319,14.9168,,-0.22446
58.3003,147.84,13.6652,,-0.254092
58.3203,147.3,12.3436,,-0.283744
58.3403,146.702,10.9691,,-0.312594
58.3603,146.044,9.53685,,-0.343283
58.3803,145.329,8.05495,,-0.371895
58.4003,144.554,6.53732,,-0.400502
58.4203,143.725,5.0019,,-0.428777
58.4403,142.836,3.45939,,-0.457411
58.4603,141.89,1.91018,,-0.486678
58.4803,140.887,0.374708,,-0.514534
58.5003,139.828,-1.1576,,-0.543619
58.5203,138.712,-2.65976,,-0.570764
58.5403,137.542,-4.1354,,-0.598745
58.5603,136.316,-5.57128,,-0.624459
58.5803,135.039,-6.95209,,-0.653359
58.6003,133.702,-8.31183,,-0.680246
58.6203,132.316,-9.63084,,-0.705998
58.6403,130.874,-10.9002,,-0.732916
58.6603,129.382,-12.1179,,-0.758928
58.6803,127.837,-13.3126,,-0.784885
58.7003,126.242,-14.4579,,-0.80944
58.7203,124.595,-15.5612,,-0.834944
58.7403,122.899,-16.6273,,-0.859901
58.7603,121.155,-17.6628,,-0.88188
58.7803,119.362,-18.6491,,-0.910668
58.8003,117.519,-19.6017,,-0.931778
58.8203,115.631,-20.5242,,-0.955329
58.8403,113.697,-21.4005,,-0.977873
58.8603,111.716,-22.2385,,-1.00083
58.8803,109.69,-23.0485,,-1.02362
58.9003,107.622,-23.8223,,-1.0437
58.9203,105.513,-24.5597,,-1.06578
58.9403,103.356,-25.2628,,-1.08735
58.9603,101.161,-25.9435,,-1.10727
58.9803,98.9244,-26.586,,-1.12793
59.0003,96.6487,-27.1849,,-1.14697
59.0203,94.3354,-27.7696,,-1.16512
59.0403,91.984,-28.3245,,-1.18592
59.0603,89.5958,-28.836,,-1.2029
59.0803,87.1704,-29.3342,,-1.21957
59.1003,84.7115,-29.8098,,-1.23868
59.1203,82.2178,-30.2522,,-1.25398
59.1403,79.693,-30.6592,,-1.26986
59.1603,77.1351,-31.0663,,-1.28673
59.1803,74.5458,-31.4419,,-1.30161
59.2003,71.9282,-31.7845,,-1.31616
59.2203,69.2799,-32.13,,-1.33049
59.2403,66.6054,-32.4365,,-1.3441
59.2603,63.9035,-32.7291,,-1.35651
59.2803,61.1767,-33.0132,,-1.36963
59.3003,58.4245,-33.2666,,-1.38156
59.3203,55.6502,-33.5192,,-1.39286
59.3403,52.8526,-33.7413,,-1.40383
59.3603,50.0346,-33.9583,,-1.4141
59.3803,47.1952,-34.1672,,-1.42366
59.4003,44.3384,-34.3477,,-1.43286
59.4203,41.4631,-34.5194,,-1.44183
59.4403,38.5719,-34.6898,,-1.44924
59.4603,35.6644,-34.8499,,-1.45737
59.4803,32.7431,-34.9892,,-1.46386
59.5003,29.8089,-35.1218,,-1.46985
59.5203,26.8628,-35.241,,-1.47602
59.5403,23.9055,-35.3639,,-1.48096
59.5603,20.9386,-35.4722,,-1.48527
59.5803,17.9636,-35.5603,,-1.48945
59.6003,14.9813,-35.6474,,-1.49277
59.6203,11.9929,-35.7268,,-1.49538
59.6403,8.99986,-35.8125,,-1.49729
59.6603,6.00337,-35.8729,,-1.499
59.6803,3.00432,-35.9268,,-1.49998
59.7003,4.11E-03,-35.9878,,-1.50024
59.7203,-2.99611,-36.0336,,-1.49983
59.7403,-5.99526,-36.0715,,-1.49914
59.7603,-8.99179,-36.1086,,-1.49757
59.7803,-11.9848,-36.1308,,-1.49541
59.8003,-14.9729,-36.1616,,-1.49272
59.8203,-17.9553,-36.1721,,-1.48951
59.8403,-20.93,-36.1834,,-1.48562
59.8603,-23.8968,-36.1957,,-1.48126
59.8803,-26.8542,-36.1919,,-1.47619
59.9003,-29.8008,-36.1965,,-1.47059
59.9203,-32.7353,-36.1841,,-1.46415
59.9403,-35.657,-36.1786,,-1.45726
59.9603,-38.5633,-36.166,,-1.44972
59.9803,-41.4552,-36.1328,,-1.4426
60.0003,-43.4733,-33.6057,,0.0748341